pos;level;name;rank;taxid;reads;kmers from reads;kmers;unique kmers;contigs;average contig length;max contig length;reads >=1 kmer;reads bps;avg. read length;db coverage;exp. unique kmers;unique kmers / exp.;db kmers;parent taxid;mean error;kmer error std. dev.;mean class error;class error std. dev.;contig len std. dev.;norm. reads;norm. kmers;norm. reads bps;norm. read >=1 kmer;norm. reads kmers;acc. reads;acc. norm. reads;acc. kmers;acc. norm. kmers;acc. reads bps;acc. norm. reads bps;acc. read >=1 kmer;acc. norm. read >=1 kmer;acc. reads kmers;acc. norm. reads kmers;max contig desc.;acc. mean error;acc. error std. dev.;acc. class mean error;acc. class error std. dev.;
0;0;TOTAL;;;211157;0;870129757;0;0;;0;0;942273067;4462.428747330186;;;;524530554;;;;;;;;;;;;;;;;;;;;;;;;;;;
1;0;root;no rank;1;2;65;168;152;10;16.8;40;8;549;274.5;0.05161290322580645;163.32493030827152;0.9306601246552133;2945;;0.5867804963914803;0.5034759602005958;0.5867804963914803;0.5034759602005958;11.48719093406023;6.791171477079797E-4;0.05704584040747029;0.1864176570458404;0.0027164685908319186;0.022071307300509338;147222;0.6821472989949149;6053560;25.467874801031652;61105637;293.3409478508481;216827;1.074988903590403;6050311;32.160559816309835;2104x23649-NZ-JBLTZU010000014_4613_aligned_175654_R_0_81_1;0.8586411782727869;0.14759784905954432;0.8586863620751117;0.14758498749257914;
2;1;cellular organisms;cellular root;131567;36479;1227401;2360052;69254;152831;15.442233578266189;405;81555;14829955;406.534033279421;0.5294972169551655;130791.99809451758;0.5294972246693044;130792;1;0.8838778552473495;0.12691151212153737;0.8838778552473495;0.12691151212153737;19.726023666171873;0.2789084959324729;18.044314636980854;113.38579576732522;0.6235473117621873;9.384373661997676;147220;0.6814681818472069;6053392;25.410828960624183;61105088;293.1545301938023;216819;1.0722724349995711;6050246;32.13848850900933;1359166x126875-NZ-LAOH01000010_227_aligned_136019_F_9_461_7;0.8586448715302503;0.14758961713867286;0.8586900559464021;0.14757675354865;
3;2;Bacteria;domain;2;2234;90835;139139;13055;12130;11.470651277823578;406;8414;995904;445.79409131602506;0.009122971789716723;132588.68626944217;0.09846239801690226;1431003;131567;0.8797159548184309;0.13289989476740016;0.8797159548184309;0.13289989476740016;14.136094723568918;0.0015611427788760751;0.09723180175024092;0.6959482265236341;0.005879792006026542;0.06347645672301176;110741;0.40255968591473384;3693340;7.366514323643343;46275133;179.76873442647698;135264;0.4487251232373856;4822845;22.75411484701165;2104x178739-NZ-JBLTZR010000055_379_aligned_1220_R_357_780_1;0.8503329182968855;0.15288494360439217;0.8503929868328918;0.1528716979337909;
4;3;Bacillati;kingdom;1783272;3;289;73;51;10;7.3;22;8;1425;475.0;2.1610535771792743E-4;72.98886533464464;0.6987367150615577;235996;2;0.6872637197392705;0.23622282174796275;0.6872637197392705;0.23622282174796275;7.6890976208019515;1.2712079865760436E-5;3.09327276733504E-4;0.006038237936236208;3.389887964202783E-5;0.0012245970270682554;182;3.086789854372352E-4;8023;0.0116736845128455;90139;0.1865538078206624;213;7.5758699068631E-4;8545;0.038869135521940684;2104x178739-NZ-JBLTZR010000055_1383_aligned_46751_R_1_157_2;0.864673323810493;0.1489832403979827;0.864673323810493;0.1489832403979827;
5;4;Mycoplasmatota;phylum;544448;1;20;46;46;7;6.571428571428571;20;6;411;411.0;6.930831805285813E-5;45.99844059770143;1.0000339011992212;663701;1783272;0.94750656167979;;0.94750656167979;;6.729466121893644;1.5067025663664812E-6;6.930831805285813E-5;6.192547547766238E-4;9.040215398198887E-6;3.0134051327329627E-5;179;2.959669055714747E-4;7950;0.011364357236111997;88714;0.18051556988442619;205;7.236881110442822E-4;8256;0.03764453849487243;3458463x7971-NZ-JBSQBH010000002_50180_aligned_121061_R_25_223_163;0.8676466691301224;0.14630024586790016;0.8676466691301224;0.14630024586790016;
6;5;Mollicutes;class;31969;0;0;0;0;0;;0;0;0;;0.0;0.0;;52572;544448;;;;;;0.0;0.0;0.0;0.0;0.0;75;1.7584576113557627E-4;2447;0.0043595756930431976;34395;0.12233978733852323;85;1.8060218168885092E-4;2462;0.0320932953077102;;0.8798343775995026;0.142824880427744;0.8798343775995026;0.142824880427744;
7;6;Mycoplasmatales;order;2085;0;0;0;0;0;;0;0;0;;0.0;0.0;;241;31969;;;;;;0.0;0.0;0.0;0.0;0.0;75;1.7584576113557627E-4;2447;0.0043595756930431976;34395;0.12233978733852323;85;1.8060218168885092E-4;2462;0.0320932953077102;;0.8798343775995026;0.142824880427744;0.8798343775995026;0.142824880427744;
8;7;Mycoplasmataceae;family;2092;0;0;0;0;0;;0;0;0;;0.0;0.0;;1514;2085;;;;;;0.0;0.0;0.0;0.0;0.0;75;1.7584576113557627E-4;2447;0.0043595756930431976;34395;0.12233978733852323;85;1.8060218168885092E-4;2462;0.0320932953077102;;0.8798343775995026;0.142824880427744;0.8798343775995026;0.142824880427744;
9;8;Mycoplasma;genus;2093;1;20;238;238;12;19.833333333333332;51;5;386;386.0;1.0484424462364881E-4;237.98757635985115;1.0000522028936925;2270034;2092;0.9438202247191011;;0.9438202247191011;;16.430754607433496;4.405220362338185E-7;1.0484424462364881E-4;1.7004150598625396E-4;2.2026101811690926E-6;8.81044072467637E-6;75;1.7584576113557627E-4;2447;0.0043595756930431976;34395;0.12233978733852323;85;1.8060218168885092E-4;2462;0.0320932953077102;3401660x56518-NZ-JBLVZJ010000016_4445_aligned_22076_F_1_1415_129;0.8798343775995026;0.142824880427744;0.8798343775995026;0.142824880427744;
10;9;Mycoplasma tauri;species;547987;0;0;1;1;1;1.0;1;1;0;;8.904323048840212E-7;1.0000000000064013;0.9999999999935987;1123050;2093;;;;;;0.0;8.904323048840212E-7;0.0;8.904323048840212E-7;0.0;0;0.0;1;8.904323048840212E-7;0;0.0;1;8.904323048840212E-7;0;0.0;1462938x212560-NZ-CP113531_1514821_aligned_96179_R_92_207_103;;;;;
11;9;Mycoplasma mycoides group;species group;656088;3;46;44;44;3;14.666666666666666;18;3;511;170.33333333333334;5.9207587183172125E-5;43.9987270595898;1.0000289313008641;743148;2093;0.8440014269477422;0.14392938059378085;0.8440014269477422;0.14392938059378085;4.932882862316245;4.036880944307191E-6;5.9207587183172125E-5;6.876153875136581E-4;4.036880944307191E-6;6.189884114604359E-5;17;1.3516942576244089E-5;261;2.2836750340855344E-4;3900;0.003051265919088587;19;1.540663374401654E-5;272;1.967306357124551E-4;40477x189435-NZ-CP012387_91080_aligned_150915_F_2_99_158;0.9027142078422526;0.08533437819211294;0.9027142078422526;0.08533437819211294;
12;10;Mycoplasma mycoides;species;2102;7;79;150;150;12;12.5;42;9;1823;260.42857142857144;1.4172683758293381E-4;149.98944184227935;1.0000703926729173;1058374;656088;0.9158415051877774;0.08132835950751574;0.9158415051877774;0.08132835950751574;11.634587932696043;6.613919087203578E-6;1.4172683758293381E-4;0.001722453499424589;8.50361025497603E-6;7.464280112701181E-5;14;9.480061631936898E-6;217;1.6915991622538132E-4;3389;0.0023636505315749287;16;1.136975279970935E-5;226;1.3483179456641152E-4;40477x189435-NZ-CP012387_897670_aligned_174460_R_190_165_94;0.9152955180339335;0.06934991618855862;0.9152955180339335;0.06934991618855862;
13;11;Mycoplasma mycoides subsp. capri;subspecies;40477;7;147;67;67;7;9.571428571428571;18;7;1566;223.71428571428572;2.743307864244749E-5;66.99909471929529;1.0000135118348763;2442307;2102;0.9147495308800896;0.06168786427244042;0.9147495308800896;0.06168786427244042;7.502380574571933;2.8661425447333198E-6;2.743307864244749E-5;6.411970321503398E-4;2.8661425447333198E-6;6.0188993439399714E-5;7;2.8661425447333198E-6;67;2.743307864244749E-5;1566;6.411970321503398E-4;7;2.8661425447333198E-6;147;6.0188993439399714E-5;40477x189435-NZ-CP012387_897670_aligned_174460_R_190_165_94;0.9147495308800896;0.06168786427244042;0.9147495308800896;0.06168786427244042;
14;9;unclassified Asterococcus (in: mycoplasmas, genus);no rank;2683645;18;462;1064;1064;54;19.703703703703702;147;21;6466;359.22222222222223;7.597276918887217E-5;1063.9596210295063;1.0000379516005078;14005018;2093;0.8699314406614763;0.15294243927283876;0.8699314406614763;0.15294243927283876;23.051729873801293;1.2852536140974614E-6;7.597276918887217E-5;4.616916593752325E-4;1.4994625497803717E-6;3.2988176095168175E-5;34;1.4373868851517567E-4;1278;0.0034975566536930556;14583;0.10686670539470891;37;1.4395289745085856E-4;1488;0.03134957889816857;3458463x7971-NZ-JBSQBH010000002_16076_aligned_114314_F_73_293_1;0.8356987897549853;0.18343673683720738;0.8356987897549853;0.18343673683720738;
15;10;Mycoplasma sp. P36-A1;species;3252900;13;178;178;178;13;13.692307692307692;28;13;3575;275.0;9.793079923635984E-5;177.991333420228;1.0000486910211046;1817610;2683645;0.8201713002391892;0.20568349082017753;0.8201713002391892;0.20568349082017753;7.284511141051442;7.152249382430774E-6;9.793079923635984E-5;0.001966868580168463;7.152249382430774E-6;9.793079923635984E-5;13;7.152249382430774E-6;178;9.793079923635984E-5;3575;0.001966868580168463;13;7.152249382430774E-6;178;9.793079923635984E-5;3252900x47672-NZ-CP168083_1277379_aligned_211030_F_370_92_1;0.8201713002391892;0.20568349082017753;0.8201713002391892;0.20568349082017753;
16;10;Mycoplasma sp. VS424B;species;3401660;1;248;4;4;1;4.0;4;1;1537;1537.0;5.254239514508269E-5;3.9999211870887468;1.000019703616038;76129;2683645;0.8354346383543464;;0.8354346383543464;;;1.3135598786270672E-5;5.254239514508269E-5;0.020189415334498022;1.3135598786270672E-5;0.0032576284989951267;1;1.3135598786270672E-5;4;5.254239514508269E-5;1537;0.020189415334498022;1;1.3135598786270672E-5;248;0.0032576284989951267;3401660x56518-NZ-JBLVZJ010000016_4445_aligned_22076_F_1_1415_129;0.8354346383543464;;0.8354346383543464;;
17;10;Mycoplasma sp. 125;species;3447505;1;399;1;1;1;1.0;1;1;2634;2634.0;1.720074995269794E-5;1.0000000000004712;0.9999999999995288;58137;2683645;0.8467741935483871;;0.8467741935483871;;;1.720074995269794E-5;1.720074995269794E-5;0.045306775375406366;1.720074995269794E-5;0.0068630992311264774;1;1.720074995269794E-5;1;1.720074995269794E-5;2634;0.045306775375406366;1;1.720074995269794E-5;399;0.0068630992311264774;3458457x173572-NZ-JBSQBA010000008_11210_aligned_1049_F_101_2478_89;0.8467741935483871;;0.8467741935483871;;
18;10;Mycoplasma sp. 128;species;3458463;1;201;31;31;1;31.0;31;1;371;371.0;0.003253909940170043;30.951240838720622;1.00157535400708;9527;2683645;0.41055718475073316;;0.41055718475073316;;;1.0496483677967881E-4;0.003253909940170043;0.038941954445260836;1.0496483677967881E-4;0.02109793219271544;1;1.0496483677967881E-4;31;0.003253909940170043;371;0.038941954445260836;1;1.0496483677967881E-4;201;0.02109793219271544;3458463x7971-NZ-JBSQBH010000002_16076_aligned_114314_F_73_293_1;0.41055718475073316;;0.41055718475073316;;
19;9;Candidatus Mycoplasma pogonae;species;3472838;23;682;669;669;46;14.543478260869565;95;23;15526;675.0434782608696;5.279168590130559E-4;668.8237066848925;1.0002635871207097;1267245;2093;0.9253851178372083;0.08411214521337325;0.9253851178372083;0.08411214521337325;17.680757301200686;1.8149608007922697E-5;5.279168590130559E-4;0.01225177451873947;1.8149608007922697E-5;5.381753331044905E-4;23;1.8149608007922697E-5;669;5.279168590130559E-4;15526;0.01225177451873947;23;1.8149608007922697E-5;682;5.381753331044905E-4;3472838x164245-NZ-JBSWZS010000002_47399_aligned_70479_R_4_341_102;0.9253851178372083;0.08411214521337325;0.9253851178372083;0.08411214521337325;
20;5;Mycoplasmoidales;order;2790996;0;0;0;0;0;;0;0;0;;0.0;0.0;;51948;544448;;;;;;0.0;0.0;0.0;0.0;0.0;103;1.1861444186953194E-4;5457;0.0069354732250159375;53908;0.057556527791126334;114;5.340457139572323E-4;5774;0.005521109135834911;;0.8579967853655284;0.14928713221124618;0.8579967853655284;0.14928713221124618;
21;6;Mycoplasmoidaceae;family;2790998;0;0;0;0;0;;0;0;0;;0.0;0.0;;2088;2790996;;;;;;0.0;0.0;0.0;0.0;0.0;48;5.960196625911337E-5;2011;0.003047053550769257;23400;0.023611282885643625;49;3.6035384595836146E-4;2312;0.0021580604431901225;;0.877707660243238;0.13197026566110656;0.877707660243238;0.13197026566110656;
22;7;Malacoplasma;genus;2791001;0;0;4;4;1;4.0;4;1;0;;0.0012030075187969924;3.9981958505013795;1.0004512409011665;3325;2790998;;;;;;0.0;0.0012030075187969924;0.0;3.007518796992481E-4;0.0;30;1.727790121878315E-5;734;0.001623436448454049;9020;0.005194888966447468;31;3.1802978091803125E-4;734;4.227326498195611E-4;2116x149700-NZ-CP129194_559327_aligned_121574_F_13_136_2;0.8729786624153277;0.12013439954392648;0.8729786624153277;0.12013439954392648;
23;8;Malacoplasma iowae;species;2116;30;734;730;730;38;19.210526315789473;85;30;9020;300.6666666666667;4.204289296570567E-4;729.8467751111231;1.000209941174096;1736322;2791001;0.8729786624153277;0.12013439954392648;0.8729786624153277;0.12013439954392648;17.215891299291435;1.727790121878315E-5;4.204289296570567E-4;0.005194888966447468;1.727790121878315E-5;4.227326498195611E-4;30;1.727790121878315E-5;730;4.204289296570567E-4;9020;0.005194888966447468;30;1.727790121878315E-5;734;4.227326498195611E-4;1394179x106106-NZ-AWQU01000079_19861_aligned_175120_F_345_135_1;0.8729786624153277;0.12013439954392648;0.8729786624153277;0.12013439954392648;
24;7;Mycoplasmoides;genus;2995234;1;3;3;3;1;3.0;3;1;129;129.0;6.850879196163508E-5;2.9999314917321653;1.000022836610777;43790;2790998;0.9696969696969697;;0.9696969696969697;;;2.283626398721169E-5;6.850879196163508E-5;0.0029458780543503084;2.283626398721169E-5;6.850879196163508E-5;18;4.2324065040330215E-5;1277;0.0014236171023152082;14380;0.01841639391919616;18;4.2324065040330215E-5;1578;0.0017353277933705614;1394179x106106-NZ-AWQU01000079_9690_aligned_139163_F_0_129_3;0.8855893232897556;0.153054023445977;0.8855893232897556;0.153054023445977;
25;8;Mycoplasmoides pneumoniae;species;2104;6;1366;1065;1061;49;21.73469387755102;129;6;10089;1681.5;0.001098754296377839;1064.413474264463;0.9967930937112367;965639;2995234;0.8646124797583479;0.11857797810980664;0.8646124797583479;0.11857797810980664;27.043772781520396;6.213502147282784E-6;0.001102896631142694;0.010448003860656;6.213502147282784E-6;0.0014146073221980471;6;6.213502147282784E-6;1065;0.001102896631142694;10089;0.010448003860656;6;6.213502147282784E-6;1366;0.0014146073221980471;2104x66668-NZ-BLIA01000024_23920_aligned_116100_F_348_4766_0;0.8646124797583479;0.11857797810980664;0.8646124797583479;0.11857797810980664;
26;8;Mycoplasmoides alvi;species;78580;0;0;0;0;0;;0;0;0;;;0.0;;0;2995234;;;;;;;;;;;11;1.3274298905835744E-5;209;2.522116792108791E-4;4162;0.005022512004189851;11;1.3274298905835744E-5;209;2.522116792108791E-4;;0.8893850882698675;0.1783417071234174;0.8893850882698675;0.1783417071234174;
27;9;Mycoplasmoides alvi ATCC 29626;strain;1408453;11;209;209;209;11;19.0;114;11;4162;378.3636363636364;2.522116792108791E-4;208.97377217830953;1.000125507720022;828669;78580;0.8893850882698675;0.1783417071234174;0.8893850882698675;0.1783417071234174;31.93117598836598;1.3274298905835744E-5;2.522116792108791E-4;0.005022512004189851;1.3274298905835744E-5;2.522116792108791E-4;11;1.3274298905835744E-5;209;2.522116792108791E-4;4162;0.005022512004189851;11;1.3274298905835744E-5;209;2.522116792108791E-4;1408453x120585-NZ-KL370824_17208_aligned_202231_F_4_162_117;0.8893850882698675;0.1783417071234174;0.8893850882698675;0.1783417071234174;
28;6;Metamycoplasmataceae;family;2895623;0;0;8;8;4;2.0;3;2;0;;6.274657442920226E-5;7.999780390486436;1.0000274519427839;127497;2790996;;;;;1.1547005383792515;0.0;6.274657442920226E-5;0.0;1.5686643607300564E-5;0.0;55;5.9012475610418565E-5;3446;0.0038884196742466817;30508;0.0339452449054827;65;1.736918679988709E-4;3462;0.0033630486926447883;29559x234081-NZ-JAQRBD010000014_13678_aligned_176758_R_7_142_20;0.8407945672904362;0.16214732059333883;0.8407945672904362;0.16214732059333883;
29;7;Metamycoplasma;genus;2895509;0;0;44;44;10;4.4;12;8;0;;5.444601182963348E-4;43.98829613517763;1.0002660677009723;80814;2895623;;;;;3.3065591380365986;0.0;5.444601182963348E-4;0.0;9.899274878115178E-5;0.0;55;5.9012475610418565E-5;3438;0.003825673099817479;30508;0.0339452449054827;63;1.5800522439157034E-4;3462;0.0033630486926447883;92400x102205-NZ-CP030140_730744_aligned_25493_F_6_490_48;0.8407945672904362;0.16214732059333883;0.8407945672904362;0.16214732059333883;
30;8;Metamycoplasma hyosynoviae;species;29559;18;1492;1479;1477;58;25.5;244;18;8710;483.8888888888889;6.181918328362406E-4;1478.5426317174993;0.9989566538803772;2389226;2895509;0.7883890530826577;0.21591739084904904;0.7883890530826577;0.21591739084904904;39.30012722625717;7.5338205762033394E-6;6.190289240113743E-4;0.0036455320677072824;7.5338205762033394E-6;6.244700166497434E-4;18;7.5338205762033394E-6;1479;6.190289240113743E-4;8710;0.0036455320677072824;18;7.5338205762033394E-6;1492;6.244700166497434E-4;29559x234081-NZ-JAQRBD010000014_1855_aligned_203621_F_0_316_12;0.7883890530826577;0.21591739084904904;0.7883890530826577;0.21591739084904904;
31;8;Metamycoplasma auris;species;51363;9;237;237;225;10;23.7;67;9;2351;261.22222222222223;3.146712314973316E-4;236.96089274762494;0.9495237690534705;715032;2895509;0.8377135191755839;0.17144473347645592;0.8377135191755839;0.17144473347645592;18.257722871279555;1.2586849259893263E-5;3.314536971771893E-4;0.0032879647344454515;1.2586849259893263E-5;3.314536971771893E-4;9;1.2586849259893263E-5;237;3.314536971771893E-4;2351;0.0032879647344454515;9;1.2586849259893263E-5;237;3.314536971771893E-4;51363x191361-NZ-QKUB01000023_761_aligned_195632_F_26_120_0;0.8377135191755839;0.17144473347645592;0.8377135191755839;0.17144473347645592;
32;8;[Mycoplasma] anseris;species;92400;28;1733;1678;1678;88;19.068181818181817;118;28;19447;694.5357142857143;0.0023307303603325807;1676.047198201793;1.0011651233928867;719946;2895509;0.8754741633180679;0.10695594189087608;0.8754741633180679;0.10695594189087608;20.705818747143294;3.8891805774321965E-5;0.0023307303603325807;0.02701174810332997;3.8891805774321965E-5;0.002407124978817856;28;3.8891805774321965E-5;1678;0.0023307303603325807;19447;0.02701174810332997;28;3.8891805774321965E-5;1733;0.002407124978817856;92400x102205-NZ-CP030140_683539_aligned_70600_R_2_557_1;0.8754741633180679;0.10695594189087608;0.8754741633180679;0.10695594189087608;
33;3;Pseudomonadati;kingdom;3379134;236;13152;13386;5424;1037;12.908389585342334;193;737;135025;572.1398305084746;0.012121401738205433;13187.777386574784;0.41128992710490064;447473;2;0.8787840510585644;0.11526135721114489;0.8787840510585644;0.11526135721114489;18.661646321976324;5.274061228275226E-4;0.02991465406851363;0.3017500497236705;0.0016470267479825598;0.0293917174890999;108325;0.40068986415042046;3546178;7.257608837380257;45189090;178.8862323921327;126637;0.44208774424067276;4723465;22.6517692547667;1405396x3190-NZ-KE360087_626_aligned_208831_F_151_576_2;0.8497028545314332;0.15321681827517855;0.8497642627912613;0.15320355878162994;
34;4;Pseudomonadota;phylum;1224;1651;28438;71117;1519;5170;13.755705996131528;111;4087;443667;268.72622652937616;0.0037427436602505346;65234.73937000049;0.02328513940071849;405852;3379134;0.8554092676422174;0.17501940469108404;0.8554092676422174;0.17501940469108404;14.814363371261868;0.004067985373978691;0.17522890117579806;1.0931743591259868;0.010070173363689226;0.07006987768940402;102512;0.39394374555065703;3240366;6.943803047972094;42211710;175.02704561678527;115352;0.4201795962625933;4406406;22.212193801695506;948x33176-NZ-FLLZ01000117_2340_aligned_23659_F_0_736_1;0.8494134347848822;0.1536721709686006;0.8494442183046138;0.15366380667125454;
35;5;Gammaproteobacteria;class;1236;3;153;4666;4652;253;18.442687747035574;116;67;1906;635.3333333333334;0.010945985373979991;4640.485073834317;1.0024814057113578;424996;1224;0.9053544690993679;0.04587912554838653;0.9053544690993679;0.04587912554838653;21.19789774807458;7.058889966023209E-6;0.0109789268604881;0.004484748091746746;1.5764854257451836E-4;3.6000338826718367E-4;197;9.175588109372532E-4;29509;0.02018703881029495;235849;2.4935382700538633;514;0.001184411586375084;30360;0.38266312958749915;263x201317-NZ-VJKJ01000058_2124_aligned_18639_F_4_4747_0;0.855713568135817;0.10895911989263503;0.8559651063796535;0.10886545075935324;
36;6;Thiotrichales;order;72273;0;0;0;0;0;;0;0;0;;0.0;0.0;;29066;1236;;;;;;0.0;0.0;0.0;0.0;0.0;194;9.104999209712299E-4;24843;0.00920811194980685;233943;2.4890535219621164;447;0.0010267630438005656;30207;0.38230312619923196;;0.8549459253374115;0.1095258939127675;0.8552013533479053;0.10943305732221115;
37;7;Francisellaceae;family;34064;1;44;630;628;87;7.241379310344827;76;51;969;969.0;7.086124623267539E-4;629.7764844372884;0.9971791826446557;886239;72273;0.9531416400425985;;0.9531416400425985;;9.623089381179602;1.1283637935139393E-6;7.108691899137817E-4;0.001093384515915007;5.75465534692109E-5;4.964800691461333E-5;194;9.104999209712299E-4;24843;0.00920811194980685;233943;2.4890535219621164;447;0.0010267630438005656;30207;0.38230312619923196;119857x198753-NZ-JAFCRT010000025_9474_aligned_639_R_84_2391_1;0.8549459253374115;0.1095258939127675;0.8552013533479053;0.10943305732221115;
38;8;Francisella;genus;262;43;2356;16089;15743;989;16.267947421638016;159;184;21257;494.3488372093023;0.0016251464443482572;16075.647408451705;0.9793073709568414;9687127;34064;0.8542571148882565;0.14714822284917625;0.8542571148882565;0.14714822284917625;18.23530393629496;4.438880588640987E-6;0.0016608639486196475;0.0021943554575056153;1.8994279728138176E-5;2.4320936434507362E-4;193;9.093715571777159E-4;24213;0.008497242759893069;232974;2.4879601374462017;396;9.692164903313547E-4;30163;0.38225347819231736;2599927x232579-NZ-OZ220197_245442_aligned_52593_R_2_872_0;0.8544371392508562;0.10958065138709275;0.8546938907225442;0.10948857550609978;
39;9;Francisella tularensis;species;263;67;10422;6323;6075;477;13.255765199161425;75;107;80076;1195.1641791044776;0.003010009582483181;6313.107273425897;0.9622836642697052;2018266;262;0.8561624765743281;0.11806467070915044;0.856449808777315;0.11796390222326585;12.787763045562684;3.319681350228364E-5;0.0031328873399244696;0.03967564235834127;5.301580663797537E-5;0.005163838661504479;109;8.509844296432693E-4;6721;0.004971679122133936;177114;2.440978460257172;157;8.836286227620788E-4;22498;0.3747453849579118;263x95949-NZ-VJEJ01000017_16344_aligned_16112_F_17_1265_101;0.8617392676393029;0.09632538720869825;0.8620165483098816;0.09624407005613606;
40;10;Francisella tularensis subsp. novicida;subspecies;264;0;0;1;1;1;1.0;1;1;0;;1.0193918919607696E-6;1.0000000000481324;0.9999999999518676;980977;263;;;;;;0.0;1.0193918919607696E-6;0.0;1.0193918919607696E-6;0.0;0;0.0;4;1.7438764562462272E-5;0;0.0;3;1.1965640338961771E-5;0;0.0;119857x197253-NZ-JAACKW010000052_1307_aligned_30332_R_4_4777_110;;;;;
41;11;Francisella tularensis subsp. novicida PA10-7858;strain;1386968;0;0;3;3;2;1.5;2;2;0;;1.6419372670501504E-5;2.9999835806537787;1.0000054731453623;182711;264;;;;;0.7071067811865476;0.0;1.6419372670501504E-5;0.0;1.0946248447001E-5;0.0;0;0.0;3;1.6419372670501504E-5;0;0.0;2;1.0946248447001E-5;0;0.0;119857x127835-NZ-PKBM01000017_1618_aligned_14739_F_0_4762_3;;;;;
42;10;Francisella tularensis subsp. holarctica;subspecies;119857;40;11087;390;390;65;6.0;29;45;90545;2263.625;6.70456522441727E-5;389.9869598478655;1.000033437405547;5816932;263;0.8723335593304119;0.04348166867817405;0.8726029464578934;0.043442830444423965;7.458216945088149;6.876477153248482E-6;6.70456522441727E-5;0.015565765596022095;7.736036797404542E-6;0.001905987554951648;42;8.177876161409856E-4;394;0.001821353017647004;97038;2.4013028178988307;47;8.186471757851417E-4;12076;0.3695815462964073;119857x201532-NZ-MRKX01000094_1396_aligned_1149_F_26_1568_18;0.870635577195334;0.043248368123483066;0.8708968232784997;0.043219608767210746;
43;11;Francisella tularensis subsp. holarctica OSU18;strain;393011;1;243;3;3;1;3.0;3;1;1383;1383.0;0.0014150943396226414;2.9985851281596965;1.0004718464808675;2120;119857;0.8203991130820399;;0.8203991130820399;;;4.716981132075472E-4;0.0014150943396226414;0.6523584905660378;4.716981132075472E-4;0.11462264150943396;1;4.716981132075472E-4;3;0.0014150943396226414;1383;0.6523584905660378;1;4.716981132075472E-4;243;0.11462264150943396;263x72028-NZ-JACTRF010000093_1393_aligned_31626_R_6_1363_0;0.8203991130820399;;0.8203991130820399;;
44;11;Francisella tularensis subsp. holarctica F92;strain;1232394;1;746;1;1;1;1.0;1;1;5110;5110.0;3.3921302578018993E-4;1.0000000000000773;0.9999999999999227;2948;119857;0.8529527559055118;;0.8531496062992125;;;3.3921302578018993E-4;3.3921302578018993E-4;1.7333785617367707;3.3921302578018993E-4;0.2530529172320217;1;3.3921302578018993E-4;1;3.3921302578018993E-4;5110;1.7333785617367707;1;3.3921302578018993E-4;746;0.2530529172320217;263x210626-NZ-VIZQ01000071_3659_aligned_1_F_204_4754_24;0.8529527559055118;;0.8531496062992125;;
45;9;Francisella persica;species;954;0;0;0;0;0;;0;0;0;;;0.0;;0;262;;;;;;;;;;;1;8.937421071400163E-7;3;2.681226321420049E-6;1438;0.0012852011500673435;1;8.937421071400163E-7;166;1.483611897852427E-4;;0.8813920454545454;;0.8821022727272727;;
46;10;Francisella persica ATCC VR-331;strain;1086726;1;166;3;3;1;3.0;3;1;1438;1438.0;2.681226321420049E-6;2.999997318660502;1.0000008937806315;1118891;954;0.8813920454545454;;0.8821022727272727;;;8.937421071400163E-7;2.681226321420049E-6;0.0012852011500673435;8.937421071400163E-7;1.483611897852427E-4;1;8.937421071400163E-7;3;2.681226321420049E-6;1438;0.0012852011500673435;1;8.937421071400163E-7;166;1.483611897852427E-4;263x187546-NZ-JACTOW010000222_21_aligned_22212_F_1_1387_2;0.8813920454545454;;0.8821022727272727;;
47;9;Francisella philomiragia;species;28110;3;403;62;62;12;5.166666666666667;14;4;2781;927.0;9.662614238984191E-6;61.99970530406745;1.0000047531827951;6416483;262;0.9042581273824738;0.08466857407563479;0.9042581273824738;0.08466857407563479;3.713203305486893;4.675458502734286E-7;9.662614238984191E-6;4.3341500320346834E-4;6.233944670312381E-7;6.280699255339724E-5;3;4.675458502734286E-7;62;9.662614238984191E-6;2781;4.3341500320346834E-4;4;6.233944670312381E-7;403;6.280699255339724E-5;28110x18281-NZ-JACTST010000003_35204_aligned_14971_F_4_1790_6;0.9042581273824738;0.08466857407563479;0.9042581273824738;0.08466857407563479;
48;9;Francisella orientalis;species;299583;11;1300;461;461;30;15.366666666666667;62;11;8637;785.1818181818181;6.382336572034567E-4;460.8532373318966;1.0003184585812028;722306;262;0.8591506316173297;0.08799742016010682;0.8593541414344411;0.08783236506227711;14.997662653142697;1.522900266645992E-5;6.382336572034567E-4;0.011957536002746759;1.522900266645992E-5;0.0017997912242179908;11;1.522900266645992E-5;461;6.382336572034567E-4;8637;0.011957536002746759;11;1.522900266645992E-5;1300;0.0017997912242179908;299583x18250-NZ-QPQK01000013_11026_aligned_32423_F_0_2397_1;0.8591506316173297;0.08799742016010682;0.8593541414344411;0.08783236506227711;
49;9;Francisella hispaniensis;species;622488;2;133;66;66;10;6.6;14;9;1555;777.5;3.216766175216279E-5;65.99895456075083;1.000015840239533;2051750;262;0.8722666792562692;0.15736295896811736;0.879473243160305;0.14862629078158657;4.880801391392834;9.747776288534178E-7;3.216766175216279E-5;7.578896064335324E-4;4.38649932984038E-6;6.482271231875228E-5;2;9.747776288534178E-7;66;3.216766175216279E-5;1555;7.578896064335324E-4;9;4.38649932984038E-6;133;6.482271231875228E-5;263x144225-NZ-JACTOX010000042_3510_aligned_67502_R_1_561_5;0.8722666792562692;0.15736295896811736;0.879473243160305;0.14862629078158657;
50;9;Francisella noatunensis;species;657445;2;587;240;240;12;20.0;65;2;3440;1720.0;4.350695023530009E-4;239.94801666613537;1.0002166441489573;551636;262;0.8254088892236117;0.004733611703021537;0.8259473921853779;0.005495169894925426;20.582428516488612;3.6255791862750076E-6;4.350695023530009E-4;0.006235996200393013;3.6255791862750076E-6;0.0010641074911717147;2;3.6255791862750076E-6;240;4.350695023530009E-4;3440;0.006235996200393013;2;3.6255791862750076E-6;587;0.0010641074911717147;657445x93136-NZ-JACVJL010000136_14207_aligned_1391_F_120_1424_13;0.8254088892236117;0.004733611703021537;0.8259473921853779;0.005495169894925426;
51;9;Francisella salimarina;species;2599927;20;2537;414;406;32;12.9375;37;20;14471;723.55;6.463753625911055E-4;413.86392316911855;0.9809987710238153;628118;262;0.8027483368083177;0.10291008293774258;0.8027928604058243;0.10286221399076645;9.359961055888103;3.184115086655692E-5;6.591118229377283E-4;0.02303866470949726;3.184115086655692E-5;0.004039049987422745;20;3.184115086655692E-5;414;6.591118229377283E-4;14471;0.02303866470949726;20;3.184115086655692E-5;2537;0.004039049987422745;2599927x232579-NZ-OZ220197_125482_aligned_62441_F_2_330_0;0.8027483368083177;0.10291008293774258;0.8027928604058243;0.10286221399076645;
52;9;unclassified Francisella;no rank;2610885;1;34;12;12;3;4.0;10;3;221;221.0;5.28068606673379E-6;11.999970957108232;1.0000024202468383;2272432;262;0.8219895287958116;;0.8219895287958116;;5.196152422706632;4.4005717222781586E-7;5.28068606673379E-6;9.72526350623473E-5;1.3201715166834475E-6;1.4961943855745739E-5;2;9.164486402471802E-7;151;8.034217358684224E-5;2281;0.0010786190591822377;6;7.5172089692042845E-6;183;8.594427259063103E-5;3087177x58911-NZ-JBGCTX010000054_892_aligned_22105_R_434_1394_252;0.8742952570087432;0.07397147022852812;0.8742952570087432;0.07397147022852812;
53;10;Francisella sp. TX07-6608;species;573568;0;0;3;3;1;3.0;3;1;0;;7.541990029489181E-6;2.9999924580304445;1.000002513996172;397773;2610885;;;;;;0.0;7.541990029489181E-6;0.0;2.5139966764963937E-6;0.0;0;0.0;3;7.541990029489181E-6;0;0.0;1;2.5139966764963937E-6;0;0.0;263x48526-NZ-VJBD01000018_745_aligned_62274_R_132_4763_149;;;;;
54;10;Francisella sp. SYW-2;species;2610886;0;0;1;1;1;1.0;1;1;0;;3.2066493080050793E-6;0.999999999990338;1.000000000009662;311852;2610885;;;;;;0.0;3.2066493080050793E-6;0.0;3.2066493080050793E-6;0.0;0;0.0;1;3.2066493080050793E-6;0;0.0;1;3.2066493080050793E-6;0;0.0;2599927x232579-NZ-OZ220197_296834_aligned_1850_R_40_1112_9;;;;;
55;10;Francisella sp. 19X1-34;species;3087177;1;149;135;135;8;16.875;27;1;2060;2060.0;6.43128481826142E-5;134.9956911394162;1.0000319185045643;2099114;2610885;0.9266009852216749;;0.9266009852216749;;7.772432970808708;4.7639146801936436E-7;6.43128481826142E-5;9.813664241198905E-4;4.7639146801936436E-7;7.09823287348853E-5;1;4.7639146801936436E-7;135;6.43128481826142E-5;2060;9.813664241198905E-4;1;4.7639146801936436E-7;149;7.09823287348853E-5;3087177x58911-NZ-JBGCTX010000054_892_aligned_22105_R_434_1394_252;0.9266009852216749;;0.9266009852216749;;
56;9;Francisella sciaenopsi;species;3055034;0;0;6;6;2;3.0;4;2;0;;7.431030745889711E-6;5.999981422613679;1.00000309624064;807425;262;;;;;1.4142135623730951;0.0;7.431030745889711E-6;0.0;2.4770102486299038E-6;0.0;0;0.0;6;7.431030745889711E-6;0;0.0;2;2.4770102486299038E-6;0;0.0;299583x179772-NZ-JACVJR010000006_211856_aligned_31826_F_0_2435_0;;;;;
57;5;Alphaproteobacteria;class;28211;0;0;256;229;79;3.240506329113924;17;67;0;;0.002443292149456928;255.65206522308975;0.8957486801452891;93726;1224;;;;;3.42020838274069;0.0;0.0027313658963361285;0.0;7.148496681817211E-4;0.0;100664;0.3889582013657411;3139740;6.748387107986001;41532194;171.44033298760544;110751;0.40892501131252906;4347608;21.759460794418604;1242993x138247-NZ-QOHL01000046_1485_aligned_35719_R_3_557_12;0.8493027671547702;0.1533713736598305;0.8493336235397807;0.15336297030084625;
58;6;Hyphomicrobiales;order;356;0;0;11;11;3;3.6666666666666665;5;3;0;;1.1476624203157115E-4;10.999426186769728;1.000052167560428;95847;28211;;;;;1.5275252316519463;0.0;1.1476624203157115E-4;0.0;3.1299884190428495E-5;0.0;791;0.010262199687273318;30221;0.17398004517012977;441879;6.732787114708711;1100;0.010391056477672448;52762;0.7878120815903289;1933906x60789-NZ-CP019787_860427_aligned_20987_F_6_261_289;0.8472789126061308;0.1376045860902765;0.8474127189558502;0.13752941547148623;
59;7;Bartonellaceae;family;772;0;0;0;0;0;;0;0;0;;0.0;0.0;;190;356;;;;;;0.0;0.0;0.0;0.0;0.0;791;0.010262199687273318;30210;0.17386527892809822;441879;6.732787114708711;1097;0.01035975659348202;52762;0.7878120815903289;;0.8472789126061308;0.1376045860902765;0.8474127189558502;0.13752941547148623;
60;8;Bartonella;genus;773;80;2456;8671;8669;531;16.329566854990585;145;191;32339;404.2375;2.2355753299143393E-4;8670.030709260202;0.9998811181534685;38777490;772;0.8857616813893996;0.10985318956536934;0.8857616813893996;0.10985318956536934;18.722165543606863;2.0630525596164165E-6;2.2360910930542435E-4;8.339632090679412E-4;4.925537986084195E-6;6.333571358022399E-5;791;0.010262199687273318;30210;0.17386527892809822;441879;6.732787114708711;1097;0.01035975659348202;52762;0.7878120815903289;1933912x59330-NZ-CP019786_726160_aligned_839_R_3_707_9;0.8472789126061308;0.1376045860902765;0.8474127189558502;0.13752941547148623;
61;9;Bartonella bacilliformis;species;774;1;170;170;170;8;21.25;61;1;1154;1154.0;6.258202386583886E-5;169.99471193867143;1.0000311072107377;2716435;773;0.8487544483985765;;0.8487544483985765;;24.481771644575538;3.681295521519933E-7;6.258202386583886E-5;4.248215031834003E-4;3.681295521519933E-7;6.258202386583886E-5;1;3.681295521519933E-7;170;6.258202386583886E-5;1154;4.248215031834003E-4;1;3.681295521519933E-7;170;6.258202386583886E-5;774x201270-NZ-JBLKQS010000038_962_aligned_34850_F_1_1171_0;0.8487544483985765;;0.8487544483985765;;
62;9;Bartonella quintana;species;803;42;950;780;780;57;13.68421052631579;48;43;11678;278.04761904761904;5.102354540375978E-4;779.8012969750982;1.0002548123806314;1528706;773;0.7946564115633937;0.2484473895065091;0.7951576646962257;0.24865362722528572;12.015106406307321;2.7474216755870653E-5;5.102354540375978E-4;0.007639140554168035;2.812836477386757E-5;6.214406170970743E-4;43;0.0023369430389267713;787;0.016676517209233903;12059;0.8875467618012812;44;0.002337597186944768;967;0.03988241059400239;803x186498-NZ-CP076601_837301_aligned_195717_R_0_85_2;0.7983054938890579;0.2466353901121541;0.7987950899722892;0.24683079887849704;
63;10;Bartonella quintana str. Toulouse;strain;283165;1;17;7;7;1;7.0;7;1;381;381.0;0.016166281755196306;6.951687401823556;1.0069497656301074;433;803;0.9515669515669516;;0.9515669515669516;;;0.0023094688221709007;0.016166281755196306;0.8799076212471132;0.0023094688221709007;0.03926096997690531;1;0.0023094688221709007;7;0.016166281755196306;381;0.8799076212471132;1;0.0023094688221709007;17;0.03926096997690531;283165x149748-NC-005955_782980_aligned_193043_R_6_111_262;0.9515669515669516;;0.9515669515669516;;
64;9;Bartonella doshiae;species;33044;1;216;160;160;10;16.0;58;1;277;277.0;8.255026666315828E-5;159.993437422009;1.0000410177948342;1938213;773;0.12550607287449392;;0.12550607287449392;;17.8947540419594;5.159391666447392E-7;8.255026666315828E-5;1.4291514916059278E-4;5.159391666447392E-7;1.1144285999526368E-4;1;5.159391666447392E-7;160;8.255026666315828E-5;277;1.4291514916059278E-4;1;5.159391666447392E-7;216;1.1144285999526368E-4;33044x188296-NZ-UFTF01000001_190242_aligned_190727_R_0_277_1;0.12550607287449392;;0.12550607287449392;;
65;9;Bartonella grahamii;species;33045;1;26;19;19;2;9.5;16;2;2008;2008.0;3.256513884746832E-5;18.9997069166606;1.0000154256768636;583446;773;0.9868554095045501;;0.9868554095045501;;9.192388155425117;1.713954676182543E-6;3.256513884746832E-5;0.0034416209897745464;3.427909352365086E-6;4.456282158074612E-5;1;1.713954676182543E-6;19;3.256513884746832E-5;2008;0.0034416209897745464;2;3.427909352365086E-6;26;4.456282158074612E-5;33045x85056-NZ-JAQNDP010000012_38172_aligned_193089_F_1003_70_935;0.9868554095045501;;0.9868554095045501;;
66;9;Bartonella vinsonii;species;33047;0;0;0;0;0;;0;0;0;;0.0;0.0;;1311693;773;;;;;;0.0;0.0;0.0;0.0;0.0;0;0.0;5;2.0332560301995333E-5;0;0.0;2;5.848203407441451E-6;0;0.0;;;;;;
67;10;Bartonella vinsonii subsp. berkhoffii;subspecies;40933;0;0;1;1;1;1.0;1;1;0;;1.0200844425901576E-6;0.9999999999922783;1.0000000000077218;980311;33047;;;;;;0.0;1.0200844425901576E-6;0.0;1.0200844425901576E-6;0.0;0;0.0;1;1.0200844425901576E-6;0;0.0;1;1.0200844425901576E-6;0;0.0;3243551x184777-NZ-JBHIMU010000050_2255_aligned_117423_F_2_2457_5;;;;;
68;10;Bartonella vinsonii subsp. arupensis;subspecies;110578;0;0;0;0;0;;0;0;0;;0.0;0.0;;928955;33047;;;;;;0.0;0.0;0.0;0.0;0.0;0;0.0;4;1.9312475859405175E-5;0;0.0;1;4.828118964851294E-6;0;0.0;;;;;;
69;11;Bartonella vinsonii subsp. arupensis OK-94-513;strain;1094562;0;0;4;4;1;4.0;4;1;0;;1.9312475859405175E-5;3.9999710313885295;1.0000072422053168;207120;110578;;;;;;0.0;1.9312475859405175E-5;0.0;4.828118964851294E-6;0.0;0;0.0;4;1.9312475859405175E-5;0;0.0;1;4.828118964851294E-6;0;0.0;283165x149748-NC-005955_632123_aligned_78954_F_82_109_28;;;;;
70;9;Bartonella henselae;species;38323;19;1254;632;596;39;16.205128205128204;77;19;9739;512.578947368421;4.3251779055979123E-4;631.8553201604973;0.9432539079493868;1377978;773;0.8550693047488662;0.1392849551065282;0.8561060203214393;0.13699919278600692;18.169059135011697;1.3788318826570526E-5;4.58643026231188E-4;0.007067601950103703;1.3788318826570526E-5;9.100290425536547E-4;19;1.3788318826570526E-5;632;4.58643026231188E-4;9739;0.007067601950103703;19;1.3788318826570526E-5;1254;9.100290425536547E-4;38323x128719-NZ-LNZZ01000053_12868_aligned_24526_F_24_370_119;0.8550693047488662;0.1392849551065282;0.8561060203214393;0.13699919278600692;
71;9;Bartonella tribocorum;species;85701;0;0;21;21;2;10.5;19;2;0;;6.023864831357601E-6;20.99993976453476;1.0000028683637152;3486134;773;;;;;12.020815280171307;0.0;6.023864831357601E-6;0.0;5.737014125102477E-7;0.0;0;0.0;21;6.023864831357601E-6;0;0.0;2;5.737014125102477E-7;0;0.0;2133959x84476-NZ-CP031843_282107_aligned_32539_R_22_393_0;;;;;
72;9;Bartonella koehlerae;species;92181;0;0;0;0;0;;0;0;0;;;0.0;;0;773;;;;;;;;;;;0;0.0;6;4.774770114713852E-6;0;0.0;1;7.957950191189753E-7;0;0.0;;;;;;
73;10;Bartonella koehlerae subsp. koehlerae;subspecies;1819240;0;0;0;0;0;;0;0;0;;;0.0;;0;92181;;;;;;;;;;;0;0.0;6;4.774770114713852E-6;0;0.0;1;7.957950191189753E-7;0;0.0;;;;;;
74;11;Bartonella koehlerae C-29;strain;1134510;0;0;6;6;1;6.0;6;1;0;;4.774770114713852E-6;5.999988063031356;1.000001989498732;1256605;1819240;;;;;;0.0;4.774770114713852E-6;0.0;7.957950191189753E-7;0.0;0;0.0;6;4.774770114713852E-6;0;0.0;1;7.957950191189753E-7;0;0.0;38323x128719-NZ-LNZZ01000053_16939_aligned_28945_F_14_385_4;;;;;
75;9;environmental samples;no rank;104107;0;0;0;0;0;;0;0;0;;;0.0;;0;773;;;;;;;;;;;15;1.5613907619795104E-6;451;4.6945815576850614E-5;3034;3.158173047897223E-4;15;1.5613907619795104E-6;454;4.725809372924651E-5;;0.7839407257972086;0.2153114011967204;0.7839407257972086;0.2153114011967204;
76;10;uncultured Bartonella sp.;species;104108;15;454;451;451;15;30.066666666666666;138;15;3034;202.26666666666668;4.6945815576850614E-5;450.98943727108065;1.0000234212335066;9606820;104107;0.7839407257972086;0.2153114011967204;0.7839407257972086;0.2153114011967204;36.06832141261649;1.5613907619795104E-6;4.6945815576850614E-5;3.158173047897223E-4;1.5613907619795104E-6;4.725809372924651E-5;15;1.5613907619795104E-6;451;4.6945815576850614E-5;3034;3.158173047897223E-4;15;1.5613907619795104E-6;454;4.725809372924651E-5;104108x77077-NZ-CALYPR010000009_8159_aligned_168120_R_0_216_1;0.7839407257972086;0.2153114011967204;0.7839407257972086;0.2153114011967204;
77;9;Bartonella birtlesii;species;111504;1;146;1;1;1;1.0;1;1;622;622.0;8.170635552886481E-7;0.9999999999630493;1.0000000000369507;1223895;773;0.7533783783783784;;0.7533783783783784;;;8.170635552886481E-7;8.170635552886481E-7;5.082135313895391E-4;8.170635552886481E-7;1.1929127907214263E-4;1;8.170635552886481E-7;2;1.4603701545748295E-5;622;5.082135313895391E-4;2;1.4603701545748295E-5;146;1.1929127907214263E-4;1933912x59330-NZ-CP019786_1540051_aligned_24605_F_1_529_72;0.7533783783783784;;0.7533783783783784;;
78;10;Bartonella birtlesii LL-WM9;strain;1094552;0;0;1;1;1;1.0;1;1;0;;1.3786637990459646E-5;0.9999999999995814;1.0000000000004186;72534;111504;;;;;;0.0;1.3786637990459646E-5;0.0;1.3786637990459646E-5;0.0;0;0.0;1;1.3786637990459646E-5;0;0.0;1;1.3786637990459646E-5;0;0.0;3243432x224402-NZ-JBHIRN010000022_8941_aligned_827_F_447_1143_47;;;;;
79;9;Bartonella japonica;species;357761;1;5;5;5;1;5.0;5;1;94;94.0;3.425896488593135E-6;4.999993148414884;1.000001370318901;1459472;773;0.921875;;0.921875;;;6.85179297718627E-7;3.425896488593135E-6;6.440685398555094E-5;6.85179297718627E-7;3.425896488593135E-6;1;6.85179297718627E-7;5;3.425896488593135E-6;94;6.440685398555094E-5;1;6.85179297718627E-7;5;3.425896488593135E-6;1461006x189371-NZ-JBHIMW010000001_335448_aligned_208765_F_0_94_1;0.921875;;0.921875;;
80;9;Bartonella rochalimae;species;395923;1;86;6;6;1;6.0;6;1;1326;1326.0;3.440169715039275E-5;5.999913996397965;1.000014334139137;174410;773;0.933641975308642;;0.933641975308642;;;5.733616191732126E-6;3.440169715039275E-5;0.007602775070236798;5.733616191732126E-6;4.930909924889628E-4;1;5.733616191732126E-6;6;3.440169715039275E-5;1326;0.007602775070236798;1;5.733616191732126E-6;86;4.930909924889628E-4;1933912x59330-NZ-CP019786_1564345_aligned_33858_F_243_1077_0;0.933641975308642;;0.933641975308642;;
81;9;Bartonella queenslandensis;species;481138;1;838;369;369;25;14.76;47;1;4827;4827.0;3.1249020821671406E-4;368.9425077425612;1.0001558298548752;1180837;773;0.8253074838440692;;0.8253074838440692;;12.949517365523706;8.468569328366235E-7;3.1249020821671406E-4;0.004087778414802382;8.468569328366235E-7;7.096661097170905E-4;1;8.468569328366235E-7;369;3.1249020821671406E-4;4827;0.004087778414802382;1;8.468569328366235E-7;838;7.096661097170905E-4;481138x165912-NZ-NAAI01000003_35456_aligned_34174_R_85_4752_21;0.8253074838440692;;0.8253074838440692;;
82;9;Bartonella jaculi;species;686226;2;53;2;2;2;1.0;1;2;736;368.0;1.3911495068375E-6;1.999999304533988;1.000000347733127;1437660;773;0.9169415429723291;0.007321153222841186;0.9169415429723291;0.007321153222841186;0.0;1.3911495068375E-6;1.3911495068375E-6;5.119430185161999E-4;1.3911495068375E-6;3.686546193119374E-5;2;1.3911495068375E-6;2;1.3911495068375E-6;736;5.119430185161999E-4;2;1.3911495068375E-6;53;3.686546193119374E-5;803x127968-NZ-CP076599_58375_aligned_206769_R_1_57_6;0.9169415429723291;0.007321153222841186;0.9169415429723291;0.007321153222841186;
83;9;Bartonella acomydis;species;686234;0;0;5;5;2;2.5;4;2;0;;3.575647835874904E-6;4.999992849051441;1.0000014301917572;1398348;773;;;;;2.1213203435596424;0.0;3.575647835874904E-6;0.0;1.4302591343499615E-6;0.0;0;0.0;5;3.575647835874904E-6;0;0.0;2;1.4302591343499615E-6;0;0.0;3243489x52696-NZ-JBHIPH010000056_1660_aligned_32979_F_0_1428_354;;;;;
84;9;Bartonella raoultii;species;1457020;4;167;57;57;5;11.4;31;4;1115;278.75;1.777966873045991E-5;56.99950217696859;1.000008733813672;3205909;773;0.6497084609143964;0.39982206632927864;0.6497084609143964;0.39982206632927864;11.588787684654509;1.2476960512603446E-6;1.777966873045991E-5;3.4779527428882107E-4;1.2476960512603446E-6;5.209131014011938E-5;4;1.2476960512603446E-6;57;1.777966873045991E-5;1115;3.4779527428882107E-4;4;1.2476960512603446E-6;167;5.209131014011938E-5;1457020x8343-NZ-CADDYC010000001_172667_aligned_121454_R_2_128_0;0.6497084609143964;0.39982206632927864;0.6497084609143964;0.39982206632927864;
85;9;Bartonella heixiaziensis;species;1461000;0;0;1;1;1;1.0;1;1;0;;5.908796543590374E-7;0.9999999999277858;1.0000000000722142;1692392;773;;;;;;0.0;5.908796543590374E-7;0.0;5.908796543590374E-7;0.0;0;0.0;1;5.908796543590374E-7;0;0.0;1;5.908796543590374E-7;0;0.0;3243509x220316-NZ-JBHION010000034_3964_aligned_1223_F_3_1547_29;;;;;
86;9;Bartonella senegalensis;species;1468418;0;0;0;0;0;;0;0;0;;;0.0;;0;773;;;;;;;;;;;0;0.0;1;6.694134933677859E-7;0;0.0;1;6.694134933677859E-7;0;0.0;;;;;;
87;10;Bartonella senegalensis OS02;strain;929794;0;0;1;1;1;1.0;1;1;0;;6.694134933677859E-7;1.0000000000703397;0.9999999999296603;1493845;1468418;;;;;;0.0;6.694134933677859E-7;0.0;6.694134933677859E-7;0.0;0;0.0;1;6.694134933677859E-7;0;0.0;1;6.694134933677859E-7;0;0.0;38323x128719-NZ-LNZZ01000053_3256_aligned_5253_F_317_381_3;;;;;
88;9;Bartonella kosoyi;species;2133959;17;1447;381;381;35;10.885714285714286;38;17;8186;481.52941176470586;6.562470933937792E-4;380.87534017581214;1.000327298228681;580574;773;0.796828038973193;0.172404501889207;0.79971218963338;0.1719139525716474;8.95009506545446;2.9281366371900913E-5;6.562470933937792E-4;0.014099839124728286;2.9281366371900913E-5;0.0024923610082435658;17;2.9281366371900913E-5;381;6.562470933937792E-4;8186;0.014099839124728286;17;2.9281366371900913E-5;1447;0.0024923610082435658;2133959x84476-NZ-CP031843_385696_aligned_32225_F_0_650_2;0.796828038973193;0.172404501889207;0.79971218963338;0.1719139525716474;
89;9;unclassified Bartonella;no rank;2645622;338;22594;13027;3958;928;14.037715517241379;139;517;187221;553.9082840236687;1.7581071928349535E-4;13023.23200503608;0.3039184127618584;22512848;773;0.8540268408565603;0.11377832655874433;0.8540396394641897;0.11378279928229834;15.356872320286863;1.5013649094952358E-5;5.786473572779419E-4;0.008316184607118566;2.2964664444054345E-5;0.0010036046971933538;603;0.007864494688971336;18458;0.15520481154118568;363787;5.805359871860895;786;0.007933126116947785;44309;0.7426579630676253;3243444x35951-NZ-JBHIRA010000009_27663_aligned_33603_R_0_4774_0;0.8506429542174437;0.11820514436901403;0.8506695877729115;0.11820596682845279;
90;10;Bartonella sp. 1-1C;species;515256;1;93;2;2;1;2.0;2;1;278;278.0;2.5565051551926455E-6;1.99999872170723;1.0000006391467935;782318;2645622;0.625;;0.625;;;1.2782525775963228E-6;2.5565051551926455E-6;3.553542165717777E-4;1.2782525775963228E-6;1.1887748971645801E-4;1;1.2782525775963228E-6;2;2.5565051551926455E-6;278;3.553542165717777E-4;1;1.2782525775963228E-6;93;1.1887748971645801E-4;1933906x60789-NZ-CP019787_421124_aligned_20306_R_1_263_17;0.625;;0.625;;
91;10;Bartonella sp. 114;species;1933909;1;140;1;1;1;1.0;1;1;1143;1143.0;2.4021138601969732E-4;1.0000000000000377;0.9999999999999623;4163;2645622;0.8742138364779874;;0.8742138364779874;;;2.4021138601969732E-4;2.4021138601969732E-4;0.27456161422051406;2.4021138601969732E-4;0.03362959404275763;1;2.4021138601969732E-4;1;2.4021138601969732E-4;1143;0.27456161422051406;1;2.4021138601969732E-4;140;0.03362959404275763;1933912x59330-NZ-CP019786_1234287_aligned_120196_F_6_1069_39;0.8742138364779874;;0.8742138364779874;;
92;10;Bartonella sp. Raccoon60;species;1933912;6;415;48;48;7;6.857142857142857;17;6;3133;522.1666666666666;0.0021426658334077315;47.94968180007115;1.0010493959092086;22402;2645622;0.836061581016164;0.11456965967777985;0.836061581016164;0.11456965967777985;5.871642911161277;2.6783322917596643E-4;0.0021426658334077315;0.1398535845013838;2.6783322917596643E-4;0.01852513168467101;6;2.6783322917596643E-4;48;0.0021426658334077315;3133;0.1398535845013838;6;2.6783322917596643E-4;415;0.01852513168467101;1933912x59330-NZ-CP019786_1154701_aligned_135764_F_6_58_0;0.836061581016164;0.11456965967777985;0.836061581016164;0.11456965967777985;
93;10;Bartonella sp. B1098;species;2911421;0;0;2;2;1;2.0;2;1;0;;3.3534146983519643E-6;1.9999983233280172;1.0000008383366943;596407;2645622;;;;;;0.0;3.3534146983519643E-6;0.0;1.6767073491759822E-6;0.0;0;0.0;2;3.3534146983519643E-6;0;0.0;1;1.6767073491759822E-6;0;0.0;3243444x35951-NZ-JBHIRA010000009_27663_aligned_33603_R_0_4774_0;;;;;
94;10;Bartonella sp. MM73XJBT.G;species;3019097;1;9;3;3;1;3.0;3;1;181;181.0;8.484162895927603E-6;2.999991515817335;1.0000028280688862;353600;2645622;0.9403973509933775;;0.9403973509933775;;;2.828054298642534E-6;8.484162895927603E-6;5.118778280542986E-4;2.828054298642534E-6;2.5452488687782806E-5;1;2.828054298642534E-6;3;8.484162895927603E-6;181;5.118778280542986E-4;1;2.828054298642534E-6;9;2.5452488687782806E-5;1457020x8343-NZ-CADDYC010000001_100717_aligned_72881_F_37_90_52;0.9403973509933775;;0.9403973509933775;;
95;10;Bartonella sp. B10;species;3239289;1;112;4;4;1;4.0;4;1;4565;4565.0;3.1413497437443946E-6;3.9999952882114282;1.0000011779485305;1273338;2645622;0.975303197353914;;0.975303197353914;;;7.853374359360986E-7;3.1413497437443946E-6;0.00358506539504829;7.853374359360986E-7;8.795779282484305E-5;1;7.853374359360986E-7;4;3.1413497437443946E-6;4565;0.00358506539504829;1;7.853374359360986E-7;112;8.795779282484305E-5;1933912x59330-NZ-CP019786_280557_aligned_6356_F_3921_482_159;0.975303197353914;;0.975303197353914;;
96;10;Bartonella sp. AA89HNZF;species;3243442;0;0;5;5;1;5.0;5;1;0;;6.252266446586888E-5;4.9998749562200135;1.000025009381451;79971;2645622;;;;;;0.0;6.252266446586888E-5;0.0;1.2504532893173776E-5;0.0;0;0.0;5;6.252266446586888E-5;0;0.0;1;1.2504532893173776E-5;0;0.0;3243444x35951-NZ-JBHIRA010000009_27663_aligned_33603_R_0_4774_0;;;;;
97;10;Bartonella sp. AC10YNML;species;3243444;1;929;6;6;1;6.0;6;1;4745;4745.0;3.600792174278341E-4;5.999099873982486;1.0001500435125974;16663;2645622;0.8014846235418875;;0.8029692470837752;;;6.001320290463902E-5;3.600792174278341E-4;0.28476264778251215;6.001320290463902E-5;0.05575226549840965;1;6.001320290463902E-5;6;3.600792174278341E-4;4745;0.28476264778251215;1;6.001320290463902E-5;929;0.05575226549840965;3243444x35951-NZ-JBHIRA010000009_27663_aligned_33603_R_0_4774_0;0.8014846235418875;;0.8029692470837752;;
98;10;Bartonella sp. AC130YNZD;species;3243445;3;341;24;17;3;8.0;11;3;2504;834.6666666666666;0.0012016681982045664;23.98050067266474;0.7089093022723342;14147;2645622;0.8588909244043053;0.05430839244251937;0.8588909244043053;0.05430839244251937;2.6457513110645907;2.1205909380080584E-4;0.0016964727504064467;0.1769986569590726;2.1205909380080584E-4;0.024104050328691597;3;2.1205909380080584E-4;24;0.0016964727504064467;2504;0.1769986569590726;3;2.1205909380080584E-4;341;0.024104050328691597;1405396x144292-NZ-KE360154_156_aligned_60736_R_4_424_415;0.8588909244043053;0.05430839244251937;0.8588909244043053;0.05430839244251937;
99;10;Bartonella sp. AP72JLCBS;species;3243502;1;143;2;1;2;1.0;1;2;648;648.0;2.3040412884198886E-5;1.999976959584571;0.5000057601702156;43402;2645622;0.7686084142394822;;0.7686084142394822;;0.0;2.3040412884198886E-5;4.608082576839777E-5;0.014930187548960878;4.608082576839777E-5;0.0032947790424404403;1;2.3040412884198886E-5;2;4.608082576839777E-5;648;0.014930187548960878;2;4.608082576839777E-5;143;0.0032947790424404403;3243581x174678-NZ-JBHILQ010000091_835_aligned_2200_R_2_632_5;0.7686084142394822;;0.7686084142394822;;
100;10;Bartonella sp. CB10SXKL;species;3243509;1;241;2;2;1;2.0;2;1;1609;1609.0;7.727975270479134E-4;1.9996136012364731;1.0001932367149773;2588;2645622;0.8467384420519316;;0.8473717542748576;;;3.863987635239567E-4;7.727975270479134E-4;0.6217156105100463;3.863987635239567E-4;0.09312210200927357;1;3.863987635239567E-4;2;7.727975270479134E-4;1609;0.6217156105100463;1;3.863987635239567E-4;241;0.09312210200927357;3243509x220316-NZ-JBHION010000034_3964_aligned_1223_F_3_1547_29;0.8467384420519316;;0.8473717542748576;;
101;10;Bartonella sp. CL1QHWL;species;3243517;1;40;3;3;1;3.0;3;1;341;341.0;2.1367521367521368E-4;2.99978632985773;1.000071228453888;14040;2645622;0.8713826366559485;;0.8713826366559485;;;7.122507122507122E-5;2.1367521367521368E-4;0.024287749287749287;7.122507122507122E-5;0.002849002849002849;1;7.122507122507122E-5;3;2.1367521367521368E-4;341;0.024287749287749287;1;7.122507122507122E-5;40;0.002849002849002849;3243522x30644-NZ-JBHIOA010000283_467_aligned_37707_F_0_334_0;0.8713826366559485;;0.8713826366559485;;
102;10;Bartonella sp. CL26QHWL;species;3243520;1;89;7;7;1;7.0;7;1;710;710.0;6.419073819348923E-4;6.998074572146089;1.0002751368014247;10905;2645622;0.861764705882353;;0.8691176470588236;;;9.170105456212746E-5;6.419073819348923E-4;0.0651077487391105;9.170105456212746E-5;0.008161393856029344;1;9.170105456212746E-5;7;6.419073819348923E-4;710;0.0651077487391105;1;9.170105456212746E-5;89;0.008161393856029344;3243522x30644-NZ-JBHIOA010000283_823_aligned_57778_R_184_514_15;0.861764705882353;;0.8691176470588236;;
103;10;Bartonella sp. CL27QHWL;species;3243521;1;140;77;77;2;38.5;60;1;248;248.0;0.0028718484260778754;76.89097144459647;1.0014179630372089;26812;2645622;0.3577981651376147;;0.3577981651376147;;30.405591591021544;3.7296732806206175E-5;0.0028718484260778754;0.009249589735939132;3.7296732806206175E-5;0.005221542592868864;1;3.7296732806206175E-5;77;0.0028718484260778754;248;0.009249589735939132;1;3.7296732806206175E-5;140;0.005221542592868864;3243521x204762-NZ-JBHIOB010000207_784_aligned_126664_F_3_242_3;0.3577981651376147;;0.3577981651376147;;
104;10;Bartonella sp. CL29QHWL;species;3243522;132;9956;2049;49;138;14.847826086956522;49;133;76310;578.1060606060606;0.0011494792155390824;2000.557889328038;0.024493167761547995;42628;2645622;0.8392048854248407;0.11539830767639142;0.8392048854248407;0.11539830767639142;13.397299092609405;0.0030965562541052827;0.048066998217134276;1.7901379375058646;0.0031200150136060805;0.2335554095899409;132;0.0030965562541052827;2049;0.048066998217134276;76310;1.7901379375058646;133;0.0031200150136060805;9956;0.2335554095899409;3243522x30644-NZ-JBHIOA010000283_272_aligned_53810_F_0_362_1;0.8392048854248407;0.11539830767639142;0.8392048854248407;0.11539830767639142;
105;10;Bartonella sp. CL45QHWL;species;3243533;77;6164;1843;210;127;14.511811023622048;108;77;54558;708.5454545454545;0.005816046749937685;1796.7785435599917;0.1168758391247944;36107;2645622;0.8671831303001201;0.12366060221010694;0.8671831303001201;0.12366060221010694;17.07679486568365;0.0021325504749771513;0.051042734095881684;1.5110089456338107;0.0021325504749771513;0.17071481984102804;77;0.0021325504749771513;1843;0.051042734095881684;54558;1.5110089456338107;77;0.0021325504749771513;6164;0.17071481984102804;3243533x135413-NZ-JBHINP010000243_846_aligned_15143_F_289_540_52;0.8671831303001201;0.12366060221010694;0.8671831303001201;0.12366060221010694;
106;10;Bartonella sp. CL50QHWL;species;3243536;1;58;3;3;1;3.0;3;1;778;778.0;1.761080129145876E-4;2.999823895431874;1.0000587049687797;17035;2645622;0.9224598930481284;;0.9224598930481284;;;5.870267097152921E-5;1.761080129145876E-4;0.045670678015849724;5.870267097152921E-5;0.003404754916348694;1;5.870267097152921E-5;3;1.761080129145876E-4;778;0.045670678015849724;1;5.870267097152921E-5;58;0.003404754916348694;1242993x135453-NZ-QOHL01000049_1378_aligned_1924_R_1_759_0;0.9224598930481284;;0.9224598930481284;;
107;10;Bartonella sp. CL5QHWL;species;3243537;2;109;9;5;2;4.5;5;2;862;431.0;3.0328763799587527E-4;8.997816638046917;0.5556903636886414;16486;2645622;0.8688942636311057;0.02929702631973471;0.8688942636311057;0.02929702631973471;0.7071067811865476;1.2131505519835011E-4;5.459177483925755E-4;0.0522867887904889;1.2131505519835011E-4;0.006611670508310082;2;1.2131505519835011E-4;9;5.459177483925755E-4;862;0.0522867887904889;2;1.2131505519835011E-4;109;0.006611670508310082;3243522x30644-NZ-JBHIOA010000283_736_aligned_10297_F_8_329_186;0.8688942636311057;0.02929702631973471;0.8688942636311057;0.02929702631973471;
108;10;Bartonella sp. CL9QHWL;species;3243542;16;1262;730;416;41;17.804878048780488;117;16;12514;782.125;0.022365591397849462;715.8791851881547;0.5811036395626765;18600;2645622;0.8566541584214967;0.10212447936046538;0.8566541584214967;0.10212447936046538;21.405863112936046;8.602150537634409E-4;0.03924731182795699;0.6727956989247312;8.602150537634409E-4;0.0678494623655914;16;8.602150537634409E-4;730;0.03924731182795699;12514;0.6727956989247312;16;8.602150537634409E-4;1262;0.0678494623655914;3243542x76561-NZ-JBHING010000075_861_aligned_5739_F_2_673_0;0.8566541584214967;0.10212447936046538;0.8566541584214967;0.10212447936046538;
109;10;Bartonella sp. MR30HLJHH;species;3243557;1;151;1;1;1;1.0;1;1;1626;1626.0;2.6711970168071717E-6;0.9999999999978422;1.0000000000021578;374364;2645622;0.9047619047619048;;0.9053884711779449;;;2.6711970168071717E-6;2.6711970168071717E-6;0.004343366349328461;2.6711970168071717E-6;4.033507495378829E-4;1;2.6711970168071717E-6;1;2.6711970168071717E-6;1626;0.004343366349328461;1;2.6711970168071717E-6;151;4.033507495378829E-4;3243432x224402-NZ-JBHIRN010000022_8941_aligned_827_F_447_1143_47;0.9047619047619048;;0.9053884711779449;;
110;10;Bartonella sp. TT110JLCBS;species;3243578;3;236;168;168;9;18.666666666666668;57;3;2209;736.3333333333334;0.001621590316789251;167.86466949701585;1.000806188123979;103602;2645622;0.8937296358683139;0.022279231189051254;0.8937296358683139;0.022279231189051254;18.506755523321747;2.89569699426652E-5;0.001621590316789251;0.021321982201115808;2.89569699426652E-5;0.002277948302156329;3;2.89569699426652E-5;168;0.001621590316789251;2209;0.021321982201115808;3;2.89569699426652E-5;236;0.002277948302156329;3243578x160274-NZ-JBHILT010000123_139_aligned_120407_F_63_1024_381;0.8937296358683139;0.022279231189051254;0.8937296358683139;0.022279231189051254;
111;10;Bartonella sp. TT29SHDZB;species;3243581;14;1087;442;114;20;22.1;76;14;7604;543.1428571428571;0.0012527197204457044;440.93074753577895;0.25854400183500376;91002;2645622;0.8042917053819478;0.19531726272826452;0.8044086097541714;0.1952698283949402;20.493644714501382;1.538427726863146E-4;0.004857036109096503;0.083558603107624;1.538427726863146E-4;0.011944792422144569;14;1.538427726863146E-4;442;0.004857036109096503;7604;0.083558603107624;14;1.538427726863146E-4;1087;0.011944792422144569;3243581x174678-NZ-JBHILQ010000091_0_aligned_191888_F_1_124_0;0.8042917053819478;0.19531726272826452;0.8044086097541714;0.1952698283949402;
112;9;Bartonella eidoli;species;3112254;1;168;1;1;1;1.0;1;1;576;576.0;7.482459244915108E-7;0.9999999999342809;1.0000000000657192;1336459;773;0.6923076923076923;;0.6923076923076923;;;7.482459244915108E-7;7.482459244915108E-7;4.309896525071102E-4;7.482459244915108E-7;1.257053153145738E-4;1;7.482459244915108E-7;1;7.482459244915108E-7;576;4.309896525071102E-4;1;7.482459244915108E-7;168;1.257053153145738E-4;1933912x59330-NZ-CP019786_379760_aligned_7794_R_0_596_14;0.6923076923076923;;0.6923076923076923;;
113;6;Rickettsiales;order;766;17;397;1733;417;239;7.2510460251046025;39;212;5657;332.7647058823529;0.010291468200103656;1696.4829892787675;0.2458026414855364;40519;28211;0.9099139925338362;0.06413976150480494;0.9099139925338362;0.06413976150480494;7.495359135164884;4.195562575581826E-4;0.04277005849107826;0.13961351464744934;0.005232113329549101;0.009797872602976382;99873;0.37869600167846784;3109263;6.571675696919535;41090315;164.70754587289676;109584;0.39781910516667485;4294846;20.971648712828276;1462938x212560-NZ-CP113531_469448_aligned_78314_R_746_326_55;0.8493187962011387;0.15349029550509688;0.8493488372164089;0.15348237566441755;
114;7;Rickettsiaceae;family;775;0;0;172;125;24;7.166666666666667;22;21;0;;0.05249895002099958;165.9680268273879;0.7531571133878939;2381;766;;;;;4.8782272855285616;0.0;0.07223855522889543;0.0;0.00881982360352793;0.0;20538;0.33999992511691157;708222;5.784651868683972;8736022;148.2758872717292;30024;0.353954989860816;971901;19.062511859195617;42862x66326-NZ-JSEL01000012_40083_aligned_35347_R_1_1806_0;0.8464482098084064;0.15305460036034144;0.8465933421917737;0.15301831024788223;
115;8;Rickettsieae;tribe;33988;73;2206;11691;4753;1142;10.237302977232925;146;800;29552;404.82191780821915;0.0029007584204689915;11649.394781774665;0.4080040284527064;1638537;775;0.8997278067719244;0.09589222070877429;0.8997278067719244;0.09589222070877429;11.029189655013136;4.455193871117955E-5;0.007135023499621919;0.018035601271133943;4.882404242321046E-4;0.0013463229698200284;20538;0.33999992511691157;708050;5.712413313455076;8736022;148.2758872717292;30003;0.34513516625728813;971901;19.062511859195617;1462938x212560-NZ-CP113531_343881_aligned_76810_F_0_399_0;0.8464482098084064;0.15305460036034144;0.8465933421917737;0.15301831024788223;
116;9;Rickettsia;genus;780;2889;87969;235800;182790;14902;15.823379412159442;290;8271;1166049;403.61682242990656;0.04165610773934429;229576.45740902858;0.7962053342182612;4388072;33988;0.8998406571430745;0.10433623908210062;0.8998750656576017;0.104340822029031;18.70410228694316;6.583757057769334E-4;0.05373658408522011;0.26573151033073295;0.0018848824723021866;0.02004730095586399;20465;0.33995537317820035;696359;5.705278289955454;8706470;148.25785167045808;29203;0.344646925833056;969695;19.061165536225797;1462938x212560-NZ-CP113531_1606090_aligned_133862_R_2_422_3;0.8462581579843979;0.15318864435160917;0.846403808064515;0.15315243714851073;
117;10;spotted fever group;species group;114277;6111;304370;244899;129978;16494;14.84776282284467;333;9060;2771305;453.49451808214695;0.04118407136062884;235638.364240722;0.5515994834661891;3156026;780;0.8588799125680514;0.1349269009414478;0.8591165399457706;0.13480179260585046;17.10289058417;0.001936295835332155;0.07759726947750113;0.8780995467084238;0.0028706987838503233;0.09644090384553232;17295;0.3376250292768295;456412;5.634077994815568;7411955;147.25066065184973;20360;0.3393748620664259;870175;18.961281249918354;444612x47268-NZ-CM000772_51282_aligned_29005_R_1_1482_3;0.836711511161188;0.1586096796741906;0.83686174938127;0.15857635807617249;
118;11;Rickettsia conorii;species;781;0;0;0;0;0;;0;0;0;;0.0;0.0;;1602;114277;;;;;;0.0;0.0;0.0;0.0;0.0;47;2.2885230425510915E-4;435;0.0019641161490011124;23534;0.09999743668153288;54;2.4659524953333123E-4;3091;0.013592726406536946;;0.8492772234234401;0.15191420943460807;0.8495707301579449;0.15195808881971998;
119;12;Rickettsia conorii subsp. heilongjiangensis;subspecies;226665;9;597;97;97;11;8.818181818181818;31;9;3059;339.8888888888889;6.603895617600403E-4;96.96830813318819;1.000326827057437;146883;781;0.7549259956588135;0.21644418252491765;0.75515368236191;0.21672298448045293;9.988174826445338;6.12732583076326E-5;6.603895617600403E-4;0.020826099684783127;6.12732583076326E-5;0.0040644594677396294;9;6.12732583076326E-5;97;6.603895617600403E-4;3059;0.020826099684783127;9;6.12732583076326E-5;597;0.0040644594677396294;226665x114628-NZ-CP112971_597847_aligned_19792_F_1_215_89;0.7549259956588135;0.21644418252491765;0.75515368236191;0.21672298448045293;
120;12;Rickettsia conorii str. Malish 7;strain;272944;11;495;69;69;11;6.2727272727272725;17;11;4210;382.72727272727275;6.218905472636816E-4;68.97885997645822;1.0003064710485066;110952;781;0.8537968315365796;0.19553058171024115;0.8537968315365796;0.19553058171024115;6.198240219464055;9.914197130290576E-5;6.218905472636816E-4;0.03794433628956666;9.914197130290576E-5;0.004461388708630759;11;9.914197130290576E-5;69;6.218905472636816E-4;4210;0.03794433628956666;11;9.914197130290576E-5;495;0.004461388708630759;444612x54001-NZ-CM000770_434124_aligned_10211_R_0_328_5;0.8537968315365796;0.19553058171024115;0.8537968315365796;0.19553058171024115;
121;12;Rickettsia conorii subsp. raoultii;subspecies;369822;27;1999;269;253;44;6.113636363636363;47;34;16265;602.4074074074074;6.412807364843114E-4;268.9086545734486;0.9408399309472453;394523;781;0.878886310854444;0.08780725299154205;0.8793213344171792;0.08766188700282315;8.884833979396443;6.843707464457078E-5;6.818360399773904E-4;0.041227000707183104;8.618001992279284E-5;0.0050668782301665554;27;6.843707464457078E-5;269;6.818360399773904E-4;16265;0.041227000707183104;34;8.618001992279284E-5;1999;0.0050668782301665554;369822x69421-NZ-JBGCYB010000009_6081_aligned_27864_R_2_4772_2;0.878886310854444;0.08780725299154205;0.8793213344171792;0.08766188700282315;
122;11;Rickettsia rickettsii;species;783;2;126;6;6;2;3.0;4;2;2334;1167.0;5.119148173743889E-5;5.999872022773916;1.0000213299926395;117207;114277;0.9632970127891407;0.04606200459744807;0.9632970127891407;0.04606200459744807;1.4142135623730951;1.7063827245812964E-5;5.119148173743889E-5;0.01991348639586373;1.7063827245812964E-5;0.0010750211164862167;4;6.434962259289071E-5;8;9.847727708451663E-5;2835;0.031758578130306706;4;6.434962259289071E-5;165;0.0019970941257542326;1462938x212560-NZ-CP113531_191174_aligned_22007_R_17_1568_180;0.938212232897359;0.043849419707277106;0.938212232897359;0.043849419707277106;
123;12;Rickettsia rickettsii str. Hlp#2;strain;1105101;2;39;2;2;2;1.0;1;2;501;250.5;4.728579534707774E-5;1.9999763571011382;1.0000118215891791;42296;783;0.9131274530055773;0.03360984721153385;0.9131274530055773;0.03360984721153385;0.0;4.728579534707774E-5;4.728579534707774E-5;0.011845091734442974;4.728579534707774E-5;9.220730092680159E-4;2;4.728579534707774E-5;2;4.728579534707774E-5;501;0.011845091734442974;2;4.728579534707774E-5;39;9.220730092680159E-4;444612x54001-NZ-CM000770_13824_aligned_78821_F_4_230_9;0.9131274530055773;0.03360984721153385;0.9131274530055773;0.03360984721153385;
124;11;Rickettsia akari;species;786;0;0;0;0;0;;0;0;0;;;0.0;;0;114277;;;;;;;;;;;33;5.250763747454175E-5;156;2.482179226069246E-4;16461;0.026191764256619145;36;5.728105906313646E-5;1939;0.0030852214867617108;;0.8416906009914155;0.14528864177590875;0.8424986817994962;0.14495121219103935;
125;12;Rickettsia akari str. Hartford;strain;293614;33;1939;156;156;36;4.333333333333333;22;36;16461;498.8181818181818;2.482179226069246E-4;155.9807646844584;1.0001233185103338;628480;786;0.8416906009914155;0.14528864177590875;0.8424986817994962;0.14495121219103935;4.516635916254486;5.250763747454175E-5;2.482179226069246E-4;0.026191764256619145;5.728105906313646E-5;0.0030852214867617108;33;5.250763747454175E-5;156;2.482179226069246E-4;16461;0.026191764256619145;36;5.728105906313646E-5;1939;0.0030852214867617108;444612x54001-NZ-CM000770_1152794_aligned_81204_F_236_380_14;0.8416906009914155;0.14528864177590875;0.8424986817994962;0.14495121219103935;
126;11;Rickettsia australis;species;787;20;932;71;70;23;3.0869565217391304;12;22;11062;553.1;1.395403540736813E-4;70.99504654407221;0.9859842821082664;501647;114277;0.8714732942643852;0.13387702025545825;0.8716583022388669;0.13383503068743133;2.9986821875050516;3.9868672592480366E-5;1.415337877033053E-4;0.022051362810900893;4.3855539851728404E-5;0.0018578801428095852;21;1.7998356680573523E-4;79;0.0012624529414093442;11570;0.09322972907123436;23;1.8397043406498327E-4;944;0.003539258873368644;1462938x212560-NZ-CP113531_978253_aligned_85604_R_5_257_1;0.876398156322726;0.1324244815622237;0.8765743543936608;0.13237727755061302;
127;12;Rickettsia australis str. Cutlack;strain;1105110;1;12;8;8;1;8.0;8;1;508;508.0;0.001120919153706039;7.996077882173477;1.0004905052057167;7137;787;0.9748953974895398;;0.9748953974895398;;;1.4011489421325487E-4;0.001120919153706039;0.07117836626033347;1.4011489421325487E-4;0.0016813787305590584;1;1.4011489421325487E-4;8;0.001120919153706039;508;0.07117836626033347;1;1.4011489421325487E-4;12;0.0016813787305590584;1462938x212560-NZ-CP113531_1437215_aligned_55820_F_51_161_296;0.9748953974895398;;0.9748953974895398;;
128;11;Rickettsia amblyommatis;species;33989;24;1478;480;478;45;10.666666666666666;158;32;12169;507.0416666666667;9.723490773871882E-4;479.7662237853802;0.9963185741350348;491593;114277;0.8790913375818864;0.09556162159815368;0.8793153253290669;0.09562325716581442;24.091680948183978;4.8820874178436226E-5;9.764174835687245E-4;0.024754217411557936;6.509449890458164E-5;0.003006552168155364;2239;0.17376662887953992;28125;2.1689288314195734;1074540;83.26790317398655;2247;0.17378290250426606;146729;11.390413532682159;1105111x127730-NC-017021_2692_aligned_44536_F_4_1427_0;0.817873727030702;0.1621265047611817;0.8178761279712703;0.16212778685886906;
129;12;Rickettsia amblyommatis str. Ac/Pa;strain;1359164;3;279;41;41;3;13.666666666666666;31;3;2892;964.0;0.0010633331604336324;40.97874050509731;1.0005187932728201;38558;33989;0.9010935128951812;0.05168548209772805;0.9010935128951812;0.05168548209772805;15.14375558880073;7.780486539758286E-5;0.0010633331604336324;0.07500389024326988;7.780486539758286E-5;0.007235852481975206;3;7.780486539758286E-5;41;0.0010633331604336324;2892;0.07500389024326988;3;7.780486539758286E-5;279;0.007235852481975206;444612x54001-NZ-CM000770_382172_aligned_121102_R_365_349_385;0.9010935128951812;0.05168548209772805;0.9010935128951812;0.05168548209772805;
130;12;Rickettsia amblyommatis str. Darkwater;strain;1359166;2212;144972;27604;943;2636;10.471927162367223;39;2212;1059479;478.96880650994575;0.07402464871653976;11280.083525445774;0.08359867175387195;12739;33989;0.8170966555972382;0.1626588275396455;0.8170966555972382;0.1626588275396455;8.26462070815843;0.1736400031399639;2.166889080775571;83.16814506633173;0.1736400031399639;11.380171128032028;2212;0.1736400031399639;27604;2.166889080775571;1059479;83.16814506633173;2212;0.1736400031399639;144972;11.380171128032028;1359166x139103-NZ-LAOH01000004_1762_aligned_2214_F_255_345_112;0.8170966555972382;0.1626588275396455;0.8170966555972382;0.1626588275396455;
131;11;Rickettsia montanensis;species;33991;0;0;0;0;0;;0;0;0;;;0.0;;0;114277;;;;;;;;;;;15;5.8056051182214724E-5;52;2.012609774316777E-4;6636;0.025683997043011792;15;5.8056051182214724E-5;603;0.002333853257525032;;0.8798913706709935;0.08174871420213543;0.8806904562996747;0.08196697281019727;
132;12;Rickettsia montanensis str. OSU 85-930;strain;1105114;15;603;52;52;15;3.466666666666667;17;15;6636;442.4;2.012609774316777E-4;51.99486817546294;1.0000986986738718;258371;33991;0.8798913706709935;0.08174871420213543;0.8806904562996747;0.08196697281019727;3.9617216074881;5.8056051182214724E-5;2.012609774316777E-4;0.025683997043011792;5.8056051182214724E-5;0.002333853257525032;15;5.8056051182214724E-5;52;2.012609774316777E-4;6636;0.025683997043011792;15;5.8056051182214724E-5;603;0.002333853257525032;444612x54001-NZ-CM000770_159660_aligned_55905_R_7_333_217;0.8798913706709935;0.08174871420213543;0.8806904562996747;0.08196697281019727;
133;11;Rickettsia rhipicephali;species;33992;48;1977;885;837;79;11.20253164556962;118;56;22255;463.6458333333333;0.002246238154917973;883.9510545643111;0.9468850064470451;372623;114277;0.8884058690092096;0.10676889362728857;0.8899550970521561;0.1052180263966427;15.215022727078791;1.288165250132171E-4;0.0023750546799311905;0.059725245086857226;1.502859458487533E-4;0.00530563062398188;50;1.6280296442389226E-4;893;0.002511000437573891;22769;0.06845976001540074;59;2.01265604964766E-4;2020;0.006036339071311395;33992x110150-NZ-JAPJZV010000012_12806_aligned_117845_R_0_368_0;0.8887919901618905;0.10466673017847528;0.8902792490831192;0.10314408291942981;
134;12;Rickettsia rhipicephali str. 3-7-female6-CWPP;strain;1105113;2;43;8;8;3;2.6666666666666665;5;3;514;257.0;1.3594575764270056E-4;7.999524206040435;1.000059477782342;58847;33992;0.8980588978262314;0.029002518380119423;0.8980588978262314;0.029002518380119423;2.081665999466133;3.398643941067514E-5;1.3594575764270056E-4;0.008734514928543512;5.097965911601271E-5;7.307084473295155E-4;2;3.398643941067514E-5;8;1.3594575764270056E-4;514;0.008734514928543512;3;5.097965911601271E-5;43;7.307084473295155E-4;369822x69421-NZ-JBGCYB010000009_6081_aligned_27864_R_2_4772_2;0.8980588978262314;0.029002518380119423;0.8980588978262314;0.029002518380119423;
135;11;Rickettsia africae;species;35788;0;0;0;0;0;;0;0;0;;;0.0;;0;114277;;;;;;;;;;;5;3.8285425504219055E-5;20;1.5314170201687622E-4;2306;0.01765723824254583;5;3.8285425504219055E-5;281;0.002151640913337111;;0.8143676121706737;0.1515378335508987;0.8143676121706737;0.1515378335508987;
136;12;Rickettsia africae ESF-5;strain;347255;5;281;20;20;5;4.0;10;5;2306;461.2;1.5314170201687622E-4;19.998545220730556;1.0000727442548139;130598;35788;0.8143676121706737;0.1515378335508987;0.8143676121706737;0.1515378335508987;3.9370039370059056;3.8285425504219055E-5;1.5314170201687622E-4;0.01765723824254583;3.8285425504219055E-5;0.002151640913337111;5;3.8285425504219055E-5;20;1.5314170201687622E-4;2306;0.01765723824254583;5;3.8285425504219055E-5;281;0.002151640913337111;444612x54001-NZ-CM000770_54002_aligned_77927_F_16_273_28;0.8143676121706737;0.1515378335508987;0.8143676121706737;0.1515378335508987;
137;11;Rickettsia helvetica;species;35789;23;1049;157;157;25;6.28;24;24;7493;325.7826086956522;5.937950310324091E-4;156.95369303507846;1.00029503584163;264401;114277;0.8033224385705752;0.19508147334807402;0.8035600246955454;0.19505691326501023;5.975784467331465;8.698908097927013E-5;5.937950310324091E-4;0.028339529729463957;9.077121493489057E-5;0.0039674585194458415;23;8.698908097927013E-5;157;5.937950310324091E-4;7493;0.028339529729463957;24;9.077121493489057E-5;1049;0.0039674585194458415;35789x222294-NZ-OY974080_487612_aligned_61960_F_7_135_10;0.8033224385705752;0.19508147334807402;0.8035600246955454;0.19505691326501023;
138;11;Rickettsia japonica;species;35790;9;561;89;87;9;9.88888888888889;31;9;4786;531.7777777777778;9.823182711198428E-4;88.95579886153165;0.9780138126287187;88566;114277;0.757099273163481;0.1676099238097568;0.757099273163481;0.1676099238097568;10.84486565666496;1.0161913149515616E-4;0.0010049003003409886;0.05403879592620193;1.0161913149515616E-4;0.006334259196531401;9;1.0161913149515616E-4;89;0.0010049003003409886;4786;0.05403879592620193;9;1.0161913149515616E-4;561;0.006334259196531401;652620x90159-NZ-AMRT02000009_13768_aligned_54181_F_8_161_4;0.757099273163481;0.1676099238097568;0.757099273163481;0.1676099238097568;
139;11;Rickettsia massiliae;species;35791;0;0;0;0;0;;0;0;0;;0.0;0.0;;1397;114277;;;;;;0.0;0.0;0.0;0.0;0.0;2;1.5628296593812756E-5;26;2.0316785571956585E-4;438;0.003422596954044994;8;6.251318637525102E-5;76;5.938752705648847E-4;;0.7727326405290506;0.16291513109293293;0.7727326405290506;0.16291513109293293;
140;12;Rickettsia massiliae MTU5;strain;416276;2;76;26;26;8;3.25;10;8;438;219.0;2.0316785571956585E-4;25.997460560426376;1.0000976802933395;127973;35791;0.7727326405290506;0.16291513109293293;0.7727326405290506;0.16291513109293293;3.1959796173138706;1.5628296593812756E-5;2.0316785571956585E-4;0.003422596954044994;6.251318637525102E-5;5.938752705648847E-4;2;1.5628296593812756E-5;26;2.0316785571956585E-4;438;0.003422596954044994;8;6.251318637525102E-5;76;5.938752705648847E-4;444612x46237-NZ-GG688312_9567_aligned_182577_R_349_143_17;0.7727326405290506;0.16291513109293293;0.7727326405290506;0.16291513109293293;
141;11;Rickettsia parkeri;species;35792;11;387;31;31;11;2.8181818181818183;8;11;5065;460.45454545454544;1.6246357671425278E-4;30.997563170019422;1.0000786135983404;190812;114277;0.9060524625405096;0.07844766200220184;0.9062769294316432;0.07844380174329955;2.400757456228422;5.7648365930863886E-5;1.6246357671425278E-4;0.026544452130893237;5.7648365930863886E-5;0.002028174328658575;11;5.7648365930863886E-5;31;1.6246357671425278E-4;5065;0.026544452130893237;11;5.7648365930863886E-5;387;0.002028174328658575;1462938x212560-NZ-CP113531_1317780_aligned_13051_F_360_373_27;0.9060524625405096;0.07844766200220184;0.9062769294316432;0.07844380174329955;
142;11;Rickettsia slovaca;species;35794;3;65;27;27;3;9.0;14;3;905;301.6666666666667;3.937122692408644E-4;26.994882362308832;1.0001895780697423;68578;114277;0.9081228756599565;0.05568812443603088;0.9092566625080291;0.054992510634992435;7.0;4.374580769342938E-5;3.937122692408644E-4;0.013196651987517863;4.374580769342938E-5;9.478258333576366E-4;3;4.374580769342938E-5;27;3.937122692408644E-4;905;0.013196651987517863;3;4.374580769342938E-5;65;9.478258333576366E-4;1462938x212560-NZ-CP113531_602604_aligned_41423_F_15_311_11;0.9081228756599565;0.05568812443603088;0.9092566625080291;0.054992510634992435;
143;11;Rickettsia honei;species;37816;0;0;0;0;0;;0;0;0;;;0.0;;0;114277;;;;;;;;;;;7;4.312522332704937E-5;13;8.008970046452026E-5;2566;0.015808474722458384;7;4.312522332704937E-5;325;0.0020022425116130067;;0.8396350997375231;0.14434019756534913;0.8396350997375231;0.14434019756534913;
144;12;Rickettsia honei RB;strain;1175313;7;325;13;13;7;1.8571428571428572;4;7;2566;366.57142857142856;8.008970046452026E-5;12.999519472553278;1.0000369650161098;162318;37816;0.8396350997375231;0.14434019756534913;0.8396350997375231;0.14434019756534913;1.2149857925879117;4.312522332704937E-5;8.008970046452026E-5;0.015808474722458384;4.312522332704937E-5;0.0020022425116130067;7;4.312522332704937E-5;13;8.008970046452026E-5;2566;0.015808474722458384;7;4.312522332704937E-5;325;0.0020022425116130067;1462938x212560-NZ-CP113531_1548269_aligned_18429_F_28_318_20;0.8396350997375231;0.14434019756534913;0.8396350997375231;0.14434019756534913;
145;11;Rickettsia felis;species;42862;152;11676;3678;3516;324;11.351851851851851;54;160;102316;673.1315789473684;0.006625711378283647;3665.28674481858;0.9592701048479717;530660;114277;0.8664228161345593;0.09683903485977893;0.8669958103616258;0.09661439771969187;10.264895374789923;2.864357592432066E-4;0.006930991595371801;0.19280895488636793;3.015113255191648E-4;0.022002788979761052;155;3.513876948108865E-4;3689;0.0071691486924532945;103340;0.214979215560136;163;3.664632610868447E-4;11837;0.025488542855226542;42862x66326-NZ-JSEL01000012_175001_aligned_30425_F_53_397_29;0.8655238647512477;0.09757041851920051;0.8661670916191891;0.0973053491501851;
146;12;Rickettsia felis str. LSU;strain;1359195;3;161;11;11;3;3.6666666666666665;7;3;1024;341.3333333333333;2.3815709708149304E-4;10.998809291851638;1.000108257913813;46188;42862;0.8199769946634617;0.14779030217375783;0.8241786753357306;0.14704400693791403;3.055050463303893;6.495193556767992E-5;2.3815709708149304E-4;0.022170260673768077;6.495193556767992E-5;0.003485753875465489;3;6.495193556767992E-5;11;2.3815709708149304E-4;1024;0.022170260673768077;3;6.495193556767992E-5;161;0.003485753875465489;1462938x212560-NZ-CP113531_1511143_aligned_88030_F_2_205_76;0.8199769946634617;0.14779030217375783;0.8241786753357306;0.14704400693791403;
147;11;Rickettsia peacockii;species;47589;0;0;0;0;0;;0;0;0;;;0.0;;0;114277;;;;;;;;;;;7;5.969029265297769E-5;40;3.4108738658844394E-4;2617;0.022315642267548945;13;1.1085340064124429E-4;324;0.0027628078313663962;;0.852186040498303;0.15005816168018393;0.852363723511807;0.15006034550434807;
148;12;Rickettsia peacockii str. Rustic;strain;562019;7;324;40;39;13;3.076923076923077;12;13;2617;373.85714285714283;3.3256020192373286E-4;39.99334951429008;0.9751621325456837;117272;47589;0.852186040498303;0.15005816168018393;0.852363723511807;0.15006034550434807;2.985005261344846;5.969029265297769E-5;3.4108738658844394E-4;0.022315642267548945;1.1085340064124429E-4;0.0027628078313663962;7;5.969029265297769E-5;40;3.4108738658844394E-4;2617;0.022315642267548945;13;1.1085340064124429E-4;324;0.0027628078313663962;1462938x212560-NZ-CP113531_916622_aligned_100053_R_162_328_342;0.852186040498303;0.15005816168018393;0.852363723511807;0.15006034550434807;
149;11;Rickettsia monacensis;species;109232;32;1410;418;409;41;10.195121951219512;50;33;14631;457.21875;0.0029191974705046857;417.3785691848581;0.9799257321687084;140107;114277;0.8583742629066354;0.12431887432342735;0.8595822563021288;0.12474138423699474;9.95042590092284;2.2839686810794608E-4;0.0029834340896600455;0.10442733054022997;2.3553427023631938E-4;0.010063737001006373;32;2.2839686810794608E-4;418;0.0029834340896600455;14631;0.10442733054022997;33;2.3553427023631938E-4;1410;0.010063737001006373;109232x175602-NZ-LN794217_186897_aligned_1387_F_211_551_133;0.8583742629066354;0.12431887432342735;0.8595822563021288;0.12474138423699474;
150;11;Rickettsia asiatica;species;238800;8;429;52;52;12;4.333333333333333;23;11;3648;456.0;2.2563764330159943E-4;51.99424665568096;1.0001106534797424;230458;114277;0.8025640471389653;0.25479836928971694;0.8029046465940063;0.25470634281741805;6.110100926607786;3.471348358486145E-5;2.2563764330159943E-4;0.01582934851469682;4.773103992918449E-5;0.0018615105572381953;8;3.471348358486145E-5;52;2.2563764330159943E-4;3648;0.01582934851469682;11;4.773103992918449E-5;429;0.0018615105572381953;444612x47268-NZ-CM000772_11029_aligned_76432_R_25_353_196;0.8025640471389653;0.25479836928971694;0.8029046465940063;0.25470634281741805;
151;11;Rickettsia sibirica subgroup;;266068;0;0;0;0;0;;0;0;0;;;0.0;;0;114277;;;;;;;;;;;12;1.244959154366943E-4;55;6.469816277785961E-4;7640;0.08571433568693813;14;1.4603668906675214E-4;678;0.0074542815035864895;;0.8865206288779345;0.08000086710461408;0.886996140052447;0.07997973484331967;
152;12;Rickettsia sibirica;species;35793;7;307;16;16;8;2.0;4;8;3098;442.57142857142856;1.3433637829124128E-4;15.998992516666043;1.0000629716735543;119104;266068;0.8879929522992042;0.04145816095328579;0.8879929522992042;0.04145816095328579;1.1952286093343936;5.877216550241806E-5;1.3433637829124128E-4;0.026010881246641592;6.716818914562064E-5;0.002577579258463192;12;1.244959154366943E-4;55;6.469816277785961E-4;7640;0.08571433568693813;14;1.4603668906675214E-4;678;0.0074542815035864895;444612x54001-NZ-CM000770_83515_aligned_30978_R_6_387_5;0.8865206288779345;0.08000086710461408;0.886996140052447;0.07997973484331967;
153;13;Rickettsia sibirica subsp. mongolitimonae;subspecies;45261;0;0;0;0;0;;0;0;0;;;0.0;;0;35793;;;;;;;;;;;5;6.572374993427625E-5;39;5.126452494873548E-4;4542;0.059703454440296545;6;7.88684999211315E-5;371;0.004876702245123298;;0.884459376088157;0.122527990154807;0.8856006029069871;0.12251017317115365;
154;14;Rickettsia sibirica subsp. mongolitimonae HA-91;strain;1144280;5;371;39;39;7;5.571428571428571;18;6;4542;908.4;5.126452494873548E-4;38.99026131902788;1.0002497721390589;76076;45261;0.884459376088157;0.122527990154807;0.8856006029069871;0.12251017317115365;6.267831705280087;6.572374993427625E-5;5.126452494873548E-4;0.059703454440296545;7.88684999211315E-5;0.004876702245123298;5;6.572374993427625E-5;39;5.126452494873548E-4;4542;0.059703454440296545;6;7.88684999211315E-5;371;0.004876702245123298;1462938x212560-NZ-CP113531_1344462_aligned_122864_F_0_180_2;0.884459376088157;0.122527990154807;0.8856006029069871;0.12251017317115365;
155;11;Rickettsia tamurae;species;334545;41;2365;167;161;46;3.630434782608696;24;45;16770;409.0243902439024;6.178975364693872E-4;166.946814472953;0.9643789880524108;260561;114277;0.8371858780673156;0.14781135243035862;0.8372904500280595;0.14786150647675242;4.154562127761475;1.5735278879034083E-4;6.409247738533396E-4;0.06436112848814673;1.727042803796424E-4;0.009076569402174538;251;0.005731636758742296;3780;0.0965451532664077;114215;2.6509616115927574;262;0.005932797715996662;14279;0.32532427996411545;1462938x212560-NZ-CP113531_665245_aligned_113260_F_1_190_6;0.8432321098324201;0.14523024416878205;0.8437619797827991;0.1449474586499704;
156;12;Rickettsia tamurae subsp. buchneri;subspecies;1462938;210;11914;3613;3453;275;13.138181818181819;80;217;97445;464.0238095238095;0.09165715499163857;3445.200795201032;1.0022637881686989;37673;334545;0.8444125646056071;0.1450496805824779;0.845025468925391;0.1446968136127774;14.10890244026839;0.005574283969951955;0.09590422849255435;2.5866004831046108;0.00576009343561702;0.3162477105619409;210;0.005574283969951955;3613;0.09590422849255435;97445;2.5866004831046108;217;0.00576009343561702;11914;0.3162477105619409;1462938x212560-NZ-CP113531_255516_aligned_33160_F_17_215_3;0.8444125646056071;0.1450496805824779;0.845025468925391;0.1446968136127774;
157;11;Rickettsia gravesii;species;354585;0;0;0;0;0;;0;0;0;;;0.0;;0;114277;;;;;;;;;;;9;2.935985724584966E-5;41;1.3375046078664845E-4;4462;0.01455596478122013;10;3.262206360649962E-5;489;0.0015952189103578315;;0.8665005290019021;0.1276534508556535;0.8665005290019021;0.1276534508556535;
158;12;Rickettsia gravesii BWI-1;strain;1397702;9;489;41;41;10;4.1;13;10;4462;495.77777777777777;1.3375046078664845E-4;40.99732510359473;1.000065245632453;306541;354585;0.8665005290019021;0.1276534508556535;0.8665005290019021;0.1276534508556535;4.840798832148815;2.935985724584966E-5;1.3375046078664845E-4;0.01455596478122013;3.262206360649962E-5;0.0015952189103578315;9;2.935985724584966E-5;41;1.3375046078664845E-4;4462;0.01455596478122013;10;3.262206360649962E-5;489;0.0015952189103578315;1462938x212560-NZ-CP113531_1697796_aligned_99114_R_1_178_7;0.8665005290019021;0.1276534508556535;0.8665005290019021;0.1276534508556535;
159;11;Rickettsia hoogstraalii;species;467174;14;778;76;76;22;3.4545454545454546;15;22;7665;547.5;1.3216356980758027E-4;75.99504407675414;1.0000652137689512;575045;114277;0.8866814568086625;0.07871456608500266;0.8866814568086625;0.07871456608500266;3.924614299851312;2.4345920754027945E-5;1.3216356980758027E-4;0.0133293916128303;3.8257875470615344E-5;0.0013529375961881245;14;2.4345920754027945E-5;76;1.3216356980758027E-4;7665;0.0133293916128303;22;3.8257875470615344E-5;778;0.0013529375961881245;1462938x148930-NZ-JFKF01000207_19713_aligned_158694_F_150_114_15;0.8866814568086625;0.07871456608500266;0.8866814568086625;0.07871456608500266;
160;11;Rickettsia asembonensis;species;1068590;25;1142;145;144;30;4.833333333333333;21;30;12284;491.36;2.9547128696212426E-4;144.9785804243927;0.9932501723942383;487357;114277;0.8774095105003729;0.0879243906090859;0.8775838241949474;0.08796424127510294;5.092816667542176;5.1297098430924354E-5;2.9752317089936124E-4;0.02520534228501899;6.155651811710923E-5;0.0023432514563246245;25;5.1297098430924354E-5;145;2.9752317089936124E-4;12284;0.02520534228501899;30;6.155651811710923E-5;1142;0.0023432514563246245;1462938x212560-NZ-CP113531_1403969_aligned_67179_F_158_196_11;0.8774095105003729;0.0879243906090859;0.8775838241949474;0.08796424127510294;
161;11;Rickettsia fournieri;species;1436798;6;226;17;16;8;2.125;9;8;3829;638.1666666666666;1.4694672262887686E-4;16.998751010140772;0.9412456238964287;108883;114277;0.9114298756510649;0.0920312778521962;0.9114298756510649;0.0920312778521962;2.799872446074234;5.5105020985828826E-5;1.5613089279318168E-4;0.0351661875591231;7.347336131443843E-5;0.002075622457132886;6;5.5105020985828826E-5;17;1.5613089279318168E-4;3829;0.0351661875591231;8;7.347336131443843E-5;226;0.002075622457132886;1462938x212560-NZ-CP113531_69247_aligned_12334_F_24_251_72;0.9114298756510649;0.0920312778521962;0.9114298756510649;0.0920312778521962;
162;11;Rickettsia argasii;species;1441385;0;0;0;0;0;;0;0;0;;;0.0;;0;114277;;;;;;;;;;;8;5.469187962317295E-5;79;5.400823112788329E-4;3450;0.023585873087493336;15;1.0254727429344927E-4;512;0.0035002802958830686;;0.8451224490364261;0.11804052775552286;0.8463693318294435;0.11764415594149255;
163;12;Rickettsia argasii T170-B;strain;1268837;8;512;79;77;15;5.266666666666667;27;15;3450;431.25;5.264093413730397E-4;78.97894048561606;0.9749434409546621;146274;1441385;0.8451224490364261;0.11804052775552286;0.8463693318294435;0.11764415594149255;6.9843362162021085;5.469187962317295E-5;5.400823112788329E-4;0.023585873087493336;1.0254727429344927E-4;0.0035002802958830686;8;5.469187962317295E-5;79;5.400823112788329E-4;3450;0.023585873087493336;15;1.0254727429344927E-4;512;0.0035002802958830686;444612x54001-NZ-CM000770_1534664_aligned_134979_R_0_214_1;0.8451224490364261;0.11804052775552286;0.8463693318294435;0.11764415594149255;
164;11;Rickettsia koreansis;species;2358204;5;214;15;13;6;2.5;7;6;22607;4521.4;8.254282702833123E-5;14.99933332632404;0.8667051873022128;157494;114277;0.8316755671032316;0.17188530793654233;0.8316755671032316;0.17188530793654233;2.345207879911715;3.1747241164742784E-5;9.524172349422835E-5;0.14354197620226802;3.809668939769134E-5;0.0013587819218509913;5;3.1747241164742784E-5;15;9.524172349422835E-5;22607;0.14354197620226802;6;3.809668939769134E-5;214;0.0013587819218509913;444612x54001-NZ-CM000770_1660246_aligned_21227_F_6_194_144;0.8316755671032316;0.17188530793654233;0.8316755671032316;0.17188530793654233;
165;11;unclassified spotted fever group;no rank;2750824;0;0;0;0;0;;0;0;0;;;0.0;;0;114277;;;;;;;;;;;8143;0.1539355454363189;172813;3.269061904276165;3134390;59.20542591263136;8158;0.15419086728191342;372306;7.035075171932893;;0.8234824038741873;0.17369048939284204;0.823569445257706;0.1736907641000003;
166;12;Rickettsia endosymbiont of Ixodes scapularis;species;444612;8130;371501;172691;15538;12328;14.008030499675534;195;8143;3126084;384.51217712177123;0.2940853600832781;50823.97074859263;0.3057218822366465;52835;2750824;0.8234782786335325;0.17372623132945772;0.8235649824486617;0.17372626356750628;13.65063217064591;0.15387527207343618;3.268496261947573;59.16691587016182;0.1541213210939718;7.031342859846693;8130;0.15387527207343618;172691;3.268496261947573;3126084;59.16691587016182;8143;0.1541213210939718;371501;7.031342859846693;444612x38930-NZ-GG688311_5854_aligned_9327_F_11_401_187;0.8234782786335325;0.17372623132945772;0.8235649824486617;0.17372626356750628;
167;12;Rickettsia sp. Tenjiku01;species;1736693;13;805;122;122;15;8.133333333333333;29;15;8306;638.9230769230769;5.656423285918288E-4;121.96578498524234;1.0002805296154311;215684;2750824;0.8260622659144521;0.15576738749796945;0.8263604173753942;0.1559468140889672;8.609518541928436;6.0273362882735854E-5;5.656423285918288E-4;0.03851004246953877;6.95461879416183E-5;0.0037323120862001818;13;6.0273362882735854E-5;122;5.656423285918288E-4;8306;0.03851004246953877;15;6.95461879416183E-5;805;0.0037323120862001818;1462938x212560-NZ-CP113531_981164_aligned_53486_R_4_295_111;0.8260622659144521;0.15576738749796945;0.8263604173753942;0.1559468140889672;
168;11;Rickettsia tillamookensis;species;2761623;22;1915;96;96;28;3.4285714285714284;12;27;15230;692.2727272727273;1.7615939489247853E-4;95.99163290840931;1.00008716480111;544961;114277;0.861299684557132;0.1112436038219832;0.8613092218096402;0.11123890231255434;3.3821817572616406;4.036986132952633E-5;1.7615939489247853E-4;0.027946954002213004;4.954482981350959E-5;0.0035140129293655875;22;4.036986132952633E-5;96;1.7615939489247853E-4;15230;0.027946954002213004;27;4.954482981350959E-5;1915;0.0035140129293655875;444612x54001-NZ-CM000770_1819615_aligned_128342_R_21_248_0;0.861299684557132;0.1112436038219832;0.8613092218096402;0.11123890231255434;
169;11;Candidatus Rickettsia kedanie;species;3115352;18;1031;86;84;23;3.739130434782609;25;23;8738;485.44444444444446;1.6672952104960202E-4;85.99274568472657;0.9768265838140285;503810;114277;0.8182020254470344;0.17513291479562193;0.8182447933881857;0.17516070568284733;5.127620317318461;3.572775451062901E-5;1.7069927155078304E-4;0.01734383993965979;4.565213076358151E-5;0.002046406383358806;18;3.572775451062901E-5;86;1.7069927155078304E-4;8738;0.01734383993965979;23;4.565213076358151E-5;1031;0.002046406383358806;444612x54001-NZ-CM000770_830220_aligned_87438_F_194_220_62;0.8182020254470344;0.17513291479562193;0.8182447933881857;0.17516070568284733;
170;10;typhus group;species group;114292;3;63;31;31;8;3.875;11;8;672;224.0;2.1621470817989062E-4;30.996756998057766;1.0001046239108962;143376;780;0.8959388144305177;0.03267709896782988;0.8959388144305177;0.03267709896782988;3.563204817496262;2.0924004017408773E-5;2.1621470817989062E-4;0.004686976899899564;5.579734404642339E-5;4.394040843655842E-4;18;3.8174778801554365E-5;148;3.517065757790044E-4;5754;0.010539013993283101;39;9.158691935996465E-5;699;0.0011748141884151645;652620x90159-NZ-AMRT02000009_17367_aligned_112032_F_3_168_2;0.8503832877567736;0.13859802713725108;0.8520688424911089;0.13410100064276884;
171;11;Rickettsia prowazekii;species;782;9;249;39;39;14;2.7857142857142856;10;14;2800;311.1111111111111;4.438410229738942E-5;38.999156715667674;1.0000216231427381;878693;114292;0.8859899243395613;0.09385622636776096;0.8859899243395613;0.09385622636776096;2.3263894583856572;1.0242485145551404E-5;4.438410229738942E-5;0.003186550934171548;1.593275467085774E-5;2.8337542236025554E-4;9;1.0242485145551404E-5;39;4.438410229738942E-5;2800;0.003186550934171548;14;1.593275467085774E-5;249;2.8337542236025554E-4;444612x54001-NZ-CM000770_1755740_aligned_91122_F_166_303_426;0.8859899243395613;0.09385622636776096;0.8859899243395613;0.09385622636776096;
172;11;Rickettsia typhi;species;785;6;387;78;78;17;4.588235294117647;16;17;2282;380.3333333333333;9.110776530172438E-5;77.9964924551262;1.0000449705462822;856129;114292;0.7741955695457204;0.20074296308583897;0.7792522337487261;0.19243792995120174;5.220857490985218;7.008289638594184E-6;9.110776530172438E-5;0.002665486159211988;1.9856820642683522E-5;4.5203468168932486E-4;6;7.008289638594184E-6;78;9.110776530172438E-5;2282;0.002665486159211988;17;1.9856820642683522E-5;387;4.5203468168932486E-4;1462938x212560-NZ-CP113531_307256_aligned_33219_R_53_225_92;0.7741955695457204;0.20074296308583897;0.7792522337487261;0.19243792995120174;
173;10;unclassified Rickettsia;no rank;114295;58;2391;1440;1440;160;9.0;62;110;28506;491.48275862068965;3.5167995561017447E-4;1439.7469956725217;1.0001757283246562;4094632;780;0.8853905097462365;0.09461618009104858;0.8866209346743643;0.09430128871184536;10.642858650361392;1.4164887100965362E-5;3.5167995561017447E-4;0.0069617977879330795;2.6864441053554995E-5;5.839352596277272E-4;212;0.00149327495479599;3680;0.016059247052145263;101112;0.6707159322706849;437;0.0030292217872514293;8899;0.07214014659479027;3066267x246428-NZ-OZ198175_498552_aligned_80622_F_39_444_251;0.8841159285468354;0.11135583219884668;0.8850252768823562;0.11122691140012826;
174;11;Rickettsia sp.;species;789;10;249;191;191;38;5.026315789473684;31;37;3436;343.6;3.70093356533601E-4;190.96484542372582;1.0001840892557798;516086;114295;0.9058619879924888;0.04929084863774429;0.9088979738875583;0.05047469521160064;5.984154039900499;1.9376615525319423E-5;3.70093356533601E-4;0.006657805094499754;7.169347744368187E-5;4.8247772658045366E-4;10;1.9376615525319423E-5;191;3.70093356533601E-4;3436;0.006657805094499754;37;7.169347744368187E-5;249;4.8247772658045366E-4;42862x66326-NZ-JSEL01000012_134773_aligned_32853_F_66_1545_27;0.9058619879924888;0.04929084863774429;0.9088979738875583;0.05047469521160064;
175;11;Rickettsia endosymbiont of Oedothorax gibbosus;species;931099;1;20;2;2;1;2.0;2;1;504;504.0;4.6074456321415405E-6;1.9999976962951038;1.0000011518537748;434080;114295;0.9578059071729957;;0.9578059071729957;;;2.3037228160707703E-6;4.6074456321415405E-6;0.0011610762992996682;2.3037228160707703E-6;4.607445632141541E-5;1;2.3037228160707703E-6;2;4.6074456321415405E-6;504;0.0011610762992996682;1;2.3037228160707703E-6;20;4.607445632141541E-5;1462938x212560-NZ-CP113531_899240_aligned_127935_F_177_245_59;0.9578059071729957;;0.9578059071729957;;
176;11;Rickettsia endosymbiont of Ixodes pacificus;species;1133329;45;2638;964;964;84;11.476190476190476;156;62;26250;583.3333333333334;0.005200830838121443;961.5001266467789;1.0025999719437786;185355;114295;0.8803460891702426;0.1381949827032258;0.8806807781829131;0.13814223410771714;18.57026784845285;2.4277737314882253E-4;0.005200830838121443;0.14162013433681314;3.3449326967171107E-4;0.014232149119257641;45;2.4277737314882253E-4;964;0.005200830838121443;26250;0.14162013433681314;62;3.3449326967171107E-4;2638;0.014232149119257641;1133329x66257-NZ-KR611317_86768_aligned_26867_R_1_209_0;0.8803460891702426;0.1381949827032258;0.8806807781829131;0.13814223410771714;
177;11;Rickettsia sp. MEAM1 (Bemisia tabaci);species;1182263;5;159;39;35;12;3.25;9;12;2060;412.0;0.004788616773840471;38.898789005064764;0.8997709413381191;7309;114295;0.8990836449629492;0.10932191894526054;0.9017326515854659;0.1077130584535493;2.598076211353316;6.840881105486386E-4;0.0053358872622793815;0.2818443015460391;0.0016418114653167328;0.02175400191544671;5;6.840881105486386E-4;39;0.0053358872622793815;2060;0.2818443015460391;12;0.0016418114653167328;159;0.02175400191544671;444612x44192-NZ-GG688316_10374_aligned_26230_F_0_475_1;0.8990836449629492;0.10932191894526054;0.9017326515854659;0.1077130584535493;
178;11;Rickettsia endosymbiont of Proechinophthirus fluctus;species;1462733;10;372;45;45;17;2.6470588235294117;9;17;3633;363.3;1.9623319480723358E-4;44.99568313983391;1.0000959394294042;229319;114295;0.8682113146067485;0.1524810736571045;0.8682113146067485;0.1524810736571045;1.9981609191512901;4.360737662382969E-5;1.9623319480723358E-4;0.015842559927437324;7.413254026051047E-5;0.0016221944104064644;10;4.360737662382969E-5;45;1.9623319480723358E-4;3633;0.015842559927437324;17;7.413254026051047E-5;372;0.0016221944104064644;444612x54001-NZ-CM000770_1628528_aligned_155790_R_27_220_1;0.8682113146067485;0.1524810736571045;0.8682113146067485;0.1524810736571045;
179;11;Rickettsia sp. TH2014;species;1967503;11;349;62;62;23;2.6956521739130435;15;22;4741;431.0;1.0953037966409506E-4;61.996659441580604;1.0000538828777144;566053;114295;0.9198861106064673;0.047165406591774706;0.9224829553424875;0.04432994941672465;3.4828773711700927;1.943280929524267E-5;1.0953037966409506E-4;0.008375540806249592;3.886561859048534E-5;6.165500403672448E-4;11;1.943280929524267E-5;62;1.0953037966409506E-4;4741;0.008375540806249592;22;3.886561859048534E-5;349;6.165500403672448E-4;444612x54001-NZ-CM000770_1483230_aligned_108754_R_2_262_1;0.9198861106064673;0.047165406591774706;0.9224829553424875;0.04432994941672465;
180;11;Rickettsia endosymbiont of Halotydeus destructor;species;2996754;1;31;6;6;3;2.0;4;3;689;689.0;4.674244135771211E-6;5.9999883143093395;1.0000019476189033;1283630;114295;0.952959028831563;;0.952959028831563;;1.7320508075688772;7.790406892952019E-7;4.674244135771211E-6;5.367590349243941E-4;2.3371220678856057E-6;2.4150261368151258E-5;1;7.790406892952019E-7;6;4.674244135771211E-6;689;5.367590349243941E-4;3;2.3371220678856057E-6;31;2.4150261368151258E-5;444612x54001-NZ-CM000770_397457_aligned_8275_R_0_425_0;0.952959028831563;;0.952959028831563;;
181;11;Rickettsia endosymbiont of Aspidapion aeneum;species;3066247;0;0;1;1;1;1.0;1;1;0;;8.643789437289307E-5;1.0000000000001243;0.9999999999998757;11569;114295;;;;;;0.0;8.643789437289307E-5;0.0;8.643789437289307E-5;0.0;0;0.0;1;8.643789437289307E-5;0;0.0;1;8.643789437289307E-5;0;0.0;444612x54001-NZ-CM000770_1383679_aligned_108462_R_25_210_6;;;;;
182;11;Rickettsia endosymbiont of Cantharis rufa;species;3066248;22;963;204;199;58;3.5172413793103448;18;56;8449;384.04545454545456;2.0742865600823879E-4;203.9784185015535;0.9755934057233825;959366;114295;0.8505234907749895;0.12415976605513826;0.8510459568146967;0.12385443752978213;3.7614917687905107;2.2931811216991223E-5;2.126404312848277E-4;0.008806857862379946;5.837188309779584E-5;0.0010037879182710249;22;2.2931811216991223E-5;204;2.126404312848277E-4;8449;0.008806857862379946;56;5.837188309779584E-5;963;0.0010037879182710249;1462938x212560-NZ-CP113531_763658_aligned_4710_F_10_390_52;0.8505234907749895;0.12415976605513826;0.8510459568146967;0.12385443752978213;
183;11;Rickettsia endosymbiont of Orchestes rusci;species;3066250;1;8;17;17;3;5.666666666666667;8;3;826;826.0;4.107877701231638E-5;16.999671373386956;1.0000193313509318;413839;114295;0.9899497487437185;;0.9899497487437185;;2.5166114784235836;2.4163986477833167E-6;4.107877701231638E-5;0.0019959452830690195;7.24919594334995E-6;1.9331189182266534E-5;1;2.4163986477833167E-6;17;4.107877701231638E-5;826;0.0019959452830690195;3;7.24919594334995E-6;8;1.9331189182266534E-5;444612x54001-NZ-CM000770_724347_aligned_74687_F_213_292_313;0.9899497487437185;;0.9899497487437185;;
184;11;Rickettsia endosymbiont of Polydrusus tereticollis;species;3066251;3;79;56;51;20;2.8;10;20;1525;508.3333333333333;4.144393935207683E-5;55.99874857601808;0.910734637770837;1230578;114295;0.919054978089833;0.0680066523264283;0.919054978089833;0.0680066523264283;2.930780388260186;2.437878785416284E-6;4.550707066110397E-5;0.0012392550492532778;1.625252523610856E-5;6.419747468262881E-5;3;2.437878785416284E-6;56;4.550707066110397E-5;1525;0.0012392550492532778;20;1.625252523610856E-5;79;6.419747468262881E-5;444612x27776-NZ-GG688305_187_aligned_119064_F_1_1448_0;0.919054978089833;0.0680066523264283;0.919054978089833;0.0680066523264283;
185;11;Rickettsia endosymbiont of Rhinocyllus conicus;species;3066252;2;59;50;49;16;3.125;15;16;1572;786.0;4.6146746654360867E-4;49.988465051247786;0.9802261371651556;106183;114295;0.9232603420057566;0.0865376745303353;0.9232603420057566;0.0865376745303353;3.5;1.8835406797698312E-5;4.708851699424578E-4;0.014804629742990873;1.506832543815865E-4;5.556445005321002E-4;2;1.8835406797698312E-5;50;4.708851699424578E-4;1572;0.014804629742990873;16;1.506832543815865E-4;59;5.556445005321002E-4;444612x47268-NZ-CM000772_3711_aligned_26533_R_3_454_8;0.9232603420057566;0.0865376745303353;0.9232603420057566;0.0865376745303353;
186;11;Rickettsia endosymbiont of Urophora cardui;species;3066265;12;335;111;104;30;3.7;16;30;6939;578.25;2.070644826673091E-4;110.98784579660982;0.9370395402626757;502259;114295;0.9108179534820313;0.09925991104084401;0.9108179534820313;0.09925991104084401;4.094992737141469;2.389205569238182E-5;2.2100151515453182E-4;0.013815581204119787;5.973013923095455E-5;6.669865547456591E-4;12;2.389205569238182E-5;111;2.2100151515453182E-4;6939;0.013815581204119787;30;5.973013923095455E-5;335;6.669865547456591E-4;1462938x212560-NZ-CP113531_1411073_aligned_136855_F_15_270_70;0.9108179534820313;0.09925991104084401;0.9108179534820313;0.09925991104084401;
187;11;Rickettsia endosymbiont of Gonocerus acuteangulatus;species;3066266;14;308;221;221;21;10.523809523809524;52;18;4303;307.35714285714283;3.205653554431562E-4;220.96474154192634;1.0001595659915135;689407;114295;0.878184663269436;0.1172367061740047;0.8786772741068746;0.11617482613201653;11.817863798584952;2.030730758463433E-5;3.205653554431562E-4;0.006241596038334395;2.6109395465958426E-5;4.4676076686195527E-4;14;2.030730758463433E-5;221;3.205653554431562E-4;4303;0.006241596038334395;18;2.6109395465958426E-5;308;4.4676076686195527E-4;3066266x73572-NZ-OZ032147_1808517_aligned_171503_R_4_222_0;0.878184663269436;0.1172367061740047;0.8786772741068746;0.11617482613201653;
188;11;Rickettsia endosymbiont of Pantilius tunicatus;species;3066267;11;681;231;231;19;12.157894736842104;99;16;5415;492.27272727272725;7.200658345905912E-4;230.9172121263562;1.0003585175521628;320804;114295;0.864883227388994;0.12898035829392795;0.864883227388994;0.12898035829392795;22.159179582423214;3.4288849266218623E-5;7.200658345905912E-4;0.016879465343324896;4.987468984177255E-5;0.002122791486390444;11;3.4288849266218623E-5;231;7.200658345905912E-4;5415;0.016879465343324896;16;4.987468984177255E-5;681;0.002122791486390444;3066267x246428-NZ-OZ198175_221104_aligned_23648_F_2_424_1;0.864883227388994;0.12898035829392795;0.864883227388994;0.12898035829392795;
189;11;Rickettsia endosymbiont of Nabis limbatus;species;3066268;4;80;31;31;11;2.8181818181818183;11;11;1519;379.75;1.7880729764493486E-4;30.997318040263593;1.00008652231567;173371;114295;0.9260375252654192;0.0684985729241924;0.9299863270083386;0.07142398453220898;2.9603439603593977;2.307190937353998E-5;1.7880729764493486E-4;0.008761557584601808;6.344775077723494E-5;4.614381874707996E-4;4;2.307190937353998E-5;31;1.7880729764493486E-4;1519;0.008761557584601808;11;6.344775077723494E-5;80;4.614381874707996E-4;3066267x246428-NZ-OZ198175_1403910_aligned_33524_R_407_381_5;0.9260375252654192;0.0684985729241924;0.9299863270083386;0.07142398453220898;
190;11;Rickettsia endosymbiont of Seladonia tumulorum;species;3066270;1;92;1;1;1;1.0;1;1;296;296.0;5.139802631578947E-5;1.0000000000005684;0.9999999999994316;19456;114295;0.6541353383458647;;0.6541353383458647;;;5.139802631578947E-5;5.139802631578947E-5;0.015213815789473685;5.139802631578947E-5;0.0047286184210526315;1;5.139802631578947E-5;1;5.139802631578947E-5;296;0.015213815789473685;1;5.139802631578947E-5;92;0.0047286184210526315;1462938x212560-NZ-CP113531_908141_aligned_24499_R_1_290_0;0.6541353383458647;;0.6541353383458647;;
191;11;Rickettsia sp. R1;species;3405422;1;85;8;8;1;8.0;8;1;449;449.0;0.0021373230029388193;7.992523365284634;1.0009354535950237;3743;114295;0.7971360381861575;;0.7971360381861575;;;2.671653753673524E-4;0.0021373230029388193;0.11995725353994123;2.671653753673524E-4;0.022709056906224954;1;2.671653753673524E-4;8;0.0021373230029388193;449;0.11995725353994123;1;2.671653753673524E-4;85;0.022709056906224954;444612x54001-NZ-CM000770_1253760_aligned_135058_R_164_281_4;0.7971360381861575;;0.7971360381861575;;
192;10;belli group;species group;1129742;1;90;14;14;1;14.0;14;1;283;283.0;1.9767868741351558E-4;13.998715161057046;1.0000917826334896;70822;780;0.6363636363636364;;0.6442687747035574;;;1.4119906243822542E-5;1.9767868741351558E-4;0.003995933467001779;1.4119906243822542E-5;0.0012707915619440287;43;9.818347583462473E-5;244;6.55866931476269E-4;17544;0.03874072402964266;75;1.552432490418444E-4;1650;0.004918586967499351;1462938x212560-NZ-CP113531_1153680_aligned_151932_R_21_228_8;0.8854585501827466;0.09854655018000076;0.8868163584559661;0.09845118194542431;
193;11;Rickettsia canadensis;species;788;17;839;88;88;31;2.838709677419355;26;30;7934;466.70588235294116;1.4301780571681174E-4;87.99377901617338;1.000070697995883;615308;1129742;0.8594099582050969;0.10170506413475677;0.8594099582050969;0.10170506413475677;4.472857209089423;2.7628439740747722E-5;1.4301780571681174E-4;0.01289435534724073;4.875607013073128E-5;0.0013635447613227847;26;6.49432060221361E-5;136;3.419478759766451E-4;11534;0.02781238826866924;43;1.0250481326218938E-4;1318;0.0033560261927439976;444612x54001-NZ-CM000770_1613482_aligned_5610_F_201_302_208;0.8586559979330318;0.0973859242695137;0.8590339983110323;0.0971023462576304;
194;12;Rickettsia canadensis str. McKiel;strain;293613;4;160;22;22;7;3.142857142857143;10;7;1664;416.0;8.971023593792052E-5;21.999058068013053;1.0000428169235263;245234;788;0.8961799183475484;0.02187758361474717;0.8961799183475484;0.02187758361474717;3.132015933791495;1.631095198871282E-5;8.971023593792052E-5;0.006785356027304534;2.8544165980247436E-5;6.524380795485128E-4;4;1.631095198871282E-5;22;8.971023593792052E-5;1664;0.006785356027304534;7;2.8544165980247436E-5;160;6.524380795485128E-4;1462938x212560-NZ-CP113531_174899_aligned_89277_R_3_204_150;0.8961799183475484;0.02187758361474717;0.8961799183475484;0.02187758361474717;
195;12;Rickettsia canadensis str. CA410;strain;1105107;5;319;26;26;6;4.333333333333333;10;6;1936;387.2;1.0921983432191285E-4;25.998634798115464;1.000052510522;238052;788;0.8260733966763976;0.12166745387616824;0.8280389986419996;0.12089034668897093;4.0824829046386295;2.100381429267555E-5;1.0921983432191285E-4;0.008132676894123973;2.520457715121066E-5;0.0013400433518727;5;2.100381429267555E-5;26;1.0921983432191285E-4;1936;0.008132676894123973;6;2.520457715121066E-5;319;0.0013400433518727;444612x54001-NZ-CM000770_795674_aligned_58921_F_6_364_76;0.8260733966763976;0.12166745387616824;0.8280389986419996;0.12089034668897093;
196;11;Rickettsia bellii;species;33990;2;37;22;22;8;2.75;9;8;948;474.0;3.363035047411151E-5;21.999646885253078;1.0000160509279428;654171;1129742;0.955327868852459;0.04289008344901937;0.955327868852459;0.04289008344901937;2.712405363721075;3.057304588555592E-6;3.363035047411151E-5;0.0014491623749753504;1.2229218354222367E-5;5.6560134888278445E-5;2;3.057304588555592E-6;22;3.363035047411151E-5;948;0.0014491623749753504;8;1.2229218354222367E-5;37;5.6560134888278445E-5;1851512x141586-NZ-LYMV01000030_5308_aligned_53387_R_9_1772_15;0.955327868852459;0.04289008344901937;0.955327868852459;0.04289008344901937;
197;11;Rickettsia oklahomensis;species;3141789;14;205;72;72;23;3.130434782608696;17;23;4779;341.35714285714283;8.26100176119968E-5;71.9970674216744;1.0000407319135434;871565;1129742;0.9430458812521941;0.049630949976422124;0.9459496389365161;0.04983798256136638;3.4417800339899034;1.606305898011049E-5;8.26100176119968E-5;0.005483239918996288;2.6389311181610093E-5;2.3520907792304646E-4;14;1.606305898011049E-5;72;8.26100176119968E-5;4779;0.005483239918996288;23;2.6389311181610093E-5;205;2.3520907792304646E-4;1462938x212560-NZ-CP113531_1464636_aligned_141899_R_317_193_100;0.9430458812521941;0.049630949976422124;0.9459496389365161;0.04983798256136638;
198;10;Rickettsia incertae sedis;no rank;2749451;0;0;0;0;0;;0;0;0;;;0.0;;0;780;;;;;;;;;;;8;4.23349861617514E-5;75;3.9689049526641935E-4;4056;0.021463837984007958;21;1.1112933867459743E-4;303;0.0016034376008763342;;0.9117206802760639;0.11527498268974737;0.9119013161142142;0.11515724048152218;
199;11;Candidatus Rickettsia colombianensi;species;1090944;8;303;75;75;21;3.5714285714285716;24;21;4056;507.0;3.9689049526641935E-4;74.9853169429308;1.0001958124292571;188969;2749451;0.9117206802760639;0.11527498268974737;0.9119013161142142;0.11515724048152218;5.296899362565128;4.23349861617514E-5;3.9689049526641935E-4;0.021463837984007958;1.1112933867459743E-4;0.0016034376008763342;8;4.23349861617514E-5;75;3.9689049526641935E-4;4056;0.021463837984007958;21;1.1112933867459743E-4;303;0.0016034376008763342;444612x54001-NZ-CM000770_376231_aligned_32117_F_16_364_4;0.9117206802760639;0.11527498268974737;0.9119013161142142;0.11515724048152218;
200;7;Anaplasmataceae;family;942;0;0;8;8;1;8.0;8;1;0;;6.430868167202572E-5;7.999774923259073;1.0000281353841933;124400;766;;;;;;0.0;6.430868167202572E-5;0.0;8.038585209003215E-6;0.0;79318;0.03827652030399806;2399308;0.7442537697444858;32348636;16.29204508652009;79348;0.03863200197630978;3322548;1.8993389810296875;1359167x228878-NZ-LANU01000001_36776_aligned_102801_R_6_287_9;0.8500490968264228;0.15360636447745146;0.8500493433962868;0.15360644855185418;
201;8;Anaplasma;genus;768;0;0;0;0;0;;0;0;0;;0.0;0.0;;660137;942;;;;;;0.0;0.0;0.0;0.0;0.0;78988;0.03798205322536751;2389785;0.735405342243313;32190362;16.152467905318083;78995;0.038263290131897755;3305202;1.8842860836246254;;0.8500068548793832;0.15370990399337786;0.8500069782151991;0.15370997954507462;
202;9;phagocytophilum group;species group;106179;0;0;0;0;0;;0;0;0;;;0.0;;0;768;;;;;;;;;;;78987;0.037981093952266294;2389592;0.7352202025347785;32188798;16.150967602187784;78994;0.03826233085879654;3305009;1.884100943916091;;0.8500065487748089;0.15371085293492642;0.8500066721121862;0.15371092848735898;
203;10;Anaplasma phagocytophilum;species;948;78285;3265909;2380788;59106;153874;15.472321509806726;415;78291;31880257;407.23327585105704;0.011081012727997752;1920426.5800796864;0.030777536935334155;5333989;106179;0.8502087073786702;0.15361514059165762;0.8502088147218564;0.1536152012227851;17.509125810191055;0.01467663319140703;0.44634287772247;5.9768134130010395;0.014677758053119345;0.6122826649998716;78987;0.037981093952266294;2389592;0.7352202025347785;32188798;16.150967602187784;78994;0.03826233085879654;3305009;1.884100943916091;948x210035-NZ-FLME02000153_569_aligned_57969_F_1_684_0;0.8500065487748089;0.15371085293492642;0.8500066721121862;0.15371092848735898;
204;11;Anaplasma phagocytophilum str. Annie;strain;1359151;2;28;9;9;3;3.0;6;3;741;370.5;0.0025210084033613447;8.98992255448967;1.0011209713375446;3570;948;0.9552169622297317;0.007972106118820127;0.9552169622297317;0.007972106118820127;2.6457513110645907;5.602240896358543E-4;0.0025210084033613447;0.20756302521008405;8.403361344537816E-4;0.00784313725490196;2;5.602240896358543E-4;9;0.0025210084033613447;741;0.20756302521008405;3;8.403361344537816E-4;28;0.00784313725490196;1359151x41837-NZ-LAON01000014_5423_aligned_68918_R_26_113_11;0.9552169622297317;0.007972106118820127;0.9552169622297317;0.007972106118820127;
205;11;Anaplasma phagocytophilum str. CRT53-1;strain;1359157;697;38702;8780;324;754;11.644562334217506;45;697;305242;437.93687230989957;0.01056441357722782;7635.143862030307;0.042435349726841064;30669;948;0.8270218987453811;0.16300848609076748;0.8270238193882588;0.1630104007403606;9.48450492151989;0.022726531676937625;0.2862825654569761;9.95278620104992;0.022726531676937625;1.261925723042812;697;0.022726531676937625;8780;0.2862825654569761;305242;9.95278620104992;697;0.022726531676937625;38702;1.261925723042812;1359157x118545-NZ-LAOD01000041_7741_aligned_101411_F_0_171_2;0.8270218987453811;0.16300848609076748;0.8270238193882588;0.1630104007403606;
206;11;Anaplasma phagocytophilum str. MRK;strain;1392505;1;87;1;1;1;1.0;1;1;503;503.0;8.364001338240215E-6;0.9999999999940279;1.0000000000059721;119560;948;0.8160676532769556;;0.8160676532769556;;;8.364001338240215E-6;8.364001338240215E-6;0.004207092673134827;8.364001338240215E-6;7.276681164268986E-4;1;8.364001338240215E-6;1;8.364001338240215E-6;503;0.004207092673134827;1;8.364001338240215E-6;87;7.276681164268986E-4;1184254x45184-NC-021881_1186674_aligned_114836_R_43_170_291;0.8160676532769556;;0.8160676532769556;;
207;11;Anaplasma phagocytophilum str. Norway variant1;strain;1392506;2;283;14;14;2;7.0;13;2;2055;1027.5;6.538695063285228E-5;13.999574992803074;1.0000303585785386;214110;948;0.8589229666805047;0.0022455431947506245;0.8589229666805047;0.0022455431947506245;8.48528137423857;9.340992947550324E-6;6.538695063285228E-5;0.009597870253607959;9.340992947550324E-6;0.0013217505020783709;2;9.340992947550324E-6;14;6.538695063285228E-5;2055;0.009597870253607959;2;9.340992947550324E-6;283;0.0013217505020783709;948x12492-NZ-LASP01000002_869529_aligned_64463_R_17_301_224;0.8589229666805047;0.0022455431947506245;0.8589229666805047;0.0022455431947506245;
208;9;Anaplasma bovis;species;186733;1;193;193;193;10;19.3;98;1;1564;1564.0;1.8513970853446094E-4;192.98222766549765;1.000092093115088;1042456;768;0.8741851368970013;;0.8741851368970013;;29.649995315720073;9.592731012148234E-7;1.8513970853446094E-4;0.0015003031302999838;9.592731012148234E-7;1.8513970853446094E-4;1;9.592731012148234E-7;193;1.8513970853446094E-4;1564;0.0015003031302999838;1;9.592731012148234E-7;193;1.8513970853446094E-4;186733x78890-NZ-JAWLNY010000059_4760_aligned_22321_R_14_1305_244;0.8741851368970013;;0.8741851368970013;;
209;8;Ehrlichia;genus;943;20;871;934;934;51;18.313725490196077;148;25;10018;500.9;8.932226017833849E-4;933.5834354382336;1.000446199606756;1045652;942;0.8722587914511744;0.14972344094500137;0.8722587914511744;0.14972344094500137;26.45032339770418;1.9126822307995394E-5;8.932226017833849E-4;0.009580625294074894;2.3908527884994244E-5;8.329731115131994E-4;330;2.944670786305465E-4;9515;0.008784118819500614;158274;0.13957718120200768;352;3.606732592030254E-4;17346;0.015052897405062361;1359167x228878-NZ-LANU01000001_252285_aligned_103056_R_2_397_2;0.8601600268651232;0.12619191842180544;0.860189770438003;0.12619211289185728;
210;9;canis group;species group;106178;3;22;173;173;22;7.863636363636363;26;18;862;287.3333333333333;6.843760507941532E-4;172.94115693117527;1.0003402490758642;252785;943;0.9689344381665358;0.024722955436752354;0.9689344381665358;0.024722955436752354;6.998608395996984;1.1867792788337916E-5;6.843760507941532E-4;0.0034100124611824278;7.12067567300275E-5;8.703048044781138E-5;310;2.7534025632255113E-4;8581;0.007890896217717228;148256;0.1299965559079328;327;3.367647313180312E-4;16475;0.01421992429354916;1242993x111312-NZ-QOHL01000002_69144_aligned_195029_F_101_189_103;0.8593794614079586;0.1247662687827265;0.8594111239210243;0.12476667668977232;
211;10;Ehrlichia canis;species;944;1;6;8;8;2;4.0;6;2;173;173.0;7.036072183064526E-6;7.999975373296546;1.0000030783474079;1136998;106178;0.958041958041958;;0.958041958041958;;2.8284271247461903;8.795090228830657E-7;7.036072183064526E-6;1.5215506095877038E-4;1.7590180457661315E-6;5.277054137298394E-6;1;8.795090228830657E-7;8;7.036072183064526E-6;173;1.5215506095877038E-4;2;1.7590180457661315E-6;6;5.277054137298394E-6;1242993x111312-NZ-QOHL01000002_86082_aligned_25398_F_0_170_0;0.958041958041958;;0.958041958041958;;
212;10;Ehrlichia chaffeensis;species;945;1;35;24;24;1;24.0;24;1;82;82.0;2.0173475074410703E-5;23.99976800653695;1.0000096664877338;1189681;106178;0.3269230769230769;;0.3269230769230769;;;8.405614614337793E-7;2.0173475074410703E-5;6.89260398375699E-5;8.405614614337793E-7;2.9419651150182277E-5;1;8.405614614337793E-7;24;2.0173475074410703E-5;82;6.89260398375699E-5;1;8.405614614337793E-7;35;2.9419651150182277E-5;1242993x95039-NZ-QOHL01000013_31821_aligned_162813_F_1_81_0;0.3269230769230769;;0.3269230769230769;;
213;10;Ehrlichia muris;species;35795;1;73;14;14;1;14.0;14;1;612;612.0;2.171774991700717E-5;13.99985883513917;1.000010083306017;644634;106178;0.872852233676976;;0.8745704467353952;;;1.5512678512147978E-6;2.171774991700717E-5;9.493759249434563E-4;1.5512678512147978E-6;1.1324255313868024E-4;1;1.5512678512147978E-6;14;2.171774991700717E-5;612;9.493759249434563E-4;1;1.5512678512147978E-6;73;1.1324255313868024E-4;1359167x228878-NZ-LANU01000001_54214_aligned_56363_F_313_299_2;0.872852233676976;;0.8745704467353952;;
214;10;Ehrlichia japonica;species;391036;0;0;1;1;1;1.0;1;1;0;;1.20600203090742E-6;0.9999999999994995;1.0000000000005005;829186;106178;;;;;;0.0;1.20600203090742E-6;0.0;1.20600203090742E-6;0.0;0;0.0;1;1.20600203090742E-6;0;0.0;1;1.20600203090742E-6;0;0.0;1359167x228878-NZ-LANU01000001_54214_aligned_56363_F_313_299_2;;;;;
215;10;Ehrlichia minasensis;species;1242993;304;16339;8361;2678;498;16.789156626506024;143;304;146527;481.9967105263158;0.002292166491059438;8331.157516595405;0.3214439283695582;1168327;106178;0.8596809620175183;0.12158745886948785;0.8597075974319653;0.12158715233582178;19.26553105973589;2.6020112519868155E-4;0.007156386867717685;0.12541608642101057;2.6020112519868155E-4;0.013984954554675189;304;2.6020112519868155E-4;8361;0.007156386867717685;146527;0.12541608642101057;304;2.6020112519868155E-4;16339;0.013984954554675189;1242993x135453-NZ-QOHL01000049_2159_aligned_66599_R_33_294_366;0.8596809620175183;0.12158745886948785;0.8597075974319653;0.12158715233582178;
216;4;Spirochaetota;phylum;203691;0;0;0;0;0;;0;0;0;;;0.0;;0;3379134;;;;;;;;;;;5357;0.00603471026567937;284511;0.27730744649371625;2700365;3.438352515937164;10326;0.020075271700450557;287955;0.39683683871406417;;0.8536000720459254;0.14644074773958748;0.8542527451038174;0.146310647242152;
217;5;Spirochaetia;class;203692;1;48;89;76;7;12.714285714285714;22;5;616;616.0;0.06534823731728288;85.71527803894269;0.8866564017382201;1163;203691;0.9180887372013652;;0.9180887372013652;;7.499206307209798;8.598452278589854E-4;0.0765262252794497;0.529664660361135;0.004299226139294927;0.0412725709372313;5357;0.00603471026567937;284511;0.27730744649371625;2700365;3.438352515937164;10326;0.020075271700450557;287955;0.39683683871406417;139x182215-NZ-CM135764_302970_aligned_85378_R_55_500_74;0.8536000720459254;0.14644074773958748;0.8542527451038174;0.146310647242152;
218;6;Spirochaetales;order;136;0;0;69;67;13;5.3076923076923075;18;9;0;;0.04536222071767095;67.43539636922533;0.9935435039657596;1477;203692;;;;;5.218310955737424;0.0;0.046716316858496955;0.0;0.006093432633716994;0.0;5356;0.0051748650378203856;284422;0.20078122121426623;2699749;2.9086878555760287;10321;0.01577604556115563;287907;0.3555642677768329;139x231692-NZ-PHQB01000001_438593_aligned_30928_R_2_772_98;0.8535880315931331;0.1464517684573308;0.8542408265093255;0.14632170690979324;
219;7;Borreliaceae;family;1643685;45;897;20532;18696;2364;8.685279187817258;108;1538;16212;360.26666666666665;0.03908378052375109;20097.621395930153;0.9302593392363344;478357;136;0.9067833793843606;0.12669724056846182;0.9067833793843606;0.12669724056846182;8.88097453686199;9.407200061878472E-5;0.042921918148997505;0.033891006089594174;0.0032151719322597977;0.0018751685456677753;5356;0.0051748650378203856;284353;0.1540649043557693;2699749;2.9086878555760287;10312;0.00968261292743864;287907;0.3555642677768329;139x199749-NZ-CP124096_440172_aligned_19214_F_333_450_115;0.8535880315931331;0.1464517684573308;0.8542408265093255;0.14632170690979324;
220;8;Borrelia;genus;138;19;545;2611;2335;170;15.358823529411765;215;89;8495;447.10526315789474;4.389619217922129E-4;2610.359548823991;0.8945127888807329;5319368;1643685;0.8715326708744395;0.15469881457401038;0.8718789312622511;0.15493180520966782;21.538888974427106;3.571852896810298E-6;4.908477849248256E-4;0.0015969942293896568;1.6731310937690342E-5;1.0245578046113748E-4;70;2.904688238258773E-4;3995;0.007994130582013056;47653;0.2150884926257995;158;3.5102972836056407E-4;3960;0.019161199996185208;1653839x5947-NZ-CP073224_4236_aligned_47910_F_3_700_274;0.8795184795867823;0.11297618938159067;0.8801365912605738;0.11293654570697217;
221;9;Borrelia hermsii;species;140;0;0;3;3;1;3.0;3;1;0;;3.5975234648467994E-6;2.999996402393389;1.0000011992036417;833907;138;;;;;;0.0;3.5975234648467994E-6;0.0;1.1991744882822664E-6;0.0;0;0.0;3;3.5975234648467994E-6;0;0.0;1;1.1991744882822664E-6;0;0.0;139x182215-NZ-CM135764_400357_aligned_68635_R_84_531_185;;;;;
222;9;Borrelia parkeri;species;141;0;0;2;2;1;2.0;2;1;0;;3.457432096033634E-6;1.9999982712155884;1.000000864392953;578464;138;;;;;;0.0;3.457432096033634E-6;0.0;1.728716048016817E-6;0.0;0;0.0;2;3.457432096033634E-6;0;0.0;1;1.728716048016817E-6;0;0.0;139x185365-NZ-CM135763_741217_aligned_55099_R_9_662_26;;;;;
223;9;Borrelia turicatae;species;142;0;0;1;1;1;1.0;1;1;0;;2.2068819406437032E-6;0.9999999999966134;1.0000000000033866;453128;138;;;;;;0.0;2.2068819406437032E-6;0.0;2.2068819406437032E-6;0.0;0;0.0;1;2.2068819406437032E-6;0;0.0;1;2.2068819406437032E-6;0;0.0;1653839x5947-NZ-CP073224_14996_aligned_34325_R_14_716_321;;;;;
224;9;Borrelia coriaceae;species;144;0;0;3;3;2;1.5;2;2;0;;2.0600433982475897E-6;2.9999979398095755;1.000000686730613;1456280;138;;;;;0.7071067811865476;0.0;2.0600433982475897E-6;0.0;1.3733622654983932E-6;0.0;0;0.0;3;2.0600433982475897E-6;0;0.0;2;1.3733622654983932E-6;0;0.0;139x199676-NZ-PHPZ01000001_218669_aligned_34368_R_14_483_183;;;;;
225;9;Borrelia crocidurae;species;29520;0;0;0;0;0;;0;0;0;;0.0;0.0;;236309;138;;;;;;0.0;0.0;0.0;0.0;0.0;1;4.155930512841825E-6;141;5.84362808563958E-4;2785;0.011574266478264483;2;6.688467278944328E-6;176;7.314437702601612E-4;;0.9361161524500907;;0.9361161524500907;;
226;10;Borrelia crocidurae str. Achema;strain;1155096;1;176;140;140;9;15.555555555555555;31;1;2785;2785.0;5.818302717978556E-4;139.95957052541038;1.0002888653804656;240620;29520;0.9361161524500907;;0.9361161524500907;;10.393641218445909;4.155930512841825E-6;5.818302717978556E-4;0.011574266478264483;4.155930512841825E-6;7.314437702601612E-4;1;4.155930512841825E-6;140;5.818302717978556E-4;2785;0.011574266478264483;1;4.155930512841825E-6;176;7.314437702601612E-4;1155096x48965-NC-017784_6960_aligned_52492_R_188_2392_177;0.9361161524500907;;0.9361161524500907;;
227;10;Borrelia crocidurae DOU;strain;1293575;0;0;1;1;1;1.0;1;1;0;;2.532536766102502E-6;0.9999999999893641;1.000000000010636;394861;29520;;;;;;0.0;2.532536766102502E-6;0.0;2.532536766102502E-6;0.0;0;0.0;1;2.532536766102502E-6;0;0.0;1;2.532536766102502E-6;0;0.0;139x182215-NZ-CM135764_735668_aligned_701_F_1_1502_0;;;;;
228;9;Borrelia duttonii;species;40834;1;19;5;5;1;5.0;5;1;135;135.0;1.0627218431847649E-4;4.999787460157036;1.0000425097755972;47049;138;0.819047619047619;;0.819047619047619;;;2.1254436863695298E-5;1.0627218431847649E-4;0.002869348976598865;2.1254436863695298E-5;4.0383430041021065E-4;6;4.073576595789142E-5;68;3.517369309053476E-4;1036;0.006379884479373006;6;4.073576595789142E-5;161;9.571040466853806E-4;412419x159301-NC-011264_1059_aligned_171071_R_7_68_60;0.8113224656395958;0.07688406375392035;0.8113224656395958;0.07688406375392035;
229;10;Borrelia duttonii Ly;strain;412419;5;142;63;63;5;12.6;45;5;901;180.2;2.4546474658687114E-4;62.99239119616031;1.0001207892524033;256656;40834;0.8097774349579911;0.08585479413284251;0.8097774349579911;0.08585479413284251;18.297540818372287;1.9481329094196124E-5;2.4546474658687114E-4;0.0035105355027741413;1.9481329094196124E-5;5.532697462751699E-4;5;1.9481329094196124E-5;63;2.4546474658687114E-4;901;0.0035105355027741413;5;1.9481329094196124E-5;142;5.532697462751699E-4;412419x159301-NC-011264_25861_aligned_108146_F_160_169_236;0.8097774349579911;0.08585479413284251;0.8097774349579911;0.08585479413284251;
230;9;Borrelia persica;species;44448;0;0;0;0;0;;0;0;0;;;0.0;;0;138;;;;;;;;;;;1;6.94456018711423E-7;1;6.94456018711423E-7;606;4.208403473391223E-4;1;6.94456018711423E-7;2;1.388912037422846E-6;;0.9965277777777778;;0.9965277777777778;;
231;10;Borrelia persica No12;strain;1417230;1;2;1;1;1;1.0;1;1;606;606.0;6.94456018711423E-7;0.9999999999699565;1.0000000000300435;1439976;44448;0.9965277777777778;;0.9965277777777778;;;6.94456018711423E-7;6.94456018711423E-7;4.208403473391223E-4;6.94456018711423E-7;1.388912037422846E-6;1;6.94456018711423E-7;1;6.94456018711423E-7;606;4.208403473391223E-4;1;6.94456018711423E-7;2;1.388912037422846E-6;1653839x5947-NZ-CP073224_2220_aligned_193059_F_186_39_381;0.9965277777777778;;0.9965277777777778;;
232;9;Borrelia miyamotoi;species;47466;1;79;9;9;2;4.5;8;2;902;902.0;2.9383389569876148E-6;8.999988247124826;1.0000013058767248;3062955;138;0.9094036697247706;;0.9094036697247706;;4.949747468305833;3.264821063319572E-7;2.9383389569876148E-6;2.9448685991142543E-4;6.529642126639144E-7;2.579208640022462E-5;1;3.264821063319572E-7;9;2.9383389569876148E-6;902;2.9448685991142543E-4;2;6.529642126639144E-7;79;2.579208640022462E-5;139x231692-NZ-PHQB01000001_438593_aligned_30928_R_2_772_98;0.9094036697247706;;0.9094036697247706;;
233;9;Borrelia venezuelensis;species;1653839;41;2959;1105;956;92;12.01086956521739;61;42;33187;809.439024390244;0.005585612956752398;1101.4438353044943;0.8679516552341624;171154;138;0.8868914611657166;0.09594167791802674;0.8877066049691499;0.09559213373052478;11.270397445352422;2.3955034647159867E-4;0.0064561739719784525;0.19390139874031573;2.4539303784895476E-4;0.0172885237855966;41;2.3955034647159867E-4;1105;0.0064561739719784525;33187;0.19390139874031573;42;2.4539303784895476E-4;2959;0.0172885237855966;1653839x5947-NZ-CP073224_3931_aligned_3389_F_31_437_10;0.8868914611657166;0.09594167791802674;0.8877066049691499;0.09559213373052478;
234;9;Candidatus Borrelia fainii;species;2518322;0;0;1;1;1;1.0;1;1;0;;1.729672884264128E-6;0.9999999999942517;1.0000000000057483;578144;138;;;;;;0.0;1.729672884264128E-6;0.0;1.729672884264128E-6;0.0;0;0.0;1;1.729672884264128E-6;0;0.0;1;1.729672884264128E-6;0;0.0;139x144021-NZ-PHQC01000001_49350_aligned_57805_R_35_517_22;;;;;
235;9;unclassified Borrelia;no rank;2649934;0;0;4;4;1;4.0;4;1;0;;4.757673830534037E-6;3.999992863405336;1.0000017841518491;840747;138;;;;;;0.0;4.757673830534037E-6;0.0;1.1894184576335092E-6;0.0;0;0.0;18;4.843706130660211E-5;0;0.0;7;2.7593948893927525E-5;0;0.0;139x185365-NZ-CM135763_303213_aligned_30043_R_16_1143_0;;;;;
236;10;Borrelia sp. HM;species;1882662;0;0;2;2;2;1.0;1;2;0;;2.493849543563187E-6;1.999998753018915;1.0000006234909313;801973;2649934;;;;;0.0;0.0;2.493849543563187E-6;0.0;2.493849543563187E-6;0.0;0;0.0;2;2.493849543563187E-6;0;0.0;2;2.493849543563187E-6;0;0.0;139x103558-NZ-PHOQ01000001_180052_aligned_1838_R_25_940_123;;;;;
237;10;Borrelia sp. A-FGy1;species;2608247;0;0;8;8;1;8.0;8;1;0;;7.149642920021413E-6;7.999974976729353;1.0000031279186148;1118937;2649934;;;;;;0.0;7.149642920021413E-6;0.0;8.937053650026766E-7;0.0;0;0.0;8;7.149642920021413E-6;0;0.0;1;8.937053650026766E-7;0;0.0;139x220549-NZ-PHOR01000001_386650_aligned_24404_R_2_551_2;;;;;
238;10;Borrelia sp. P9F1;species;3058374;0;0;1;1;1;1.0;1;1;0;;9.791365582175015E-7;0.9999999999471227;1.0000000000528773;1021308;2649934;;;;;;0.0;9.791365582175015E-7;0.0;9.791365582175015E-7;0.0;0;0.0;1;9.791365582175015E-7;0;0.0;1;9.791365582175015E-7;0;0.0;139x137415-NZ-PHON01000001_869225_aligned_161155_F_194_124_70;;;;;
239;10;Borrelia sp. MN22-0132;species;3085635;0;0;3;3;2;1.5;2;2;0;;3.3056758454265975E-5;2.9999669433599125;1.0000110190014462;90753;2649934;;;;;0.7071067811865476;0.0;3.3056758454265975E-5;0.0;2.203783896951065E-5;0.0;0;0.0;3;3.3056758454265975E-5;0;0.0;2;2.203783896951065E-5;0;0.0;1653839x5947-NZ-CP073224_4862_aligned_54611_R_0_571_3;;;;;
240;9;Borrelia puertoricensis;species;2756107;1;38;32;32;3;10.666666666666666;22;3;642;642.0;4.588767557413369E-5;31.9992887524133;1.000022226981112;697355;138;0.934640522875817;;0.9379084967320261;;10.598742063723098;1.433989861691678E-6;4.588767557413369E-5;9.206214912060572E-4;4.301969585075033E-6;5.4491614744283755E-5;1;1.433989861691678E-6;32;4.588767557413369E-5;642;9.206214912060572E-4;3;4.301969585075033E-6;38;5.4491614744283755E-5;1653839x5947-NZ-CP073224_16741_aligned_360_F_32_472_322;0.934640522875817;;0.9379084967320261;;
241;8;Borreliella;genus;64895;1822;57031;181687;160953;12155;14.947511312217195;209;4688;740526;406.4357848518112;0.025032006778345127;179144.0898126563;0.8984555402766565;6429888;1643685;0.8720432311984712;0.14929769992867442;0.8722633792042891;0.1492016034652631;16.24869081754849;2.833641892362666E-4;0.028256635263320295;0.11516934665113918;7.290951257626883E-4;0.008869672379985467;5241;0.004790324213375723;259826;0.10314885562475877;2635884;2.6597083568606354;8616;0.0061164112668182806;283050;0.33452789923497994;139x137831-NZ-PHON01000003_10062_aligned_28356_F_39_411_76;0.8527849554606849;0.14690828608227952;0.8534438186077868;0.1467783181673145;
242;9;Borreliella burgdorferi;species;139;2950;200689;67835;61496;5500;12.333636363636364;129;3044;1641119;556.3115254237288;0.03503426745133338;66540.97978341664;0.9241823640133121;1755310;64895;0.8394470442510086;0.1437380113549107;0.8402069147834963;0.1436971732416639;11.95159645426298;0.0016806148201742143;0.0386455953649213;0.9349453942608428;0.0017341666144441723;0.11433251106642131;2970;0.0038865003230951637;67978;0.06256164589955313;1654340;2.238640909661219;3064;0.003940052117365121;202294;0.29694544276318036;139x91700-NZ-PHPM01000009_8427_aligned_117471_R_3_399_314;0.8395669900366792;0.1434513056128902;0.8403236431344362;0.14341043267904838;
243;10;Borreliella burgdorferi ZS7;strain;445985;2;142;7;7;2;3.5;6;2;1586;793.0;0.002139364303178484;6.993585175292134;1.0009172440954217;3272;139;0.9128422335344641;0.0471274807878198;0.9133898786604224;0.04635299362332616;3.5355339059327378;6.112469437652812E-4;0.002139364303178484;0.484718826405868;6.112469437652812E-4;0.04339853300733496;2;6.112469437652812E-4;7;0.002139364303178484;1586;0.484718826405868;2;6.112469437652812E-4;142;0.04339853300733496;139x204785-NZ-CP031398_8691_aligned_111326_F_400_85_158;0.9128422335344641;0.0471274807878198;0.9133898786604224;0.04635299362332616;
244;10;Borreliella burgdorferi 118a;strain;476210;2;173;25;25;2;12.5;24;2;838;419.0;0.0030233401862377555;24.963753532751014;1.0014519638323394;8269;139;0.76185127133403;0.041758953239352144;0.7627133402995472;0.042978102862088495;16.263455967290593;2.4186721489902045E-4;0.0030233401862377555;0.10134236304268956;2.4186721489902045E-4;0.020921514088765268;2;2.4186721489902045E-4;25;0.0030233401862377555;838;0.10134236304268956;2;2.4186721489902045E-4;173;0.020921514088765268;139x163115-NZ-PHOU01000002_50761_aligned_107398_R_1_216_1;0.76185127133403;0.041758953239352144;0.7627133402995472;0.042978102862088495;
245;10;Borreliella burgdorferi WI91-23;strain;498737;1;93;5;5;1;5.0;5;1;401;401.0;8.827683615819209E-4;4.998234774961734;1.00035316969245;5664;139;0.7493261455525606;;0.7493261455525606;;;1.7655367231638418E-4;8.827683615819209E-4;0.07079802259887005;1.7655367231638418E-4;0.01641949152542373;1;1.7655367231638418E-4;5;8.827683615819209E-4;401;0.07079802259887005;1;1.7655367231638418E-4;93;0.01641949152542373;521007x131146-NC-017418_48624_aligned_8643_F_3_389_0;0.7493261455525606;;0.7493261455525606;;
246;10;Borreliella burgdorferi 29805;strain;498738;1;65;12;12;1;12.0;12;1;464;464.0;0.004782781984854523;11.973729615686596;1.0021940017986533;2509;139;0.8502304147465438;;0.8502304147465438;;;3.9856516540454366E-4;0.004782781984854523;0.18493423674770826;3.9856516540454366E-4;0.025906735751295335;1;3.9856516540454366E-4;12;0.004782781984854523;464;0.18493423674770826;1;3.9856516540454366E-4;65;0.025906735751295335;139x22532-NZ-PHPP01000001_166755_aligned_36135_R_4_478_0;0.8502304147465438;;0.8502304147465438;;
247;10;Borreliella burgdorferi JD1;strain;521008;3;286;12;12;3;4.0;9;3;2464;821.3333333333334;4.5641259698767686E-4;11.997490048928979;1.000209206347393;26292;139;0.8494516724435304;0.1611484876080815;0.8494516724435304;0.1611484876080815;4.358898943540674;1.1410314924691921E-4;4.5641259698767686E-4;0.09371671991480299;1.1410314924691921E-4;0.010877833561539632;3;1.1410314924691921E-4;12;4.5641259698767686E-4;2464;0.09371671991480299;3;1.1410314924691921E-4;286;0.010877833561539632;139x22945-NZ-PHOM01000002_13261_aligned_1817_F_2_571_0;0.8494516724435304;0.1611484876080815;0.8494516724435304;0.1611484876080815;
248;10;Borreliella burgdorferi 297;strain;521009;1;109;25;25;1;25.0;25;1;491;491.0;0.011462631820265932;24.86293072346214;1.005512997565026;2181;139;0.7635574837310195;;0.7635574837310195;;;4.585052728106373E-4;0.011462631820265932;0.22512608895002292;4.585052728106373E-4;0.04997707473635947;1;4.585052728106373E-4;25;0.011462631820265932;491;0.22512608895002292;1;4.585052728106373E-4;109;0.04997707473635947;139x22945-NZ-PHOM01000002_7973_aligned_424_F_58_446_1;0.7635574837310195;;0.7635574837310195;;
249;10;Borreliella burgdorferi CA8;strain;747491;10;737;57;57;10;5.7;13;10;6977;697.7;0.001168751281525528;56.96728726249187;1.0005742372347377;48770;139;0.8884323797364182;0.07585035386438159;0.8887145998681211;0.07595119617443033;4.762119042797837;2.050440844781628E-4;0.001168751281525528;0.1430592577404142;2.050440844781628E-4;0.0151117490260406;10;2.050440844781628E-4;57;0.001168751281525528;6977;0.1430592577404142;10;2.050440844781628E-4;737;0.0151117490260406;139x107172-NZ-PHPO01000001_220739_aligned_1602_F_0_506_1;0.8884323797364182;0.07585035386438159;0.8887145998681211;0.07595119617443033;
250;9;Borreliella afzelii;species;29518;16;707;110;110;31;3.5483870967741935;13;31;10479;654.9375;1.169851854215189E-4;109.99362454687596;1.0000579620241654;940290;64895;0.8593093613852293;0.19677811828506922;0.8598199564595395;0.19693991854257603;3.4335473364769498;1.701602697040275E-5;1.169851854215189E-4;0.01114443416392815;3.296855225515532E-5;7.518956917546714E-4;16;1.701602697040275E-5;112;1.8432565614838456E-4;10479;0.01114443416392815;33;1.0030902298202098E-4;707;7.518956917546714E-4;498737x91010-NZ-ABJW02000006_25050_aligned_202555_R_37_65_174;0.8593093613852293;0.19677811828506922;0.8598199564595395;0.19693991854257603;
251;10;Borreliella afzelii PKo;strain;390236;0;0;1;1;1;1.0;1;1;0;;2.905709719599012E-5;1.0000000000013038;0.9999999999986962;34415;29518;;;;;;0.0;2.905709719599012E-5;0.0;2.905709719599012E-5;0.0;0;0.0;1;2.905709719599012E-5;0;0.0;1;2.905709719599012E-5;0;0.0;139x5321-NZ-CP161095_9261_aligned_123302_F_207_577_145;;;;;
252;10;Borreliella afzelii K78;strain;411555;0;0;1;1;1;1.0;1;1;0;;3.828337353087554E-5;0.9999999999992077;1.0000000000007923;26121;29518;;;;;;0.0;3.828337353087554E-5;0.0;3.828337353087554E-5;0.0;0;0.0;1;3.828337353087554E-5;0;0.0;1;3.828337353087554E-5;0;0.0;139x3525-NZ-CP161091_207890_aligned_8043_F_76_541_227;;;;;
253;9;Borreliella garinii;species;29519;48;2390;915;891;97;9.43298969072165;52;80;19093;397.7708333333333;4.087011605553382E-4;914.8082193597065;0.9739746333101703;2180077;64895;0.7901101501069009;0.24162093466897544;0.791174037123779;0.2408510036633789;11.12514720548194;2.2017570939008117E-5;4.197099460248422E-4;0.00875794754038504;3.669595156501353E-5;0.0010962915530047792;50;1.1561401130187634E-4;938;0.0015994380613623081;20523;0.03247113901308264;87;3.298271424468919E-4;2419;0.0021433327847729246;29519x44722-NZ-JAEIQJ010000010_5614_aligned_192704_R_1_280_0;0.7947678340942145;0.2382930741975641;0.7957891656304175;0.23752392986235715;
254;10;Borreliella garinii BgVir;strain;1081646;1;19;10;10;4;2.5;4;4;1342;1342.0;1.234186979327368E-4;9.99944463412965;1.0000555396715187;81025;29519;0.9855182926829268;;0.9855182926829268;;1.0;1.2341869793273682E-5;1.234186979327368E-4;0.01656278926257328;4.936747917309473E-5;2.3449552607219995E-4;1;1.2341869793273682E-5;10;1.234186979327368E-4;1342;0.01656278926257328;4;4.936747917309473E-5;19;2.3449552607219995E-4;139x48375-NZ-PHQD01000001_101526_aligned_34057_F_284_370_681;0.9855182926829268;;0.9855182926829268;;
255;10;Borreliella garinii IPT108;strain;1408841;1;10;13;12;3;4.333333333333333;11;3;88;88.0;9.750548468351345E-4;12.993664031375827;0.9235270337160923;12307;29519;0.8275862068965517;;0.8275862068965517;;5.773502691896257;8.125457056959453E-5;0.0010563094174047291;0.007150402210124319;2.4376371170878363E-4;8.125457056959454E-4;1;8.125457056959453E-5;13;0.0010563094174047291;88;0.007150402210124319;3;2.4376371170878363E-4;10;8.125457056959454E-4;139x65225-NZ-PHOJ01000001_667866_aligned_81614_R_0_680_1;0.8275862068965517;;0.8275862068965517;;
256;9;Borreliella japonica;species;34095;17;840;178;178;42;4.238095238095238;26;42;8464;497.88235294117646;1.910957948189421E-4;177.98308909639496;1.000095014103255;931470;64895;0.8636865517674469;0.17109904567362552;0.864057123085451;0.17115756436416987;4.972164095802403;1.8250721977089976E-5;1.910957948189421E-4;0.009086712400828797;4.509001900222229E-5;9.018003800444459E-4;17;1.8250721977089976E-5;178;1.910957948189421E-4;8464;0.009086712400828797;42;4.509001900222229E-5;840;9.018003800444459E-4;139x64442-NZ-CP077727_365681_aligned_7288_R_457_903_163;0.8636865517674469;0.17109904567362552;0.864057123085451;0.17115756436416987;
257;9;Borreliella andersonii;species;42109;124;8073;6390;5966;397;16.095717884130984;136;152;81965;661.008064516129;0.006119620841996642;6369.107184814312;0.9367089965489308;974897;64895;0.8830588232676394;0.1007534423353321;0.8841295695998772;0.10005811944493039;20.14984038338183;1.271929239704297E-4;0.006554538582024563;0.08407554849384088;1.559139068024622E-4;0.008280874800107089;124;1.271929239704297E-4;6390;0.006554538582024563;81965;0.08407554849384088;152;1.559139068024622E-4;8073;0.008280874800107089;42109x2856-NZ-CP179270_11273_aligned_123966_F_146_560_122;0.8830588232676394;0.1007534423353321;0.8841295695998772;0.10005811944493039;
258;9;Borreliella tanukii;species;56146;8;459;68;68;20;3.4;12;20;5198;649.75;8.18197678965702E-5;67.99725910839558;1.000040308854215;831095;64895;0.9026463210834471;0.06549460912324276;0.9044371398440597;0.06544185795878288;3.6186650635428066;9.625855046655316E-6;8.18197678965702E-5;0.006254399316564292;2.406463761663829E-5;5.522834333018488E-4;8;9.625855046655316E-6;68;8.18197678965702E-5;5198;0.006254399316564292;20;2.406463761663829E-5;459;5.522834333018488E-4;139x188243-NZ-JAJNFJ010000020_6850_aligned_49972_R_625_1806_1009;0.9026463210834471;0.06549460912324276;0.9044371398440597;0.06544185795878288;
259;9;Borreliella turdi;species;57863;17;792;167;167;33;5.0606060606060606;29;32;8353;491.3529411764706;1.191971678181922E-4;166.99010702614558;1.000059242873908;1401040;64895;0.8931552644758493;0.08659544151802681;0.8988331776908741;0.08455378416509488;6.234678189065746;1.2133843430594416E-5;1.191971678181922E-4;0.005961999657397362;2.2840175869354194E-5;5.652943527665163E-4;17;1.2133843430594416E-5;167;1.191971678181922E-4;8353;0.005961999657397362;32;2.2840175869354194E-5;792;5.652943527665163E-4;139x144021-NZ-PHQC01000001_768644_aligned_46757_F_86_655_11;0.8931552644758493;0.08659544151802681;0.8988331776908741;0.08455378416509488;
260;9;Borreliella valaisiana;species;62088;12;622;123;123;28;4.392857142857143;18;27;5464;455.3333333333333;1.0714808387865611E-4;122.99346419360627;1.0000531394609997;1147944;64895;0.8634842774109153;0.09101260729031484;0.865389110968816;0.08779104799065911;4.763590971294549;1.0453471597917669E-5;1.0714808387865611E-4;0.004759814067585178;2.3520311095314753E-5;5.418382778253992E-4;12;1.0453471597917669E-5;123;1.0714808387865611E-4;5464;0.004759814067585178;27;2.3520311095314753E-5;622;5.418382778253992E-4;139x243106-NZ-PHQG01000001_599280_aligned_25575_F_201_490_4;0.8634842774109153;0.09101260729031484;0.865389110968816;0.08779104799065911;
261;9;Borreliella bissettiae;species;64897;11;424;118;118;24;4.916666666666667;23;24;5830;530.0;2.573901511185565E-4;117.98494394539105;1.0001276099653522;458448;64895;0.8816007021670369;0.1617794978573013;0.8832023168739621;0.162689360823027;5.123828957762525;2.3993997138170524E-5;2.573901511185565E-4;0.012716818483230377;5.235053921055387E-5;9.248595260531184E-4;11;2.3993997138170524E-5;119;2.7415180046485216E-4;5830;0.012716818483230377;25;6.911218855684955E-5;424;9.248595260531184E-4;139x48375-NZ-PHQD01000001_267585_aligned_331_F_2_471_27;0.8816007021670369;0.1617794978573013;0.8832023168739621;0.162689360823027;
262;10;Borreliella bissettiae DN127;strain;521010;0;0;1;1;1;1.0;1;1;0;;1.6761649346295674E-5;0.9999999999987796;1.0000000000012204;59660;64897;;;;;;0.0;1.6761649346295674E-5;0.0;1.6761649346295674E-5;0.0;0;0.0;1;1.6761649346295674E-5;0;0.0;1;1.6761649346295674E-5;0;0.0;139x137831-NZ-PHON01000003_502_aligned_54991_F_0_421_7;;;;;
263;9;Borreliella sinica;species;87162;12;528;121;121;26;4.653846153846154;20;26;6066;505.5;1.5583345138897833E-4;120.99065046634338;1.0000772748441353;776470;64895;0.8296347594905343;0.20524165913655215;0.8347400708458457;0.20043532881294995;4.774451237093601;1.5454557162543304E-5;1.5583345138897833E-4;0.0078122786456656405;3.348487385217716E-5;6.800005151519054E-4;12;1.5454557162543304E-5;121;1.5583345138897833E-4;6066;0.0078122786456656405;26;3.348487385217716E-5;528;6.800005151519054E-4;139x119248-NZ-JAJNFH010000010_24735_aligned_17791_F_0_198_0;0.8296347594905343;0.20524165913655215;0.8347400708458457;0.20043532881294995;
264;9;Borreliella spielmanii;species;88916;6;182;72;72;26;2.769230769230769;13;26;2832;472.0;9.144784805432003E-5;71.99675369735542;1.000045089569708;787334;64895;0.9302886899850592;0.06345569882138188;0.9302886899850592;0.06345569882138188;2.9025188000451236;7.620654004526668E-6;9.144784805432003E-5;0.0035969486901365876;3.302283401961557E-5;2.3115983813730895E-4;6;7.620654004526668E-6;72;9.144784805432003E-5;2832;0.0035969486901365876;26;3.302283401961557E-5;182;2.3115983813730895E-4;139x48375-NZ-PHQD01000001_637281_aligned_31633_F_197_377_249;0.9302886899850592;0.06345569882138188;0.9302886899850592;0.06345569882138188;
265;9;Borreliella lusitaniae;species;100177;13;541;121;121;36;3.361111111111111;17;36;6046;465.0769230769231;1.0194444280621877E-4;120.99388353854656;1.000050551823568;1186921;64895;0.8582278974644377;0.19731043176930932;0.8600049820856024;0.19794197970193045;3.742823821492291;1.0952708731246646E-5;1.0194444280621877E-4;0.00509385207608594;3.033057802499071E-5;4.558011864311104E-4;13;1.0952708731246646E-5;121;1.0194444280621877E-4;6046;0.00509385207608594;36;3.033057802499071E-5;541;4.558011864311104E-4;139x181898-NZ-PHOZ01000001_174752_aligned_56500_F_9_273_1;0.8582278974644377;0.19731043176930932;0.8600049820856024;0.19794197970193045;
266;9;Borreliella lanei;species;373540;14;878;178;178;36;4.944444444444445;31;34;5457;389.7857142857143;4.1234247590808004E-4;177.9635126511876;1.0002050271331961;431680;64895;0.8064712202557889;0.17324930349344544;0.8072152678748366;0.17370845362151188;5.894037880747166;3.243143068939956E-5;4.1234247590808004E-4;0.01264130837657524;7.876204595997034E-5;0.0020339140103780577;14;3.243143068939956E-5;178;4.1234247590808004E-4;5457;0.01264130837657524;34;7.876204595997034E-5;878;0.0020339140103780577;139x3525-NZ-CP161091_49071_aligned_8854_F_0_386_0;0.8064712202557889;0.17324930349344544;0.8072152678748366;0.17370845362151188;
267;9;Borreliella californiensis;species;373543;13;522;159;159;28;5.678571428571429;31;28;6082;467.84615384615387;2.8283511068814317E-4;158.97765810403416;1.000140534816227;562165;64895;0.8235397048935236;0.2659587562690613;0.8251941999450542;0.2660088941029744;7.458793326242382;2.3124883263810447E-5;2.8283511068814317E-4;0.01081888769311501;4.9807440875899427E-5;9.285530049006964E-4;13;2.3124883263810447E-5;159;2.8283511068814317E-4;6082;0.01081888769311501;28;4.9807440875899427E-5;522;9.285530049006964E-4;139x35039-NZ-JBTFXX010000009_20193_aligned_175541_F_0_132_0;0.8235397048935236;0.2659587562690613;0.8251941999450542;0.2660088941029744;
268;9;Borreliella carolinensis;species;478174;17;800;113;113;30;3.7666666666666666;24;30;8539;502.29411764705884;1.848577004683607E-4;112.98964859614654;1.0000916137361437;611281;64895;0.8842947290802317;0.0892521253891645;0.886636052362156;0.08652235278750159;4.746565606569793;2.781045051293922E-5;1.848577004683607E-4;0.013969025701764;4.9077265611069215E-5;0.0013087270829618457;17;2.781045051293922E-5;113;1.848577004683607E-4;8539;0.013969025701764;30;4.9077265611069215E-5;800;0.0013087270829618457;139x144021-NZ-PHQC01000001_138706_aligned_77754_R_18_404_73;0.8842947290802317;0.0892521253891645;0.886636052362156;0.08652235278750159;
269;9;Borreliella americana;species;478807;38;1904;409;409;77;5.311688311688312;28;74;18039;474.7105263157895;4.010259990351844E-4;408.91820158843996;1.0002000361227315;1019884;64895;0.8610872243124563;0.14549139741682127;0.8635086520811409;0.1452253225010787;5.8202453833687064;3.725913927466261E-5;4.010259990351844E-4;0.01768730561514839;7.255727121907982E-5;0.0018668789783936213;38;3.725913927466261E-5;409;4.010259990351844E-4;18039;0.01768730561514839;74;7.255727121907982E-5;1904;0.0018668789783936213;139x152178-NZ-JBTFXU010000010_9483_aligned_24598_F_4_518_9;0.8610872243124563;0.14549139741682127;0.8635086520811409;0.1452253225010787;
270;9;Borreliella finlandensis;species;498741;14;806;251;251;47;5.340425531914893;31;47;7857;561.2142857142857;5.008230657953808E-4;250.93740747958933;1.0002494347934785;501175;64895;0.8758410617859459;0.0967867054629809;0.8795287970803151;0.09583660268130631;6.434541961147564;2.793435426747144E-5;5.008230657953808E-4;0.015677158677108793;9.377961789793984E-5;0.0016082206813987131;14;2.793435426747144E-5;251;5.008230657953808E-4;7857;0.015677158677108793;47;9.377961789793984E-5;806;0.0016082206813987131;139x3525-NZ-CP161091_857165_aligned_55632_F_56_415_916;0.8758410617859459;0.0967867054629809;0.8795287970803151;0.09583660268130631;
271;9;Borreliella bavariensis;species;664662;10;476;101;101;32;3.15625;19;31;4970;497.0;6.706030846413966E-5;100.99664705344344;1.000033198592769;1506107;64895;0.8920458072700781;0.07853170683708696;0.892923000252534;0.07702096986548347;3.4182562523092987;6.639634501399967E-6;6.706030846413966E-5;0.0032998983471957837;2.05828669543399E-5;3.160466022666384E-4;10;6.639634501399967E-6;101;6.706030846413966E-5;4970;0.0032998983471957837;31;2.05828669543399E-5;476;3.160466022666384E-4;139x48375-NZ-PHQD01000001_138775_aligned_6621_R_19_1295_10;0.8920458072700781;0.07853170683708696;0.892923000252534;0.07702096986548347;
272;9;Borreliella yangtzensis;species;683292;19;910;110;110;25;4.4;24;25;10427;548.7894736842105;9.138588353949158E-5;109.99501961289289;1.0000452782964595;1203687;64895;0.9016369481033436;0.057867206445459014;0.9034798922096683;0.057486538372729;4.873397172404482;1.5784834429548546E-5;9.138588353949158E-5;0.008662550978784352;2.0769518986248085E-5;7.560104910994303E-4;19;1.5784834429548546E-5;110;9.138588353949158E-5;10427;0.008662550978784352;25;2.0769518986248085E-5;910;7.560104910994303E-4;139x199676-NZ-PHPZ01000001_898326_aligned_171_F_264_523_7;0.9016369481033436;0.057867206445459014;0.9034798922096683;0.057486538372729;
273;9;Borreliella kurtenbachii;species;1196056;15;617;184;184;43;4.27906976744186;19;42;8562;570.8;4.629408316329483E-4;183.95764737473812;1.0002302303049984;397459;64895;0.8700836397153686;0.13147744437948664;0.8726102993007526;0.13203799129932461;4.366133635562251;3.7739741709207743E-5;4.629408316329483E-4;0.021541844567615778;1.0567127678578168E-4;0.001552361375638745;15;3.7739741709207743E-5;184;4.629408316329483E-4;8562;0.021541844567615778;42;1.0567127678578168E-4;617;0.001552361375638745;498737x179941-NC-012195_22703_aligned_3181_F_111_471_166;0.8700836397153686;0.13147744437948664;0.8726102993007526;0.13203799129932461;
274;9;Borreliella mayonii;species;1674146;23;1225;247;247;49;5.040816326530612;51;47;9865;428.9130434782609;4.6636242969161546E-4;246.94264625805616;1.0002322553143936;529631;64895;0.8315586179824708;0.15319891097631602;0.834761811321005;0.15095914162733576;7.713514070754515;4.342646106440144E-5;4.6636242969161546E-4;0.01862617558262262;8.874102913160294E-5;0.002312931078430077;23;4.342646106440144E-5;247;4.6636242969161546E-4;9865;0.01862617558262262;47;8.874102913160294E-5;1225;0.002312931078430077;1674146x25799-NZ-CP015800_29696_aligned_54465_R_0_230_1;0.8315586179824708;0.15319891097631602;0.834761811321005;0.15095914162733576;
275;4;PVC group;clade;1783257;0;0;0;0;0;;0;0;0;;0.0;0.0;;321;3379134;;;;;;0.0;0.0;0.0;0.0;0.0;220;1.8400221125653617E-4;7915;0.006583688845932643;141990;0.11908420968662858;222;1.8584952964642015E-4;15952;0.013346896868040057;;0.8584684929537426;0.13258906512923835;0.8584684929537426;0.13258906512923835;
276;5;Chlamydiota;phylum;204428;0;0;0;0;0;;0;0;0;;;0.0;;0;1783257;;;;;;;;;;;220;1.8400221125653617E-4;7915;0.006583688845932643;141990;0.11908420968662858;222;1.8584952964642015E-4;15952;0.013346896868040057;;0.8584684929537426;0.13258906512923835;0.8584684929537426;0.13258906512923835;
277;6;Chlamydiia;class;204429;0;0;0;0;0;;0;0;0;;0.0;0.0;;1701;204428;;;;;;0.0;0.0;0.0;0.0;0.0;220;1.8400221125653617E-4;7915;0.006583688845932643;141990;0.11908420968662858;222;1.8584952964642015E-4;15952;0.013346896868040057;;0.8584684929537426;0.13258906512923835;0.8584684929537426;0.13258906512923835;
278;7;Chlamydiales;order;51291;0;0;0;0;0;;0;0;0;;0.0;0.0;;1052;204429;;;;;;0.0;0.0;0.0;0.0;0.0;220;1.8400221125653617E-4;7915;0.006583688845932643;141990;0.11908420968662858;222;1.8584952964642015E-4;15952;0.013346896868040057;;0.8584684929537426;0.13258906512923835;0.8584684929537426;0.13258906512923835;
279;8;Chlamydiaceae;family;809;0;0;0;0;0;;0;0;0;;0.0;0.0;;3216;51291;;;;;;0.0;0.0;0.0;0.0;0.0;220;1.8400221125653617E-4;7915;0.006583688845932643;141990;0.11908420968662858;222;1.8584952964642015E-4;15952;0.013346896868040057;;0.8584684929537426;0.13258906512923835;0.8584684929537426;0.13258906512923835;
280;9;Chlamydia/Chlamydophila group;no rank;1113537;0;0;0;0;0;;0;0;0;;;0.0;;0;809;;;;;;;;;;;220;1.8400221125653617E-4;7915;0.006583688845932643;141990;0.11908420968662858;222;1.8584952964642015E-4;15952;0.013346896868040057;;0.8584684929537426;0.13258906512923835;0.8584684929537426;0.13258906512923835;
281;10;Chlamydia;genus;810;0;0;14;14;2;7.0;12;1;0;;3.3416739924912586E-6;13.999978276225725;1.0000015517005703;4189517;1113537;;;;;7.0710678118654755;0.0;3.3416739924912586E-6;0.0;2.3869099946366133E-7;0.0;220;1.8400221125653617E-4;7915;0.006583688845932643;141990;0.11908420968662858;222;1.8584952964642015E-4;15952;0.013346896868040057;813x24649-NZ-CP018053_3049_aligned_58549_F_3_4757_17;0.8584684929537426;0.13258906512923835;0.8584684929537426;0.13258906512923835;
282;11;Chlamydia trachomatis;species;813;1;652;241;241;20;12.05;50;1;4843;4843.0;1.514862942618123E-4;240.98182254795216;1.0000754308016084;1590903;810;0.8645335549553294;;0.8645335549553294;;10.826259498868577;6.285738351112545E-7;1.514862942618123E-4;0.003044183083443805;6.285738351112545E-7;4.098301404925379E-4;1;6.285738351112545E-7;241;1.514862942618123E-4;4843;0.003044183083443805;1;6.285738351112545E-7;652;4.098301404925379E-4;813x24649-NZ-CP018053_3049_aligned_58549_F_3_4757_17;0.8645335549553294;;0.8645335549553294;;
283;11;Chlamydia psittaci;species;83554;0;0;1;1;1;1.0;1;1;0;;1.6086273904203022E-6;0.9999999999896687;1.0000000000103313;621648;810;;;;;;0.0;1.6086273904203022E-6;0.0;1.6086273904203022E-6;0.0;0;0.0;1;1.6086273904203022E-6;0;0.0;1;1.6086273904203022E-6;0;0.0;948x161176-NZ-FLME02000279_1992_aligned_44636_F_2_141_0;;;;;
284;11;Chlamydia abortus;species;83555;2;125;3;2;2;1.5;2;2;1119;559.5;1.1088078707617897E-6;2.9999983371274457;0.6666670361941058;1803739;810;0.8580077237619264;0.07307198427118684;0.8580077237619264;0.07307198427118684;0.7071067811865476;1.1088078707617897E-6;1.6632118061426847E-6;6.203780036912214E-4;1.1088078707617897E-6;6.930049192261186E-5;2;1.1088078707617897E-6;3;1.6632118061426847E-6;1119;6.203780036912214E-4;2;1.1088078707617897E-6;125;6.930049192261186E-5;1242993x135453-NZ-QOHL01000049_802_aligned_66948_F_300_498_26;0.8580077237619264;0.07307198427118684;0.8580077237619264;0.07307198427118684;
285;11;Chlamydia pecorum;species;85991;16;586;586;572;20;29.3;112;16;4931;308.1875;3.5931453841901603E-4;585.8923413116495;0.9762885767024221;1591920;810;0.8482046715287163;0.15473999154109822;0.8482046715287163;0.15473999154109822;31.153440293252736;1.0050756319413036E-5;3.681089501985024E-4;0.003097517463189105;1.0050756319413036E-5;3.681089501985024E-4;16;1.0050756319413036E-5;586;3.681089501985024E-4;4931;0.003097517463189105;16;1.0050756319413036E-5;586;3.681089501985024E-4;85991x74631-NZ-JBEQPC010000002_12843_aligned_134248_R_2_240_237;0.8482046715287163;0.15473999154109822;0.8482046715287163;0.15473999154109822;
286;11;Chlamydia ibidis;species;1405396;201;14589;7070;909;363;19.47658402203857;178;201;131097;652.223880597015;7.788188684935639E-4;7048.632989900184;0.12896117606101554;1167152;810;0.8592599238949489;0.13197791950491883;0.8592599238949489;0.13197791950491883;23.0480252245588;1.722140732312501E-4;0.006057480088283274;0.11232213113630445;1.722140732312501E-4;0.012499657285426406;201;1.722140732312501E-4;7070;0.006057480088283274;131097;0.11232213113630445;201;1.722140732312501E-4;14589;0.012499657285426406;1405396x144292-NZ-KE360154_1025_aligned_8790_R_3_485_0;0.8592599238949489;0.13197791950491883;0.8592599238949489;0.13197791950491883;
