pos;level;name;rank;taxid;reads;kmers from reads;kmers;unique kmers;contigs;average contig length;max contig length;reads >=1 kmer;reads bps;avg. read length;db coverage;exp. unique kmers;unique kmers / exp.;db kmers;parent taxid;mean error;kmer error std. dev.;mean class error;class error std. dev.;contig len std. dev.;norm. reads;norm. kmers;norm. reads bps;norm. read >=1 kmer;norm. reads kmers;acc. reads;acc. norm. reads;acc. kmers;acc. norm. kmers;acc. reads bps;acc. norm. reads bps;acc. read >=1 kmer;acc. norm. read >=1 kmer;acc. reads kmers;acc. norm. reads kmers;max contig desc.;acc. mean error;acc. error std. dev.;acc. class mean error;acc. class error std. dev.;
0;0;TOTAL;;;241151;0;795715789;0;0;;0;0;861524389;3572.551592155952;;;;524530554;;;;;;;;;;;;;;;;;;;;;;;;;;;
1;0;root;no rank;1;0;0;0;0;0;;0;0;0;;0.0;0.0;;2945;;;;;;;0.0;0.0;0.0;0.0;0.0;186869;0.8058368603165247;12456083;42.00112828396609;82236754;448.8914157193125;300610;1.3877720256133939;12443332;84.65438687746668;;0.7972124141076058;0.1866559822063099;0.7973490452476463;0.18659505037051477;
2;1;cellular organisms;cellular root;131567;29215;1568576;3525559;72163;185794;18.975634304659998;458;80121;12447685;426.07170973814823;0.5517386384488348;130791.99999974301;0.5517386384499189;130792;1;0.8351064214238478;0.16334441974416522;0.8351064214238478;0.16334441974416522;25.478108824052846;0.2233699308826228;26.95546363691969;95.17160835525108;0.6125833384304851;11.99290476481742;186869;0.8058368603165247;12456083;42.00112828396609;82236754;448.8914157193125;300610;1.3877720256133939;12443332;84.65438687746668;1359166x126875-NZ-LAOH01000010_797_aligned_155153_F_10_539_22;0.7972124141076058;0.1866559822063099;0.7973490452476463;0.18659505037051477;
3;2;Bacteria;domain;2;2181;128927;231492;21223;18351;12.614680398888344;258;11487;962921;441.5043558000917;0.014830856399322712;213738.06240741018;0.09929443432282284;1431003;131567;0.8383333886573662;0.16237268521749615;0.8383333886573662;0.16237268521749615;15.586811313622166;0.0015241058194846553;0.1617690528950673;0.6728993580027435;0.00802723684017434;0.09009554836712431;157654;0.582466929433902;8930524;15.045664647046406;69789069;353.71980736406135;220489;0.7751886871829097;10874756;72.66148211264927;2104x178739-NZ-JBLTZR010000055_1454_aligned_31360_R_53_954_144;0.7901902426197652;0.1898346259992723;0.790352192995323;0.18976959248079772;
4;3;Bacillati;kingdom;1783272;4;513;139;105;29;4.793103448275862;34;20;3354;838.5;4.449227953016153E-4;138.9593673436275;0.7556165662466595;235996;2;0.83724599752344;0.13354557365970426;0.83724599752344;0.13354557365970426;6.8315408758870975;1.6949439821013915E-5;5.889930337802336E-4;0.014212105289920169;8.474719910506958E-5;0.0021737656570450345;208;3.0717583255129844E-4;37186;0.03308683598104447;211133;0.684621775073503;285;6.02595983171045E-4;40509;0.14133877008043896;2104x178739-NZ-JBLTZR010000055_1342_aligned_91184_F_8_458_807;0.7726020003431179;0.19381656071259515;0.7726476877523727;0.1938464734043725;
5;4;Mycoplasmatota;phylum;544448;1;38;470;470;66;7.121212121212121;32;17;325;325.0;7.081502061922462E-4;469.8339778054645;1.000353363533457;663701;1783272;0.8711864406779661;;0.8711864406779661;;6.8847996485348935;1.5067025663664812E-6;7.081502061922462E-4;4.896783340691064E-4;2.561394362823018E-5;5.725469752192629E-5;204;2.902263927302845E-4;37047;0.03249784294726423;207779;0.6704096697835827;265;5.178487840659755E-4;39996;0.13916500442339394;3401674x15551-NZ-JBLVZX010000013_8533_aligned_104_R_36_9668_26;0.771334470986641;0.19482693414992153;0.7713810542274498;0.19485758245357004;
6;5;Mollicutes;class;31969;0;0;23;23;4;5.75;15;3;0;;4.3749524461690636E-4;22.995188193032263;1.000209252776161;52572;544448;;;;;6.601767440112787;0.0;4.3749524461690636E-4;0.0;5.7064597123944306E-5;0.0;92;1.8603562678556516E-4;17732;0.015277777829408918;98312;0.5831842074056245;127;2.775875932897214E-4;18338;0.1223403137132218;2103x68252-NZ-CP011264_177431_aligned_219806_F_1_68_0;0.770156624361178;0.193836111583109;0.7701713070482643;0.19384007285958552;
7;6;Mycoplasmatales;order;2085;0;0;0;0;0;;0;0;0;;0.0;0.0;;241;31969;;;;;;0.0;0.0;0.0;0.0;0.0;92;1.8603562678556516E-4;17709;0.014840282584792008;98312;0.5831842074056245;124;2.205229961657771E-4;18338;0.1223403137132218;;0.770156624361178;0.193836111583109;0.7701713070482643;0.19384007285958552;
8;7;Mycoplasmataceae;family;2092;0;0;0;0;0;;0;0;0;;0.0;0.0;;1514;2085;;;;;;0.0;0.0;0.0;0.0;0.0;92;1.8603562678556516E-4;17709;0.014840282584792008;98312;0.5831842074056245;124;2.205229961657771E-4;18338;0.1223403137132218;;0.770156624361178;0.193836111583109;0.7701713070482643;0.19384007285958552;
9;8;Mycoplasma;genus;2093;2;46;2145;2145;147;14.591836734693878;159;14;188;94.0;9.449197677215408E-4;2143.987364440088;1.0004723141454597;2270034;2092;0.6596059113300492;0.286325997111006;0.6596059113300492;0.286325997111006;18.21513562346932;8.81044072467637E-7;9.449197677215408E-4;8.281814281195788E-5;6.167308507273459E-6;2.0264013666755652E-5;92;1.8603562678556516E-4;17709;0.014840282584792008;98312;0.5831842074056245;124;2.205229961657771E-4;18338;0.1223403137132218;3401674x15551-NZ-JBLVZX010000013_8533_aligned_104_R_36_9668_26;0.770156624361178;0.193836111583109;0.7701713070482643;0.19384007285958552;
10;9;Mycoplasma yeatsii;species;51365;0;0;13;13;2;6.5;9;1;0;;2.0357827976353598E-5;12.999877853396402;1.000009395980868;638575;2093;;;;;3.5355339059327378;0.0;2.0357827976353598E-5;0.0;1.5659867674118154E-6;0.0;1;2.9339279427297264E-6;167;4.721827311567315E-4;3753;0.011011031569064664;2;4.499914710141542E-6;558;0.0016371317920431873;1188240x99480-NZ-AORK01000022_9128_aligned_62_R_0_3674_2;0.8501208702659145;;0.8501208702659145;;
11;10;Mycoplasma yeatsii 13926;strain;1188240;1;558;154;154;10;15.4;42;1;3753;3753.0;4.518249031803779E-4;153.9654405311786;1.0002244625073144;340840;51365;0.8501208702659145;;0.8501208702659145;;15.108496505829647;2.9339279427297264E-6;4.518249031803779E-4;0.011011031569064664;2.9339279427297264E-6;0.0016371317920431873;1;2.9339279427297264E-6;154;4.518249031803779E-4;3753;0.011011031569064664;1;2.9339279427297264E-6;558;0.0016371317920431873;1188240x99480-NZ-AORK01000022_9128_aligned_62_R_0_3674_2;0.8501208702659145;;0.8501208702659145;;
12;9;Mycoplasma buteonis;species;171280;1;467;467;467;13;35.92307692307692;106;1;1634;1634.0;5.71149723169722E-4;466.8669473593095;1.0002849904912803;817649;2093;0.7088528678304239;;0.7088528678304239;;30.346503199055018;1.2230186791642868E-6;5.71149723169722E-4;0.001998412521754445;1.2230186791642868E-6;5.71149723169722E-4;1;1.2230186791642868E-6;467;5.71149723169722E-4;1634;0.001998412521754445;1;1.2230186791642868E-6;467;5.71149723169722E-4;171280x139134-NZ-JPOK01000008_15448_aligned_746_R_14_1573_61;0.7088528678304239;;0.7088528678304239;;
13;9;Mycoplasma iguanae;species;292461;1;888;888;888;52;17.076923076923077;69;1;7745;7745.0;0.0013155769945880599;887.416796790112;1.0006571919891505;674989;2093;0.884899546338302;;0.884899546338302;;17.54863958064048;1.4815056245361034E-6;0.0013155769945880599;0.011474261062032122;1.4815056245361034E-6;0.0013155769945880599;1;1.4815056245361034E-6;888;0.0013155769945880599;7745;0.011474261062032122;1;1.4815056245361034E-6;888;0.0013155769945880599;292461x241771-NZ-CP102734_636174_aligned_6452_F_16_7432_292;0.884899546338302;;0.884899546338302;;
14;9;Mycoplasma tauri;species;547987;2;2231;2132;2132;66;32.303030303030305;126;2;9590;4795.0;0.001898401674012733;2129.9785312187782;1.000949055941923;1123050;2093;0.7505878103526373;0.045608127094763785;0.7505878103526373;0.045608127094763785;34.7093291369558;1.7808646097680425E-6;0.001898401674012733;0.008539245803837763;1.7808646097680425E-6;0.0019865544721962515;2;1.7808646097680425E-6;2132;0.001898401674012733;9590;0.008539245803837763;2;1.7808646097680425E-6;2231;0.0019865544721962515;547987x76784-NZ-JAIQBZ010000015_7615_aligned_17194_F_0_6995_1;0.7505878103526373;0.045608127094763785;0.7505878103526373;0.045608127094763785;
15;9;Mycoplasma mycoides group;species group;656088;2;45;384;384;21;18.285714285714285;72;9;141;70.5;5.167207608713204E-4;383.90106491586556;1.00025770984552;743148;2093;0.42857142857142855;0.6060915267313264;0.42857142857142855;0.6060915267313264;21.700559571455425;2.69125396287146E-6;5.167207608713204E-4;1.8973340438243794E-4;1.2110642832921572E-5;6.0553214164607856E-5;17;3.60686250251236E-5;1852;0.002343362868275633;9805;0.013619232104391548;26;4.9209025538208934E-5;2013;0.0017967241422917027;1188251x50540-NZ-LAUV01000043_3725_aligned_1583_F_69_1040_0;0.7340520485547513;0.22897467143731132;0.7340520485547513;0.22897467143731132;
16;10;Mycoplasma capricolum;species;2095;0;0;203;203;10;20.3;49;1;0;;5.635617100072458E-4;202.9430908530475;1.0002804192382864;360209;656088;;;;;16.885562537926365;0.0;5.635617100072458E-4;0.0;2.776166059148994E-6;0.0;1;4.6037760170892166E-7;294;6.054560717627576E-4;2096;9.649514531818998E-4;2;3.2365436608579155E-6;306;1.4087554612293002E-4;1188238x244827-NZ-JFDO01000013_5463_aligned_7645_F_89_1916_18;0.8518877057115198;;0.8518877057115198;;
17;11;Mycoplasma capricolum subsp. capricolum;subspecies;40479;1;306;91;91;6;15.166666666666666;29;1;2096;2096.0;4.1894361755511874E-5;90.99811477922634;1.0000207171409894;2172130;2095;0.8518877057115198;;0.8518877057115198;;14.469508169480628;4.6037760170892166E-7;4.1894361755511874E-5;9.649514531818998E-4;4.6037760170892166E-7;1.4087554612293002E-4;1;4.6037760170892166E-7;91;4.1894361755511874E-5;2096;9.649514531818998E-4;1;4.6037760170892166E-7;306;1.4087554612293002E-4;1188238x244827-NZ-JFDO01000013_5463_aligned_7645_F_89_1916_18;0.8518877057115198;;0.8518877057115198;;
18;10;Mycoplasma mycoides;species;2102;12;1127;879;810;41;21.4390243902439;335;13;6171;514.25;7.653249229478427E-4;878.6355027233418;0.9218839865785013;1058374;656088;0.7759022584338249;0.12022895349228199;0.7759022584338249;0.12022895349228199;51.07545828501581;1.1338147006634705E-5;8.305192682359922E-4;0.0058306420981618975;1.228299259052093E-5;0.0010648409730397762;14;3.2916993460543215E-5;1174;0.0012211860356415546;7568;0.01246454724682721;15;3.386183904442944E-5;1662;0.001595295382004165;2102x143764-NZ-JAUYYX010000015_8209_aligned_1377_F_15_3218_60;0.7692753044697425;0.13967872882268792;0.7692753044697425;0.13967872882268792;
19;11;Mycoplasma mycoides subsp. mycoides;subspecies;2103;1;15;13;13;2;6.5;12;1;292;292.0;2.7520216774630594E-4;12.998348915159747;1.0001270226588799;47238;2102;0.9427480916030534;;0.9427480916030534;;7.7781745930520225;2.116939751894661E-5;2.7520216774630594E-4;0.00618146407553241;2.116939751894661E-5;3.1754096278419915E-4;1;2.116939751894661E-5;13;2.7520216774630594E-4;292;0.00618146407553241;1;2.116939751894661E-5;15;3.1754096278419915E-4;2103x68252-NZ-CP011264_65017_aligned_240354_R_184_100_7;0.9427480916030534;;0.9427480916030534;;
20;11;Mycoplasma mycoides subsp. capri;subspecies;40477;1;520;282;282;15;18.8;55;1;1105;1105.0;1.154645996592566E-4;281.98377785569744;1.0000575286437607;2442307;2102;0.5162790697674419;;0.5162790697674419;;17.20132885232168;4.0944893496190285E-7;1.154645996592566E-4;4.524410731329026E-4;4.0944893496190285E-7;2.1291344618018946E-4;1;4.0944893496190285E-7;282;1.154645996592566E-4;1105;4.524410731329026E-4;1;4.0944893496190285E-7;520;2.1291344618018946E-4;40477x172583-NZ-CP068011_971_aligned_9371_F_6_1117_2;0.5162790697674419;;0.5162790697674419;;
21;9;unclassified Asterococcus (in: mycoplasmas, genus);no rank;2683645;26;3674;7120;7120;285;24.982456140350877;259;33;19669;756.5;5.083892073541069E-4;7118.190692048684;1.0002541808767975;14005018;2093;0.7750404219062268;0.15719919273448194;0.7750570431415171;0.15720784303602794;29.295658494428647;1.8564774425852219E-6;5.083892073541069E-4;0.0014044251853157204;2.3562982925120123E-6;2.6233454323300407E-4;47;1.251230807655767E-4;7742;0.005468952317844269;50551;0.5246149731887965;56;1.3884259561804989E-4;9810;0.11318006013613875;3453139x150881-NZ-JBTHHI010000017_2373_aligned_31237_F_38_1373_190;0.7598002156728205;0.20338364188172492;0.759828956251798;0.2033926046157283;
22;10;Mycoplasma sp. Ms02;species;353851;0;0;6;6;1;6.0;6;1;0;;6.76063193880276E-6;5.999983098556389;1.0000028169152035;887491;2683645;;;;;;0.0;6.76063193880276E-6;0.0;1.12677198980046E-6;0.0;0;0.0;6;6.76063193880276E-6;0;0.0;1;1.12677198980046E-6;0;0.0;3401674x15551-NZ-JBLVZX010000013_8533_aligned_104_R_36_9668_26;;;;;
23;10;Mycoplasma sp. P36-A1;species;3252900;15;377;375;375;18;20.833333333333332;53;15;4113;274.2;2.0631488603165696E-4;374.9614217893197;1.0001028858128824;1817610;2683645;0.731209953544176;0.2993364775187053;0.731209953544176;0.2993364775187053;15.819756821214192;8.252595441266279E-6;2.0631488603165696E-4;0.0022628616699952135;8.252595441266279E-6;2.0741523209049246E-4;15;8.252595441266279E-6;375;2.0631488603165696E-4;4113;0.0022628616699952135;15;8.252595441266279E-6;377;2.0741523209049246E-4;3252900x47672-NZ-CP168083_1120781_aligned_232506_R_30_105_55;0.731209953544176;0.2993364775187053;0.731209953544176;0.2993364775187053;
24;10;Mycoplasma sp. Z473B;species;3401667;1;481;17;17;1;17.0;17;1;2109;2109.0;1.1026001906849741E-4;16.99911794847992;1.0000518880757667;154181;2683645;0.7686387686387687;;0.7686387686387687;;;6.485883474617495E-6;1.1026001906849741E-4;0.013678728247968296;6.485883474617495E-6;0.003119709951291015;1;6.485883474617495E-6;17;1.1026001906849741E-4;2109;0.013678728247968296;1;6.485883474617495E-6;481;0.003119709951291015;3401667x193182-NZ-JBLVZQ010000039_1022_aligned_52871_R_139_1879_86;0.7686387686387687;;0.7686387686387687;;
25;10;Mycoplasma sp. B6400;species;3401674;1;1869;37;37;2;18.5;30;1;9736;9736.0;4.817269259312302E-4;36.9913302323064;1.0002343729635876;76807;2683645;0.8068205233875954;;0.807438697712755;;16.263455967290593;1.3019646646790005E-5;4.817269259312302E-4;0.1267592797531475;1.3019646646790005E-5;0.02433371958285052;1;1.3019646646790005E-5;37;4.817269259312302E-4;9736;0.1267592797531475;1;1.3019646646790005E-5;1869;0.02433371958285052;3401674x15551-NZ-JBLVZX010000013_8533_aligned_104_R_36_9668_26;0.8068205233875954;;0.807438697712755;;
26;10;Mycoplasma sp. SK341A;species;3401679;1;811;88;88;6;14.666666666666666;26;1;2511;2511.0;0.002088872009115078;87.9091958674529;1.0010329309880621;42128;2683645;0.6731156791616284;;0.6731156791616284;;9.852241707685954;2.3737181921762248E-5;0.002088872009115078;0.059604063805545004;2.3737181921762248E-5;0.019250854538549182;1;2.3737181921762248E-5;88;0.002088872009115078;2511;0.059604063805545004;1;2.3737181921762248E-5;811;0.019250854538549182;3401679x13800-NZ-JBLWAC010000020_6264_aligned_24188_F_1_2531_14;0.6731156791616284;;0.6731156791616284;;
27;10;Mycoplasma sp. Sp48II;species;3401682;1;1287;11;11;2;5.5;9;1;6686;6686.0;3.2951890240249236E-4;10.998352553564672;1.0001497902915282;33382;2683645;0.8063401442307693;;0.806640625;;4.949747468305833;2.9956263854772032E-5;3.2951890240249236E-4;0.20028758013300582;2.9956263854772032E-5;0.0385537115810916;1;2.9956263854772032E-5;11;3.2951890240249236E-4;6686;0.20028758013300582;1;2.9956263854772032E-5;1287;0.0385537115810916;3401682x184757-NZ-JBLWAF010000010_3222_aligned_154_F_0_6491_3;0.8063401442307693;;0.806640625;;
28;10;Mycoplasma sp. 2634B;species;3401692;0;0;2;2;1;2.0;2;1;0;;2.418584402549188E-5;1.9999879070778315;1.0000060464976441;82693;2683645;;;;;;0.0;2.418584402549188E-5;0.0;1.209292201274594E-5;0.0;0;0.0;2;2.418584402549188E-5;0;0.0;1;1.209292201274594E-5;0;0.0;3401682x184757-NZ-JBLWAF010000010_3222_aligned_154_F_0_6491_3;;;;;
29;10;Mycoplasma sp. 1573;species;3458464;1;662;30;30;3;10.0;12;1;2998;2998.0;7.254437297480292E-4;29.989483439573295;1.0003506749440314;41354;2683645;0.7769541778975741;;0.7769541778975741;;3.4641016151377544;2.418145765826764E-5;7.254437297480292E-4;0.07249601005948639;2.418145765826764E-5;0.016008124969773177;1;2.418145765826764E-5;30;7.254437297480292E-4;2998;0.07249601005948639;1;2.418145765826764E-5;662;0.016008124969773177;3458464x197898-NZ-JBSQBG010000002_224506_aligned_22806_F_5_3037_1;0.7769541778975741;;0.7769541778975741;;
30;10;Mycoplasma sp. VS1572C;species;3568892;1;649;56;56;4;14.0;31;1;2729;2729.0;9.874801622288838E-4;55.972852912792355;1.0004850045297842;56710;2683645;0.7595405705816969;;0.7595405705816969;;12.569805089976535;1.7633574325515784E-5;9.874801622288838E-4;0.04812202433433257;1.7633574325515784E-5;0.011444189737259743;1;1.7633574325515784E-5;56;9.874801622288838E-4;2729;0.04812202433433257;1;1.7633574325515784E-5;649;0.011444189737259743;3568892x100686-NZ-JBTKTE010000017_8600_aligned_25_R_275_2380_50;0.7595405705816969;;0.7595405705816969;;
31;9;Mycoplasma phocimorsus;species;3045839;2;132;133;133;9;14.777777777777779;35;3;2068;1034.0;1.0310197405396187E-4;132.99319549151863;1.0000511643355603;1289985;2093;0.9502172875480419;0.035340240946740466;0.9502172875480419;0.035340240946740466;12.507775359529147;1.550405624871607E-6;1.0310197405396187E-4;0.0016031194161172416;2.3256084373074105E-6;1.0232677124152607E-4;2;1.550405624871607E-6;133;1.0310197405396187E-4;2068;0.0016031194161172416;3;2.3256084373074105E-6;132;1.0232677124152607E-4;3045839x235560-NZ-JASDDP010000015_8467_aligned_1564_F_219_1319_116;0.9502172875480419;0.035340240946740466;0.9502172875480419;0.035340240946740466;
32;9;Candidatus Mycoplasma pogonae;species;3472838;19;2193;2183;2183;82;26.621951219512194;137;19;12978;683.0526315789474;0.0017226345339693588;2181.1216833903277;1.0008611700227346;1267245;2093;0.8158010092778395;0.15128475222287113;0.8158010092778395;0.15128475222287113;27.993226801550104;1.4993154441327447E-5;0.0017226345339693588;0.010241113596818294;1.4993154441327447E-5;0.0017305256678858468;19;1.4993154441327447E-5;2183;0.0017226345339693588;12978;0.010241113596818294;19;1.4993154441327447E-5;2193;0.0017305256678858468;3472838x164245-NZ-JBSWZS010000002_49793_aligned_202436_F_110_296_402;0.8158010092778395;0.15128475222287113;0.8158010092778395;0.15128475222287113;
33;5;Mycoplasmoidales;order;2790996;0;0;50;50;5;10.0;28;2;0;;9.625009625009625E-4;49.97642598795488;1.0004717026393763;51948;544448;;;;;10.392304845413264;0.0;9.625009625009625E-4;0.0;3.85000385000385E-5;0.0;111;1.0268406337835285E-4;18845;0.016511914911663074;109142;0.08673578404388896;121;2.1464724714802388E-4;21620;0.01676743601265024;2098x50202-NZ-JBNEDN010000003_29638_aligned_122384_R_55_3657_7;0.7714111369312467;0.19716603254666484;0.7714845799394725;0.19721873768877488;
34;6;Mycoplasmoidaceae;family;2790998;0;0;0;0;0;;0;0;0;;0.0;0.0;;2088;2790996;;;;;;0.0;0.0;0.0;0.0;0.0;48;3.854752013386907E-5;9570;0.008585154795490262;59920;0.054360535562687204;48;3.854752013386907E-5;12304;0.011402575112188331;;0.7860845125931878;0.13312700124414528;0.7862543495497096;0.13329043425328105;
35;7;Malacoplasma;genus;2791001;0;0;0;0;0;;0;0;0;;0.0;0.0;;3325;2790998;;;;;;0.0;0.0;0.0;0.0;0.0;23;1.3246390934400416E-5;2251;0.0012964185214493626;13227;0.007617826647361492;23;1.3246390934400416E-5;2253;0.0012975703815306147;;0.8118040726104325;0.14219335202106895;0.8118040726104325;0.14219335202106895;
36;8;Malacoplasma iowae;species;2116;23;2253;2251;2251;82;27.451219512195124;160;23;13227;575.0869565217391;0.0012964185214493626;2249.542158787997;1.0006480612982993;1736322;2791001;0.8118040726104325;0.14219335202106895;0.8118040726104325;0.14219335202106895;29.559796036243313;1.3246390934400416E-5;0.0012964185214493626;0.007617826647361492;1.3246390934400416E-5;0.0012975703815306147;23;1.3246390934400416E-5;2251;0.0012964185214493626;13227;0.007617826647361492;23;1.3246390934400416E-5;2253;0.0012975703815306147;2116x149700-NZ-CP129194_179130_aligned_103403_F_0_352_1;0.8118040726104325;0.14219335202106895;0.8118040726104325;0.14219335202106895;
37;7;Mycoplasmoides;genus;2995234;0;0;0;0;0;;0;0;0;;0.0;0.0;;43790;2790998;;;;;;0.0;0.0;0.0;0.0;0.0;25;2.5301129199468653E-5;7319;0.0072887362740409;46693;0.04674270891532571;25;2.5301129199468653E-5;10051;0.010105004730657716;;0.7624225173773227;0.12229455368127953;0.7627486043338445;0.12270797892668839;
38;8;Mycoplasmoides gallisepticum;species;2096;1;516;494;494;22;22.454545454545453;127;1;2739;2739.0;2.2087758150673387E-4;493.945557642499;1.0001102193483848;2236533;2995234;0.8095238095238095;;0.8095238095238095;;27.751837815980803;4.4712061033751795E-7;2.2087758150673387E-4;0.0012246633517144616;4.4712061033751795E-7;2.3071423493415926E-4;1;4.4712061033751795E-7;494;2.2087758150673387E-4;2739;0.0012246633517144616;1;4.4712061033751795E-7;516;2.3071423493415926E-4;2096x51600-NZ-JBIEBW010000009_30957_aligned_34233_R_395_2284_41;0.8095238095238095;;0.8095238095238095;;
39;8;Mycoplasmoides pneumoniae;species;2104;24;9535;6825;6665;235;29.04255319148936;343;24;43954;1831.4166666666667;0.006902165301939959;6800.94116458012;0.9800114188183081;965639;2995234;0.7604599635378858;0.12452204590891554;0.7607996374509293;0.12495127242738596;36.476990433151045;2.4854008589131135E-5;0.007067858692534166;0.04551804556361125;2.4854008589131135E-5;0.009874290495723557;24;2.4854008589131135E-5;6825;0.007067858692534166;43954;0.04551804556361125;24;2.4854008589131135E-5;9535;0.009874290495723557;2104x65139-NZ-BLGX01000017_6698_aligned_457_R_6_2395_1;0.7604599635378858;0.12452204590891554;0.7607996374509293;0.12495127242738596;
40;6;Metamycoplasmataceae;family;2895623;0;0;23;23;5;4.6;8;2;0;;1.803964014839565E-4;22.998015748685752;1.0000862792397367;127497;2790996;;;;;2.4083189157584592;0.0;1.803964014839565E-4;0.0;1.5686643607300564E-5;0.0;63;6.413654324448379E-5;9225;0.006964259153671848;49222;0.03237524848120177;71;1.3759968851411632E-4;9316;0.005364860900461908;29559x105092-NZ-JAQTIP010000010_14384_aligned_298_R_6_1709_13;0.7602314221411964;0.2350363202575934;0.7602314221411964;0.2350363202575934;
41;7;Metamycoplasma;genus;2895509;0;0;121;121;12;10.083333333333334;75;4;0;;0.0014972653253149206;120.9102081595873;1.0007426324193751;80814;2895623;;;;;20.654994259955338;0.0;0.0014972653253149206;0.0;4.949637439057589E-5;0.0;63;6.413654324448379E-5;9202;0.006783862752187892;49222;0.03237524848120177;69;1.2191304490681576E-4;9316;0.005364860900461908;2098x50202-NZ-JBNEDN010000003_29638_aligned_122384_R_55_3657_7;0.7602314221411964;0.2350363202575934;0.7602314221411964;0.2350363202575934;
42;8;Metamycoplasma hominis;species;2098;3;2430;2295;2295;77;29.805194805194805;326;3;10408;3469.3333333333335;6.895550882405168E-4;2294.2092618303504;1.0003446669764635;3328233;2895509;0.7637704743432537;0.022948676198428396;0.7637704743432537;0.022948676198428396;44.51464542001257;9.01379200314401E-7;6.895550882405168E-4;0.0031271849056240955;9.01379200314401E-7;7.301171522546649E-4;3;9.01379200314401E-7;2295;6.895550882405168E-4;10408;0.0031271849056240955;3;9.01379200314401E-7;2430;7.301171522546649E-4;2098x83640-NZ-JBNEDS010000004_67377_aligned_27344_F_2_5463_0;0.7637704743432537;0.022948676198428396;0.7637704743432537;0.022948676198428396;
43;8;Metamycoplasma hyosynoviae;species;29559;20;4967;4874;4767;185;26.345945945945946;199;20;24356;1217.8;0.0019952068159311844;4869.032937706243;0.9790445168452055;2389226;2895509;0.6942418821989019;0.2854363301337851;0.6942418821989019;0.2854363301337851;30.762754465094165;8.370911751337043E-6;0.0020399911938008375;0.010194096330778252;8.370911751337043E-6;0.002078915933444555;20;8.370911751337043E-6;4874;0.0020399911938008375;24356;0.010194096330778252;20;8.370911751337043E-6;4967;0.002078915933444555;29559x230310-NZ-JAQRAU010000001_72698_aligned_28826_R_430_1480_8;0.6942418821989019;0.2854363301337851;0.6942418821989019;0.2854363301337851;
44;8;Metamycoplasma alkalescens;species;45363;0;0;0;0;0;;0;0;0;;0.0;0.0;;902554;2895509;;;;;;0.0;0.0;0.0;0.0;0.0;0;0.0;2;1.370444983486138E-5;0;0.0;1;6.85222491743069E-6;0;0.0;;;;;;
45;9;Metamycoplasma alkalescens 14918;strain;1188234;0;0;2;2;1;2.0;2;1;0;;1.370444983486138E-5;1.9999931477864996;1.0000034261184885;145938;45363;;;;;;0.0;1.370444983486138E-5;0.0;6.85222491743069E-6;0.0;0;0.0;2;1.370444983486138E-5;0;0.0;1;6.85222491743069E-6;0;0.0;444612x54001-NZ-CM000770_762924_aligned_34948_F_130_268_2171;;;;;
46;8;Metamycoplasma auris;species;51363;17;554;552;517;23;24.0;93;17;3900;229.41176470588235;7.230445630405353E-4;551.7873703327576;0.9369551167657589;715032;2895509;0.7541194418942789;0.24932197483494267;0.7541194418942789;0.24932197483494267;26.483270877360226;2.377515971313172E-5;7.719934212734535E-4;0.005454301345953747;2.377515971313172E-5;7.747904988867631E-4;17;2.377515971313172E-5;552;7.719934212734535E-4;3900;0.005454301345953747;17;2.377515971313172E-5;554;7.747904988867631E-4;51363x191361-NZ-QKUB01000023_2066_aligned_126998_F_253_120_1;0.7541194418942789;0.24932197483494267;0.7541194418942789;0.24932197483494267;
47;8;Metamycoplasma buccale;species;55602;0;0;1;1;1;1.0;1;1;0;;1.4279023543254019E-6;1.0000000000215632;0.9999999999784368;700328;2895509;;;;;;0.0;1.4279023543254019E-6;0.0;1.4279023543254019E-6;0.0;0;0.0;1;1.4279023543254019E-6;0;0.0;1;1.4279023543254019E-6;0;0.0;3458465x171742-NZ-JBSQBF010000003_36811_aligned_26381_R_11_2212_11;;;;;
48;8;[Mycoplasma] anseris;species;92400;22;1231;1223;1223;47;26.02127659574468;159;22;9316;423.45454545454544;0.0016987385164998485;1221.9626572593731;1.0008489152548683;719946;2895509;0.8185891396268385;0.18283281857250355;0.8185891396268385;0.18283281857250355;32.1474113919681;3.0557847394110115E-5;0.0016987385164998485;0.012939859378342265;3.0557847394110115E-5;0.0017098504610067978;22;3.0557847394110115E-5;1223;0.0016987385164998485;9316;0.012939859378342265;22;3.0557847394110115E-5;1231;0.0017098504610067978;92400x102205-NZ-CP030140_80528_aligned_49141_F_0_382_1;0.8185891396268385;0.18283281857250355;0.8185891396268385;0.18283281857250355;
49;8;Metamycoplasma equirhinis;species;92402;1;134;134;134;6;22.333333333333332;80;1;1242;1242.0;7.118685486912775E-5;133.99526619212546;1.0000353281724725;1882370;2895509;0.8894389438943895;;0.8894389438943895;;28.87674958624441;5.312451855905056E-7;7.118685486912775E-5;6.598065205034079E-4;5.312451855905056E-7;7.118685486912775E-5;1;5.312451855905056E-7;134;7.118685486912775E-5;1242;6.598065205034079E-4;1;5.312451855905056E-7;134;7.118685486912775E-5;92402x108819-NZ-JAXIHM010000002_26340_aligned_38469_F_56_1030_117;0.8894389438943895;;0.8894389438943895;;
50;3;Pseudomonadati;kingdom;3379134;335;24339;44999;19637;3274;13.744349419670128;185;2229;167961;501.37611940298507;0.04388421200832229;42810.41504731482;0.4586967909163423;447473;2;0.8239609620742745;0.162331583673312;0.823975452727803;0.16232278770537598;19.772159446386127;7.486485218102545E-4;0.1005624920386258;0.37535449066200643;0.004981306134671812;0.054392108574148605;155265;0.5806356477818659;8661846;14.850808758170293;68615015;352.3622862309851;208717;0.7665588543595643;10705320;72.43004779420171;139x190168-NZ-JAJNFO010000001_300762_aligned_5338_R_7_447_5;0.7895375401619384;0.1901000248063882;0.7897019211977617;0.19003461123657836;
51;4;Pseudomonadota;phylum;1224;1688;33084;120584;5850;7785;15.48927424534361;203;5549;469369;278.0622037914692;0.014414121403861507;104320.35726248732;0.05607726194112267;405852;3379134;0.8323706359531563;0.1952697184866623;0.8323706359531563;0.1952697184866623;17.68740992880689;0.004159151611917645;0.29711323339542495;1.1565028631126617;0.013672471738466238;0.08151740043168446;134178;0.5406303112301999;6991236;12.901510251788235;58084751;324.5452909920093;163920;0.639745162705832;9010902;67.50336303453825;263x98110-NZ-VJKR01000043_15883_aligned_29732_R_1_4781_0;0.7883569376088149;0.19165910365847222;0.7884182303303533;0.19163394334825565;
52;5;Gammaproteobacteria;class;1236;4;777;33858;30812;1495;22.647491638795987;271;275;3291;822.75;0.07249950587770237;32544.473107056263;0.9467659807747624;424996;1224;0.7383532633245714;0.14252211854080102;0.7383532633245714;0.14252211854080102;28.719471633942508;9.411853288030947E-6;0.07966663215653795;0.007743602292727461;6.470649135521275E-4;0.0018282525012000112;516;0.003026409562220889;237579;0.1694321062767876;1188085;7.042409448443798;1890;0.00798320784027359;245983;1.5447327835252818;263x209535-NZ-JPSV01000009_19716_aligned_753_F_10_7003_0;0.789507203938325;0.10500246427898142;0.7900467334406158;0.10485975407511691;
53;6;Thiotrichales;order;72273;0;0;53;52;12;4.416666666666667;10;11;0;;0.0017890318585288654;52.952618372403364;0.9820099854986618;29066;1236;;;;;3.088345639315455;0.0;0.0018234363173467282;0.0;3.7844904699649073E-4;0.0;512;0.0030169977089328586;203721;0.08976547412024957;1184794;7.034665846151069;1615;0.007336142926721462;245206;1.5429045310240816;119857x153290-NZ-JAMKVL010000052_4900_aligned_2324_F_0_2274_0;0.7899068440993698;0.10474697102553923;0.7904505886758975;0.10460069918319795;
54;7;Francisellaceae;family;34064;0;0;5678;4912;654;8.681957186544343;66;249;0;;0.00554252295374047;5659.852919579439;0.8678670753099695;886239;72273;;;;;8.744969859758674;0.0;0.006406849619572147;0.0;2.8096258458497087E-4;0.0;512;0.0030169977089328586;203668;0.08794203780290283;1184794;7.034665846151069;1604;0.006957693879724971;245206;1.5429045310240816;263x89924-NZ-VJIT01000069_1915_aligned_8261_F_48_1434_150;0.7899068440993698;0.10474697102553923;0.7904505886758975;0.10460069918319795;
55;8;Francisella;genus;262;59;4656;117873;108197;6222;18.944551591128256;234;495;37738;639.6271186440678;0.011169152629050905;117158.76637648224;0.923507504784711;9687127;34064;0.8480119389617136;0.148060754103717;0.8480119389617136;0.148060754103717;21.742305222969502;6.090557086739959E-6;0.012168003991276257;0.0038956854803286877;5.109874165993695E-5;4.8063786094680084E-4;512;0.0030169977089328586;197990;0.08153518818333069;1184794;7.034665846151069;1355;0.006676731295140001;245206;1.5429045310240816;2599927x232579-NZ-OZ220197_19641_aligned_93010_F_6_440_214;0.7899068440993698;0.10474697102553923;0.7904505886758975;0.10460069918319795;
56;9;Francisella tularensis;species;263;108;42510;67150;61752;4004;16.77072927072927;214;361;195085;1806.3425925925926;0.03059656160288089;66045.22419798942;0.9349956904511483;2018266;262;0.7713988667091106;0.10822646333104388;0.7717855753225742;0.10799096361418588;16.914810057112117;5.3511281466367666E-5;0.03327113472654249;0.09665970689691052;1.7886641304961783E-4;0.021062634954956385;367;0.002894861853677691;70832;0.059640044791499834;1012533;6.855036128801569;673;0.006420880791225593;216426;1.5117069804195378;263x74464-NZ-VJIC01000051_13215_aligned_29322_R_0_5144_2;0.7810928115999473;0.07805775604752614;0.7816748128759361;0.07785616777331517;
57;10;Francisella tularensis subsp. novicida;subspecies;264;22;11581;698;698;55;12.690909090909091;86;39;56748;2579.4545454545455;7.115355405886173E-4;697.7520885320149;1.0003553002163084;980977;263;0.7933243826018731;0.07618513189858221;0.7947267373838988;0.07587283820414537;18.816730860310464;2.2426621623136935E-5;7.115355405886173E-4;0.05784845108498976;3.975628378647002E-5;0.011805577500797674;29;7.278735430465437E-5;751;0.0011340789385692839;86788;0.26349691777297113;53;1.6590794951607126E-4;18146;0.05673821588176366;264x128996-NZ-JACTTN010000078_809_aligned_7953_F_316_1653_5;0.7936614941650745;0.07054749776111476;0.7948015553209775;0.07020297180216525;
58;11;Francisella cf. novicida Fx1;strain;984129;3;2194;32;32;4;8.0;15;4;8802;2934.0;2.6072857340731507E-4;31.995959036528774;1.0001262960571555;122733;264;0.7850052091692613;0.0853164004853614;0.7855219049000629;0.08442683537704097;6.582805886043833;2.4443303756935786E-5;2.6072857340731507E-4;0.0717166532228496;3.259107167591438E-5;0.017876202814239038;3;2.4443303756935786E-5;32;2.6072857340731507E-4;8802;0.0717166532228496;4;3.259107167591438E-5;2194;0.017876202814239038;263x219168-NZ-JACTQG010000060_8710_aligned_38284_F_0_1962_0;0.7850052091692613;0.0853164004853614;0.7855219049000629;0.08442683537704097;
59;11;Francisella tularensis subsp. novicida FSC159;strain;1088879;0;0;2;2;2;1.0;1;2;0;;3.971327018923373E-5;1.9999801433670683;1.0000099284150383;50361;264;;;;;0.0;0.0;3.971327018923373E-5;0.0;3.971327018923373E-5;0.0;0;0.0;2;3.971327018923373E-5;0;0.0;2;3.971327018923373E-5;0;0.0;263x27407-NZ-JACTRG010000004_20226_aligned_25789_F_1_2079_14;;;;;
60;11;Francisella tularensis subsp. novicida FSC595;strain;1088885;2;1557;9;9;5;1.8;4;5;8792;4396.0;6.737031214911295E-5;8.999730523441164;1.0000299427364112;133590;264;0.8245815597928274;0.010672140274123608;0.8246634598747276;0.010556316067530028;1.3038404810405297;1.4971180477580657E-5;6.737031214911295E-5;0.06581330937944457;3.742795119395164E-5;0.011655064001796542;2;1.4971180477580657E-5;9;6.737031214911295E-5;8792;0.06581330937944457;5;3.742795119395164E-5;1557;0.011655064001796542;119857x211766-NZ-JAACKR010000059_771_aligned_70_R_1_1490_1;0.8245815597928274;0.010672140274123608;0.8246634598747276;0.010556316067530028;
61;11;Francisella tularensis subsp. novicida PA10-7858;strain;1386968;2;2814;10;10;3;3.3333333333333335;4;3;12446;6223.0;5.4731242235005006E-5;9.999753713004617;1.0000246293061261;182711;264;0.7794340832262576;0.015843587176888576;0.7796821237064641;0.0154928049657582;1.154700538379251;1.0946248447001E-5;5.4731242235005006E-5;0.06811850408568723;1.6419372670501504E-5;0.015401371564930409;2;1.0946248447001E-5;10;5.4731242235005006E-5;12446;0.06811850408568723;3;1.6419372670501504E-5;2814;0.015401371564930409;263x11670-NZ-VJKD01000011_25465_aligned_48369_R_0_10081_1;0.7794340832262576;0.015843587176888576;0.7796821237064641;0.0154928049657582;
62;10;Francisella tularensis subsp. tularensis;subspecies;119856;1;329;10;10;1;10.0;10;1;2512;2512.0;5.651952749675012E-4;9.997457004559644;1.000254364228743;17693;263;0.8658340048348107;;0.8674456083803385;;;5.651952749675013E-5;5.651952749675012E-4;0.1419770530718363;5.651952749675013E-5;0.018594924546430792;3;0.0011584880218776816;45;0.019240923831507016;6062;2.1048596473095604;8;0.0038972429559920975;1173;0.48210374757611596;119857x201405-NZ-JACWLK010000018_25147_aligned_773_F_0_2452_1;0.7861622513410219;0.09719204401963677;0.7876979547694947;0.09829882224816529;
63;11;Francisella tularensis subsp. tularensis MA00-2987;strain;543737;0;0;2;2;1;2.0;2;1;0;;2.639567110993797E-4;1.9998680216440017;1.0000659935328582;7577;119856;;;;;;0.0;2.639567110993797E-4;0.0;1.3197835554968986E-4;0.0;0;0.0;2;2.639567110993797E-4;0;0.0;1;1.3197835554968986E-4;0;0.0;119857x226099-NZ-PJZX01000082_3034_aligned_7354_F_640_2011_60;;;;;
64;11;Francisella tularensis subsp. tularensis TI0902;strain;1001534;0;0;0;0;0;;0;0;0;;0.0;0.0;;330;119856;;;;;;0.0;0.0;0.0;0.0;0.0;0;0.0;2;0.0015174506828528073;0;0.0;2;0.0015174506828528073;0;0.0;;;;;;
65;12;Francisella tularensis subsp. tularensis TIGB03;no rank;1001542;0;0;2;2;2;1.0;1;2;0;;0.0015174506828528073;1.9992412746586181;1.000379506641344;1318;1001534;;;;;0.0;0.0;0.0015174506828528073;0.0;0.0015174506828528073;0.0;0;0.0;2;0.0015174506828528073;0;0.0;2;0.0015174506828528073;0;0.0;119857x124723-NZ-JAMKWA010000036_14241_aligned_434_F_165_6065_13;;;;;
66;11;Francisella tularensis subsp. tularensis 70001275;strain;1208319;1;479;21;21;1;21.0;21;1;1517;1517.0;0.01129032258064516;20.88748028330597;1.0053869454413782;1860;119856;0.6778749159381304;;0.6778749159381304;;;5.376344086021505E-4;0.01129032258064516;0.8155913978494623;5.376344086021505E-4;0.2575268817204301;1;5.376344086021505E-4;21;0.01129032258064516;1517;0.8155913978494623;1;5.376344086021505E-4;479;0.2575268817204301;263x27486-NZ-VJEN01000075_6064_aligned_540_R_201_1289_24;0.6778749159381304;;0.6778749159381304;;
67;11;Francisella tularensis subsp. tularensis 1378;strain;1292389;0;0;1;1;1;1.0;1;1;0;;4.847309743092584E-4;0.999999999999948;1.000000000000052;2063;119856;;;;;;0.0;4.847309743092584E-4;0.0;4.847309743092584E-4;0.0;0;0.0;1;4.847309743092584E-4;0;0.0;1;4.847309743092584E-4;0;0.0;263x206440-NZ-JACTQQ010000028_22766_aligned_25761_R_662_2155_4;;;;;
68;11;Francisella tularensis subsp. tularensis 79201237;strain;1292390;1;365;8;8;1;8.0;8;1;2033;2033.0;0.004514672686230248;7.984216467509585;1.0019768417545596;1772;119856;0.8147778332501248;;0.817773339990015;;;5.64334085778781E-4;0.004514672686230248;1.147291196388262;5.64334085778781E-4;0.20598194130925507;1;5.64334085778781E-4;8;0.004514672686230248;2033;1.147291196388262;1;5.64334085778781E-4;365;0.20598194130925507;119857x183121-NZ-MRLI01000156_1219_aligned_1205_F_3_2033_0;0.8147778332501248;;0.817773339990015;;
69;11;Francisella tularensis subsp. tularensis 80700069;strain;1292391;0;0;1;1;1;1.0;1;1;0;;6.045949214026602E-4;0.9999999999999578;1.0000000000000422;1654;119856;;;;;;0.0;6.045949214026602E-4;0.0;6.045949214026602E-4;0.0;0;0.0;1;6.045949214026602E-4;0;0.0;1;6.045949214026602E-4;0;0.0;263x209535-NZ-JPSV01000009_19716_aligned_753_F_10_7003_0;;;;;
70;10;Francisella tularensis subsp. holarctica;subspecies;119857;220;150210;2860;2858;479;5.970772442588727;32;242;706220;3210.090909090909;4.913242925996041E-4;2859.297275059992;0.9995462958429305;5816932;263;0.785106430688004;0.05953723820584152;0.785716253661764;0.05929540438366796;7.664730780506844;3.782062434286665E-5;4.916681164572665E-4;0.12140764237917857;4.1602686777153314E-5;0.025822890829736364;225;0.0012762411115689633;2880;0.004530060782011947;719813;3.5913218097515203;247;0.0012800231740032499;153459;0.7618507879489483;119857x95445-NZ-JAMKWD010000081_28_aligned_7189_F_1_2078_0;0.7842712397843338;0.05966648317807753;0.7848675111364547;0.05943905697547245;
71;11;Francisella tularensis subsp. holarctica OSU18;strain;393011;1;562;6;6;1;6.0;6;1;3637;3637.0;0.002830188679245283;5.992928976710448;1.0011798943917125;2120;119857;0.8441918491821458;;0.8441918491821458;;;4.716981132075472E-4;0.002830188679245283;1.715566037735849;4.716981132075472E-4;0.2650943396226415;1;4.716981132075472E-4;6;0.002830188679245283;3637;1.715566037735849;1;4.716981132075472E-4;562;0.2650943396226415;263x131608-NZ-JAJJMT010000001_12975_aligned_7976_F_1_3574_3;0.8441918491821458;;0.8441918491821458;;
72;11;Francisella tularensis subsp. holarctica F92;strain;1232394;2;1194;2;1;2;1.0;1;2;4456;2228.0;3.3921302578018993E-4;1.9996607869745087;0.5000848176419973;2948;119857;0.7240513682109146;0.029378338509379993;0.7240513682109146;0.029378338509379993;0.0;6.784260515603799E-4;6.784260515603799E-4;1.5115332428765265;6.784260515603799E-4;0.4050203527815468;2;6.784260515603799E-4;2;6.784260515603799E-4;4456;1.5115332428765265;2;6.784260515603799E-4;1194;0.4050203527815468;119857x158118-NZ-JAFCSB010000064_7981_aligned_28018_R_316_1382_81;0.7240513682109146;0.029378338509379993;0.7240513682109146;0.029378338509379993;
73;11;Francisella tularensis subsp. holarctica PHIT-FT049;strain;1432652;2;1493;12;12;2;6.0;9;2;5500;2750.0;5.297779347490177E-4;11.99708665011656;1.0002428381129858;22651;119857;0.7226598072551216;0.04150465764753007;0.7226598072551216;0.04150465764753007;4.242640687119285;8.829632245816962E-5;5.297779347490177E-4;0.24281488675996646;8.829632245816962E-5;0.06591320471502361;2;8.829632245816962E-5;12;5.297779347490177E-4;5500;0.24281488675996646;2;8.829632245816962E-5;1493;0.06591320471502361;263x202431-NZ-VIZZ01000033_20844_aligned_23918_F_41_2969_79;0.7226598072551216;0.04150465764753007;0.7226598072551216;0.04150465764753007;
74;10;Francisella tularensis subsp. mediasiatica;subspecies;135248;2;1138;4;4;3;1.3333333333333333;2;3;4785;2392.5;6.676681689200467E-4;3.998998609187858;1.0002504103927021;5991;263;0.7571426081556702;0.05310945697445505;0.7571426081556702;0.05310945697445505;0.5773502691896258;3.3383408446002337E-4;6.676681689200467E-4;0.7986980470706059;5.00751126690035E-4;0.1899515940577533;2;3.3383408446002337E-4;4;6.676681689200467E-4;4785;0.7986980470706059;3;5.00751126690035E-4;1138;0.1899515940577533;263x17243-NZ-VJGY01000090_1426_aligned_60850_F_35_1908_548;0.7571426081556702;0.05310945697445505;0.7571426081556702;0.05310945697445505;
75;10;Francisella tularensis 99A-2628;strain;1367846;0;0;2;2;1;2.0;2;1;0;;7.961783439490446E-4;1.9996019108279288;1.0001990842126702;2512;263;;;;;;0.0;7.961783439490446E-4;0.0;3.980891719745223E-4;0.0;0;0.0;2;7.961783439490446E-4;0;0.0;1;3.980891719745223E-4;0;0.0;263x191314-NZ-JACTRJ010000047_14722_aligned_19000_F_3_3961_0;;;;;
76;9;Francisella persica;species;954;0;0;0;0;0;;0;0;0;;;0.0;;0;262;;;;;;;;;;;2;1.7874842142800326E-6;74;6.613691592836121E-5;3467;0.0030986038854544365;10;8.937421071400164E-6;336;3.002973479990455E-4;;0.8923047926763596;0.04568587593256321;0.8990256570604687;0.036942696561589744;
77;10;Francisella persica ATCC VR-331;strain;1086726;2;336;74;74;10;7.4;30;10;3467;1733.5;6.613691592836121E-5;73.99758605100077;1.000032621996582;1118891;954;0.8923047926763596;0.04568587593256321;0.8990256570604687;0.036942696561589744;9.901739465591106;1.7874842142800326E-6;6.613691592836121E-5;0.0030986038854544365;8.937421071400164E-6;3.002973479990455E-4;2;1.7874842142800326E-6;74;6.613691592836121E-5;3467;0.0030986038854544365;10;8.937421071400164E-6;336;3.002973479990455E-4;263x41348-NZ-VJGL01000049_9765_aligned_26501_F_1_1573_0;0.8923047926763596;0.04568587593256321;0.8990256570604687;0.036942696561589744;
78;9;Francisella philomiragia;species;28110;8;4719;2141;2141;133;16.097744360902254;99;25;23213;2901.625;3.336718884784702E-4;2140.643011185795;1.0001667670939711;6416483;262;0.7969605091037428;0.05859933595413377;0.7971345287478955;0.05865453940868655;18.640484070664556;1.2467889340624763E-6;3.336718884784702E-4;0.0036177139407990327;3.896215418945239E-6;7.354496224801032E-4;8;1.2467889340624763E-6;2141;3.336718884784702E-4;23213;0.0036177139407990327;25;3.896215418945239E-6;4719;7.354496224801032E-4;28110x150654-NZ-JBGFDH010000110_2748_aligned_50028_R_41_2273_43;0.7969605091037428;0.05859933595413377;0.7971345287478955;0.05865453940868655;
79;9;Francisella orientalis;species;299583;6;1862;773;773;59;13.101694915254237;64;8;9702;1617.0;0.0010701835510157744;772.5870560629018;1.0005344950240334;722306;262;0.724017080525926;0.1881213119745527;0.724017080525926;0.1881213119745527;11.936173526597319;8.306728727159956E-6;0.0010701835510157744;0.013431980351817651;1.1075638302879942E-5;0.0025778548149953066;6;8.306728727159956E-6;773;0.0010701835510157744;9702;0.013431980351817651;8;1.1075638302879942E-5;1862;0.0025778548149953066;299583x224499-NZ-CP022938_1051879_aligned_238095_R_161_106_1;0.724017080525926;0.1881213119745527;0.724017080525926;0.1881213119745527;
80;9;Francisella halioticida;species;549298;0;0;2;2;2;1.0;1;2;0;;1.0477858451466821E-6;1.999999476237773;1.000000261881182;1908787;262;;;;;0.0;0.0;1.0477858451466821E-6;0.0;1.0477858451466821E-6;0.0;0;0.0;2;1.0477858451466821E-6;0;0.0;2;1.0477858451466821E-6;0;0.0;263x180478-NZ-VJET01000087_936_aligned_25936_F_1_1635_0;;;;;
81;9;Francisella uliginis;species;573570;7;199;201;201;9;22.333333333333332;81;9;1857;265.2857142857143;1.0763323093004214E-4;200.98923703860248;1.000053549939072;1867453;262;0.7174818769018911;0.36599646934499214;0.7174818769018911;0.36599646934499214;32.64965543462902;3.748420977663159E-6;1.0763323093004214E-4;9.944025365029266E-4;4.819398399852633E-6;1.0656225350785268E-4;7;3.748420977663159E-6;201;1.0763323093004214E-4;1857;9.944025365029266E-4;9;4.819398399852633E-6;199;1.0656225350785268E-4;573570x66666-NZ-CP016796_1495670_aligned_236262_R_0_122_1;0.7174818769018911;0.36599646934499214;0.7174818769018911;0.36599646934499214;
82;9;Francisella hispaniensis;species;622488;0;0;254;254;35;7.257142857142857;31;33;0;;1.2379675886438406E-4;253.98434034698118;1.0000616559784647;2051750;262;;;;;7.754857518101182;0.0;1.2379675886438406E-4;0.0;1.6083830876081395E-5;0.0;0;0.0;283;2.028979511102851E-4;0;0.0;40;3.517722210785062E-5;0;0.0;263x209535-NZ-JPSV01000009_19716_aligned_753_F_10_7003_0;;;;;
83;10;Francisella hispaniensis FSC454;strain;1088883;0;0;29;29;8;3.625;13;7;0;;7.910119224590106E-5;28.99889261009094;1.0000381873171487;366619;622488;;;;;3.9256482631170977;0.0;7.910119224590106E-5;0.0;1.9093391231769222E-5;0.0;0;0.0;29;7.910119224590106E-5;0;0.0;7;1.9093391231769222E-5;0;0.0;263x138044-NZ-VJGK01000051_6465_aligned_27014_F_614_1524_70;;;;;
84;9;Candidatus Francisella endociliophora;species;653937;0;0;5;5;2;2.5;3;2;0;;2.66476509029823E-6;4.999994670377621;1.000001065925612;1876338;262;;;;;0.7071067811865476;0.0;2.66476509029823E-6;0.0;1.065906036119292E-6;0.0;0;0.0;5;2.66476509029823E-6;0;0.0;2;1.065906036119292E-6;0;0.0;263x7125-NZ-JACTPX010000053_9614_aligned_123145_R_1_2621_4;;;;;
85;9;Francisella noatunensis;species;657445;12;6531;1860;1860;131;14.198473282442748;56;14;34585;2882.0833333333335;0.003371788643235757;1856.8694381563162;1.0016859353594576;551636;262;0.80293250274576;0.0907992913618952;0.8037434294732715;0.09069773708503508;12.079493014914062;2.1753475117650043E-5;0.003371788643235757;0.06269532807866057;2.537905430392505E-5;0.011839328832781036;12;2.1753475117650043E-5;1860;0.003371788643235757;34585;0.06269532807866057;14;2.537905430392505E-5;6531;0.011839328832781036;657445x52390-NZ-JACVKW010000150_2620_aligned_20218_F_15_2630_14;0.80293250274576;0.0907992913618952;0.8037434294732715;0.09069773708503508;
86;9;Francisella frigiditurris;species;1542390;0;0;4;4;1;4.0;4;1;0;;2.833846613801258E-6;3.9999957492875935;1.0000010626792308;1411509;262;;;;;;0.0;2.833846613801258E-6;0.0;7.084616534503145E-7;0.0;0;0.0;4;2.833846613801258E-6;0;0.0;1;7.084616534503145E-7;0;0.0;119857x94848-NZ-JAFCSF010000057_6990_aligned_71587_R_13_1543_0;;;;;
87;9;Francisella salimarina;species;2599927;47;8102;1603;1571;112;14.3125;106;48;50968;1084.4255319148936;0.0025011224005680463;1600.9575290739592;0.9812877427852271;628118;262;0.7969349147387046;0.12249014867443694;0.7977910370417391;0.1222061755864721;15.301198946134555;7.482670453640876E-5;0.0025520682419545374;0.08114398886833366;7.641876207973661E-5;0.012898850216042208;47;7.482670453640876E-5;1603;0.0025520682419545374;50968;0.08114398886833366;48;7.641876207973661E-5;8102;0.012898850216042208;2599927x232579-NZ-OZ220197_316599_aligned_29869_R_38_1335_10;0.7969349147387046;0.12249014867443694;0.7977910370417391;0.1222061755864721;
88;9;unclassified Francisella;no rank;2610885;1;662;777;777;35;22.2;165;6;2800;2800.0;3.419244228210129E-4;776.8673484565347;1.000170751858382;2272432;262;0.7610108303249098;;0.7610108303249098;;35.31938311365888;4.4005717222781586E-7;3.419244228210129E-4;0.0012321600822378844;2.640343033366895E-6;2.913178480148141E-4;4;4.3756956612031275E-6;2321;0.0019939194881144844;10731;0.01075201420760227;24;3.1271876537903125E-5;2375;0.002258569655791653;3087176x224851-NZ-JAWRHS010000028_25183_aligned_476_F_253_2513_2;0.780159404408977;0.01730289482939836;0.780159404408977;0.01730289482939836;
89;10;Francisella sp. TX07-6608;species;573568;0;0;21;21;6;3.5;9;6;0;;5.2793930206424265E-5;20.999472069125147;1.000025140197483;397773;2610885;;;;;3.5637059362410923;0.0;5.2793930206424265E-5;0.0;1.5083980058978362E-5;0.0;0;0.0;21;5.2793930206424265E-5;0;0.0;6;1.5083980058978362E-5;0;0.0;263x165139-NZ-JACTRO010000004_41350_aligned_22148_F_18_7411_106;;;;;
90;10;Francisella sp. LA112445;species;1395624;0;0;10;10;3;3.3333333333333335;5;3;0;;5.802126595439761E-6;9.999973891124935;1.0000026108943234;1723506;2610885;;;;;1.5275252316519463;0.0;5.802126595439761E-6;0.0;1.7406379786319281E-6;0.0;0;0.0;10;5.802126595439761E-6;0;0.0;3;1.7406379786319281E-6;0;0.0;263x88768-NZ-VJFU01000067_6332_aligned_56211_F_5_3638_11;;;;;
91;10;Francisella sp. XLW-1;species;2610887;1;463;352;352;20;17.6;48;3;2305;2305.0;0.0010562482183313078;351.814693311887;1.0005267167393395;333255;2610885;0.7964835164835165;;0.7964835164835165;;14.968036119115892;3.000705165713943E-6;0.0010562482183313078;0.006916625406970638;9.002115497141828E-6;0.0013893264917255554;1;3.000705165713943E-6;352;0.0010562482183313078;2305;0.006916625406970638;3;9.002115497141828E-6;463;0.0013893264917255554;2610887x112680-NZ-VXKP01000015_772_aligned_978_F_6_2262_0;0.7964835164835165;;0.7964835164835165;;
92;10;Francisella sp. SYW-9;species;2610888;1;984;893;893;34;26.264705882352942;253;3;4311;4311.0;4.094778767311101E-4;892.81739777837;1.0002045235924886;2180826;2610885;0.7701471618780659;;0.7701471618780659;;44.25019008589846;4.5854185524200465E-7;4.094778767311101E-4;0.001976773937948282;1.3756255657260139E-6;4.5120518555813254E-4;1;4.5854185524200465E-7;893;4.094778767311101E-4;4311;0.001976773937948282;3;1.3756255657260139E-6;984;4.5120518555813254E-4;2610888x24523-NZ-VXKQ01000025_7101_aligned_47034_R_20_4032_291;0.7701471618780659;;0.7701471618780659;;
93;10;Francisella sp. 19X1-34;species;3087177;1;266;268;268;10;26.8;102;3;1315;1315.0;1.2767291342918966E-4;267.9829564040607;1.0000635995518818;2099114;2610885;0.7929961089494163;;0.7929961089494163;;38.8438469315855;4.7639146801936436E-7;1.2767291342918966E-4;6.264547804454641E-4;1.429174404058093E-6;1.2672013049315093E-4;1;4.7639146801936436E-7;268;1.2767291342918966E-4;1315;6.264547804454641E-4;3;1.429174404058093E-6;266;1.2672013049315093E-4;3087177x175392-NZ-JBGCTX010000113_1867_aligned_65707_F_4_1087_232;0.7929961089494163;;0.7929961089494163;;
94;9;Francisella sciaenopsi;species;3055034;0;0;18;18;4;4.5;9;4;0;;2.2293092237669134E-5;17.999810510409734;1.0000105273102824;807425;262;;;;;3.696845502136472;0.0;2.2293092237669134E-5;0.0;4.9540204972598075E-6;0.0;0;0.0;18;2.2293092237669134E-5;0;0.0;4;4.9540204972598075E-6;0;0.0;263x227557-NZ-JPML01000032_20956_aligned_66186_F_288_3208_1;;;;;
95;5;Alphaproteobacteria;class;28211;3;13;1271;884;346;3.6734104046242773;24;284;905;301.6666666666667;0.009431747860785695;1262.427621076745;0.7002381643440454;93726;1224;0.971435290583697;0.027668914201883377;0.971435290583697;0.027668914201883377;4.039692690178281;3.200819409768901E-5;0.013560804899387576;0.009655805219469517;0.0030301090412478927;1.3870217442331904E-4;131974;0.5334447500560613;6633073;12.434964912116023;56427297;316.34637868045286;156481;0.6180894831270918;8731835;65.87711285058128;2020671x138139-NZ-CP118226_918060_aligned_33960_F_5_358_2;0.7877894875032541;0.1918101269243293;0.7878496943437483;0.19178503426789828;
96;6;Hyphomicrobiales;order;356;0;0;112;66;23;4.869565217391305;23;16;0;;6.885974521894268E-4;111.93517144302676;0.5896270059638311;95847;28211;;;;;5.353880052873183;0.0;0.0011685290097759973;0.0;1.669327156822853E-4;0.0;788;0.00887919954813763;77106;0.2299134749528349;616025;8.929396289152058;1292;0.009813122797771563;115916;1.7945954317131236;3243499x221173-NZ-JBHIOX010000027_7150_aligned_36_R_358_5964_704;0.7848600475989855;0.1594520587933247;0.7850923755685653;0.1594700354114451;
97;7;Bartonellaceae;family;772;0;0;0;0;0;;0;0;0;;0.0;0.0;;190;356;;;;;;0.0;0.0;0.0;0.0;0.0;788;0.00887919954813763;76994;0.22874494594305886;616025;8.929396289152058;1276;0.009646190082089279;115916;1.7945954317131236;;0.7848600475989855;0.1594520587933247;0.7850923755685653;0.1594700354114451;
98;8;Bartonella;genus;773;41;2140;31912;31651;1577;20.23589093214965;267;214;15232;371.5121951219512;8.162209570552401E-4;31898.872931382564;0.9922294141264564;38777490;772;0.8409328944827605;0.1440296659623844;0.8409328944827605;0.1440296659623844;25.845699017905034;1.0573144368034136E-6;8.229516660309887E-4;3.9280520735096575E-4;5.518665596973915E-6;5.518665596973914E-5;788;0.00887919954813763;76994;0.22874494594305886;616025;8.929396289152058;1276;0.009646190082089279;115916;1.7945954317131236;1457020x8343-NZ-CADDYC010000001_265660_aligned_177926_R_14_399_327;0.7848600475989855;0.1594520587933247;0.7850923755685653;0.1594700354114451;
99;9;Bartonella bacilliformis;species;774;18;2179;2465;2416;107;23.037383177570092;143;20;11291;627.2777777777778;8.894009979992159E-4;2463.8823726914784;0.9805662911419051;2716435;773;0.7133804737487143;0.25726188558038077;0.7133804737487143;0.25726188558038077;28.3648484404536;6.62633193873588E-6;9.074393460546636E-4;0.0041565507733481565;7.362591043039867E-6;8.021542941391935E-4;19;6.77398196854816E-5;2474;0.001457460735775375;14027;0.1713630532484444;21;6.847607878978558E-5;2653;0.02976994748609666;774x194146-NZ-JBLKQR010000054_2315_aligned_1071_F_325_2224_9;0.7192464331768074;0.25131770113791757;0.7192464331768074;0.25131770113791757;
100;10;Bartonella bacilliformis Peru38;strain;1293905;1;474;9;9;1;9.0;9;1;2736;2736.0;5.500213897207114E-4;8.997800228139239;1.0002444788509397;16363;774;0.8248337028824834;;0.8248337028824834;;;6.111348774674571E-5;5.500213897207114E-4;0.16720650247509625;6.111348774674571E-5;0.028967793191957466;1;6.111348774674571E-5;9;5.500213897207114E-4;2736;0.16720650247509625;1;6.111348774674571E-5;474;0.028967793191957466;1293905x22505-NZ-KL503812_338697_aligned_24670_R_9_2646_4;0.8248337028824834;;0.8248337028824834;;
101;9;Bartonella quintana;species;803;33;658;542;542;39;13.897435897435898;57;34;6849;207.54545454545453;3.545482257543308E-4;541.9041059788368;1.0001769575467416;1528706;773;0.7854952313277752;0.23854467158855552;0.7859644622031668;0.23860270481846743;14.621172232857663;2.158688459389837E-5;3.545482257543308E-4;0.004480259775260907;2.224103261189529E-5;4.3042939584197353E-4;33;2.158688459389837E-5;542;3.545482257543308E-4;6849;0.004480259775260907;34;2.224103261189529E-5;658;4.3042939584197353E-4;803x129412-NZ-CP091505_1245530_aligned_178221_F_5_115_14;0.7854952313277752;0.23854467158855552;0.7859644622031668;0.23860270481846743;
102;9;Bartonella elizabethae;species;807;0;0;18;18;2;9.0;17;2;0;;2.9750787569459824E-5;17.999747120539006;1.0000140490563174;605026;773;;;;;11.313708498984761;0.0;2.9750787569459824E-5;0.0;3.305643063273314E-6;0.0;0;0.0;18;2.9750787569459824E-5;0;0.0;2;3.305643063273314E-6;0;0.0;2699889x397-NZ-CAHOYM010000059_4344_aligned_286_R_2_3658_198;;;;;
103;9;Bartonella grahamii;species;33045;1;709;18;18;2;9.0;11;2;2635;2635.0;3.085118417128577E-5;17.999737767359605;1.0000145686922657;583446;773;0.7243761996161229;;0.727831094049904;;2.8284271247461903;1.713954676182543E-6;3.085118417128577E-5;0.004516270571741001;3.427909352365086E-6;0.001215193865413423;1;1.713954676182543E-6;24;3.648356434943796E-5;2635;0.004516270571741001;3;4.366639382057117E-6;709;0.001215193865413423;1415777x168965-NZ-KI912377_127173_aligned_24970_R_3_2635_1;0.7243761996161229;;0.727831094049904;;
104;10;Bartonella grahamii subsp. shimonis;subspecies;3004106;0;0;6;6;1;6.0;6;1;0;;5.632380178152185E-6;5.999985919166669;1.0000023468110628;1065269;33045;;;;;;0.0;5.632380178152185E-6;0.0;9.387300296920309E-7;0.0;0;0.0;6;5.632380178152185E-6;0;0.0;1;9.387300296920309E-7;0;0.0;3243489x71043-NZ-JBHIPH010000085_72318_aligned_49979_R_7_6086_0;;;;;
105;9;Bartonella taylorii;species;33046;3;1145;537;537;40;13.425;56;5;6812;2270.6666666666665;2.679358610445707E-4;536.9281995243708;1.0001337245383886;2004211;773;0.8246764530861416;0.010527498258459127;0.8252595434651502;0.009912714438685202;12.17371590658986;1.4968483857238583E-6;2.679358610445707E-4;0.0033988437345169745;2.494747309539764E-6;5.71297133884606E-4;3;1.4968483857238583E-6;537;2.679358610445707E-4;6812;0.0033988437345169745;5;2.494747309539764E-6;1145;5.71297133884606E-4;33046x191124-NZ-MUYW01000025_1080_aligned_23790_R_0_3954_0;0.8246764530861416;0.010527498258459127;0.8252595434651502;0.009912714438685202;
106;9;Bartonella vinsonii;species;33047;1;596;470;470;21;22.38095238095238;69;2;2751;2751.0;3.583155509711495E-4;469.91598496354743;1.0001787873559123;1311693;773;0.7794928335170893;;0.780962881293642;;21.476676163867143;7.623735127045734E-7;3.583155509711495E-4;0.0020972895334502814;1.5247470254091468E-6;4.5437461357192575E-4;1;7.623735127045734E-7;470;3.583155509711495E-4;2751;0.0020972895334502814;2;1.5247470254091468E-6;596;4.5437461357192575E-4;110577x41073-NZ-CADEAJ010000014_13676_aligned_6653_F_1_2509_210;0.7794928335170893;;0.780962881293642;;
107;9;Bartonella henselae;species;38323;37;6827;2559;2521;161;15.894409937888199;107;38;44410;1200.2702702702702;0.0018294921979886472;2556.626277368809;0.9860651211777912;1377978;773;0.834389157209083;0.11949974135907675;0.8351259578004461;0.11956857574754612;17.74598633651848;2.6850936662268918E-5;0.001857068835641788;0.03222838100463142;2.7576637653141052E-5;0.004954360664684051;37;2.6850936662268918E-5;2559;0.001857068835641788;44410;0.03222838100463142;38;2.7576637653141052E-5;6827;0.004954360664684051;38323x197968-NZ-CACVBL010000016_7780_aligned_7449_F_2_4147_0;0.834389157209083;0.11949974135907675;0.8351259578004461;0.11956857574754612;
108;9;Bartonella alsatica;species;52764;0;0;2;2;1;2.0;2;1;0;;1.7771159008333785E-6;1.9999991114328501;1.0000004442837722;1125419;773;;;;;;0.0;1.7771159008333785E-6;0.0;8.885579504166893E-7;0.0;0;0.0;2;1.7771159008333785E-6;0;0.0;1;8.885579504166893E-7;0;0.0;3243480x4926-NZ-JBHIPQ010000050_77808_aligned_127232_R_20_1740_51;;;;;
109;9;Bartonella clarridgeiae;species;56426;2;546;326;326;22;14.818181818181818;50;2;3300;1650.0;2.824538131697989E-4;325.9541055467139;1.000140800353501;1154171;773;0.8611658109332527;0.09128532846583545;0.8611658109332527;0.09128532846583545;12.392917960852301;1.7328454795693187E-6;2.824538131697989E-4;0.0028591950412893757;1.7328454795693187E-6;4.73066815922424E-4;2;1.7328454795693187E-6;326;2.824538131697989E-4;3300;0.0028591950412893757;2;1.7328454795693187E-6;546;4.73066815922424E-4;1408425x221262-NZ-JADC01000019_19974_aligned_556_F_1_2392_0;0.8611658109332527;0.09128532846583545;0.8611658109332527;0.09128532846583545;
110;9;Bartonella tribocorum;species;85701;0;0;8;8;4;2.0;5;4;0;;2.294805650040991E-6;7.999991969403478;1.0000010038255729;3486134;773;;;;;2.0;0.0;2.294805650040991E-6;0.0;1.1474028250204954E-6;0.0;0;0.0;8;2.294805650040991E-6;0;0.0;4;1.1474028250204954E-6;0;0.0;1933912x59330-NZ-CP019786_238172_aligned_32164_R_0_705_1;;;;;
111;9;Bartonella koehlerae;species;92181;0;0;0;0;0;;0;0;0;;;0.0;;0;773;;;;;;;;;;;0;0.0;2;1.5915900382379506E-6;0;0.0;2;1.5915900382379506E-6;0;0.0;;;;;;
112;10;Bartonella koehlerae subsp. koehlerae;subspecies;1819240;0;0;0;0;0;;0;0;0;;;0.0;;0;92181;;;;;;;;;;;0;0.0;2;1.5915900382379506E-6;0;0.0;2;1.5915900382379506E-6;0;0.0;;;;;;
113;11;Bartonella koehlerae C-29;strain;1134510;0;0;2;2;2;1.0;1;2;0;;1.5915900382379506E-6;1.9999992041905512;1.0000003979048828;1256605;1819240;;;;;0.0;0.0;1.5915900382379506E-6;0.0;1.5915900382379506E-6;0.0;0;0.0;2;1.5915900382379506E-6;0;0.0;2;1.5915900382379506E-6;0;0.0;38323x180116-NZ-HG969191_65573_aligned_2721_F_1_2030_0;;;;;
114;9;environmental samples;no rank;104107;0;0;0;0;0;;0;0;0;;;0.0;;0;773;;;;;;;;;;;5;5.204635873265034E-7;823;8.566830647394246E-5;8814;9.174732117391603E-4;7;7.286490222571048E-7;1807;1.8809554045979836E-4;;0.7195645980324235;0.25819572223863624;0.720660215562304;0.2585442073160988;
115;10;uncultured Bartonella sp.;species;104108;5;1807;823;823;36;22.86111111111111;175;7;8814;1762.8;8.566830647394246E-5;822.9647911734861;1.0000427829074725;9606820;104107;0.7195645980324235;0.25819572223863624;0.720660215562304;0.2585442073160988;31.47620668539313;5.204635873265034E-7;8.566830647394246E-5;9.174732117391603E-4;7.286490222571048E-7;1.8809554045979836E-4;5;5.204635873265034E-7;823;8.566830647394246E-5;8814;9.174732117391603E-4;7;7.286490222571048E-7;1807;1.8809554045979836E-4;104108x77853-NZ-CALYQK010000019_9775_aligned_36708_F_298_2184_16;0.7195645980324235;0.25819572223863624;0.720660215562304;0.2585442073160988;
116;9;Bartonella birtlesii;species;111504;0;0;4;4;1;4.0;4;1;0;;3.2682542211545924E-6;3.9999950974506344;1.0000012256388435;1223895;773;;;;;;0.0;3.2682542211545924E-6;0.0;8.170635552886481E-7;0.0;0;0.0;4;3.2682542211545924E-6;0;0.0;1;8.170635552886481E-7;0;0.0;110577x41073-NZ-CADEAJ010000014_13676_aligned_6653_F_1_2509_210;;;;;
117;9;Bartonella capreoli;species;155192;1;318;25;25;2;12.5;20;1;1699;1699.0;2.7487328341634505E-4;24.99670179851512;1.0001319454667046;90951;773;0.8088675853804673;;0.8094667465548232;;10.606601717798213;1.0994931336653802E-5;2.7487328341634505E-4;0.01868038834097481;1.0994931336653802E-5;0.003496388165055909;1;1.0994931336653802E-5;25;2.7487328341634505E-4;1699;0.01868038834097481;1;1.0994931336653802E-5;318;0.003496388165055909;155192x195438-NZ-CADDZX010000015_6296_aligned_25717_F_0_1702_2;0.8088675853804673;;0.8094667465548232;;
118;9;Bartonella schoenbuchensis;species;165694;0;0;1;1;1;1.0;1;1;0;;1.1122258085325516E-6;1.0000000000281397;0.9999999999718603;899098;773;;;;;;0.0;1.1122258085325516E-6;0.0;1.1122258085325516E-6;0.0;0;0.0;1;1.1122258085325516E-6;0;0.0;1;1.1122258085325516E-6;0;0.0;155192x195438-NZ-CADDZX010000015_6296_aligned_25717_F_0_1702_2;;;;;
119;9;Bartonella phoceensis;species;270249;0;0;2;2;2;1.0;1;2;0;;1.4454104604355022E-6;1.9999992773648745;1.0000003613176933;1383690;773;;;;;0.0;0.0;1.4454104604355022E-6;0.0;1.4454104604355022E-6;0.0;0;0.0;2;1.4454104604355022E-6;0;0.0;2;1.4454104604355022E-6;0;0.0;3243529x178988-NZ-JBHINT010000025_57554_aligned_1293_F_5_3416_1;;;;;
120;9;Bartonella silvatica;species;357760;1;577;36;36;4;9.0;31;3;2406;2406.0;2.246425375621043E-5;35.99960687993857;1.0000109201209542;1602546;773;0.7546296296296297;;0.7571548821548821;;14.696938456699069;6.24007048783623E-7;2.246425375621043E-5;0.0015013609593733971;1.872021146350869E-6;3.600520671481505E-4;1;6.24007048783623E-7;36;2.246425375621043E-5;2406;0.0015013609593733971;3;1.872021146350869E-6;577;3.600520671481505E-4;357760x152676-NZ-JBEPLI010000043_2419_aligned_24723_F_2_2229_198;0.7546296296296297;;0.7571548821548821;;
121;9;Bartonella japonica;species;357761;0;0;1;1;1;1.0;1;1;0;;6.85179297718627E-7;1.0000000000364295;0.9999999999635705;1459472;773;;;;;;0.0;6.85179297718627E-7;0.0;6.85179297718627E-7;0.0;0;0.0;1;6.85179297718627E-7;0;0.0;1;6.85179297718627E-7;0;0.0;3243437x55149-NZ-JBHIRI010000058_1796_aligned_8866_F_53_1258_284;;;;;
122;9;Bartonella tamiae;species;373638;1;56;1;1;1;1.0;1;1;210;210.0;4.624818533682785E-7;1.000000000002403;0.999999999997597;2162247;773;0.6888888888888889;;0.6888888888888889;;;4.624818533682785E-7;4.624818533682785E-7;9.712118920733847E-5;4.624818533682785E-7;2.5898983788623592E-5;1;4.624818533682785E-7;1;4.624818533682785E-7;210;9.712118920733847E-5;1;4.624818533682785E-7;56;2.5898983788623592E-5;1359166x126875-NZ-LAOH01000010_1338_aligned_124209_R_0_220_1;0.6888888888888889;;0.6888888888888889;;
123;9;Bartonella australis;species;388640;0;0;0;0;0;;0;0;0;;;0.0;;0;773;;;;;;;;;;;0;0.0;2;1.3203446627707696E-6;0;0.0;1;6.601723313853848E-7;0;0.0;;;;;;
124;10;Bartonella australis AUST/NH1;strain;1094489;0;0;2;2;1;2.0;2;1;0;;1.3203446627707696E-6;1.9999993396721223;1.0000003301640479;1514756;388640;;;;;;0.0;1.3203446627707696E-6;0.0;6.601723313853848E-7;0.0;0;0.0;2;1.3203446627707696E-6;0;0.0;1;6.601723313853848E-7;0;0.0;1933912x59330-NZ-CP019786_1573620_aligned_49516_F_1_442_0;;;;;
125;9;Bartonella rattaustraliani;species;481139;0;0;0;0;0;;0;0;0;;;0.0;;0;773;;;;;;;;;;;13;7.365251310873094E-6;1192;6.753368894277483E-4;6277;0.0035562832675654164;15;8.498366897161262E-6;1237;7.008319901192321E-4;;0.7549890986295268;0.2650686260898169;0.7549890986295268;0.2650686260898169;
126;10;Bartonella rattaustraliani AUST/NH4;strain;1205681;13;1237;1192;1192;47;25.361702127659573;116;15;6277;482.84615384615387;6.753368894277483E-4;1191.5979272061968;1.0003374232067908;1765045;481139;0.7549890986295268;0.2650686260898169;0.7549890986295268;0.2650686260898169;27.10480908068986;7.365251310873094E-6;6.753368894277483E-4;0.0035562832675654164;8.498366897161262E-6;7.008319901192321E-4;13;7.365251310873094E-6;1192;6.753368894277483E-4;6277;0.0035562832675654164;15;8.498366897161262E-6;1237;7.008319901192321E-4;1205681x204299-NZ-CALW02000016_1277_aligned_63590_F_1_4021_6;0.7549890986295268;0.2650686260898169;0.7549890986295268;0.2650686260898169;
127;9;Bartonella callosciuri;species;686223;0;0;3;3;1;3.0;3;1;0;;2.141734262179686E-6;2.999997858409829;1.0000007138639;1400734;773;;;;;;0.0;2.141734262179686E-6;0.0;7.13911420726562E-7;0.0;0;0.0;3;2.141734262179686E-6;0;0.0;1;7.13911420726562E-7;0;0.0;3243489x71043-NZ-JBHIPH010000085_72318_aligned_49979_R_7_6086_0;;;;;
128;9;Bartonella jaculi;species;686226;0;0;4;4;2;2.0;3;2;0;;2.782299013675E-6;3.9999958268655678;1.0000010432846964;1437660;773;;;;;1.4142135623730951;0.0;2.782299013675E-6;0.0;1.3911495068375E-6;0.0;0;0.0;4;2.782299013675E-6;0;0.0;2;1.3911495068375E-6;0;0.0;38323x128719-NZ-LNZZ01000053_5187_aligned_37963_F_54_569_51;;;;;
129;9;Bartonella florencae;species;928210;0;0;11;11;3;3.6666666666666665;8;2;0;;7.968040912268249E-6;10.99996015972298;1.0000036218564834;1380515;773;;;;;3.7859388972001824;0.0;7.968040912268249E-6;0.0;1.4487347113214996E-6;0.0;0;0.0;11;7.968040912268249E-6;0;0.0;2;1.4487347113214996E-6;0;0.0;38323x128719-NZ-LNZZ01000053_11636_aligned_28331_F_79_490_50;;;;;
130;9;Bartonella massiliensis;species;929795;0;0;1;1;1;1.0;1;1;0;;6.445350517497193E-7;1.0000000000388396;0.9999999999611604;1551506;773;;;;;;0.0;6.445350517497193E-7;0.0;6.445350517497193E-7;0.0;0;0.0;1;6.445350517497193E-7;0;0.0;1;6.445350517497193E-7;0;0.0;38323x128719-NZ-LNZZ01000053_13876_aligned_49258_R_10_497_280;;;;;
131;9;Bartonella saheliensis;species;1457016;2;2422;229;228;21;10.904761904761905;31;2;9856;4928.0;5.820172001398884E-4;228.93337190552808;0.9959229539242831;391741;773;0.7586350078471789;0.05499687456178358;0.758999173906902;0.05551188314240181;9.580734637306065;5.10541403631481E-6;5.845699071580458E-4;0.025159480370959383;5.10541403631481E-6;0.006182656397977235;2;5.10541403631481E-6;229;5.845699071580458E-4;9856;0.025159480370959383;2;5.10541403631481E-6;2422;0.006182656397977235;1457016x98329-NZ-LR607208_41224_aligned_28804_F_52_5660_40;0.7586350078471789;0.05499687456178358;0.758999173906902;0.05551188314240181;
132;9;Bartonella raoultii;species;1457020;10;353;136;136;16;8.5;26;14;2792;279.2;4.2421665742851715E-5;135.99713658903343;1.0000210549357023;3205909;773;0.8244146324568911;0.1461860071455044;0.8244146324568911;0.1461860071455044;8.221921916437786;3.1192401281508612E-6;4.2421665742851715E-5;8.708918437797205E-4;4.366936179411206E-6;1.101091765237254E-4;10;3.1192401281508612E-6;136;4.2421665742851715E-5;2792;8.708918437797205E-4;14;4.366936179411206E-6;353;1.101091765237254E-4;1457020x8343-NZ-CADDYC010000001_310_aligned_176065_F_52_152_240;0.8244146324568911;0.1461860071455044;0.8244146324568911;0.1461860071455044;
133;9;Bartonella senegalensis;species;1468418;0;0;0;0;0;;0;0;0;;;0.0;;0;773;;;;;;;;;;;1;6.694134933677859E-7;9;6.0247214403100725E-6;162;1.084449859255813E-4;3;2.0082404801033575E-6;29;1.941299130766579E-5;;0.7803030303030303;;0.7803030303030303;;
134;10;Bartonella senegalensis OS02;strain;929794;1;29;9;9;3;3.0;4;3;162;162.0;6.0247214403100725E-6;8.999975901782616;1.0000026775868789;1493845;1468418;0.7803030303030303;;0.7803030303030303;;1.7320508075688772;6.694134933677859E-7;6.0247214403100725E-6;1.084449859255813E-4;2.0082404801033575E-6;1.941299130766579E-5;1;6.694134933677859E-7;9;6.0247214403100725E-6;162;1.084449859255813E-4;3;2.0082404801033575E-6;29;1.941299130766579E-5;38323x110391-NZ-LOAG01000016_19424_aligned_21485_F_51_6058_8;0.7803030303030303;;0.7803030303030303;;
135;9;Bartonella apis;species;1686310;3;2204;717;717;32;22.40625;132;3;9053;3017.6666666666665;1.3526558747240685E-4;716.951576951176;1.0000675401943182;5300683;773;0.7496681463695923;0.038929377743485157;0.7515181845773423;0.04178259693904484;30.63295650428715;5.659648011397777E-7;1.3526558747240685E-4;0.0017078931149061356;5.659648011397777E-7;4.1579547390402334E-4;3;5.659648011397777E-7;717;1.3526558747240685E-4;9053;0.0017078931149061356;3;5.659648011397777E-7;2204;4.1579547390402334E-4;1686310x103461-NZ-CAXUOR020000002_207550_aligned_655_F_18_2683_592;0.7496681463695923;0.038929377743485157;0.7515181845773423;0.04178259693904484;
136;9;Bartonella kosoyi;species;2133959;0;0;3;3;1;3.0;3;1;0;;5.167299947982514E-6;2.999994832671094;1.0000017224459354;580574;773;;;;;;0.0;5.167299947982514E-6;0.0;1.7224333159941713E-6;0.0;0;0.0;3;5.167299947982514E-6;0;0.0;1;1.7224333159941713E-6;0;0.0;3243437x55149-NZ-JBHIRI010000058_1796_aligned_8866_F_53_1258_284;;;;;
137;9;unclassified Bartonella;no rank;2645622;314;38303;26288;14767;1579;16.648511716276126;203;548;212307;676.1369426751593;6.559365567608327E-4;26272.658471320137;0.5620672158517955;22512848;773;0.7836147872536012;0.15758857557301134;0.7838048629639748;0.15762223869498104;18.12010912994731;1.3947591171050415E-5;0.0011676887793139277;0.009430481652077072;2.4341655929094354E-5;0.0017013840274673377;610;0.008723080532544556;34476;0.22103957974630012;472421;8.649641785924997;875;0.009449741454377094;90396;1.7440436102361292;3243548x14820-NZ-JBHINA010000079_1431_aligned_6582_F_4_2591_0;0.7803089619408378;0.1514044600368444;0.7804963744174712;0.15141522491061907;
138;10;Bartonella sp. 1-1C;species;515256;0;0;1;1;1;1.0;1;1;0;;1.2782525775963228E-6;0.9999999999742606;1.0000000000257394;782318;2645622;;;;;;0.0;1.2782525775963228E-6;0.0;1.2782525775963228E-6;0.0;0;0.0;1;1.2782525775963228E-6;0;0.0;1;1.2782525775963228E-6;0;0.0;1933912x59330-NZ-CP019786_384967_aligned_135961_R_1_752_6;;;;;
139;10;Bartonella sp. DB5-6;species;1094755;0;0;8;8;1;8.0;8;1;0;;1.3758351749460415E-5;7.9999518459116;1.0000060192972817;581465;2645622;;;;;;0.0;1.3758351749460415E-5;0.0;1.7197939686825518E-6;0.0;0;0.0;8;1.3758351749460415E-5;0;0.0;1;1.7197939686825518E-6;0;0.0;3243503x28487-NZ-JBHIOT010000023_1201_aligned_79182_F_10_1035_2;;;;;
140;10;Bartonella sp. WD16.2;species;1933904;1;111;1;1;1;1.0;1;1;535;535.0;9.637179467410914E-7;1.0000000000383764;0.9999999999616236;1037648;2645622;0.7801980198019802;;0.7801980198019802;;;9.637179467410914E-7;9.637179467410914E-7;5.155891015064839E-4;9.637179467410914E-7;1.0697269208826115E-4;1;9.637179467410914E-7;1;9.637179467410914E-7;535;5.155891015064839E-4;1;9.637179467410914E-7;111;1.0697269208826115E-4;1933912x59330-NZ-CP019786_827826_aligned_15058_R_3_293_228;0.7801980198019802;;0.7801980198019802;;
141;10;Bartonella sp. Raccoon60;species;1933912;4;627;54;54;5;10.8;24;4;4191;1047.75;0.0024104990625836977;53.936171171830395;1.001183414150149;22402;2645622;0.8247635506157852;0.10202862603923413;0.8269852471279273;0.10442851155570397;8.927485648266257;1.7855548611731096E-4;0.0024104990625836977;0.18708151057941255;1.7855548611731096E-4;0.027988572448888492;4;1.7855548611731096E-4;54;0.0024104990625836977;4191;0.18708151057941255;4;1.7855548611731096E-4;627;0.027988572448888492;1933912x59330-NZ-CP019786_659335_aligned_30747_F_2_667_8;0.8247635506157852;0.10202862603923413;0.8269852471279273;0.10442851155570397;
142;10;Bartonella sp. M0283;species;2751016;0;0;22;22;1;22.0;22;1;0;;7.449067004357705E-5;21.99921786543605;1.0000355528350477;295339;2645622;;;;;;0.0;7.449067004357705E-5;0.0;3.38593954743532E-6;0.0;0;0.0;22;7.449067004357705E-5;0;0.0;1;3.38593954743532E-6;0;0.0;104108x168458-NZ-CAMLGB010000010_60852_aligned_7611_F_58_3774_158;;;;;
143;10;Bartonella sp. 220B;species;2967260;0;0;2;2;1;2.0;2;1;0;;1.6735673426763019E-6;1.9999991632415814;1.0000004183793842;1195052;2645622;;;;;;0.0;1.6735673426763019E-6;0.0;8.367836713381509E-7;0.0;0;0.0;2;1.6735673426763019E-6;0;0.0;1;8.367836713381509E-7;0;0.0;38323x110391-NZ-LOAG01000016_19424_aligned_21485_F_51_6058_8;;;;;
144;10;Bartonella sp. A05;species;2967261;2;1461;5;5;2;2.5;3;2;7765;3882.5;3.434240476507735E-6;4.999993131484933;1.0000013737049005;1455926;2645622;0.7869341394282628;0.0402567255720174;0.7869341394282628;0.0402567255720174;0.7071067811865476;1.3736961906030938E-6;3.434240476507735E-6;0.0053333754600165114;1.3736961906030938E-6;0.0010034850672355601;2;1.3736961906030938E-6;5;3.434240476507735E-6;7765;0.0053333754600165114;2;1.3736961906030938E-6;1461;0.0010034850672355601;1933912x59330-NZ-CP019786_348987_aligned_313_R_0_689_10;0.7869341394282628;0.0402567255720174;0.7869341394282628;0.0402567255720174;
145;10;Bartonella sp. AU18XJBT;species;3019089;2;437;79;79;6;13.166666666666666;30;3;4135;2067.5;1.3300782894183012E-4;78.99481292034152;1.0000656635476017;593950;2645622;0.8993562681330631;0.035742283073539736;0.8995493928916573;0.03546916342070265;12.106472098289686;3.367286808653927E-6;1.3300782894183012E-4;0.006961865476891994;5.0509302129808905E-6;7.357521676908831E-4;2;3.367286808653927E-6;79;1.3300782894183012E-4;4135;0.006961865476891994;3;5.0509302129808905E-6;437;7.357521676908831E-4;3019089x202960-NZ-JAQITE010000076_470_aligned_637_R_87_1141_207;0.8993562681330631;0.035742283073539736;0.8995493928916573;0.03546916342070265;
146;10;Bartonella sp. AU55XJBT;species;3019091;1;723;1;1;1;1.0;1;1;3105;3105.0;1.3115700148863197E-6;1.0000000000317693;0.9999999999682307;762445;2645622;0.7648780487804878;;0.7648780487804878;;;1.3115700148863197E-6;1.3115700148863197E-6;0.004072424896222023;1.3115700148863197E-6;9.482651207628092E-4;1;1.3115700148863197E-6;1;1.3115700148863197E-6;3105;0.004072424896222023;1;1.3115700148863197E-6;723;9.482651207628092E-4;3243431x1716-NZ-JBHIRO010000010_1975_aligned_31105_F_176_2819_123;0.7648780487804878;;0.7648780487804878;;
147;10;Bartonella sp. MM73XJBT;species;3019095;2;1438;426;410;21;20.285714285714285;70;2;5970;2985.0;9.797900381640168E-4;425.78374258370116;0.9629301426871686;418457;2645622;0.7469341291321487;0.023078771558000533;0.7500554264627134;0.018984983282729396;15.723049504287827;4.779463600800083E-6;0.0010180257469704175;0.014266698848388245;4.779463600800083E-6;0.0034364343289752593;2;4.779463600800083E-6;426;0.0010180257469704175;5970;0.014266698848388245;2;4.779463600800083E-6;1438;0.0034364343289752593;3019095x101938-NZ-JAQISY010000055_2038_aligned_208_R_6_4286_14;0.7469341291321487;0.023078771558000533;0.7500554264627134;0.018984983282729396;
148;10;Bartonella sp. B23;species;3239292;0;0;2;2;1;2.0;2;1;0;;1.5578483621561245E-6;1.9999992209705943;1.0000003895148546;1283822;2645622;;;;;;0.0;1.5578483621561245E-6;0.0;7.789241810780623E-7;0.0;0;0.0;2;1.5578483621561245E-6;0;0.0;1;7.789241810780623E-7;0;0.0;3243498x232371-NZ-JBHIOY010000003_109903_aligned_34728_R_95_1959_95;;;;;
149;10;Bartonella sp. B35(2025);species;3239294;0;0;8;8;1;8.0;8;1;0;;6.034261025537747E-6;7.999978880676058;1.000002639922462;1325763;2645622;;;;;;0.0;6.034261025537747E-6;0.0;7.542826281922184E-7;0.0;0;0.0;8;6.034261025537747E-6;0;0.0;1;7.542826281922184E-7;0;0.0;1933912x59330-NZ-CP019786_1227646_aligned_98358_R_297_400_412;;;;;
150;10;Bartonella sp. AA126HLJHH;species;3243426;0;0;7;7;1;7.0;7;1;0;;2.021952628538417E-4;6.999393443400468;1.0000866584518269;34620;2645622;;;;;;0.0;2.021952628538417E-4;0.0;2.8885037550548817E-5;0.0;0;0.0;7;2.021952628538417E-4;0;0.0;1;2.8885037550548817E-5;0;0.0;3243557x93238-NZ-JBHIMO010000044_3589_aligned_35543_F_4_1651_1;;;;;
151;10;Bartonella sp. AA78NXGY;species;3243437;1;262;6;6;2;3.0;4;2;1591;1591.0;3.17225335730147E-4;5.999206992569995;1.000132185375665;18914;2645622;0.8251121076233184;;0.8321588725176169;;1.4142135623730951;5.287088928835783E-5;3.17225335730147E-4;0.0841175848577773;1.0574177857671566E-4;0.013852172993549752;1;5.287088928835783E-5;6;3.17225335730147E-4;1591;0.0841175848577773;2;1.0574177857671566E-4;262;0.013852172993549752;3243437x55149-NZ-JBHIRI010000058_1796_aligned_8866_F_53_1258_284;0.8251121076233184;;0.8321588725176169;;
152;10;Bartonella sp. AA89HNZF;species;3243442;0;0;1;1;1;1.0;1;1;0;;1.2504532893173776E-5;0.9999999999975224;1.0000000000024776;79971;2645622;;;;;;0.0;1.2504532893173776E-5;0.0;1.2504532893173776E-5;0.0;0;0.0;1;1.2504532893173776E-5;0;0.0;1;1.2504532893173776E-5;0;0.0;3243444x32961-NZ-JBHIRA010000003_150964_aligned_34739_F_1_248_5;;;;;
153;10;Bartonella sp. AC10YNML;species;3243444;2;196;17;17;2;8.5;14;2;1140;570.0;0.0010202244493788632;16.991840652958366;1.0004801920644315;16663;2645622;0.6630678971858845;0.3770182005798674;0.6652705403576906;0.3739031927332309;7.7781745930520225;1.2002640580927805E-4;0.0010202244493788632;0.06841505131128849;1.2002640580927805E-4;0.011762587769309248;2;1.2002640580927805E-4;17;0.0010202244493788632;1140;0.06841505131128849;2;1.2002640580927805E-4;196;0.011762587769309248;3243444x32961-NZ-JBHIRA010000003_8123_aligned_104206_F_230_250_406;0.6630678971858845;0.3770182005798674;0.6652705403576906;0.3739031927332309;
154;10;Bartonella sp. AC130YNZD;species;3243445;0;0;1;1;1;1.0;1;1;0;;7.06863646002686E-5;1.0000000000001736;0.9999999999998264;14147;2645622;;;;;;0.0;7.06863646002686E-5;0.0;7.06863646002686E-5;0.0;0;0.0;1;7.06863646002686E-5;0;0.0;1;7.06863646002686E-5;0;0.0;3243575x184872-NZ-JBHILW010000041_1717_aligned_68_R_114_3260_111;;;;;
155;10;Bartonella sp. AC535YNZD;species;3243455;1;752;29;29;1;29.0;29;1;2281;2281.0;0.001542225058498192;28.978419179620712;1.0007447204157522;18804;2645622;0.6659262549977788;;0.6659262549977788;;;5.318017443097213E-5;0.001542225058498192;0.12130397787704744;5.318017443097213E-5;0.03999149117209105;1;5.318017443097213E-5;29;0.001542225058498192;2281;0.12130397787704744;1;5.318017443097213E-5;752;0.03999149117209105;3243455x225653-NZ-JBHIQP010000008_76774_aligned_21035_F_5_2278_20;0.6659262549977788;;0.6659262549977788;;
156;10;Bartonella sp. AD13SXNS;species;3243462;1;1226;108;108;11;9.818181818181818;25;1;5690;5690.0;6.365785084022469E-4;107.96595014150105;1.000315375898182;169657;2645622;0.7830388692579505;;0.7833922261484099;;6.779648690281553;5.8942454481689525E-6;6.365785084022469E-4;0.03353825660008134;5.8942454481689525E-6;0.007226344919455136;1;5.8942454481689525E-6;108;6.365785084022469E-4;5690;0.03353825660008134;1;5.8942454481689525E-6;1226;0.007226344919455136;3243462x138981-NZ-JBHIQI010000028_1489_aligned_63365_R_0_5520_0;0.7830388692579505;;0.7833922261484099;;
157;10;Bartonella sp. AD24XZML;species;3243463;1;1014;42;42;3;14.0;21;1;3895;3895.0;6.811105345096004E-4;41.98604025266287;1.0003324854464275;61664;2645622;0.7355756791720569;;0.7376455368693402;;9.643650760992955;1.621691748832382E-5;6.811105345096004E-4;0.06316489361702128;1.621691748832382E-5;0.016443954333160354;1;1.621691748832382E-5;42;6.811105345096004E-4;3895;0.06316489361702128;1;1.621691748832382E-5;1014;0.016443954333160354;3243463x11071-NZ-JBHIQH010000113_31487_aligned_65513_R_69_3653_195;0.7355756791720569;;0.7376455368693402;;
158;10;Bartonella sp. AP172QHHD;species;3243471;1;617;11;11;1;11.0;11;1;2831;2831.0;0.002812579902838149;10.985947882160463;1.0012790992630098;3911;2645622;0.7768654052124241;;0.7797215280257052;;;2.5568908207619537E-4;0.002812579902838149;0.723855791357709;2.5568908207619537E-4;0.15776016364101253;1;2.5568908207619537E-4;11;0.002812579902838149;2831;0.723855791357709;1;2.5568908207619537E-4;617;0.15776016364101253;3243503x41044-NZ-JBHIOT010000034_3056_aligned_23279_F_1_2750_2;0.7768654052124241;;0.7797215280257052;;
159;10;Bartonella sp. AP282QHHD;species;3243482;2;1043;32;28;3;10.666666666666666;23;2;4749;2374.5;0.013506994693680656;31.76188341640429;0.8815598128396452;2073;2645622;0.7807238351972605;0.14769364144436703;0.7811655313103347;0.1483182940779242;10.692676621563628;9.64785335262904E-4;0.015436565364206465;2.2908827785817656;9.64785335262904E-4;0.5031355523396044;2;9.64785335262904E-4;32;0.015436565364206465;4749;2.2908827785817656;2;9.64785335262904E-4;1043;0.5031355523396044;3243482x153186-NZ-JBHIPO010000059_3370_aligned_20789_F_1_2473_3;0.7807238351972605;0.14769364144436703;0.7811655313103347;0.1483182940779242;
160;10;Bartonella sp. AP331QHHD;species;3243490;0;0;8;8;1;8.0;8;1;0;;2.550776392564487E-4;7.9991072851795035;1.0001116018061353;31363;2645622;;;;;;0.0;2.550776392564487E-4;0.0;3.188470490705609E-5;0.0;0;0.0;8;2.550776392564487E-4;0;0.0;1;3.188470490705609E-5;0;0.0;3243503x28487-NZ-JBHIOT010000023_1201_aligned_79182_F_10_1035_2;;;;;
161;10;Bartonella sp. AP4SXKL;species;3243496;1;629;2;2;1;2.0;2;1;2609;2609.0;9.689453030376436E-5;1.9999515527339367;1.0000242242198303;20641;2645622;0.7561070182241179;;0.7561070182241179;;;4.844726515188218E-5;9.689453030376436E-5;0.12639891478126059;4.844726515188218E-5;0.030473329780533888;1;4.844726515188218E-5;2;9.689453030376436E-5;2609;0.12639891478126059;1;4.844726515188218E-5;629;0.030473329780533888;3243496x147299-NZ-JBHIPA010000024_9927_aligned_32943_R_0_2504_0;0.7561070182241179;;0.7561070182241179;;
162;10;Bartonella sp. AP58NXGY;species;3243498;1;301;36;36;6;6.0;17;2;2183;2183.0;1.8415923635303326E-4;35.99677740008858;1.0000895246781567;195483;2645622;0.8592661402693915;;0.8601950766372504;;6.0332412515993425;5.115534343139812E-6;1.8415923635303326E-4;0.01116721147107421;1.0231068686279625E-5;0.0015397758372850837;1;5.115534343139812E-6;36;1.8415923635303326E-4;2183;0.01116721147107421;2;1.0231068686279625E-5;301;0.0015397758372850837;3243498x232371-NZ-JBHIOY010000003_109903_aligned_34728_R_95_1959_95;0.8592661402693915;;0.8601950766372504;;
163;10;Bartonella sp. AP72JLCBS;species;3243502;0;0;6;1;6;1.0;1;6;0;;2.3040412884198886E-5;5.9996544044106255;0.16667626709712702;43402;2645622;;;;;0.0;0.0;1.3824247730519332E-4;0.0;1.3824247730519332E-4;0.0;0;0.0;6;1.3824247730519332E-4;0;0.0;6;1.3824247730519332E-4;0;0.0;3243581x174678-NZ-JBHILQ010000091_408_aligned_9778_F_0_1048_0;;;;;
164;10;Bartonella sp. AP7XZML;species;3243503;0;0;15;15;2;7.5;8;2;0;;3.6655099946239186E-4;14.997434414655377;1.0001710682823268;40922;2645622;;;;;0.7071067811865476;0.0;3.6655099946239186E-4;0.0;4.887346659498558E-5;0.0;0;0.0;15;3.6655099946239186E-4;0;0.0;2;4.887346659498558E-5;0;0.0;3243503x41044-NZ-JBHIOT010000034_3056_aligned_23279_F_1_2750_2;;;;;
165;10;Bartonella sp. CL162QHHD;species;3243516;0;0;1;1;1;1.0;1;1;0;;4.525910839556461E-5;1.0000000000005609;0.9999999999994391;22095;2645622;;;;;;0.0;4.525910839556461E-5;0.0;4.525910839556461E-5;0.0;0;0.0;1;4.525910839556461E-5;0;0.0;1;4.525910839556461E-5;0;0.0;3243517x76289-NZ-JBHIOF010000048_744_aligned_28102_F_0_3012_1;;;;;
166;10;Bartonella sp. CL266QHHD;species;3243519;0;0;3;3;1;3.0;3;1;0;;8.918219923303308E-5;2.99991081868731;1.000029727987957;33639;2645622;;;;;;0.0;8.918219923303308E-5;0.0;2.972739974434436E-5;0.0;0;0.0;3;8.918219923303308E-5;0;0.0;1;2.972739974434436E-5;0;0.0;3243437x55149-NZ-JBHIRI010000058_1796_aligned_8866_F_53_1258_284;;;;;
167;10;Bartonella sp. CL26QHWL;species;3243520;1;17;2;2;1;2.0;2;1;236;236.0;1.8340210912425492E-4;1.9999082989453032;1.0000458526297156;10905;2645622;0.9174757281553398;;0.9174757281553398;;;9.170105456212746E-5;1.8340210912425492E-4;0.02164144887666208;9.170105456212746E-5;0.0015589179275561668;1;9.170105456212746E-5;2;1.8340210912425492E-4;236;0.02164144887666208;1;9.170105456212746E-5;17;0.0015589179275561668;3243581x174678-NZ-JBHILQ010000091_800_aligned_125510_F_1_236_1;0.9174757281553398;;0.9174757281553398;;
168;10;Bartonella sp. CL27QHWL;species;3243521;1;73;36;36;3;12.0;17;1;455;455.0;0.0013426823810234224;35.976512987310564;1.0006528429449992;26812;2645622;0.8282352941176471;;0.8282352941176471;;7.810249675906654;3.7296732806206175E-5;0.0013426823810234224;0.01697001342682381;3.7296732806206175E-5;0.002722661494853051;1;3.7296732806206175E-5;36;0.0013426823810234224;455;0.01697001342682381;1;3.7296732806206175E-5;73;0.002722661494853051;3243521x204762-NZ-JBHIOB010000207_899_aligned_173896_F_98_164_193;0.8282352941176471;;0.8282352941176471;;
169;10;Bartonella sp. CL29QHWL;species;3243522;158;18695;3214;49;169;19.01775147928994;49;158;91748;580.6835443037975;0.0011494792155390824;3095.8613831055504;0.015827582031740273;42628;2645622;0.765446979152219;0.15644810594209796;0.765446979152219;0.15644810594209796;15.120733704791018;0.0037064840011260206;0.07539645303556348;2.1522942666791782;0.0037064840011260206;0.4385615088674111;158;0.0037064840011260206;3214;0.07539645303556348;91748;2.1522942666791782;158;0.0037064840011260206;18695;0.4385615088674111;3243522x30644-NZ-JBHIOA010000283_856_aligned_51059_F_35_846_22;0.765446979152219;0.15644810594209796;0.765446979152219;0.15644810594209796;
170;10;Bartonella sp. CL2QHWL;species;3243523;0;0;3;3;1;3.0;3;1;0;;2.4342745861733204E-4;2.9997565791269976;1.000081146875282;12324;2645622;;;;;;0.0;2.4342745861733204E-4;0.0;8.114248620577734E-5;0.0;0;0.0;3;2.4342745861733204E-4;0;0.0;1;8.114248620577734E-5;0;0.0;948x79739-NZ-FLME02000092_3961_aligned_37891_F_24_203_59;;;;;
171;10;Bartonella sp. CL436QHHD;species;3243531;1;210;9;9;1;9.0;9;1;1773;1773.0;3.748750416527824E-4;8.998500645560295;1.0001666226962427;24008;2645622;0.8783706253585771;;0.8795180722891566;;;4.165278240586471E-5;3.748750416527824E-4;0.07385038320559813;4.165278240586471E-5;0.008747084305231589;1;4.165278240586471E-5;9;3.748750416527824E-4;1773;0.07385038320559813;1;4.165278240586471E-5;210;0.008747084305231589;3243531x136526-NZ-JBHINR010000069_4393_aligned_27775_F_6_1579_183;0.8783706253585771;;0.8795180722891566;;
172;10;Bartonella sp. CL43QHWL;species;3243532;0;0;1;1;1;1.0;1;1;0;;5.4013179215728635E-5;0.9999999999997891;1.000000000000211;18514;2645622;;;;;;0.0;5.4013179215728635E-5;0.0;5.4013179215728635E-5;0.0;0;0.0;1;5.4013179215728635E-5;0;0.0;1;5.4013179215728635E-5;0;0.0;3243533x135413-NZ-JBHINP010000243_41_aligned_503_R_0_549_1;;;;;
173;10;Bartonella sp. CL45QHWL;species;3243533;56;7140;1935;212;99;19.545454545454547;108;57;43099;769.625;0.005871437671365663;1884.090310895009;0.1125211454960949;36107;2645622;0.7933949386164364;0.15213784898174462;0.7934290171333392;0.1521586316111181;21.049636541179755;0.0015509457999833827;0.05359071648156867;1.193646661312211;0.0015786412606973717;0.1977455894978813;56;0.0015509457999833827;1935;0.05359071648156867;43099;1.193646661312211;57;0.0015786412606973717;7140;0.1977455894978813;3243533x135413-NZ-JBHINP010000243_849_aligned_352_R_58_761_31;0.7933949386164364;0.15213784898174462;0.7934290171333392;0.1521586316111181;
174;10;Bartonella sp. CL50QHWL;species;3243536;1;115;2;2;1;2.0;2;1;343;343.0;1.1740534194305841E-4;1.9999412973285429;1.0000293521972548;17035;2645622;0.6325878594249201;;0.6325878594249201;;;5.870267097152921E-5;1.1740534194305841E-4;0.020135016143234517;5.870267097152921E-5;0.0067508071617258586;1;5.870267097152921E-5;2;1.1740534194305841E-4;343;0.020135016143234517;1;5.870267097152921E-5;115;0.0067508071617258586;1242993x135453-NZ-QOHL01000049_1914_aligned_93211_R_5_308_30;0.6325878594249201;;0.6325878594249201;;
175;10;Bartonella sp. CL5QHWL;species;3243537;1;38;2;2;1;2.0;2;1;332;332.0;1.2131505519835011E-4;1.9999393424740906;1.0000303296828166;16486;2645622;0.8741721854304636;;0.8741721854304636;;;6.0657527599175054E-5;1.2131505519835011E-4;0.02013829916292612;6.0657527599175054E-5;0.002304986048768652;1;6.0657527599175054E-5;2;1.2131505519835011E-4;332;0.02013829916292612;1;6.0657527599175054E-5;38;0.002304986048768652;3243522x30644-NZ-JBHIOA010000283_484_aligned_59907_F_1_343_2;0.8741721854304636;;0.8741721854304636;;
176;10;Bartonella sp. CL9QHWL;species;3243542;20;2287;883;360;48;18.395833333333332;59;20;13807;690.35;0.01935483870967742;862.3910249238844;0.4174440475325842;18600;2645622;0.8004406358625709;0.1435439505819111;0.8004406358625709;0.1435439505819111;14.168799380558848;0.001075268817204301;0.04747311827956989;0.7423118279569892;0.001075268817204301;0.12295698924731183;20;0.001075268817204301;883;0.04747311827956989;13807;0.7423118279569892;20;0.001075268817204301;2287;0.12295698924731183;3243542x76561-NZ-JBHING010000075_270_aligned_147170_F_0_206_4;0.8004406358625709;0.1435439505819111;0.8004406358625709;0.1435439505819111;
177;10;Bartonella sp. MM55XZML;species;3243552;0;0;2;2;1;2.0;2;1;0;;4.829751267809708E-5;1.9999758512447174;1.0000120745234335;41410;2645622;;;;;;0.0;4.829751267809708E-5;0.0;2.414875633904854E-5;0.0;0;0.0;2;4.829751267809708E-5;0;0.0;1;2.414875633904854E-5;0;0.0;3243573x28325-NZ-JBHILY010000033_4298_aligned_32619_F_15_4964_325;;;;;
178;10;Bartonella sp. MR100HLJHH;species;3243554;0;0;1;1;1;1.0;1;1;0;;2.414234325583641E-5;1.0000000000015132;0.9999999999984868;41421;2645622;;;;;;0.0;2.414234325583641E-5;0.0;2.414234325583641E-5;0.0;0;0.0;1;2.414234325583641E-5;0;0.0;1;2.414234325583641E-5;0;0.0;3243575x184872-NZ-JBHILW010000041_1717_aligned_68_R_114_3260_111;;;;;
179;10;Bartonella sp. MR110HLJHH;species;3243555;1;498;24;24;3;8.0;16;2;1976;1976.0;5.638302870835879E-4;23.993517068623046;1.0002701951263924;42566;2645622;0.7440904419321686;;0.7440904419321686;;6.928203230275509;2.3492928628482827E-5;5.638302870835879E-4;0.04642202696988207;4.6985857256965655E-5;0.011699478456984448;1;2.3492928628482827E-5;24;5.638302870835879E-4;1976;0.04642202696988207;2;4.6985857256965655E-5;498;0.011699478456984448;3243555x141070-NZ-JBHIMQ010000006_64876_aligned_27332_F_374_1527_4;0.7440904419321686;;0.7440904419321686;;
180;10;Bartonella sp. MR30HLJHH;species;3243557;3;2847;112;112;8;14.0;31;3;9326;3108.6666666666665;2.9917406588240324E-4;111.9833974652505;1.0001482588948478;374364;2645622;0.6639304175083659;0.0639687815963332;0.6658820814596281;0.062385816760232936;11.263087625386872;8.013591050421514E-6;2.9917406588240324E-4;0.024911583378743683;8.013591050421514E-6;0.007604897906850018;3;8.013591050421514E-6;112;2.9917406588240324E-4;9326;0.024911583378743683;3;8.013591050421514E-6;2847;0.007604897906850018;3243557x93238-NZ-JBHIMO010000044_3589_aligned_35543_F_4_1651_1;0.6639304175083659;0.0639687815963332;0.6658820814596281;0.062385816760232936;
181;10;Bartonella sp. MU37NMGALS;species;3243560;0;0;1;1;1;1.0;1;1;0;;5.4476615912619505E-6;1.000000000002124;0.9999999999978759;183565;2645622;;;;;;0.0;5.4476615912619505E-6;0.0;5.4476615912619505E-6;0.0;0;0.0;1;5.4476615912619505E-6;0;0.0;1;5.4476615912619505E-6;0;0.0;357760x152676-NZ-JBEPLI010000043_2419_aligned_24723_F_2_2229_198;;;;;
182;10;Bartonella sp. MU70NMGDW;species;3243561;1;445;19;19;1;19.0;19;1;1315;1315.0;9.078008762667406E-5;18.9991830011204;1.000043001790106;209297;2645622;0.6536964980544747;;0.6536964980544747;;;4.777899348772319E-6;9.078008762667406E-5;0.006282937643635599;4.777899348772319E-6;0.002126165210203682;1;4.777899348772319E-6;19;9.078008762667406E-5;1315;0.006282937643635599;1;4.777899348772319E-6;445;0.002126165210203682;3243561x80369-NZ-JBHIMK010000286_175_aligned_31988_F_6_1310_1;0.6536964980544747;;0.6536964980544747;;
183;10;Bartonella sp. OT172YNZD;species;3243572;1;452;5;5;2;2.5;3;2;1799;1799.0;8.484527615440482E-6;4.999983030985903;1.0000033938143373;589308;2645622;0.7444884115319389;;0.7444884115319389;;0.7071067811865476;1.6969055230880965E-6;8.484527615440482E-6;0.0030527330360354855;3.393811046176193E-6;7.670012964358196E-4;1;1.6969055230880965E-6;5;8.484527615440482E-6;1799;0.0030527330360354855;2;3.393811046176193E-6;452;7.670012964358196E-4;33046x47365-NZ-CADDYG010000066_189_aligned_58583_R_23_1509_176;0.7444884115319389;;0.7444884115319389;;
184;10;Bartonella sp. PS17NMGDW;species;3243573;1;1207;52;52;2;26.0;34;1;5285;5285.0;0.0013331624150749904;51.96601887999265;1.0006539103964422;39005;2645622;0.7670789724072312;;0.770313986679353;;11.313708498984761;2.5637738751442122E-5;0.0013331624150749904;0.1354954493013716;2.5637738751442122E-5;0.030944750672990642;1;2.5637738751442122E-5;52;0.0013331624150749904;5285;0.1354954493013716;1;2.5637738751442122E-5;1207;0.030944750672990642;3243573x28325-NZ-JBHILY010000033_4298_aligned_32619_F_15_4964_325;0.7670789724072312;;0.770313986679353;;
185;10;Bartonella sp. SD1336NMGDW;species;3243575;1;885;44;44;4;11.0;19;1;3470;3470.0;0.0010640355968272394;43.97713097781503;1.0005200207852691;41352;2645622;0.7421511627906977;;0.7427325581395349;;8.12403840463596;2.4182627200619074E-5;0.0010640355968272394;0.0839137163861482;2.4182627200619074E-5;0.02140162507254788;1;2.4182627200619074E-5;44;0.0010640355968272394;3470;0.0839137163861482;1;2.4182627200619074E-5;885;0.02140162507254788;3243575x184872-NZ-JBHILW010000041_1717_aligned_68_R_114_3260_111;0.7421511627906977;;0.7427325581395349;;
186;10;Bartonella sp. TS82HLJMH;species;3243577;1;514;6;6;1;6.0;6;1;2279;2279.0;6.194955241448381E-5;5.999845128260814;1.0000258126228052;96853;2645622;0.7701200533570476;;0.7714539795464651;;;1.0324925402413968E-5;6.194955241448381E-5;0.023530504992101433;1.0324925402413968E-5;0.005307011656840779;1;1.0324925402413968E-5;6;6.194955241448381E-5;2279;0.023530504992101433;1;1.0324925402413968E-5;514;0.005307011656840779;3243577x53684-NZ-JBHILU010000023_3011_aligned_50496_R_6_2277_1;0.7701200533570476;;0.7714539795464651;;
187;10;Bartonella sp. TT29SHDZB;species;3243581;24;5193;900;340;59;15.254237288135593;65;24;27536;1147.3333333333333;0.003736181622381926;895.5690799715794;0.3796468721438996;91002;2645622;0.8021851284121152;0.09149139107909417;0.8024566833574415;0.09149208400842156;14.265455285214268;2.637304674622536E-4;0.009889892529834509;0.30258675633502563;2.637304674622536E-4;0.057064679897145115;24;2.637304674622536E-4;900;0.009889892529834509;27536;0.30258675633502563;24;2.637304674622536E-4;5193;0.057064679897145115;3243581x174678-NZ-JBHILQ010000091_1139_aligned_1034_R_1_1071_3;0.8021851284121152;0.09149139107909417;0.8024566833574415;0.09149208400842156;
188;10;Bartonella sp. TT67HLJMS;species;3243582;1;640;1;1;1;1.0;1;1;2665;2665.0;1.1989401369189636E-5;0.9999999999967079;1.0000000000032923;83407;2645622;0.7571157495256167;;0.7571157495256167;;;1.1989401369189636E-5;1.1989401369189636E-5;0.03195175464889038;1.1989401369189636E-5;0.007673216876281367;1;1.1989401369189636E-5;1;1.1989401369189636E-5;2665;0.03195175464889038;1;1.1989401369189636E-5;640;0.007673216876281367;3243458x103207-NZ-JBHIQM010000033_3051_aligned_8830_F_351_2254_36;0.7571157495256167;;0.7571157495256167;;
189;9;Bartonella refiksaydamii;species;2654951;0;0;1;1;1;1.0;1;1;0;;1.8803177737037559E-6;1.0000000000011389;0.9999999999988611;531825;773;;;;;;0.0;1.8803177737037559E-6;0.0;1.8803177737037559E-6;0.0;0;0.0;1;1.8803177737037559E-6;0;0.0;1;1.8803177737037559E-6;0;0.0;3243480x4926-NZ-JBHIPQ010000050_77808_aligned_127232_R_20_1740_51;;;;;
190;9;Bartonella gabonensis;species;2699889;2;1069;415;415;22;18.863636363636363;95;2;5188;2594.0;3.5279395812718264E-4;414.92698020296916;1.0001759822824612;1176324;773;0.8286947714885426;0.11693843931867064;0.8309204850261178;0.11379080504787512;19.59663589823872;1.700211846396061E-6;3.5279395812718264E-4;0.004410349529551382;1.700211846396061E-6;9.087632318986946E-4;2;1.700211846396061E-6;415;3.5279395812718264E-4;5188;0.004410349529551382;2;1.700211846396061E-6;1069;9.087632318986946E-4;2699889x397-NZ-CAHOYM010000059_4344_aligned_286_R_2_3658_198;0.8286947714885426;0.11693843931867064;0.8309204850261178;0.11379080504787512;
191;9;Bartonella machadoae;species;2893471;0;0;5;5;2;2.5;4;2;0;;3.0674338523226916E-6;4.999993865390881;1.0000012269233292;1630027;773;;;;;2.1213203435596424;0.0;3.0674338523226916E-6;0.0;1.2269735409290766E-6;0.0;0;0.0;5;3.0674338523226916E-6;0;0.0;2;1.2269735409290766E-6;0;0.0;3243437x55149-NZ-JBHIRI010000058_1796_aligned_8866_F_53_1258_284;;;;;
192;9;Bartonella bilalgolemii;species;2942911;1;170;9;9;2;4.5;5;2;1063;1063.0;1.148086586139023E-5;8.999954076395351;1.0000051026487757;783913;773;0.8354307841239109;;0.8354307841239109;;0.7071067811865476;1.2756517623766923E-6;1.148086586139023E-5;0.001356017823406424;2.5513035247533847E-6;2.168607996040377E-4;1;1.2756517623766923E-6;9;1.148086586139023E-5;1063;0.001356017823406424;2;2.5513035247533847E-6;170;2.168607996040377E-4;1933912x59330-NZ-CP019786_856144_aligned_10476_F_5_802_227;0.8354307841239109;;0.8354307841239109;;
193;9;Bartonella harrusi;species;2961895;0;0;2;2;1;2.0;2;1;0;;1.3583911215556295E-6;1.999999320862943;1.0000003395686439;1472330;773;;;;;;0.0;1.3583911215556295E-6;0.0;6.791955607778148E-7;0.0;0;0.0;2;1.3583911215556295E-6;0;0.0;1;6.791955607778148E-7;0;0.0;357760x152676-NZ-JBEPLI010000043_2419_aligned_24723_F_2_2229_198;;;;;
194;9;Bartonella gliris;species;3004109;0;0;7;7;1;7.0;7;1;0;;4.553523744349565E-6;6.999986339369864;1.0000019515223995;1537271;773;;;;;;0.0;4.553523744349565E-6;0.0;6.505033920499379E-7;0.0;0;0.0;7;4.553523744349565E-6;0;0.0;1;6.505033920499379E-7;0;0.0;1415777x168965-NZ-KI912377_127173_aligned_24970_R_3_2635_1;;;;;
195;9;Bartonella vaga;species;3112257;1;4;4;4;1;4.0;4;1;68;68.0;3.100027822749709E-6;3.999995350177365;1.00000116245701;1290311;773;0.8947368421052632;;0.8947368421052632;;;7.750069556874273E-7;3.100027822749709E-6;5.270047298674505E-5;7.750069556874273E-7;3.100027822749709E-6;1;7.750069556874273E-7;4;3.100027822749709E-6;68;5.270047298674505E-5;1;7.750069556874273E-7;4;3.100027822749709E-6;1205681x220427-NZ-CALW02000028_42801_aligned_212436_F_0_68_1;0.8947368421052632;;0.8947368421052632;;
196;9;Bartonella propinqua;species;3385560;0;0;1;1;1;1.0;1;1;0;;8.767061798141909E-7;0.999999999943115;1.0000000000568852;1140633;773;;;;;;0.0;8.767061798141909E-7;0.0;8.767061798141909E-7;0.0;0;0.0;1;8.767061798141909E-7;0;0.0;1;8.767061798141909E-7;0;0.0;1457016x99870-NZ-LR607203_20137_aligned_7292_F_17_4123_1;;;;;
197;6;Rickettsiales;order;766;62;1594;7615;926;850;8.958823529411765;53;746;18298;295.1290322580645;0.02285347614699277;6942.307282575873;0.13338504942357104;40519;28211;0.8448508040262473;0.18763461177440388;0.8448508040262473;0.18763461177440388;10.298464602676974;0.0015301463510945482;0.18793652360620944;0.45159061181174265;0.018411115772847306;0.039339569091043705;131183;0.5245335423138261;6554696;12.1914906322638;55810367;307.40732658608135;154905;0.6052462512880723;8615906;64.08237871669374;3405422x158786-NZ-JBMDTU010000163_1098_aligned_23415_F_187_1281_1;0.7878028845229542;0.19198854385975553;0.7878620588300472;0.19196325046626142;
198;7;Rickettsiaceae;family;775;5;111;446;249;85;5.247058823529412;17;77;1720;344.0;0.10457790844183117;406.796615854362;0.6120994873004177;2381;766;0.9052959094901718;0.08505812860400806;0.9052959094901718;0.08505812860400806;4.292590189176331;0.0020999580008399833;0.1873162536749265;0.7223855522889542;0.03233935321293574;0.046619067618647626;44257;0.4065675493104494;2236789;9.723839540611303;17962818;199.40439721232443;66647;0.46720192150815487;2791203;37.06961168522376;1462938x212560-NZ-CP113531_457471_aligned_120118_R_11_194_315;0.7832837810460246;0.199768061095172;0.7834545147712743;0.19969953196868515;
199;8;Rickettsieae;tribe;33988;236;6711;43564;10184;3732;11.67309753483387;218;2431;78716;333.54237288135596;0.006215300600474692;42989.99048696799;0.2368923529556766;1638537;775;0.8557105851326993;0.1784548394200902;0.8557105851326993;0.1784548394200902;13.964644822194733;1.4403092514847087E-4;0.026587132301559256;0.048040416542317936;0.0014836405891353079;0.004095726858777068;44252;0.40446759130960946;2236343;9.536523286936376;17961098;198.68201166003547;66570;0.43486256829521913;2791092;37.02299261760512;1462938x212560-NZ-CP113531_1095774_aligned_35850_R_8_367_30;0.7832699949879431;0.19977349961466292;0.7834407480042672;0.19970497638952925;
200;9;Rickettsia;genus;780;10496;357219;924603;565520;45504;20.319158755274263;341;24984;3363241;320.4307355182927;0.12887664559742867;833688.3587471995;0.6783350085993984;4388072;33988;0.8225090856535845;0.193828216803955;0.8225334967745459;0.19382689616933182;24.874118104480896;0.0023919388742937673;0.21070825638230184;0.7664507328047488;0.005693616695441643;0.081406822859789;44016;0.404323560384461;2192779;9.509936154634818;17882382;198.63397124349316;64139;0.4333789277060838;2784381;37.01889689074634;444612x54001-NZ-CM000770_873961_aligned_222134_F_4_455_49;0.7828815912421653;0.19981271472510675;0.783053259782659;0.19974417097824426;
201;10;spotted fever group;species group;114277;18803;1241564;895754;314846;47115;19.012076833280272;362;23454;7693169;409.1458277934372;0.09976026813467316;779855.3871978818;0.40372356871352927;3156026;780;0.7726690664856345;0.20323291635728935;0.7728711633793629;0.20314104623014134;22.01163317230131;0.0059578089660858305;0.28382339055508415;2.4376126812643495;0.007431497712629744;0.3933947312221129;32840;0.39783152503059815;1253263;9.24880936509624;14216851;196.12823569222337;37776;0.41976708967585336;2385017;36.745101310126024;444612x54001-NZ-CM000770_1300222_aligned_39811_F_1_442_7;0.7695741360886418;0.20040046612505627;0.7697712011619714;0.20032544191264373;
202;11;Rickettsia conorii;species;781;0;0;0;0;0;;0;0;0;;0.0;0.0;;1602;114277;;;;;;0.0;0.0;0.0;0.0;0.0;112;4.6005059151709636E-4;1168;0.0037069454899926755;58616;0.21646332456583245;133;5.584907274515124E-4;10676;0.03775404624648522;;0.7560619162396386;0.20602814951628307;0.7569916252094837;0.2051862387322078;
203;12;Rickettsia conorii subsp. heilongjiangensis;subspecies;226665;20;1091;64;64;23;2.782608695652174;9;23;6530;326.5;4.357209479653874E-4;63.98627672063316;1.0002144722285804;146883;781;0.7800678166453284;0.17280597894456146;0.7807863305659806;0.1725380633631298;2.74617952368096;1.3616279623918356E-4;4.357209479653874E-4;0.04445715297209343;1.565872156750611E-4;0.007427680534847464;20;1.3616279623918356E-4;64;4.357209479653874E-4;6530;0.04445715297209343;23;1.565872156750611E-4;1091;0.007427680534847464;444612x54001-NZ-CM000770_1802790_aligned_92324_F_0_446_2;0.7800678166453284;0.17280597894456146;0.7807863305659806;0.1725380633631298;
204;12;Rickettsia conorii str. Malish 7;strain;272944;14;931;73;73;19;3.8421052631578947;18;19;6172;440.85714285714283;6.57942173192011E-4;72.97631913289065;1.0003245007064034;110952;781;0.7635475499127785;0.18781589089366163;0.7635475499127785;0.18781589089366163;5.1775493762840785;1.261806907491528E-4;6.57942173192011E-4;0.05562765880741222;1.712452231595645E-4;0.00839101593481866;14;1.261806907491528E-4;73;6.57942173192011E-4;6172;0.05562765880741222;19;1.712452231595645E-4;931;0.00839101593481866;1462938x212560-NZ-CP113531_731372_aligned_153526_F_0_87_7;0.7635475499127785;0.18781589089366163;0.7635475499127785;0.18781589089366163;
205;12;Rickettsia conorii subsp. raoultii;subspecies;369822;78;8654;1031;1024;114;9.043859649122806;51;91;45914;588.6410256410256;0.002595539423557055;1029.6553288789507;0.9945075514880226;394523;781;0.7485629818865903;0.21828845092470248;0.7497137142738932;0.21721396451658068;11.296792833990965;1.9770710452876003E-4;0.002613282368835277;0.11637851278632678;2.3065828861688672E-4;0.021935349776819095;78;1.9770710452876003E-4;1031;0.002613282368835277;45914;0.11637851278632678;91;2.3065828861688672E-4;8654;0.021935349776819095;369822x112768-NZ-JBGCZF010000005_2410_aligned_728_F_3_2584_0;0.7485629818865903;0.21828845092470248;0.7497137142738932;0.21721396451658068;
206;11;Rickettsia rickettsii;species;783;11;504;44;44;13;3.3846153846153846;12;13;5741;521.9090909090909;3.754041994078852E-4;43.99192977384228;1.0001834478778087;117207;114277;0.8481927897780689;0.14158112607171713;0.8484139797802808;0.14174764157537165;3.7089635016282183;9.38510498519713E-5;3.754041994078852E-4;0.048981716109106115;1.1091487709778426E-4;0.004300084465944867;17;2.357084358932045E-4;55;6.354760738168127E-4;7445;0.08926921374481635;20;2.764151608125563E-4;943;0.01467931654462843;1462938x212560-NZ-CP113531_946985_aligned_78468_R_1_307_1;0.7873083214380889;0.21167534249813916;0.7874514443806966;0.21178873037195178;
207;12;Rickettsia rickettsii str. Hlp#2;strain;1105101;6;439;11;11;7;1.5714285714285714;4;7;1704;284.0;2.6007187440892755E-4;10.99869973285697;1.0001182200782466;42296;783;0.6756867961481258;0.2831673584882651;0.6756867961481258;0.2831673584882651;1.1338934190276817;1.4185738604123322E-4;2.6007187440892755E-4;0.04028749763571023;1.655002837147721E-4;0.010379232078683564;6;1.4185738604123322E-4;11;2.6007187440892755E-4;1704;0.04028749763571023;7;1.655002837147721E-4;439;0.010379232078683564;444612x54001-NZ-CM000770_1558285_aligned_155485_F_1_98_10;0.6756867961481258;0.2831673584882651;0.6756867961481258;0.2831673584882651;
208;11;Rickettsia akari;species;786;0;0;0;0;0;;0;0;0;;;0.0;;0;114277;;;;;;;;;;;60;9.546843177189409E-5;446;7.096486761710794E-4;31940;0.05082102851323829;71;1.1297097759674135E-4;4187;0.0066621053971486766;;0.8231867685965172;0.16973931005600115;0.824427872856898;0.16933128109294304;
209;12;Rickettsia akari str. Hartford;strain;293614;60;4187;446;446;72;6.194444444444445;29;71;31940;532.3333333333334;7.096486761710794E-4;445.8421403525922;1.000354070719477;628480;786;0.8231867685965172;0.16973931005600115;0.824427872856898;0.16933128109294304;7.076322130759634;9.546843177189409E-5;7.096486761710794E-4;0.05082102851323829;1.1297097759674135E-4;0.0066621053971486766;60;9.546843177189409E-5;446;7.096486761710794E-4;31940;0.05082102851323829;71;1.1297097759674135E-4;4187;0.0066621053971486766;444612x54001-NZ-CM000770_1813796_aligned_86814_F_2_195_1;0.8231867685965172;0.16973931005600115;0.824427872856898;0.16933128109294304;
210;11;Rickettsia australis;species;787;48;2256;203;202;65;3.123076923076923;15;64;19226;400.5416666666667;4.026735931840517E-4;202.9591340871395;0.9952742502008918;501647;114277;0.8278417777964701;0.17098348807210437;0.8291004157178756;0.1706359168778656;3.361118174747116;9.568481422195288E-5;4.0466702681367573E-4;0.03832575496315138;1.275797522959372E-4;0.004497186268431786;50;3.7591460264846263E-4;212;0.0016657010747329695;20139;0.16625065337985306;66;4.0780954072244693E-4;2274;0.007019254364270373;1462938x212560-NZ-CP113531_1192544_aligned_35060_F_3_319_5;0.8338919682559046;0.1701227798295003;0.835100260660454;0.16974396146768206;
211;12;Rickettsia australis str. Cutlack;strain;1105110;2;18;9;8;2;4.5;5;2;913;456.5;0.001120919153706039;8.994957512566733;0.8893871915262866;7137;787;0.9790965392823356;0.012604960496693409;0.9790965392823356;0.012604960496693409;0.7071067811865476;2.8022978842650974E-4;0.0012610340479192938;0.12792489841670168;2.8022978842650974E-4;0.0025220680958385876;2;2.8022978842650974E-4;9;0.0012610340479192938;913;0.12792489841670168;2;2.8022978842650974E-4;18;0.0025220680958385876;1462938x212560-NZ-CP113531_13566_aligned_135072_F_106_172_160;0.9790965392823356;0.012604960496693409;0.9790965392823356;0.012604960496693409;
212;11;Rickettsia amblyommatis;species;33989;69;4577;611;611;98;6.23469387755102;32;77;25435;368.6231884057971;0.0012428980884593556;610.621072569481;1.000620560684099;491593;114277;0.7649786618942243;0.21633083725879268;0.7653085656147041;0.21600412111836445;6.957605080918577;1.4036001326300416E-4;0.0012428980884593556;0.05173995561368856;1.5663363798914956E-4;0.009310547546445943;2452;0.18673063150560146;39224;3.0659595358084215;1338053;102.96149739299598;2462;0.20500722240940616;274043;21.14375084016766;33989x219258-NZ-CP015012_1401844_aligned_121476_R_5_79_80;0.742520749629597;0.18392187703008447;0.7425318503190287;0.18391307559990372;
213;12;Rickettsia amblyommatis str. AaR/SC;strain;933950;0;0;2;2;1;2.0;2;1;0;;0.03636363636363636;1.981818181818182;1.0091743119266054;55;33989;;;;;;0.0;0.03636363636363636;0.0;0.01818181818181818;0.0;0;0.0;2;0.03636363636363636;0;0.0;1;0.01818181818181818;0;0.0;444612x44192-NZ-GG688316_56_aligned_65491_R_20_534_83;;;;;
214;12;Rickettsia amblyommatis str. Ac/Pa;strain;1359164;9;350;49;49;9;5.444444444444445;18;9;2465;273.8888888888889;0.0012708128014938533;48.96951288136091;1.0006225734512195;38558;33989;0.7911667879591701;0.10572426960625807;0.7911667879591701;0.10572426960625807;5.198824653494074;2.3341459619274858E-4;0.0012708128014938533;0.06392966440168059;2.3341459619274858E-4;0.009077234296384667;9;2.3341459619274858E-4;49;0.0012708128014938533;2465;0.06392966440168059;9;2.3341459619274858E-4;350;0.009077234296384667;444612x54001-NZ-CM000770_117150_aligned_176879_R_1_139_1;0.7911667879591701;0.10572426960625807;0.7911667879591701;0.10572426960625807;
215;12;Rickettsia amblyommatis str. Darkwater;strain;1359166;2374;269116;38562;1002;3128;12.328005115089514;39;2375;1310153;551.8757371524853;0.07865609545490226;12121.78191192588;0.08266111428833689;12739;33989;0.7416835928093672;0.1831285555827685;0.741685469613821;0.183129300944521;9.189290821304045;0.1863568568961457;3.027082188554832;102.84582777298061;0.18643535599340608;21.12536305832483;2374;0.1863568568961457;38562;3.027082188554832;1310153;102.84582777298061;2375;0.18643535599340608;269116;21.12536305832483;1359166x139103-NZ-LAOH01000004_1514_aligned_14404_F_20_541_150;0.7416835928093672;0.1831285555827685;0.741685469613821;0.183129300944521;
216;11;Rickettsia montanensis;species;33991;0;0;0;0;0;;0;0;0;;;0.0;;0;114277;;;;;;;;;;;52;2.012609774316777E-4;242;9.366376257397309E-4;32848;0.12713501128222596;57;2.2061299449241596E-4;3628;0.014041823579271667;;0.8057988319573652;0.1854751514300809;0.8066835001737641;0.18270164545138845;
217;12;Rickettsia montanensis str. OSU 85-930;strain;1105114;52;3628;242;242;58;4.172413793103448;31;57;32848;631.6923076923077;9.366376257397309E-4;241.88717010154605;1.0004664567302457;258371;33991;0.8057988319573652;0.1854751514300809;0.8066835001737641;0.18270164545138845;5.566623377395971;2.012609774316777E-4;9.366376257397309E-4;0.12713501128222596;2.2061299449241596E-4;0.014041823579271667;52;2.012609774316777E-4;242;9.366376257397309E-4;32848;0.12713501128222596;57;2.2061299449241596E-4;3628;0.014041823579271667;444612x54001-NZ-CM000770_1138334_aligned_163659_R_386_182_1;0.8057988319573652;0.1854751514300809;0.8066835001737641;0.18270164545138845;
218;11;Rickettsia rhipicephali;species;33992;61;4385;537;529;77;6.974025974025974;41;73;26968;442.0983606557377;0.0014196654527498303;536.6139606371314;0.9858111022156576;372623;114277;0.8033660069763652;0.18119098568526823;0.8044791876228773;0.18107058334634682;9.649071438791166;1.637043338709634E-4;0.0014411348735853665;0.07237341763659248;1.959084651242677E-4;0.011767926295478272;73;3.6762297033501423E-4;585;0.00225680941944157;32444;0.165428288743021;87;4.3381354099899367E-4;5499;0.030698373047224326;33992x184994-NZ-CP013134_19115_aligned_102531_F_209_134_466;0.7992972957973297;0.1837233759787941;0.8002720441675104;0.18364793590293996;
219;12;Rickettsia rhipicephali str. 3-7-female6-CWPP;strain;1105113;12;1114;48;48;14;3.4285714285714284;12;14;5476;456.3333333333333;8.156745458562034E-4;47.980836641913044;1.0003993960803554;58847;33992;0.7786146806372329;0.20323622975399944;0.7788857316027284;0.20328016247570616;3.5456210417116734;2.0391863646405085E-4;8.156745458562034E-4;0.09305487110642853;2.37905075874726E-4;0.018930446751746054;12;2.0391863646405085E-4;48;8.156745458562034E-4;5476;0.09305487110642853;14;2.37905075874726E-4;1114;0.018930446751746054;444612x54001-NZ-CM000770_282098_aligned_6471_F_0_395_2;0.7786146806372329;0.20323622975399944;0.7788857316027284;0.20328016247570616;
220;11;Rickettsia africae;species;35788;0;0;0;0;0;;0;0;0;;;0.0;;0;114277;;;;;;;;;;;21;1.6079878711772002E-4;92;7.044518292776305E-4;7103;0.05438827547129359;26;1.9908421262193908E-4;1316;0.010076723992710455;;0.7457376651294321;0.19264869390102268;0.7457376651294321;0.19264869390102268;
221;12;Rickettsia africae ESF-5;strain;347255;21;1316;92;92;26;3.5384615384615383;17;26;7103;338.23809523809524;7.044518292776305E-4;91.96795480364399;1.0003484387189476;130598;35788;0.7457376651294321;0.19264869390102268;0.7457376651294321;0.19264869390102268;3.7654297946531337;1.6079878711772002E-4;7.044518292776305E-4;0.05438827547129359;1.9908421262193908E-4;0.010076723992710455;21;1.6079878711772002E-4;92;7.044518292776305E-4;7103;0.05438827547129359;26;1.9908421262193908E-4;1316;0.010076723992710455;1462938x212560-NZ-CP113531_984485_aligned_10304_F_0_424_6;0.7457376651294321;0.19264869390102268;0.7457376651294321;0.19264869390102268;
222;11;Rickettsia helvetica;species;35789;39;1819;156;156;46;3.391304347826087;25;45;13344;342.15384615384613;5.900128970767886E-4;155.95428287507488;1.0002931444015664;264401;114277;0.8317763624527836;0.12001924123042097;0.832886351487147;0.12015798893581964;4.409475962160307;1.4750322426919715E-4;5.900128970767886E-4;0.05046879550379915;1.7019602800291982E-4;0.00687970166527358;39;1.4750322426919715E-4;156;5.900128970767886E-4;13344;0.05046879550379915;45;1.7019602800291982E-4;1819;0.00687970166527358;1462938x212560-NZ-CP113531_173366_aligned_209149_R_3_184_43;0.8317763624527836;0.12001924123042097;0.832886351487147;0.12015798893581964;
223;11;Rickettsia japonica;species;35790;14;798;89;89;20;4.45;18;20;5119;365.64285714285717;0.0010049003003409886;88.95579886153165;1.000496888781103;88566;114277;0.8071757253015474;0.11714164036726259;0.8071757253015474;0.11714164036726259;5.49138080612652;1.5807420454802068E-4;0.0010049003003409886;0.05779870379152271;2.2582029221145813E-4;0.009010229659237179;14;1.5807420454802068E-4;89;0.0010049003003409886;5119;0.05779870379152271;20;2.2582029221145813E-4;798;0.009010229659237179;35790x9289-NZ-AP017593_516430_aligned_228927_R_14_74_306;0.8071757253015474;0.11714164036726259;0.8071757253015474;0.11714164036726259;
224;11;Rickettsia massiliae;species;35791;0;0;0;0;0;;0;0;0;;0.0;0.0;;1397;114277;;;;;;0.0;0.0;0.0;0.0;0.0;17;1.3284052104740843E-4;97;0.0010418735223839924;4954;0.0387112906628742;25;4.7925484500673324E-4;806;0.006298203527306541;;0.7772918128103384;0.20236232892957745;0.7772918128103384;0.20236232892957745;
225;12;Rickettsia massiliae MTU5;strain;416276;17;806;96;96;25;3.84;18;24;4954;291.4117647058824;7.501582365030124E-4;95.96437620611238;1.0003712189386935;127973;35791;0.7772918128103384;0.20236232892957745;0.7772918128103384;0.20236232892957745;3.9123735336323224;1.3284052104740843E-4;7.501582365030124E-4;0.0387112906628742;1.875395591257531E-4;0.006298203527306541;17;1.3284052104740843E-4;96;7.501582365030124E-4;4954;0.0387112906628742;24;1.875395591257531E-4;806;0.006298203527306541;416276x180227-NC-009900_1191469_aligned_223860_R_366_117_37;0.7772918128103384;0.20236232892957745;0.7772918128103384;0.20236232892957745;
226;12;Rickettsia massiliae str. AZT80;strain;1105112;0;0;1;1;1;1.0;1;1;0;;2.9171528588098014E-4;1.0000000000001066;0.9999999999998934;3428;35791;;;;;;0.0;2.9171528588098014E-4;0.0;2.9171528588098014E-4;0.0;0;0.0;1;2.9171528588098014E-4;0;0.0;1;2.9171528588098014E-4;0;0.0;444612x44192-NZ-GG688316_336_aligned_9202_R_7_349_0;;;;;
227;11;Rickettsia parkeri;species;35792;30;2993;118;118;33;3.5757575757575757;18;33;13836;461.2;6.184097436219944E-4;117.96383036069115;1.0003066163517942;190812;114277;0.7394381860865732;0.24591220781987844;0.7405709528726457;0.24660397089228478;4.569123979429092;1.5722281617508332E-4;6.184097436219944E-4;0.07251116281994843;1.7294509779259166E-4;0.015685596293734148;30;1.5722281617508332E-4;118;6.184097436219944E-4;13836;0.07251116281994843;33;1.7294509779259166E-4;2993;0.015685596293734148;444612x54001-NZ-CM000770_1116845_aligned_20280_F_133_508_135;0.7394381860865732;0.24591220781987844;0.7405709528726457;0.24660397089228478;
228;11;Rickettsia slovaca;species;35794;16;773;91;91;20;4.55;15;19;5517;344.8125;0.0013269561667006912;90.94031279561652;1.000656333836432;68578;114277;0.7982228118525726;0.16887881407903005;0.7986479819205998;0.16927349684191487;4.751454071068527;2.333109743649567E-4;0.0013269561667006912;0.08044854034821664;2.7705678205838607E-4;0.01127183644900697;16;2.333109743649567E-4;91;0.0013269561667006912;5517;0.08044854034821664;19;2.7705678205838607E-4;773;0.01127183644900697;1462938x212560-NZ-CP113531_939270_aligned_183015_F_4_129_0;0.7982228118525726;0.16887881407903005;0.7986479819205998;0.16927349684191487;
229;11;Rickettsia honei;species;37816;0;0;0;0;0;;0;0;0;;;0.0;;0;114277;;;;;;;;;;;23;1.416971623603051E-4;211;0.0012999174460010597;8241;0.05077070934831627;29;1.7866163949777596E-4;1014;0.006246996636232581;;0.7988956338281824;0.18795038762902208;0.7994375918328379;0.18821206786812572;
230;12;Rickettsia honei RB;strain;1175313;23;1014;211;211;29;7.275862068965517;31;29;8241;358.30434782608694;0.0012999174460010597;210.86356722970157;1.0006470191702193;162318;37816;0.7988956338281824;0.18795038762902208;0.7994375918328379;0.18821206786812572;8.4214715024163;1.416971623603051E-4;0.0012999174460010597;0.05077070934831627;1.7866163949777596E-4;0.006246996636232581;23;1.416971623603051E-4;211;0.0012999174460010597;8241;0.05077070934831627;29;1.7866163949777596E-4;1014;0.006246996636232581;369822x199801-NZ-JBGCZI010000106_279_aligned_26234_F_4_1563_3;0.7988956338281824;0.18795038762902208;0.7994375918328379;0.18821206786812572;
231;11;Rickettsia felis;species;42862;199;26373;7853;7609;556;14.12410071942446;134;212;137616;691.5376884422111;0.014338747974220781;7795.186346861527;0.9761152153936014;530660;114277;0.7866778169338893;0.16466704052314032;0.7874339355338086;0.16470625412724965;15.733617938162588;3.750047111144612E-4;0.014798552745637508;0.25932989107903365;3.995025063128934E-4;0.04969848867448084;202;4.3995664668214113E-4;7904;0.015902735650288068;144857;0.4161022128942238;215;4.644544418805733E-4;28323;0.09191724679347278;42862x66326-NZ-JSEL01000012_5711_aligned_2110_R_166_542_123;0.7831186102811263;0.16703361958337914;0.783868463365567;0.16708616883711444;
232;12;Rickettsia felis str. LSU;strain;1359195;3;1950;51;46;5;10.2;40;3;7241;2413.6666666666665;9.959296787044253E-4;50.97240518655934;0.9024490767433809;46188;42862;0.5470245689811755;0.18626292488854465;0.5473588095388797;0.1867637102014759;16.754103974847474;6.495193556767992E-5;0.0011041829046505587;0.1567723218151901;6.495193556767992E-5;0.04221875811899194;3;6.495193556767992E-5;51;0.0011041829046505587;7241;0.1567723218151901;3;6.495193556767992E-5;1950;0.04221875811899194;1359195x243768-NZ-JSEM01000020_202899_aligned_2_R_2_7027_0;0.5470245689811755;0.18626292488854465;0.5473588095388797;0.1867637102014759;
233;11;Rickettsia peacockii;species;47589;0;0;0;0;0;;0;0;0;;;0.0;;0;114277;;;;;;;;;;;24;2.0465243195306638E-4;119;0.0010147349751006207;9325;0.079515996998431;32;2.7286990927075517E-4;1915;0.016329558632921754;;0.7533056011415704;0.1730981678840086;0.7558371908819862;0.17245314864454464;
234;12;Rickettsia peacockii str. Rustic;strain;562019;24;1915;119;113;33;3.606060606060606;21;32;9325;388.5416666666667;9.635718671123542E-4;118.9401505416733;0.9500576507207964;117272;47589;0.7533056011415704;0.1730981678840086;0.7558371908819862;0.17245314864454464;4.471712437222694;2.0465243195306638E-4;0.0010147349751006207;0.079515996998431;2.7286990927075517E-4;0.016329558632921754;24;2.0465243195306638E-4;119;0.0010147349751006207;9325;0.079515996998431;32;2.7286990927075517E-4;1915;0.016329558632921754;444612x54001-NZ-CM000770_1031328_aligned_212209_R_1_147_2;0.7533056011415704;0.1730981678840086;0.7558371908819862;0.17245314864454464;
235;11;Rickettsia monacensis;species;109232;101;12111;2020;1943;159;12.70440251572327;86;109;73044;723.2079207920792;0.01386797233542935;2005.5151077615858;0.9688284034761719;140107;114277;0.7964116908078364;0.15499429441088083;0.7975003362018924;0.15474531471265168;14.713531814960914;7.208776149657047E-4;0.014417552299314096;0.5213444010649004;7.779768319926913E-4;0.08644107717672922;101;7.208776149657047E-4;2020;0.014417552299314096;73044;0.5213444010649004;109;7.779768319926913E-4;12111;0.08644107717672922;109232x175602-NZ-LN794217_618968_aligned_3117_F_1_630_20;0.7964116908078364;0.15499429441088083;0.7975003362018924;0.15474531471265168;
236;11;Rickettsia asiatica;species;238800;41;2419;166;165;48;3.4583333333333335;16;47;13591;331.4878048780488;7.159655989377674E-4;165.94058894735593;0.994331772875325;230458;114277;0.7866794873023554;0.17197758906027155;0.7869405758559942;0.1719130479168148;3.858995202333271;1.7790660337241494E-4;7.203047843858751E-4;0.058973869425231494;2.0394171606106102E-4;0.01049648959897248;41;1.7790660337241494E-4;166;7.203047843858751E-4;13591;0.058973869425231494;47;2.0394171606106102E-4;2419;0.01049648959897248;1462938x212560-NZ-CP113531_1034673_aligned_30317_R_14_195_18;0.7866794873023554;0.17197758906027155;0.7869405758559942;0.1719130479168148;
237;11;Rickettsia sibirica subgroup;;266068;0;0;0;0;0;;0;0;0;;;0.0;;0;114277;;;;;;;;;;;27;2.5993372277203835E-4;172;0.0015580854988785078;9593;0.08693484046779884;33;3.245560436622118E-4;1664;0.015362360160979324;;0.7728406366838174;0.22623166202322603;0.7747264199808223;0.22579574438010055;
238;12;Rickettsia sibirica;species;35793;20;1371;148;148;25;5.92;31;23;8247;412.35;0.0012426114991939817;147.90870536258717;1.000617236403963;119104;266068;0.8007453870947602;0.1845779099301791;0.8032911945457167;0.18343400739899726;7.783101352717095;1.6792047286405158E-4;0.0012426114991939817;0.06924200698549167;1.9310854379365932E-4;0.011510948414830736;27;2.5993372277203835E-4;172;0.0015580854988785078;9593;0.08693484046779884;33;3.245560436622118E-4;1664;0.015362360160979324;444612x54001-NZ-CM000770_456034_aligned_94044_R_52_272_27;0.7728406366838174;0.22623166202322603;0.7747264199808223;0.22579574438010055;
239;13;Rickettsia sibirica subsp. mongolitimonae;subspecies;45261;0;0;0;0;0;;0;0;0;;;0.0;;0;35793;;;;;;;;;;;7;9.201324990798675E-5;24;3.15473999684526E-4;1346;0.017692833482307168;10;1.314474998685525E-4;293;0.003851411746148588;;0.6931127783668379;0.32231443600524434;0.6931127783668379;0.32231443600524434;
240;14;Rickettsia sibirica subsp. mongolitimonae HA-91;strain;1144280;7;293;24;24;10;2.4;10;10;1346;192.28571428571428;3.15473999684526E-4;23.996372398626285;1.0001511729070316;76076;45261;0.6931127783668379;0.32231443600524434;0.6931127783668379;0.32231443600524434;2.9514591494904874;9.201324990798675E-5;3.15473999684526E-4;0.017692833482307168;1.314474998685525E-4;0.003851411746148588;7;9.201324990798675E-5;24;3.15473999684526E-4;1346;0.017692833482307168;10;1.314474998685525E-4;293;0.003851411746148588;42862x66326-NZ-JSEL01000012_150301_aligned_26653_R_65_1873_126;0.6931127783668379;0.32231443600524434;0.6931127783668379;0.32231443600524434;
241;11;Rickettsia tamurae;species;334545;74;4512;621;545;102;6.088235294117647;31;97;25120;339.4594594594595;0.0020916407290423357;620.261755813966;0.8786612988653468;260561;114277;0.7608642076249381;0.20921294540213226;0.761327672539083;0.20923762782316802;7.106130307283179;2.840025944020786E-4;0.002383319069239065;0.0964073671808137;3.722736710405625E-4;0.017316482512732143;849;0.020855764864462865;18637;0.48060379527235536;358217;8.9382038792717;889;0.02139528750057365;63476;1.5824692444377182;444612x54001-NZ-CM000770_476347_aligned_208784_R_29_124_403;0.7537309131418108;0.21036552741214343;0.7541899288980676;0.2101306065574981;
242;12;Rickettsia tamurae subsp. buchneri;subspecies;1462938;775;58964;18016;12929;1080;16.68148148148148;274;792;333097;429.8025806451613;0.34319008308337534;14320.201332928491;0.9028504348099141;37673;334545;0.7530497985718089;0.21059703636221747;0.7535083895052481;0.21033759350372044;21.188689116114325;0.020571762270060787;0.4782204762031163;8.841796512090887;0.021023013829533088;1.565152761924986;775;0.020571762270060787;18016;0.4782204762031163;333097;8.841796512090887;792;0.021023013829533088;58964;1.565152761924986;1462938x212560-NZ-CP113531_259434_aligned_162631_F_0_311_1;0.7530497985718089;0.21059703636221747;0.7535083895052481;0.21033759350372044;
243;11;Rickettsia gravesii;species;354585;0;0;0;0;0;;0;0;0;;;0.0;;0;114277;;;;;;;;;;;44;1.4353707986859834E-4;254;8.286004156050904E-4;16670;0.05438098003203486;49;1.5984811167184812E-4;2633;0.00858938934759135;;0.7934763232603367;0.16997492409453185;0.7935661543778358;0.1699423008827599;
244;12;Rickettsia gravesii BWI-1;strain;1397702;44;2633;254;248;52;4.884615384615385;31;49;16670;378.8636363636364;8.090271774411906E-4;253.89521076037417;0.9767809296492085;306541;354585;0.7934763232603367;0.16997492409453185;0.7935661543778358;0.1699423008827599;6.473638387090949;1.4353707986859834E-4;8.286004156050904E-4;0.05438098003203486;1.5984811167184812E-4;0.00858938934759135;44;1.4353707986859834E-4;254;8.286004156050904E-4;16670;0.05438098003203486;49;1.5984811167184812E-4;2633;0.00858938934759135;1133329x83198-NZ-LAOP01000001_1171722_aligned_14114_F_1_472_0;0.7934763232603367;0.16997492409453185;0.7935661543778358;0.1699423008827599;
245;11;Rickettsia hoogstraalii;species;467174;83;8666;435;433;99;4.393939393939394;31;97;48458;583.8313253012049;7.529845490352929E-4;434.83588881174074;0.9957779731181858;575045;114277;0.7638203561745815;0.1756404911515589;0.7647695466230585;0.17577148123188482;6.364471188283714;1.4433653018459426E-4;7.564625377144398E-4;0.08426818770704901;1.6868245093862219E-4;0.015070124946743299;83;1.4433653018459426E-4;435;7.564625377144398E-4;48458;0.08426818770704901;97;1.6868245093862219E-4;8666;0.015070124946743299;1462938x212560-NZ-CP113531_419594_aligned_171216_F_1_132_4;0.7638203561745815;0.1756404911515589;0.7647695466230585;0.17577148123188482;
246;11;Rickettsia asembonensis;species;1068590;49;3284;201;189;53;3.792452830188679;27;53;17746;362.16326530612247;3.878060641377881E-4;200.9587627425684;0.9404914591463335;487357;114277;0.7660628687704645;0.19651673832199767;0.7675916287999438;0.19584536931721988;5.208567241965719;1.0054231292461173E-4;4.124286713846318E-4;0.036412732350207345;1.0874984867355962E-4;0.006738386849886223;49;1.0054231292461173E-4;201;4.124286713846318E-4;17746;0.036412732350207345;53;1.0874984867355962E-4;3284;0.006738386849886223;1462938x212560-NZ-CP113531_1183178_aligned_126072_F_16_258_39;0.7660628687704645;0.19651673832199767;0.7675916287999438;0.19584536931721988;
247;11;Rickettsia fournieri;species;1436798;24;908;157;156;35;4.485714285714286;30;35;7618;317.4166666666667;0.0014327305456315494;156.88758400110044;0.9943425478392591;108883;114277;0.850775461150123;0.1730939657146991;0.8508987353118588;0.172986015666204;5.967418540174088;2.204200839433153E-4;0.0014419147157958543;0.069965008311674;3.214459557506681E-4;0.008339226509188762;24;2.204200839433153E-4;157;0.0014419147157958543;7618;0.069965008311674;35;3.214459557506681E-4;908;0.008339226509188762;444612x47881-NZ-CM000773_2253_aligned_57429_R_6_347_13;0.850775461150123;0.1730939657146991;0.8508987353118588;0.172986015666204;
248;11;Rickettsia argasii;species;1441385;0;0;0;0;0;;0;0;0;;;0.0;;0;114277;;;;;;;;;;;37;2.529499432571749E-4;738;0.005045325895237705;17880;0.12223635095779155;48;3.281512777390377E-4;2503;0.017111721837100236;;0.8087376280187676;0.1583992646449734;0.8093834089595723;0.15820889097088411;
249;12;Rickettsia argasii T170-B;strain;1268837;37;2503;738;584;61;12.098360655737705;70;48;17880;483.2432432432432;0.003992507212491625;736.1439117843603;0.7933231405587878;146274;1441385;0.8087376280187676;0.1583992646449734;0.8093834089595723;0.15820889097088411;13.590075935565123;2.529499432571749E-4;0.005045325895237705;0.12223635095779155;3.281512777390377E-4;0.017111721837100236;37;2.529499432571749E-4;738;0.005045325895237705;17880;0.12223635095779155;48;3.281512777390377E-4;2503;0.017111721837100236;1268837x5486-NZ-LAOQ01000030_160_aligned_165673_F_1_216_0;0.8087376280187676;0.1583992646449734;0.8093834089595723;0.15820889097088411;
250;11;Rickettsia koreansis;species;2358204;22;1244;110;110;28;3.9285714285714284;19;27;9572;435.09090909090907;6.984393056243413E-4;109.9619437575875;1.0003460855739;157494;114277;0.862060000414838;0.12102170918166735;0.862060000414838;0.12102170918166735;4.721335117422326;1.3968786112486824E-4;6.984393056243413E-4;0.060776918485783586;1.7143510228961103E-4;0.007898713601788005;22;1.3968786112486824E-4;110;6.984393056243413E-4;9572;0.060776918485783586;27;1.7143510228961103E-4;1244;0.007898713601788005;444612x54001-NZ-CM000770_1606722_aligned_51107_R_30_178_0;0.862060000414838;0.12102170918166735;0.862060000414838;0.12102170918166735;
251;11;unclassified spotted fever group;no rank;2750824;0;0;0;0;0;;0;0;0;;;0.0;;0;114277;;;;;;;;;;;9453;0.17841532639272747;283249;5.358052573581727;4178994;78.90623498298362;9470;0.17867992106338085;696087;13.150710436697723;;0.7695200678591185;0.19969051351957054;0.7696445166404177;0.19966616535182652;
252;12;Rickettsia endosymbiont of Ixodes scapularis;species;444612;9418;694406;283042;26510;16946;16.70258468075062;270;9431;4165772;442.3202378424294;0.5017507334153497;52585.917144132305;0.5041273679289259;52835;2750824;0.7693941132911267;0.19972963716084005;0.769518004087642;0.19970668905597477;16.88851722248261;0.17825305195419702;5.357092836188133;78.84493233651935;0.17849910097473265;13.142916627235733;9418;0.17825305195419702;283042;5.357092836188133;4165772;78.84493233651935;9431;0.17849910097473265;694406;13.142916627235733;444612x38930-NZ-GG688311_5408_aligned_155206_F_44_585_2;0.7693941132911267;0.19972963716084005;0.769518004087642;0.19970668905597477;
253;12;Rickettsia sp. Tenjiku01;species;1736693;35;1681;207;203;39;5.3076923076923075;31;39;13222;377.77142857142854;9.411917434765676E-4;206.90117836050996;0.9811447262339297;215684;2750824;0.8034126427547328;0.18850488350076705;0.8036872372701649;0.18804038793060088;7.082795486447001;1.6227443853044268E-4;9.597373935943325E-4;0.061302646464271804;1.8082008864820756E-4;0.00779380946199069;35;1.6227443853044268E-4;207;9.597373935943325E-4;13222;0.061302646464271804;39;1.8082008864820756E-4;1681;0.00779380946199069;1462938x212560-NZ-CP113531_195788_aligned_81101_R_2_173_0;0.8034126427547328;0.18850488350076705;0.8036872372701649;0.18804038793060088;
254;11;Rickettsia tillamookensis;species;2761623;58;4215;252;252;68;3.7058823529411766;31;68;20971;361.5689655172414;4.6241841159275616E-4;251.94197535889293;1.0002303095426017;544961;114277;0.742152139448022;0.2212372452700458;0.7429404152296954;0.22026255349458193;4.85324579350987;1.0642963441420579E-4;4.6241841159275616E-4;0.03848165281552258;1.247795713821723E-4;0.0077344984319978865;58;1.0642963441420579E-4;252;4.6241841159275616E-4;20971;0.03848165281552258;68;1.247795713821723E-4;4215;0.0077344984319978865;1462938x212560-NZ-CP113531_326605_aligned_204226_R_1_107_43;0.742152139448022;0.2212372452700458;0.7429404152296954;0.22026255349458193;
255;11;Candidatus Rickettsia kedanie;species;3115352;47;3236;309;309;57;5.421052631578948;27;57;17547;373.3404255319149;6.133264524324646E-4;308.90556691068133;1.0003057021285278;503810;114277;0.7680259171261888;0.20700873209926254;0.7682193407238679;0.2069277690639276;6.603428136800971;9.328913677775352E-5;6.133264524324646E-4;0.03482860602211151;1.1313788928365852E-4;0.0064230563109108595;47;9.328913677775352E-5;309;6.133264524324646E-4;17547;0.03482860602211151;57;1.1313788928365852E-4;3236;0.0064230563109108595;444612x54001-NZ-CM000770_258760_aligned_4776_R_8_546_94;0.7680259171261888;0.20700873209926254;0.7682193407238679;0.2069277690639276;
256;10;typhus group;species group;114292;7;235;66;66;19;3.473684210526316;15;19;2080;297.14285714285717;4.6032808838299296E-4;65.98504156298733;1.0002266943637277;143376;780;0.7986675648949312;0.18394176842186447;0.7986675648949312;0.18394176842186447;3.220911207383394;4.8822676040620465E-5;4.6032808838299296E-4;0.014507309452070082;1.3251869211025556E-4;0.001639046981363687;57;4.738587794351312E-4;361;0.0011666469366966108;18855;0.11648588970540316;101;5.944824247233688E-4;2236;0.006503304810042103;1462938x212560-NZ-CP113531_368747_aligned_221821_R_18_89_52;0.7855526714919847;0.22996779095346745;0.7864919224772379;0.2288357322109128;
257;11;Rickettsia prowazekii;species;782;31;1532;194;194;46;4.217391304347826;16;46;10576;341.16129032258067;2.2078245758188584E-4;193.97869605363042;1.0001098262170176;878693;114292;0.7262512674925021;0.2700585259109636;0.727235003992665;0.2688386004143862;4.59909673971488;3.5279671056899283E-5;2.2078245758188584E-4;0.01203605809992796;5.235047963281829E-5;0.0017434985825538613;32;4.040112344787282E-4;195;5.895140210037148E-4;10801;0.09500065986983947;47;4.210820430546472E-4;1539;0.004324619526506664;1462938x212560-NZ-CP113531_568913_aligned_165498_R_261_310_87;0.7336841205115666;0.26897376944224505;0.7346371152460994;0.26776125097189946;
258;12;Rickettsia prowazekii str. Cairo 3;strain;1290430;1;7;1;1;1;1.0;1;1;225;225.0;3.687315634218289E-4;1.000000000000127;0.999999999999873;2712;782;0.9641025641025641;;0.9641025641025641;;;3.687315634218289E-4;3.687315634218289E-4;0.08296460176991151;3.687315634218289E-4;0.0025811209439528023;1;3.687315634218289E-4;1;3.687315634218289E-4;225;0.08296460176991151;1;3.687315634218289E-4;7;0.0025811209439528023;1462938x212560-NZ-CP113531_1461411_aligned_226176_R_0_189_3;0.9641025641025641;;0.9641025641025641;;
259;11;Rickettsia typhi;species;785;18;462;100;100;35;2.857142857142857;11;35;5974;331.8888888888889;1.1680482730990307E-4;99.99421838204256;1.0000578195224783;856129;114292;0.8726631924671374;0.13104240328502723;0.8739432743923806;0.12883087741291965;2.43917605595266;2.102486891578255E-5;1.1680482730990307E-4;0.006977920383493609;4.088168955846607E-5;5.396383021717522E-4;18;2.102486891578255E-5;100;1.1680482730990307E-4;5974;0.006977920383493609;35;4.088168955846607E-5;462;5.396383021717522E-4;444612x54001-NZ-CM000770_1063160_aligned_49000_R_15_244_1;0.8726631924671374;0.13104240328502723;0.8739432743923806;0.12883087741291965;
260;10;unclassified Rickettsia;no rank;114295;93;5344;4265;4145;390;10.935897435897436;122;228;42172;453.4623655913978;0.0010123009833362315;4262.780062326821;0.9723701292103418;4094632;780;0.8308887097137195;0.16112159003971946;0.8328873412751915;0.15948942529003096;15.331419881011012;2.2712663799823768E-5;0.001041607646303746;0.010299338255550194;5.568265963827763E-5;0.0013051233908199808;478;0.003074575502012804;13321;0.04393616409911131;231946;1.412756136255954;994;0.006180129308753314;32842;0.15728987174339978;1182263x160635-NZ-AJWD02000108_2907_aligned_6371_F_270_2993_1754;0.819362223512514;0.1682708232317259;0.8208140231679326;0.16778581555859928;
261;11;Rickettsia sp.;species;789;32;979;359;351;103;3.4854368932038833;31;100;9701;303.15625;6.801192049387118E-4;358.87551263906556;0.9780550292184849;516086;114295;0.8521257942132634;0.14277767620883233;0.8532469046887353;0.14357905193531392;4.783271662518143;6.200516968102215E-5;6.956204973589673E-4;0.018797254721112374;1.9376615525319423E-4;0.0018969706599287716;32;6.200516968102215E-5;359;6.956204973589673E-4;9701;0.018797254721112374;100;1.9376615525319423E-4;979;0.0018969706599287716;444612x47881-NZ-CM000773_28136_aligned_167094_R_0_403_4;0.8521257942132634;0.14277767620883233;0.8532469046887353;0.14357905193531392;
262;11;Rickettsia endosymbiont of Oedothorax gibbosus;species;931099;0;0;6;6;2;3.0;5;2;0;;1.3822336896424622E-5;5.999965444234707;1.0000057593273852;434080;114295;;;;;2.8284271247461903;0.0;1.3822336896424622E-5;0.0;4.6074456321415405E-6;0.0;0;0.0;6;1.3822336896424622E-5;0;0.0;2;4.6074456321415405E-6;0;0.0;1961830x103397-NZ-MWZE01000067_10559_aligned_51_R_9_5098_70;;;;;
263;11;Rickettsia endosymbiont of Ixodes pacificus;species;1133329;101;11680;3764;3642;285;13.20701754385965;192;159;69551;688.6237623762377;0.019648782066844703;3726.0496034466832;0.977442704099018;185355;114295;0.7935505296261168;0.1690920439396218;0.7943782377429678;0.16914804873644648;18.05262124122889;5.449003264006906E-4;0.020306978500714844;0.37523131288608347;8.578133851258396E-4;0.06301421596396105;101;5.449003264006906E-4;3764;0.020306978500714844;69551;0.37523131288608347;159;8.578133851258396E-4;11680;0.06301421596396105;1133329x66257-NZ-KR611317_2720_aligned_42866_F_8_774_1;0.7935505296261168;0.1690920439396218;0.7943782377429678;0.16914804873644648;
264;11;Rickettsia sp. MEAM1 (Bemisia tabaci);species;1182263;12;417;58;51;22;2.6363636363636362;8;22;3995;332.9166666666667;0.0069776987275961145;57.77441698101933;0.8827436548040817;7309;114295;0.8298543538433091;0.13736534630814975;0.8309931580445014;0.1381137509124601;1.9159842564581973;0.0016418114653167328;0.007935422082364208;0.5465864003283623;0.0030099876864140103;0.057052948419756465;12;0.0016418114653167328;58;0.007935422082364208;3995;0.5465864003283623;22;0.0030099876864140103;417;0.057052948419756465;1462938x212560-NZ-CP113531_1734152_aligned_25407_F_333_345_12;0.8298543538433091;0.13736534630814975;0.8309931580445014;0.1381137509124601;
265;11;Rickettsia endosymbiont of Proechinophthirus fluctus;species;1462733;15;477;57;57;29;1.9655172413793103;6;29;6840;456.0;2.485620467558292E-4;56.99304081946155;1.0001221057946443;229319;114295;0.8269019210229197;0.16202369084265955;0.8281935262057136;0.16047093766083273;1.267245568171087;6.541106493574453E-5;2.485620467558292E-4;0.029827445610699506;1.264613922091061E-4;0.002080071864956676;15;6.541106493574453E-5;57;2.485620467558292E-4;6840;0.029827445610699506;29;1.264613922091061E-4;477;0.002080071864956676;1462938x212560-NZ-CP113531_393213_aligned_112034_R_1_219_0;0.8269019210229197;0.16202369084265955;0.8281935262057136;0.16047093766083273;
266;11;Rickettsia endosymbiont of Culicoides newsteadi;species;1961830;2;1219;203;203;13;15.615384615384615;76;6;5824;2912.0;0.0013037893384714194;202.86837392310687;1.0006488250206167;155700;114295;0.8551439902179008;0.11822082710133718;0.8556239287857641;0.11754209146955757;21.86145184847239;1.2845215157353886E-5;0.0013037893384714194;0.037405266538214514;3.853564547206166E-5;0.007829158638407193;2;1.2845215157353886E-5;203;0.0013037893384714194;5824;0.037405266538214514;6;3.853564547206166E-5;1219;0.007829158638407193;1961830x103397-NZ-MWZE01000067_10559_aligned_51_R_9_5098_70;0.8551439902179008;0.11822082710133718;0.8556239287857641;0.11754209146955757;
267;11;Rickettsia sp. TH2014;species;1967503;33;1308;315;314;79;3.9873417721518987;33;71;11446;346.8484848484849;5.547183744278362E-4;314.9126479578977;0.9971019012293856;566053;114295;0.8658552939608372;0.11588514935905059;0.8678826328650089;0.11615731266757008;4.9832891796845304;5.829842788572801E-5;5.564849934546765E-4;0.02022072138121342;1.2542995090565726E-4;0.0023107376871070377;33;5.829842788572801E-5;315;5.564849934546765E-4;11446;0.02022072138121342;71;1.2542995090565726E-4;1308;0.0023107376871070377;1967503x5629-NZ-MXAX01000200_4047_aligned_999_F_18_1474_123;0.8658552939608372;0.11588514935905059;0.8678826328650089;0.11615731266757008;
268;11;Rickettsia endosymbiont of Cardiosporidium cionae;species;2777155;2;66;9;9;2;4.5;5;2;539;269.5;8.75900474348768E-6;8.99996496413166;1.0000038928894146;1027514;114295;0.8743740914230334;0.04654272546172363;0.8743740914230334;0.04654272546172363;0.7071067811865476;1.946445498552818E-6;8.75900474348768E-6;5.245670618599843E-4;1.946445498552818E-6;6.423270145224299E-5;2;1.946445498552818E-6;9;8.75900474348768E-6;539;5.245670618599843E-4;2;1.946445498552818E-6;66;6.423270145224299E-5;444612x54001-NZ-CM000770_1196013_aligned_104209_F_2_181_0;0.8743740914230334;0.04654272546172363;0.8743740914230334;0.04654272546172363;
269;11;Rickettsia endosymbiont of Halotydeus destructor;species;2996754;6;267;14;14;10;1.4;3;10;1976;329.3333333333333;1.0906569650132827E-5;13.999929107417762;1.0000050637815159;1283630;114295;0.7693340479599452;0.2168291356258022;0.7693340479599452;0.2168291356258022;0.6992058987801009;4.674244135771211E-6;1.0906569650132827E-5;0.001539384402047319;7.790406892952018E-6;2.080038640418189E-4;6;4.674244135771211E-6;14;1.0906569650132827E-5;1976;0.001539384402047319;10;7.790406892952018E-6;267;2.080038640418189E-4;1462938x212560-NZ-CP113531_1593445_aligned_123175_F_225_210_27;0.7693340479599452;0.2168291356258022;0.7693340479599452;0.2168291356258022;
270;11;Rickettsia endosymbiont of Aspidapion aeneum;species;3066247;0;0;8;8;1;8.0;8;1;0;;6.915031549831446E-4;7.997580157318216;1.0003025718572598;11569;114295;;;;;;0.0;6.915031549831446E-4;0.0;8.643789437289307E-5;0.0;0;0.0;8;6.915031549831446E-4;0;0.0;1;8.643789437289307E-5;0;0.0;444612x54001-NZ-CM000770_762835_aligned_87797_R_14_328_183;;;;;
271;11;Rickettsia endosymbiont of Cantharis rufa;species;3066248;53;1906;300;299;96;3.125;23;96;17751;334.92452830188677;3.1166416154001706E-4;299.95325520197366;0.9968219874749091;959366;114295;0.8449900963403563;0.1676241000105338;0.8461105593869055;0.16717103489327528;4.008543507638601;5.524481793184249E-5;3.127065165953348E-4;0.01850284458694596;1.0006608531050715E-4;0.001986728735435694;53;5.524481793184249E-5;300;3.127065165953348E-4;17751;0.01850284458694596;96;1.0006608531050715E-4;1906;0.001986728735435694;444612x54001-NZ-CM000770_109540_aligned_195570_F_1_153_56;0.8449900963403563;0.1676241000105338;0.8461105593869055;0.16717103489327528;
272;11;Rickettsia endosymbiont of Ceutorhynchus obstrictus;species;3066249;0;0;1;1;1;1.0;1;1;0;;9.091983598061589E-6;1.0000000000051572;0.9999999999948428;109987;114295;;;;;;0.0;9.091983598061589E-6;0.0;9.091983598061589E-6;0.0;0;0.0;1;9.091983598061589E-6;0;0.0;1;9.091983598061589E-6;0;0.0;444612x47268-NZ-CM000772_36083_aligned_40082_R_1_1130_0;;;;;
273;11;Rickettsia endosymbiont of Orchestes rusci;species;3066250;4;85;30;30;9;3.3333333333333335;17;9;872;218.0;7.24919594334995E-5;29.998948889646492;1.0000350382394187;413839;114295;0.8298943511732076;0.21229510658684647;0.8305774112824973;0.21291114892055682;5.1478150704935;9.665594591133267E-6;7.24919594334995E-5;0.002107099620867052;2.174758783004985E-5;2.0539388506158192E-4;4;9.665594591133267E-6;30;7.24919594334995E-5;872;0.002107099620867052;9;2.174758783004985E-5;85;2.0539388506158192E-4;1462938x212560-NZ-CP113531_1107802_aligned_125495_F_2_122_0;0.8298943511732076;0.21229510658684647;0.8305774112824973;0.21291114892055682;
274;11;Rickettsia endosymbiont of Polydrusus tereticollis;species;3066251;7;264;172;172;38;4.526315789473684;26;38;1423;203.28571428571428;1.3977171703053362E-4;171.98805007518183;1.000069481134375;1230578;114295;0.7377832556846922;0.26775373068031705;0.7377832556846922;0.26775373068031705;5.356162614375692;5.6883838326379965E-6;1.3977171703053362E-4;0.001156367170549124;3.0879797948606266E-5;2.14533333116633E-4;7;5.6883838326379965E-6;172;1.3977171703053362E-4;1423;0.001156367170549124;38;3.0879797948606266E-5;264;2.14533333116633E-4;444612x47268-NZ-CM000772_44931_aligned_28330_R_23_1243_258;0.7377832556846922;0.26775373068031705;0.7377832556846922;0.26775373068031705;
275;11;Rickettsia endosymbiont of Rhinocyllus conicus;species;3066252;8;143;114;114;22;5.181818181818182;25;22;2623;327.875;0.0010736181874688039;113.93936189369374;1.0005321962954543;106183;114295;0.894510550662798;0.11693993750389986;0.8983858295879275;0.11074540441975335;5.662208585049306;7.534162719079325E-5;0.0010736181874688039;0.02470263601518134;2.0718947477468144E-4;0.0013467315860354295;8;7.534162719079325E-5;114;0.0010736181874688039;2623;0.02470263601518134;22;2.0718947477468144E-4;143;0.0013467315860354295;1462938x212560-NZ-CP113531_839311_aligned_230122_F_61_147_1;0.894510550662798;0.11693993750389986;0.8983858295879275;0.11074540441975335;
276;11;Rickettsia endosymbiont of Urophora cardui;species;3066265;35;1378;691;652;85;8.129411764705882;63;78;10897;311.34285714285716;0.0012981350259527456;690.5255714185316;0.9442083349072947;502259;114295;0.806272076708967;0.2365668150744422;0.809460349556661;0.2361441344687996;12.63667021701799;6.968516243611364E-5;0.0013757842069529863;0.021695977573323724;1.552983620004818E-4;0.0027436043953418454;35;6.968516243611364E-5;691;0.0013757842069529863;10897;0.021695977573323724;78;1.552983620004818E-4;1378;0.0027436043953418454;3066265x73211-NZ-CAXIPY010000004_67452_aligned_196831_F_3_375_9;0.806272076708967;0.2365668150744422;0.809460349556661;0.2361441344687996;
277;11;Rickettsia endosymbiont of Gonocerus acuteangulatus;species;3066266;48;5826;2510;2438;164;15.304878048780488;85;59;30394;633.2083333333334;0.0035363725636670357;2505.4381372028897;0.9730832958110158;689407;114295;0.7797924843044807;0.1385503270898865;0.7812936132178652;0.13675213366601496;16.257656261023637;6.962505457588914E-5;0.0036408101455308694;0.04408716476624113;8.55807962495304E-5;0.008450740999148543;48;6.962505457588914E-5;2510;0.0036408101455308694;30394;0.04408716476624113;59;8.55807962495304E-5;5826;0.008450740999148543;3066266x73572-NZ-OZ032147_1407647_aligned_1086_R_0_668_2;0.7797924843044807;0.1385503270898865;0.7812936132178652;0.13675213366601496;
278;11;Rickettsia endosymbiont of Pantilius tunicatus;species;3066267;16;843;356;356;37;9.621621621621621;47;28;11029;689.3125;0.0011097118489794393;355.8030985747888;1.0005533999731873;320804;114295;0.8352177842925466;0.18152730641368225;0.8359020908618896;0.18195322066217462;12.581625383760928;4.987468984177255E-5;0.0011097118489794393;0.03437924714155684;8.728070722310196E-5;0.002627772721038391;16;4.987468984177255E-5;356;0.0011097118489794393;11029;0.03437924714155684;28;8.728070722310196E-5;843;0.002627772721038391;3066267x246428-NZ-OZ198175_147367_aligned_168363_F_3_231_1;0.8352177842925466;0.18152730641368225;0.8359020908618896;0.18195322066217462;
279;11;Rickettsia endosymbiont of Nabis limbatus;species;3066268;10;639;78;71;30;2.6;31;30;4158;415.8;4.0952639138033467E-4;77.98268129522155;0.910458563629186;173371;114295;0.7519530839739113;0.2232093582893473;0.7519530839739113;0.2232093582893473;5.5373341027535306;5.767977343384995E-5;4.4990223278402965E-4;0.02398324979379481;1.7303932030154984E-4;0.003685737522423012;10;5.767977343384995E-5;78;4.4990223278402965E-4;4158;0.02398324979379481;30;1.7303932030154984E-4;639;0.003685737522423012;1462938x212560-NZ-CP113531_1558048_aligned_212904_R_6_146_42;0.7519530839739113;0.2232093582893473;0.7519530839739113;0.2232093582893473;
280;11;Rickettsia sp. R1;species;3405422;1;1;11;10;3;3.6666666666666665;8;3;755;755.0;0.0026716537536735237;10.985317675322873;0.9103059461324213;3743;114295;0.9986206896551724;;0.9986206896551724;;3.7859388972001824;2.671653753673524E-4;0.002938819129040876;0.20170985840235106;8.014961261020571E-4;2.671653753673524E-4;1;2.671653753673524E-4;11;0.002938819129040876;755;0.20170985840235106;3;8.014961261020571E-4;1;2.671653753673524E-4;444612x44192-NZ-GG688316_24743_aligned_95804_F_1_369_5;0.9986206896551724;;0.9986206896551724;;
281;10;belli group;species group;1129742;6;580;64;64;19;3.3684210526315788;9;19;2931;488.5;9.036739996046427E-4;63.971542573661;1.0004448450857073;70822;780;0.642990265227819;0.38955154366702577;0.642990265227819;0.38955154366702577;2.431518188653827;8.471943746293525E-5;9.036739996046427E-4;0.04138544520064387;2.6827821863262827E-4;0.008189545621417074;92;2.7119291479947886E-4;708;0.0025480724001429307;32044;0.1071423167643572;201;7.043841198841636E-4;4611;0.01559874045540912;1462938x212560-NZ-CP113531_1257237_aligned_174908_R_93_178_16;0.8035842512269005;0.18517773646264915;0.804264511289994;0.18548469469205073;
282;11;Rickettsia canadensis;species;788;32;1664;254;254;67;3.791044776119403;21;67;10747;335.84375;4.128013937735248E-4;253.94778775430507;1.0002056022860315;615308;1129742;0.8090497653841688;0.13354491691775358;0.8101251114347111;0.13387879311957984;4.311848768335344;5.200647480611336E-5;4.128013937735248E-4;0.017466049523165633;1.0888855662529985E-4;0.002704336689917895;45;1.0563219307621456E-4;333;7.38879491114024E-4;15942;0.03888352263022317;89;1.994599665927187E-4;2198;0.004902886031703088;42862x66326-NZ-JSEL01000012_22401_aligned_496_R_2_1367_16;0.8323099510295189;0.1270115075171403;0.8333940574795144;0.1273631108846669;
283;12;Rickettsia canadensis str. McKiel;strain;293613;8;363;47;47;16;2.9375;11;15;3296;412.0;1.9165368586737566E-4;46.99559223455732;1.0000937910393954;245234;788;0.8838190159772124;0.09923022580148128;0.8838190159772124;0.09923022580148128;2.9993054751614303;3.262190397742564E-5;1.9165368586737566E-4;0.013440224438699364;6.116606995767308E-5;0.0014802188929756886;8;3.262190397742564E-5;47;1.9165368586737566E-4;3296;0.013440224438699364;15;6.116606995767308E-5;363;0.0014802188929756886;1462938x212560-NZ-CP113531_1173475_aligned_177465_R_0_167_3;0.8838190159772124;0.09923022580148128;0.8838190159772124;0.09923022580148128;
284;12;Rickettsia canadensis str. CA410;strain;1105107;5;171;32;32;7;4.571428571428571;8;7;1899;379.8;1.3442441147312352E-4;31.997916509355584;1.0000651133221068;238052;788;0.8987606352434497;0.08276391587104447;0.9016353785699385;0.08401189162499212;2.819996622760558;2.100381429267555E-5;1.3442441147312352E-4;0.007977248668358174;2.940534000974577E-5;7.183304488095038E-4;5;2.100381429267555E-5;32;1.3442441147312352E-4;1899;0.007977248668358174;7;2.940534000974577E-5;171;7.183304488095038E-4;444612x54001-NZ-CM000770_1017148_aligned_23566_F_0_439_2;0.8987606352434497;0.08276391587104447;0.9016353785699385;0.08401189162499212;
285;11;Rickettsia bellii;species;33990;5;221;101;101;23;4.391304347826087;18;23;1738;347.6;1.5439388172205738E-4;100.99228069698766;1.0000764345844957;654171;1129742;0.8199578091496299;0.1362995875114604;0.8217299610483642;0.13785491730467916;4.59979377437711;7.643261471388979E-6;1.5439388172205738E-4;0.002656797687454809;3.5159002768389305E-5;3.3783215703539287E-4;6;4.068363681005283E-5;123;6.898149745484945E-4;2086;0.014154848305309827;28;1.6206744653687503E-4;231;6.682359104220313E-4;444612x47881-NZ-CM000773_15139_aligned_18750_F_148_425_88;0.8441996417965995;0.13560258384388293;0.8462005440602196;0.13709864761442578;
286;12;Rickettsia bellii RML369-C;strain;336407;1;10;2;2;1;2.0;2;1;348;348.0;6.608075067732769E-5;1.9999669596255212;1.0000165204601605;30266;33990;0.9654088050314465;;0.9685534591194969;;;3.3040375338663845E-5;6.608075067732769E-5;0.011498050617855018;3.3040375338663845E-5;3.3040375338663845E-4;1;3.3040375338663845E-5;2;6.608075067732769E-5;348;0.011498050617855018;1;3.3040375338663845E-5;10;3.3040375338663845E-4;444612x54001-NZ-CM000770_94265_aligned_119954_R_12_253_79;0.9654088050314465;;0.9685534591194969;;
287;12;Rickettsia bellii str. RML Mogi;strain;1359194;0;0;20;20;4;5.0;10;4;0;;4.6934034214910945E-4;19.995541894461034;1.0002229549747887;42613;33990;;;;;3.8297084310253524;0.0;4.6934034214910945E-4;0.0;9.386806842982188E-5;0.0;0;0.0;20;4.6934034214910945E-4;0;0.0;4;9.386806842982188E-5;0;0.0;1462938x86281-NZ-JFKF01000199_24485_aligned_20129_F_0_386_2;;;;;
288;11;Rickettsia oklahomensis;species;3141789;35;1602;188;187;65;2.8923076923076922;16;65;11085;316.7142857142857;2.1455657352004726E-4;187.9798331134834;0.9947875625951222;871565;1129742;0.7872189678399993;0.19917615898073604;0.7872702170392305;0.19922229209201825;3.1181077841931883;4.015764745027623E-5;2.1570393487576944E-4;0.012718500628180342;7.457848812194156E-5;0.001838072891866929;35;4.015764745027623E-5;188;2.1570393487576944E-4;11085;0.012718500628180342;65;7.457848812194156E-5;1602;0.001838072891866929;1462938x212560-NZ-CP113531_1060286_aligned_152750_F_1_169_1;0.7872189678399993;0.19917615898073604;0.7872702170392305;0.19922229209201825;
289;10;Rickettsia incertae sedis;no rank;2749451;0;0;0;0;0;;0;0;0;;;0.0;;0;780;;;;;;;;;;;53;2.8046928332160304E-4;523;0.0027676497203244976;19445;0.102900475739407;83;4.392254814281708E-4;2456;0.01299684075165768;;0.8129194663632611;0.17420035702935613;0.8132637093321047;0.1730885414707913;
290;11;Candidatus Rickettsia colombianensi;species;1090944;53;2456;523;501;87;6.011494252873563;34;83;19445;366.8867924528302;0.0026512285083796815;522.2783068314219;0.9592586815245804;188969;2749451;0.8129194663632611;0.17420035702935613;0.8132637093321047;0.1730885414707913;7.442015001068553;2.8046928332160304E-4;0.0027676497203244976;0.102900475739407;4.392254814281708E-4;0.01299684075165768;53;2.8046928332160304E-4;523;0.0027676497203244976;19445;0.102900475739407;83;4.392254814281708E-4;2456;0.01299684075165768;1090944x246258-NZ-RAQN01000013_32097_aligned_213110_R_118_98_357;0.8129194663632611;0.17420035702935613;0.8132637093321047;0.1730885414707913;
291;7;Anaplasmataceae;family;942;2;43;896;771;120;7.466666666666667;80;92;905;452.5;0.006197749196141479;892.7845560950853;0.8635902074429312;124400;766;0.942421380473808;0.020039773022384903;0.942421380473808;0.020039773022384903;9.574066278130688;1.607717041800643E-5;0.007202572347266881;0.00727491961414791;7.395498392282958E-4;3.4565916398713827E-4;86864;0.11643584665228224;4310292;2.2797145680462854;37829251;107.55133876194522;87512;0.11963321400706994;5823109;26.973427462378922;1173064x44808-NC-021880_90937_aligned_35934_F_1_318_4;0.7900646384321601;0.18785898853412683;0.790067015719057;0.18785911347312495;
292;8;Anaplasma;genus;768;5;131;1846;1580;179;10.312849162011172;117;120;1868;373.6;0.0023934425732840305;1843.4227312018827;0.8571012894963408;660137;942;0.9318597769495973;0.04615458390761998;0.9318597769495973;0.04615458390761998;14.748925012613016;7.5741853584937676E-6;0.0027963892343558987;0.0028297156499332713;1.8178044860385042E-4;1.984436563925367E-4;84711;0.08504996583283533;4112805;1.7526497004470025;36482534;77.0990442075506;85050;0.08707079455493254;5600856;19.13003647831474;770x18998-NZ-VTSO01000020_7740_aligned_29879_F_147_2232_137;0.7897052327953521;0.1887074733524615;0.7897065371887219;0.1887072822088032;
293;9;Anaplasma marginale;species;770;2;2093;1583;1571;56;28.267857142857142;170;2;8034;4017.0;0.0011409705003565987;1582.0909465909967;0.9929896908803537;1376898;768;0.7682073978766084;0.11924120044203296;0.7682073978766084;0.11924120044203296;31.793933710367153;1.4525404205685534E-6;0.00114968574288001;0.005834854869423879;1.4525404205685534E-6;0.0015200835501249911;2;1.4525404205685534E-6;1583;0.00114968574288001;8034;0.005834854869423879;2;1.4525404205685534E-6;2093;0.0015200835501249911;770x109652-NZ-VTWW01000015_25077_aligned_32243_F_0_5495_0;0.7682073978766084;0.11924120044203296;0.7682073978766084;0.11924120044203296;
294;9;Anaplasma platys;species;949;2;198;16;16;3;5.333333333333333;11;2;1167;583.5;1.366957059607017E-5;15.999897477917742;1.0000064076711992;1170483;768;0.8226904842976506;0.03983830604081194;0.8226904842976506;0.03983830604081194;4.932882862316248;1.7086963245087712E-6;1.366957059607017E-5;9.97024305350868E-4;1.7086963245087712E-6;1.6916093612636836E-4;2;1.7086963245087712E-6;16;1.366957059607017E-5;1167;9.97024305350868E-4;2;1.7086963245087712E-6;198;1.6916093612636836E-4;212042x124275-NC-007797_92036_aligned_92675_R_108_446_1;0.8226904842976506;0.03983830604081194;0.8226904842976506;0.03983830604081194;
295;9;phagocytophilum group;species group;106179;0;0;0;0;0;;0;0;0;;;0.0;;0;768;;;;;;;;;;;84702;0.08503923041073178;4109346;1.748677111926128;36471465;77.0893826127259;84920;0.08688026048672551;5598434;19.128148790172094;;0.7896965701008002;0.1887134800519464;0.789697874632768;0.18871328895394673;
296;10;Anaplasma phagocytophilum;species;948;83785;5493581;4096507;574056;208444;19.652794035808178;440;83988;35796088;427.2374291340932;0.1076222691872818;2859339.8088737046;0.2007652249720263;5333989;106179;0.7898006907500711;0.1888529000561451;0.7898015277598548;0.1888529667764004;23.712187511742457;0.01570775642769417;0.7680006464205307;6.710941473632586;0.01574581424896077;1.0299198217319159;84702;0.08503923041073178;4109346;1.748677111926128;36471465;77.0893826127259;84920;0.08688026048672551;5598434;19.128148790172094;1359162x189685-NZ-LANS01000001_976384_aligned_82472_R_25_492_0;0.7896965701008002;0.1887134800519464;0.789697874632768;0.18871328895394673;
297;11;Anaplasma phagocytophilum str. JM;strain;1173064;4;204;35;35;4;8.75;11;4;1557;389.25;0.11666666666666667;33.087489048804684;1.0578016345808026;300;948;0.8587466206647865;0.0649299456384159;0.8587466206647865;0.0649299456384159;3.8622100754188224;0.013333333333333334;0.11666666666666667;5.19;0.013333333333333334;0.68;4;0.013333333333333334;35;0.11666666666666667;1557;5.19;4;0.013333333333333334;204;0.68;1173064x44808-NC-021880_211503_aligned_68205_F_6_344_42;0.8587466206647865;0.0649299456384159;0.8587466206647865;0.0649299456384159;
298;11;Anaplasma phagocytophilum str. HZ2;strain;1184253;1;963;14;14;1;14.0;14;1;2455;2455.0;0.1686746987951807;12.954743095784076;1.0806852668931803;83;948;0.6028865979381444;;0.6028865979381444;;;0.012048192771084338;0.1686746987951807;29.57831325301205;0.012048192771084338;11.602409638554217;1;0.012048192771084338;14;0.1686746987951807;2455;29.57831325301205;1;0.012048192771084338;963;11.602409638554217;1184253x25152-NC-021879_1095500_aligned_24523_R_9_2464_0;0.6028865979381444;;0.6028865979381444;;
299;11;Anaplasma phagocytophilum str. HGE1;strain;1217107;1;290;1;1;1;1.0;1;1;1173;1173.0;0.0020408163265306124;1.000000000000012;0.999999999999988;490;948;0.7462817147856518;;0.7462817147856518;;;0.0020408163265306124;0.0020408163265306124;2.3938775510204082;0.0020408163265306124;0.5918367346938775;1;0.0020408163265306124;1;0.0020408163265306124;1173;2.3938775510204082;1;0.0020408163265306124;290;0.5918367346938775;1184254x45184-NC-021881_885571_aligned_39390_F_145_904_112;0.7462817147856518;;0.7462817147856518;;
300;11;Anaplasma phagocytophilum str. CRT38;strain;1269275;7;1027;19;19;8;2.375;8;8;5220;745.7142857142857;8.369675344698472E-4;18.992469172197;1.0003965165210864;22701;948;0.8041006623990723;0.09205175865431564;0.8041006623990723;0.09205175865431564;2.326094212561969;3.083564600678384E-4;8.369675344698472E-4;0.2299458173648738;3.5240738293467247E-4;0.04524029778423858;7;3.083564600678384E-4;19;8.369675344698472E-4;5220;0.2299458173648738;8;3.5240738293467247E-4;1027;0.04524029778423858;1184253x25152-NC-021879_1152022_aligned_4086_R_29_427_39;0.8041006623990723;0.09205175865431564;0.8041006623990723;0.09205175865431564;
301;11;Anaplasma phagocytophilum str. Annie;strain;1359151;11;1752;60;44;17;3.5294117647058822;8;17;12568;1142.5454545454545;0.012324929971988795;59.506875992356925;0.7394103499174006;3570;948;0.888069465367582;0.1224274354147264;0.888069465367582;0.1224274354147264;2.5523921881938407;0.0030812324929971988;0.01680672268907563;3.5204481792717086;0.004761904761904762;0.4907563025210084;11;0.0030812324929971988;60;0.01680672268907563;12568;3.5204481792717086;17;0.004761904761904762;1752;0.4907563025210084;1359151x41837-NZ-LAON01000014_5792_aligned_16872_R_65_447_268;0.888069465367582;0.1224274354147264;0.888069465367582;0.1224274354147264;
302;11;Anaplasma phagocytophilum str. ApNYW;strain;1359154;8;1772;36;28;9;4.0;14;8;9474;1184.25;0.005037783375314861;35.88688066392277;0.780229417602977;5558;948;0.7779550678498712;0.16457951846973173;0.7781393690050643;0.16462454345205674;4.527692569068709;0.0014393666786613889;0.006477150053976251;1.70456998920475;0.0014393666786613889;0.3188197193234977;8;0.0014393666786613889;36;0.006477150053976251;9474;1.70456998920475;8;0.0014393666786613889;1772;0.3188197193234977;1173064x44808-NC-021880_1243625_aligned_364_F_0_2861_1;0.7779550678498712;0.16457951846973173;0.7781393690050643;0.16462454345205674;
303;11;Anaplasma phagocytophilum str. ApWI1;strain;1359155;4;1284;222;222;13;17.076923076923077;43;4;7603;1900.75;0.16591928251121077;204.63096314761538;1.0848798079489812;1338;948;0.7536378030097481;0.109419993994934;0.7536378030097481;0.109419993994934;12.5529647126455;0.0029895366218236174;0.16591928251121077;5.68236173393124;0.0029895366218236174;0.9596412556053812;4;0.0029895366218236174;222;0.16591928251121077;7603;5.68236173393124;4;0.0029895366218236174;1284;0.9596412556053812;1359155x119229-NZ-LAOF01000001_282_aligned_43001_R_25_427_6;0.7536378030097481;0.109419993994934;0.7536378030097481;0.109419993994934;
304;11;Anaplasma phagocytophilum str. CRT53-1;strain;1359157;728;71347;11365;484;868;13.09331797235023;45;729;462356;635.1043956043956;0.01578140793635267;9497.060418287705;0.05096313792718441;30669;948;0.7749032643502874;0.18377079665314383;0.7749196915227501;0.18378666702966423;10.238868051050746;0.023737324334018064;0.3705696305715869;15.075679024422055;0.023769930548762593;2.326355603378004;728;0.023737324334018064;11365;0.3705696305715869;462356;15.075679024422055;729;0.023769930548762593;71347;2.326355603378004;1359157x118545-NZ-LAOD01000041_7569_aligned_80567_F_4_409_48;0.7749032643502874;0.18377079665314383;0.7749196915227501;0.18378666702966423;
305;11;Anaplasma phagocytophilum str. HGE2;strain;1359159;3;265;37;37;4;9.25;24;3;1563;521.0;0.07198443579766536;35.73320996801232;1.0354513359735016;514;948;0.8082716610490251;0.1406238846520738;0.8082716610490251;0.1406238846520738;10.242883708539635;0.005836575875486381;0.07198443579766536;3.0408560311284045;0.005836575875486381;0.5155642023346303;3;0.005836575875486381;37;0.07198443579766536;1563;3.0408560311284045;3;0.005836575875486381;265;0.5155642023346303;1359159x188929-NZ-LAOE01000001_9702_aligned_2181_R_0_550_0;0.8082716610490251;0.1406238846520738;0.8082716610490251;0.1406238846520738;
306;11;Anaplasma phagocytophilum str. NCH-1;strain;1359161;6;470;23;23;6;3.8333333333333335;13;6;5332;888.6666666666666;0.006134969325153374;22.9326411745136;1.0029372467381237;3749;948;0.9003401566976296;0.10898515145327965;0.9003401566976296;0.10898515145327965;4.665476038590989;0.0016004267804747934;0.006134969325153374;1.4222459322485996;0.0016004267804747934;0.12536676447052547;6;0.0016004267804747934;23;0.006134969325153374;5332;1.4222459322485996;6;0.0016004267804747934;470;0.12536676447052547;1184254x45184-NC-021881_463620_aligned_16776_F_34_420_1;0.9003401566976296;0.10898515145327965;0.9003401566976296;0.10898515145327965;
307;11;Anaplasma phagocytophilum str. Webster;strain;1359162;1;149;26;26;1;26.0;26;1;759;759.0;0.04735883424408015;25.416551323763873;1.0229554619273078;549;948;0.7956104252400549;;0.7956104252400549;;;0.0018214936247723133;0.04735883424408015;1.3825136612021858;0.0018214936247723133;0.27140255009107467;1;0.0018214936247723133;26;0.04735883424408015;759;1.3825136612021858;1;0.0018214936247723133;149;0.27140255009107467;1359162x189685-NZ-LANS01000001_953226_aligned_11077_F_274_393_67;0.7956104252400549;;0.7956104252400549;;
308;11;Anaplasma phagocytophilum str. MRK;strain;1392505;52;6452;361;360;55;6.5636363636363635;31;53;37367;718.5961538461538;0.003011040481766477;360.45705076161437;0.9987320243545004;119560;948;0.8188013231727415;0.11091001290434466;0.8190982557625415;0.11033057463413151;8.399214329138253;4.349280695884911E-4;0.003019404483104717;0.3125376380060221;4.4329207092673136E-4;0.05396453663432586;52;4.349280695884911E-4;361;0.003019404483104717;37367;0.3125376380060221;53;4.4329207092673136E-4;6452;0.05396453663432586;1173064x44808-NC-021880_785163_aligned_108319_F_61_326_32;0.8188013231727415;0.11091001290434466;0.8190982557625415;0.11033057463413151;
309;11;Anaplasma phagocytophilum str. Norway variant1;strain;1392506;56;13263;430;427;64;6.71875;40;59;62714;1119.892857142857;0.0019943019943019944;429.5695036574296;0.9940184216161706;214110;948;0.7665026523455207;0.14821486236659334;0.7667078972841149;0.14784477739459428;8.744102320811749;2.615478025314091E-4;0.00200831348372332;0.2929055158563355;2.755592919527346E-4;0.06194479473167998;56;2.615478025314091E-4;430;0.00200831348372332;62714;0.2929055158563355;59;2.755592919527346E-4;13263;0.06194479473167998;1392506x142342-NZ-CP046639_389764_aligned_180576_R_83_135_319;0.7665026523455207;0.14821486236659334;0.7667078972841149;0.14784477739459428;
310;11;Anaplasma phagocytophilum str. Norway variant2;strain;1392507;32;5346;197;196;36;5.472222222222222;35;35;64143;2004.46875;0.0015201340199789042;196.85034225568705;0.9956802602121841;128936;948;0.7980641412943253;0.15675535066934884;0.7980641412943253;0.15675535066934884;7.937203937735652;2.481851461190048E-4;0.001527889805795123;0.4974793696097289;2.7145250356766146E-4;0.041462430973506235;32;2.481851461190048E-4;197;0.001527889805795123;64143;0.4974793696097289;35;2.7145250356766146E-4;5346;0.041462430973506235;1392507x124255-NZ-CP015376_1053177_aligned_157301_F_33_192_23;0.7980641412943253;0.15675535066934884;0.7980641412943253;0.15675535066934884;
311;11;Anaplasma phagocytophilum str. CRT35;strain;1392508;3;269;13;13;3;4.333333333333333;10;3;1093;364.3333333333333;6.506832173782471E-4;12.996096617118791;1.0003003504049106;19979;948;0.7387594079628438;0.18750655149916146;0.7387594079628438;0.18750655149916146;4.932882862316247;1.5015766554882628E-4;6.506832173782471E-4;0.0547074428149557;1.5015766554882628E-4;0.013464137344211423;3;1.5015766554882628E-4;13;6.506832173782471E-4;1093;0.0547074428149557;3;1.5015766554882628E-4;269;0.013464137344211423;1173064x44808-NC-021880_1365550_aligned_8346_F_13_370_2;0.7387594079628438;0.18750655149916146;0.7387594079628438;0.18750655149916146;
312;9;Anaplasma bovis;species;186733;0;0;4;4;3;1.3333333333333333;2;3;0;;3.837092404859294E-6;3.999994244175226;1.000001438958264;1042456;768;;;;;0.5773502691896258;0.0;3.837092404859294E-6;0.0;2.8778193036444706E-6;0.0;0;0.0;4;3.837092404859294E-6;0;0.0;3;2.8778193036444706E-6;0;0.0;1184254x45184-NC-021881_331584_aligned_88671_R_2_410_0;;;;;
313;9;Anaplasma capra;species;1562740;0;0;2;2;1;2.0;2;1;0;;1.8513735803435964E-6;1.9999990744469747;1.000000462776727;1080279;768;;;;;;0.0;1.8513735803435964E-6;0.0;9.256867901717982E-7;0.0;0;0.0;2;1.8513735803435964E-6;0;0.0;1;9.256867901717982E-7;0;0.0;1173064x44808-NC-021880_144895_aligned_154776_R_1_251_38;;;;;
314;9;unclassified Anaplasma;no rank;2617684;0;0;0;0;0;;0;0;0;;;0.0;;0;768;;;;;;;;;;;0;0.0;8;7.155507057118835E-6;0;0.0;2;1.7888767642797088E-6;0;0.0;;;;;;
315;10;Candidatus Anaplasma sp. TIGMIC;species;3020713;0;0;8;8;2;4.0;6;2;0;;7.155507057118835E-6;7.999974955742375;1.0000031305420034;1118020;2617684;;;;;2.8284271247461903;0.0;7.155507057118835E-6;0.0;1.7888767642797088E-6;0.0;0;0.0;8;7.155507057118835E-6;0;0.0;2;1.7888767642797088E-6;0;0.0;1173064x44808-NC-021880_209577_aligned_24968_F_2_274_1;;;;;
316;8;Ehrlichia;genus;943;1532;149104;168848;155335;5618;30.054823780704876;378;1659;895326;584.4164490861618;0.14855324716062324;155920.67830233066;0.9962437419545146;1045652;942;0.8051545108444191;0.14992865708749417;0.8051600393018276;0.14992789113972463;38.11535089772272;0.0014651145887924473;0.16147628465302033;0.8562370654864142;0.001586569910448218;0.14259428567056726;2151;0.03136980364902887;196591;0.5198622952520159;1345812;30.44501963478046;2370;0.031822869612909116;222210;7.843045324900196;2020671x138139-NZ-CP118226_353822_aligned_61767_F_70_9568_133;0.8040771430419058;0.15009397522045992;0.8041217753907002;0.1501057092638828;
317;9;canis group;species group;106178;14;779;2209;2095;190;11.626315789473685;109;94;6842;488.7142857142857;0.008287675297189311;2199.380544230484;0.9525409349899454;252785;943;0.8864922108957468;0.07032174916901524;0.8864922108957468;0.07032174916901524;13.486906921620234;5.538303301224361E-5;0.008738651423146152;0.02706647941926934;3.7185750736792135E-4;0.003081670194038412;619;0.02990468906023642;27743;0.3583860105989956;450486;29.588782569294047;711;0.030236299702460896;73106;7.700451039229629;2020671x138139-NZ-CP118226_40500_aligned_61413_R_1_663_0;0.8014107012431165;0.15059060509120936;0.8015521141437744;0.15063554304522378;
318;10;Ehrlichia ruminantium;species;779;5;1541;244;244;12;20.333333333333332;57;5;7810;1562.0;5.0465711651333226E-5;243.9938685356515;1.0000251295837281;4834966;106178;0.7144240548298241;0.163885760834198;0.714515462508069;0.16397837693449133;17.935912848164985;1.03413343547814E-6;5.0465711651333226E-5;0.0016153164262168544;1.03413343547814E-6;3.187199248143627E-4;5;1.03413343547814E-6;244;5.0465711651333226E-5;7810;0.0016153164262168544;5;1.03413343547814E-6;1541;3.187199248143627E-4;779x130364-NZ-BDDM01000083_1165_aligned_55891_R_4_1255_2;0.7144240548298241;0.163885760834198;0.714515462508069;0.16397837693449133;
319;10;Ehrlichia canis;species;944;5;389;48;48;7;6.857142857142857;21;6;2765;553.0;4.2216433098387154E-5;47.99900792452525;1.0000206686662423;1136998;106178;0.8334604980484974;0.09709732780830654;0.8339938313818308;0.09727754887207969;8.395009855633909;4.397545114415329E-6;4.2216433098387154E-5;0.0024318424482716768;5.277054137298394E-6;3.421290099015126E-4;5;4.397545114415329E-6;48;4.2216433098387154E-5;2765;0.0024318424482716768;6;5.277054137298394E-6;389;3.421290099015126E-4;2020671x138139-NZ-CP118226_1023474_aligned_12228_R_1_292_51;0.8334604980484974;0.09709732780830654;0.8339938313818308;0.09727754887207969;
320;10;Ehrlichia chaffeensis;species;945;3;771;33;33;5;6.6;14;5;3882;1294.0;2.7738528227314717E-5;32.99955618738977;1.0000134490478512;1189681;106178;0.7429542016237177;0.1386152549383475;0.7429542016237177;0.1386152549383475;4.774934554525329;2.521684384301338E-6;2.7738528227314717E-5;0.0032630595932859312;4.202807307168897E-6;6.480728867654438E-4;3;2.521684384301338E-6;33;2.7738528227314717E-5;3882;0.0032630595932859312;5;4.202807307168897E-6;771;6.480728867654438E-4;2020671x138139-NZ-CP118226_548874_aligned_29737_F_1_3668_0;0.7429542016237177;0.1386152549383475;0.7429542016237177;0.1386152549383475;
321;10;Ehrlichia muris;species;35795;163;21429;8952;7858;455;19.674725274725276;204;169;115343;707.6257668711656;0.012189862774845881;8890.135592304874;0.8839010292263405;644634;106178;0.7954725557107889;0.16440532653530573;0.7959645118508962;0.16458281417070833;25.748181550805846;2.5285665974801206E-4;0.01388694980407487;0.17892788776266844;2.6216426685530083E-4;0.033242118783681905;179;0.029480854195372223;9056;0.3356756303112122;135841;29.29943861091708;185;0.02949016180247951;26505;7.65859759349262;1359167x228351-NZ-LANU01000002_417234_aligned_4929_F_19_422_15;0.7923371060406508;0.16254427920126935;0.7928061756113556;0.1627059575883898;
322;11;Ehrlichia cf. muris str. EmCRT;strain;1359167;1;47;5;5;1;5.0;5;1;458;458.0;0.02040816326530612;4.959349931003748;1.0081966526987993;245;35795;0.8901869158878505;;0.8901869158878505;;;0.004081632653061225;0.02040816326530612;1.8693877551020408;0.004081632653061225;0.19183673469387755;1;0.004081632653061225;5;0.02040816326530612;458;1.8693877551020408;1;0.004081632653061225;47;0.19183673469387755;1359167x228878-NZ-LANU01000001_331009_aligned_47554_F_1_453_0;0.8901869158878505;;0.8901869158878505;;
323;11;Ehrlichia muris AS145;strain;1423892;9;3256;27;27;10;2.7;11;9;13542;1504.6666666666667;1.252871163082063E-4;26.998371330328133;1.0000603247378126;215505;35795;0.7720379736598814;0.1771292075746454;0.7720379736598814;0.1771292075746454;3.093002855909879;4.1762372102735435E-5;1.252871163082063E-4;0.06283844922391592;4.1762372102735435E-5;0.015108698174056287;9;4.1762372102735435E-5;27;1.252871163082063E-4;13542;0.06283844922391592;9;4.1762372102735435E-5;3256;0.015108698174056287;2020671x138139-NZ-CP118226_289171_aligned_42423_F_1_787_0;0.7720379736598814;0.1771292075746454;0.7720379736598814;0.1771292075746454;
324;11;Ehrlichia muris subsp. eauclairensis;subspecies;2020671;6;1773;72;67;7;10.285714285714286;18;6;6498;1083.0;0.2803347280334728;62.27827554067347;1.075816557512785;239;35795;0.7212977869318502;0.07482681068637191;0.7219268873182977;0.07473573981534912;5.282495802626057;0.02510460251046025;0.301255230125523;27.188284518828453;0.02510460251046025;7.418410041841004;6;0.02510460251046025;72;0.301255230125523;6498;27.188284518828453;6;0.02510460251046025;1773;7.418410041841004;2020671x138139-NZ-CP118226_316579_aligned_49938_F_1_293_4;0.7212977869318502;0.07482681068637191;0.7219268873182977;0.07473573981534912;
325;10;Ehrlichia japonica;species;391036;20;1584;73;73;22;3.3181818181818183;22;22;11098;554.9;8.803814825624166E-5;72.9968307170856;1.0000434167193735;829186;106178;0.8682794872828363;0.0904986432424994;0.8682794872828363;0.0904986432424994;4.560559318625436;2.41200406181484E-5;8.803814825624166E-5;0.013384210539010549;2.653204467996324E-5;0.0019103072169573533;20;2.41200406181484E-5;73;8.803814825624166E-5;11098;0.013384210539010549;22;2.653204467996324E-5;1584;0.0019103072169573533;2020671x138139-NZ-CP118226_198215_aligned_132301_R_5_273_5;0.8682794872828363;0.0904986432424994;0.8682794872828363;0.0904986432424994;
326;10;Ehrlichia minasensis;species;1242993;393;41537;16080;2142;810;19.85185185185185;161;394;282248;718.1882951653944;0.0018333908229459731;15969.856020760053;0.13412769640599778;1168327;106178;0.800254748144409;0.14853976653693854;0.8002558866362488;0.14854104181677624;23.798864174531577;3.3637842829961135E-4;0.013763270043403945;0.2415830499509127;3.3723435305355433E-4;0.03555254650453169;393;3.3637842829961135E-4;16080;0.013763270043403945;282248;0.2415830499509127;394;3.3723435305355433E-4;41537;0.03555254650453169;1242993x138247-NZ-QOHL01000046_2951_aligned_127113_R_0_1775_6;0.800254748144409;0.14853976653693854;0.8002558866362488;0.14854104181677624;
327;4;Spirochaetota;phylum;203691;0;0;0;0;0;;0;0;0;;;0.0;;0;3379134;;;;;;;;;;;20380;0.0389385492755552;1606664;1.8330070552694178;10111331;27.225450672655597;42188;0.12135701157279173;1630174;4.8378392652397215;;0.7962072387423733;0.18060211768641565;0.7970557059746778;0.1802229409303686;
328;5;Spirochaetia;class;203692;2;42;781;379;47;16.617021276595743;128;29;480;240.0;0.32588134135855545;568.9698033974842;0.6661161941053476;1163;203691;0.7908496732026143;0.2205169607061689;0.7908496732026143;0.2205169607061689;23.540486116189147;0.0017196904557179708;0.6715391229578676;0.412725709372313;0.024935511607910577;0.03611349957007739;20380;0.0389385492755552;1606664;1.8330070552694178;10111331;27.225450672655597;42188;0.12135701157279173;1630174;4.8378392652397215;139x174888-NZ-CP147298_302720_aligned_21133_F_92_439_1;0.7962072387423733;0.18060211768641565;0.7970557059746778;0.1802229409303686;
329;6;Spirochaetales;order;136;0;0;448;216;75;5.973333333333334;28;56;0;;0.14624238320920785;386.54750692622036;0.5587928938349809;1477;203692;;;;;6.1467929087503075;0.0;0.3033175355450237;0.0;0.037914691943127965;0.0;20378;0.03721885881983723;1605883;1.1614679323115502;10110851;26.812724963283287;42159;0.09642149996488114;1630132;4.801725765669644;139x131684-NZ-CM135759_437507_aligned_7027_F_4_2321_1;0.7962077645609562;0.18060436611338895;0.7970563150661265;0.18022515416111246;
330;7;Borreliaceae;family;1643685;202;4214;122271;72517;12650;9.665691699604743;120;7431;65026;321.91089108910893;0.15159598375272024;107894.99833561257;0.6721071515700143;478357;136;0.8947735609976317;0.15282324547658852;0.8949849837995262;0.1525256854852546;10.050073109155857;4.222787583332114E-4;0.2556061686146539;0.13593613138304655;0.015534423035515317;0.008809320235723528;20378;0.03721885881983723;1605435;0.8581503967665264;10110851;26.812724963283287;42103;0.058506808021753155;1630132;4.801725765669644;139x184812-NZ-CM135762_720982_aligned_20856_F_383_286_0;0.7962077645609562;0.18060436611338895;0.7970563150661265;0.18022515416111246;
331;8;Borrelia;genus;138;21;402;4087;3684;272;15.025735294117647;208;188;4992;237.71428571428572;6.92563477465744E-4;4085.4307158103798;0.9017409072054836;5319368;1643685;0.869767279738334;0.10388024637097211;0.8710719111799518;0.10177416189293509;28.31353319207921;3.947837412264014E-6;7.683243573296677E-4;9.38457350572474E-4;3.534254445264926E-5;7.557288760619682E-5;65;2.1444748824095376E-4;6192;0.010010903839746716;30669;0.12056645615067971;291;3.8754075850224167E-4;5765;0.02540049997295536;1653839x5947-NZ-CP073224_11138_aligned_2617_R_133_742_160;0.7955064344198167;0.16216723371360875;0.7978075841210815;0.15827838711831727;
332;9;Borrelia hermsii;species;140;1;263;165;165;15;11.0;26;4;1855;1855.0;1.9786379056657398E-4;164.98377622377492;1.0000983355854522;833907;138;0.8558904109589041;;0.8558904109589041;;7.445036697597362;1.1991744882822664E-6;1.9786379056657398E-4;0.002224468675763604;4.796697953129066E-6;3.1538289041823606E-4;1;1.1991744882822664E-6;174;2.1978816608727789E-4;1855;0.002224468675763604;7;1.210482312669704E-5;263;3.1538289041823606E-4;140x119168-NZ-CP084623_217549_aligned_61334_F_5_1744_0;0.8558904109589041;;0.8558904109589041;;
333;10;Borrelia hermsii YBT;strain;1313295;0;0;9;9;3;3.0;4;3;0;;2.1924375520703917E-5;8.999912303146587;1.000009744189772;410502;140;;;;;1.0;0.0;2.1924375520703917E-5;0.0;7.308125173567973E-6;0.0;0;0.0;9;2.1924375520703917E-5;0;0.0;3;7.308125173567973E-6;0;0.0;139x184812-NZ-CM135762_294563_aligned_167194_R_0_383_4;;;;;
334;9;Borrelia parkeri;species;141;0;0;14;14;1;14.0;14;1;0;;2.420202467223544E-5;13.999842687605014;1.0000112367259044;578464;138;;;;;;0.0;2.420202467223544E-5;0.0;1.728716048016817E-6;0.0;0;0.0;14;2.420202467223544E-5;0;0.0;1;1.728716048016817E-6;0;0.0;1653839x5947-NZ-CP073224_9619_aligned_32787_F_7_542_0;;;;;
335;9;Borrelia turicatae;species;142;0;0;2;2;1;2.0;2;1;0;;4.4137638812874065E-6;1.999997793111982;1.0000011034452267;453128;138;;;;;;0.0;4.4137638812874065E-6;0.0;2.2068819406437032E-6;0.0;0;0.0;2;4.4137638812874065E-6;0;0.0;1;2.2068819406437032E-6;0;0.0;1653839x5947-NZ-CP073224_7845_aligned_12995_F_137_511_13;;;;;
336;9;Borrelia anserina;species;143;0;0;10;10;2;5.0;6;2;0;;1.0998220487925054E-5;9.999950507908398;1.000004949233655;909238;138;;;;;1.4142135623730951;0.0;1.0998220487925054E-5;0.0;2.1996440975850108E-6;0.0;0;0.0;10;1.0998220487925054E-5;0;0.0;2;2.1996440975850108E-6;0;0.0;139x184812-NZ-CM135762_423216_aligned_76767_F_0_156_2;;;;;
337;9;Borrelia coriaceae;species;144;0;0;1;1;1;1.0;1;1;0;;6.866811327491966E-7;0.9999999999768372;1.0000000000231628;1456280;138;;;;;;0.0;6.866811327491966E-7;0.0;6.866811327491966E-7;0.0;0;0.0;1;6.866811327491966E-7;0;0.0;1;6.866811327491966E-7;0;0.0;139x151645-NZ-PHPQ01000001_415283_aligned_67680_R_0_540_0;;;;;
338;9;Borrelia crocidurae;species;29520;0;0;0;0;0;;0;0;0;;0.0;0.0;;236309;138;;;;;;0.0;0.0;0.0;0.0;0.0;1;4.155930512841825E-6;4;1.66237220513673E-5;70;2.909151358989278E-4;2;8.31186102568365E-6;3;1.2467791538525475E-5;;0.925;;0.925;;
339;10;Borrelia crocidurae str. Achema;strain;1155096;1;3;4;4;2;2.0;3;2;70;70.0;1.66237220513673E-5;3.9999750644949517;1.0000062339151234;240620;29520;0.925;;0.925;;1.4142135623730951;4.155930512841825E-6;1.66237220513673E-5;2.909151358989278E-4;8.31186102568365E-6;1.2467791538525475E-5;1;4.155930512841825E-6;4;1.66237220513673E-5;70;2.909151358989278E-4;2;8.31186102568365E-6;3;1.2467791538525475E-5;412419x159301-NC-011264_5351_aligned_230326_R_8_66_0;0.925;;0.925;;
340;9;Borrelia duttonii;species;40834;0;0;87;87;7;12.428571428571429;33;3;0;;0.0018491360071414909;86.92053501386107;1.0009142256904684;47049;138;;;;;10.341778423094404;0.0;0.0018491360071414909;0.0;6.376331059108588E-5;0.0;9;3.4387629768217015E-5;359;0.0027928519050373028;2708;0.009778655997096243;13;1.0204720617814213E-4;547;0.0018577160745666449;1432657x158172-NZ-AZIT01000111_1522_aligned_1037_R_4_1094_0;0.802324543238129;0.1595699272263234;0.8024248240243304;0.15945213694631577;
341;10;Borrelia duttonii Ly;strain;412419;8;144;101;101;10;10.1;22;9;1570;196.25;3.9352284770276166E-4;100.98032638807985;1.0001948261866827;256656;40834;0.8231927284714149;0.1569102792977567;0.8231927284714149;0.1569102792977567;8.02011360407209;3.11701265507138E-5;3.9352284770276166E-4;0.006117137335577582;3.506639236955302E-5;5.610622779128483E-4;8;3.11701265507138E-5;101;3.9352284770276166E-4;1570;0.006117137335577582;9;3.506639236955302E-5;144;5.610622779128483E-4;412419x159301-NC-011264_15717_aligned_205792_F_32_124_180;0.8231927284714149;0.1569102792977567;0.8231927284714149;0.1569102792977567;
342;10;Borrelia duttonii CR2A;strain;1432657;1;403;171;171;9;19.0;38;1;1138;1138.0;5.501930501930502E-4;170.95324206719206;1.0002735129924565;310800;40834;0.6353790613718412;;0.6362815884476535;;11.715374513859981;3.2175032175032174E-6;5.501930501930502E-4;0.0036615186615186614;3.2175032175032174E-6;0.0012966537966537966;1;3.2175032175032174E-6;171;5.501930501930502E-4;1138;0.0036615186615186614;1;3.2175032175032174E-6;403;0.0012966537966537966;1432657x158172-NZ-AZIT01000111_1522_aligned_1037_R_4_1094_0;0.6353790613718412;;0.6362815884476535;;
343;9;Borrelia hispanica;species;40835;0;0;0;0;0;;0;0;0;;;0.0;;0;138;;;;;;;;;;;0;0.0;5;5.339096710262171E-6;0;0.0;2;2.1356386841048683E-6;0;0.0;;;;;;
344;10;Borrelia hispanica CRI;strain;1417229;0;0;5;5;2;2.5;3;2;0;;5.339096710262171E-6;4.999989321895828;1.0000021356253954;936488;40835;;;;;0.7071067811865476;0.0;5.339096710262171E-6;0.0;2.1356386841048683E-6;0.0;0;0.0;5;5.339096710262171E-6;0;0.0;2;2.1356386841048683E-6;0;0.0;139x44210-NZ-CP147359_563863_aligned_138790_R_0_612_1;;;;;
345;9;Borrelia persica;species;44448;0;0;0;0;0;;0;0;0;;;0.0;;0;138;;;;;;;;;;;1;6.94456018711423E-7;453;3.145885764762746E-4;1805;0.0012534931137741184;3;2.083368056134269E-6;478;3.3194997694406016E-4;;0.7307042253521127;;0.7307042253521127;;
346;10;Borrelia persica No12;strain;1417230;1;478;453;453;14;32.357142857142854;131;3;1805;1805.0;3.145885764762746E-4;452.9289103899749;1.0001569553375693;1439976;44448;0.7307042253521127;;0.7307042253521127;;40.765006001296186;6.94456018711423E-7;3.145885764762746E-4;0.0012534931137741184;2.083368056134269E-6;3.3194997694406016E-4;1;6.94456018711423E-7;453;3.145885764762746E-4;1805;0.0012534931137741184;3;2.083368056134269E-6;478;3.3194997694406016E-4;1417230x11113-NZ-AYOT01000072_1607_aligned_26965_R_93_1691_1;0.7307042253521127;;0.7307042253521127;;
347;9;Borrelia miyamotoi;species;47466;0;0;18;18;9;2.0;4;9;0;;5.8766779139752295E-6;17.999950049430147;1.0000027750393594;3062955;138;;;;;1.3228756555322954;0.0;5.8766779139752295E-6;0.0;2.9383389569876148E-6;0.0;0;0.0;18;5.8766779139752295E-6;0;0.0;9;2.9383389569876148E-6;0;0.0;139x207414-NZ-PHOD01000005_21585_aligned_335_R_1_1623_0;;;;;
348;9;Borrelia turcica;species;229155;0;0;0;0;0;;0;0;0;;;0.0;;0;138;;;;;;;;;;;0;0.0;8;7.102493419095941E-6;0;0.0;3;2.663435032160978E-6;0;0.0;;;;;;
349;10;Borrelia turcica IST7;strain;1104446;0;0;8;8;3;2.6666666666666665;4;3;0;;7.102493419095941E-6;7.999975141450058;1.0000031073283981;1126365;229155;;;;;1.5275252316519468;0.0;7.102493419095941E-6;0.0;2.663435032160978E-6;0.0;0;0.0;8;7.102493419095941E-6;0;0.0;3;2.663435032160978E-6;0;0.0;139x163430-NZ-PHOD01000001_707927_aligned_32752_F_270_810_1;;;;;
350;9;Borrelia venezuelensis;species;1653839;26;3765;949;903;59;16.084745762711865;58;26;17606;677.1538461538462;0.005275950313752527;946.3766461133268;0.9541655573481549;171154;138;0.7439739731067908;0.1580478949778695;0.7456133291775283;0.1565253090247264;13.403921371147481;1.519099758112577E-4;0.005544714117110906;0.10286642438973088;1.519099758112577E-4;0.021997733035745586;26;1.519099758112577E-4;949;0.005544714117110906;17606;0.10286642438973088;26;1.519099758112577E-4;3765;0.021997733035745586;1653839x5947-NZ-CP073224_135_aligned_548_R_128_529_1;0.7439739731067908;0.1580478949778695;0.7456133291775283;0.1565253090247264;
351;9;Candidatus Borrelia fainii;species;2518322;0;0;2;2;1;2.0;2;1;0;;3.459345768528256E-6;1.999998270344701;1.0000008648283973;578144;138;;;;;;0.0;3.459345768528256E-6;0.0;1.729672884264128E-6;0.0;0;0.0;2;3.459345768528256E-6;0;0.0;1;1.729672884264128E-6;0;0.0;139x44210-NZ-CP147359_710129_aligned_15967_F_115_486_1520;;;;;
352;9;unclassified Borrelia;no rank;2649934;2;126;16;16;5;3.2;6;5;437;218.5;1.9030695322136147E-5;15.99985727034602;1.0000089206829517;840747;138;0.6725613876999325;0.4015805801692467;0.6725613876999325;0.4015805801692467;2.16794833886788;2.3788369152670184E-6;1.9030695322136147E-5;5.197758659858436E-4;5.947092288167546E-6;1.4986672566182215E-4;6;1.81524842293795E-5;98;2.804627727743277E-4;1633;0.003214041487843481;29;5.515000149009036E-5;307;8.096773161361097E-4;139x184812-NZ-CM135762_129176_aligned_190744_F_2_173_1;0.7278277560920553;0.28344875571249484;0.7409363703242651;0.26573064292674775;
353;10;Borrelia sp. HM;species;1882662;0;0;17;17;7;2.4285714285714284;6;7;0;;2.119772112028709E-5;16.999830419107454;1.000009975446129;801973;2649934;;;;;1.7182493859684491;0.0;2.119772112028709E-5;0.0;8.728473402471155E-6;0.0;0;0.0;17;2.119772112028709E-5;0;0.0;7;8.728473402471155E-6;0;0.0;139x230748-NZ-JAEIPF010000002_142246_aligned_165619_R_65_140_35;;;;;
354;10;Borrelia sp. A-FGy1;species;2608247;1;4;19;19;9;2.111111111111111;4;9;537;537.0;1.6980401935050855E-5;18.99984717802953;1.0000080433262983;1118937;2649934;0.9921104536489151;;0.9921104536489151;;1.0540925533894596;8.937053650026766E-7;1.6980401935050855E-5;4.7991978100643735E-4;8.043348285024089E-6;3.5748214600107065E-6;1;8.937053650026766E-7;19;1.6980401935050855E-5;537;4.7991978100643735E-4;9;8.043348285024089E-6;4;3.5748214600107065E-6;139x184812-NZ-CM135762_855563_aligned_16302_R_0_295_9;0.9921104536489151;;0.9921104536489151;;
355;10;Borrelia sp. BU AG58;species;2887345;0;0;7;6;2;3.5;5;2;0;;7.084117997792117E-6;6.999975205398589;0.8571458932272534;846965;2649934;;;;;2.1213203435596424;0.0;8.264804330757469E-6;0.0;2.3613726659307056E-6;0.0;0;0.0;7;8.264804330757469E-6;0;0.0;2;2.3613726659307056E-6;0;0.0;139x100516-NZ-CP147265_148006_aligned_80220_F_158_901_98;;;;;
356;10;Borrelia sp. RT1S;species;2898580;1;143;22;22;2;11.0;20;1;297;297.0;6.340148993501347E-5;21.99933429712888;1.0000302601370628;346995;2649934;0.3857677902621723;;0.46441947565543074;;12.727922061357855;2.881885906136976E-6;6.340148993501347E-5;8.559201141226819E-4;2.881885906136976E-6;4.1210968457758756E-4;1;2.881885906136976E-6;22;6.340148993501347E-5;297;8.559201141226819E-4;1;2.881885906136976E-6;143;4.1210968457758756E-4;139x184812-NZ-CM135762_445609_aligned_156507_R_12_282_2;0.3857677902621723;;0.46441947565543074;;
357;10;Borrelia sp. RT5S;species;2898581;0;0;2;2;1;2.0;2;1;0;;6.383433712828468E-6;1.9999968082473343;1.0000015958788797;313311;2649934;;;;;;0.0;6.383433712828468E-6;0.0;3.191716856414234E-6;0.0;0;0.0;2;6.383433712828468E-6;0;0.0;1;3.191716856414234E-6;0;0.0;498739x106528-NZ-ABJY02000007_39700_aligned_25157_F_481_963_82;;;;;
358;10;Borrelia sp. P9F1;species;3058374;1;13;2;2;2;1.0;1;2;262;262.0;1.958273116435003E-6;1.9999990207891618;1.000000489605659;1021308;2649934;0.9439655172413793;;0.9439655172413793;;0.0;9.791365582175015E-7;1.958273116435003E-6;2.5653377825298536E-4;1.958273116435003E-6;1.2728775256827519E-5;1;9.791365582175015E-7;2;1.958273116435003E-6;262;2.5653377825298536E-4;2;1.958273116435003E-6;13;1.2728775256827519E-5;139x24741-NZ-PHOH01000001_276568_aligned_42629_F_0_436_1;0.9439655172413793;;0.9439655172413793;;
359;10;Borrelia sp. MN22-0132;species;3085635;1;21;13;13;2;6.5;10;2;100;100.0;1.4324595330181923E-4;12.99914055898551;1.0000661152182015;90753;2649934;0.7;;0.7;;4.949747468305833;1.1018919484755325E-5;1.4324595330181923E-4;0.0011018919484755325;2.203783896951065E-5;2.3139730917986183E-4;1;1.1018919484755325E-5;13;1.4324595330181923E-4;100;0.0011018919484755325;2;2.203783896951065E-5;21;2.3139730917986183E-4;1653839x5947-NZ-CP073224_4687_aligned_187333_F_0_94_6;0.7;;0.7;;
360;9;Borrelia puertoricensis;species;2756107;0;0;8;8;3;2.6666666666666665;4;3;0;;1.1471918893533423E-5;7.9999598487185155;1.000005018935375;697355;138;;;;;1.5275252316519468;0.0;1.1471918893533423E-5;0.0;4.301969585075033E-6;0.0;0;0.0;8;1.1471918893533423E-5;0;0.0;3;4.301969585075033E-6;0;0.0;42109x2856-NZ-CP179270_18346_aligned_1142_R_6_696_32;;;;;
361;8;Borreliella;genus;64895;6640;277985;1069919;646343;57893;18.480973520114695;306;18668;2573008;387.5012048192771;0.10052165760896613;985641.6213485441;0.6557586307238938;6429888;1643685;0.8397446077393449;0.17070199177874756;0.839890883946545;0.17068879365072306;21.11445283127328;0.0010326773965580738;0.1663977661819304;0.400163735355888;0.002903316511889476;0.04323325694008978;20111;0.036582132573263065;1476972;0.5925333243121259;10015156;26.556222375749563;34381;0.0425848442277356;1620153;4.767515945460966;139x205052-NZ-PHQL01000006_6087_aligned_34313_F_0_859_1;0.7952200113701136;0.18065246505004975;0.7960702664572699;0.18028533016194778;
362;9;Borreliella burgdorferi;species;139;12136;1236374;377351;256221;26612;14.17973094844431;241;12434;6702619;552.2922709294661;0.14596908808130757;339547.0450273496;0.7545964653568464;1755310;64895;0.7680019161287228;0.182808767939607;0.7690504851640803;0.18244777522075048;14.156701981684096;0.006913878460215005;0.21497684169747794;3.818481635722465;0.007083649042049552;0.7043621924332454;12252;0.03314862972404954;378126;0.38464277366283706;6794395;25.114213489595045;12557;0.034206859851731115;1252828;4.595135923635102;139x74196-NZ-JAJNGF010000010_23790_aligned_177512_R_394_393_451;0.7681824356002102;0.18255928023084345;0.7692299177997972;0.1822002114404811;
363;10;Borreliella burgdorferi B31;strain;224326;2;170;7;7;2;3.5;6;2;983;491.5;0.011182108626198083;6.9665428455505305;1.004802547718606;626;139;0.8506945599272735;0.18095304741775683;0.8615979867185508;0.16553327337318924;3.5355339059327378;0.003194888178913738;0.011182108626198083;1.5702875399361023;0.003194888178913738;0.2715654952076677;2;0.003194888178913738;7;0.011182108626198083;983;1.5702875399361023;2;0.003194888178913738;170;0.2715654952076677;224326x139331-NC-000957_5158_aligned_179217_F_55_36_220;0.8506945599272735;0.18095304741775683;0.8615979867185508;0.16553327337318924;
364;10;Borreliella burgdorferi 156a;strain;445983;2;612;37;37;2;18.5;31;2;3341;1670.5;0.01806640625;36.67664953592316;1.0088162487077816;2048;139;0.7915313683859956;0.04949099853752294;0.7915313683859956;0.04949099853752294;17.67766952966369;9.765625E-4;0.01806640625;1.63134765625;9.765625E-4;0.298828125;2;9.765625E-4;37;0.01806640625;3341;1.63134765625;2;9.765625E-4;612;0.298828125;445983x37838-NC-011851_14793_aligned_83963_F_8_369_261;0.7915313683859956;0.04949099853752294;0.7915313683859956;0.04949099853752294;
365;10;Borreliella burgdorferi ZS7;strain;445985;1;65;2;2;1;2.0;2;1;256;256.0;6.112469437652812E-4;1.999694376528196;1.0001528350908975;3272;139;0.7123893805309734;;0.7123893805309734;;;3.056234718826406E-4;6.112469437652812E-4;0.07823960880195599;3.056234718826406E-4;0.01986552567237164;1;3.056234718826406E-4;2;6.112469437652812E-4;256;0.07823960880195599;1;3.056234718826406E-4;65;0.01986552567237164;498739x120805-NC-012152_6105_aligned_26454_F_0_255_5;0.7123893805309734;;0.7123893805309734;;
366;10;Borreliella burgdorferi 118a;strain;476210;15;1531;121;121;16;7.5625;31;16;10634;708.9333333333333;0.014632966501390737;120.12621871639503;1.007273859886224;8269;139;0.7980085435948318;0.15328350687571018;0.7983231507532574;0.152931680495703;8.366351255674921;0.0018140041117426532;0.014632966501390737;1.2860079816180916;0.0019349377191921636;0.18514935300520013;15;0.0018140041117426532;121;0.014632966501390737;10634;1.2860079816180916;16;0.0019349377191921636;1531;0.18514935300520013;476210x21432-NC-012236_27805_aligned_28106_F_8_437_1;0.7980085435948318;0.15328350687571018;0.7983231507532574;0.152931680495703;
367;10;Borreliella burgdorferi 72a;strain;476211;3;334;18;18;3;6.0;16;3;2460;820.0;0.022304832713754646;17.81165609666933;1.0105741937924508;807;139;0.8699378981299009;0.09600329854501646;0.8699378981299009;0.09600329854501646;8.660254037844387;0.0037174721189591076;0.022304832713754646;3.0483271375464684;0.0037174721189591076;0.4138785625774473;3;0.0037174721189591076;18;0.022304832713754646;2460;3.0483271375464684;3;0.0037174721189591076;334;0.4138785625774473;476211x7219-NC-011972_2625_aligned_41648_F_257_1011_178;0.8699378981299009;0.09600329854501646;0.8699378981299009;0.09600329854501646;
368;10;Borreliella burgdorferi 94a;strain;476212;5;1193;38;38;5;7.6;26;5;5152;1030.4;0.012183392112856685;37.77547199160313;1.0059437512374902;3119;139;0.7574732377556618;0.11524108947479035;0.7581343947804552;0.11485554118076606;10.310189135025603;0.0016030779095864058;0.012183392112856685;1.6518114780378326;0.0016030779095864058;0.38249438922731643;5;0.0016030779095864058;38;0.012183392112856685;5152;1.6518114780378326;5;0.0016030779095864058;1193;0.38249438922731643;476212x61046-NC-012250_25781_aligned_37513_F_0_2057_1;0.7574732377556618;0.11524108947479035;0.7581343947804552;0.11485554118076606;
369;10;Borreliella burgdorferi WI91-23;strain;498737;9;1764;78;78;9;8.666666666666666;29;9;7079;786.5555555555555;0.013771186440677966;77.47217287248435;1.0068131189296115;5664;139;0.6914517263914034;0.21364040270448773;0.6915004166241427;0.21362900408878105;10.965856099730654;0.0015889830508474577;0.013771186440677966;1.2498234463276836;0.0015889830508474577;0.3114406779661017;9;0.0015889830508474577;78;0.013771186440677966;7079;1.2498234463276836;9;0.0015889830508474577;1764;0.3114406779661017;139x243611-NZ-JAEIPK010000003_206401_aligned_160158_F_20_61_59;0.6914517263914034;0.21364040270448773;0.6915004166241427;0.21362900408878105;
370;10;Borreliella burgdorferi 29805;strain;498738;7;883;52;52;7;7.428571428571429;22;7;5025;717.8571428571429;0.02072538860103627;51.47499619306861;1.0101992005004186;2509;139;0.8202465904072573;0.09905961179182358;0.8227504275681884;0.0969295380032237;6.876460883747852;0.0027899561578318055;0.02072538860103627;2.002789956157832;0.0027899561578318055;0.351933041052212;7;0.0027899561578318055;52;0.02072538860103627;5025;2.002789956157832;7;0.0027899561578318055;883;0.351933041052212;498738x47030-NC-012501_6387_aligned_107889_R_344_244_139;0.8202465904072573;0.09905961179182358;0.8227504275681884;0.0969295380032237;
371;10;Borreliella burgdorferi CA-11.2A;strain;498739;7;1786;29;29;10;2.9;11;8;9191;1313.0;0.017251635930993457;28.759765214690916;1.008353155302755;1681;139;0.8079506107338397;0.13156435530913763;0.8096090349200702;0.1330182103782773;3.4140233677518315;0.004164187983343248;0.017251635930993457;5.467578822129685;0.004759071980963712;1.0624628197501487;7;0.004164187983343248;29;0.017251635930993457;9191;5.467578822129685;8;0.004759071980963712;1786;1.0624628197501487;498739x120805-NC-012152_16848_aligned_13375_F_5_475_9;0.8079506107338397;0.13156435530913763;0.8096090349200702;0.1330182103782773;
372;10;Borreliella burgdorferi 64b;strain;498740;1;49;3;3;1;3.0;3;1;161;161.0;0.0013015184381778742;2.9986986697782;1.0004339649845164;2305;139;0.6259541984732825;;0.6259541984732825;;;4.338394793926247E-4;0.0013015184381778742;0.06984815618221259;4.338394793926247E-4;0.02125813449023861;1;4.338394793926247E-4;3;0.0013015184381778742;161;0.06984815618221259;1;4.338394793926247E-4;49;0.02125813449023861;139x184812-NZ-CM135762_8728_aligned_54635_R_1_160_0;0.6259541984732825;;0.6259541984732825;;
373;10;Borreliella burgdorferi N40;strain;521007;1;35;3;3;1;3.0;3;1;297;297.0;0.0032822757111597373;2.996718921325904;1.0010948903651746;914;139;0.8689138576779026;;0.8689138576779026;;;0.0010940919037199124;0.0032822757111597373;0.324945295404814;0.0010940919037199124;0.038293216630196934;1;0.0010940919037199124;3;0.0032822757111597373;297;0.324945295404814;1;0.0010940919037199124;35;0.038293216630196934;139x228057-NZ-PHQG01000012_4582_aligned_78543_R_108_153_39;0.8689138576779026;;0.8689138576779026;;
374;10;Borreliella burgdorferi JD1;strain;521008;21;2964;157;157;25;6.28;31;25;18857;897.952380952381;0.005971398143922105;156.5351448931668;1.0029696532823378;26292;139;0.7561551147378264;0.20784566020536158;0.7565276413894053;0.20780553508836783;8.023507130093838;7.987220447284345E-4;0.005971398143922105;0.7172143617830519;9.508595770576601E-4;0.11273391145595618;21;7.987220447284345E-4;157;0.005971398143922105;18857;0.7172143617830519;25;9.508595770576601E-4;2964;0.11273391145595618;139x184812-NZ-CM135762_355411_aligned_80123_R_89_377_3;0.7561551147378264;0.20784566020536158;0.7565276413894053;0.20780553508836783;
375;10;Borreliella burgdorferi 297;strain;521009;2;70;8;7;2;4.0;7;2;947;473.5;0.0032095369096744614;7.987173618333623;0.8764051383498561;2181;139;0.9086521807589356;0.07229167580293283;0.9115257439773264;0.07635550787871846;4.242640687119285;9.170105456212746E-4;0.0036680421824850985;0.43420449335167355;9.170105456212746E-4;0.03209536909674461;2;9.170105456212746E-4;8;0.0036680421824850985;947;0.43420449335167355;2;9.170105456212746E-4;70;0.03209536909674461;498738x47030-NC-012501_8929_aligned_59102_R_31_168_198;0.9086521807589356;0.07229167580293283;0.9115257439773264;0.07635550787871846;
376;10;Borreliella burgdorferi CA8;strain;747491;39;4856;212;211;40;5.3;31;40;26797;687.1025641025641;0.0043264301824892356;211.54205593078044;0.997437597321273;48770;139;0.8044821841257035;0.13141241042852364;0.8053883923952798;0.1310641929292561;7.397851385923154;7.996719294648349E-4;0.004346934590937051;0.5494566331761329;8.201763379126512E-4;0.09956940742259586;39;7.996719294648349E-4;212;0.004346934590937051;26797;0.5494566331761329;40;8.201763379126512E-4;4856;0.09956940742259586;139x7538-NZ-JAJNFU010000004_12184_aligned_93641_R_216_268_105;0.8044821841257035;0.13141241042852364;0.8053883923952798;0.1310641929292561;
377;10;Borreliella burgdorferi CA382;strain;1328311;1;142;10;10;1;10.0;10;1;596;596.0;0.020366598778004074;9.908846293755982;1.0091992249694557;491;139;0.7491166077738516;;0.7491166077738516;;;0.002036659877800407;0.020366598778004074;1.2138492871690427;0.002036659877800407;0.2892057026476578;1;0.002036659877800407;10;0.020366598778004074;596;1.2138492871690427;1;0.002036659877800407;142;0.2892057026476578;139x122022-NZ-PHOL01000001_789918_aligned_34334_R_23_567_8;0.7491166077738516;;0.7491166077738516;;
378;9;Borreliella afzelii;species;29518;34;4235;1774;1773;173;10.254335260115607;105;103;26504;779.5294117647059;0.0018855884886577546;1772.3285330747428;1.0003788614315723;940290;64895;0.8485366209051278;0.12540882790259975;0.8496879070070069;0.12553770395047265;16.93434813607905;3.615905731210584E-5;0.0018866519903434048;0.028187048676472152;1.095406736219677E-4;0.0045039296387284775;35;6.521615450809595E-5;1796;0.0026740762349715553;27531;0.05802868749675401;111;4.071290704922877E-4;4301;0.006421698053663825;390236x55564-NC-017241_20672_aligned_119400_R_0_10085_1;0.8509727575710566;0.12438858851958022;0.8520911497843107;0.12449232600867348;
379;10;Borreliella afzelii PKo;strain;390236;1;66;8;8;3;2.6666666666666665;4;3;1027;1027.0;2.3245677756792097E-4;7.999186448569544;1.000101704271514;34415;29518;0.9338014042126379;;0.9338014042126379;;1.5275252316519468;2.905709719599012E-5;2.3245677756792097E-4;0.029841638820281853;8.717129158797036E-5;0.001917768414935348;1;2.905709719599012E-5;8;2.3245677756792097E-4;1027;0.029841638820281853;3;8.717129158797036E-5;66;0.001917768414935348;476211x23468-NC-011975_2107_aligned_47892_R_282_524_5;0.9338014042126379;;0.9338014042126379;;
380;10;Borreliella afzelii K78;strain;411555;0;0;13;13;4;3.25;5;4;0;;4.976838559013821E-4;12.997014315980918;1.0002297207609758;26121;29518;;;;;1.707825127659933;0.0;4.976838559013821E-4;0.0;1.5313349412350216E-4;0.0;0;0.0;13;4.976838559013821E-4;0;0.0;4;1.5313349412350216E-4;0;0.0;139x110227-NZ-PHQM01000002_8137_aligned_6033_R_140_409_56;;;;;
381;10;Borreliella afzelii Tom3107;strain;1398490;0;0;1;1;1;1.0;1;1;0;;5.7283611158847455E-5;1.0000000000003033;0.9999999999996967;17457;29518;;;;;;0.0;5.7283611158847455E-5;0.0;5.7283611158847455E-5;0.0;0;0.0;1;5.7283611158847455E-5;0;0.0;1;5.7283611158847455E-5;0;0.0;139x131684-NZ-CM135759_437507_aligned_7027_F_4_2321_1;;;;;
382;9;Borreliella garinii;species;29519;110;13043;4839;4674;427;11.33255269320843;145;240;79122;719.290909090909;0.0021439609701859154;4833.634644423733;0.966974201368758;2180077;64895;0.8229951587376703;0.1414332286236594;0.8257464011537348;0.1396951284475512;16.30639564016602;5.0456933401893605E-5;0.002219646370288756;0.036293213496587505;1.1008785469504059E-4;0.005982816203280893;115;8.185096929484501E-4;4893;0.010518059453954964;81863;0.22824013960055295;253;0.0011147009741404282;13320;0.017998244061715622;29519x193717-NZ-JAEIQH010000026_1262_aligned_33965_F_9_3056_281;0.8261189955334625;0.13938516621167826;0.8288435603059499;0.13768485621981902;
383;10;Borreliella garinii PBr;strain;498743;1;11;11;11;1;11.0;11;1;198;198.0;0.007147498375568551;10.964332081399151;1.0032530863107803;1539;29519;0.9345238095238095;;0.9345238095238095;;;6.49772579597141E-4;0.007147498375568551;0.1286549707602339;6.49772579597141E-4;0.007147498375568551;1;6.49772579597141E-4;11;0.007147498375568551;198;0.1286549707602339;1;6.49772579597141E-4;11;0.007147498375568551;139x192706-NZ-JAJNFO010000006_12397_aligned_238967_R_5_112_78;0.9345238095238095;;0.9345238095238095;;
384;10;Borreliella garinii BgVir;strain;1081646;3;243;34;34;9;3.7777777777777777;11;9;2080;693.3333333333334;4.1962357297130516E-4;33.99307712242578;1.0002036555134237;81025;29519;0.8642703328635243;0.03658010599426264;0.8678330938865139;0.04055263547072355;3.3829638550307397;3.7025609379821044E-5;4.1962357297130516E-4;0.025671089170009258;1.1107682813946312E-4;0.0029990743597655043;3;3.7025609379821044E-5;34;4.1962357297130516E-4;2080;0.025671089170009258;9;1.1107682813946312E-4;243;0.0029990743597655043;139x151645-NZ-PHPQ01000001_655291_aligned_36916_F_17_654_226;0.8642703328635243;0.03658010599426264;0.8678330938865139;0.04055263547072355;
385;10;Borreliella garinii IPT108;strain;1408841;1;23;9;9;3;3.0;4;3;463;463.0;7.312911351263509E-4;8.997075389988977;1.000325062299053;12307;29519;0.9468822170900693;;0.9468822170900693;;1.7320508075688772;8.125457056959453E-5;7.312911351263509E-4;0.03762086617372227;2.4376371170878363E-4;0.0018688551231006744;1;8.125457056959453E-5;9;7.312911351263509E-4;463;0.03762086617372227;3;2.4376371170878363E-4;23;0.0018688551231006744;139x73336-NZ-PHQF01000001_183066_aligned_85872_F_3_399_2;0.9468822170900693;;0.9468822170900693;;
386;9;Borreliella japonica;species;34095;45;2152;613;613;137;4.474452554744525;31;135;18623;413.84444444444443;6.580995630562444E-4;612.7986655896641;1.0003285490351748;931470;64895;0.8286261309173015;0.17034435880137205;0.8309413363955508;0.16789286655603125;5.6361233704231015;4.8310734645238174E-5;6.580995630562444E-4;0.019993129139961565;1.4493220393571452E-4;0.00231032668792339;45;4.8310734645238174E-5;613;6.580995630562444E-4;18623;0.019993129139961565;135;1.4493220393571452E-4;2152;0.00231032668792339;139x163430-NZ-PHOD01000001_384430_aligned_56973_F_37_386_0;0.8286261309173015;0.17034435880137205;0.8309413363955508;0.16789286655603125;
387;9;Borreliella andersonii;species;42109;142;12988;7824;7259;550;14.225454545454545;195;308;91883;647.0633802816901;0.007445914799204429;7792.6921885955735;0.9315137598561098;974897;64895;0.8169178164083962;0.16514849666750792;0.8186474114948784;0.16473773021077417;22.575194877246425;1.4565641293387918E-4;0.00802546320277937;0.09424893091270155;3.1593081115235765E-4;0.013322433036515653;142;1.4565641293387918E-4;7824;0.00802546320277937;91883;0.09424893091270155;308;3.1593081115235765E-4;12988;0.013322433036515653;42109x2856-NZ-CP179270_11713_aligned_60463_R_56_719_331;0.8169178164083962;0.16514849666750792;0.8186474114948784;0.16473773021077417;
388;9;Borreliella tanukii;species;56146;31;2658;1051;1051;125;8.408;120;103;15529;500.93548387096774;0.0012645967067543421;1050.3363659391514;1.0006318300330916;831095;64895;0.8186525748280622;0.13199674174879897;0.8278591747062258;0.12448485385955572;14.261439098537368;3.730018830578935E-5;0.0012645967067543421;0.018684987877438802;1.2393288372568718E-4;0.0031981903392512287;31;3.730018830578935E-5;1051;0.0012645967067543421;15529;0.018684987877438802;103;1.2393288372568718E-4;2658;0.0031981903392512287;56146x118422-NZ-CP179581_5117_aligned_25700_R_37_2542_79;0.8186525748280622;0.13199674174879897;0.8278591747062258;0.12448485385955572;
389;9;Borreliella turdi;species;57863;66;4035;934;933;179;5.217877094972067;88;167;32307;489.5;6.659338776908582E-4;933.689077842278;0.9992619836103572;1401040;64895;0.8284672031526843;0.16240563046918421;0.8300817708540388;0.16261229979948885;8.964506413809767;4.7107862730543026E-5;6.666476331867755E-4;0.02305929880660081;1.191971678181922E-4;0.0028800034260263803;66;4.7107862730543026E-5;934;6.666476331867755E-4;32307;0.02305929880660081;167;1.191971678181922E-4;4035;0.0028800034260263803;57863x222544-NZ-QBLM01000005_30627_aligned_1454_F_3_1124_22;0.8284672031526843;0.16240563046918421;0.8300817708540388;0.16261229979948885;
390;9;Borreliella valaisiana;species;62088;50;2872;737;716;155;4.754838709677419;35;147;20340;406.8;6.237238053424209E-4;736.7637880028509;0.9718175779795918;1147944;64895;0.812078706617161;0.20897141209404346;0.8135737448881842;0.20947546924741908;5.702974771121671;4.3556131657990284E-5;6.420173806387768E-4;0.017718634358470448;1.2805502707449143E-4;0.002501864202434962;50;4.3556131657990284E-5;737;6.420173806387768E-4;20340;0.017718634358470448;147;1.2805502707449143E-4;2872;0.002501864202434962;62088x140970-NZ-JAEIPW010000031_383_aligned_175984_F_279_137_175;0.812078706617161;0.20897141209404346;0.8135737448881842;0.20947546924741908;
391;9;Borreliella bissettiae;species;64897;42;2346;526;516;113;4.654867256637168;26;110;19851;472.64285714285717;0.001125536593026908;525.6989355164684;0.9815503991710773;458448;64895;0.8288895633222124;0.1938472655649483;0.8332852950789957;0.18425175604436714;5.258954797540953;9.161344361846928E-5;0.0011473493176979723;0.04330043974452937;2.3993997138170524E-4;0.005117265207831641;47;1.7542169034994766E-4;559;0.0017004837461257296;22300;0.08434971899360748;122;4.410797635372533E-4;2841;0.013414281634248001;139x174888-NZ-CP147298_161336_aligned_30765_F_19_544_137;0.820811600039775;0.19856728622097694;0.8247397007586026;0.19042580315929625;
392;10;Borreliella bissettiae DN127;strain;521010;5;495;33;30;13;2.5384615384615383;13;12;2449;489.8;5.028494803888703E-4;32.99115138179423;0.9093347380581308;59660;64897;0.7529567084673008;0.2486579749461856;0.7529567084673008;0.2486579749461856;3.281650616569468;8.380824673147838E-5;5.531344284277573E-4;0.041049279249078106;2.011397921555481E-4;0.00829701642641636;5;8.380824673147838E-5;33;5.531344284277573E-4;2449;0.041049279249078106;12;2.011397921555481E-4;495;0.00829701642641636;139x155995-NZ-PHON01000017_6829_aligned_54553_F_0_432_6;0.7529567084673008;0.2486579749461856;0.7529567084673008;0.2486579749461856;
393;9;Borreliella sinica;species;87162;31;1479;278;278;87;3.1954022988505746;19;85;19397;625.7096774193549;3.5803057426558654E-4;277.95041863064205;1.0001783820639747;776470;64895;0.8807748464168876;0.12595423770558928;0.881810809728982;0.1253387457438477;3.1946142193842952;3.9924272669903535E-5;3.5803057426558654E-4;0.024981003773487706;1.0946977990134841E-4;0.0019047741702834624;31;3.9924272669903535E-5;278;3.5803057426558654E-4;19397;0.024981003773487706;85;1.0946977990134841E-4;1479;0.0019047741702834624;139x184812-NZ-CM135762_421653_aligned_73920_R_1_1079_4;0.8807748464168876;0.12595423770558928;0.881810809728982;0.1253387457438477;
394;9;Borreliella spielmanii;species;88916;36;3039;524;524;112;4.678571428571429;42;97;24068;668.5555555555555;6.65537116395329E-4;523.8260004982952;1.0003321704183055;787334;64895;0.8530445938452585;0.11014791494758422;0.8548155759286343;0.1086959095420046;6.037740591836607;4.572392402716001E-5;6.65537116395329E-4;0.030568983430157976;1.2320057307318115E-4;0.0038598612532927574;36;4.572392402716001E-5;524;6.65537116395329E-4;24068;0.030568983430157976;97;1.2320057307318115E-4;3039;0.0038598612532927574;498742x163907-NC-012183_12292_aligned_440_F_279_2618_78;0.8530445938452585;0.11014791494758422;0.8548155759286343;0.1086959095420046;
395;9;Borreliella lusitaniae;species;100177;48;2979;515;514;126;4.087301587301587;20;122;22583;470.4791666666667;4.330532529123674E-4;514.88850485378;0.9982743742666536;1186921;64895;0.8304316638197177;0.14136861550546936;0.8345751633539114;0.13695374300446375;3.6573648246131336;4.044077069998761E-5;4.3389576896861714E-4;0.019026540098287924;1.0278695886246853E-4;0.0025098553315679815;48;4.044077069998761E-5;515;4.3389576896861714E-4;22583;0.019026540098287924;122;1.0278695886246853E-4;2979;0.0025098553315679815;476212x156533-NZ-ABGK02000007_12269_aligned_113950_R_117_320_54;0.8304316638197177;0.14136861550546936;0.8345751633539114;0.13695374300446375;
396;9;Borreliella lanei;species;373540;47;2747;640;640;130;4.923076923076923;31;127;19881;423.0;0.0014825796886582653;639.5265490683371;1.0007403147411982;431680;64895;0.79222011024008;0.20071210250646696;0.7988050145301917;0.1985378178750572;6.065042015122382;1.0887694588584137E-4;0.0014825796886582653;0.0460549481097109;2.9419940696812454E-4;0.006363510007412899;47;1.0887694588584137E-4;640;0.0014825796886582653;19881;0.0460549481097109;127;2.9419940696812454E-4;2747;0.006363510007412899;139x61255-NZ-JBTFXX010000012_21923_aligned_144808_R_5_173_0;0.79222011024008;0.20071210250646696;0.7988050145301917;0.1985378178750572;
397;9;Borreliella californiensis;species;373543;48;3378;549;549;142;3.8661971830985915;31;140;22251;463.5625;9.765816086024566E-4;548.7325033992354;1.000487480874757;562165;64895;0.8258988193074134;0.13094938395815583;0.8282920064443035;0.13164148113205337;5.020848552564938;8.538418435868473E-5;9.765816086024566E-4;0.039580905961772786;2.490372043794971E-4;0.006008911974242438;48;8.538418435868473E-5;549;9.765816086024566E-4;22251;0.039580905961772786;140;2.490372043794971E-4;3378;0.006008911974242438;139x44210-NZ-CP147359_902918_aligned_47252_F_30_425_4;0.8258988193074134;0.13094938395815583;0.8282920064443035;0.13164148113205337;
398;9;Borreliella carolinensis;species;478174;72;5762;1620;1604;223;7.26457399103139;58;167;35063;486.9861111111111;0.0026239978013385006;1617.8565770604898;0.9914352253117108;611281;64895;0.7952544466562538;0.18454618186100008;0.7985764900153969;0.18471900250293588;9.67149385559335;1.1778543746656612E-4;0.0026501723429977375;0.057359872137363994;2.731967785682853E-4;0.009426106815032694;72;1.1778543746656612E-4;1620;0.0026501723429977375;35063;0.057359872137363994;167;2.731967785682853E-4;5762;0.009426106815032694;478174x169354-NZ-CP124071_39694_aligned_6760_F_1_7016_4;0.7952544466562538;0.18454618186100008;0.7985764900153969;0.18471900250293588;
399;9;Borreliella americana;species;478807;113;7393;1586;1580;326;4.865030674846626;51;297;53926;477.2212389380531;0.0015491957908938664;1584.7682378563982;0.996991208088037;1019884;64895;0.8384689781357791;0.1330176366706844;0.8401126624383211;0.13206997726496691;6.493561627831123;1.1079691415886513E-4;0.0015550788128846026;0.052874640645406736;2.91209588541442E-4;0.007248863596252123;113;1.1079691415886513E-4;1586;0.0015550788128846026;53926;0.052874640645406736;297;2.91209588541442E-4;7393;0.007248863596252123;478807x46813-NZ-JAJNFF010000046_1132_aligned_25446_R_32_2648_349;0.8384689781357791;0.1330176366706844;0.8401126624383211;0.13206997726496691;
400;9;Borreliella finlandensis;species;498741;97;6280;1650;1648;252;6.5476190476190474;43;240;42192;434.96907216494844;0.00328827255948521;1647.2885018470606;1.0004319207911314;501175;64895;0.8050863961267446;0.17126368569660966;0.8101204090438425;0.16621743518822285;8.38952785175737;1.9354516885319498E-4;0.00329226318152342;0.0841861625180825;4.788746445852247E-4;0.012530553199980046;97;1.9354516885319498E-4;1650;0.00329226318152342;42192;0.0841861625180825;240;4.788746445852247E-4;6280;0.012530553199980046;498741x168859-NZ-CP124070_329085_aligned_79058_F_174_261_6;0.8050863961267446;0.17126368569660966;0.8101204090438425;0.16621743518822285;
401;9;Borreliella bavariensis;species;664662;50;2502;906;902;157;5.770700636942675;41;137;22318;446.36;5.98895032026277E-4;905.7278526347119;0.9958841360306324;1506107;64895;0.8067935239277867;0.20973194308030002;0.8086019893786733;0.21050738096706512;7.3343874051297036;3.319817250699984E-5;6.01550885826837E-4;0.014818336280224446;9.096299266917955E-5;0.0016612365522502717;50;3.319817250699984E-5;906;6.01550885826837E-4;22318;0.014818336280224446;137;9.096299266917955E-5;2502;0.0016612365522502717;664662x93885-NZ-JACGTQ010000009_22965_aligned_136419_R_0_113_0;0.8067935239277867;0.20973194308030002;0.8086019893786733;0.21050738096706512;
402;9;Borreliella yangtzensis;species;683292;52;2443;1129;1119;155;7.283870967741936;60;138;27185;522.7884615384615;9.296436698244643E-4;1128.4711603729002;0.9916070869106035;1203687;64895;0.8113738782181726;0.19426853973905914;0.8122870362159074;0.1941188531618877;11.095661278356589;4.320059949139602E-5;9.379514774189635E-4;0.022584774945646167;1.1464774480408943E-4;0.002029597395336163;52;4.320059949139602E-5;1129;9.379514774189635E-4;27185;0.022584774945646167;138;1.1464774480408943E-4;2443;0.002029597395336163;683292x19528-NZ-CP179651_36452_aligned_147891_F_20_90_584;0.8113738782181726;0.19426853973905914;0.8122870362159074;0.1941188531618877;
403;9;Borreliella kurtenbachii;species;1196056;39;3258;457;457;110;4.154545454545454;31;108;22908;587.3846153846154;0.0011498041307405292;456.73794465589174;1.0005737542658202;397459;64895;0.8375645888343529;0.1206796233246764;0.8385164923020403;0.12062962478643496;5.16371668229185;9.812332844394013E-5;0.0011498041307405292;0.05763613353830206;2.7172614030629574E-4;0.008197071899239922;39;9.812332844394013E-5;457;0.0011498041307405292;22908;0.05763613353830206;108;2.7172614030629574E-4;3258;0.008197071899239922;139x45972-NZ-CP031412_41606_aligned_11184_F_0_650_0;0.8375645888343529;0.1206796233246764;0.8385164923020403;0.12062962478643496;
404;9;Borreliella mayonii;species;1674146;54;2785;650;649;152;4.276315789473684;27;146;25154;465.81481481481484;0.0012253814448172408;649.6019133803832;0.9990734119343169;529631;64895;0.8691526257981779;0.09518770300199232;0.8716245497149877;0.09359427480757795;4.838035516736726;1.0195777815120339E-4;0.0012272695518200408;0.047493443548432775;2.7566362240880916E-4;0.005258378002798174;54;1.0195777815120339E-4;650;0.0012272695518200408;25154;0.047493443548432775;146;2.7566362240880916E-4;2785;0.005258378002798174;139x214077-NZ-CP179369_5750_aligned_190556_F_277_138_35;0.8691526257981779;0.09518770300199232;0.8716245497149877;0.09359427480757795;
405;9;Candidatus Borreliella tachyglossi;species;1964448;1;128;16;16;7;2.2857142857142856;4;6;451;451.0;1.2625405788432919E-5;15.999905310859695;1.0000059181062928;1267286;64895;0.6959619952494062;;0.6959619952494062;;1.1126972805283737;7.890878617770574E-7;1.2625405788432919E-5;3.558786256614529E-4;4.7345271706623444E-6;1.0100324630746335E-4;1;7.890878617770574E-7;16;1.2625405788432919E-5;451;3.558786256614529E-4;6;4.7345271706623444E-6;128;1.0100324630746335E-4;139x52956-NZ-PHOO01000001_731413_aligned_67506_F_4_860_1;0.6959619952494062;;0.6959619952494062;;
406;4;PVC group;clade;1783257;0;0;0;0;0;;0;0;0;;0.0;0.0;;321;3379134;;;;;;0.0;0.0;0.0;0.0;0.0;372;3.1813875430049206E-4;18947;0.015728959074019055;250972;0.21619007565794626;380;4.7537394626880037E-4;39905;0.03445338584954878;;0.8189745992026307;0.1360049513641668;0.818979626549883;0.13600151098897348;
407;5;Chlamydiota;phylum;204428;0;0;0;0;0;;0;0;0;;;0.0;;0;1783257;;;;;;;;;;;372;3.1813875430049206E-4;18947;0.015728959074019055;250972;0.21619007565794626;380;4.7537394626880037E-4;39905;0.03445338584954878;;0.8189745992026307;0.1360049513641668;0.818979626549883;0.13600151098897348;
408;6;Chlamydiia;class;204429;0;0;0;0;0;;0;0;0;;0.0;0.0;;1701;204428;;;;;;0.0;0.0;0.0;0.0;0.0;372;3.1813875430049206E-4;18947;0.015728959074019055;250972;0.21619007565794626;380;4.7537394626880037E-4;39905;0.03445338584954878;;0.8189745992026307;0.1360049513641668;0.818979626549883;0.13600151098897348;
409;7;Chlamydiales;order;51291;0;0;0;0;0;;0;0;0;;0.0;0.0;;1052;204429;;;;;;0.0;0.0;0.0;0.0;0.0;372;3.1813875430049206E-4;18947;0.015728959074019055;250972;0.21619007565794626;380;4.7537394626880037E-4;39905;0.03445338584954878;;0.8189745992026307;0.1360049513641668;0.818979626549883;0.13600151098897348;
410;8;Chlamydiaceae;family;809;0;0;0;0;0;;0;0;0;;0.0;0.0;;3216;51291;;;;;;0.0;0.0;0.0;0.0;0.0;372;3.1813875430049206E-4;18947;0.015728959074019055;250972;0.21619007565794626;380;4.7537394626880037E-4;39905;0.03445338584954878;;0.8189745992026307;0.1360049513641668;0.818979626549883;0.13600151098897348;
411;9;Chlamydia/Chlamydophila group;no rank;1113537;0;0;0;0;0;;0;0;0;;;0.0;;0;809;;;;;;;;;;;372;3.1813875430049206E-4;18947;0.015728959074019055;250972;0.21619007565794626;380;4.7537394626880037E-4;39905;0.03445338584954878;;0.8189745992026307;0.1360049513641668;0.818979626549883;0.13600151098897348;
412;10;Chlamydia;genus;810;0;0;1785;1785;66;27.045454545454547;150;4;0;;4.2606343404263545E-4;1784.6200049252268;1.0002129277233947;4189517;1113537;;;;;34.228837063407326;0.0;4.2606343404263545E-4;0.0;9.547639978546453E-7;0.0;372;3.1813875430049206E-4;18947;0.015728959074019055;250972;0.21619007565794626;380;4.7537394626880037E-4;39905;0.03445338584954878;1112255x55098-NZ-KE353613_5309_aligned_7852_F_9_1772_228;0.8189745992026307;0.1360049513641668;0.818979626549883;0.13600151098897348;
413;11;Chlamydia trachomatis;species;813;1;255;31;31;2;15.5;22;1;2064;2064.0;1.9485788888448887E-5;30.999707714102737;1.00000942866623;1590903;810;0.8746312684365781;;0.8746312684365781;;9.192388155425117;6.285738351112545E-7;1.9485788888448887E-5;0.001297376395669629;6.285738351112545E-7;1.6028632795336988E-4;1;6.285738351112545E-7;31;1.9485788888448887E-5;2064;0.001297376395669629;1;6.285738351112545E-7;255;1.6028632795336988E-4;813x231114-NZ-CP015296_851182_aligned_7501_F_4_1944_42;0.8746312684365781;;0.8746312684365781;;
414;11;Chlamydia psittaci;species;83554;1;566;21;21;5;4.2;14;3;2393;2393.0;3.378117519882635E-5;20.999662191502864;1.0000160863776786;621648;810;0.7592044011849344;;0.7604739737621667;;5.540758070878027;1.6086273904203022E-6;3.378117519882635E-5;0.003849445345275783;4.825882171260906E-6;9.10483102977891E-4;1;1.6086273904203022E-6;25;6.438162522157549E-4;2393;0.003849445345275783;4;1.5733465142549302E-4;566;9.10483102977891E-4;83554x152758-NZ-JAKGCM010000005_30451_aligned_25217_F_43_2279_36;0.7592044011849344;;0.7604739737621667;;
415;12;Chlamydia psittaci 02DC23;strain;1112259;0;0;4;4;1;4.0;4;1;0;;6.100350770169285E-4;3.9990850404162304;1.0002287922298532;6557;83554;;;;;;0.0;6.100350770169285E-4;0.0;1.5250876925423213E-4;0.0;0;0.0;4;6.100350770169285E-4;0;0.0;1;1.5250876925423213E-4;0;0.0;1268837x5486-NZ-LAOQ01000030_684_aligned_95193_F_53_147_315;;;;;
416;11;Chlamydia abortus;species;83555;4;1019;29;28;5;5.8;20;5;2756;689.0;1.5523310190665058E-5;28.999774915482416;0.9655247353334231;1803739;810;0.48505335816675876;0.31802674468393416;0.48520350831690895;0.31813363377919157;7.981227975693966;2.2176157415235794E-6;1.607771412604595E-5;0.0015279372459097464;2.7720196769044746E-6;5.64937610153132E-4;4;2.2176157415235794E-6;29;1.607771412604595E-5;2756;0.0015279372459097464;5;2.7720196769044746E-6;1019;5.64937610153132E-4;83555x228225-NZ-FPLU01000003_19_aligned_150548_R_2_93_0;0.48505335816675876;0.31802674468393416;0.48520350831690895;0.31813363377919157;
417;11;Chlamydia suis;species;83559;1;5;5;5;1;5.0;5;1;378;378.0;1.814507275992726E-6;4.99999637135544;1.0000007257294388;2755569;810;0.985632183908046;;0.985632183908046;;;3.629014551985452E-7;1.814507275992726E-6;1.3717675006505008E-4;3.629014551985452E-7;1.814507275992726E-6;1;3.629014551985452E-7;5;1.814507275992726E-6;378;1.3717675006505008E-4;1;3.629014551985452E-7;5;1.814507275992726E-6;83559x60890-NZ-JASNNH010000001_176005_aligned_227996_F_237_71_70;0.985632183908046;;0.985632183908046;;
418;11;Chlamydia muridarum;species;83560;1;318;318;318;11;28.90909090909091;175;1;1687;1687.0;3.099714299917828E-4;317.9508745674366;1.0001545063608654;1025901;810;0.8080869040434521;;0.8080869040434521;;49.81055017856065;9.747529245024617E-7;3.099714299917828E-4;0.0016444081836356529;9.747529245024617E-7;3.099714299917828E-4;1;9.747529245024617E-7;318;3.099714299917828E-4;1687;0.0016444081836356529;1;9.747529245024617E-7;318;3.099714299917828E-4;243161x119988-NZ-CP027216_305268_aligned_74123_F_3_1592_130;0.8080869040434521;;0.8080869040434521;;
419;11;Chlamydia ibidis;species;1405396;361;36726;16221;1420;783;20.71647509578544;237;361;235833;653.2770083102494;0.0012166367362605728;16108.808048780127;0.08815053203812509;1167152;810;0.8218721014981842;0.12951675658718934;0.8218721014981842;0.12951675658718934;23.352329124494226;3.092999026690611E-4;0.013897932745692078;0.20205851508629552;3.092999026690611E-4;0.031466338574581545;361;3.092999026690611E-4;16221;0.013897932745692078;235833;0.20205851508629552;361;3.092999026690611E-4;36726;0.031466338574581545;1405396x176908-NZ-KE360179_976_aligned_5206_F_0_956_2;0.8218721014981842;0.12951675658718934;0.8218721014981842;0.12951675658718934;
420;11;Chlamydia avium;species;1457141;1;1;1;1;1;1.0;1;1;452;452.0;9.758153913410045E-7;1.0000000000396518;0.9999999999603482;1024784;810;0.9976303317535545;;0.9976303317535545;;;9.758153913410045E-7;9.758153913410045E-7;4.410685568861341E-4;9.758153913410045E-7;9.758153913410045E-7;1;9.758153913410045E-7;1;9.758153913410045E-7;452;4.410685568861341E-4;1;9.758153913410045E-7;1;9.758153913410045E-7;1359157x98494-NZ-LAOD01000043_890_aligned_49143_F_4_450_0;0.9976303317535545;;0.9976303317535545;;
421;11;Chlamydia buteonis;species;2494525;1;484;1;1;1;1.0;1;1;2002;2002.0;1.2955633433307639E-6;1.0000000000412528;0.9999999999587472;771865;810;0.7545638945233266;;0.7545638945233266;;;1.2955633433307639E-6;1.2955633433307639E-6;0.0025937178133481893;1.2955633433307639E-6;6.270526581720897E-4;1;1.2955633433307639E-6;1;1.2955633433307639E-6;2002;0.0025937178133481893;1;1.2955633433307639E-6;484;6.270526581720897E-4;1112255x55098-NZ-KE353613_5309_aligned_7852_F_9_1772_228;0.7545638945233266;;0.7545638945233266;;
422;11;Chlamydia vaughanii;species;3112552;1;531;531;531;24;22.125;117;1;3407;3407.0;4.115258230516461E-4;530.8909605882149;1.0002053894676683;1290320;810;0.842759846017175;;0.842759846017175;;26.870563334493816;7.750015500031E-7;4.115258230516461E-4;0.002640430280860562;7.750015500031E-7;4.115258230516461E-4;1;7.750015500031E-7;531;4.115258230516461E-4;3407;0.002640430280860562;1;7.750015500031E-7;531;4.115258230516461E-4;3112552x23012-NZ-CAXIED020000001_1108425_aligned_30489_F_48_3213_69;0.842759846017175;;0.842759846017175;;
