pos;level;name;rank;taxid;reads;kmers from reads;kmers;unique kmers;contigs;average contig length;max contig length;reads >=1 kmer;reads bps;avg. read length;db coverage;exp. unique kmers;unique kmers / exp.;db kmers;parent taxid;mean error;kmer error std. dev.;mean class error;class error std. dev.;contig len std. dev.;norm. reads;norm. kmers;norm. reads bps;norm. read >=1 kmer;norm. reads kmers;acc. reads;acc. norm. reads;acc. kmers;acc. norm. kmers;acc. reads bps;acc. norm. reads bps;acc. read >=1 kmer;acc. norm. read >=1 kmer;acc. reads kmers;acc. norm. reads kmers;max contig desc.;acc. mean error;acc. error std. dev.;acc. class mean error;acc. class error std. dev.;
0;0;TOTAL;;;143819;0;579304700;0;0;;0;0;628010930;4366.67568262886;;;;524530554;;;;;;;;;;;;;;;;;;;;;;;;;;;
1;0;root;no rank;1;0;0;0;0;0;;0;0;0;;0.0;0.0;;2945;;;;;;;0.0;0.0;0.0;0.0;0.0;109384;0.5067798819760876;4100797;14.397746682771228;54070704;255.05693045458037;164171;0.7763936471176385;4093773;21.054982560345405;;0.9165267172881879;0.07039439427296393;0.9166318132392337;0.07034212323308046;
2;1;cellular organisms;cellular root;131567;25539;719068;1246274;67596;96641;12.895913742614418;197;50177;11107140;434.9089627628333;0.5168206006483577;130782.48703458441;0.5168581935754499;130792;1;0.9271653322473897;0.06736709230567035;0.9271653322473897;0.06736709230567035;14.273634836724746;0.19526423634473056;9.528671478377882;84.9221664933635;0.3836396721512019;5.4977980304605785;109384;0.5067798819760876;4100797;14.397746682771228;54070704;255.05693045458037;164171;0.7763936471176385;4093773;21.054982560345405;1359166x125599-NZ-LAOH01000013_2706_aligned_96378_R_122_319_2;0.9165267172881879;0.07039439427296393;0.9166318132392337;0.07034212323308046;
3;2;Bacteria;domain;2;836;34003;35981;10478;3507;10.25976618192187;104;2031;471554;564.0598086124402;0.007322136990628251;35532.42846001199;0.29488555818220774;1431003;131567;0.9224948756718555;0.059893362557423724;0.9224948756718555;0.059893362557423724;11.545642861440545;5.842056236080568E-4;0.025143902563446757;0.3295269122426717;0.0014192842363013915;0.023761655286536787;83845;0.3115156456313568;2854523;4.869075204393346;42963564;170.13476396121683;113994;0.39275397496643605;3374705;15.557184529884827;29519x235571-NZ-JAEIPN010000064_2794_aligned_98339_R_36_319_34;0.9132862188989805;0.07097521942901852;0.9134233268423192;0.07091381221783058;
4;3;Bacillati;kingdom;1783272;1;27;97;69;12;8.083333333333334;34;9;176;176.0;2.9237783691249E-4;96.98027349903018;0.7114848980157806;235996;2;0.815068493150685;;0.815068493150685;;10.022323567764598;4.237359955253479E-6;4.1102391565958743E-4;7.457753521246123E-4;3.813623959728131E-5;1.1440871879184392E-4;71;2.1163496224551134E-4;10452;0.014124231144631936;116714;0.3047411509796389;123;4.518810742740701E-4;11029;0.03458015482589914;2104x178739-NZ-JBLTZR010000055_1049_aligned_3808_F_67_523_2;0.8928616090002816;0.06931100887066635;0.8929883939979327;0.06929190100890022;
5;4;Mycoplasmatota;phylum;544448;1;16;109;109;21;5.190476190476191;11;14;123;123.0;1.6423057973394647E-4;108.99113202610988;1.0000813641782158;663701;1783272;0.8279569892473119;;0.8279569892473119;;3.1877742645778353;1.5067025663664812E-6;1.6423057973394647E-4;1.853244156630772E-4;2.109383592913074E-5;2.41072410618637E-5;70;2.0739760229025785E-4;10355;0.013713207228972346;116538;0.3039953756275143;114;4.137448346767887E-4;11002;0.0344657461071073;3401672x163545-NZ-JBLVZV010000005_11017_aligned_24095_R_53_1417_70;0.8939729392267043;0.06917137862408906;0.8941015354386077;0.069149856315272;
6;5;Mollicutes;class;31969;0;0;3;3;1;3.0;3;1;0;;5.7064597123944306E-5;2.9999429357666374;1.0000190217729419;52572;544448;;;;;;0.0;5.7064597123944306E-5;0.0;1.9021532374648102E-5;0.0;32;1.7410041536746428E-4;3521;0.007600341755926208;36244;0.23726420403435824;53;2.372460122005582E-4;3570;0.028203662968903496;47466x124347-NZ-CP114690_472335_aligned_13172_F_260_356_82;0.8790396694033837;0.08645730659882804;0.8792475792167269;0.08645040377491563;
7;6;Mycoplasmatales;order;2085;0;0;0;0;0;;0;0;0;;0.0;0.0;;241;31969;;;;;;0.0;0.0;0.0;0.0;0.0;32;1.7410041536746428E-4;3518;0.007543277158802263;36244;0.23726420403435824;52;2.1822447982591006E-4;3570;0.028203662968903496;;0.8790396694033837;0.08645730659882804;0.8792475792167269;0.08645040377491563;
8;7;Mycoplasmataceae;family;2092;0;0;0;0;0;;0;0;0;;0.0;0.0;;1514;2085;;;;;;0.0;0.0;0.0;0.0;0.0;32;1.7410041536746428E-4;3518;0.007543277158802263;36244;0.23726420403435824;52;2.1822447982591006E-4;3570;0.028203662968903496;;0.8790396694033837;0.08645730659882804;0.8792475792167269;0.08645040377491563;
9;8;Mycoplasma;genus;2093;1;22;326;326;28;11.642857142857142;44;7;116;116.0;1.4361018381222484E-4;325.9766644173394;1.0000715866661876;2270034;2092;0.7441860465116279;;0.7441860465116279;;11.885921599738586;4.405220362338185E-7;1.4361018381222484E-4;5.110055620312295E-5;3.0836542536367297E-6;9.691484797144008E-6;32;1.7410041536746428E-4;3518;0.007543277158802263;36244;0.23726420403435824;52;2.1822447982591006E-4;3570;0.028203662968903496;398174x232359-NZ-JANSFS010000009_2827_aligned_52694_F_115_4302_42;0.8790396694033837;0.08645730659882804;0.8792475792167269;0.08645040377491563;
10;9;Mycoplasma leonicaptivi;species;36742;0;0;0;0;0;;0;0;0;;;0.0;;0;2093;;;;;;;;;;;0;0.0;1;1.1834403557895085E-6;0;0.0;1;1.1834403557895085E-6;0;0.0;;;;;;
11;10;Mycoplasma leonicaptivi ATCC 49890;strain;1448135;0;0;1;1;1;1.0;1;1;0;;1.1834403557895085E-6;1.000000000028362;0.999999999971638;844994;36742;;;;;;0.0;1.1834403557895085E-6;0.0;1.1834403557895085E-6;0.0;0;0.0;1;1.1834403557895085E-6;0;0.0;1;1.1834403557895085E-6;0;0.0;3568888x56552-NZ-JBTKTI010000003_25334_aligned_18370_R_22_5426_53;;;;;
12;9;Mycoplasma zalophidermidis;species;398174;1;293;101;101;8;12.625;29;1;4315;4315.0;1.192787532654035E-4;100.99403629831684;1.0000590500380195;846756;2093;0.9316219369894982;;0.9316219369894982;;10.459957661755343;1.1809777551030048E-6;1.192787532654035E-4;0.005095919013269466;1.1809777551030048E-6;3.460264822451804E-4;1;1.1809777551030048E-6;101;1.192787532654035E-4;4315;0.005095919013269466;1;1.1809777551030048E-6;293;3.460264822451804E-4;398174x232359-NZ-JANSFS010000009_2827_aligned_52694_F_115_4302_42;0.9316219369894982;;0.9316219369894982;;
13;9;Mycoplasma mycoides group;species group;656088;1;17;22;22;2;11.0;17;2;234;234.0;2.9603793591586062E-5;21.999689162297305;1.0000141291861173;743148;2093;0.9166666666666666;;0.9166666666666666;;8.48528137423857;1.34562698143573E-6;2.9603793591586062E-5;3.1487671365596084E-4;2.69125396287146E-6;2.2875658684407413E-5;7;6.479303835828761E-6;167;1.6285862671261848E-4;1319;0.0012607954681317156;8;7.82493081726449E-6;196;1.8825524165757152E-4;40477x172069-NZ-CP068548_955430_aligned_119871_F_140_95_0;0.8328713833856813;0.08102094103756048;0.8328713833856813;0.08102094103756048;
14;10;Mycoplasma mycoides;species;2102;5;172;138;138;6;23.0;63;5;937;187.4;1.303886905762991E-4;137.9910687568858;1.0000647233418414;1058374;656088;0.7945510101862816;0.057879602477729844;0.7945510101862816;0.057879602477729844;21.531372459738837;4.724227919431128E-6;1.303886905762991E-4;8.853203121013932E-4;4.724227919431128E-6;1.625134404284308E-4;6;5.133676854393031E-6;145;1.3325483312103242E-4;1085;9.459187544757549E-4;6;5.133676854393031E-6;179;1.653795829731641E-4;40477x172069-NZ-CP068548_509423_aligned_100870_F_135_129_62;0.8189055028388504;0.07898662279505529;0.8189055028388504;0.07898662279505529;
15;11;Mycoplasma mycoides subsp. capri;subspecies;40477;1;7;7;7;1;7.0;7;1;148;148.0;2.8661425447333198E-6;6.999991401842363;1.0000012283097426;2442307;2102;0.940677966101695;;0.940677966101695;;;4.0944893496190285E-7;2.8661425447333198E-6;6.059844237436162E-5;4.0944893496190285E-7;2.8661425447333198E-6;1;4.0944893496190285E-7;7;2.8661425447333198E-6;148;6.059844237436162E-5;1;4.0944893496190285E-7;7;2.8661425447333198E-6;40477x172069-NZ-CP068548_1209700_aligned_85646_F_64_69_14;0.940677966101695;;0.940677966101695;;
16;9;Mycoplasma todarodis;species;1937191;1;29;29;29;4;7.25;14;1;1149;1149.0;1.6080879058481167E-5;28.999774870671644;1.000007763140554;1803384;2093;0.9740840035746202;;0.9740840035746202;;6.701989754294367;5.545130709821092E-7;1.6080879058481167E-5;6.371355185584434E-4;5.545130709821092E-7;1.6080879058481167E-5;1;5.545130709821092E-7;29;1.6080879058481167E-5;1149;6.371355185584434E-4;1;5.545130709821092E-7;29;1.6080879058481167E-5;1937191x136238-NZ-PSZP01000058_2676_aligned_4982_F_76_1019_60;0.9740840035746202;;0.9740840035746202;;
17;9;unclassified Asterococcus (in: mycoplasmas, genus);no rank;2683645;13;565;1829;1829;124;14.75;111;21;7696;592.0;1.3059604778801426E-4;1828.88063960532;1.000065264179682;14005018;2093;0.8984953896537545;0.10554711561770012;0.8984953896537545;0.10554711561770012;16.483855121748576;9.282387212926109E-7;1.3059604778801426E-4;5.495173230052257E-4;1.4994625497803717E-6;4.0342682886948094E-5;19;1.6326309701907468E-4;2482;0.006790499278207056;25076;0.22714545473883824;31;2.0221496192289234E-4;2611;0.027328416464067383;3568888x56552-NZ-JBTKTI010000003_25334_aligned_18370_R_22_5426_53;0.8938908452356905;0.08671202258697357;0.8942410091318473;0.0866365293239164;
18;10;Mycoplasma sp. CSL7503-lung;species;536372;1;286;262;262;19;13.789473684210526;48;1;2768;2768.0;3.8433046552394367E-4;261.94985125352395;1.0001914440731159;681705;2683645;0.8955441928414901;;0.8955441928414901;;12.946809763062701;1.46691017375551E-6;3.8433046552394367E-4;0.004060407360955252;1.46691017375551E-6;4.1953630969407586E-4;1;1.46691017375551E-6;262;3.8433046552394367E-4;2768;0.004060407360955252;1;1.46691017375551E-6;286;4.1953630969407586E-4;536372x80615-NZ-JAOPHP010000011_12055_aligned_5728_R_68_2750_2;0.8955441928414901;;0.8955441928414901;;
19;10;Mycoplasma sp. 'Moose RK';species;2780095;0;0;1;1;1;1.0;1;1;0;;1.2103753373921253E-6;1.0000000000077758;0.9999999999922242;826190;2683645;;;;;;0.0;1.2103753373921253E-6;0.0;1.2103753373921253E-6;0.0;0;0.0;1;1.2103753373921253E-6;0;0.0;1;1.2103753373921253E-6;0;0.0;29559x54311-NZ-JAQRAP010000046_4276_aligned_1332_F_63_2138_0;;;;;
20;10;Mycoplasma sp. 1018B;species;2967302;0;0;1;1;1;1.0;1;1;0;;4.508363013389838E-6;0.9999999999924447;1.0000000000075553;221810;2683645;;;;;;0.0;4.508363013389838E-6;0.0;4.508363013389838E-6;0.0;0;0.0;1;4.508363013389838E-6;0;0.0;1;4.508363013389838E-6;0;0.0;47466x43307-NZ-CP114624_85854_aligned_11223_R_85_547_1;;;;;
21;10;Mycoplasma sp. Z407A;species;3401678;1;361;59;59;3;19.666666666666668;31;1;2941;2941.0;0.0011334601271780684;58.96714165126696;1.0005572314989823;52053;2683645;0.8759876331157678;;0.8759876331157678;;10.5987420637231;1.921118859623845E-5;0.0011334601271780684;0.05650010566153728;1.921118859623845E-5;0.00693523908324208;1;1.921118859623845E-5;59;0.0011334601271780684;2941;0.05650010566153728;1;1.921118859623845E-5;361;0.00693523908324208;3401678x205487-NZ-JBLWAB010000010_6580_aligned_1062_R_127_2818_3;0.8759876331157678;;0.8759876331157678;;
22;10;Mycoplasma sp. 1012;species;3452156;1;214;68;68;9;7.555555555555555;21;1;2061;2061.0;4.3903257879989154E-4;67.98529449716145;1.0002163041720613;154886;2683645;0.8946331856228459;;0.8946331856228459;;7.6175965880176255;6.4563614529395815E-6;4.3903257879989154E-4;0.013306560954508478;6.4563614529395815E-6;0.0013816613509290705;1;6.4563614529395815E-6;68;4.3903257879989154E-4;2061;0.013306560954508478;1;6.4563614529395815E-6;214;0.0013816613509290705;3452156x172269-NZ-JBTGVG010000018_19814_aligned_3926_F_70_2041_1;0.8946331856228459;;0.8946331856228459;;
23;10;Mycoplasma sp. 773;species;3458462;1;516;92;92;7;13.142857142857142;30;1;3967;3967.0;0.0020588103656626238;91.90638698642181;1.0010185691837938;44686;2683645;0.8689357378714757;;0.8689357378714757;;9.191092996819828;2.2378373539811128E-5;0.0020588103656626238;0.08877500783243074;2.2378373539811128E-5;0.011547240746542542;1;2.2378373539811128E-5;92;0.0020588103656626238;3967;0.08877500783243074;1;2.2378373539811128E-5;516;0.011547240746542542;3458462x143383-NZ-JBSQAV010000008_19927_aligned_6072_R_110_3891_14;0.8689357378714757;;0.8689357378714757;;
24;10;Mycoplasma sp. 128;species;3458463;1;18;10;10;1;10.0;10;1;202;202.0;0.001049648367796788;9.995277904217277;1.0004724326655021;9527;2683645;0.8953488372093024;;0.8953488372093024;;;1.0496483677967881E-4;0.001049648367796788;0.02120289702949512;1.0496483677967881E-4;0.0018893670620342186;1;1.0496483677967881E-4;10;0.001049648367796788;202;0.02120289702949512;1;1.0496483677967881E-4;18;0.0018893670620342186;3458463x7971-NZ-JBSQBH010000002_79447_aligned_133606_R_65_90_42;0.8953488372093024;;0.8953488372093024;;
25;10;Mycoplasma sp. HF14;species;3568888;1;651;125;125;12;10.416666666666666;31;1;5441;5441.0;9.821484694198252E-4;124.93912640586939;1.00048722602664;127272;2683645;0.8730364073184255;;0.8796895213454075;;9.83923808333786;7.857187755358601E-6;9.821484694198252E-4;0.04275095857690615;7.857187755358601E-6;0.00511502922873845;1;7.857187755358601E-6;125;9.821484694198252E-4;5441;0.04275095857690615;1;7.857187755358601E-6;651;0.00511502922873845;3568888x56552-NZ-JBTKTI010000003_25334_aligned_18370_R_22_5426_53;0.8730364073184255;;0.8796895213454075;;
26;10;Mycoplasma sp. VS1572C;species;3568892;0;0;31;31;1;31.0;31;1;0;;5.466408040909893E-4;30.991801785417685;1.0002645284917306;56710;2683645;;;;;;0.0;5.466408040909893E-4;0.0;1.7633574325515784E-5;0.0;0;0.0;31;5.466408040909893E-4;0;0.0;1;1.7633574325515784E-5;0;0.0;3568888x56552-NZ-JBTKTI010000003_25334_aligned_18370_R_22_5426_53;;;;;
27;10;Mycoplasma sp. Z1473D;species;3568895;0;0;4;4;1;4.0;4;1;0;;6.0113313596128705E-5;3.9999098309384036;1.0000225427735643;66541;2683645;;;;;;0.0;6.0113313596128705E-5;0.0;1.5028328399032176E-5;0.0;0;0.0;4;6.0113313596128705E-5;0;0.0;1;1.5028328399032176E-5;0;0.0;3568888x56552-NZ-JBTKTI010000003_25334_aligned_18370_R_22_5426_53;;;;;
28;9;Mycoplasma bradburyae;species;2963128;1;63;63;63;7;9.0;25;1;1510;1510.0;3.891418310790903E-5;62.99879367221874;1.0000191484266752;1618947;2093;0.9574324324324325;;0.9574324324324325;;8.621678104251709;6.176854461572861E-7;3.891418310790903E-5;9.327050236975021E-4;6.176854461572861E-7;3.891418310790903E-5;1;6.176854461572861E-7;63;3.891418310790903E-5;1510;9.327050236975021E-4;1;6.176854461572861E-7;63;3.891418310790903E-5;2963128x220677-NZ-JAJHZN010000029_612_aligned_11354_F_63_1498_3;0.9574324324324325;;0.9574324324324325;;
29;9;Mycoplasma phocimorsus;species;3045839;1;334;327;327;23;14.217391304347826;61;1;2593;2593.0;2.5349131966650773E-4;326.95868436389327;1.0001263634767406;1289985;2093;0.8696839641045649;;0.8696839641045649;;15.960053889573894;7.752028124358035E-7;2.5349131966650773E-4;0.0020101008926460386;7.752028124358035E-7;2.5891773935355836E-4;1;7.752028124358035E-7;327;2.5349131966650773E-4;2593;0.0020101008926460386;1;7.752028124358035E-7;334;2.5891773935355836E-4;3045839x100825-NZ-JASEJW010000032_11002_aligned_4834_F_72_2560_0;0.8696839641045649;;0.8696839641045649;;
30;9;Candidatus Mycoplasma pogonae;species;3472838;1;22;22;22;1;22.0;22;1;166;166.0;1.7360494616273886E-5;21.999817715244873;1.0000082857393404;1267245;2093;0.8382352941176471;;0.8382352941176471;;;7.89113391648813E-7;1.7360494616273886E-5;1.3099282301370295E-4;7.89113391648813E-7;1.7360494616273886E-5;1;7.89113391648813E-7;22;1.7360494616273886E-5;166;1.3099282301370295E-4;1;7.89113391648813E-7;22;1.7360494616273886E-5;3472838x164245-NZ-JBSWZS010000002_6219_aligned_124391_R_63_94_7;0.8382352941176471;;0.8382352941176471;;
31;5;Mycoplasmoidales;order;2790996;0;0;0;0;0;;0;0;0;;0.0;0.0;;51948;544448;;;;;;0.0;0.0;0.0;0.0;0.0;37;3.179048435642715E-5;6725;0.005948634893312191;80171;0.06654584717749301;47;1.5540498654709967E-4;7416;0.00623797589714193;;0.9086724144787491;0.04682506026377801;0.9087358907167558;0.04681345279846816;
32;6;Mycoplasmoidaceae;family;2790998;0;0;0;0;0;;0;0;0;;0.0;0.0;;2088;2790996;;;;;;0.0;0.0;0.0;0.0;0.0;28;2.6569265670759276E-5;3488;0.0036445028717070308;45426;0.045432724532550955;31;9.507805763239435E-5;4113;0.0041603501338587905;;0.9079569342689859;0.05023281998776651;0.9080150062782774;0.05023494210261483;
33;7;Malacoplasma;genus;2791001;0;0;0;0;0;;0;0;0;;0.0;0.0;;3325;2790998;;;;;;0.0;0.0;0.0;0.0;0.0;4;2.30372016250442E-6;40;2.3037201625044202E-5;930;5.356149377822777E-4;4;2.30372016250442E-6;40;2.3037201625044202E-5;;0.9469036072055312;0.018127630356188664;0.9469036072055312;0.018127630356188664;
34;8;Malacoplasma iowae;species;2116;4;40;40;40;4;10.0;11;4;930;232.5;2.3037201625044202E-5;39.9995507801553;1.0000112306222428;1736322;2791001;0.9469036072055312;0.018127630356188664;0.9469036072055312;0.018127630356188664;0.816496580927726;2.30372016250442E-6;2.3037201625044202E-5;5.356149377822777E-4;2.30372016250442E-6;2.3037201625044202E-5;4;2.30372016250442E-6;40;2.3037201625044202E-5;930;5.356149377822777E-4;4;2.30372016250442E-6;40;2.3037201625044202E-5;1394179x106106-NZ-AWQU01000079_34531_aligned_88351_R_67_90_57;0.9469036072055312;0.018127630356188664;0.9469036072055312;0.018127630356188664;
35;7;Mycoplasmoides;genus;2995234;0;0;6;6;3;2.0;4;3;0;;1.3701758392327016E-4;5.999657466479044;1.0000570921794902;43790;2790998;;;;;1.7320508075688772;0.0;1.3701758392327016E-4;0.0;6.850879196163508E-5;0.0;24;2.4265545508254856E-5;3448;0.0036214656700819864;44496;0.044897109594768676;27;9.277433746988994E-5;4073;0.0041373129322337466;2104x213296-NZ-BLGP01000048_3110_aligned_50258_F_68_4484_4;0.9014658221128949;0.05110332344297003;0.9015335727904018;0.05111474407420323;
36;8;Mycoplasmoides gallisepticum;species;2096;1;137;136;136;13;10.461538461538462;28;1;2009;2009.0;6.080840300590244E-5;135.9958955075165;1.0000301810026557;2236533;2995234;0.9307731177362304;;0.9307731177362304;;7.287150616157464;4.4712061033751795E-7;6.080840300590244E-5;8.982653061680735E-4;4.4712061033751795E-7;6.125552361623996E-5;1;4.4712061033751795E-7;136;6.080840300590244E-5;2009;8.982653061680735E-4;1;4.4712061033751795E-7;137;6.125552361623996E-5;2096x42570-NZ-MAFU01000024_15937_aligned_17089_R_63_2020_3;0.9307731177362304;;0.9307731177362304;;
37;8;Mycoplasmoides pneumoniae;species;2104;23;3936;3306;3288;189;17.49206349206349;112;23;42487;1847.2608695652175;0.0034049991767109654;3300.348882589083;0.996258309945888;965639;2995234;0.900191591868402;0.05186055626733431;0.9002622882275396;0.05187413510778928;19.350248513336002;2.3818424897917338E-5;0.003423639683152814;0.043998844288600604;2.3818424897917338E-5;0.004076057408617506;23;2.3818424897917338E-5;3306;0.003423639683152814;42487;0.043998844288600604;23;2.3818424897917338E-5;3936;0.004076057408617506;2104x213296-NZ-BLGP01000048_3110_aligned_50258_F_68_4484_4;0.900191591868402;0.05186055626733431;0.9002622882275396;0.05187413510778928;
38;6;Metamycoplasmataceae;family;2895623;0;0;14;14;3;4.666666666666667;11;2;0;;1.0980650525110395E-4;13.999286280201677;1.000050982584686;127497;2790996;;;;;5.507570547286102;0.0;1.0980650525110395E-4;0.0;1.5686643607300564E-5;0.0;9;5.221218685667877E-6;3237;0.00230413202160516;34745;0.02111312264494206;16;6.032692891470533E-5;3303;0.002077625763283139;29559x3753-NZ-JAQRAP010000017_1527_aligned_13648_F_41_8111_25;0.9108983529091232;0.03664713736498626;0.9109786423031332;0.03656898062721716;
39;7;Metamycoplasma;genus;2895509;0;0;13;13;5;2.6;7;3;0;;1.6086321676937165E-4;12.999034864510353;1.000074246703675;80814;2895623;;;;;2.5099800796022267;0.0;1.6086321676937165E-4;0.0;3.712228079293192E-5;0.0;9;5.221218685667877E-6;3223;0.002194325516354056;34745;0.02111312264494206;14;4.464028530740477E-5;3303;0.002077625763283139;29559x3753-NZ-JAQRAP010000017_1527_aligned_13648_F_41_8111_25;0.9108983529091232;0.03664713736498626;0.9109786423031332;0.03656898062721716;
40;8;Metamycoplasma hominis;species;2098;1;298;298;298;17;17.529411764705884;47;1;2713;2713.0;8.953700056456384E-5;297.98670413821543;1.0000446189766186;3328233;2895509;0.8889303019008572;;0.8889303019008572;;16.263908075316735;3.004597334381337E-7;8.953700056456384E-5;8.151472568176567E-4;3.004597334381337E-7;8.953700056456384E-5;1;3.004597334381337E-7;298;8.953700056456384E-5;2713;8.151472568176567E-4;1;3.004597334381337E-7;298;8.953700056456384E-5;2098x207303-NZ-MRAY01000009_1218_aligned_22566_F_70_2731_0;0.8889303019008572;;0.8889303019008572;;
41;8;Metamycoplasma salivarium;species;2124;1;400;395;395;26;15.192307692307692;60;2;4968;4968.0;3.5857814234735235E-4;394.9293684913469;1.000178845926103;1101573;2895509;0.9189955447549615;;0.9189955447549615;;14.937253377429817;9.077927654363352E-7;3.5857814234735235E-4;0.004509914458687713;1.8155855308726704E-6;3.6311710617453405E-4;1;9.077927654363352E-7;395;3.5857814234735235E-4;4968;0.004509914458687713;2;1.8155855308726704E-6;400;3.6311710617453405E-4;1266997x205506-NZ-AXZE01000017_4388_aligned_67457_F_71_4974_0;0.9189955447549615;;0.9189955447549615;;
42;8;Metamycoplasma hyosynoviae;species;29559;5;1986;1938;1938;132;14.681818181818182;68;5;21247;4249.4;8.111413487045595E-4;1937.2146215407686;1.0004054163387466;2389226;2895509;0.9140336439799043;0.044625918501483924;0.9141781648891222;0.04448464392287795;13.826801157779268;2.092727937834261E-6;8.111413487045595E-4;0.008892838099032909;2.092727937834261E-6;8.312315369077684E-4;5;2.092727937834261E-6;1938;8.111413487045595E-4;21247;0.008892838099032909;5;2.092727937834261E-6;1986;8.312315369077684E-4;29559x3753-NZ-JAQRAP010000017_1527_aligned_13648_F_41_8111_25;0.9140336439799043;0.044625918501483924;0.9141781648891222;0.04448464392287795;
43;8;[Mycoplasma] anseris;species;92400;1;542;544;544;24;22.666666666666668;80;2;4436;4436.0;7.55612226472541E-4;543.794902742524;1.0003771592128607;719946;2895509;0.8769859282796187;;0.8769859282796187;;21.224814572174438;1.3889930633686415E-6;7.55612226472541E-4;0.006161573229103294;2.777986126737283E-6;7.528342403458037E-4;1;1.3889930633686415E-6;544;7.55612226472541E-4;4436;0.006161573229103294;2;2.777986126737283E-6;542;7.528342403458037E-4;1408454x113620-NZ-JNJX01000003_31528_aligned_6364_R_93_4521_0;0.8769859282796187;;0.8769859282796187;;
44;8;Metamycoplasma equirhinis;species;92402;1;77;35;35;2;17.5;19;1;1381;1381.0;1.8593581495667695E-5;34.99968391287994;1.000009031142134;1882370;2895509;0.9430051813471503;;0.9430051813471503;;2.1213203435596424;5.312451855905056E-7;1.8593581495667695E-5;7.336496013004882E-4;5.312451855905056E-7;4.090587929046893E-5;1;5.312451855905056E-7;35;1.8593581495667695E-5;1381;7.336496013004882E-4;1;5.312451855905056E-7;77;4.090587929046893E-5;92402x164909-NZ-JAXIHX010000005_4126_aligned_6580_F_64_1341_0;0.9430051813471503;;0.9430051813471503;;
45;3;Pseudomonadati;kingdom;3379134;227;8222;12456;7588;1352;9.21301775147929;139;986;121439;534.9735682819384;0.01695744771192899;12284.246435751156;0.6177017076046643;447473;2;0.9248581262762784;0.06023299397888664;0.9248911659238555;0.06026129298548428;11.320989555068774;5.07293177465456E-4;0.02783631638110009;0.2713884413137776;0.002203484902999734;0.01837429297410123;82938;0.31071980504550323;2808090;4.829807070685267;42375296;169.50049589799454;111840;0.39088280965586053;3329673;15.498842719772393;139x124165-NZ-PHOS01000001_24822_aligned_12832_R_42_464_106;0.9132108820237326;0.0710716810338585;0.9133493808273496;0.07100987885841548;
46;4;Pseudomonadota;phylum;1224;33;1031;4406;2363;572;7.7027972027972025;139;406;16588;502.6666666666667;0.005822319466209357;4382.175529298918;0.5392298834679596;405852;3379134;0.9366845424502024;0.06969099721236312;0.9366845424502024;0.06969099721236312;11.330373568057055;8.131042843203927E-5;0.010856174171865607;0.04087204202517174;0.0010003646649517559;0.002540334900407045;54121;0.28605614675331054;1559567;4.069634898547829;26219575;155.58071926102846;65517;0.31309973520217277;2074883;14.297657552103475;263x219262-NZ-JACTOU010000032_14734_aligned_12198_R_59_5684_15;0.9119787619992066;0.07280855690170263;0.9120356800162944;0.07277111394688378;
47;5;Gammaproteobacteria;class;1236;0;0;11696;11160;758;15.430079155672823;140;162;0;;0.02625907067360634;11536.541166085477;0.9673610000896617;424996;1224;;;;;16.198071961333298;0.0;0.027520259014202488;0.0;3.8118005816525333E-4;0.0;271;0.0037153694789222496;73433;0.1044732315660279;816780;16.08259460821361;1064;0.007017875788372556;76127;1.5521107854682272;263x189419-NZ-VJEX01000046_4353_aligned_9256_R_37_5432_29;0.9068551581412917;0.03640856222760827;0.907235368812039;0.03632321146762774;
48;6;Thiotrichales;order;72273;0;0;17;17;5;3.4;5;5;0;;5.848757999036675E-4;16.995321798395008;1.0002752640791677;29066;1236;;;;;1.8165902124584952;0.0;5.848757999036675E-4;0.0;1.7202229408931396E-4;0.0;271;0.0037153694789222496;61737;0.07695297255182541;816780;16.08259460821361;902;0.006636695730207303;76127;1.5521107854682272;263x62270-NZ-VJGS01000053_6928_aligned_19842_R_52_2432_33;0.9068551581412917;0.03640856222760827;0.907235368812039;0.03632321146762774;
49;7;Francisellaceae;family;34064;0;0;1502;1469;217;6.921658986175115;46;118;0;;0.0016575664126719767;1500.7287680905135;0.9788577597996709;886239;72273;;;;;6.723944293690473;0.0;0.0016948024178579366;0.0;1.3314692763464483E-4;0.0;271;0.0037153694789222496;61720;0.07636809675192174;816780;16.08259460821361;897;0.006464673436117989;76127;1.5521107854682272;263x68289-NZ-VJBP01000018_13037_aligned_16458_R_39_4503_30;0.9068551581412917;0.03640856222760827;0.907235368812039;0.03632321146762774;
50;8;Francisella;genus;262;17;653;35647;35228;2871;12.416231278300243;107;265;9493;558.4117647058823;0.0036365787296894114;35581.494736250344;0.990065208365454;9687127;34064;0.9263944470656139;0.07803906737216477;0.9263944470656139;0.07803906737216477;12.874191610526095;1.7549062792301576E-6;0.0036798320079833783;9.799603122783464E-4;2.735589199976422E-5;6.74090470786643E-5;271;0.0037153694789222496;60218;0.0746732943340638;816780;16.08259460821361;779;0.0063315265084833445;76127;1.5521107854682272;263x26278-NZ-VJAS01000064_7577_aligned_20201_F_165_4303_6;0.9068551581412917;0.03640856222760827;0.907235368812039;0.03632321146762774;
51;9;Francisella tularensis;species;263;72;15575;20259;19712;1793;11.2989403234802;89;227;180368;2505.1111111111113;0.009766799817268884;20157.6661819469;0.9778909831165853;2018266;262;0.9116769127580615;0.03389662302278406;0.9119590095130421;0.03368467062025334;10.627619634691172;3.567418764424511E-5;0.010037824548399467;0.08936780384746114;1.1247278604505056E-4;0.007717020452209966;231;0.003683940640438448;21904;0.06823100132776719;751560;16.01583459784378;429;0.006207745960220512;70292;1.5456630887684848;263x102857-NZ-VIYS01000027_14036_aligned_74_R_99_7219_12;0.9054878839013542;0.03037309982262576;0.9058360479087735;0.030215011305059547;
52;10;Francisella tularensis subsp. novicida;subspecies;264;10;2909;182;182;28;6.5;31;25;30193;3019.3;1.8552932433686008E-4;181.98321063186717;1.000092257786169;980977;263;0.9038594258203634;0.02236578803830506;0.9041759493126641;0.022550647927008057;7.932586332711792;1.0193918919607697E-5;1.8552932433686008E-4;0.03077849939397152;2.5484797299019245E-5;0.0029654110137138793;17;0.0019522810097597596;271;0.043761425301900886;55506;9.030565229200768;38;0.0020378896969637543;5373;0.8259000924703657;263x222421-NZ-VJGO01000045_9183_aligned_74503_F_66_2548_5;0.9024143223847124;0.032398087088668065;0.9030375929349996;0.032211259334979314;
53;11;Francisella cf. novicida Fx1;strain;984129;2;345;14;14;3;4.666666666666667;11;3;4593;2296.5;1.1406875086570034E-4;13.999258577358589;1.0000529615648797;122733;264;0.930920704957642;0.02749833414605334;0.9320155954685909;0.029046743155953837;5.507570547286102;1.629553583795719E-5;1.1406875086570034E-4;0.03742269805186869;2.4443303756935786E-5;0.0028109799320476156;2;1.629553583795719E-5;14;1.1406875086570034E-4;4593;0.03742269805186869;3;2.4443303756935786E-5;345;0.0028109799320476156;263x161603-NZ-VJLQ01000110_1315_aligned_1846_F_103_1280_29;0.930920704957642;0.02749833414605334;0.9320155954685909;0.029046743155953837;
54;11;Francisella tularensis subsp. novicida FSC159;strain;1088879;3;1413;26;26;5;5.2;14;5;12191;4063.6666666666665;5.162725124600385E-4;25.993547618635528;1.0002482301169173;50361;264;0.8687441843614936;0.05421700579582324;0.8702758065829568;0.05332762144843109;5.718391382198319;5.95699052838506E-5;5.162725124600385E-4;0.24207223843847422;9.928317547308434E-5;0.028057425388693633;3;5.95699052838506E-5;26;5.162725124600385E-4;12191;0.24207223843847422;5;9.928317547308434E-5;1413;0.028057425388693633;119857x32459-NZ-MRKQ01000014_1904_aligned_66155_F_66_5123_6;0.8687441843614936;0.05421700579582324;0.8702758065829568;0.05332762144843109;
55;11;Francisella tularensis subsp. novicida FSC595;strain;1088885;1;281;26;26;4;6.5;23;4;3853;3853.0;1.9462534620854854E-4;25.997567328800557;1.0000935730319946;133590;264;0.9264975150405441;;0.9264975150405441;;11.0;7.485590238790329E-6;1.9462534620854854E-4;0.028841979190059135;2.9942360955161315E-5;0.0021034508571000825;1;7.485590238790329E-6;26;1.9462534620854854E-4;3853;0.028841979190059135;4;2.9942360955161315E-5;281;0.0021034508571000825;263x137130-NZ-JPPE01000050_6680_aligned_128_R_98_3886_2;0.9264975150405441;;0.9264975150405441;;
56;11;Francisella tularensis subsp. novicida D9876;strain;1450527;1;425;23;23;1;23.0;23;1;4676;4676.0;0.04275092936802974;22.535801939237295;1.0205982490445342;538;264;0.9078777442961687;;0.9085234610417563;;;0.0018587360594795538;0.04275092936802974;8.691449814126393;0.0018587360594795538;0.7899628252788105;1;0.0018587360594795538;23;0.04275092936802974;4676;8.691449814126393;1;0.0018587360594795538;425;0.7899628252788105;263x157995-NZ-VJDD01000022_22924_aligned_6193_R_71_4689_2;0.9078777442961687;;0.9085234610417563;;
57;10;Francisella tularensis subsp. tularensis;subspecies;119856;3;1210;9;9;3;3.0;4;3;10652;3550.6666666666665;5.086757474707512E-4;8.99796556532105;1.0002260994070473;17693;263;0.8920686270314473;0.03202931821615839;0.8922164139227499;0.03204856020698985;1.0;1.695585824902504E-4;5.086757474707512E-4;0.6020460068953823;1.695585824902504E-4;0.06838862827106765;3;1.695585824902504E-4;15;0.003884757699116821;10652;0.6020460068953823;6;0.001731855769928339;1210;0.06838862827106765;119857x101900-NZ-PKAC01000013_26761_aligned_523_R_76_4308_1;0.8920686270314473;0.03202931821615839;0.8922164139227499;0.03204856020698985;
58;11;Francisella tularensis subsp. tularensis WY-00W4114;strain;1133671;0;0;1;1;1;1.0;1;1;0;;3.5310734463276836E-4;1.0000000000000497;0.9999999999999503;2832;119856;;;;;;0.0;3.5310734463276836E-4;0.0;3.5310734463276836E-4;0.0;0;0.0;1;3.5310734463276836E-4;0;0.0;1;3.5310734463276836E-4;0;0.0;263x100015-NZ-VFSB01000079_4849_aligned_808_F_43_3522_34;;;;;
59;11;Francisella tularensis subsp. tularensis 80700069;strain;1292391;0;0;5;5;3;1.6666666666666667;3;2;0;;0.003022974607013301;4.993957705031058;1.0012099211338643;1654;119856;;;;;1.1547005383792515;0.0;0.003022974607013301;0.0;0.0012091898428053204;0.0;0;0.0;5;0.003022974607013301;0;0.0;2;0.0012091898428053204;0;0.0;263x26278-NZ-VJAS01000064_7577_aligned_20201_F_165_4303_6;;;;;
60;10;Francisella tularensis subsp. holarctica;subspecies;119857;134;46033;1330;1330;297;4.478114478114478;31;151;484455;3615.3358208955224;2.2864286534551203E-4;1329.8480781633452;1.0001142399941387;5816932;263;0.903187925088572;0.028268348363567414;0.9035451852430437;0.02814497289783306;5.610712408428517;2.3036198463382414E-5;2.2864286534551203E-4;0.08328359348192484;2.595870125351302E-5;0.007913621819887185;139;0.0015264268605441934;1354;0.008556547918477406;505034;6.293855557900173;156;0.001529349363334324;48134;0.6436573475748416;263x4306-NZ-JPPK01000069_1073_aligned_24506_F_71_2044_3;0.9029475834604167;0.027897522825383617;0.903300647916003;0.027777506862643245;
61;11;Francisella tularensis subsp. holarctica OSU18;strain;393011;3;1270;17;17;3;5.666666666666667;12;3;12401;4133.666666666667;0.008018867924528302;16.936000106518986;1.003778926138314;2120;119857;0.8958798197879686;0.02124951198077978;0.8961581231595513;0.02120716952596408;5.686240703077327;0.0014150943396226414;0.008018867924528302;5.849528301886792;0.0014150943396226414;0.5990566037735849;3;0.0014150943396226414;17;0.008018867924528302;12401;5.849528301886792;3;0.0014150943396226414;1270;0.5990566037735849;263x100608-NZ-VJBK01000036_19216_aligned_2423_F_38_4691_32;0.8958798197879686;0.02124951198077978;0.8961581231595513;0.02120716952596408;
62;11;Francisella tularensis subsp. holarctica PHIT-FT049;strain;1432652;2;831;7;7;2;3.5;6;2;8178;4089.0;3.0903712860359366E-4;6.999072956832873;1.000132452279444;22651;119857;0.8974463398826842;2.4173841827212757E-4;0.8976304341389434;1.8610166344751226E-5;3.5355339059327378;8.829632245816962E-5;3.0903712860359366E-4;0.3610436625314556;8.829632245816962E-5;0.036687121981369475;2;8.829632245816962E-5;7;3.0903712860359366E-4;8178;0.3610436625314556;2;8.829632245816962E-5;831;0.036687121981369475;119857x43430-NZ-JAFCRP010000060_9382_aligned_5173_R_113_5116_260;0.8974463398826842;2.4173841827212757E-4;0.8976304341389434;1.8610166344751226E-5;
63;10;Francisella tularensis 99A-2628;strain;1367846;0;0;5;5;2;2.5;3;2;0;;0.0019904458598726115;4.996020692714282;1.0007964953570991;2512;263;;;;;0.7071067811865476;0.0;0.0019904458598726115;0.0;7.961783439490446E-4;0.0;0;0.0;5;0.0019904458598726115;0;0.0;2;7.961783439490446E-4;0;0.0;263x157995-NZ-VJDD01000022_22924_aligned_6193_R_71_4689_2;;;;;
64;9;Francisella persica;species;954;0;0;0;0;0;;0;0;0;;;0.0;;0;262;;;;;;;;;;;0;0.0;14;1.2512389499960229E-5;0;0.0;3;2.681226321420049E-6;0;0.0;;;;;;
65;10;Francisella persica ATCC VR-331;strain;1086726;0;0;14;14;3;4.666666666666667;11;3;0;;1.2512389499960229E-5;13.99991866908562;1.000005809384776;1118891;954;;;;;5.507570547286102;0.0;1.2512389499960229E-5;0.0;2.681226321420049E-6;0.0;0;0.0;14;1.2512389499960229E-5;0;0.0;3;2.681226321420049E-6;0;0.0;263x125064-NZ-VJHZ01000045_6184_aligned_20934_F_51_3514_22;;;;;
66;9;Francisella philomiragia;species;28110;4;1221;722;722;63;11.46031746031746;42;12;14379;3594.75;1.1252270129913849E-4;721.9594372310714;1.0000561842768954;6416483;262;0.9058351518957457;0.03680332564539818;0.9066117043148719;0.03755278812590456;10.175596038380412;6.233944670312381E-7;1.1252270129913849E-4;0.002240947260360543;1.8701834010937144E-6;1.9029116106128544E-4;4;6.233944670312381E-7;722;1.1252270129913849E-4;14379;0.002240947260360543;12;1.8701834010937144E-6;1221;1.9029116106128544E-4;28110x118015-NZ-JBGFDE010000056_12088_aligned_30250_R_164_5946_5;0.9058351518957457;0.03680332564539818;0.9066117043148719;0.03755278812590456;
67;9;Francisella orientalis;species;299583;4;733;345;345;36;9.583333333333334;30;9;10063;2515.75;4.7763690181169756E-4;344.917859443326;1.0002381452697364;722306;262;0.9284729802897405;0.02947344090295033;0.9315612342971713;0.029530416269588678;8.378117756564247;5.537819151439971E-6;4.7763690181169756E-4;0.013931768530235108;1.2460093090739936E-5;0.0010148053595013748;4;5.537819151439971E-6;345;4.7763690181169756E-4;10063;0.013931768530235108;9;1.2460093090739936E-5;733;0.0010148053595013748;299583x200509-NZ-JBPDXW010000007_20570_aligned_9779_F_132_2530_77;0.9284729802897405;0.02947344090295033;0.9315612342971713;0.029530416269588678;
68;9;Francisella salina;species;573569;0;0;1;1;1;1.0;1;1;0;;3.6121686738283932E-6;1.0000000000028935;0.9999999999971065;276842;262;;;;;;0.0;3.6121686738283932E-6;0.0;3.6121686738283932E-6;0.0;0;0.0;1;3.6121686738283932E-6;0;0.0;1;3.6121686738283932E-6;0;0.0;263x138963-NZ-JADPMH010000237_1411_aligned_1698_R_69_1781_56;;;;;
69;9;Francisella uliginis;species;573570;0;0;12;12;3;4.0;9;3;0;;6.425864533136845E-6;11.999964656650107;1.0000029452878325;1867453;262;;;;;4.358898943540674;0.0;6.425864533136845E-6;0.0;1.6064661332842112E-6;0.0;0;0.0;12;6.425864533136845E-6;0;0.0;3;1.6064661332842112E-6;0;0.0;119857x3564-NZ-JAACKF010000017_11783_aligned_6964_F_94_6167_64;;;;;
70;9;Francisella hispaniensis;species;622488;0;0;122;122;25;4.88;31;21;0;;5.946143536005849E-5;121.99640265135028;1.0000294873338191;2051750;262;;;;;7.849203781276161;0.0;5.946143536005849E-5;0.0;1.0235165102960887E-5;0.0;0;0.0;134;9.219296318594859E-5;0;0.0;24;1.841804705943341E-5;0;0.0;263x113497-NZ-JACTQO010000039_11783_aligned_21289_F_44_3492_179;;;;;
71;10;Francisella hispaniensis FSC454;strain;1088883;0;0;12;12;3;4.0;9;3;0;;3.2731527825890094E-5;11.99981997806132;1.0000150020532816;366619;622488;;;;;4.358898943540674;0.0;3.2731527825890094E-5;0.0;8.182881956472523E-6;0.0;0;0.0;12;3.2731527825890094E-5;0;0.0;3;8.182881956472523E-6;0;0.0;1210520x47444-NZ-AMPW01000016_29453_aligned_15409_F_138_4514_97;;;;;
72;9;Candidatus Francisella endociliophora;species;653937;0;0;5;5;1;5.0;5;1;0;;2.66476509029823E-6;4.999994670377621;1.000001065925612;1876338;262;;;;;;0.0;2.66476509029823E-6;0.0;5.32953018059646E-7;0.0;0;0.0;5;2.66476509029823E-6;0;0.0;1;5.32953018059646E-7;0;0.0;119857x89849-NZ-MRKC01000062_29144_aligned_1940_F_118_5581_1;;;;;
73;9;Francisella noatunensis;species;657445;7;2425;836;830;64;13.0625;68;10;22465;3209.285714285714;0.001504615362304128;835.3676007738213;0.993574564336887;551636;262;0.899524846803031;0.029941895851636757;0.9002669944016013;0.030090069364002138;13.13770171488173;1.2689527151962525E-5;0.0015154920998629532;0.04072431820983402;1.8127895931375036E-5;0.004396014763358447;7;1.2689527151962525E-5;836;0.0015154920998629532;22465;0.04072431820983402;10;1.8127895931375036E-5;2425;0.004396014763358447;657445x102728-NZ-JACVKN010000033_2200_aligned_2288_F_13_5220_56;0.899524846803031;0.029941895851636757;0.9002669944016013;0.030090069364002138;
74;9;Francisella adeliensis;species;2007306;1;93;38;38;6;6.333333333333333;11;1;2641;2641.0;3.0189278833740492E-5;37.99944150272166;1.0000146975128121;1258725;262;0.9643814630409805;;0.9643814630409805;;4.546060565661952;7.944547061510656E-7;3.0189278833740492E-5;0.002098154878944964;7.944547061510656E-7;7.388428767204909E-5;1;7.944547061510656E-7;38;3.0189278833740492E-5;2641;0.002098154878944964;1;7.944547061510656E-7;93;7.388428767204909E-5;2007306x155601-NZ-JACVLS010000005_9708_aligned_10366_R_119_2482_6;0.9643814630409805;;0.9643814630409805;;
75;9;Francisella salimarina;species;2599927;6;329;148;148;15;9.866666666666667;31;7;3443;573.8333333333334;2.356245164125212E-4;147.98268294217158;1.000117020839764;628118;262;0.8973085636202941;0.06471143971225012;0.8976347214806984;0.06481660039437481;8.4588640462169;9.552345259967076E-6;2.356245164125212E-4;0.005481454121677774;1.1144402803294922E-5;5.237869317548614E-4;6;9.552345259967076E-6;148;2.356245164125212E-4;3443;0.005481454121677774;7;1.1144402803294922E-5;329;5.237869317548614E-4;2599927x232579-NZ-OZ220197_124800_aligned_5485_F_48_483_26;0.8973085636202941;0.06471143971225012;0.8976347214806984;0.06481660039437481;
76;9;unclassified Francisella;no rank;2610885;0;0;66;66;6;11.0;36;1;0;;2.9043773367035847E-5;65.99905609056596;1.000014301862632;2272432;262;;;;;12.537942414925983;0.0;2.9043773367035847E-5;0.0;4.4005717222781586E-7;0.0;1;4.7639146801936436E-7;412;2.735873491100033E-4;2736;0.001303407056500981;14;2.517676512438705E-5;381;1.8150514931537782E-4;3087177x41194-NZ-JBGCTX010000044_2258_aligned_20_F_28_2719_75;0.8592017738359202;;0.8592017738359202;;
77;10;Francisella sp. TX07-6608;species;573568;0;0;32;32;6;5.333333333333333;20;6;0;;8.04478936478846E-5;31.9987530890442;1.0000389674857746;397773;2610885;;;;;7.5542482529148245;0.0;8.04478936478846E-5;0.0;1.5083980058978362E-5;0.0;0;0.0;32;8.04478936478846E-5;0;0.0;6;1.5083980058978362E-5;0;0.0;119857x98311-NZ-PKBW01000006_18533_aligned_1568_F_192_8069_184;;;;;
78;10;Francisella sp. LA112445;species;1395624;0;0;1;1;1;1.0;1;1;0;;5.80212659543976E-7;1.0000000000696907;0.9999999999303093;1723506;2610885;;;;;;0.0;5.80212659543976E-7;0.0;5.80212659543976E-7;0.0;0;0.0;1;5.80212659543976E-7;0;0.0;1;5.80212659543976E-7;0;0.0;263x56018-NZ-VJGV01000083_1287_aligned_407_R_44_2006_26;;;;;
79;10;Francisella sp. Scap27;species;2589986;0;0;2;2;2;1.0;1;2;0;;1.7064336815880073E-6;1.9999991469116258;1.000000426544369;1172035;2610885;;;;;0.0;0.0;1.7064336815880073E-6;0.0;1.7064336815880073E-6;0.0;0;0.0;2;1.7064336815880073E-6;0;0.0;2;1.7064336815880073E-6;0;0.0;119857x3564-NZ-JAACKF010000017_11783_aligned_6964_F_94_6167_64;;;;;
80;10;Francisella sp. SYW-2;species;2610886;0;0;5;5;2;2.5;3;2;0;;1.6033246540025398E-5;4.999967933571173;1.0000064133268958;311852;2610885;;;;;0.7071067811865476;0.0;1.6033246540025398E-5;0.0;6.413298616010159E-6;0.0;0;0.0;5;1.6033246540025398E-5;0;0.0;2;6.413298616010159E-6;0;0.0;119857x100855-NZ-PKAI01000088_2027_aligned_21039_R_41_2055_35;;;;;
81;10;Francisella sp. 19X1-34;species;3087177;1;381;306;306;22;13.909090909090908;58;2;2736;2736.0;1.457757892139255E-4;305.97777028606174;1.0000726514018239;2099114;2610885;0.8592017738359202;;0.8592017738359202;;13.588892841508784;4.7639146801936436E-7;1.457757892139255E-4;0.001303407056500981;9.527829360387287E-7;1.8150514931537782E-4;1;4.7639146801936436E-7;306;1.457757892139255E-4;2736;0.001303407056500981;2;9.527829360387287E-7;381;1.8150514931537782E-4;3087177x41194-NZ-JBGCTX010000044_2258_aligned_20_F_28_2719_75;0.8592017738359202;;0.8592017738359202;;
82;5;Alphaproteobacteria;class;28211;3;55;380;302;98;3.877551020408163;27;85;1229;409.6666666666667;0.003222158205834027;379.23272847227213;0.7963447701800372;93726;1224;0.9307152824815951;0.07617605863615746;0.9307152824815951;0.07617605863615746;4.668970407093895;3.200819409768901E-5;0.004054371252373941;0.01311269018201993;9.068988327678553E-4;5.868168917909652E-4;53817;0.28225946684595626;1481728;3.9543054928099353;25386207;139.45725261078968;64047;0.3050814947488485;1997725;12.743006431734841;1462938x212560-NZ-CP113531_1647552_aligned_81721_R_67_133_2;0.9119894130182268;0.07294508901687385;0.9120447379696556;0.0729078414284828;
83;6;Hyphomicrobiales;order;356;0;0;36;36;7;5.142857142857143;17;5;0;;3.7559861028514197E-4;35.99342780153532;1.0001825944030927;95847;28211;;;;;5.520524474738834;0.0;3.7559861028514197E-4;0.0;5.216647365071416E-5;0.0;374;0.0034189701079427644;27609;0.064625517555868;378192;3.6981301222611593;597;0.003860471188668891;34334;0.36359113261890663;1461000x80968-NZ-JBNPXP010000022_4123_aligned_73197_F_42_2746_33;0.906750061081897;0.06588309111718366;0.9069703388678102;0.06581279372297345;
84;7;Bartonellaceae;family;772;0;0;0;0;0;;0;0;0;;0.0;0.0;;190;356;;;;;;0.0;0.0;0.0;0.0;0.0;374;0.0034189701079427644;27573;0.06424991894558285;378192;3.6981301222611593;592;0.003808304715018177;34334;0.36359113261890663;;0.906750061081897;0.06588309111718366;0.9069703388678102;0.06581279372297345;
85;8;Bartonella;genus;773;29;988;11682;11643;951;12.28391167192429;134;118;14664;505.6551724137931;3.002515118951742E-4;11680.24066012478;0.9968116530122606;38777490;772;0.9320825144639383;0.07541750455694672;0.9320968226625361;0.07540977184767919;13.211691148316543;7.47856552860951E-7;3.0125725001798725E-4;3.781575341776892E-4;3.0430025254342146E-6;2.5478699111262746E-5;374;0.0034189701079427644;27573;0.06424991894558285;378192;3.6981301222611593;592;0.003808304715018177;34334;0.36359113261890663;3243571x110020-NZ-JBHIMA010000023_1469_aligned_1936_R_63_1725_2;0.906750061081897;0.06588309111718366;0.9069703388678102;0.06581279372297345;
86;9;Bartonella bacilliformis;species;774;1;321;299;299;20;14.95;49;1;3788;3788.0;1.1007073609344601E-4;298.98360007674023;1.000054852250276;2716435;773;0.9145822245875466;;0.9145822245875466;;13.280278215221404;3.681295521519933E-7;1.1007073609344601E-4;0.0013944747435517507;3.681295521519933E-7;1.1816958624078985E-4;1;3.681295521519933E-7;299;1.1007073609344601E-4;3788;0.0013944747435517507;1;3.681295521519933E-7;321;1.1816958624078985E-4;774x75249-NZ-JBLKRA010000009_22384_aligned_13494_R_130_3731_0;0.9145822245875466;;0.9145822245875466;;
87;9;Bartonella quintana;species;803;9;341;255;255;14;18.214285714285715;95;9;2505;278.3333333333333;1.6680774458921466E-4;254.97881657670797;1.0000830791497757;1528706;773;0.8444111141289801;0.12555207744839755;0.8457737975671352;0.12573016542721197;25.03590827784571;5.8873321619722825E-6;1.6680774458921466E-4;0.0016386407850822852;5.8873321619722825E-6;2.230644741369498E-4;9;5.8873321619722825E-6;255;1.6680774458921466E-4;2505;0.0016386407850822852;9;5.8873321619722825E-6;341;2.230644741369498E-4;1134502x179917-NZ-KL446937_719347_aligned_108697_R_65_192_2;0.8444111141289801;0.12555207744839755;0.8457737975671352;0.12573016542721197;
88;9;Bartonella elizabethae;species;807;1;459;201;201;19;10.578947368421053;31;2;4494;4494.0;3.3221712785896804E-4;200.96678192953712;1.0001652913488683;605026;773;0.8969534050179212;;0.8971774193548387;;8.362055764474853;1.652821531636657E-6;3.3221712785896804E-4;0.007427779963175137;3.305643063273314E-6;7.586450830212255E-4;1;1.652821531636657E-6;201;3.3221712785896804E-4;4494;0.007427779963175137;2;3.305643063273314E-6;459;7.586450830212255E-4;1094555x156191-NZ-CADEAC010000006_8702_aligned_68693_F_127_4489_1;0.8969534050179212;;0.8971774193548387;;
89;9;Bartonella doshiae;species;33044;1;628;547;547;38;14.394736842105264;60;1;7294;7294.0;2.8221872415467236E-4;546.922961474513;1.0001408580932116;1938213;773;0.9131332599118943;;0.913546255506608;;12.402134676073747;5.159391666447392E-7;2.8221872415467236E-4;0.003763260281506728;5.159391666447392E-7;3.2400979665289626E-4;1;5.159391666447392E-7;547;2.8221872415467236E-4;7294;0.003763260281506728;1;5.159391666447392E-7;628;3.2400979665289626E-4;33044x103614-NZ-CACVBE010000009_10083_aligned_5036_R_252_7213_6;0.9131332599118943;;0.913546255506608;;
90;9;Bartonella grahamii;species;33045;0;0;6;6;1;6.0;6;1;0;;1.0283728057095258E-5;5.999974290737523;1.0000042848954398;583446;773;;;;;;0.0;1.0283728057095258E-5;0.0;1.713954676182543E-6;0.0;0;0.0;26;2.9058328650935878E-5;0;0.0;6;6.407604824642697E-6;0;0.0;3243429x191933-NZ-JBHIRQ010000056_1131_aligned_1008_R_219_1108_9;;;;;
91;10;Bartonella grahamii subsp. shimonis;subspecies;3004106;0;0;20;20;5;4.0;7;5;0;;1.8774600593840618E-5;19.999821642658286;1.0000089179466147;1065269;33045;;;;;2.8284271247461903;0.0;1.8774600593840618E-5;0.0;4.6936501484601545E-6;0.0;0;0.0;20;1.8774600593840618E-5;0;0.0;5;4.6936501484601545E-6;0;0.0;3243558x14794-NZ-JBHIMN010000011_25421_aligned_5244_R_74_5240_3;;;;;
92;9;Bartonella taylorii;species;33046;0;0;248;248;20;12.4;37;1;0;;1.237394665531723E-4;247.98471877617496;1.0000616216349962;2004211;773;;;;;9.632182897371761;0.0;1.237394665531723E-4;0.0;4.989494619079528E-7;0.0;1;1.1983424527193985E-6;268;1.4770631560756027E-4;5441;0.0065201812852462475;3;2.8956343673467496E-6;639;7.657408272876957E-4;33046x210311-NZ-MUYW01000019_2234_aligned_4366_R_67_5415_4;0.8811679911291813;;0.8819072260210682;;
93;10;Bartonella taylorii 8TBB;strain;1094560;1;639;20;20;2;10.0;17;2;5441;5441.0;2.396684905438797E-5;19.99977231643757;1.0000113843077225;834486;33046;0.8811679911291813;;0.8819072260210682;;9.899494936611665;1.1983424527193985E-6;2.396684905438797E-5;0.0065201812852462475;2.396684905438797E-6;7.657408272876957E-4;1;1.1983424527193985E-6;20;2.396684905438797E-5;5441;0.0065201812852462475;2;2.396684905438797E-6;639;7.657408272876957E-4;33046x210311-NZ-MUYW01000019_2234_aligned_4366_R_67_5415_4;0.8811679911291813;;0.8819072260210682;;
94;9;Bartonella vinsonii;species;33047;1;260;17;17;2;8.5;16;2;1739;1739.0;1.2960349715977747E-5;16.999896316371647;1.0000060990741604;1311693;773;0.8478642480983031;;0.8478642480983031;;10.606601717798213;7.623735127045734E-7;1.2960349715977747E-5;0.0013257675385932532;1.5247470254091468E-6;1.9821711330318909E-4;1;7.623735127045734E-7;17;1.2960349715977747E-5;1739;0.0013257675385932532;2;1.5247470254091468E-6;260;1.9821711330318909E-4;38323x197861-NZ-JAUDYQ010000006_3364_aligned_29095_R_301_8081_226;0.8478642480983031;;0.8478642480983031;;
95;9;Bartonella henselae;species;38323;7;2001;705;705;74;9.527027027027026;47;8;24443;3491.8571428571427;5.116191985648537E-4;704.8199406475632;1.0002554685843188;1377978;773;0.907442003776121;0.02680383492034996;0.908489995660592;0.027542920652262475;10.21176191708925;5.0799069361049305E-6;5.116191985648537E-4;0.017738309319887544;5.805607926977064E-6;0.001452127682735138;7;5.0799069361049305E-6;705;5.116191985648537E-4;24443;0.017738309319887544;8;5.805607926977064E-6;2001;0.001452127682735138;38323x195473-NZ-JAUDYZ010000023_604_aligned_7149_F_210_5960_2;0.907442003776121;0.02680383492034996;0.908489995660592;0.027542920652262475;
96;9;Bartonella alsatica;species;52764;1;231;60;60;7;8.571428571428571;27;1;2560;2560.0;5.331347702500136E-5;59.99842728101381;1.0000262126701893;1125419;773;0.9051383399209486;;0.908695652173913;;9.761440174775148;8.885579504166893E-7;5.331347702500136E-5;0.0022747083530667246;8.885579504166893E-7;2.052568865462552E-4;1;8.885579504166893E-7;60;5.331347702500136E-5;2560;0.0022747083530667246;1;8.885579504166893E-7;231;2.052568865462552E-4;52764x197492-NZ-CACVBB010000009_5117_aligned_1172_R_36_2503_35;0.9051383399209486;;0.908695652173913;;
97;9;Bartonella tribocorum;species;85701;1;131;32;32;3;10.666666666666666;27;2;1867;1867.0;9.179222600163964E-6;31.999857727195778;1.0000044460448991;3486134;773;0.924877517691889;;0.9286880783886772;;14.224392195567912;2.8685070625512386E-7;9.179222600163964E-6;5.355502685783163E-4;5.737014125102477E-7;3.757744251942123E-5;1;2.8685070625512386E-7;32;9.179222600163964E-6;1867;5.355502685783163E-4;2;5.737014125102477E-7;131;3.757744251942123E-5;85701x218665-NZ-CADDYK010000045_1332_aligned_76959_F_84_1728_73;0.924877517691889;;0.9286880783886772;;
98;9;Bartonella koehlerae;species;92181;0;0;0;0;0;;0;0;0;;;0.0;;0;773;;;;;;;;;;;0;0.0;1;7.957950191189753E-7;0;0.0;1;7.957950191189753E-7;0;0.0;;;;;;
99;10;Bartonella koehlerae subsp. koehlerae;subspecies;1819240;0;0;0;0;0;;0;0;0;;;0.0;;0;92181;;;;;;;;;;;0;0.0;1;7.957950191189753E-7;0;0.0;1;7.957950191189753E-7;0;0.0;;;;;;
100;11;Bartonella koehlerae C-29;strain;1134510;0;0;1;1;1;1.0;1;1;0;;7.957950191189753E-7;0.9999999999811621;1.000000000018838;1256605;1819240;;;;;;0.0;7.957950191189753E-7;0.0;7.957950191189753E-7;0.0;0;0.0;1;7.957950191189753E-7;0;0.0;1;7.957950191189753E-7;0;0.0;1134502x179917-NZ-KL446937_721816_aligned_77885_R_61_173_5;;;;;
101;9;environmental samples;no rank;104107;0;0;0;0;0;;0;0;0;;;0.0;;0;773;;;;;;;;;;;6;6.245563047918042E-7;111;1.1554291638648377E-5;1278;1.330304929206543E-4;7;7.286490222571048E-7;109;1.1346106203717776E-5;;0.8575989128124445;0.11823819048050553;0.8575989128124445;0.11823819048050553;
102;10;uncultured Bartonella sp.;species;104108;6;109;111;111;8;13.875;33;7;1278;213.0;1.1554291638648377E-5;110.99936449556428;1.0000057252979655;9606820;104107;0.8575989128124445;0.11823819048050553;0.8575989128124445;0.11823819048050553;11.407234546549834;6.245563047918042E-7;1.1554291638648377E-5;1.330304929206543E-4;7.286490222571048E-7;1.1346106203717776E-5;6;6.245563047918042E-7;111;1.1554291638648377E-5;1278;1.330304929206543E-4;7;7.286490222571048E-7;109;1.1346106203717776E-5;104108x129000-NZ-CAMKWN010000010_34008_aligned_118941_R_20_113_57;0.8575989128124445;0.11823819048050553;0.8575989128124445;0.11823819048050553;
103;9;Bartonella birtlesii;species;111504;0;0;0;0;0;;0;0;0;;0.0;0.0;;1223895;773;;;;;;0.0;0.0;0.0;0.0;0.0;1;1.0067451927917044E-4;23;0.002228626062132209;1351;0.13601127554615927;2;1.1446115726963009E-4;127;0.012785663948454646;;0.8978046934140802;;0.9038607115821348;;
104;10;Bartonella birtlesii LL-WM9;strain;1094552;0;0;1;1;1;1.0;1;1;0;;1.3786637990459646E-5;0.9999999999995814;1.0000000000004186;72534;111504;;;;;;0.0;1.3786637990459646E-5;0.0;1.3786637990459646E-5;0.0;0;0.0;1;1.3786637990459646E-5;0;0.0;1;1.3786637990459646E-5;0;0.0;1094555x156191-NZ-CADEAC010000006_8702_aligned_68693_F_127_4489_1;;;;;
105;10;Bartonella birtlesii E11;strain;1201035;1;127;22;22;1;22.0;22;1;1351;1351.0;0.0022148394241417496;21.976759787043697;1.0010574904208582;9933;111504;0.8978046934140802;;0.9038607115821348;;;1.0067451927917044E-4;0.0022148394241417496;0.13601127554615927;1.0067451927917044E-4;0.012785663948454646;1;1.0067451927917044E-4;22;0.0022148394241417496;1351;0.13601127554615927;1;1.0067451927917044E-4;127;0.012785663948454646;3243509x215130-NZ-JBHION010000027_2846_aligned_80538_F_110_1239_21;0.8978046934140802;;0.9038607115821348;;
106;9;Bartonella bovis;species;155194;1;258;233;233;14;16.642857142857142;58;1;2322;2322.0;1.4675187092889525E-4;232.98297762352047;1.0000730627475585;1587714;773;0.8843804537521816;;0.887434554973822;;15.59885174697727;6.298363559180054E-7;1.4675187092889525E-4;0.0014624800184416084;6.298363559180054E-7;1.6249777982684538E-4;1;6.298363559180054E-7;233;1.4675187092889525E-4;2322;0.0014624800184416084;1;6.298363559180054E-7;258;1.6249777982684538E-4;155194x126287-NZ-MWVG01000012_10915_aligned_24911_F_313_2010_16;0.8843804537521816;;0.887434554973822;;
107;9;Candidatus Bartonella washoeensis;species;186739;0;0;2;2;2;1.0;1;2;0;;1.4687652384393487E-6;1.9999992657206036;1.000000367139833;1361688;773;;;;;0.0;0.0;1.4687652384393487E-6;0.0;1.4687652384393487E-6;0.0;0;0.0;2;1.4687652384393487E-6;0;0.0;2;1.4687652384393487E-6;0;0.0;3243490x158394-NZ-JBHIPG010000010_18519_aligned_29890_R_64_4731_5;;;;;
108;9;Bartonella phoceensis;species;270249;0;0;3;3;1;3.0;3;1;0;;2.1681156906532534E-6;2.9999978319477982;1.0000007226845895;1383690;773;;;;;;0.0;2.1681156906532534E-6;0.0;7.227052302177511E-7;0.0;0;0.0;3;2.1681156906532534E-6;0;0.0;1;7.227052302177511E-7;0;0.0;3243461x177188-NZ-JBHIQJ010000009_4876_aligned_23426_R_167_4428_11;;;;;
109;9;Bartonella silvatica;species;357760;1;210;217;217;15;14.466666666666667;52;3;2222;2222.0;1.354095295860462E-4;216.98537643414167;1.0000673942460947;1602546;773;0.9041970802919708;;0.9041970802919708;;12.408906171816772;6.24007048783623E-7;1.354095295860462E-4;0.0013865436623972105;1.872021146350869E-6;1.3104148024456084E-4;1;6.24007048783623E-7;217;1.354095295860462E-4;2222;0.0013865436623972105;3;1.872021146350869E-6;210;1.3104148024456084E-4;357760x107238-NZ-JBEPLI010000010_7876_aligned_26947_R_51_2126_38;0.9041970802919708;;0.9041970802919708;;
110;9;Bartonella rattaustraliani;species;481139;0;0;0;0;0;;0;0;0;;;0.0;;0;773;;;;;;;;;;;0;0.0;3;1.6996733794322525E-6;0;0.0;3;1.6996733794322525E-6;0;0.0;;;;;;
111;10;Bartonella rattaustraliani AUST/NH4;strain;1205681;0;0;3;3;3;1.0;1;3;0;;1.6996733794322525E-6;2.9999983001455774;1.000000566618462;1765045;481139;;;;;0.0;0.0;1.6996733794322525E-6;0.0;1.6996733794322525E-6;0.0;0;0.0;3;1.6996733794322525E-6;0;0.0;3;1.6996733794322525E-6;0;0.0;33045x14936-NZ-CACVBG010000045_2250_aligned_1112_F_209_2325_4;;;;;
112;9;Bartonella jaculi;species;686226;1;327;327;327;22;14.863636363636363;59;1;4443;4443.0;2.2745294436793122E-4;326.96292798393296;1.000113382933948;1437660;773;0.9259007477906186;;0.9259007477906186;;15.938260210202948;6.9557475341875E-7;2.2745294436793122E-4;0.0030904386294395058;6.9557475341875E-7;2.2745294436793122E-4;1;6.9557475341875E-7;327;2.2745294436793122E-4;4443;0.0030904386294395058;1;6.9557475341875E-7;327;2.2745294436793122E-4;686226x189486-NZ-BAABIZ010000018_6759_aligned_621_F_115_4396_24;0.9259007477906186;;0.9259007477906186;;
113;9;Bartonella acomydis;species;686234;14;232;201;201;23;8.73913043478261;32;16;3714;265.2857142857143;1.4374104300217112E-4;200.98562659302166;1.000071514601427;1398348;773;0.9281866592308324;0.055993218496282325;0.9281866592308324;0.055993218496282325;7.628996069448981;1.0011813940449731E-5;1.4374104300217112E-4;0.0026559912124878788;1.1442073074799692E-5;1.6591005958459555E-4;14;1.0011813940449731E-5;201;1.4374104300217112E-4;3714;0.0026559912124878788;16;1.1442073074799692E-5;232;1.6591005958459555E-4;686234x180680-NZ-BAABIY010000012_114255_aligned_120595_F_283_70_8;0.9281866592308324;0.055993218496282325;0.9281866592308324;0.055993218496282325;
114;9;Bartonella florencae;species;928210;0;0;1;1;1;1.0;1;1;0;;7.243673556607498E-7;0.9999999999898523;1.0000000000101477;1380515;773;;;;;;0.0;7.243673556607498E-7;0.0;7.243673556607498E-7;0.0;0;0.0;1;7.243673556607498E-7;0;0.0;1;7.243673556607498E-7;0;0.0;3243461x177188-NZ-JBHIQJ010000009_4876_aligned_23426_R_167_4428_11;;;;;
115;9;Bartonella raoultii;species;1457020;0;0;10;10;1;10.0;10;1;0;;3.1192401281508612E-6;9.999985964131653;1.0000014035888047;3205909;773;;;;;;0.0;3.1192401281508612E-6;0.0;3.1192401281508615E-7;0.0;0;0.0;10;3.1192401281508612E-6;0;0.0;1;3.1192401281508615E-7;0;0.0;3243535x105676-NZ-JBHINN010000017_14691_aligned_21110_R_77_1513_4;;;;;
116;9;Bartonella fuyuanensis;species;1460968;0;0;20;20;2;10.0;19;2;0;;1.4330219854233004E-5;19.999863864833458;1.0000068068046595;1395652;773;;;;;12.727922061357855;0.0;1.4330219854233004E-5;0.0;1.4330219854233004E-6;0.0;0;0.0;20;1.4330219854233004E-5;0;0.0;2;1.4330219854233004E-6;0;0.0;3243526x54567-NZ-JBHINW010000007_109434_aligned_347_R_45_5440_84;;;;;
117;9;Bartonella heixiaziensis;species;1461000;1;252;8;8;1;8.0;8;1;2764;2764.0;4.727037234872299E-6;7.999983454857371;1.0000020681471058;1692392;773;0.9078273591806877;;0.9078273591806877;;;5.908796543590374E-7;4.727037234872299E-6;0.0016331913646483794;5.908796543590374E-7;1.4890167289847742E-4;1;5.908796543590374E-7;8;4.727037234872299E-6;2764;0.0016331913646483794;1;5.908796543590374E-7;252;1.4890167289847742E-4;1461000x80968-NZ-JBNPXP010000022_4123_aligned_73197_F_42_2746_33;0.9078273591806877;;0.9078273591806877;;
118;9;Bartonella senegalensis;species;1468418;0;0;0;0;0;;0;0;0;;;0.0;;0;773;;;;;;;;;;;0;0.0;4;2.6776539734711435E-6;0;0.0;1;6.694134933677859E-7;0;0.0;;;;;;
119;10;Bartonella senegalensis OS02;strain;929794;0;0;4;4;1;4.0;4;1;0;;2.6776539734711435E-6;3.99999598372336;1.0000010040701681;1493845;1468418;;;;;;0.0;2.6776539734711435E-6;0.0;6.694134933677859E-7;0.0;0;0.0;4;2.6776539734711435E-6;0;0.0;1;6.694134933677859E-7;0;0.0;3243487x125040-NZ-JBHIPJ010000060_1803_aligned_4410_F_41_1601_30;;;;;
120;9;Bartonella apis;species;1686310;4;1570;497;497;32;15.53125;51;4;16057;4014.25;9.376150205548983E-5;496.97674777010343;1.0000467873597727;5300683;773;0.9016918843041112;0.009059050894908936;0.901774040071446;0.009035283361592919;11.975739925958376;7.546197348530369E-7;9.376150205548983E-5;0.0030292322706338033;7.546197348530369E-7;2.9618824592981695E-4;4;7.546197348530369E-7;497;9.376150205548983E-5;16057;0.0030292322706338033;4;7.546197348530369E-7;1570;2.9618824592981695E-4;1686310x151994-NZ-CAMLCQ010000061_7353_aligned_34382_R_127_2385_0;0.9016918843041112;0.009059050894908936;0.901774040071446;0.009035283361592919;
121;9;Bartonella krasnovii;species;2267275;0;0;4;4;1;4.0;4;1;0;;2.727562220808436E-6;3.9999959088511976;1.0000010227882468;1466511;773;;;;;;0.0;2.727562220808436E-6;0.0;6.81890555202109E-7;0.0;0;0.0;4;2.727562220808436E-6;0;0.0;1;6.81890555202109E-7;0;0.0;38323x83020-NZ-LNZX01000028_6404_aligned_18112_R_69_1962_0;;;;;
122;9;unclassified Bartonella;no rank;2645622;166;11289;8799;7058;773;11.382923673997412;78;247;127527;768.2349397590361;3.135098677874963E-4;8797.280909214067;0.8022933532345904;22512848;773;0.9126280102750782;0.06027334327404933;0.9127896952837119;0.060152216719873766;11.452235487391732;7.373567306988436E-6;3.908434863505497E-4;0.005664632035893459;1.0971512800157493E-5;5.014469959553762E-4;289;0.003283323223090114;11451;0.058898397554727644;267340;3.497114994853228;381;0.0036285441133416165;24542;0.3448315246526336;1933906x60789-NZ-CP019787_1146590_aligned_131828_R_80_177_48;0.9063959382793308;0.0626323422195558;0.9065488310122203;0.06256529598499773;
123;10;Bartonella sp. AR 15-3;species;545617;1;2;2;2;1;2.0;2;1;190;190.0;2.529010916475621E-6;1.999998735509192;1.0000006322458037;790823;2645622;0.9875;;0.9875;;;1.2645054582378105E-6;2.529010916475621E-6;2.4025603706518398E-4;1.2645054582378105E-6;2.529010916475621E-6;1;1.2645054582378105E-6;2;2.529010916475621E-6;190;2.4025603706518398E-4;1;1.2645054582378105E-6;2;2.529010916475621E-6;1933912x59330-NZ-CP019786_114867_aligned_140566_R_110_58_22;0.9875;;0.9875;;
124;10;Bartonella sp. DB5-6;species;1094755;1;409;184;184;18;10.222222222222221;29;1;5280;5280.0;3.1644209023758954E-4;183.9710485691637;1.0001573694940669;581465;2645622;0.9213333333333333;;0.9220952380952381;;8.993825042154693;1.7197939686825518E-6;3.1644209023758954E-4;0.009080512154643873;1.7197939686825518E-6;7.033957331911637E-4;1;1.7197939686825518E-6;184;3.1644209023758954E-4;5280;0.009080512154643873;1;1.7197939686825518E-6;409;7.033957331911637E-4;1094755x111947-NZ-JH725122_30942_aligned_48510_F_33_5239_34;0.9213333333333333;;0.9220952380952381;;
125;10;Bartonella sp. WD16.2;species;1933904;0;0;7;7;1;7.0;7;1;0;;6.74602562718764E-6;6.999979762260171;1.0000028911140484;1037648;2645622;;;;;;0.0;6.74602562718764E-6;0.0;9.637179467410914E-7;0.0;0;0.0;7;6.74602562718764E-6;0;0.0;1;9.637179467410914E-7;0;0.0;155194x126287-NZ-MWVG01000012_10915_aligned_24911_F_313_2010_16;;;;;
126;10;Bartonella sp. Raccoon60;species;1933912;1;110;11;11;1;11.0;11;1;703;703.0;4.910275868226052E-4;10.997545190808552;1.000223214285448;22402;2645622;0.836552748885587;;0.836552748885587;;;4.463887152932774E-5;4.910275868226052E-4;0.0313811266851174;4.463887152932774E-5;0.004910275868226051;1;4.463887152932774E-5;11;4.910275868226052E-4;703;0.0313811266851174;1;4.463887152932774E-5;110;0.004910275868226051;1933912x59330-NZ-CP019786_295535_aligned_57473_R_38_447_236;0.836552748885587;;0.836552748885587;;
127;10;Bartonella sp. M0177;species;2750940;1;98;15;15;3;5.0;13;1;2099;2099.0;2.2086529131395707E-5;14.99984539473306;1.0000103071240318;679147;2645622;0.9526341227646206;;0.9526341227646206;;6.928203230275509;1.4724352754263805E-6;2.2086529131395707E-5;0.0030906416431199725;1.4724352754263805E-6;1.4429865699178528E-4;1;1.4724352754263805E-6;15;2.2086529131395707E-5;2099;0.0030906416431199725;1;1.4724352754263805E-6;98;1.4429865699178528E-4;2750940x109411-NZ-JACFOY010000002_125663_aligned_8447_R_90_1991_80;0.9526341227646206;;0.9526341227646206;;
128;10;Bartonella sp. HY038;species;2759660;1;258;80;80;7;11.428571428571429;24;1;2410;2410.0;8.095936851692556E-5;79.99680218794603;1.0000399742485513;988150;2645622;0.8915966386554622;;0.8915966386554622;;8.810167286666445;1.0119921064615696E-6;8.095936851692556E-5;0.0024389009765723828;1.0119921064615696E-6;2.61093963467085E-4;1;1.0119921064615696E-6;80;8.095936851692556E-5;2410;0.0024389009765723828;1;1.0119921064615696E-6;258;2.61093963467085E-4;2759660x246957-NZ-CP059726_151213_aligned_20241_R_54_2387_49;0.8915966386554622;;0.8915966386554622;;
129;10;Bartonella sp. B1098;species;2911421;1;110;69;69;7;9.857142857142858;25;1;1766;1766.0;1.1569280709314277E-4;68.9960665922647;1.0000570091590661;596407;2645622;0.9349078341013825;;0.9366359447004609;;9.136530549184984;1.6767073491759822E-6;1.1569280709314277E-4;0.0029610651786447844;1.6767073491759822E-6;1.8443780840935803E-4;1;1.6767073491759822E-6;69;1.1569280709314277E-4;1766;0.0029610651786447844;1;1.6767073491759822E-6;110;1.8443780840935803E-4;2911421x109903-NZ-CALYLP010000001_2148_aligned_34439_R_70_1731_0;0.9349078341013825;;0.9366359447004609;;
130;10;Bartonella sp. AU15XJBT;species;3019087;1;113;26;26;2;13.0;14;1;2353;2353.0;2.8340036842047897E-4;25.996457804317842;1.0001362568588699;91743;2645622;0.9513560051657339;;0.9513560051657339;;1.4142135623730951;1.090001417001842E-5;2.8340036842047897E-4;0.025647733342053346;1.090001417001842E-5;0.0012317016012120816;1;1.090001417001842E-5;26;2.8340036842047897E-4;2353;0.025647733342053346;1;1.090001417001842E-5;113;0.0012317016012120816;3019087x9334-NZ-JAQITG010000052_541_aligned_201_R_29_2094_278;0.9513560051657339;;0.9513560051657339;;
131;10;Bartonella sp. AU18XJBT;species;3019089;1;325;18;18;3;6.0;12;1;2317;2317.0;3.0305581277885345E-5;17.999742405247048;1.0000143110244109;593950;2645622;0.8578924355050285;;0.8578924355050285;;5.291502622129181;1.6836434043269636E-6;3.0305581277885345E-5;0.0039010017678255747;1.6836434043269636E-6;5.471841064062632E-4;1;1.6836434043269636E-6;18;3.0305581277885345E-5;2317;0.0039010017678255747;1;1.6836434043269636E-6;325;5.471841064062632E-4;3019089x57556-NZ-JAQITE010000100_782_aligned_5198_F_39_2236_47;0.8578924355050285;;0.8578924355050285;;
132;10;Bartonella sp. AU55XJBT;species;3019091;0;0;4;4;1;4.0;4;1;0;;5.246280059545279E-6;3.999992130703979;1.0000019673278757;762445;2645622;;;;;;0.0;5.246280059545279E-6;0.0;1.3115700148863197E-6;0.0;0;0.0;4;5.246280059545279E-6;0;0.0;1;1.3115700148863197E-6;0;0.0;3243461x177188-NZ-JBHIQJ010000009_4876_aligned_23426_R_167_4428_11;;;;;
133;10;Bartonella sp. ML70XJBT.G;species;3019093;0;0;2;2;1;2.0;2;1;0;;1.5750908827439343E-6;1.9999992124989765;1.0000003937506667;1269768;2645622;;;;;;0.0;1.5750908827439343E-6;0.0;7.875454413719672E-7;0.0;0;0.0;2;1.5750908827439343E-6;0;0.0;1;7.875454413719672E-7;0;0.0;33046x210311-NZ-MUYW01000019_2234_aligned_4366_R_67_5415_4;;;;;
134;10;Bartonella sp. MM73XJBT;species;3019095;2;629;111;111;9;12.333333333333334;60;3;7490;3745.0;2.6526022984440454E-4;110.98541195613181;1.0001314410931228;418457;2645622;0.9159171117749252;0.002512668878966702;0.9159171117749252;0.002512668878966702;18.808242873804026;4.779463600800083E-6;2.6526022984440454E-4;0.01789909118499631;7.169195401200123E-6;0.0015031413024516257;2;4.779463600800083E-6;111;2.6526022984440454E-4;7490;0.01789909118499631;3;7.169195401200123E-6;629;0.0015031413024516257;3019095x32655-NZ-JAQISY010000019_4234_aligned_3573_F_46_2498_22;0.9159171117749252;0.002512668878966702;0.9159171117749252;0.002512668878966702;
135;10;Bartonella sp. ML70XJBT;species;3019096;0;0;3;3;1;3.0;3;1;0;;8.444281813831734E-6;2.9999915556958765;1.000002814775964;355270;2645622;;;;;;0.0;8.444281813831734E-6;0.0;2.8147606046105777E-6;0.0;0;0.0;3;8.444281813831734E-6;0;0.0;1;2.8147606046105777E-6;0;0.0;3243560x165935-NZ-JBHIML010000022_8501_aligned_5974_R_82_5944_8;;;;;
136;10;Bartonella sp. B39;species;3239295;0;0;2;2;1;2.0;2;1;0;;1.5846931320984349E-6;1.999999207570389;1.0000003962149626;1262074;2645622;;;;;;0.0;1.5846931320984349E-6;0.0;7.923465660492174E-7;0.0;0;0.0;2;1.5846931320984349E-6;0;0.0;1;7.923465660492174E-7;0;0.0;1134502x179917-NZ-KL446937_40545_aligned_70026_F_117_167_7;;;;;
137;10;Bartonella sp. AA33NXGY;species;3243433;0;0;1;1;1;1.0;1;1;0;;2.7434842249657066E-4;0.9999999999998066;1.0000000000001934;3645;2645622;;;;;;0.0;2.7434842249657066E-4;0.0;2.7434842249657066E-4;0.0;0;0.0;1;2.7434842249657066E-4;0;0.0;1;2.7434842249657066E-4;0;0.0;3243433x195047-NZ-JBHIRM010000035_50_aligned_75261_F_142_2209_3;;;;;
138;10;Bartonella sp. AC90GZZY;species;3243461;1;473;18;18;1;18.0;18;1;4564;4564.0;8.782201405152225E-4;17.99253707092431;1.0004147791412779;20496;2645622;0.8932509925011027;;0.8956771063078959;;;4.879000780640125E-5;8.782201405152225E-4;0.2226775956284153;4.879000780640125E-5;0.023077673692427792;1;4.879000780640125E-5;18;8.782201405152225E-4;4564;0.2226775956284153;1;4.879000780640125E-5;473;0.023077673692427792;3243461x177188-NZ-JBHIQJ010000009_4876_aligned_23426_R_167_4428_11;0.8932509925011027;;0.8956771063078959;;
139;10;Bartonella sp. AD13SXNS;species;3243462;1;141;4;4;2;2.0;3;2;1731;1731.0;2.357698179267581E-5;3.99996463467161;1.0000088414102675;169657;2645622;0.9171075837742504;;0.9171075837742504;;1.4142135623730951;5.8942454481689525E-6;2.357698179267581E-5;0.010202938870780456;1.1788490896337905E-5;8.310886081918223E-4;1;5.8942454481689525E-6;4;2.357698179267581E-5;1731;0.010202938870780456;2;1.1788490896337905E-5;141;8.310886081918223E-4;2911421x109903-NZ-CALYLP010000001_2148_aligned_34439_R_70_1731_0;0.9171075837742504;;0.9171075837742504;;
140;10;Bartonella sp. AD24XZML;species;3243463;1;338;3;3;1;3.0;3;1;2371;2371.0;4.865075246497146E-5;2.9999513495078816;1.000016217093696;61664;2645622;0.8551900897052541;;0.8556172575822298;;;1.621691748832382E-5;4.865075246497146E-5;0.038450311364815776;1.621691748832382E-5;0.005481318111053451;1;1.621691748832382E-5;3;4.865075246497146E-5;2371;0.038450311364815776;1;1.621691748832382E-5;338;0.005481318111053451;3243433x195047-NZ-JBHIRM010000035_50_aligned_75261_F_142_2209_3;0.8551900897052541;;0.8556172575822298;;
141;10;Bartonella sp. AP152HLJHH;species;3243469;1;258;11;11;1;11.0;11;1;4286;4286.0;6.803983423022206E-4;10.996598639486995;1.0003093102353295;16167;2645622;0.9377349624060151;;0.9393796992481203;;;6.185439475474733E-5;6.803983423022206E-4;0.265107935918847;6.185439475474733E-5;0.01595843384672481;1;6.185439475474733E-5;11;6.803983423022206E-4;4286;0.265107935918847;1;6.185439475474733E-5;258;0.01595843384672481;3243469x616-NZ-JBHIQB010000015_9968_aligned_17505_R_63_4304_1;0.9377349624060151;;0.9393796992481203;;
142;10;Bartonella sp. AP153HLJHH;species;3243470;2;527;30;30;2;15.0;25;2;5227;2613.5;0.0014010835045768727;29.97969314182761;1.0006773537699776;21412;2645622;0.8944722068127877;0.03907189101395659;0.8944722068127877;0.03907189101395659;14.142135623730951;9.340556697179151E-5;0.0014010835045768727;0.24411544928077714;9.340556697179151E-5;0.024612366897067067;2;9.340556697179151E-5;30;0.0014010835045768727;5227;0.24411544928077714;2;9.340556697179151E-5;527;0.024612366897067067;3243470x189472-NZ-JBHIQA010000004_127772_aligned_317_R_68_2193_31;0.8944722068127877;0.03907189101395659;0.8944722068127877;0.03907189101395659;
143;10;Bartonella sp. AP3QHHD;species;3243494;1;611;6;6;1;6.0;6;1;4390;4390.0;5.385996409335727E-4;5.998653662046934;1.0002244400208642;11140;2645622;0.8596330275229358;;0.8598623853211009;;;8.976660682226212E-5;5.385996409335727E-4;0.3940754039497307;8.976660682226212E-5;0.054847396768402154;1;8.976660682226212E-5;6;5.385996409335727E-4;4390;0.3940754039497307;1;8.976660682226212E-5;611;0.054847396768402154;3243427x6201-NZ-JBHIRS010000027_7645_aligned_605_R_96_4304_110;0.8596330275229358;;0.8598623853211009;;
144;10;Bartonella sp. AP65SXKL;species;3243500;1;51;12;12;1;12.0;12;1;1333;1333.0;4.867956675185591E-4;11.997322985832682;1.0002231342917483;24651;2645622;0.9608595548733692;;0.9608595548733692;;;4.056630562654659E-5;4.867956675185591E-4;0.0540748854001866;4.056630562654659E-5;0.002068881586953876;1;4.056630562654659E-5;12;4.867956675185591E-4;1333;0.0540748854001866;1;4.056630562654659E-5;51;0.002068881586953876;3243564x240536-NZ-JBHIMH010000049_1441_aligned_8195_R_147_1222_8;0.9608595548733692;;0.9608595548733692;;
145;10;Bartonella sp. AP72JLCBS;species;3243502;2;179;8;8;2;4.0;6;2;2653;1326.5;1.843233030735911E-4;7.999354898147282;1.0000806442345578;43402;2645622;0.9399928858321012;0.01948560538832475;0.9402220334031368;0.0191615417855919;2.8284271247461903;4.608082576839777E-5;1.843233030735911E-4;0.06112621538177964;4.608082576839777E-5;0.0041242339062716;2;4.608082576839777E-5;8;1.843233030735911E-4;2653;0.06112621538177964;2;4.608082576839777E-5;179;0.0041242339062716;3243526x107127-NZ-JBHINW010000033_752_aligned_16809_F_66_2179_1;0.9399928858321012;0.01948560538832475;0.9402220334031368;0.0191615417855919;
146;10;Bartonella sp. AP9QHHD;species;3243507;1;386;1;1;1;1.0;1;1;4513;4513.0;4.167361226871145E-5;0.999999999999726;1.000000000000274;23996;2645622;0.9138969440107071;;0.9138969440107071;;;4.167361226871145E-5;4.167361226871145E-5;0.1880730121686948;4.167361226871145E-5;0.01608601433572262;1;4.167361226871145E-5;1;4.167361226871145E-5;4513;0.1880730121686948;1;4.167361226871145E-5;386;0.01608601433572262;3243543x214104-NZ-JBHINF010000013_12867_aligned_50907_F_86_4440_69;0.9138969440107071;;0.9138969440107071;;
147;10;Bartonella sp. CL26QHWL;species;3243520;1;82;1;1;1;1.0;1;1;513;513.0;9.170105456212746E-5;1.0000000000000515;0.9999999999999485;10905;2645622;0.8302277432712215;;0.8302277432712215;;;9.170105456212746E-5;9.170105456212746E-5;0.04704264099037139;9.170105456212746E-5;0.007519486474094452;1;9.170105456212746E-5;1;9.170105456212746E-5;513;0.04704264099037139;1;9.170105456212746E-5;82;0.007519486474094452;1405396x144292-NZ-KE360154_379_aligned_16870_F_80_431_3;0.8302277432712215;;0.8302277432712215;;
148;10;Bartonella sp. CL29QHWL;species;3243522;44;2923;776;49;48;16.166666666666668;49;44;26771;608.4318181818181;0.0011494792155390824;768.9884518139642;0.06372007262841733;42628;2645622;0.884314844766843;0.06888185673402293;0.884314844766843;0.06888185673402293;15.005436367109617;0.0010321854180350943;0.018203997372618935;0.6280144505958525;0.0010321854180350943;0.06856995402083138;44;0.0010321854180350943;776;0.018203997372618935;26771;0.6280144505958525;44;0.0010321854180350943;2923;0.06856995402083138;3243522x30644-NZ-JBHIOA010000283_33_aligned_33847_F_70_552_0;0.884314844766843;0.06888185673402293;0.884314844766843;0.06888185673402293;
149;10;Bartonella sp. CL434QHHD;species;3243529;1;485;1;1;1;1.0;1;1;4690;4690.0;3.402981011365957E-5;1.0000000000008746;0.9999999999991254;29386;2645622;0.8954935622317597;;0.8959227467811158;;;3.402981011365957E-5;3.402981011365957E-5;0.15959980943306337;3.402981011365957E-5;0.01650445790512489;1;3.402981011365957E-5;1;3.402981011365957E-5;4690;0.15959980943306337;1;3.402981011365957E-5;485;0.01650445790512489;3243523x233647-NZ-JBHINZ010000011_25429_aligned_16181_R_36_4702_35;0.8954935622317597;;0.8959227467811158;;
150;10;Bartonella sp. CL45QHWL;species;3243533;29;1617;466;200;41;11.365853658536585;67;29;20750;715.5172413793103;0.005539092142797795;463.01214775041;0.43195410956649766;36107;2645622;0.9189365216768787;0.05722599756434549;0.9189365216768787;0.05722599756434549;11.81472830318365;8.031683607056803E-4;0.012906084692718863;0.5746808098152713;8.031683607056803E-4;0.04478355997452017;29;8.031683607056803E-4;466;0.012906084692718863;20750;0.5746808098152713;29;8.031683607056803E-4;1617;0.04478355997452017;3243533x135413-NZ-JBHINP010000243_315_aligned_19156_F_62_981_3;0.9189365216768787;0.05722599756434549;0.9189365216768787;0.05722599756434549;
151;10;Bartonella sp. CL50QHWL;species;3243536;1;22;1;1;1;1.0;1;1;485;485.0;5.870267097152921E-5;0.9999999999998799;1.0000000000001201;17035;2645622;0.9516483516483516;;0.9516483516483516;;;5.870267097152921E-5;5.870267097152921E-5;0.028470795421191665;5.870267097152921E-5;0.0012914587613736424;1;5.870267097152921E-5;1;5.870267097152921E-5;485;0.028470795421191665;1;5.870267097152921E-5;22;0.0012914587613736424;1242993x135453-NZ-QOHL01000049_1781_aligned_80944_R_84_358_51;0.9516483516483516;;0.9516483516483516;;
152;10;Bartonella sp. CL5QHWL;species;3243537;1;51;3;3;1;3.0;3;1;867;867.0;1.8197258279752516E-4;2.9998180310978384;1.0000606599801305;16486;2645622;0.9390681003584229;;0.9390681003584229;;;6.0657527599175054E-5;1.8197258279752516E-4;0.052590076428484775;6.0657527599175054E-5;0.003093533907557928;1;6.0657527599175054E-5;3;1.8197258279752516E-4;867;0.052590076428484775;1;6.0657527599175054E-5;51;0.003093533907557928;3243522x30644-NZ-JBHIOA010000283_474_aligned_32186_R_223_632_11;0.9390681003584229;;0.9390681003584229;;
153;10;Bartonella sp. CL9QHWL;species;3243542;10;424;311;240;22;14.136363636363637;34;10;3218;321.8;0.012903225806451613;308.42262581819153;0.7781530274029728;18600;2645622;0.8636826887762249;0.11261657803976777;0.8636826887762249;0.11261657803976777;11.132515458462226;5.376344086021505E-4;0.01672043010752688;0.17301075268817204;5.376344086021505E-4;0.022795698924731184;10;5.376344086021505E-4;311;0.01672043010752688;3218;0.17301075268817204;10;5.376344086021505E-4;424;0.022795698924731184;3243542x76561-NZ-JBHING010000075_218_aligned_67022_F_16_322_53;0.8636826887762249;0.11261657803976777;0.8636826887762249;0.11261657803976777;
154;10;Bartonella sp. CM120XJJH;species;3243544;0;0;3;3;1;3.0;3;1;0;;1.3935145831301124E-5;2.9999860648653818;1.0000046450664493;215283;2645622;;;;;;0.0;1.3935145831301124E-5;0.0;4.645048610433708E-6;0.0;0;0.0;3;1.3935145831301124E-5;0;0.0;1;4.645048610433708E-6;0;0.0;3243461x177188-NZ-JBHIQJ010000009_4876_aligned_23426_R_167_4428_11;;;;;
155;10;Bartonella sp. MR110HLJHH;species;3243555;0;0;1;1;1;1.0;1;1;0;;2.3492928628482827E-5;0.999999999999273;1.000000000000727;42566;2645622;;;;;;0.0;2.3492928628482827E-5;0.0;2.3492928628482827E-5;0.0;0;0.0;1;2.3492928628482827E-5;0;0.0;1;2.3492928628482827E-5;0;0.0;33045x14936-NZ-CACVBG010000045_2250_aligned_1112_F_209_2325_4;;;;;
156;10;Bartonella sp. MR63HLJHH;species;3243558;1;462;59;59;4;14.75;27;1;5246;5246.0;0.00140496261370672;58.95927451236977;1.0006907392936406;41994;2645622;0.9098926380368099;;0.9114263803680982;;14.150971698084906;2.38129256560461E-5;0.00140496261370672;0.12492260799161785;2.38129256560461E-5;0.0110015716530933;1;2.38129256560461E-5;59;0.00140496261370672;5246;0.12492260799161785;1;2.38129256560461E-5;462;0.0110015716530933;3243558x14794-NZ-JBHIMN010000011_25421_aligned_5244_R_74_5240_3;0.9098926380368099;;0.9114263803680982;;
157;10;Bartonella sp. MU37NMGALS;species;3243560;1;660;231;231;18;12.833333333333334;32;1;5778;5778.0;0.0012584098275815105;230.85534303053308;1.0006266130450694;183565;2645622;0.8836116910229646;;0.8851774530271399;;10.65087679351274;5.4476615912619505E-6;0.0012584098275815105;0.03147658867431155;5.4476615912619505E-6;0.0035954566502328874;1;5.4476615912619505E-6;231;0.0012584098275815105;5778;0.03147658867431155;1;5.4476615912619505E-6;660;0.0035954566502328874;3243560x165935-NZ-JBHIML010000022_8501_aligned_5974_R_82_5944_8;0.8836116910229646;;0.8851774530271399;;
158;10;Bartonella sp. MU70NMGDW;species;3243561;3;418;73;73;7;10.428571428571429;24;3;4384;1461.3333333333333;3.4878665246037925E-4;72.9874450993939;1.0001720145237172;209297;2645622;0.9024833558224121;0.05090927378531912;0.903310999108156;0.04962818971194769;10.014275524755362;1.4333698046316957E-5;3.4878665246037925E-4;0.020946310745017845;1.4333698046316957E-5;0.001997161927786829;3;1.4333698046316957E-5;73;3.4878665246037925E-4;4384;0.020946310745017845;3;1.4333698046316957E-5;418;0.001997161927786829;3243561x108852-NZ-JBHIMK010000161_421_aligned_61290_F_69_1052_1;0.9024833558224121;0.05090927378531912;0.903310999108156;0.04962818971194769;
159;10;Bartonella sp. SD1336NMGDW;species;3243575;0;0;1;1;1;1.0;1;1;0;;2.4182627200619074E-5;0.9999999999995621;1.0000000000004379;41352;2645622;;;;;;0.0;2.4182627200619074E-5;0.0;2.4182627200619074E-5;0.0;0;0.0;1;2.4182627200619074E-5;0;0.0;1;2.4182627200619074E-5;0;0.0;3243560x165935-NZ-JBHIML010000022_8501_aligned_5974_R_82_5944_8;;;;;
160;10;Bartonella sp. TT121SHDZB;species;3243580;1;598;2;2;1;2.0;2;1;5496;5496.0;3.962569567861976E-6;1.9999980186681143;1.0000009906669243;504723;2645622;0.8869374313940724;;0.8905964141968533;;;1.981284783930988E-6;3.962569567861976E-6;0.01088914117248471;1.981284783930988E-6;0.0011848083007907307;1;1.981284783930988E-6;2;3.962569567861976E-6;5496;0.01088914117248471;1;1.981284783930988E-6;598;0.0011848083007907307;3243526x54567-NZ-JBHINW010000007_109434_aligned_347_R_45_5440_84;0.8869374313940724;;0.8905964141968533;;
161;10;Bartonella sp. TT29SHDZB;species;3243581;9;493;95;62;10;9.5;23;9;5939;659.8888888888889;6.813037076108218E-4;94.95095185398816;0.6529687042562897;91002;2645622;0.8977552226061688;0.05120147460176672;0.8977552226061688;0.05120147460176672;7.633988327065858;9.88989252983451E-5;0.0010439331003714203;0.06526230192743017;9.88989252983451E-5;0.005417463352453792;9;9.88989252983451E-5;95;0.0010439331003714203;5939;0.06526230192743017;9;9.88989252983451E-5;493;0.005417463352453792;3243581x174678-NZ-JBHILQ010000091_26_aligned_107957_F_69_103_1;0.8977552226061688;0.05120147460176672;0.8977552226061688;0.05120147460176672;
162;9;Bartonella gabonensis;species;2699889;1;157;39;39;7;5.571428571428571;16;2;1279;1279.0;3.315413100472319E-5;38.99937007874261;1.0000161520879984;1176324;773;0.8742994395516414;;0.8742994395516414;;5.472876844254852;8.501059231980305E-7;3.315413100472319E-5;0.001087285475770281;1.700211846396061E-6;1.3346662994209079E-4;1;8.501059231980305E-7;39;3.315413100472319E-5;1279;0.001087285475770281;2;1.700211846396061E-6;157;1.3346662994209079E-4;2699889x223459-NZ-CAHOYM010000036_8133_aligned_12235_R_11_1243_63;0.8742994395516414;;0.8742994395516414;;
163;9;Bartonella machadoae;species;2893471;0;0;2;2;1;2.0;2;1;0;;1.2269735409290766E-6;1.999999386614648;1.00000030669277;1630027;773;;;;;;0.0;1.2269735409290766E-6;0.0;6.134867704645383E-7;0.0;0;0.0;2;1.2269735409290766E-6;0;0.0;1;6.134867704645383E-7;0;0.0;38323x195473-NZ-JAUDYZ010000023_604_aligned_7149_F_210_5960_2;;;;;
164;9;Bartonella bilalgolemii;species;2942911;1;268;143;143;16;8.9375;36;2;4422;4422.0;1.82418202019867E-4;142.98704907927518;1.000090574082116;783913;773;0.9389799635701275;;0.9389799635701275;;10.680004681646913;1.2756517623766923E-6;1.82418202019867E-4;0.005640932093229733;2.5513035247533847E-6;3.4187467231695356E-4;1;1.2756517623766923E-6;143;1.82418202019867E-4;4422;0.005640932093229733;2;2.5513035247533847E-6;268;3.4187467231695356E-4;2942911x182048-NZ-JAMCOF010000015_104_aligned_17161_R_109_4383_1;0.9389799635701275;;0.9389799635701275;;
165;9;Bartonella gliris;species;3004109;1;5;5;5;1;5.0;5;1;200;200.0;3.252516960249689E-6;4.999993494964411;1.0000013010088105;1537271;773;0.9705882352941176;;0.9705882352941176;;;6.505033920499379E-7;3.252516960249689E-6;1.3010067840998757E-4;6.505033920499379E-7;3.252516960249689E-6;1;6.505033920499379E-7;5;3.252516960249689E-6;200;1.3010067840998757E-4;1;6.505033920499379E-7;5;3.252516960249689E-6;1462938x212560-NZ-CP113531_640470_aligned_81738_R_60_149_1;0.9705882352941176;;0.9705882352941176;;
166;9;Bartonella vaga;species;3112257;0;0;13;13;2;6.5;12;2;0;;1.0075090423936555E-5;12.999939550269877;1.0000046500008626;1290311;773;;;;;7.7781745930520225;0.0;1.0075090423936555E-5;0.0;1.5500139113748546E-6;0.0;0;0.0;13;1.0075090423936555E-5;0;0.0;2;1.5500139113748546E-6;0;0.0;3243535x110133-NZ-JBHINN010000023_7670_aligned_9821_R_69_3509_2;;;;;
167;9;Bartonella rhinolophi;species;3113620;0;0;8;8;1;8.0;8;1;0;;7.360870349310102E-6;7.999974237358519;1.0000032203405556;1086828;773;;;;;;0.0;7.360870349310102E-6;0.0;9.201087936637628E-7;0.0;0;0.0;8;7.360870349310102E-6;0;0.0;1;9.201087936637628E-7;0;0.0;38323x197861-NZ-JAUDYQ010000006_3364_aligned_29095_R_301_8081_226;;;;;
168;9;Bartonella propinqua;species;3385560;1;278;155;155;10;15.5;36;1;2005;2005.0;1.358894578711996E-4;154.9895369707224;1.0000675079717127;1140633;773;0.859240506329114;;0.859240506329114;;11.355370731263884;8.767061798141909E-7;1.358894578711996E-4;0.0017577958905274527;8.767061798141909E-7;2.4372431798834506E-4;1;8.767061798141909E-7;155;1.358894578711996E-4;2005;0.0017577958905274527;1;8.767061798141909E-7;278;2.4372431798834506E-4;3385560x27728-NZ-JBLEBK010000007_1764_aligned_22024_R_115_1889_16;0.859240506329114;;0.859240506329114;;
169;6;Rickettsiales;order;766;22;396;1563;414;236;6.622881355932203;29;223;7805;354.77272727272725;0.010217428860534564;1533.2565015813366;0.2700135297473174;40519;28211;0.937492017004052;0.06094109516472804;0.937492017004052;0.06094109516472804;5.964232554179269;5.42955156840001E-4;0.038574495915496436;0.19262568177891853;0.005503590907969101;0.009773192823120018;53440;0.27880848854391577;1453739;3.8856256040016937;25006786;135.74600979834656;63365;0.3003141247274117;1963336;12.378828482224142;444612x54001-NZ-CM000770_1070247_aligned_5713_R_219_2792_28;0.9120250294107379;0.07299176114180657;0.9120792030450775;0.07295480053537448;
170;7;Rickettsiaceae;family;775;2;23;120;108;30;4.0;16;28;729;364.5;0.04535909281814364;117.05019548704112;0.9226810732832729;2381;766;0.9574487174643951;0.0498789292875437;0.9574487174643951;0.0498789292875437;3.5911769274345047;8.399832003359933E-4;0.0503989920201596;0.3061738765224695;0.011759764804703907;0.009659806803863923;22425;0.26079362707975995;625276;3.5675066489674374;9751740;126.15818563858214;32140;0.27732443874069973;773485;11.555812000513827;1462938x212560-NZ-CP113531_324632_aligned_114614_R_118_144_3;0.9099917205491661;0.07731574783582237;0.9101202934172276;0.0772362164358309;
171;8;Rickettsieae;tribe;33988;107;2085;10056;4614;1210;8.310743801652892;62;892;42262;394.97196261682245;0.0028159266467586634;10025.208328598426;0.46023981235760114;1638537;775;0.9446498181314458;0.06710120095387496;0.9446498181314458;0.06710120095387496;8.534615950438988;6.530215674104399E-5;0.006137182132597555;0.025792521011121505;5.443880730187967E-4;0.0012724766056549227;22423;0.259953643879424;625156;3.5171076569472777;9751011;125.85201176205967;32112;0.2655646739359958;773462;11.546152193709963;444612x47268-NZ-CM000772_27852_aligned_26527_R_156_399_3;0.9099874876635652;0.07731717920310122;0.9101160719995718;0.07723764921704097;
172;9;Rickettsia;genus;780;4982;112243;248430;200311;19035;13.051221434200158;146;11127;1809816;363.2709755118426;0.045648977500824965;241528.46993804094;0.8293473645213981;4388072;33988;0.9276001056579934;0.06944703192565693;0.9276375717222665;0.06943324416160059;13.914936680012062;0.001135350559425643;0.0566148413243903;0.4124399052704696;0.002535737790993402;0.02557911538370382;22316;0.25988834172268294;615100;3.5109704748146804;9708749;125.82621924104855;31220;0.26502028586297705;771377;11.544879717104306;109232x175602-NZ-LN794217_664559_aligned_15796_F_65_587_1;0.9098212898969374;0.07732679797710326;0.9099504907647578;0.07724717387336823;
173;10;spotted fever group;species group;114277;8549;302235;239888;140961;19589;12.246056460258309;173;10836;3806815;445.2936015908293;0.04466408071416395;230997.8167355525;0.610226546692313;3156026;780;0.9100873990011616;0.0751625180861775;0.910217889322855;0.07509978254322058;12.528252751415366;0.0027087863027744387;0.07600951322961218;1.2062052087023365;0.003433431790485883;0.09576442019172213;16854;0.2559179404197234;361102;3.4281063259754183;7681206;124.18756341633707;19288;0.257747963178934;643714;11.427945972055387;444612x54001-NZ-CM000770_1231600_aligned_124192_R_135_240_21;0.9043502587571106;0.07880767501604197;0.9044843940204108;0.07872306670137316;
174;11;Rickettsia conorii;species;781;0;0;0;0;0;;0;0;0;;0.0;0.0;;1602;114277;;;;;;0.0;0.0;0.0;0.0;0.0;70;2.571004196243134E-4;767;0.0025418017958739997;58991;0.17658863663218197;83;2.9652980372620497E-4;5070;0.015593145533770067;;0.9096799823626721;0.08039204601225293;0.9103741332025274;0.08019354020459807;
175;12;Rickettsia conorii subsp. heilongjiangensis;subspecies;226665;5;196;58;58;5;11.6;31;5;1761;352.2;3.9487210909363234E-4;57.98874757453598;1.0001940449817366;146883;781;0.85345680265948;0.08808238278412918;0.8586855608294146;0.09142412287138842;11.458621208504974;3.404069905979589E-5;3.9487210909363234E-4;0.011989134208860113;3.404069905979589E-5;0.001334395403143999;5;3.404069905979589E-5;58;3.9487210909363234E-4;1761;0.011989134208860113;5;3.404069905979589E-5;196;0.001334395403143999;1462938x212560-NZ-CP113531_1520818_aligned_71169_F_37_184_33;0.85345680265948;0.08808238278412918;0.8586855608294146;0.09142412287138842;
176;12;Rickettsia conorii str. Malish 7;strain;272944;9;294;54;54;11;4.909090909090909;13;10;3016;335.1111111111111;4.866969500324465E-4;53.98710454517075;1.0002388617603757;110952;781;0.9054050405768052;0.0959378847398008;0.9054050405768052;0.0959378847398008;4.346367344220814;8.111615833874107E-5;4.866969500324465E-4;0.027182925949960343;9.012906482082342E-5;0.0026497945057322087;9;8.111615833874107E-5;54;4.866969500324465E-4;3016;0.027182925949960343;10;9.012906482082342E-5;294;0.0026497945057322087;272944x2663-NC-003103_562779_aligned_119348_R_81_172_93;0.9054050405768052;0.0959378847398008;0.9054050405768052;0.0959378847398008;
177;12;Rickettsia conorii subsp. raoultii;subspecies;369822;56;4580;655;649;105;6.238095238095238;32;68;54214;968.1071428571429;0.0016450244979380163;654.4574032867014;0.9916611787729894;394523;781;0.9153869533374716;0.07669046971836004;0.9157877884792607;0.07644976568043756;7.155583900170618;1.4194356222577644E-4;0.001660232736747921;0.1374165764733615;1.723600398455857E-4;0.01160895562489386;56;1.4194356222577644E-4;655;0.001660232736747921;54214;0.1374165764733615;68;1.723600398455857E-4;4580;0.01160895562489386;369822x51553-NZ-JBGCYK010000009_2417_aligned_131901_F_38_102_89;0.9153869533374716;0.07669046971836004;0.9157877884792607;0.07644976568043756;
178;11;Rickettsia rickettsii;species;783;8;360;38;38;8;4.75;16;8;3098;387.25;3.242127176704463E-4;37.994002678880754;1.0001578491524026;117207;114277;0.8760919183065472;0.09118109301247412;0.8763740853494366;0.09048651358248005;5.897941529526576;6.825530898325186E-5;3.242127176704463E-4;0.02643186840376428;6.825530898325186E-5;0.0030714889042463334;12;1.6282689967740734E-4;52;6.552132850999905E-4;4869;0.06830344018360161;12;1.6282689967740734E-4;509;0.006594280657603625;444612x54001-NZ-CM000770_1242310_aligned_48091_R_71_325_0;0.8826330101147789;0.08331149207056493;0.8828211214767051;0.08281208474041292;
179;12;Rickettsia rickettsii str. Hlp#2;strain;1105101;4;149;14;14;4;3.5;9;4;1771;442.75;3.310005674295442E-4;13.997848699770364;1.0001536879184636;42296;783;0.8957151937312423;0.07555141426332827;0.8957151937312423;0.07555141426332827;3.696845502136472;9.457159069415548E-5;3.310005674295442E-4;0.04187157177983734;9.457159069415548E-5;0.0035227917533572914;4;9.457159069415548E-5;14;3.310005674295442E-4;1771;0.04187157177983734;4;9.457159069415548E-5;149;0.0035227917533572914;444612x54001-NZ-CM000770_587151_aligned_22081_R_66_342_2;0.8957151937312423;0.07555141426332827;0.8957151937312423;0.07555141426332827;
180;11;Rickettsia akari;species;786;0;0;0;0;0;;0;0;0;;;0.0;;0;114277;;;;;;;;;;;28;4.455193482688391E-5;155;2.466267820773931E-4;12034;0.019147785132382893;31;4.932535641547861E-5;1052;0.0016738798370672097;;0.9089728192350742;0.06149962389041439;0.9095642654010545;0.06149689846803851;
181;12;Rickettsia akari str. Hartford;strain;293614;28;1052;155;155;31;5.0;28;31;12034;429.7857142857143;2.466267820773931E-4;154.98101128101737;1.0001225228744197;628480;786;0.9089728192350742;0.06149962389041439;0.9095642654010545;0.06149689846803851;6.022181221672648;4.455193482688391E-5;2.466267820773931E-4;0.019147785132382893;4.932535641547861E-5;0.0016738798370672097;28;4.455193482688391E-5;155;2.466267820773931E-4;12034;0.019147785132382893;31;4.932535641547861E-5;1052;0.0016738798370672097;444612x54001-NZ-CM000770_874548_aligned_30148_R_148_333_99;0.9089728192350742;0.06149962389041439;0.9095642654010545;0.06149689846803851;
182;11;Rickettsia australis;species;787;27;1373;516;516;57;9.052631578947368;55;28;14241;527.4444444444445;0.0010286117528859936;515.7352229102303;1.0005133973364775;501647;114277;0.8922152798139252;0.09139398805240617;0.8925179720849777;0.09134073594993844;9.54018016569839;5.38227079998485E-5;0.0010286117528859936;0.028388488319475647;5.5816141629472516E-5;0.0027369843734737775;27;5.38227079998485E-5;516;0.0010286117528859936;14241;0.028388488319475647;28;5.5816141629472516E-5;1373;0.0027369843734737775;1196662x179770-NZ-AKVZ01000059_380_aligned_20532_F_47_4304_39;0.8922152798139252;0.09139398805240617;0.8925179720849777;0.09134073594993844;
183;11;Rickettsia amblyommatis;species;33989;65;2387;644;644;80;8.05;31;68;25095;386.0769230769231;0.0013100267904547053;643.5790096665847;1.0006541393163728;491593;114277;0.8939639130629248;0.075746229668382;0.8942073294670492;0.0758224136630149;7.5202679726022295;1.3222320089993145E-4;0.0013100267904547053;0.05104832656282738;1.3832581017223598E-4;0.004855642777663636;1826;0.1382114410500482;19392;1.4725380249489366;940104;71.81698132953979;1830;0.13824347861445302;91311;6.979579876067893;33989x87443-NZ-CP012420_1108968_aligned_100205_F_48_287_54;0.8914410074995271;0.08060586380975056;0.8914510179424214;0.08060659461056828;
184;12;Rickettsia amblyommatis str. Ac/Pa;strain;1359164;3;109;9;9;4;2.25;5;4;1169;389.6666666666667;2.3341459619274858E-4;8.999066398097868;1.000103744306446;38558;33989;0.8899535122691051;0.1559517432324678;0.8899535122691051;0.1559517432324678;1.8929694486000912;7.780486539758286E-5;2.3341459619274858E-4;0.03031796254992479;1.0373982053011048E-4;0.0028269101094455106;3;7.780486539758286E-5;9;2.3341459619274858E-4;1169;0.03031796254992479;4;1.0373982053011048E-4;109;0.0028269101094455106;1462938x212560-NZ-CP113531_1164492_aligned_96741_F_10_207_59;0.8899535122691051;0.1559517432324678;0.8899535122691051;0.1559517432324678;
185;12;Rickettsia amblyommatis str. Darkwater;strain;1359166;1758;88815;18739;975;2048;9.14990234375;39;1758;913840;519.8179749715586;0.07653661982887197;9813.059897324023;0.0993573880320325;12739;33989;0.8913502643960405;0.08069598349435575;0.8913516620083596;0.08069384263978438;7.686231416349049;0.13800141298375068;1.470994583562289;71.73561504042704;0.13800141298375068;6.971897323180784;1758;0.13800141298375068;18739;1.470994583562289;913840;71.73561504042704;1758;0.13800141298375068;88815;6.971897323180784;1359166x139103-NZ-LAOH01000004_1760_aligned_10698_R_99_389_2;0.8913502643960405;0.08069598349435575;0.8913516620083596;0.08069384263978438;
186;11;Rickettsia montanensis;species;33991;0;0;0;0;0;;0;0;0;;;0.0;;0;114277;;;;;;;;;;;25;9.676008530369121E-5;93;3.599475173297313E-4;10498;0.04063149502072601;26;1.0063048871583885E-4;1105;0.004276795770423151;;0.882628769423418;0.09279352277364125;0.8835735944041174;0.09139729673837867;
187;12;Rickettsia montanensis str. OSU 85-930;strain;1105114;25;1105;93;93;26;3.576923076923077;17;26;10498;419.92;3.599475173297313E-4;92.98344435674072;1.0001780493653878;258371;33991;0.882628769423418;0.09279352277364125;0.8835735944041174;0.09139729673837867;4.090702403481113;9.676008530369121E-5;3.599475173297313E-4;0.04063149502072601;1.0063048871583885E-4;0.004276795770423151;25;9.676008530369121E-5;93;3.599475173297313E-4;10498;0.04063149502072601;26;1.0063048871583885E-4;1105;0.004276795770423151;444612x54001-NZ-CM000770_533751_aligned_110641_R_80_239_49;0.882628769423418;0.09279352277364125;0.8835735944041174;0.09139729673837867;
188;11;Rickettsia rhipicephali;species;33992;33;1203;248;245;43;5.767441860465116;62;42;12054;365.27272727272725;6.575010130882956E-4;247.9178224106114;0.988230687159801;372623;114277;0.8833805406024146;0.11048932864570192;0.8835612767178149;0.1105261250174944;10.512661774537646;8.856136094658677E-5;6.655520459016217E-4;0.03234904984394415;1.1271445938656497E-4;0.003228464158143754;39;1.9052067917861218E-4;289;0.001362274053820462;14677;0.0769222651310446;50;2.4866021702926554E-4;1576;0.009566935108234668;33992x184994-NZ-CP013134_14062_aligned_102408_R_92_147_1;0.8761629617246015;0.10508977304343195;0.8763158922837864;0.10513314848668959;
189;12;Rickettsia rhipicephali str. 3-7-female6-CWPP;strain;1105113;6;373;41;41;8;5.125;19;8;2623;437.1666666666667;6.967220079188404E-4;40.98606863774058;1.000339904819429;58847;33992;0.8364662778966302;0.05973293126532595;0.8364662778966302;0.05973293126532595;7.414994461032514;1.0195931823202543E-4;6.967220079188404E-4;0.04457321528710045;1.3594575764270056E-4;0.006338470950090914;6;1.0195931823202543E-4;41;6.967220079188404E-4;2623;0.04457321528710045;8;1.3594575764270056E-4;373;0.006338470950090914;444612x54001-NZ-CM000770_1350213_aligned_85438_R_122_205_1;0.8364662778966302;0.05973293126532595;0.8364662778966302;0.05973293126532595;
190;11;Rickettsia africae;species;35788;0;0;0;0;0;;0;0;0;;;0.0;;0;114277;;;;;;;;;;;9;6.89137659075943E-5;43;3.292546593362839E-4;3902;0.02987794606349255;11;8.422793610928192E-5;296;0.002266497189849768;;0.8829621904668841;0.11694276432716923;0.8829621904668841;0.11694276432716923;
191;12;Rickettsia africae ESF-5;strain;347255;9;296;43;43;11;3.909090909090909;17;11;3902;433.55555555555554;3.292546593362839E-4;42.993086375779235;1.0001608078136177;130598;35788;0.8829621904668841;0.11694276432716923;0.8829621904668841;0.11694276432716923;5.262215226585576;6.89137659075943E-5;3.292546593362839E-4;0.02987794606349255;8.422793610928192E-5;0.002266497189849768;9;6.89137659075943E-5;43;3.292546593362839E-4;3902;0.02987794606349255;11;8.422793610928192E-5;296;0.002266497189849768;444612x54001-NZ-CM000770_965030_aligned_142490_F_31_161_33;0.8829621904668841;0.11694276432716923;0.8829621904668841;0.11694276432716923;
192;11;Rickettsia helvetica;species;35789;20;868;90;88;25;3.6;19;25;9852;492.6;3.3282778809459875E-4;89.98485423281065;0.9779423520798801;264401;114277;0.9045856541734505;0.07044991144227336;0.904974201239469;0.0706497900359302;4.444097208657794;7.564267911240881E-5;3.4039205600583963E-4;0.037261583730772575;9.4553348890511E-5;0.0032828922734785423;20;7.564267911240881E-5;90;3.4039205600583963E-4;9852;0.037261583730772575;25;9.4553348890511E-5;868;0.0032828922734785423;1462938x212560-NZ-CP113531_1384230_aligned_100254_R_83_186_7;0.9045856541734505;0.07044991144227336;0.904974201239469;0.0706497900359302;
193;11;Rickettsia japonica;species;35790;13;383;73;73;15;4.866666666666666;17;14;4495;345.7692307692308;8.242440665718222E-4;72.97033514149409;1.0004065331267615;88566;114277;0.8919857409013091;0.08283337198277137;0.8919857409013091;0.08283337198277137;5.026595932305149;1.467831899374478E-4;8.242440665718222E-4;0.05075311067452521;1.5807420454802068E-4;0.004324458595849423;14;4.845069319165089E-4;78;0.002512862776467128;4938;0.20036472837124927;15;4.957979465270818E-4;425;0.01850885575896999;652620x90159-NZ-AMRT02000009_16093_aligned_92196_R_50_102_59;0.8924371226044844;0.07960164853282893;0.8924371226044844;0.07960164853282893;
194;12;Rickettsia japonica YH;strain;652620;1;42;5;5;1;5.0;5;1;443;443.0;0.0016886187098953055;4.996623902960584;1.0006756756371868;2961;35790;0.8983050847457628;;0.8983050847457628;;;3.3772374197906115E-4;0.0016886187098953055;0.14961161769672407;3.3772374197906115E-4;0.014184397163120567;1;3.3772374197906115E-4;5;0.0016886187098953055;443;0.14961161769672407;1;3.3772374197906115E-4;42;0.014184397163120567;1462938x212560-NZ-CP113531_1314697_aligned_102921_R_130_273_46;0.8983050847457628;;0.8983050847457628;;
195;11;Rickettsia massiliae;species;35791;0;0;0;0;0;;0;0;0;;0.0;0.0;;1397;114277;;;;;;0.0;0.0;0.0;0.0;0.0;9;7.032733467215741E-5;34;2.6568104209481687E-4;3802;0.02970939182483805;11;8.595563126597016E-5;207;0.0016175286974596205;;0.9276981014635844;0.08412393947459179;0.9311517699252414;0.07924338670380313;
196;12;Rickettsia massiliae MTU5;strain;416276;9;207;34;34;11;3.090909090909091;8;11;3802;422.44444444444446;2.6568104209481687E-4;33.995616628007966;1.0001289393288553;127973;35791;0.9276981014635844;0.08412393947459179;0.9311517699252414;0.07924338670380313;2.5477262590217755;7.032733467215741E-5;2.6568104209481687E-4;0.02970939182483805;8.595563126597016E-5;0.0016175286974596205;9;7.032733467215741E-5;34;2.6568104209481687E-4;3802;0.02970939182483805;11;8.595563126597016E-5;207;0.0016175286974596205;444612x46237-NZ-GG688312_9583_aligned_73472_F_45_159_32;0.9276981014635844;0.08412393947459179;0.9311517699252414;0.07924338670380313;
197;11;Rickettsia parkeri;species;35792;11;416;57;57;13;4.384615384615385;14;13;4662;423.8181818181818;2.9872335073265834E-4;56.99163655014878;1.0001467487224;190812;114277;0.9102907064100065;0.06579182939005994;0.9102907064100065;0.06579182939005994;4.68220855185637;5.7648365930863886E-5;2.9872335073265834E-4;0.024432425633607948;6.812988700920278E-5;0.002180156384294489;11;5.7648365930863886E-5;57;2.9872335073265834E-4;4662;0.024432425633607948;13;6.812988700920278E-5;416;0.002180156384294489;1462938x212560-NZ-CP113531_1321865_aligned_79931_F_74_166_67;0.9102907064100065;0.06579182939005994;0.9102907064100065;0.06579182939005994;
198;11;Rickettsia slovaca;species;35794;8;249;60;60;9;6.666666666666667;27;9;2988;373.5;8.749161538685876E-4;59.97419724804416;1.000430230884944;68578;114277;0.9045608888517309;0.04895564556269898;0.9052170568307335;0.04960416944087931;8.093207028119323;1.1665548718247835E-4;8.749161538685876E-4;0.043570824462655665;1.3123742308028815E-4;0.0036309020385546383;8;1.1665548718247835E-4;60;8.749161538685876E-4;2988;0.043570824462655665;9;1.3123742308028815E-4;249;0.0036309020385546383;1462938x212560-NZ-CP113531_1234927_aligned_93284_R_47_332_89;0.9045608888517309;0.04895564556269898;0.9052170568307335;0.04960416944087931;
199;11;Rickettsia honei;species;37816;0;0;0;0;0;;0;0;0;;;0.0;;0;114277;;;;;;;;;;;12;7.392895427494178E-5;48;2.9571581709976713E-4;6128;0.03775305264973693;13;8.008970046452026E-5;534;0.0032898384652349094;;0.9109212177902754;0.06513868057390561;0.9109212177902754;0.06513868057390561;
200;12;Rickettsia honei RB;strain;1175313;12;534;48;48;13;3.6923076923076925;12;13;6128;510.6666666666667;2.9571581709976713E-4;47.993051334356025;1.0001447848271943;162318;37816;0.9109212177902754;0.06513868057390561;0.9109212177902754;0.06513868057390561;3.568020351787421;7.392895427494178E-5;2.9571581709976713E-4;0.03775305264973693;8.008970046452026E-5;0.0032898384652349094;12;7.392895427494178E-5;48;2.9571581709976713E-4;6128;0.03775305264973693;13;8.008970046452026E-5;534;0.0032898384652349094;1462938x212560-NZ-CP113531_956265_aligned_96012_R_139_264_3;0.9109212177902754;0.06513868057390561;0.9109212177902754;0.06513868057390561;
201;11;Rickettsia felis;species;42862;77;4389;1285;1280;136;9.448529411764707;51;84;52250;678.5714285714286;0.0024120906041533185;1283.4466409113652;0.9973145428867087;530660;114277;0.9047391541428855;0.07231230023223796;0.9050619816027298;0.07236068761591227;10.240674061249981;1.4510232540609807E-4;0.0024215128330757926;0.09846229223985226;1.5829344589756152E-4;0.00827083254814759;81;2.317049061630046E-4;1291;0.0025514167042111524;53951;0.13529003970672676;90;2.8819731703292136E-4;4536;0.011453477390963907;42862x66326-NZ-JSEL01000012_124860_aligned_3413_R_74_565_63;0.9044355327909263;0.07368113989007073;0.9047424181539879;0.07372756840134014;
202;12;Rickettsia felis str. LSU;strain;1359195;4;147;6;6;6;1.0;1;6;1701;425.25;1.2990387113535984E-4;5.999675249693057;1.0000541279808368;46188;42862;0.8985908217657081;0.11069456928143574;0.8985908217657081;0.11069456928143574;0.0;8.660258075690655E-5;1.2990387113535984E-4;0.03682774746687451;1.2990387113535984E-4;0.003182644842816316;4;8.660258075690655E-5;6;1.2990387113535984E-4;1701;0.03682774746687451;6;1.2990387113535984E-4;147;0.003182644842816316;1462938x148930-NZ-JFKF01000207_16052_aligned_40465_R_228_419_2;0.8985908217657081;0.11069456928143574;0.8985908217657081;0.11069456928143574;
203;11;Rickettsia peacockii;species;47589;0;0;0;0;0;;0;0;0;;;0.0;;0;114277;;;;;;;;;;;5;4.263592332355549E-5;43;3.6666894058257727E-4;1454;0.012398526502489939;9;7.67446619823999E-5;147;0.0012534961457125314;;0.883562349558806;0.046355796518339244;0.883562349558806;0.046355796518339244;
204;12;Rickettsia peacockii str. Rustic;strain;562019;5;147;43;42;9;4.777777777777778;14;9;1454;290.8;3.5814175591786614E-4;42.99230084950845;0.976919103423147;117272;47589;0.883562349558806;0.046355796518339244;0.883562349558806;0.046355796518339244;4.603742438977711;4.263592332355549E-5;3.6666894058257727E-4;0.012398526502489939;7.67446619823999E-5;0.0012534961457125314;5;4.263592332355549E-5;43;3.6666894058257727E-4;1454;0.012398526502489939;9;7.67446619823999E-5;147;0.0012534961457125314;444612x54001-NZ-CM000770_1392562_aligned_60493_R_388_427_359;0.883562349558806;0.046355796518339244;0.883562349558806;0.046355796518339244;
205;11;Rickettsia monacensis;species;109232;56;2938;630;614;89;7.078651685393258;29;63;38780;692.5;0.004382364906821215;628.5879413676761;0.9767925211292858;140107;114277;0.9191987122031847;0.05318601277658758;0.9195415500646898;0.05288953996391488;7.16085431530523;3.996945191889056E-4;0.004496563340875189;0.27678845453831713;4.496563340875188E-4;0.020969687453160798;56;3.996945191889056E-4;630;0.004496563340875189;38780;0.27678845453831713;63;4.496563340875188E-4;2938;0.020969687453160798;109232x175602-NZ-LN794217_551909_aligned_4847_F_67_1216_42;0.9191987122031847;0.05318601277658758;0.9195415500646898;0.05288953996391488;
206;11;Rickettsia asiatica;species;238800;20;969;84;83;23;3.652173913043478;13;23;10946;547.3;3.6015239219293755E-4;83.98487539260958;0.9882731814745748;230458;114277;0.9258824699006245;0.05635012244632796;0.9260163984720531;0.056074554470235155;3.675579059539449;8.678370896215363E-5;3.6449157764104523E-4;0.04749672391498668;9.980126530647667E-5;0.0042046706992163434;20;8.678370896215363E-5;84;3.6449157764104523E-4;10946;0.04749672391498668;23;9.980126530647667E-5;969;0.0042046706992163434;1462938x212560-NZ-CP113531_1389064_aligned_123321_F_114_190_74;0.9258824699006245;0.05635012244632796;0.9260163984720531;0.056074554470235155;
207;11;Rickettsia sibirica subgroup;;266068;0;0;0;0;0;;0;0;0;;;0.0;;0;114277;;;;;;;;;;;12;1.43490820811305E-4;68;7.893710195457982E-4;5926;0.0675720573510033;15;1.7342761808456539E-4;453;0.005066559917782379;;0.9289064510679994;0.05671479203614268;0.9291837666531354;0.05673825298203307;
208;12;Rickettsia sibirica;species;35793;3;187;22;22;6;3.6666666666666665;13;5;2174;724.6666666666666;1.8471252015045674E-4;21.998060627134144;1.000088161083776;119104;266068;0.9284531701367517;0.03542175241280126;0.9284531701367517;0.03542175241280126;4.633213427705081;2.5188070929607738E-5;1.8471252015045674E-4;0.01825295540032241;4.1980118216012894E-5;0.0015700564212788822;12;1.43490820811305E-4;68;7.893710195457982E-4;5926;0.0675720573510033;15;1.7342761808456539E-4;453;0.005066559917782379;444612x54001-NZ-CM000770_1698265_aligned_7864_R_194_1400_6;0.9289064510679994;0.05671479203614268;0.9291837666531354;0.05673825298203307;
209;13;Rickettsia sibirica subsp. mongolitimonae;subspecies;45261;0;0;0;0;0;;0;0;0;;;0.0;;0;35793;;;;;;;;;;;9;1.1830274988169724E-4;46;6.046584993953415E-4;3752;0.0493191019506809;10;1.314474998685525E-4;266;0.0034965034965034965;;0.9290575447117487;0.06410150256656576;0.9294272988252632;0.06412876372280123;
210;14;Rickettsia sibirica subsp. mongolitimonae HA-91;strain;1144280;9;266;46;46;10;4.6;11;10;3752;416.8888888888889;6.046584993953415E-4;45.986397806121715;1.0002957873311937;76076;45261;0.9290575447117487;0.06410150256656576;0.9294272988252632;0.06412876372280123;3.533962208186286;1.1830274988169724E-4;6.046584993953415E-4;0.0493191019506809;1.314474998685525E-4;0.0034965034965034965;9;1.1830274988169724E-4;46;6.046584993953415E-4;3752;0.0493191019506809;10;1.314474998685525E-4;266;0.0034965034965034965;1144280x228073-NZ-AHZB01000007_28227_aligned_118779_F_205_87_20;0.9290575447117487;0.06410150256656576;0.9294272988252632;0.06412876372280123;
211;11;Rickettsia tamurae;species;334545;53;1918;290;290;66;4.393939393939394;22;64;23948;451.8490566037736;0.001112983140224362;289.8392331775205;1.000554675848114;260561;114277;0.8990136637973799;0.0838795672280118;0.9002973173238732;0.08132218320154493;4.99808821259547;2.0340726355824547E-4;0.001112983140224362;0.09190938014514835;2.4562386542882473E-4;0.007361040217070091;382;0.008936452149816308;5088;0.12847209974893617;188585;4.462068379959339;405;0.00929719926425557;16595;0.3969504012979503;1462938x212560-NZ-CP113531_787979_aligned_5585_R_46_4657_34;0.8973248317182362;0.08029470734086547;0.8979552299026282;0.07952281360802307;
212;12;Rickettsia tamurae subsp. buchneri;subspecies;1462938;329;14677;4798;4430;440;10.904545454545454;51;341;164637;500.41641337386017;0.11759084755660552;4505.089724385932;0.9833322466410662;37673;334545;0.8970527706234197;0.07983142072236091;0.8975779331447985;0.07934888318140958;10.731342436949262;0.008733044886258062;0.1273591166087118;4.3701589998141905;0.009051575398826745;0.3895893610808802;329;0.008733044886258062;4798;0.1273591166087118;164637;4.3701589998141905;341;0.009051575398826745;14677;0.3895893610808802;1462938x212560-NZ-CP113531_889351_aligned_50478_R_202_325_140;0.8970527706234197;0.07983142072236091;0.8975779331447985;0.07934888318140958;
213;11;Rickettsia gravesii;species;354585;0;0;0;0;0;;0;0;0;;;0.0;;0;114277;;;;;;;;;;;20;6.524412721299924E-5;56;1.8268355619639788E-4;9413;0.030707148472798092;25;8.155515901624905E-5;616;0.0020095191181603764;;0.9324236710114224;0.05529900395869344;0.9324236710114224;0.05529900395869344;
214;12;Rickettsia gravesii BWI-1;strain;1397702;20;616;56;56;25;2.24;14;25;9413;470.65;1.8268355619639788E-4;55.994976496304936;1.000089713470911;306541;354585;0.9324236710114224;0.05529900395869344;0.9324236710114224;0.05529900395869344;2.802974610421341;6.524412721299924E-5;1.8268355619639788E-4;0.030707148472798092;8.155515901624905E-5;0.0020095191181603764;20;6.524412721299924E-5;56;1.8268355619639788E-4;9413;0.030707148472798092;25;8.155515901624905E-5;616;0.0020095191181603764;1462938x212560-NZ-CP113531_672771_aligned_52853_R_101_364_4;0.9324236710114224;0.05529900395869344;0.9324236710114224;0.05529900395869344;
215;11;Rickettsia hoogstraalii;species;467174;33;1619;124;124;40;3.1;17;40;16234;491.93939393939394;2.1563529810710467E-4;123.98673936376815;1.0001069520522912;575045;114277;0.8925633072836305;0.07748056017528243;0.8931064176535178;0.07681621143012529;3.111599473269541;5.738681320592301E-5;2.1563529810710467E-4;0.028230834108634976;6.955977358293698E-5;0.0028154318357693745;33;5.738681320592301E-5;124;2.1563529810710467E-4;16234;0.028230834108634976;40;6.955977358293698E-5;1619;0.0028154318357693745;444612x47881-NZ-CM000773_28117_aligned_55327_R_182_431_178;0.8925633072836305;0.07748056017528243;0.8931064176535178;0.07681621143012529;
216;11;Rickettsia asembonensis;species;1068590;37;2516;367;367;55;6.672727272727273;67;44;25172;680.3243243243244;7.530414049659695E-4;366.8622278134616;1.0003755420321125;487357;114277;0.8905258111058408;0.09547069465202702;0.8917587139454645;0.09557293100694517;10.509351295225821;7.591970567776804E-5;7.530414049659695E-4;0.051650022468129116;9.028289323842686E-5;0.0051625399860882265;37;7.591970567776804E-5;367;7.530414049659695E-4;25172;0.051650022468129116;44;9.028289323842686E-5;2516;0.0051625399860882265;1068590x11875-NZ-JWSW01000011_13707_aligned_16606_F_63_7215_45;0.8905258111058408;0.09547069465202702;0.8917587139454645;0.09557293100694517;
217;11;Rickettsia fournieri;species;1436798;11;417;30;28;16;1.875;7;16;3879;352.6363636363636;2.571567646005345E-4;29.99600522829219;0.933457631671248;108883;114277;0.8922700725167559;0.14638801228586396;0.8934584266462866;0.14701263466503114;1.6683325008322931;1.0102587180735285E-4;2.7552510492914414E-4;0.03562539606733833;1.4694672262887686E-4;0.0038297989585151034;11;1.0102587180735285E-4;30;2.7552510492914414E-4;3879;0.03562539606733833;16;1.4694672262887686E-4;417;0.0038297989585151034;444612x54001-NZ-CM000770_1218843_aligned_118044_R_99_211_71;0.8922700725167559;0.14638801228586396;0.8934584266462866;0.14701263466503114;
218;11;Rickettsia argasii;species;1441385;0;0;0;0;0;;0;0;0;;;0.0;;0;114277;;;;;;;;;;;23;1.5723915391662222E-4;66;4.5120800689117685E-4;8781;0.06003117437138521;29;1.9825806363400194E-4;816;0.0055785717215636405;;0.8993312538072147;0.08089110460260839;0.8993312538072147;0.08089110460260839;
219;12;Rickettsia argasii T170-B;strain;1268837;23;816;66;63;29;2.2758620689655173;14;29;8781;381.7826086956522;4.3069855203248697E-4;65.98533787848567;0.954757557141205;146274;1441385;0.8993312538072147;0.08089110460260839;0.8993312538072147;0.08089110460260839;2.684566361951989;1.5723915391662222E-4;4.5120800689117685E-4;0.06003117437138521;1.9825806363400194E-4;0.0055785717215636405;23;1.5723915391662222E-4;66;4.5120800689117685E-4;8781;0.06003117437138521;29;1.9825806363400194E-4;816;0.0055785717215636405;444612x27776-NZ-GG688305_1309_aligned_59013_F_93_257_23;0.8993312538072147;0.08089110460260839;0.8993312538072147;0.08089110460260839;
220;11;Rickettsia koreansis;species;2358204;18;726;57;57;18;3.1666666666666665;12;18;9487;527.0555555555555;3.619185492780677E-4;56.98986746031403;1.000177795459746;157494;114277;0.9193978441600902;0.0566377557184202;0.9193978441600902;0.0566377557184202;3.6014702879926856;1.1429006819307402E-4;3.619185492780677E-4;0.06023721538598296;1.1429006819307402E-4;0.004609699417120652;18;1.1429006819307402E-4;57;3.619185492780677E-4;9487;0.06023721538598296;18;1.1429006819307402E-4;726;0.004609699417120652;444612x47268-NZ-CM000772_41184_aligned_61_F_118_1553_5;0.9193978441600902;0.0566377557184202;0.9193978441600902;0.0566377557184202;
221;11;unclassified spotted fever group;no rank;2750824;0;0;0;0;0;;0;0;0;;;0.0;;0;114277;;;;;;;;;;;5436;0.10271485905691145;91374;1.7286643917359257;2382991;45.030841274776286;5447;0.10289447351157192;201614;3.8086150665546024;;0.9004256489327689;0.08273961807124641;0.900537448650005;0.08264637787165047;
222;12;Rickettsia endosymbiont of Ixodes scapularis;species;444612;5424;201103;91321;13508;8088;11.290924826904055;123;5433;2377976;438.4174041297935;0.2556638591842529;43453.50782313874;0.3108609793938677;52835;2750824;0.900470194402293;0.08266080638532074;0.900581144048669;0.08256727304516011;10.749243757608788;0.10265922210655816;1.7284186618718653;45.00758966594114;0.10282956373615974;3.806245859752058;5424;0.10265922210655816;91321;1.7284186618718653;2377976;45.00758966594114;5433;0.10282956373615974;201103;3.806245859752058;444612x46237-NZ-GG688312_9112_aligned_112524_R_100_296_2;0.900470194402293;0.08266080638532074;0.900581144048669;0.08256727304516011;
223;12;Rickettsia sp. Tenjiku01;species;1736693;12;511;53;53;15;3.533333333333333;17;14;5015;417.9166666666667;2.4572986406038463E-4;52.993611527265024;1.000120551752388;215684;2750824;0.8802910967078538;0.11598040973071734;0.8807871284538855;0.11605174547703528;4.307247491424303;5.5636950353294636E-5;2.4572986406038463E-4;0.023251608835147715;6.490977541217708E-5;0.002369206802544463;12;5.5636950353294636E-5;53;2.4572986406038463E-4;5015;0.023251608835147715;14;6.490977541217708E-5;511;0.002369206802544463;1462938x212560-NZ-CP113531_1125948_aligned_81335_F_126_212_1;0.8802910967078538;0.11598040973071734;0.8807871284538855;0.11605174547703528;
224;11;Rickettsia tillamookensis;species;2761623;22;999;122;122;27;4.518518518518518;29;27;8770;398.6363636363636;2.2386923100919148E-4;121.98645690381707;1.0001110213094688;544961;114277;0.8778817094591083;0.07778914112656331;0.8778817094591083;0.07778914112656331;7.023971977178037;4.036986132952633E-5;2.2386923100919148E-4;0.016092894720906633;4.954482981350959E-5;0.001833158703099855;22;4.036986132952633E-5;122;2.2386923100919148E-4;8770;0.016092894720906633;27;4.954482981350959E-5;999;0.001833158703099855;444612x54001-NZ-CM000770_21485_aligned_38539_F_114_434_5;0.8778817094591083;0.07778914112656331;0.8778817094591083;0.07778914112656331;
225;11;Candidatus Rickettsia kedanie;species;3115352;39;1527;140;140;44;3.1818181818181817;22;44;18336;470.15384615384613;2.7788253508267003E-4;139.980688928036;1.0001379552573422;503810;114277;0.8968883940845831;0.08715207517309011;0.8969492991336117;0.08712634177952777;4.287747428742159;7.741013477302952E-5;2.7788253508267003E-4;0.03639467259482741;8.733451102598202E-5;0.003030904507651694;39;7.741013477302952E-5;140;2.7788253508267003E-4;18336;0.03639467259482741;44;8.733451102598202E-5;1527;0.003030904507651694;1462938x212560-NZ-CP113531_352206_aligned_41795_R_324_287_31;0.8968883940845831;0.08715207517309011;0.8969492991336117;0.08712634177952777;
226;10;typhus group;species group;114292;9;347;46;46;15;3.066666666666667;15;15;3535;392.77777777777777;3.208347282669345E-4;45.99278195705691;1.000156938602884;143376;780;0.8914464617281977;0.13691205797175474;0.8914464617281977;0.13691205797175474;3.65409098851971;6.277201205222631E-5;3.208347282669345E-4;0.024655451400513336;1.0462002008704386E-4;0.0024202097980136144;41;9.963965253475331E-5;189;4.849861719884705E-4;17517;0.04078233080439017;58;1.5412623099739583E-4;1096;0.0032795708662892646;444612x54001-NZ-CM000770_1611726_aligned_126948_F_71_178_2;0.9201716932973876;0.08937493972192458;0.9214723219225622;0.08819944312895003;
227;11;Rickettsia prowazekii;species;782;17;517;96;96;24;4.0;17;24;6827;401.5882352941176;1.0925317488588165E-4;95.99481066367329;1.000054058508901;878693;114292;0.9057595520209676;0.08355605652669394;0.907255482034072;0.08078866847353335;4.0;1.934691638604154E-5;1.0925317488588165E-4;0.007769494009853271;2.7313293721470412E-5;5.883738689166752E-4;17;1.934691638604154E-5;96;1.0925317488588165E-4;6827;0.007769494009853271;24;2.7313293721470412E-5;517;5.883738689166752E-4;1462938x212560-NZ-CP113531_401432_aligned_130932_R_75_170_0;0.9057595520209676;0.08355605652669394;0.907255482034072;0.08078866847353335;
228;11;Rickettsia typhi;species;785;15;232;47;47;19;2.473684210526316;10;19;7155;477.0;5.489826883565444E-5;46.998737362167475;1.0000268653564626;856129;114292;0.9537405923521776;0.046283046696573064;0.9556002565794698;0.04452664533272825;2.2941573387056176;1.752072409648546E-5;5.489826883565444E-5;0.008357385394023564;2.2192917188881583E-5;2.709871993589751E-4;15;1.752072409648546E-5;47;5.489826883565444E-5;7155;0.008357385394023564;19;2.2192917188881583E-5;232;2.709871993589751E-4;1462938x212560-NZ-CP113531_1328409_aligned_28576_R_45_403_45;0.9537405923521776;0.046283046696573064;0.9556002565794698;0.04452664533272825;
229;10;unclassified Rickettsia;no rank;114295;77;2169;1237;1226;167;7.407185628742515;62;135;32633;423.8051948051948;2.994164066514402E-4;1236.8133190201474;0.9912571130550937;4094632;780;0.9154653307636419;0.08679204272937198;0.9159277128039953;0.08684772590364538;9.818322979408704;1.8805108737488496E-5;3.0210285075679574E-4;0.007969702771824183;3.2969995838453856E-5;5.297179331378253E-4;343;0.0023420323366049396;4778;0.023072317054740873;162887;1.0354833425795087;592;0.003909492524977536;11626;0.07718153843488;3066267x246428-NZ-OZ198175_853030_aligned_119445_R_35_159_154;0.9184602688238676;0.07128750475400027;0.9194005893206676;0.0709264774916253;
230;11;Rickettsia sp.;species;789;21;790;157;157;48;3.2708333333333335;20;47;10813;514.9047619047619;3.0421286374751497E-4;156.9762737728031;1.000151145307674;516086;114295;0.9288969444273605;0.06073862018515388;0.9302345992369286;0.05667858837041076;3.6828503261499366;4.069089260317079E-5;3.0421286374751497E-4;0.020951934367527892;9.107009296900129E-5;0.0015307526265002345;21;4.069089260317079E-5;157;3.0421286374751497E-4;10813;0.020951934367527892;47;9.107009296900129E-5;790;0.0015307526265002345;444612x54001-NZ-CM000770_1696242_aligned_34828_R_162_270_2;0.9288969444273605;0.06073862018515388;0.9302345992369286;0.05667858837041076;
231;11;Rickettsia endosymbiont of Ixodes pacificus;species;1133329;93;3991;1725;1710;193;8.937823834196891;68;127;56493;607.4516129032259;0.009225540179655257;1717.0026258916878;0.9959215986125525;185355;114295;0.9250538250095802;0.057020568422619336;0.9263252649485136;0.056744689327425574;10.501798924770174;5.017399045075666E-4;0.009306465970704864;0.3047827142510318;6.851716975533436E-4;0.021531655471932237;93;5.017399045075666E-4;1725;0.009306465970704864;56493;0.3047827142510318;127;6.851716975533436E-4;3991;0.021531655471932237;1133329x66257-NZ-KR611317_87541_aligned_7546_F_64_509_59;0.9250538250095802;0.057020568422619336;0.9263252649485136;0.056744689327425574;
232;11;Rickettsia sp. MEAM1 (Bemisia tabaci);species;1182263;8;306;68;67;16;4.25;27;15;3476;434.5;0.009166780681351757;67.68926549924956;0.9898172111313986;7309;114295;0.8879258112935386;0.08125899639152663;0.8920855450705769;0.07788981093511049;6.557438524302;0.0010945409768778219;0.009303598303461487;0.4755780544534136;0.002052264331645916;0.041866192365576683;8;0.0010945409768778219;68;0.009303598303461487;3476;0.4755780544534136;15;0.002052264331645916;306;0.041866192365576683;1462938x212560-NZ-CP113531_344706_aligned_65316_F_61_564_1;0.8879258112935386;0.08125899639152663;0.8920855450705769;0.07788981093511049;
233;11;Rickettsia endosymbiont of Proechinophthirus fluctus;species;1462733;7;234;41;41;15;2.7333333333333334;10;15;2984;426.2857142857143;1.7879024415770172E-4;40.99642439808201;1.0000872174090907;229319;114295;0.908758378289269;0.044745505446446995;0.9105530660136049;0.04753406937472605;2.6850556436550455;3.052516363668078E-5;1.7879024415770172E-4;0.013012441184550779;6.541106493574453E-5;0.0010204126129976147;7;3.052516363668078E-5;41;1.7879024415770172E-4;2984;0.013012441184550779;15;6.541106493574453E-5;234;0.0010204126129976147;444612x54001-NZ-CM000770_362785_aligned_7861_R_78_437_52;0.908758378289269;0.044745505446446995;0.9105530660136049;0.04753406937472605;
234;11;Rickettsia sp. TH2014;species;1967503;18;622;134;133;39;3.4358974358974357;28;39;6893;382.94444444444446;2.349603305697523E-4;133.98425888171238;0.992653921513412;566053;114295;0.8987596023642787;0.09926296980307962;0.8992896450363776;0.09960823649660532;5.040858697707804;3.179914248312437E-5;2.3672694959659256E-4;0.012177304952009794;6.889814204676948E-5;0.0010988370346946311;18;3.179914248312437E-5;134;2.3672694959659256E-4;6893;0.012177304952009794;39;6.889814204676948E-5;622;0.0010988370346946311;1462938x212560-NZ-CP113531_734095_aligned_48119_R_231_278_21;0.8987596023642787;0.09926296980307962;0.8992896450363776;0.09960823649660532;
235;11;Rickettsia endosymbiont of Halotydeus destructor;species;2996754;4;193;16;16;6;2.6666666666666665;6;6;2046;511.5;1.246465102872323E-5;15.999906515336171;1.0000058428256278;1283630;114295;0.9008351962881218;0.0715551389315981;0.9008351962881218;0.0715551389315981;1.8618986725025257;3.1161627571808075E-6;1.246465102872323E-5;0.0015939172502979831;4.674244135771211E-6;1.5035485303397397E-4;4;3.1161627571808075E-6;16;1.246465102872323E-5;2046;0.0015939172502979831;6;4.674244135771211E-6;193;1.5035485303397397E-4;1462938x212560-NZ-CP113531_61600_aligned_128361_R_38_152_35;0.9008351962881218;0.0715551389315981;0.9008351962881218;0.0715551389315981;
236;11;Rickettsia endosymbiont of Aspidapion aeneum;species;3066247;1;7;3;3;1;3.0;3;1;333;333.0;2.5931368311867925E-4;2.999740693788272;1.0000864428756342;11569;114295;0.9735973597359736;;0.976897689768977;;;8.643789437289307E-5;2.5931368311867925E-4;0.028783818826173393;8.643789437289307E-5;6.050652606102515E-4;1;8.643789437289307E-5;3;2.5931368311867925E-4;333;0.028783818826173393;1;8.643789437289307E-5;7;6.050652606102515E-4;1462938x212560-NZ-CP113531_879464_aligned_65206_R_29_265_40;0.9735973597359736;;0.976897689768977;;
237;11;Rickettsia endosymbiont of Cantharis rufa;species;3066248;27;780;251;251;62;4.048387096774194;31;58;11375;421.2962962962963;2.616311188847635E-4;250.96729892770654;1.0001303001324602;959366;114295;0.9160492076425316;0.08612992845819482;0.9166183147905284;0.08515766620477926;5.302110372773909;2.8143586493580136E-5;2.616311188847635E-4;0.011856788754239778;6.0456593208431404E-5;8.130369431478706E-4;27;2.8143586493580136E-5;251;2.616311188847635E-4;11375;0.011856788754239778;58;6.0456593208431404E-5;780;8.130369431478706E-4;444612x54001-NZ-CM000770_1263084_aligned_124270_R_64_210_1;0.9160492076425316;0.08612992845819482;0.9166183147905284;0.08515766620477926;
238;11;Rickettsia endosymbiont of Ceutorhynchus obstrictus;species;3066249;1;4;1;1;1;1.0;1;1;325;325.0;9.091983598061589E-6;1.0000000000051572;0.9999999999948428;109987;114295;0.9864406779661017;;0.9864406779661017;;;9.091983598061589E-6;9.091983598061589E-6;0.0029548946693700165;9.091983598061589E-6;3.6367934392246356E-5;1;9.091983598061589E-6;1;9.091983598061589E-6;325;0.0029548946693700165;1;9.091983598061589E-6;4;3.6367934392246356E-5;444612x54001-NZ-CM000770_1353415_aligned_60843_F_60_264_10;0.9864406779661017;;0.9864406779661017;;
239;11;Rickettsia endosymbiont of Orchestes rusci;species;3066250;3;18;4;4;4;1.0;1;4;925;308.3333333333333;9.665594591133267E-6;3.9999855015339003;1.0000036246296629;413839;114295;0.976870759783322;0.013985093423966808;0.976870759783322;0.013985093423966808;0.0;7.24919594334995E-6;9.665594591133267E-6;0.002235168749199568;9.665594591133267E-6;4.34951756600997E-5;3;7.24919594334995E-6;4;9.665594591133267E-6;925;0.002235168749199568;4;9.665594591133267E-6;18;4.34951756600997E-5;1462938x212560-NZ-CP113531_125940_aligned_81337_F_141_162_3;0.976870759783322;0.013985093423966808;0.976870759783322;0.013985093423966808;
240;11;Rickettsia endosymbiont of Polydrusus tereticollis;species;3066251;9;214;89;86;24;3.7083333333333335;15;23;4203;467.0;6.988585851526681E-5;88.9968178339713;0.9663266855275428;1230578;114295;0.9457140447803215;0.040069238826058375;0.9518394186644953;0.03420958163641345;3.8047929346236855;7.313636356248852E-6;7.232373730068309E-5;0.003415468178368214;1.8690404021524846E-5;1.739020200263616E-4;9;7.313636356248852E-6;89;7.232373730068309E-5;4203;0.003415468178368214;23;1.8690404021524846E-5;214;1.739020200263616E-4;444612x47268-NZ-CM000772_47157_aligned_75100_R_98_268_17;0.9457140447803215;0.040069238826058375;0.9518394186644953;0.03420958163641345;
241;11;Rickettsia endosymbiont of Rhinocyllus conicus;species;3066252;3;110;47;45;11;4.2727272727272725;19;11;1270;423.3333333333333;4.2379665294821204E-4;46.989820900361785;0.9576542139928338;106183;114295;0.8932516596382142;0.05695627355955996;0.8932516596382142;0.05695627355955996;5.197901674539623;2.825311019654747E-5;4.4263205974591035E-4;0.011960483316538428;1.0359473738734072E-4;0.0010359473738734072;3;2.825311019654747E-5;47;4.4263205974591035E-4;1270;0.011960483316538428;11;1.0359473738734072E-4;110;0.0010359473738734072;444612x44192-NZ-GG688316_3541_aligned_48446_F_83_5568_6;0.8932516596382142;0.05695627355955996;0.8932516596382142;0.05695627355955996;
242;11;Rickettsia endosymbiont of Urophora cardui;species;3066265;34;752;375;367;63;5.9523809523809526;31;52;12096;355.7647058823529;7.306987032586773E-4;374.86041535798813;0.9790310872102046;502259;114295;0.9282325058798626;0.05312024936574217;0.9283566061528832;0.05315572505257922;7.232160636036633;6.769415779508182E-5;7.466267403869318E-4;0.024083192137920872;1.0353224133365456E-4;0.0014972354900559272;34;6.769415779508182E-5;375;7.466267403869318E-4;12096;0.024083192137920872;52;1.0353224133365456E-4;752;0.0014972354900559272;3066265x73211-NZ-CAXIPY010000004_525057_aligned_140269_F_19_227_77;0.9282325058798626;0.05312024936574217;0.9283566061528832;0.05315572505257922;
243;11;Rickettsia endosymbiont of Gonocerus acuteangulatus;species;3066266;24;1154;553;549;48;11.520833333333334;77;28;12845;535.2083333333334;7.96336561711732E-4;552.7786686957246;0.9931642284521572;689407;114295;0.8989879633074747;0.07064426762186811;0.8992878132374678;0.07066050619844833;14.966614738730621;3.481252728794457E-5;8.021386495930561E-4;0.018631954708902;4.061461516926866E-5;0.0016739023537620014;24;3.481252728794457E-5;553;8.021386495930561E-4;12845;0.018631954708902;28;4.061461516926866E-5;1154;0.0016739023537620014;3066266x73572-NZ-OZ032147_1635138_aligned_84718_R_184_344_44;0.8989879633074747;0.07064426762186811;0.8992878132374678;0.07066050619844833;
244;11;Rickettsia endosymbiont of Pantilius tunicatus;species;3066267;7;203;54;54;14;3.857142857142857;11;14;2069;295.57142857142856;1.6832707821598235E-4;53.99553957280114;1.0000826073270894;320804;114295;0.8731867281713441;0.07257701794759737;0.8731867281713441;0.07257701794759737;3.59180997563887;2.182017680577549E-5;1.6832707821598235E-4;0.0064494208301642125;4.364035361155098E-5;6.327851273674891E-4;7;2.182017680577549E-5;54;1.6832707821598235E-4;2069;0.0064494208301642125;14;4.364035361155098E-5;203;6.327851273674891E-4;3066267x246428-NZ-OZ198175_1643661_aligned_117621_R_53_139_70;0.8731867281713441;0.07257701794759737;0.8731867281713441;0.07257701794759737;
245;11;Rickettsia endosymbiont of Nabis limbatus;species;3066268;4;46;16;16;13;1.2307692307692308;3;13;1639;409.75;9.228763749415992E-5;15.999307861434964;1.0000432605317073;173371;114295;0.9696231279704094;0.03276772472224593;0.9696231279704094;0.03276772472224593;0.599144689515278;2.307190937353998E-5;9.228763749415992E-5;0.009453714865808007;7.498370546400493E-5;2.653269577957098E-4;4;2.307190937353998E-5;16;9.228763749415992E-5;1639;0.009453714865808007;13;7.498370546400493E-5;46;2.653269577957098E-4;1462938x212560-NZ-CP113531_430200_aligned_91361_R_70_304_2;0.9696231279704094;0.03276772472224593;0.9696231279704094;0.03276772472224593;
246;11;Rickettsia endosymbiont of Lasioglossum villosulum;species;3066269;1;27;1;1;1;1.0;1;1;201;201.0;3.9761431411530815E-5;0.9999999999989517;1.0000000000010483;25150;114295;0.8421052631578947;;0.8421052631578947;;;3.9761431411530815E-5;3.9761431411530815E-5;0.007992047713717693;3.9761431411530815E-5;0.001073558648111332;1;3.9761431411530815E-5;1;3.9761431411530815E-5;201;0.007992047713717693;1;3.9761431411530815E-5;27;0.001073558648111332;33992x184994-NZ-CP013134_4722_aligned_89926_R_123_79_2;0.8421052631578947;;0.8421052631578947;;
247;11;Rickettsia endosymbiont of Seladonia tumulorum;species;3066270;0;0;5;5;1;5.0;5;1;0;;2.5699013157894735E-4;4.999486046156335;1.0001028013357613;19456;114295;;;;;;0.0;2.5699013157894735E-4;0.0;5.139802631578947E-5;0.0;0;0.0;5;2.5699013157894735E-4;0;0.0;1;5.139802631578947E-5;0;0.0;1462938x212560-NZ-CP113531_1702928_aligned_105464_R_26_182_52;;;;;
248;11;Rickettsia sp. R1;species;3405422;1;6;1;1;1;1.0;1;1;268;268.0;2.671653753673524E-4;0.999999999999828;1.000000000000172;3743;114295;0.9747899159663865;;0.9747899159663865;;;2.671653753673524E-4;2.671653753673524E-4;0.07160032059845044;2.671653753673524E-4;0.0016029922522041143;1;2.671653753673524E-4;1;2.671653753673524E-4;268;0.07160032059845044;1;2.671653753673524E-4;6;0.0016029922522041143;1462938x212560-NZ-CP113531_1667014_aligned_137021_R_84_166_5;0.9747899159663865;;0.9747899159663865;;
249;10;belli group;species group;1129742;3;87;20;20;9;2.2222222222222223;7;9;906;302.0;2.823981248764508E-4;19.997317445028745;1.000134145741229;70822;780;0.8886560584432108;0.08281451680039457;0.8886560584432108;0.08281451680039457;2.223610677354389;4.2359718731467624E-5;2.823981248764508E-4;0.012792635056903222;1.2707915619440286E-4;0.001228431843212561;60;2.0287131666635284E-4;326;0.0012367391388325571;24167;0.080330361314093;97;3.6603748740219157E-4;1645;0.005321177810506818;444612x54001-NZ-CM000770_1542787_aligned_18212_R_25_331_44;0.9146681195522511;0.08344190833913451;0.9150832997324726;0.08337704238444493;
250;11;Rickettsia canadensis;species;788;24;599;129;129;34;3.7941176470588234;22;34;9641;401.7083333333333;2.0965110156214448E-4;128.98658325384415;1.0001040166024822;615308;1129742;0.9153784802883272;0.10166628309609813;0.9157181542013708;0.10135866262104541;4.879017609542376;3.900485610458502E-5;2.0965110156214448E-4;0.015668575737679342;5.5256879481495444E-5;9.734962002769345E-4;30;6.384035867172497E-5;153;3.0887008696934735E-4;12249;0.02648785372635546;44;9.664938376006202E-5;892;0.002188326485851324;444612x54001-NZ-CM000770_362144_aligned_63064_F_16_329_69;0.9053402666051766;0.10502870057486592;0.9056120057356115;0.10481964382835263;
251;12;Rickettsia canadensis str. McKiel;strain;293613;3;130;13;13;5;2.6;5;5;1108;369.3333333333333;5.301059396331667E-5;12.999681941103955;1.0000244666675298;245234;788;0.8571349321921403;0.12746538896306492;0.8571349321921403;0.12746538896306492;1.8165902124584952;1.2233213991534616E-5;5.301059396331667E-5;0.004518133700873452;2.0388689985891026E-5;5.301059396331666E-4;3;1.2233213991534616E-5;13;5.301059396331667E-5;1108;0.004518133700873452;5;2.0388689985891026E-5;130;5.301059396331666E-4;444612x54001-NZ-CM000770_1124346_aligned_119995_F_24_255_46;0.8571349321921403;0.12746538896306492;0.8571349321921403;0.12746538896306492;
252;12;Rickettsia canadensis str. CA410;strain;1105107;3;163;11;11;5;2.2;6;5;1500;500.0;4.620839144388621E-5;10.999768961038686;1.0000210039830957;238052;788;0.8732398915530096;0.1363731191378716;0.8732398915530096;0.1363731191378716;2.16794833886788;1.260228857560533E-5;4.620839144388621E-5;0.006301144287802665;2.100381429267555E-5;6.847243459412229E-4;3;1.260228857560533E-5;11;4.620839144388621E-5;1500;0.006301144287802665;5;2.100381429267555E-5;163;6.847243459412229E-4;444612x54001-NZ-CM000770_496716_aligned_32305_R_97_337_0;0.8732398915530096;0.1363731191378716;0.8732398915530096;0.1363731191378716;
253;11;Rickettsia bellii;species;33990;5;63;28;28;15;1.8666666666666667;7;15;2338;467.6;4.2802264239778287E-5;27.999422177535028;1.0000206369424807;654171;1129742;0.9679230968341923;0.02010430759421553;0.9688139654310742;0.019881328020779757;1.9223002094465098;7.643261471388979E-6;4.2802264239778287E-5;0.0035739890640214865;2.292978441416694E-5;9.630509453950114E-5;7;7.372401214871667E-5;43;5.192611778573192E-4;3201;0.03208783298128839;18;1.124775521989501E-4;98;0.0012527182313927358;444612x47881-NZ-CM000773_4521_aligned_11965_R_76_399_8;0.9637814217750181;0.024361345275193316;0.965457978401085;0.022476226188101155;
254;12;Rickettsia bellii RML369-C;strain;336407;2;35;13;13;2;6.5;8;2;863;431.5;4.2952487940263E-4;12.99742316292281;1.000198257534966;30266;33990;0.9534272341270826;0.040545435762302635;0.9570680108261118;0.035396599976959334;2.1213203435596424;6.608075067732769E-5;4.2952487940263E-4;0.028513843917266902;6.608075067732769E-5;0.0011564131368532347;2;6.608075067732769E-5;13;4.2952487940263E-4;863;0.028513843917266902;2;6.608075067732769E-5;35;0.0011564131368532347;3066266x73572-NZ-OZ032147_1973387_aligned_37983_R_73_351_1;0.9534272341270826;0.040545435762302635;0.9570680108261118;0.035396599976959334;
255;12;Rickettsia bellii str. RML Mogi;strain;1359194;0;0;2;2;1;2.0;2;1;0;;4.693403421491094E-5;1.9999765329787729;1.0000117336482905;42613;33990;;;;;;0.0;4.693403421491094E-5;0.0;2.346701710745547E-5;0.0;0;0.0;2;4.693403421491094E-5;0;0.0;1;2.346701710745547E-5;0;0.0;444612x46767-NZ-CM000771_30856_aligned_13949_R_115_389_2;;;;;
256;11;Rickettsia oklahomensis;species;3141789;20;568;110;110;26;4.230769230769231;18;26;7811;390.55;1.2620974912943956E-4;109.99312185090686;1.0000625325381933;871565;1129742;0.9153720523612501;0.05235433402403134;0.9156231893871389;0.05242616191323683;4.675961439598854;2.294722711444356E-5;1.2620974912943956E-4;0.008962039549545931;2.9831395248776626E-5;6.517012500501971E-4;20;2.294722711444356E-5;110;1.2620974912943956E-4;7811;0.008962039549545931;26;2.9831395248776626E-5;568;6.517012500501971E-4;444612x54001-NZ-CM000770_1411904_aligned_117514_R_107_182_17;0.9153720523612501;0.05235433402403134;0.9156231893871389;0.05242616191323683;
257;10;Rickettsia incertae sedis;no rank;2749451;0;0;0;0;0;;0;0;0;;;0.0;;0;780;;;;;;;;;;;36;1.9050743772788128E-4;275;0.0014552651493102042;13156;0.06961988474300017;58;3.069286496726976E-4;1053;0.005572342553540528;;0.9086088626298624;0.06786059798357208;0.9095840957287569;0.06722013897575224;
258;11;Candidatus Rickettsia colombianensi;species;1090944;36;1053;275;274;58;4.741379310344827;28;58;13156;365.44444444444446;0.0014499732760399854;274.8007246510837;0.9970861625197662;188969;2749451;0.9086088626298624;0.06786059798357208;0.9095840957287569;0.06722013897575224;6.188728704379158;1.9050743772788128E-4;0.0014552651493102042;0.06961988474300017;3.069286496726976E-4;0.005572342553540528;36;1.9050743772788128E-4;275;0.0014552651493102042;13156;0.06961988474300017;58;3.069286496726976E-4;1053;0.005572342553540528;444612x54001-NZ-CM000770_412024_aligned_58196_R_290_221_13;0.9086088626298624;0.06786059798357208;0.9095840957287569;0.06722013897575224;
259;7;Anaplasmataceae;family;942;0;0;0;0;0;;0;0;0;;0.0;0.0;;124400;766;;;;;;0.0;0.0;0.0;0.0;0.0;30993;0.017471906307315856;826900;0.2795444591187595;15247241;9.395198477985508;31002;0.01748609507874295;1189455;0.8132432888871954;;0.9134781535837351;0.06966650143849418;0.9134785340713558;0.06966623331298546;
260;8;Anaplasma;genus;768;0;0;664;664;46;14.434782608695652;80;6;0;;0.0010058518156079723;663.6666715429207;1.0005022528196337;660137;942;;;;;18.267946638747752;0.0;0.0010058518156079723;0.0;9.08902243019252E-6;0.0;30779;0.017281698989835767;821003;0.27492340346771554;15109954;9.283525410331283;30786;0.017290975489218013;1177783;0.8037615907784357;1000938x157753-NZ-AFMX01000030_13_aligned_950_F_45_2518_21;0.9134873368493865;0.06969108304332666;0.9134877199824587;0.0696908130982691;
261;9;Anaplasma marginale;species;770;5;1686;984;984;56;17.571428571428573;57;5;17351;3470.2;7.146498869197282E-4;983.6488330974636;1.000357004340086;1376898;768;0.903000711965239;0.01595447066516945;0.903000711965239;0.01595447066516945;15.324202061809576;3.6313510514213833E-6;7.146498869197282E-4;0.012601514418642485;3.6313510514213833E-6;0.0012244915745392906;5;3.6313510514213833E-6;984;7.146498869197282E-4;17351;0.012601514418642485;5;3.6313510514213833E-6;1686;0.0012244915745392906;1000938x157753-NZ-AFMX01000030_13_aligned_950_F_45_2518_21;0.903000711965239;0.01595447066516945;0.903000711965239;0.01595447066516945;
262;9;phagocytophilum group;species group;106179;0;0;0;0;0;;0;0;0;;;0.0;;0;768;;;;;;;;;;;30774;0.017278067638784346;819355;0.27320290176518786;15092603;9.270923895912642;30775;0.0172782551157364;1176097;0.8025370992038965;;0.9134890406618392;0.06969637895320244;0.9134894238571609;0.06969610897543374;
263;10;Anaplasma phagocytophilum;species;948;30419;1158143;815666;51141;67300;12.119851411589895;155;30420;14893909;489.6252013544167;0.009587758804901923;756361.8534825706;0.06761446226370071;5333989;106179;0.9136625626927695;0.06949704353280407;0.9136629503601099;0.06949676865279945;12.396720410135035;0.005702861404476087;0.15291857557261554;2.7922646634629356;0.005703048881428139;0.21712511968059928;30774;0.017278067638784346;819355;0.27320290176518786;15092603;9.270923895912642;30775;0.0172782551157364;1176097;0.8025370992038965;948x109553-NZ-FLME02000224_28_aligned_12249_R_95_372_1;0.9134890406618392;0.06969637895320244;0.9134894238571609;0.06969610897543374;
264;11;Anaplasma phagocytophilum str. CRT53-1;strain;1359157;355;17954;3689;294;378;9.75925925925926;45;355;198694;559.7014084507042;0.009586227134891911;3475.8233004100034;0.08458427675691113;30669;948;0.8986204021861597;0.08385196813099677;0.8986204021861597;0.08385196813099677;8.260527820560313;0.01157520623430826;0.1202843261925723;6.478659232449705;0.01157520623430826;0.5854119795232972;355;0.01157520623430826;3689;0.1202843261925723;198694;6.478659232449705;355;0.01157520623430826;17954;0.5854119795232972;1359157x118545-NZ-LAOD01000041_7180_aligned_3781_F_121_4514_1;0.8986204021861597;0.08385196813099677;0.8986204021861597;0.08385196813099677;
265;8;Ehrlichia;genus;943;24;479;481;481;29;16.586206896551722;65;25;6519;271.625;4.6000007650728923E-4;480.8896168425245;1.0002295394901646;1045652;942;0.9058136180557245;0.07667397185225963;0.9058136180557245;0.07667397185225963;15.437702552469462;2.2952186769594473E-5;4.6000007650728923E-4;0.006234387731291099;2.3908527884994244E-5;4.580873942764897E-4;214;1.9020731748008998E-4;5897;0.00462105565104395;137287;0.1116730676542249;216;1.9511958952493573E-4;11672;0.009481698108759715;2020671x138139-NZ-CP118226_1106957_aligned_118778_R_68_165_0;0.9121573510907972;0.06617738741868899;0.9121573510907972;0.06617738741868899;
266;9;canis group;species group;106178;1;52;72;72;2;36.0;52;2;184;184.0;2.8482702692011E-4;71.98988957478169;1.0001404422937448;252785;943;0.6623376623376623;;0.6623376623376623;;22.627416997969522;3.955930929445972E-6;2.8482702692011E-4;7.278912910180589E-4;7.911861858891943E-6;2.0570840833119053E-4;190;1.672551307104955E-4;5416;0.004161055574536662;130768;0.10543867992293379;191;1.712110616399415E-4;11193;0.009023610714483224;1359167x228351-NZ-LANU01000002_428451_aligned_124321_R_69_82_33;0.9129586647373328;0.06491833060059633;0.9129586647373328;0.06491833060059633;
267;10;Ehrlichia ruminantium;species;779;3;1165;1134;1134;79;14.354430379746836;120;3;11920;3973.3333333333335;2.3454146316644213E-4;1133.86714270996;1.0001171718317214;4834966;106178;0.8903178395510508;0.03450900009551251;0.8903178395510508;0.03450900009551251;18.241287329939855;6.204800612868839E-7;2.3454146316644213E-4;0.0024653741101798854;6.204800612868839E-7;2.4095309046640658E-4;3;6.204800612868839E-7;1134;2.3454146316644213E-4;11920;0.0024653741101798854;3;6.204800612868839E-7;1165;2.4095309046640658E-4;779x203291-NZ-BDDN01000024_1916_aligned_268_R_48_1798_50;0.8903178395510508;0.03450900009551251;0.8903178395510508;0.03450900009551251;
268;10;Ehrlichia muris;species;35795;5;55;55;55;5;11.0;19;5;975;195.0;8.531973181681388E-5;54.9976964289161;1.0000418848648849;644634;106178;0.9240726790875545;0.05229212452399135;0.9240726790875545;0.05229212452399135;5.522680508593631;7.75633925607399E-6;8.531973181681388E-5;0.0015124861549344279;7.75633925607399E-6;8.531973181681388E-5;5;7.75633925607399E-6;55;8.531973181681388E-5;975;0.0015124861549344279;5;7.75633925607399E-6;55;8.531973181681388E-5;35795x143006-NZ-JBFUOI010000004_74913_aligned_100685_R_52_102_25;0.9240726790875545;0.05229212452399135;0.9240726790875545;0.05229212452399135;
269;10;Ehrlichia minasensis;species;1242993;181;9921;4155;1081;299;13.896321070234114;105;181;117689;650.2154696132596;9.252546590124169E-4;4147.622169572628;0.2606312619144348;1168327;106178;0.914411556484335;0.06315112605384178;0.914411556484335;0.06315112605384178;14.837349248729799;1.5492238046368868E-4;0.0035563673526332953;0.10073292836680142;1.5492238046368868E-4;0.008491629483868814;181;1.5492238046368868E-4;4155;0.0035563673526332953;117689;0.10073292836680142;181;1.5492238046368868E-4;9921;0.008491629483868814;1242993x135453-NZ-QOHL01000049_2254_aligned_58232_R_41_362_32;0.914411556484335;0.06315112605384178;0.914411556484335;0.06315112605384178;
270;4;Spirochaetota;phylum;203691;0;0;0;0;0;;0;0;0;;;0.0;;0;3379134;;;;;;;;;;;28250;0.022793931142276107;1222095;0.7063580729567729;15788476;12.248560629955518;44975;0.0723601971925586;1226625;0.981101879374337;;0.9154338967422408;0.06771781864788651;0.9157307420193151;0.06759582636424528;
271;5;Spirochaetia;class;203692;0;0;62;46;15;4.133333333333334;16;15;0;;0.03955288048151333;60.40164315835723;0.7615686857955187;1163;203691;;;;;4.955035918374453;0.0;0.05331040412725709;0.0;0.012897678417884782;0.0;28250;0.022793931142276107;1222095;0.7063580729567729;15788476;12.248560629955518;44975;0.0723601971925586;1226625;0.981101879374337;47466x124347-NZ-CP114690_611865_aligned_34515_R_65_305_49;0.9154338967422408;0.06771781864788651;0.9157307420193151;0.06759582636424528;
272;6;Spirochaetales;order;136;1;37;204;136;39;5.230769230769231;20;36;353;353.0;0.09207853757616791;190.59897032588765;0.7135400562105142;1477;203692;0.8854489164086687;;0.8854489164086687;;4.613832397553312;6.770480704129993E-4;0.13811780636425186;0.23899796885578875;0.024373730534867976;0.025050778605280974;28250;0.022793931142276107;1222033;0.6530476688295156;15788476;12.248560629955518;44960;0.05946251877467388;1226625;0.981101879374337;445983x87571-NZ-ABCV02000001_471292_aligned_61059_F_60_1116_0;0.9154338967422408;0.06771781864788651;0.9157307420193151;0.06759582636424528;
273;7;Borreliaceae;family;1643685;115;1792;36029;29791;5100;7.064509803921569;99;3737;49707;432.23478260869564;0.062277754898538124;34705.647321266886;0.8583905588686342;478357;136;0.9614597019124099;0.04067187446053883;0.961609915818547;0.04075192792405166;7.289865627414535;2.4040622380356094E-4;0.07531822467320433;0.1039119318835096;0.007812157029164411;0.003746156113530271;28249;0.02211688307186311;1221829;0.5149298624652637;15788123;12.009562661099729;44924;0.0350887882398059;1226588;0.9560511007690561;47466x66469-NZ-CP072482_18860_aligned_8990_R_60_872_8;0.9154349581950474;0.06771878225274544;0.9157318139802911;0.06759678270099369;
274;8;Borrelia;genus;138;330;3654;81361;57852;12133;6.705761147284266;78;7773;159507;483.3545454545455;0.010875728094014176;80741.949843704;0.7165048665778674;5319368;1643685;0.9746279249218719;0.03204090454690269;0.9748313088895133;0.03184598618609767;6.6108417337433245;6.203744504986307E-5;0.015295238080914876;0.029986081053237905;0.0014612638193108654;6.869237097339383E-4;20428;0.009176328171389917;897511;0.29356236000051833;11730883;5.153750278493416;28498;0.011675764247592278;908397;0.31222935470757124;47466x29855-NZ-CP017126_684038_aligned_99487_R_117_314_30;0.9168578187961369;0.06539743626057538;0.9170562086698011;0.06532398112532617;
275;9;Borrelia hermsii;species;140;1;14;165;165;53;3.1132075471698113;15;51;456;456.0;1.9786379056657398E-4;164.98377622377492;1.0000983355854522;833907;138;0.9671361502347418;;0.9671361502347418;;3.135776050177216;1.1991744882822664E-6;1.9786379056657398E-4;5.468235666567135E-4;6.115789890239559E-5;1.6788442835951732E-5;4;2.5955668252541377E-4;210;0.0018821549703494506;1890;0.09190739140186945;67;3.7397495102431356E-4;27;0.0020568520481632543;47466x124347-NZ-CP114690_183042_aligned_26157_F_48_1881_31;0.9814010139363925;0.015618575950769847;0.9829635139363925;0.014177199358886606;
276;10;Borrelia hermsii MTW;strain;1313291;0;0;3;3;1;3.0;3;1;0;;7.56811301715439E-5;2.999924319500056;1.0000252274697239;39640;140;;;;;;0.0;7.56811301715439E-5;0.0;2.5227043390514632E-5;0.0;0;0.0;3;7.56811301715439E-5;0;0.0;1;2.5227043390514632E-5;0;0.0;47466x99671-NZ-CP114676_469590_aligned_48388_R_18_342_53;;;;;
277;10;Borrelia hermsii YBT;strain;1313295;2;5;36;36;14;2.5714285714285716;9;14;1084;542.0;8.769750208281567E-5;35.99846533669747;1.0000426313535362;410502;140;0.9948589527554141;0.0024602885258920982;0.9948589527554141;0.0024602885258920982;2.408775166385979;4.872083449045315E-6;8.769750208281567E-5;0.0026406692293825607;3.4104584143317204E-5;1.2180208622613288E-5;2;4.872083449045315E-6;36;8.769750208281567E-5;1084;0.0026406692293825607;14;3.4104584143317204E-5;5;1.2180208622613288E-5;47466x43307-NZ-CP114624_585520_aligned_73755_F_205_465_98;0.9948589527554141;0.0024602885258920982;0.9948589527554141;0.0024602885258920982;
278;10;Borrelia hermsii CC1;strain;1329908;1;8;6;6;1;6.0;6;1;350;350.0;0.001520912547528517;5.996199003485428;1.0006339009950074;3945;140;0.96875;;0.975;;;2.5348542458808617E-4;0.001520912547528517;0.08871989860583017;2.5348542458808617E-4;0.0020278833967046894;1;2.5348542458808617E-4;6;0.001520912547528517;350;0.08871989860583017;1;2.5348542458808617E-4;8;0.0020278833967046894;47466x54151-NZ-CP072479_43483_aligned_93721_R_77_296_2;0.96875;;0.975;;
279;9;Borrelia parkeri;species;141;0;0;63;63;27;2.3333333333333335;9;27;0;;1.0890911102505946E-4;62.99662393480659;1.000053591208267;578464;138;;;;;1.8187062180825984;0.0;1.0890911102505946E-4;0.0;4.667533329645406E-5;0.0;0;0.0;66;1.8760589232670423E-4;0;0.0;29;9.913985416421724E-5;0;0.0;47466x99671-NZ-CP114676_231041_aligned_55583_F_68_372_1;;;;;
280;10;Borrelia parkeri HR1;strain;1435045;0;0;3;3;2;1.5;2;2;0;;7.869678130164477E-5;2.999921303902524;1.0000262327206295;38121;141;;;;;0.7071067811865476;0.0;7.869678130164477E-5;0.0;5.246452086776318E-5;0.0;0;0.0;3;7.869678130164477E-5;0;0.0;2;5.246452086776318E-5;0;0.0;47466x110340-NZ-CP150054_563079_aligned_92893_R_123_322_74;;;;;
281;9;Borrelia turicatae;species;142;2;62;73;71;22;3.3181818181818183;10;22;1167;583.5;1.5668861778570293E-4;72.99420061693056;0.9726800129314929;453128;138;0.9496434518207486;0.0377203816489739;0.952962788677333;0.04046935972395741;2.901335712693193;4.4137638812874065E-6;1.6110238166699035E-4;0.002575431224731202;4.8551402694161474E-5;1.3682668031990961E-4;2;4.4137638812874065E-6;85;2.816157686957328E-4;1167;0.002575431224731202;27;9.876531395613749E-5;62;1.3682668031990961E-4;47466x100179-NZ-CP114677_14652_aligned_1044_F_120_2435_4;0.9496434518207486;0.0377203816489739;0.952962788677333;0.04046935972395741;
282;10;Borrelia turicatae 91E135;strain;314724;0;0;12;12;5;2.4;6;5;0;;1.2051338702874245E-4;11.999337198517459;1.0000552365077817;99574;142;;;;;2.073644135332772;0.0;1.2051338702874245E-4;0.0;5.0213911261976015E-5;0.0;0;0.0;12;1.2051338702874245E-4;0;0.0;5;5.0213911261976015E-5;0;0.0;47466x110727-NZ-CP150055_89095_aligned_28497_F_88_1466_0;;;;;
283;9;Borrelia anserina;species;143;7;58;185;185;56;3.3035714285714284;17;56;2957;422.42857142857144;2.034670790266135E-4;184.98128228016262;1.0001011871017795;909238;138;0.9764263190064076;0.015980343130182217;0.9774524214716671;0.016051319725884902;3.4107831297872866;7.698754341547538E-6;2.034670790266135E-4;0.0032521737982794383;6.15900347323803E-5;6.378967882996531E-5;7;7.698754341547538E-6;185;2.034670790266135E-4;2957;0.0032521737982794383;56;6.15900347323803E-5;58;6.378967882996531E-5;47466x54151-NZ-CP072479_201471_aligned_53879_F_71_374_64;0.9764263190064076;0.015980343130182217;0.9774524214716671;0.016051319725884902;
284;9;Borrelia coriaceae;species;144;5;55;163;159;62;2.629032258064516;16;60;2403;480.6;1.0918230010712226E-4;162.99093407932037;0.975514379975403;1456280;138;0.9710266239365618;0.04465738338026518;0.9726097995160842;0.04550538784104754;2.9544846210450206;3.433405663745983E-6;1.1192902463811904E-4;0.0016500947619963193;4.1200867964951796E-5;3.7767462301205814E-5;5;3.433405663745983E-6;165;1.418252846159958E-4;2403;0.0016500947619963193;61;5.614899795389018E-5;55;3.7767462301205814E-5;47466x232362-NZ-CP114738_818297_aligned_23277_R_59_1728_13;0.9710266239365618;0.04465738338026518;0.9726097995160842;0.04550538784104754;
285;10;Borrelia coriaceae ATCC 43381;strain;1408429;0;0;2;2;1;2.0;2;1;0;;2.9896259977876768E-5;1.9999850518676778;1.000007474122023;66898;144;;;;;;0.0;2.9896259977876768E-5;0.0;1.4948129988938384E-5;0.0;0;0.0;2;2.9896259977876768E-5;0;0.0;1;1.4948129988938384E-5;0;0.0;47466x110727-NZ-CP150055_52534_aligned_17235_R_124_443_4;;;;;
286;9;Borrelia crocidurae;species;29520;0;0;13;13;5;2.6;5;5;0;;5.501271640098346E-5;12.999669928906835;1.0000253907287624;236309;138;;;;;1.8165902124584952;0.0;5.501271640098346E-5;0.0;2.115873707730133E-5;0.0;0;0.0;34;1.3254689469022586E-4;0;0.0;9;3.453567163518998E-5;0;0.0;47466x99671-NZ-CP114676_691873_aligned_6437_F_303_439_5;;;;;
287;10;Borrelia crocidurae str. Achema;strain;1155096;0;0;15;15;2;7.5;12;2;0;;6.233895769262738E-5;14.999563635135384;1.0000290918372847;240620;29520;;;;;6.363961030678928;0.0;6.233895769262738E-5;0.0;8.31186102568365E-6;0.0;0;0.0;15;6.233895769262738E-5;0;0.0;2;8.31186102568365E-6;0;0.0;47466x232362-NZ-CP114738_216787_aligned_22967_R_6_310_61;;;;;
288;10;Borrelia crocidurae DOU;strain;1293575;0;0;6;6;2;3.0;3;2;0;;1.5195220596615012E-5;5.999962012009464;1.0000063313718421;394861;29520;;;;;0.0;0.0;1.5195220596615012E-5;0.0;5.065073532205004E-6;0.0;0;0.0;6;1.5195220596615012E-5;0;0.0;2;5.065073532205004E-6;0;0.0;139x184812-NZ-CM135762_871351_aligned_2882_F_65_612_52;;;;;
289;9;Borrelia duttonii;species;40834;0;0;16;16;3;5.333333333333333;7;3;0;;3.4007098981912476E-4;15.997449720570739;1.0001594178743367;47049;138;;;;;2.0816659994661335;0.0;3.4007098981912476E-4;0.0;6.376331059108588E-5;0.0;1;3.2175032175032174E-6;52;4.6744006987195274E-4;1058;0.003404118404118404;13;9.933215577279809E-5;8;2.574002574002574E-5;47466x11729-NZ-CP114743_28881_aligned_5719_F_55_722_0;0.9922178988326849;;0.9922178988326849;;
290;10;Borrelia duttonii Ly;strain;412419;0;0;17;17;5;3.4;6;5;0;;6.623651892026682E-5;16.999470118317944;1.0000311704822777;256656;40834;;;;;2.4083189157584592;0.0;6.623651892026682E-5;0.0;1.9481329094196124E-5;0.0;0;0.0;17;6.623651892026682E-5;0;0.0;5;1.9481329094196124E-5;0;0.0;47466x29855-NZ-CP017126_369939_aligned_20143_F_137_4437_1;;;;;
291;10;Borrelia duttonii CR2A;strain;1432657;1;8;19;19;5;3.8;6;5;1058;1058.0;6.113256113256114E-5;18.999449817095737;1.000028957833493;310800;40834;0.9922178988326849;;0.9922178988326849;;1.7888543819998315;3.2175032175032174E-6;6.113256113256114E-5;0.003404118404118404;1.6087516087516086E-5;2.574002574002574E-5;1;3.2175032175032174E-6;19;6.113256113256114E-5;1058;0.003404118404118404;5;1.6087516087516086E-5;8;2.574002574002574E-5;47466x10688-NZ-CP114741_26292_aligned_61703_R_72_385_53;0.9922178988326849;;0.9922178988326849;;
292;9;Borrelia hispanica;species;40835;0;0;0;0;0;;0;0;0;;;0.0;;0;138;;;;;;;;;;;6;6.406916052314606E-6;124;1.3240959841450184E-4;3157;0.0033711056628595347;26;2.776330289336329E-5;79;8.43577280221423E-5;;0.96624873340917;0.028327268904457636;0.9683760114986245;0.02822313794812909;
293;10;Borrelia hispanica CRI;strain;1417229;6;79;124;124;27;4.592592592592593;16;26;3157;526.1666666666666;1.3240959841450184E-4;123.99185716415019;1.0000656723436203;936488;40835;0.96624873340917;0.028327268904457636;0.9683760114986245;0.02822313794812909;4.171877084066404;6.406916052314606E-6;1.3240959841450184E-4;0.0033711056628595347;2.776330289336329E-5;8.43577280221423E-5;6;6.406916052314606E-6;124;1.3240959841450184E-4;3157;0.0033711056628595347;26;2.776330289336329E-5;79;8.43577280221423E-5;47466x50782-NZ-CP010308_530965_aligned_55942_R_43_367_36;0.96624873340917;0.028327268904457636;0.9683760114986245;0.02822313794812909;
294;9;Borrelia persica;species;44448;0;0;0;0;0;;0;0;0;;;0.0;;0;138;;;;;;;;;;;6;4.166736112268538E-6;112;7.777907409567937E-5;3311;0.0022993438779535216;40;2.777824074845692E-5;57;3.958399306655111E-5;;0.9803256052977023;0.015559327155624834;0.9813218777578009;0.014570953008218644;
295;10;Borrelia persica No12;strain;1417230;6;57;112;112;41;2.731707317073171;12;40;3311;551.8333333333334;7.777907409567937E-5;111.99568336798316;1.0000385428427867;1439976;44448;0.9803256052977023;0.015559327155624834;0.9813218777578009;0.014570953008218644;2.810910797623276;4.166736112268538E-6;7.777907409567937E-5;0.0022993438779535216;2.777824074845692E-5;3.958399306655111E-5;6;4.166736112268538E-6;112;7.777907409567937E-5;3311;0.0022993438779535216;40;2.777824074845692E-5;57;3.958399306655111E-5;47466x110340-NZ-CP150054_783073_aligned_82404_F_119_360_0;0.9803256052977023;0.015559327155624834;0.9813218777578009;0.014570953008218644;
296;9;Borrelia recurrentis;species;44449;0;0;34;34;5;6.8;18;4;0;;1.90762601553032E-4;33.99685260553885;1.000092578995405;178232;138;;;;;7.791020472312982;0.0;1.90762601553032E-4;0.0;2.244265900623906E-5;0.0;0;0.0;34;1.90762601553032E-4;0;0.0;4;2.244265900623906E-5;0;0.0;47466x124347-NZ-CP114690_472526_aligned_77551_R_35_359_28;;;;;
297;9;Borrelia miyamotoi;species;47466;20041;904057;813948;553323;57836;14.073379901791272;193;20070;11543099;575.9742028840876;0.18065005852191757;714774.8230191574;0.7741221181557619;3062955;138;0.91575292657257;0.06538502844628763;0.9159479481694005;0.06530898427463232;14.676616448782047;0.006543027892998755;0.2657394574846839;3.768615275118309;0.006552495874082381;0.2951584336041502;20042;0.008785180359366467;813951;0.2724659148837871;11543648;4.999556979154184;20071;0.008794648340450094;904063;0.3086113484023565;47466x125714-NZ-CP150067_14445_aligned_46536_R_57_629_54;0.9157565532754832;0.06538541300658414;0.9159515651416682;0.06530936226407616;
298;10;Borrelia miyamotoi LB-2001;strain;1302858;1;6;3;3;1;3.0;3;1;549;549.0;0.006726457399103139;2.9932785698485835;1.0022455077249146;446;47466;0.9884393063583815;;0.9884393063583815;;;0.002242152466367713;0.006726457399103139;1.2309417040358743;0.002242152466367713;0.013452914798206279;1;0.002242152466367713;3;0.006726457399103139;549;1.2309417040358743;1;0.002242152466367713;6;0.013452914798206279;1302858x144417-NC-022079_791146_aligned_70757_R_112_364_86;0.9884393063583815;;0.9884393063583815;;
299;9;Borrelia turcica;species;229155;0;0;0;0;0;;0;0;0;;;0.0;;0;138;;;;;;;;;;;5;4.4390583869349635E-6;149;1.3228393993066192E-4;2747;0.002438818677782069;41;3.64002787728667E-5;20;1.7756233547739854E-5;;0.989435325268418;0.006531664247887753;0.9921901462050572;0.0036504552544933296;
300;10;Borrelia turcica IST7;strain;1104446;5;20;149;146;41;3.6341463414634148;15;41;2747;549.4;1.2962050489850093E-4;148.99021141593798;0.9799301485143197;1126365;229155;0.989435325268418;0.006531664247887753;0.9921901462050572;0.0036504552544933296;3.5619945084248488;4.4390583869349635E-6;1.3228393993066192E-4;0.002438818677782069;3.64002787728667E-5;1.7756233547739854E-5;5;4.4390583869349635E-6;149;1.3228393993066192E-4;2747;0.002438818677782069;41;3.64002787728667E-5;20;1.7756233547739854E-5;139x163677-NZ-PHOU01000001_243777_aligned_10900_R_76_2383_83;0.989435325268418;0.006531664247887753;0.9921901462050572;0.0036504552544933296;
301;9;Borrelia venezuelensis;species;1653839;2;9;27;27;6;4.5;10;6;266;133.0;1.5775266718861375E-4;26.997949315274205;1.0000759570551765;171154;138;0.9428498727735368;0.07002696163811926;0.9428498727735368;0.07002696163811926;4.03732584763727;1.168538275471213E-5;1.5775266718861375E-4;0.0015541559063767135;3.505614826413639E-5;5.2584222396204585E-5;2;1.168538275471213E-5;27;1.5775266718861375E-4;266;0.0015541559063767135;6;3.505614826413639E-5;9;5.2584222396204585E-5;47466x100726-NZ-CP114667_5176_aligned_7538_F_53_515_14;0.9428498727735368;0.07002696163811926;0.9428498727735368;0.07002696163811926;
302;9;Candidatus Borrelia fainii;species;2518322;2;13;64;64;28;2.2857142857142856;10;27;661;330.5;1.1069906459290419E-4;63.99651310377476;1.0000544857220515;578144;138;0.983280139271725;0.011130289534121457;0.983280139271725;0.011130289534121457;2.105673866927743;3.459345768528256E-6;1.1069906459290419E-4;0.0011433137764985885;4.670116787513146E-5;2.2485747495433663E-5;2;3.459345768528256E-6;64;1.1069906459290419E-4;661;0.0011433137764985885;27;4.670116787513146E-5;13;2.2485747495433663E-5;47466x232362-NZ-CP114738_85728_aligned_21367_R_70_984_3;0.983280139271725;0.011130289534121457;0.983280139271725;0.011130289534121457;
303;9;unclassified Borrelia;no rank;2649934;0;0;28;28;12;2.3333333333333335;8;12;0;;3.330371681373826E-5;27.9995504040072;1.0000160572575743;840747;138;;;;;2.229281716090851;0.0;3.330371681373826E-5;0.0;1.4273021491602111E-5;0.0;12;1.4896858822562882E-5;698;0.001218425429825687;5366;0.006674968623186501;217;3.175761683807659E-4;135;1.6820236731288267E-4;47466x68451-NZ-CP114650_860492_aligned_3743_R_95_475_1;0.9649469172794238;0.04802005208058591;0.9656550727505547;0.04774497063214542;
304;10;Borrelia sp. HM;species;1882662;11;133;463;463;152;3.0460526315789473;13;149;5124;465.8181818181818;5.773261693348779E-4;462.8666632004099;1.000288067407292;801973;2649934;0.9626179063288397;0.049647933365847406;0.9633904395700733;0.049394771031907994;2.760503879020231;1.371617248959753E-5;5.773261693348779E-4;0.006389242530608886;1.8579179099545746E-4;1.6584099464695196E-4;11;1.371617248959753E-5;463;5.773261693348779E-4;5124;0.006389242530608886;149;1.8579179099545746E-4;133;1.6584099464695196E-4;1302858x144417-NC-022079_586506_aligned_512_F_66_4990_10;0.9626179063288397;0.049647933365847406;0.9633904395700733;0.049394771031907994;
305;10;Borrelia sp. A-FGy1;species;2608247;0;0;97;97;28;3.4642857142857144;21;28;0;;8.668942040525963E-5;96.99583903030606;1.0000428984349796;1118937;2649934;;;;;4.409435529988129;0.0;8.668942040525963E-5;0.0;2.5023750220074947E-5;0.0;0;0.0;97;8.668942040525963E-5;0;0.0;28;2.5023750220074947E-5;0;0.0;47466x50782-NZ-CP010308_46487_aligned_3131_R_26_446_43;;;;;
306;10;Borrelia sp. BU AG58;species;2887345;1;2;37;37;11;3.3636363636363638;8;11;242;242.0;4.368539431971805E-5;36.999213672443;1.0000212525477963;846965;2649934;0.9905660377358491;;0.9905660377358491;;2.5009089256799126;1.1806863329653528E-6;4.368539431971805E-5;2.8572609257761537E-4;1.298754966261888E-5;2.3613726659307056E-6;1;1.1806863329653528E-6;37;4.368539431971805E-5;242;2.8572609257761537E-4;11;1.298754966261888E-5;2;2.3613726659307056E-6;47466x84157-NZ-CP114663_38045_aligned_65080_R_49_309_17;0.9905660377358491;;0.9905660377358491;;
307;10;Borrelia sp. RT1S;species;2898580;0;0;3;3;2;1.5;2;2;0;;8.645657718410928E-6;2.9999913543634977;1.0000028818871394;346995;2649934;;;;;0.7071067811865476;0.0;8.645657718410928E-6;0.0;5.763771812273952E-6;0.0;0;0.0;3;8.645657718410928E-6;0;0.0;2;5.763771812273952E-6;0;0.0;47466x58672-NZ-CP114637_213316_aligned_16144_F_58_335_30;;;;;
308;10;Borrelia sp. RT5S;species;2898581;0;0;13;13;4;3.25;6;4;0;;4.149231913338504E-5;12.999751048812815;1.000019150458055;313311;2649934;;;;;2.6299556396765835;0.0;4.149231913338504E-5;0.0;1.2766867425656935E-5;0.0;0;0.0;13;4.149231913338504E-5;0;0.0;4;1.2766867425656935E-5;0;0.0;47466x11137-NZ-CP114740_39289_aligned_19786_R_70_2754_5;;;;;
309;10;Borrelia sp. P9F1;species;3058374;0;0;20;20;6;3.3333333333333335;11;6;0;;1.958273116435003E-5;19.999813964100873;1.0000093018814806;1021308;2649934;;;;;4.0824829046386295;0.0;1.958273116435003E-5;0.0;5.874819349305009E-6;0.0;0;0.0;20;1.958273116435003E-5;0;0.0;6;5.874819349305009E-6;0;0.0;47466x84157-NZ-CP114663_30345_aligned_57183_R_51_422_16;;;;;
310;10;Borrelia sp. MN22-0132;species;3085635;0;0;37;37;5;7.4;21;5;0;;4.0770002093594703E-4;36.992662342886895;1.0001983543937738;90753;2649934;;;;;7.829431652425353;0.0;4.0770002093594703E-4;0.0;5.5094597423776626E-5;0.0;0;0.0;37;4.0770002093594703E-4;0;0.0;5;5.5094597423776626E-5;0;0.0;47466x84157-NZ-CP114663_829759_aligned_7153_F_43_374_28;;;;;
311;9;Borrelia puertoricensis;species;2756107;4;157;167;167;35;4.771428571428571;28;26;2745;686.25;2.394763069025102E-4;166.9801250400894;1.0001190259014707;697355;138;0.9464986237642714;0.017608081117533796;0.948539440090802;0.015499927810477553;6.092839163774984;5.735959446766712E-6;2.394763069025102E-4;0.003936302170343656;3.7283736403983625E-5;2.2513640828559342E-4;4;5.735959446766712E-6;167;2.394763069025102E-4;2745;0.003936302170343656;26;3.7283736403983625E-5;157;2.2513640828559342E-4;2756107x167242-NZ-CP149120_20254_aligned_1816_R_83_1746_41;0.9464986237642714;0.017608081117533796;0.948539440090802;0.015499927810477553;
312;9;Borrelia nietonii;species;3117462;0;0;0;0;0;;0;0;0;;;0.0;;0;138;;;;;;;;;;;0;0.0;27;2.4496239373622086E-4;0;0.0;5;4.5363406247448305E-5;0;0.0;;;;;;
313;10;Borrelia nietonii YOR;strain;1293576;0;0;27;27;5;5.4;10;5;0;;2.4496239373622086E-4;26.996815729664128;1.0001179498488917;110221;3117462;;;;;3.911521443121589;0.0;2.4496239373622086E-4;0.0;4.5363406247448305E-5;0.0;0;0.0;27;2.4496239373622086E-4;0;0.0;5;4.5363406247448305E-5;0;0.0;47466x126106-NZ-CP150068_6379_aligned_5126_R_118_420_25;;;;;
314;8;Borreliella;genus;64895;2818;66074;203550;182117;17096;11.90629386991109;117;6834;1154689;409.75479063165363;0.02832351045616969;200361.8701322257;0.9089404080717289;6429888;1643685;0.9298040954054796;0.06579966057758034;0.9300008893772667;0.06567371045774238;11.949376212006833;4.382657987199777E-4;0.031656850010451196;0.17958151059551894;0.0010628489951924512;0.01027607323797864;7706;0.01270014867666963;288289;0.14604927779154078;4007533;6.7519004507228;12689;0.015600866963049203;316399;0.6400755899479548;139x233210-NZ-PHPI01000001_634866_aligned_12589_R_127_1177_2;0.9109762193050212;0.07343539133231271;0.9115362888792383;0.0732174184285933;
315;9;Borreliella burgdorferi;species;139;4232;219582;76115;69920;7585;10.03493737640079;101;4385;2446632;578.1266540642722;0.03983341973782409;74488.34151175873;0.9386703822498509;1755310;64895;0.8976812139388435;0.07635763926442397;0.8983652793612452;0.07621022281702351;9.67954189662342;0.0024109701420261948;0.04336271086018994;1.393846101258467;0.0024981342326996373;0.12509585201474382;4284;0.011399428166829408;76445;0.10320161988049947;2483721;6.065355790245453;4441;0.012053916707480792;223357;0.5924790230611382;139x151271-NZ-JALLPM010000011_10989_aligned_38613_R_136_432_102;0.8974491464290576;0.0765312446157722;0.8981359814240738;0.07637952522525619;
316;10;Borreliella burgdorferi 156a;strain;445983;4;111;32;32;7;4.571428571428571;11;5;2170;542.5;0.015625;31.75899088127926;1.00758868943984;2048;139;0.9392551975209484;0.03723004108531957;0.9392551975209484;0.03723004108531957;3.6903993847614407;0.001953125;0.015625;1.0595703125;0.00244140625;0.05419921875;4;0.001953125;32;0.015625;2170;1.0595703125;5;0.00244140625;111;0.05419921875;445983x53130-NC-011864_22715_aligned_56165_R_81_304_9;0.9392551975209484;0.03723004108531957;0.9392551975209484;0.03723004108531957;
317;10;Borreliella burgdorferi ZS7;strain;445985;1;2;1;1;1;1.0;1;1;137;137.0;3.056234718826406E-4;1.0000000000001181;0.9999999999998819;3272;139;0.9813084112149533;;0.9813084112149533;;;3.056234718826406E-4;3.056234718826406E-4;0.04187041564792176;3.056234718826406E-4;6.112469437652812E-4;1;3.056234718826406E-4;1;3.056234718826406E-4;137;0.04187041564792176;1;3.056234718826406E-4;2;6.112469437652812E-4;139x19709-NZ-JBTFYB010000006_9251_aligned_102720_R_68_64_4;0.9813084112149533;;0.9813084112149533;;
318;10;Borreliella burgdorferi 118a;strain;476210;2;52;5;5;2;2.5;4;2;984;492.0;6.046680372475511E-4;4.998790810163971;1.0002418964669557;8269;139;0.9318181818181819;0.03214121732665731;0.9318181818181819;0.03214121732665731;2.1213203435596424;2.4186721489902045E-4;6.046680372475511E-4;0.11899866973031806;2.4186721489902045E-4;0.006288547587374531;2;2.4186721489902045E-4;5;6.046680372475511E-4;984;0.11899866973031806;2;2.4186721489902045E-4;52;0.006288547587374531;139x97823-NZ-JAJNFR010000008_13505_aligned_127118_R_98_145_1;0.9318181818181819;0.03214121732665731;0.9318181818181819;0.03214121732665731;
319;10;Borreliella burgdorferi 72a;strain;476211;1;55;2;2;1;2.0;2;1;523;523.0;0.0024783147459727386;1.9987608426270842;1.0006199628021966;807;139;0.8884381338742393;;0.8884381338742393;;;0.0012391573729863693;0.0024783147459727386;0.6480793060718711;0.0012391573729863693;0.06815365551425032;1;0.0012391573729863693;2;0.0024783147459727386;523;0.6480793060718711;1;0.0012391573729863693;55;0.06815365551425032;445983x39211-NC-011841_1966_aligned_49161_R_45_353_129;0.8884381338742393;;0.8884381338742393;;
320;10;Borreliella burgdorferi 94a;strain;476212;1;91;1;1;1;1.0;1;1;433;433.0;3.206155819172812E-4;1.0000000000001092;0.9999999999998908;3119;139;0.7741935483870968;;0.7741935483870968;;;3.206155819172812E-4;3.206155819172812E-4;0.13882654697018276;3.206155819172812E-4;0.029176017954472586;1;3.206155819172812E-4;1;3.206155819172812E-4;433;0.13882654697018276;1;3.206155819172812E-4;91;0.029176017954472586;139x144021-NZ-PHQC01000001_465577_aligned_132987_F_112_309_9;0.7741935483870968;;0.7741935483870968;;
321;10;Borreliella burgdorferi WI91-23;strain;498737;1;22;2;2;1;2.0;2;1;765;765.0;3.5310734463276836E-4;1.9998234463279587;1.0000882846295085;5664;139;0.9700680272108844;;0.9700680272108844;;;1.7655367231638418E-4;3.5310734463276836E-4;0.1350635593220339;1.7655367231638418E-4;0.003884180790960452;1;1.7655367231638418E-4;2;3.5310734463276836E-4;765;0.1350635593220339;1;1.7655367231638418E-4;22;0.003884180790960452;139x100516-NZ-CP147265_630715_aligned_16859_R_285_478_4;0.9700680272108844;;0.9700680272108844;;
322;10;Borreliella burgdorferi 29805;strain;498738;1;48;26;26;1;26.0;26;1;169;169.0;0.010362694300518135;25.870878397260938;1.0049910018808148;2509;139;0.6546762589928058;;0.6546762589928058;;;3.9856516540454366E-4;0.010362694300518135;0.06735751295336788;3.9856516540454366E-4;0.019131127939418093;1;3.9856516540454366E-4;26;0.010362694300518135;169;0.06735751295336788;1;3.9856516540454366E-4;48;0.019131127939418093;139x185268-NZ-PHPX01000001_629232_aligned_130161_F_64_103_3;0.6546762589928058;;0.6546762589928058;;
323;10;Borreliella burgdorferi 64b;strain;498740;2;263;5;5;2;2.5;3;2;2155;1077.5;0.0021691973969631237;4.995663486964213;1.000868055473933;2305;139;0.8674474121309947;0.016760897471624233;0.8684208060310595;0.018137484326625243;0.7071067811865476;8.676789587852494E-4;0.0021691973969631237;0.9349240780911063;8.676789587852494E-4;0.11409978308026031;2;8.676789587852494E-4;5;0.0021691973969631237;2155;0.9349240780911063;2;8.676789587852494E-4;263;0.11409978308026031;139x150298-NZ-PHQO01000001_8758_aligned_2269_R_29_471_82;0.8674474121309947;0.016760897471624233;0.8684208060310595;0.018137484326625243;
324;10;Borreliella burgdorferi N40;strain;521007;1;33;10;10;1;10.0;10;1;231;231.0;0.010940919037199124;9.950909234114077;1.004933294509172;914;139;0.835820895522388;;0.835820895522388;;;0.0010940919037199124;0.010940919037199124;0.2527352297592998;0.0010940919037199124;0.036105032822757115;1;0.0010940919037199124;10;0.010940919037199124;231;0.2527352297592998;1;0.0010940919037199124;33;0.036105032822757115;139x209610-NZ-CP179363_1181_aligned_76024_R_36_174_34;0.835820895522388;;0.835820895522388;;
325;10;Borreliella burgdorferi JD1;strain;521008;17;1171;139;139;18;7.722222222222222;31;18;10140;596.4705882352941;0.00528677924844059;138.6358450142979;1.0026267015263228;26292;139;0.8563399788061197;0.10635333509812972;0.857929515988022;0.10595288598220846;7.621992603107803;6.465845123992089E-4;0.00528677924844059;0.38566864445458693;6.846188954815153E-4;0.0445382625893808;17;6.465845123992089E-4;139;0.00528677924844059;10140;0.38566864445458693;18;6.846188954815153E-4;1171;0.0445382625893808;521008x112318-NC-017404_23492_aligned_119509_F_33_113_107;0.8563399788061197;0.10635333509812972;0.857929515988022;0.10595288598220846;
326;10;Borreliella burgdorferi 297;strain;521009;3;118;21;21;3;7.0;19;3;1121;373.6666666666667;0.009628610729023384;20.90399291873677;1.0045927628102658;2181;139;0.8464894074927652;0.07495051679676083;0.8464894074927652;0.07495051679676083;10.392304845413264;0.001375515818431912;0.009628610729023384;0.5139844108207244;0.001375515818431912;0.0541036221916552;3;0.001375515818431912;21;0.009628610729023384;1121;0.5139844108207244;3;0.001375515818431912;118;0.0541036221916552;521009x167446-NZ-CP161164_28859_aligned_113092_F_124_69_2;0.8464894074927652;0.07495051679676083;0.8464894074927652;0.07495051679676083;
327;10;Borreliella burgdorferi CA8;strain;747491;18;1809;86;86;20;4.3;24;20;18261;1014.5;0.0017633791265122;85.92509939567037;1.0008716964525666;48770;139;0.8959967109738929;0.06899573626166504;0.8970226738157341;0.06819541849137199;5.526015029409815;3.6907935206069307E-4;0.0017633791265122;0.3744310026655731;4.100881689563256E-4;0.03709247488209965;18;3.6907935206069307E-4;86;0.0017633791265122;18261;0.3744310026655731;20;4.100881689563256E-4;1809;0.03709247488209965;139x160608-NZ-JAJNEZ010000005_57254_aligned_4574_R_43_488_34;0.8959967109738929;0.06899573626166504;0.8970226738157341;0.06819541849137199;
328;9;Borreliella afzelii;species;29518;23;934;189;189;51;3.7058823529411766;17;50;14877;646.8260869565217;2.0100181858788245E-4;188.98110707354482;1.000099972567352;940290;64895;0.9286291779942447;0.06555136437234634;0.9300731347034012;0.06501820997284898;3.460023801346221;2.446053876995395E-5;2.0100181858788245E-4;0.015821714577417604;5.317508428250859E-5;9.933105743972605E-4;24;5.3517635965944074E-5;192;3.7433666051990186E-4;16241;0.05545559515274813;52;1.9745282901853788E-4;1036;0.003957134488388253;498738x241259-NZ-ABJX02000004_25858_aligned_113236_F_77_143_0;0.9284170551980077;0.0641189207645402;0.9298008470442828;0.06360305345824323;
329;10;Borreliella afzelii PKo;strain;390236;1;102;2;2;1;2.0;2;1;1364;1364.0;5.811419439198024E-5;1.999970942903559;1.0000145287593023;34415;29518;0.9235382308845578;;0.9235382308845578;;;2.905709719599012E-5;5.811419439198024E-5;0.03963388057533052;2.905709719599012E-5;0.0029638239139909922;1;2.905709719599012E-5;2;5.811419439198024E-5;1364;0.03963388057533052;1;2.905709719599012E-5;102;0.0029638239139909922;139x184812-NZ-CM135762_687837_aligned_149_F_436_954_3;0.9235382308845578;;0.9235382308845578;;
330;10;Borreliella afzelii ACA-1;strain;445986;0;0;1;1;1;1.0;1;1;0;;1.1522064754003918E-4;0.9999999999995998;1.0000000000004003;8679;29518;;;;;;0.0;1.1522064754003918E-4;0.0;1.1522064754003918E-4;0.0;0;0.0;1;1.1522064754003918E-4;0;0.0;1;1.1522064754003918E-4;0;0.0;47466x99671-NZ-CP114676_472065_aligned_22018_R_45_348_71;;;;;
331;9;Borreliella garinii;species;29519;44;4078;1486;1465;194;7.65979381443299;51;89;55641;1264.5681818181818;6.719946130343102E-4;1485.4940065996132;0.9862039116222857;2180077;64895;0.9200403349013313;0.06502294890004505;0.9212162976472861;0.0653278856752995;8.821061228717923;2.018277336075744E-5;6.816273003201263E-4;0.025522493012861473;4.082424611607755E-5;0.0018705761310265647;46;4.4866512947304803E-5;1517;0.0020290030747801024;56989;0.042159333494194394;97;4.152100075675504E-4;4133;0.0025493789696566173;29519x205578-NZ-JAEIQM010000015_3295_aligned_28044_R_44_8078_22;0.9218004226052131;0.06419842269109934;0.9229252565361264;0.06446263113462693;
332;10;Borreliella garinii BgVir;strain;1081646;2;55;17;17;4;4.25;12;4;1348;674.0;2.0981178648565258E-4;16.998321609270345;1.0000987386148017;81025;29519;0.9605223520906133;0.02294113758699624;0.9605223520906133;0.02294113758699624;5.251983752196243;2.4683739586547364E-5;2.0981178648565258E-4;0.01663684048133292;4.936747917309473E-5;6.788028386300525E-4;2;2.4683739586547364E-5;17;2.0981178648565258E-4;1348;0.01663684048133292;4;4.936747917309473E-5;55;6.788028386300525E-4;139x206336-NZ-PHPB01000001_853924_aligned_27304_R_64_487_1;0.9605223520906133;0.02294113758699624;0.9605223520906133;0.02294113758699624;
333;10;Borreliella garinii IPT108;strain;1408841;0;0;14;14;4;3.5;6;4;0;;0.0011375639879743235;13.992608236784564;1.0005282620002183;12307;29519;;;;;2.0816659994661326;0.0;0.0011375639879743235;0.0;3.2501828227837813E-4;0.0;0;0.0;14;0.0011375639879743235;0;0.0;4;3.2501828227837813E-4;0;0.0;139x184812-NZ-CM135762_259578_aligned_27378_R_60_729_64;;;;;
334;9;Borreliella japonica;species;34095;15;470;176;176;55;3.2;19;54;8098;539.8666666666667;1.8894865105693152E-4;175.9834680315604;1.000093940462843;931470;64895;0.9392565604434957;0.04419556813735329;0.9398163781772567;0.04465000304094674;3.59732410838122;1.610357821507939E-5;1.8894865105693152E-4;0.00869378509238086;5.797288157428581E-5;5.045787840724876E-4;15;1.610357821507939E-5;176;1.8894865105693152E-4;8098;0.00869378509238086;54;5.797288157428581E-5;470;5.045787840724876E-4;139x97629-NZ-PHQA01000001_640600_aligned_16596_R_59_506_58;0.9392565604434957;0.04419556813735329;0.9398163781772567;0.04465000304094674;
335;9;Borreliella andersonii;species;42109;86;3254;1631;1621;201;8.114427860696518;98;152;45680;531.1627906976744;0.0016627397560973107;1629.6372663896425;0.9946998840982707;974897;64895;0.9085868964021407;0.08244664335131954;0.9107173330929645;0.08047649200432891;12.656691542264111;8.821444726981414E-5;0.0016729972499658938;0.04685623199168733;1.559139068024622E-4;0.0033377885048369214;86;8.821444726981414E-5;1631;0.0016729972499658938;45680;0.04685623199168733;152;1.559139068024622E-4;3254;0.0033377885048369214;42109x2856-NZ-CP179270_735_aligned_85744_F_61_156_18;0.9085868964021407;0.08244664335131954;0.9107173330929645;0.08047649200432891;
336;9;Borreliella tanukii;species;56146;22;770;147;147;53;2.7735849056603774;13;53;11854;538.8181818181819;1.7687508648229144E-4;146.98708886534772;1.0000878385629102;831095;64895;0.930680304136439;0.05470328384994127;0.9308672054330387;0.05433798752907447;2.7007229048901977;2.647110137830212E-5;1.7687508648229144E-4;0.014263110715381515;6.377128968409148E-5;9.264885482405742E-4;22;2.647110137830212E-5;147;1.7687508648229144E-4;11854;0.014263110715381515;53;6.377128968409148E-5;770;9.264885482405742E-4;139x113077-NZ-PHOX01000001_287522_aligned_39333_R_49_700_16;0.930680304136439;0.05470328384994127;0.9308672054330387;0.05433798752907447;
337;9;Borreliella turdi;species;57863;29;1107;236;236;77;3.064935064935065;18;76;14593;503.2068965517241;1.6844629703648717E-4;235.98020866580092;1.0000838686189446;1401040;64895;0.9201171190436348;0.05149831813434009;0.9213948173583534;0.050474942544768704;4.09858018528388;2.0698909381602238E-5;1.6844629703648717E-4;0.01041583395192143;5.424541768971621E-5;7.901273339804717E-4;29;2.0698909381602238E-5;236;1.6844629703648717E-4;14593;0.01041583395192143;76;5.424541768971621E-5;1107;7.901273339804717E-4;139x184812-NZ-CM135762_581651_aligned_122377_R_65_178_1;0.9201171190436348;0.05149831813434009;0.9213948173583534;0.050474942544768704;
338;9;Borreliella valaisiana;species;62088;23;1230;233;233;54;4.314814814814815;30;53;16375;711.9565217391304;2.0297157352623473E-4;232.97645687123088;1.0001010536819268;1147944;64895;0.9221582723145426;0.04182194821798839;0.9231892320866647;0.04222882319920706;4.940491435620221;2.003582056267553E-5;2.0297157352623473E-4;0.014264633117991818;4.61694995574697E-5;0.001071480838786561;23;2.003582056267553E-5;233;2.0297157352623473E-4;16375;0.014264633117991818;53;4.61694995574697E-5;1230;0.001071480838786561;62088x204582-NZ-JAEIPY010000005_27259_aligned_8670_R_66_1981_54;0.9221582723145426;0.04182194821798839;0.9231892320866647;0.04222882319920706;
339;9;Borreliella bissettiae;species;64897;24;755;184;184;51;3.607843137254902;24;50;11993;499.7083333333333;4.013541339475797E-4;183.96328095494337;1.0001995998596351;458448;64895;0.9381310851024242;0.043768715412023027;0.9389715986167625;0.043600161882929;4.547871728061595;5.235053921055387E-5;4.013541339475797E-4;0.02616000069800719;1.0906362335532056E-4;0.0016468607126653404;25;6.911218855684955E-5;191;5.186856793716494E-4;12360;0.0323115260080977;52;1.4258692204791192E-4;820;0.0027363679201745593;139x184361-NZ-CM135761_784477_aligned_5619_F_44_462_28;0.93289070816717;0.05022368323184891;0.9336976011409348;0.050171138075104524;
340;10;Borreliella bissettiae DN127;strain;521010;1;65;7;7;2;3.5;6;2;367;367.0;1.1733154542406972E-4;6.9996480151889955;1.0000502860729912;59660;64897;0.8071216617210683;;0.8071216617210683;;3.5355339059327378;1.6761649346295674E-5;1.1733154542406972E-4;0.006151525310090513;3.352329869259135E-5;0.001089507207509219;1;1.6761649346295674E-5;7;1.1733154542406972E-4;367;0.006151525310090513;2;3.352329869259135E-5;65;0.001089507207509219;139x113077-NZ-PHOX01000001_46209_aligned_10987_F_286_1589_1;0.8071216617210683;;0.8071216617210683;;
341;9;Borreliella sinica;species;87162;10;249;121;121;44;2.75;12;44;5509;550.9;1.5583345138897833E-4;120.99065046634338;1.0000772748441353;776470;64895;0.9548563799285802;0.03297681927950258;0.9551462350010439;0.0327502713264328;2.7119460103015873;1.2878797635452755E-5;1.5583345138897833E-4;0.007094929617370922;5.6666709595992116E-5;3.206820611227736E-4;10;1.2878797635452755E-5;121;1.5583345138897833E-4;5509;0.007094929617370922;44;5.6666709595992116E-5;249;3.206820611227736E-4;139x124165-NZ-PHOS01000001_663261_aligned_6245_R_361_3571_358;0.9548563799285802;0.03297681927950258;0.9551462350010439;0.0327502713264328;
342;9;Borreliella spielmanii;species;88916;16;489;150;150;44;3.409090909090909;16;44;7547;471.6875;1.905163501131667E-4;149.98580742076783;1.0000946261481418;787334;64895;0.9238863449912733;0.06657970198434694;0.9274188605976752;0.06054188897515806;3.7622246129191925;2.0321744012071117E-5;1.905163501131667E-4;0.009585512628693794;5.5884796033195567E-5;6.210833013689234E-4;16;2.0321744012071117E-5;151;3.28656977271614E-4;7547;0.009585512628693794;45;1.9402542319164287E-4;489;6.210833013689234E-4;139x184812-NZ-CM135762_770535_aligned_12659_R_134_686_3;0.9238863449912733;0.06657970198434694;0.9274188605976752;0.06054188897515806;
343;10;Borreliella spielmanii A14S;strain;498742;0;0;1;1;1;1.0;1;1;0;;1.381406271584473E-4;0.9999999999999841;1.000000000000016;7239;88916;;;;;;0.0;1.381406271584473E-4;0.0;1.381406271584473E-4;0.0;0;0.0;1;1.381406271584473E-4;0;0.0;1;1.381406271584473E-4;0;0.0;139x178409-NZ-PHPG01000002_28996_aligned_74364_R_222_275_24;;;;;
344;9;Borreliella lusitaniae;species;100177;30;2081;807;801;115;7.017391304347826;70;71;24338;811.2666666666667;6.748553610560433E-4;806.7260580249646;0.9929021035480332;1186921;64895;0.9178894528620936;0.04918668236152481;0.918945496800634;0.04845992445764447;9.67995089219787;2.527548168749226E-5;6.799104573935418E-4;0.02050515577700622;5.981863999373168E-5;0.001753275913055713;30;2.527548168749226E-5;807;6.799104573935418E-4;24338;0.02050515577700622;71;5.981863999373168E-5;2081;0.001753275913055713;100177x114418-NZ-CP124048_8468_aligned_376_F_65_7219_58;0.9178894528620936;0.04918668236152481;0.918945496800634;0.04845992445764447;
345;9;Borreliella lanei;species;373540;33;1407;380;380;72;5.277777777777778;20;69;16128;488.72727272727275;8.802816901408451E-4;379.8332353020003;1.0004390471462223;431680;64895;0.9054204139237527;0.05870395043108769;0.9075351545645982;0.05826015457800721;5.2170420150255135;7.644551519644181E-5;8.802816901408451E-4;0.03736100815418829;1.5984062268346923E-4;0.0032593587842846554;33;7.644551519644181E-5;380;8.802816901408451E-4;16128;0.03736100815418829;69;1.5984062268346923E-4;1407;0.0032593587842846554;373540x132583-NZ-CP124054_735684_aligned_140789_F_109_167_7;0.9054204139237527;0.05870395043108769;0.9075351545645982;0.05826015457800721;
346;9;Borreliella californiensis;species;373543;20;584;185;185;53;3.490566037735849;16;51;11056;552.8;3.2908487721576405E-4;184.9697274737618;1.0001636620578493;562165;64895;0.9368602341597096;0.04999235855928854;0.9373449408373091;0.05029494839379716;3.5334807501812295;3.5576743482785306E-5;3.2908487721576405E-4;0.019666823797283715;9.072069588110252E-5;0.0010388409096973308;20;3.5576743482785306E-5;185;3.2908487721576405E-4;11056;0.019666823797283715;51;9.072069588110252E-5;584;0.0010388409096973308;139x233210-NZ-PHPI01000001_60234_aligned_26914_R_284_2118_4;0.9368602341597096;0.04999235855928854;0.9373449408373091;0.05029494839379716;
347;9;Borreliella carolinensis;species;478174;39;1325;357;349;78;4.576923076923077;30;75;16047;411.46153846153845;5.709321899421051E-4;356.8960646596739;0.9778757306634821;611281;64895;0.899468142702681;0.09629745041493488;0.8996137978189811;0.0963182688593645;5.728759143015293;6.380044529438998E-5;5.840194607717237E-4;0.026251429375360923;1.2269316402767304E-4;0.002167579231155557;39;6.380044529438998E-5;357;5.840194607717237E-4;16047;0.026251429375360923;75;1.2269316402767304E-4;1325;0.002167579231155557;139x236695-NZ-CP147308_173163_aligned_1004_R_114_1101_5;0.899468142702681;0.09629745041493488;0.8996137978189811;0.0963182688593645;
348;9;Borreliella americana;species;478807;44;2015;480;480;119;4.033613445378151;18;109;28395;645.3409090909091;4.706417592588961E-4;479.887298919148;1.0002348490595725;1019884;64895;0.921649844784371;0.060568535721353074;0.9224895358683458;0.060642515746136195;4.079574531465725;4.314216126539881E-5;4.706417592588961E-4;0.027841401571159073;1.0687489949837432E-4;0.001975714885222241;44;4.314216126539881E-5;480;4.706417592588961E-4;28395;0.027841401571159073;109;1.0687489949837432E-4;2015;0.001975714885222241;139x142543-NZ-JAJNFI010000002_28472_aligned_133552_F_125_236_38;0.921649844784371;0.060568535721353074;0.9224895358683458;0.060642515746136195;
349;9;Borreliella finlandensis;species;498741;37;1410;426;426;91;4.681318681318682;27;87;19051;514.8918918918919;8.500024941387738E-4;425.8194253902076;1.0004240638144373;501175;64895;0.9171167710096637;0.05852732405058507;0.9200058086868163;0.05709020534006628;5.748196085882791;7.382650770688881E-5;8.500024941387738E-4;0.03801267022497132;1.7359205866214396E-4;0.0028133885369381953;37;7.382650770688881E-5;426;8.500024941387738E-4;19051;0.03801267022497132;87;1.7359205866214396E-4;1410;0.0028133885369381953;139x97629-NZ-PHQA01000001_493252_aligned_47108_R_135_469_71;0.9171167710096637;0.05852732405058507;0.9200058086868163;0.05709020534006628;
350;9;Borreliella bavariensis;species;664662;15;620;145;145;54;2.685185185185185;17;53;8381;558.7333333333333;9.627470027029952E-5;144.99306843423554;1.000047806187146;1506107;64895;0.9212104737276104;0.06792546025487727;0.922187231458936;0.06797626165518422;3.341133431422462;9.95945175209995E-6;9.627470027029952E-5;0.005564677675623312;3.5190062857419824E-5;4.116573390867979E-4;15;9.95945175209995E-6;145;9.627470027029952E-5;8381;0.005564677675623312;53;3.5190062857419824E-5;620;4.116573390867979E-4;139x182791-NZ-CP124088_286144_aligned_15412_F_112_446_44;0.9212104737276104;0.06792546025487727;0.922187231458936;0.06797626165518422;
351;9;Borreliella yangtzensis;species;683292;22;1131;216;216;48;4.5;22;46;12274;557.9090909090909;1.7944864404118347E-4;215.98071040320065;1.0000893116647471;1203687;64895;0.9053646800750947;0.04711133744186893;0.9068932378269179;0.04606887201018822;4.528867220163597;1.8277176707898315E-5;1.7944864404118347E-4;0.010197003041488361;3.821591493469648E-5;9.396130389378634E-4;22;1.8277176707898315E-5;216;1.7944864404118347E-4;12274;0.010197003041488361;46;3.821591493469648E-5;1131;9.396130389378634E-4;139x21603-NZ-PHOM01000001_32998_aligned_32441_R_111_468_0;0.9053646800750947;0.04711133744186893;0.9068932378269179;0.04606887201018822;
352;9;Borreliella kurtenbachii;species;1196056;30;1273;205;205;60;3.4166666666666665;19;60;15639;521.3;5.157764700258391E-4;204.94739975112634;1.0002566524334415;397459;64895;0.9168438410478975;0.055822557503093;0.9177024903735749;0.05561578392576243;3.8501228977376316;7.547948341841549E-5;5.157764700258391E-4;0.03934745470601999;1.5095896683683097E-4;0.0032028460797214305;30;7.547948341841549E-5;205;5.157764700258391E-4;15639;0.03934745470601999;60;1.5095896683683097E-4;1273;0.0032028460797214305;139x150298-NZ-PHQO01000001_356002_aligned_89765_F_40_393_28;0.9168438410478975;0.055822557503093;0.9177024903735749;0.05561578392576243;
353;9;Borreliella mayonii;species;1674146;35;1555;360;360;73;4.931506849315069;46;65;21207;605.9142857142857;6.797185210080226E-4;359.8780180009101;1.0003389537370675;529631;64895;0.9216296245143324;0.053876891900522264;0.923246945377113;0.05375136690786162;6.750162070324451;6.608374509800219E-5;6.797185210080226E-4;0.04004108520838093;1.2272695518200408E-4;0.0029360063893540973;35;6.608374509800219E-5;360;6.797185210080226E-4;21207;0.04004108520838093;65;1.2272695518200408E-4;1555;0.0029360063893540973;1674146x30923-NZ-CP015806_25642_aligned_7048_R_6_2486_78;0.9216296245143324;0.053876891900522264;0.923246945377113;0.05375136690786162;
354;9;Candidatus Borreliella tachyglossi;species;1964448;3;9;138;138;50;2.76;14;50;1361;453.6666666666667;1.0889412492523393E-4;137.99254102848113;1.0000540534398692;1267286;64895;0.9910099230975655;0.00933084581006171;0.9931981069050054;0.005582557177878222;2.8824592674609346;2.3672635853311722E-6;1.0889412492523393E-4;0.0010739485798785752;3.945439308885287E-5;7.101790755993517E-6;3;2.3672635853311722E-6;138;1.0889412492523393E-4;1361;0.0010739485798785752;50;3.945439308885287E-5;9;7.101790755993517E-6;47466x232362-NZ-CP114738_179119_aligned_131065_F_50_311_31;0.9910099230975655;0.00933084581006171;0.9931981069050054;0.005582557177878222;
355;4;PVC group;clade;1783257;0;0;0;0;0;;0;0;0;;0.0;0.0;;321;3379134;;;;;;0.0;0.0;0.0;0.0;0.0;340;0.001362433972451372;13972;0.02597778279956239;245806;1.399827565696686;362;0.003219392358129425;19943;0.2017089953204805;;0.9168564043891118;0.06464624904402184;0.9168945652544046;0.06467462683832294;
356;5;Chlamydiota;phylum;204428;0;0;0;0;0;;0;0;0;;;0.0;;0;1783257;;;;;;;;;;;340;0.001362433972451372;13972;0.02597778279956239;245806;1.399827565696686;362;0.003219392358129425;19943;0.2017089953204805;;0.9168564043891118;0.06464624904402184;0.9168945652544046;0.06467462683832294;
357;6;Chlamydiia;class;204429;0;0;1;1;1;1.0;1;1;0;;5.878894767783657E-4;0.9999999999999685;1.0000000000000315;1701;204428;;;;;;0.0;5.878894767783657E-4;0.0;5.878894767783657E-4;0.0;340;0.001362433972451372;13972;0.02597778279956239;245806;1.399827565696686;362;0.003219392358129425;19943;0.2017089953204805;83554x161657-NZ-JALPLZ010000015_34873_aligned_1719_F_33_8068_36;0.9168564043891118;0.06464624904402184;0.9168945652544046;0.06467462683832294;
358;7;Chlamydiales;order;51291;0;0;8;8;1;8.0;8;1;0;;0.0076045627376425855;7.973434571042474;1.0033317422649966;1052;204429;;;;;;0.0;0.0076045627376425855;0.0;9.505703422053232E-4;0.0;340;0.001362433972451372;13971;0.025389893322784022;245806;1.399827565696686;361;0.0026315028813510594;19943;0.2017089953204805;596780x105845-NZ-CP166118_358052_aligned_6816_F_40_1213_42;0.9168564043891118;0.06464624904402184;0.9168945652544046;0.06467462683832294;
359;8;Chlamydiaceae;family;809;0;0;6;6;1;6.0;6;1;0;;0.0018656716417910447;5.995337754183863;1.0007776452315607;3216;51291;;;;;;0.0;0.0018656716417910447;0.0;3.109452736318408E-4;0.0;340;0.001362433972451372;13963;0.01778533058514144;245806;1.399827565696686;360;0.0016809325391457363;19943;0.2017089953204805;1046581x23105-NZ-APJW01000001_276217_aligned_14287_F_55_6109_10;0.9168564043891118;0.06464624904402184;0.9168945652544046;0.06467462683832294;
360;9;Chlamydia/Chlamydophila group;no rank;1113537;0;0;0;0;0;;0;0;0;;;0.0;;0;809;;;;;;;;;;;340;0.001362433972451372;13957;0.015919658943350398;245806;1.399827565696686;359;0.0013699872655138956;19943;0.2017089953204805;;0.9168564043891118;0.06464624904402184;0.9168945652544046;0.06467462683832294;
361;10;Chlamydia;genus;810;2;186;1037;1037;88;11.784090909090908;62;15;2793;1396.5;2.475225664438168E-4;1036.871793635811;1.0001236472676525;4189517;1113537;0.9449045915816425;0.02844829817115941;0.9449045915816425;0.02844829817115941;11.756581784515785;4.773819989273227E-7;2.475225664438168E-4;6.666639615020061E-4;3.5803649919549198E-6;4.4396525900241005E-5;340;0.001362433972451372;13957;0.015919658943350398;245806;1.399827565696686;359;0.0013699872655138956;19943;0.2017089953204805;83554x161657-NZ-JALPLZ010000015_34873_aligned_1719_F_33_8068_36;0.9168564043891118;0.06464624904402184;0.9168945652544046;0.06467462683832294;
362;11;Chlamydia trachomatis;species;813;77;5967;5733;5704;325;17.64;156;80;64914;843.038961038961;0.0035853851554745954;5722.684433196274;0.9967350229749017;1590903;810;0.9001737827740273;0.08101265365673967;0.9003390119468899;0.08114766707168085;19.254859896390563;4.840018530356659E-5;0.003603613796692822;0.04080324193241197;5.028590680890035E-5;0.003750700074108855;80;0.001140500658547105;5749;0.009428149653991693;68221;1.2446619969378725;83;0.0011423863800524387;6478;0.18977181401659157;596780x105845-NZ-CP166118_499857_aligned_12254_R_60_474_7;0.8982952106920798;0.08021229199615897;0.8984542437709602;0.08034724803372384;
363;12;Chlamydia trachomatis I/UW-12/UR;strain;596780;3;511;16;16;3;5.333333333333333;8;3;3307;1102.3333333333333;0.005824535857298871;15.95639010476017;1.0027330677523871;2747;813;0.8500785272554287;0.03353241695227735;0.8500785272554287;0.03353241695227735;2.5166114784235836;0.0010921004732435385;0.005824535857298871;1.2038587550054605;0.0010921004732435385;0.18602111394248272;3;0.0010921004732435385;16;0.005824535857298871;3307;1.2038587550054605;3;0.0010921004732435385;511;0.18602111394248272;596780x105845-NZ-CP166118_797402_aligned_4701_F_50_1497_23;0.8500785272554287;0.03353241695227735;0.8500785272554287;0.03353241695227735;
364;11;Chlamydia psittaci;species;83554;2;1028;448;448;29;15.448275862068966;48;2;12338;6169.0;7.206650709082954E-4;447.8389698646123;1.0003595715116895;621648;810;0.913365371794576;0.013268081209555303;0.9134913957391255;0.013446305981100876;13.18165989682134;3.2172547808406044E-6;7.206650709082954E-4;0.019847244743005688;3.2172547808406044E-6;0.0016536689573520707;2;3.2172547808406044E-6;448;7.206650709082954E-4;12338;0.019847244743005688;2;3.2172547808406044E-6;1028;0.0016536689573520707;83554x33409-NZ-PJPZ02000011_8305_aligned_5154_R_70_4356_0;0.913365371794576;0.013268081209555303;0.9134913957391255;0.013446305981100876;
365;11;Chlamydia abortus;species;83555;2;59;4;3;2;2.0;3;2;1713;856.5;1.6632118061426847E-6;3.9999966738897337;0.7500006236461935;1803739;810;0.9621297183368461;0.006339437879215802;0.9621297183368461;0.006339437879215802;1.4142135623730951;1.1088078707617897E-6;2.2176157415235794E-6;9.49693941307473E-4;1.1088078707617897E-6;3.2709832187472797E-5;2;1.1088078707617897E-6;4;2.2176157415235794E-6;1713;9.49693941307473E-4;2;1.1088078707617897E-6;59;3.2709832187472797E-5;1242993x135453-NZ-QOHL01000049_421_aligned_12516_R_38_1180_32;0.9621297183368461;0.006339437879215802;0.9621297183368461;0.006339437879215802;
366;11;Chlamydia felis;species;83556;0;0;0;0;0;;0;0;0;;;0.0;;0;810;;;;;;;;;;;0;0.0;1;9.061237656329003E-7;0;0.0;1;9.061237656329003E-7;0;0.0;;;;;;
367;12;Chlamydia felis Fe/C-56;strain;264202;0;0;1;1;1;1.0;1;1;0;;9.061237656329003E-7;1.0000000000598213;0.9999999999401787;1103602;83556;;;;;;0.0;9.061237656329003E-7;0.0;9.061237656329003E-7;0.0;0;0.0;1;9.061237656329003E-7;0;0.0;1;9.061237656329003E-7;0;0.0;2104x178739-NZ-JBLTZR010000055_427_aligned_12416_R_113_517_11;;;;;
368;11;Chlamydia suis;species;83559;1;485;479;479;47;10.191489361702128;48;2;8137;8137.0;1.7382979704010315E-4;478.958457103728;1.0000867359071666;2755569;810;0.9401751572714938;;0.9401751572714938;;10.284302723869455;3.629014551985452E-7;1.7382979704010315E-4;0.0029529291409505624;7.258029103970904E-7;1.7600720577129442E-4;1;3.629014551985452E-7;479;1.7382979704010315E-4;8137;0.0029529291409505624;2;7.258029103970904E-7;485;1.7600720577129442E-4;83559x235115-NZ-FSSG02000018_36815_aligned_8286_R_133_8091_46;0.9401751572714938;;0.9401751572714938;;
369;11;Chlamydia ibidis;species;1405396;253;11707;6237;1226;457;13.647702407002189;103;253;152604;603.1778656126482;0.0010504201680672268;6220.3677336717665;0.19709445687004667;1167152;810;0.9220813680483557;0.05864562220935842;0.9220813680483557;0.05864562220935842;14.130212133184274;2.1676696779853867E-4;0.00534377698877267;0.1307490369720482;2.1676696779853867E-4;0.010030398782677835;253;2.1676696779853867E-4;6237;0.00534377698877267;152604;0.1307490369720482;253;2.1676696779853867E-4;11707;0.010030398782677835;1405396x144292-NZ-KE360154_740_aligned_19497_R_130_570_4;0.9220813680483557;0.05864562220935842;0.9220813680483557;0.05864562220935842;
370;11;Chlamydia buteonis;species;2494525;0;0;2;2;1;2.0;2;1;0;;2.5911266866615277E-6;1.9999987045571443;1.0000006477218473;771865;810;;;;;;0.0;2.5911266866615277E-6;0.0;1.2955633433307639E-6;0.0;0;0.0;2;2.5911266866615277E-6;0;0.0;1;1.2955633433307639E-6;0;0.0;83554x161657-NZ-JALPLZ010000015_34873_aligned_1719_F_33_8068_36;;;;;
