pos;level;name;rank;taxid;reads;kmers from reads;kmers;unique kmers;contigs;average contig length;max contig length;reads >=1 kmer;reads bps;avg. read length;db coverage;exp. unique kmers;unique kmers / exp.;db kmers;parent taxid;mean error;kmer error std. dev.;mean class error;class error std. dev.;contig len std. dev.;norm. reads;norm. kmers;norm. reads bps;norm. read >=1 kmer;norm. reads kmers;acc. reads;acc. norm. reads;acc. kmers;acc. norm. kmers;acc. reads bps;acc. norm. reads bps;acc. read >=1 kmer;acc. norm. read >=1 kmer;acc. reads kmers;acc. norm. reads kmers;max contig desc.;acc. mean error;acc. error std. dev.;acc. class mean error;acc. class error std. dev.;
0;0;TOTAL;;;118533;0;517847398;0;0;;0;0;562239058;4743.312478381547;;;;524530554;;;;;;;;;;;;;;;;;;;;;;;;;;;
1;0;root;no rank;1;0;0;0;0;0;;0;0;0;;0.0;0.0;;2945;;;;;;;0.0;0.0;0.0;0.0;0.0;85942;0.42606102047779537;2593348;10.933775264480577;38996242;199.4803668657796;125743;0.6336036478810779;2590015;14.362086503221567;;0.9252190509672403;0.06657759638565901;0.9253025164518425;0.0665118852244053;
2;1;cellular organisms;cellular root;131567;21224;542611;929155;67858;76480;12.14899320083682;229;41652;9571458;450.9733320768941;0.5188237812710258;130684.52369569975;0.5192504673162986;130792;1;0.9367405650310412;0.05915616448838066;0.9367405650310412;0.05915616448838066;13.276400381031454;0.16227292189124717;7.104065997920362;73.18076029114931;0.3184598446388158;4.148655881093645;85942;0.42606102047779537;2593348;10.933775264480577;38996242;199.4803668657796;125743;0.6336036478810779;2590015;14.362086503221567;1359166x185395-NZ-LAOH01000018_1518_aligned_48003_F_67_406_57;0.9252190509672403;0.06657759638565901;0.9253025164518425;0.0665118852244053;
3;2;Bacteria;domain;2;494;19744;20960;7251;2044;10.25440313111546;94;1226;293847;594.831983805668;0.0050670753310789705;20807.252642653733;0.34848425808680983;1431003;131567;0.926936197286429;0.05980985200277159;0.926936197286429;0.05980985200277159;11.150589174950213;3.452124139502153E-4;0.014647069223474724;0.20534338502435007;8.567417398845425E-4;0.013797315589135732;64718;0.2637880985865481;1664193;3.8297092665602173;29424784;126.29960657463047;84091;0.3151438032422625;2047404;10.213430622127925;2104x178739-NZ-JBLTZR010000055_1019_aligned_55918_R_41_504_143;0.9214406181589005;0.06841665554626214;0.9215514558034146;0.06833783558783692;
4;3;Bacillati;kingdom;1783272;2;57;62;34;3;20.666666666666668;29;3;620;310.0;1.4407023847861828E-4;61.9919878313094;0.5484579731903372;235996;2;0.8886111111111111;0.04753328917976274;0.8886111111111111;0.04753328917976274;13.576941236277536;8.474719910506958E-6;2.6271631722571566E-4;0.002627163172257157;1.2712079865760436E-5;2.415295174494483E-4;88;1.240200965429197E-4;4104;0.0031820079798664433;53473;0.050190261691971494;116;1.7227527325313128E-4;4220;0.004502094607119495;2103x142637-NZ-CP143996_771964_aligned_102355_R_123_103_2;0.9074393863641306;0.09409789784033967;0.9076423984296703;0.09400361687627536;
5;4;Mycoplasmatota;phylum;544448;0;0;20;20;5;4.0;5;4;0;;3.0134051327329627E-5;19.999713729267004;1.00001431374153;663701;1783272;;;;;1.0;0.0;3.0134051327329627E-5;0.0;6.026810265465925E-6;0.0;86;1.1554537663241274E-4;4042;0.002919291662640728;52853;0.04756309851971434;113;1.595631933873708E-4;4163;0.0042605650896700474;51363x176200-NZ-QKUB01000010_10987_aligned_104305_R_26_67_56;0.9078772532304797;0.09501387767673888;0.908084986506846;0.09491733365225401;
6;5;Mollicutes;class;31969;0;0;1;1;1;1.0;1;1;0;;1.9021532374648102E-5;1.0000000000002216;0.9999999999997784;52572;544448;;;;;;0.0;1.9021532374648102E-5;0.0;1.9021532374648102E-5;0.0;60;8.809120558635688E-5;1199;0.001077405257542651;14563;0.02065627300215946;83;1.26082212075849E-4;1226;0.0023297036684883404;40477x172069-NZ-CP068548_13902_aligned_116820_F_350_76_6;0.8957709971328413;0.10788367930578233;0.8960687481622995;0.10779506102698548;
7;6;Mycoplasmatales;order;2085;0;0;0;0;0;;0;0;0;;0.0;0.0;;241;31969;;;;;;0.0;0.0;0.0;0.0;0.0;60;8.809120558635688E-5;1198;0.0010583837251680029;14563;0.02065627300215946;82;1.0706067970120092E-4;1226;0.0023297036684883404;;0.8957709971328413;0.10788367930578233;0.8960687481622995;0.10779506102698548;
8;7;Mycoplasmataceae;family;2092;0;0;0;0;0;;0;0;0;;0.0;0.0;;1514;2085;;;;;;0.0;0.0;0.0;0.0;0.0;60;8.809120558635688E-5;1198;0.0010583837251680029;14563;0.02065627300215946;82;1.0706067970120092E-4;1226;0.0023297036684883404;;0.8957709971328413;0.10788367930578233;0.8960687481622995;0.10779506102698548;
9;8;Mycoplasma;genus;2093;9;221;314;314;26;12.076923076923077;50;18;2064;229.33333333333334;1.3832391937741901E-4;313.9783532617214;1.0000689434098042;2270034;2092;0.8715385697291091;0.15917752304313731;0.8715385697291091;0.15917752304313731;12.924157463983724;3.964698326104367E-6;1.3832391937741901E-4;9.092374827866014E-4;7.929396652208733E-6;9.735537000767389E-5;60;8.809120558635688E-5;1198;0.0010583837251680029;14563;0.02065627300215946;82;1.0706067970120092E-4;1226;0.0023297036684883404;2103x68252-NZ-CP011264_458638_aligned_79700_F_27_170_61;0.8957709971328413;0.10788367930578233;0.8960687481622995;0.10779506102698548;
10;9;Mycoplasma mycoides group;species group;656088;4;52;89;89;16;5.5625;24;12;1006;251.5;1.1976080134777998E-4;88.994730727786;1.000059208811251;743148;2093;0.9335127871155848;0.059056291080711816;0.9335127871155848;0.059056291080711816;5.988530704605262;5.38250792574292E-6;1.1976080134777998E-4;0.0013537007433243446;1.6147523777228763E-5;6.997260303465796E-5;38;7.386803316881796E-5;633;7.21992344486732E-4;9149;0.017103505657349333;51;8.887280895755762E-5;754;0.0020342808371768143;2103x142637-NZ-CP143996_235630_aligned_92853_F_71_115_0;0.8988550999412291;0.0864150488203683;0.8993252331456368;0.08622077223206924;
11;10;Mycoplasma capricolum;species;2095;0;0;0;0;0;;0;0;0;;0.0;0.0;;360209;656088;;;;;;0.0;0.0;0.0;0.0;0.0;2;9.207552034178433E-7;19;8.74717443246951E-6;417;1.9197745991262033E-4;3;1.381132805126765E-6;29;1.3350950449558728E-5;;0.9079713390058217;0.0535159185044899;0.9144648454993283;0.044332713554011825;
12;11;Mycoplasma capricolum subsp. capricolum;subspecies;40479;2;29;19;19;3;6.333333333333333;17;3;417;208.5;8.74717443246951E-6;18.99992127565971;1.0000041434034987;2172130;2095;0.9079713390058217;0.0535159185044899;0.9144648454993283;0.044332713554011825;9.237604307034013;9.207552034178433E-7;8.74717443246951E-6;1.9197745991262033E-4;1.381132805126765E-6;1.3350950449558728E-5;2;9.207552034178433E-7;19;8.74717443246951E-6;417;1.9197745991262033E-4;3;1.381132805126765E-6;29;1.3350950449558728E-5;2103x142637-NZ-CP143996_107662_aligned_58108_R_45_114_25;0.9079713390058217;0.0535159185044899;0.9144648454993283;0.044332713554011825;
13;10;Mycoplasma mycoides;species;2102;24;531;474;474;35;13.542857142857143;51;28;5818;242.41666666666666;4.478568067620709E-4;473.8940976073178;1.0002234726982608;1058374;656088;0.8850258178389403;0.09621899913483047;0.8852290698714605;0.09610117659893477;13.233964452349507;2.267629401326941E-5;4.478568067620709E-4;0.00549711160705006;2.6455676348814313E-5;5.017130050435858E-4;31;6.706233372597214E-5;523;5.924794960791124E-4;7505;0.015446789028787971;35;7.084171606151704E-5;671;0.0019499524110652277;2103x68252-NZ-CP011264_101111_aligned_55220_F_26_189_45;0.8908700379187486;0.0908852215491866;0.8910273943310224;0.09077917162222945;
14;11;Mycoplasma mycoides subsp. mycoides;subspecies;2103;2;67;6;6;2;3.0;5;2;446;223.0;1.2701638511367967E-4;5.9996824680025025;1.0000529248004693;47238;2102;0.8491899047454603;0.12427123407022468;0.8491899047454603;0.12427123407022468;2.8284271247461903;4.233879503789322E-5;1.2701638511367967E-4;0.009441551293450189;4.233879503789322E-5;0.001418349633769423;2;4.233879503789322E-5;6;1.2701638511367967E-4;446;0.009441551293450189;2;4.233879503789322E-5;67;0.001418349633769423;2103x62210-NZ-CP011260_127067_aligned_91418_F_39_107_28;0.8491899047454603;0.12427123407022468;0.8491899047454603;0.12427123407022468;
15;11;Mycoplasma mycoides subsp. capri;subspecies;40477;5;73;43;43;5;8.6;18;5;1241;248.2;1.760630420336182E-5;42.999630271516246;1.0000085984107636;2442307;2102;0.935594347571144;0.03580732403440232;0.935594347571144;0.03580732403440232;6.268971207462991;2.047244674809514E-6;1.760630420336182E-5;5.081261282877214E-4;2.047244674809514E-6;2.9889772252218907E-5;5;2.047244674809514E-6;43;1.760630420336182E-5;1241;5.081261282877214E-4;5;2.047244674809514E-6;73;2.9889772252218907E-5;40477x172069-NZ-CP068548_1065230_aligned_118311_R_168_52_4;0.935594347571144;0.03580732403440232;0.935594347571144;0.03580732403440232;
16;10;Mycoplasma feriruminatoris;species;1179777;1;2;2;2;1;2.0;2;1;221;221.0;1.0048726273701176E-6;1.9999994974399207;1.0000002512801027;1990302;656088;0.9895287958115183;;0.9895287958115183;;;5.024363136850588E-7;1.0048726273701176E-6;1.11038425324398E-4;5.024363136850588E-7;1.0048726273701176E-6;1;5.024363136850588E-7;2;1.0048726273701176E-6;221;1.11038425324398E-4;1;5.024363136850588E-7;2;1.0048726273701176E-6;2103x68252-NZ-CP011264_115286_aligned_59274_R_134_82_3;0.9895287958115183;;0.9895287958115183;;
17;9;Candidatus Mycoplasma pogonae;species;3472838;13;251;251;251;18;13.944444444444445;67;13;3350;257.6923076923077;1.9806746130385206E-4;250.97524318302052;1.0000986424663465;1267245;2093;0.9035322232801373;0.12950719955704268;0.9035322232801373;0.12950719955704268;16.10798933018761;1.0258474091434568E-5;1.9806746130385206E-4;0.0026435298620235237;1.0258474091434568E-5;1.9806746130385206E-4;13;1.0258474091434568E-5;251;1.9806746130385206E-4;3350;0.0026435298620235237;13;1.0258474091434568E-5;251;1.9806746130385206E-4;3472838x164245-NZ-JBSWZS010000002_110115_aligned_82590_R_54_135_18;0.9035322232801373;0.12950719955704268;0.9035322232801373;0.12950719955704268;
18;5;Mycoplasmoidales;order;2790996;0;0;0;0;0;;0;0;0;;0.0;0.0;;51948;544448;;;;;;0.0;0.0;0.0;0.0;0.0;26;2.7454171046055854E-5;2823;0.001811752353770747;38290;0.026906825517554876;26;2.7454171046055854E-5;2937;0.0019308614211817072;;0.9358147673019535;0.045417144458854225;0.9358147673019535;0.045417144458854225;
19;6;Mycoplasmoidaceae;family;2790998;0;0;0;0;0;;0;0;0;;0.0;0.0;;2088;2790996;;;;;;0.0;0.0;0.0;0.0;0.0;10;1.0095602089147434E-5;1113;0.0010667271567340781;15787;0.0156422221887729;10;1.0095602089147434E-5;1216;0.001173392276929099;;0.936885980982742;0.03225805733464925;0.936885980982742;0.03225805733464925;
20;7;Malacoplasma;genus;2791001;0;0;0;0;0;;0;0;0;;0.0;0.0;;3325;2790998;;;;;;0.0;0.0;0.0;0.0;0.0;1;7.753488682232571E-7;330;2.5586512651367484E-4;2715;0.002105072177226143;1;7.753488682232571E-7;330;2.5586512651367484E-4;;0.8770949720670391;;0.8770949720670391;;
21;8;Malacoplasma penetrans;species;28227;1;330;330;330;11;30.0;94;1;2715;2715.0;2.5586512651367484E-4;329.9579137533272;1.000127550347843;1289742;2791001;0.8770949720670391;;0.8770949720670391;;28.20638225650358;7.753488682232571E-7;2.5586512651367484E-4;0.002105072177226143;7.753488682232571E-7;2.5586512651367484E-4;1;7.753488682232571E-7;330;2.5586512651367484E-4;2715;0.002105072177226143;1;7.753488682232571E-7;330;2.5586512651367484E-4;28227x70025-NZ-RCHY01000028_1708_aligned_9470_F_68_2644_59;0.8770949720670391;;0.8770949720670391;;
22;7;Mycoplasmoides;genus;2995234;0;0;0;0;0;;0;0;0;;0.0;0.0;;43790;2790998;;;;;;0.0;0.0;0.0;0.0;0.0;9;9.320253220924176E-6;783;8.108620302204033E-4;13072;0.013537150011546758;9;9.320253220924176E-6;886;9.175271504154244E-4;;0.94352942641782;0.02596405523664908;0.94352942641782;0.02596405523664908;
23;8;Mycoplasmoides pneumoniae;species;2104;9;886;783;776;61;12.836065573770492;62;9;13072;1452.4444444444443;8.036129443819066E-4;782.6830384270805;0.991461373124284;965639;2995234;0.94352942641782;0.02596405523664908;0.94352942641782;0.02596405523664908;13.745520879991965;9.320253220924176E-6;8.108620302204033E-4;0.013537150011546758;9.320253220924176E-6;9.175271504154244E-4;9;9.320253220924176E-6;783;8.108620302204033E-4;13072;0.013537150011546758;9;9.320253220924176E-6;886;9.175271504154244E-4;2104x142610-NZ-BLGP01000002_32475_aligned_2895_R_62_4145_13;0.94352942641782;0.02596405523664908;0.94352942641782;0.02596405523664908;
24;6;Metamycoplasmataceae;family;2895623;0;0;0;0;0;;0;0;0;;0.0;0.0;;127497;2790996;;;;;;0.0;0.0;0.0;0.0;0.0;16;1.735856895690842E-5;1710;7.450251970366691E-4;22503;0.011264603328781977;16;1.735856895690842E-5;1721;7.57469144252608E-4;;0.9351452587514606;0.05303083257136051;0.9351452587514606;0.05303083257136051;
25;7;Metamycoplasma;genus;2895509;0;0;0;0;0;;0;0;0;;0.0;0.0;;80814;2895623;;;;;;0.0;0.0;0.0;0.0;0.0;16;1.735856895690842E-5;1710;7.450251970366691E-4;22503;0.011264603328781977;16;1.735856895690842E-5;1721;7.57469144252608E-4;;0.9351452587514606;0.05303083257136051;0.9351452587514606;0.05303083257136051;
26;8;Metamycoplasma hominis;species;2098;1;341;341;341;23;14.826086956521738;41;1;3222;3222.0;1.0245676910240359E-4;340.98258292747585;1.000051079067953;3328233;2895509;0.893170426065163;;0.893170426065163;;10.624380939882155;3.004597334381337E-7;1.0245676910240359E-4;9.680812611376667E-4;3.004597334381337E-7;1.0245676910240359E-4;1;3.004597334381337E-7;341;1.0245676910240359E-4;3222;9.680812611376667E-4;1;3.004597334381337E-7;341;1.0245676910240359E-4;2098x83272-NZ-JAZBHR010000001_195411_aligned_47608_R_77_3096_68;0.893170426065163;;0.893170426065163;;
27;8;Metamycoplasma hyosynoviae;species;29559;4;1301;1298;1298;85;15.270588235294118;62;4;17009;4252.25;5.432721726617741E-4;1297.6477515493089;1.000271451517001;2389226;2895509;0.928242749213155;0.025455225697071465;0.928242749213155;0.025455225697071465;13.317897227213532;1.6741823502674089E-6;5.432721726617741E-4;0.007119041898924589;1.6741823502674089E-6;5.445278094244747E-4;4;1.6741823502674089E-6;1298;5.432721726617741E-4;17009;0.007119041898924589;4;1.6741823502674089E-6;1301;5.445278094244747E-4;29559x113538-NZ-JAQZEB010000001_29571_aligned_39102_F_62_9198_2;0.928242749213155;0.025455225697071465;0.928242749213155;0.025455225697071465;
28;8;Metamycoplasma auris;species;51363;11;79;71;71;12;5.916666666666667;13;11;2272;206.54545454545453;9.92962552724913E-5;70.9965247427182;1.0000489496816134;715032;2895509;0.941471156100508;0.06152030609610063;0.941471156100508;0.06152030609610063;4.962739956796837;1.538392687320288E-5;9.92962552724913E-5;0.0031774801687197217;1.538392687320288E-5;1.1048456572572975E-4;11;1.538392687320288E-5;71;9.92962552724913E-5;2272;0.0031774801687197217;11;1.538392687320288E-5;79;1.1048456572572975E-4;51363x191361-NZ-QKUB01000023_538_aligned_94729_F_157_86_9;0.941471156100508;0.06152030609610063;0.941471156100508;0.06152030609610063;
29;3;Pseudomonadati;kingdom;3379134;97;3189;5355;3852;600;8.925;82;474;51677;532.7525773195877;0.008608340614964478;5323.091164738762;0.7236396824304703;447473;2;0.9337758255344406;0.054031517237753963;0.9337758255344406;0.054031517237753963;11.319434216645943;2.1677285556893935E-4;0.01196720249042959;0.11548629749727916;0.0010592817890688376;0.007126686973292243;64136;0.263318866076055;1639129;3.8118801893568763;29077464;126.04407292791414;82749;0.3141147862291248;2023440;10.195131211931669;139x163430-NZ-PHOD01000001_359093_aligned_71308_R_147_412_5;0.9214174999773636;0.06843467324678237;0.9215290648647262;0.06835542855402021;
30;4;Pseudomonadota;phylum;1224;50;1230;3649;1540;526;6.937262357414449;62;387;26163;523.26;0.0037944866601618324;3632.649496919432;0.42393300022640623;405852;3379134;0.9485399581152637;0.04014582338192876;0.9485399581152637;0.04014582338192876;8.661345948170794;1.2319761883642312E-4;0.00899096222268216;0.06446438603234676;9.53549569793915E-4;0.003030661423376009;58027;0.25038315170792763;1436115;3.4771561008712992;26134702;118.51614810756891;71484;0.2834395793413972;1819429;9.580590156921222;263x177825-NZ-VJEV01000067_1431_aligned_37671_F_188_2291_149;0.9215702269175902;0.0682859192632093;0.9216403660650748;0.06822860339091477;
31;5;Gammaproteobacteria;class;1236;1;51;2334;2326;191;12.219895287958115;58;55;762;762.0;0.005472992686989996;2327.6054972645998;0.9993102365214008;424996;1224;0.930327868852459;;0.930327868852459;;11.336193642698909;2.3529633220077367E-6;0.005491816393566057;0.0017929580513698952;1.294129827104255E-4;1.2000112942239456E-4;113;0.0011050410111612453;17477;0.019926692941754382;236571;2.997600194907069;360;0.0013378522095272647;18376;0.25769178868388665;263x247565-NZ-JACTOY010000067_2411_aligned_254_R_58_2736_6;0.9216826971083557;0.03759839719522707;0.9219714643013214;0.03753369586216982;
32;6;Thiotrichales;order;72273;0;0;0;0;0;;0;0;0;;0.0;0.0;;29066;1236;;;;;;0.0;0.0;0.0;0.0;0.0;112;0.0011026880478392375;15143;0.01443487654818832;235809;2.995807236855699;305;0.0012084392268168394;18325;0.25757178755446425;;0.9216055080749262;0.037758384847438466;0.9218968535464006;0.037693969149089665;
33;7;Francisellaceae;family;34064;0;0;360;360;64;5.625;42;39;0;;4.062109656650181E-4;359.92709494820895;1.0002025550529936;886239;72273;;;;;7.575021609272965;0.0;4.062109656650181E-4;0.0;4.400618794704363E-5;0.0;112;0.0011026880478392375;15143;0.01443487654818832;235809;2.995807236855699;305;0.0012084392268168394;18325;0.25757178755446425;119857x131900-NZ-MRKQ01000072_1509_aligned_41996_R_79_9197_1;0.9216055080749262;0.037758384847438466;0.9218968535464006;0.037693969149089665;
34;8;Francisella;genus;262;20;529;9127;9119;786;11.611959287531807;79;106;9190;459.5;9.413523741352829E-4;9122.702193612655;0.9995941779602049;9687127;34064;0.9280207943364884;0.04934295234152736;0.9280207943364884;0.04934295234152736;10.89759206633283;2.064595622623715E-6;9.421782123843323E-4;9.48681688595597E-4;1.094235679990569E-5;5.460855421839726E-5;112;0.0011026880478392375;14783;0.014028665582523303;235809;2.995807236855699;266;0.0011644330388697955;18325;0.25757178755446425;263x166740-NZ-VJHM01000001_23572_aligned_35909_F_92_9219_77;0.9216055080749262;0.037758384847438466;0.9218968535464006;0.037693969149089665;
35;9;Francisella tularensis;species;263;27;4534;4353;4343;425;10.24235294117647;63;69;60806;2252.074074074074;0.0021518471797077293;4348.310169702745;0.9987787969359352;2018266;262;0.9199630873375299;0.024951610031082597;0.9201043836685606;0.025014991942835758;9.65953894157573;1.3377820366591916E-5;0.002156801927991652;0.03012784241522178;3.418776315906823E-5;0.002246482871930657;75;0.0010775070798750984;4891;0.012117122219316098;196739;2.952968141201217;126;0.0011103825259065917;15572;0.2543029121034458;263x220343-NZ-VJIU01000065_1162_aligned_46573_R_121_2654_9;0.9203024867074968;0.026437479909645924;0.9206874439006931;0.02631617991086122;
36;10;Francisella tularensis subsp. novicida;subspecies;264;5;752;85;85;9;9.444444444444445;31;8;9065;1813.0;8.664831081666543E-5;84.99636087764333;1.0000428150372451;980977;263;0.9200813860125928;0.031580908380579586;0.9209185245209641;0.031180273421755927;11.02396379610246;5.096959459803849E-6;8.664831081666543E-5;0.009240787500624377;8.155135135686157E-6;7.665827027544988E-4;7;2.139249529776104E-5;97;1.8442152584440859E-4;14562;0.054029067751249715;11;3.259843889262194E-5;1251;0.004832318894324818;119857x223653-NZ-PKAZ01000013_15432_aligned_7699_F_60_2184_21;0.9163472911602323;0.02807101178409499;0.9173149330047384;0.027974043295929847;
37;11;Francisella cf. novicida Fx1;strain;984129;2;499;12;12;4;3.0;6;3;5497;2748.5;9.777321502774314E-5;11.999462261984558;1.0000448135094475;122733;264;0.9070120540293313;0.02223655756886748;0.9083059542141741;0.024066408758632408;2.160246899469287;1.629553583795719E-5;9.777321502774314E-5;0.04478828025062534;2.4443303756935786E-5;0.004065736191570319;2;1.629553583795719E-5;12;9.777321502774314E-5;5497;0.04478828025062534;3;2.4443303756935786E-5;499;0.004065736191570319;119857x165940-NZ-QEYF01000018_6628_aligned_3323_R_66_2640_7;0.9070120540293313;0.02223655756886748;0.9083059542141741;0.024066408758632408;
38;10;Francisella tularensis subsp. tularensis;subspecies;119856;0;0;0;0;0;;0;0;0;;0.0;0.0;;17693;263;;;;;;0.0;0.0;0.0;0.0;0.0;1;5.64334085778781E-4;8;0.004514672686230248;2529;1.4272009029345372;1;5.64334085778781E-4;187;0.10553047404063205;;0.9227691076430572;;0.9251700680272109;;
39;11;Francisella tularensis subsp. tularensis 79201237;strain;1292390;1;187;8;8;1;8.0;8;1;2529;2529.0;0.004514672686230248;7.984216467509585;1.0019768417545596;1772;119856;0.9227691076430572;;0.9251700680272109;;;5.64334085778781E-4;0.004514672686230248;1.4272009029345372;5.64334085778781E-4;0.10553047404063205;1;5.64334085778781E-4;8;0.004514672686230248;2529;1.4272009029345372;1;5.64334085778781E-4;187;0.10553047404063205;263x177825-NZ-VJEV01000067_1431_aligned_37671_F_188_2291_149;0.9227691076430572;;0.9251700680272109;;
40;10;Francisella tularensis subsp. holarctica;subspecies;119857;39;9303;422;422;78;5.410256410256411;26;44;115828;2969.948717948718;7.254683396677149E-5;421.9847291906625;1.000036188061513;5816932;263;0.9219246689142596;0.027980758895894672;0.9220999016805044;0.027950993478880196;5.705854586017467;6.70456522441727E-6;7.254683396677149E-5;0.01991221489266163;7.5641248685733305E-6;0.0015992966739167658;40;4.784026784319644E-4;433;0.00526122607924979;118842;1.4416103281002088;45;4.792622380761205E-4;9600;0.14169363629655826;119857x13801-NZ-MRLI01000069_6804_aligned_45629_R_26_1199_93;0.9211620749796069;0.028037651531708365;0.9215591333610119;0.02780149266003682;
41;11;Francisella tularensis subsp. holarctica OSU18;strain;393011;1;297;11;11;1;11.0;11;1;3014;3014.0;0.005188679245283019;10.974093281515982;1.0023607160809953;2120;119857;0.8914209115281502;;0.9004691689008043;;;4.716981132075472E-4;0.005188679245283019;1.4216981132075472;4.716981132075472E-4;0.1400943396226415;1;4.716981132075472E-4;11;0.005188679245283019;3014;1.4216981132075472;1;4.716981132075472E-4;297;0.1400943396226415;119857x44358-NZ-PKAS01000076_5902_aligned_42452_R_50_2992_18;0.8914209115281502;;0.9004691689008043;;
42;9;Francisella persica;species;954;0;0;0;0;0;;0;0;0;;;0.0;;0;262;;;;;;;;;;;1;8.937421071400163E-7;5;4.468710535700082E-6;2766;0.0024720906683492853;1;8.937421071400163E-7;199;1.7785467932086326E-4;;0.9261695906432749;;0.9272660818713451;;
43;10;Francisella persica ATCC VR-331;strain;1086726;1;199;5;5;1;5.0;5;1;2766;2766.0;4.468710535700082E-6;4.999991062385232;1.0000017875261489;1118891;954;0.9261695906432749;;0.9272660818713451;;;8.937421071400163E-7;4.468710535700082E-6;0.0024720906683492853;8.937421071400163E-7;1.7785467932086326E-4;1;8.937421071400163E-7;5;4.468710535700082E-6;2766;0.0024720906683492853;1;8.937421071400163E-7;199;1.7785467932086326E-4;263x247565-NZ-JACTOY010000067_2411_aligned_254_R_58_2736_6;0.9261695906432749;;0.9272660818713451;;
44;9;Francisella philomiragia;species;28110;1;144;80;80;14;5.714285714285714;31;4;1320;1320.0;1.2467889340624763E-5;79.99950753669236;1.0000061558292395;6416483;262;0.8883720930232558;;0.8883720930232558;;7.690439333539869;1.5584861675780953E-7;1.2467889340624763E-5;2.057201741203086E-4;6.233944670312381E-7;2.2442200813124572E-5;1;1.5584861675780953E-7;80;1.2467889340624763E-5;1320;2.057201741203086E-4;4;6.233944670312381E-7;144;2.2442200813124572E-5;28110x222341-NZ-JBGFDG010000077_37978_aligned_33251_R_17_1281_58;0.8883720930232558;;0.8883720930232558;;
45;9;Francisella orientalis;species;299583;1;85;21;21;4;5.25;11;1;1902;1902.0;2.907355054505985E-5;20.999709266346848;1.0000138446513456;722306;262;0.9545940170940171;;0.9545940170940171;;4.645786621588784;1.3844547878599928E-6;2.907355054505985E-5;0.0026332330065097064;1.3844547878599928E-6;1.176786569680994E-4;1;1.3844547878599928E-6;21;2.907355054505985E-5;1902;0.0026332330065097064;1;1.3844547878599928E-6;85;1.176786569680994E-4;299583x91999-NZ-JACVME010000021_1511_aligned_44714_R_201_1580_141;0.9545940170940171;;0.9545940170940171;;
46;9;Francisella hispaniensis;species;622488;1;69;20;20;6;3.3333333333333335;9;6;1512;1512.0;9.747776288534178E-6;19.99990739596566;1.0000046302231558;2051750;262;0.9527665317139001;;0.9534412955465587;;2.875181153713043;4.873888144267089E-7;9.747776288534178E-6;7.369318874131839E-4;2.9243328865602536E-6;3.3629828195442916E-5;1;4.873888144267089E-7;24;2.0658285563830874E-5;1512;7.369318874131839E-4;8;8.379587524208602E-6;69;3.3629828195442916E-5;119857x131900-NZ-MRKQ01000072_1509_aligned_41996_R_79_9197_1;0.9527665317139001;;0.9534412955465587;;
47;10;Francisella hispaniensis FSC454;strain;1088883;0;0;4;4;2;2.0;3;2;0;;1.0910509275296697E-5;3.9999836342124055;1.0000040914636386;366619;622488;;;;;1.4142135623730951;0.0;1.0910509275296697E-5;0.0;5.4552546376483484E-6;0.0;0;0.0;4;1.0910509275296697E-5;0;0.0;2;5.4552546376483484E-6;0;0.0;263x180208-NZ-VJMA01000013_21409_aligned_2_F_339_3095_43;;;;;
48;9;Francisella noatunensis;species;657445;8;1414;410;410;39;10.512820512820513;31;9;17890;2236.25;7.432437331863765E-4;409.84804411420987;1.000370761524844;551636;262;0.9217526812257444;0.024857827865495896;0.9220011372575775;0.02472202302915224;8.315716872195416;1.450231674510003E-5;7.432437331863765E-4;0.03243080582122994;1.6315106338237534E-5;0.0025632844846964304;8;1.450231674510003E-5;410;7.432437331863765E-4;17890;0.03243080582122994;9;1.6315106338237534E-5;1414;0.0025632844846964304;657445x168231-NZ-JACVKY010000044_3828_aligned_43548_R_310_1969_6;0.9217526812257444;0.024857827865495896;0.9220011372575775;0.02472202302915224;
49;9;Francisella salimarina;species;2599927;3;137;41;41;4;10.25;31;3;1183;394.3333333333333;6.527435927644169E-5;40.998694540502086;1.000031841489407;628118;262;0.8832747740206237;0.15208242474409275;0.8832747740206237;0.15208242474409275;13.937359864766353;4.776172629983538E-6;6.527435927644169E-5;0.0018834040737568418;4.776172629983538E-6;2.1811188343591492E-4;3;4.776172629983538E-6;41;6.527435927644169E-5;1183;0.0018834040737568418;3;4.776172629983538E-6;137;2.1811188343591492E-4;2599927x232579-NZ-OZ220197_155420_aligned_34703_R_62_273_90;0.8832747740206237;0.15208242474409275;0.8832747740206237;0.15208242474409275;
50;9;unclassified Francisella;no rank;2610885;1;71;71;71;6;11.833333333333334;29;1;1299;1299.0;3.1244059228174924E-5;70.9989064737263;1.0000154020157213;2272432;262;0.9440504334121356;;0.9440504334121356;;10.14724921674178;4.4005717222781586E-7;3.1244059228174924E-5;5.716342667239328E-4;4.4005717222781586E-7;3.1244059228174924E-5;2;9.164486402471802E-7;183;9.294011725052372E-5;3307;0.0015282283345068163;7;9.497193184522342E-6;176;8.126516337020818E-5;3087176x62142-NZ-JAWRHS010000089_855_aligned_46137_R_94_1210_25;0.9454832551287169;0.0020263159041244445;0.9454832551287169;0.0020263159041244445;
51;10;Francisella sp. TX07-6608;species;573568;0;0;4;4;4;1.0;1;3;0;;1.0055986705985575E-5;3.9999849160573246;1.0000037709998892;397773;2610885;;;;;0.0;0.0;1.0055986705985575E-5;0.0;7.541990029489181E-6;0.0;0;0.0;4;1.0055986705985575E-5;0;0.0;3;7.541990029489181E-6;0;0.0;263x70446-NZ-VJCG01000021_20119_aligned_49410_R_69_1892_0;;;;;
52;10;Francisella sp. LA112445;species;1395624;0;0;2;2;1;2.0;2;1;0;;1.160425319087952E-6;1.9999994199734448;1.0000002900133618;1723506;2610885;;;;;;0.0;1.160425319087952E-6;0.0;5.80212659543976E-7;0.0;0;0.0;2;1.160425319087952E-6;0;0.0;1;5.80212659543976E-7;0;0.0;263x24148-NZ-VJAD01000026_7946_aligned_2454_F_65_1118_1;;;;;
53;10;Francisella sp. SYW-9;species;2610888;0;0;1;1;1;1.0;1;1;0;;4.5854185524200465E-7;1.0000000000476164;0.9999999999523836;2180826;2610885;;;;;;0.0;4.5854185524200465E-7;0.0;4.5854185524200465E-7;0.0;0;0.0;1;4.5854185524200465E-7;0;0.0;1;4.5854185524200465E-7;0;0.0;263x7927-NZ-VJES01000077_636_aligned_33747_F_121_2576_1;;;;;
54;10;Francisella sp. 19X1-34;species;3087177;1;105;105;105;9;11.666666666666666;24;1;2008;2008.0;5.0021104142033255E-5;104.99739895222186;1.0000247724972628;2099114;2610885;0.9469160768452983;;0.9469160768452983;;6.2048368229954285;4.7639146801936436E-7;5.0021104142033255E-5;9.565940677828836E-4;4.7639146801936436E-7;5.0021104142033255E-5;1;4.7639146801936436E-7;105;5.0021104142033255E-5;2008;9.565940677828836E-4;1;4.7639146801936436E-7;105;5.0021104142033255E-5;3087177x6402-NZ-JBGCTX010000027_12283_aligned_44002_R_69_1896_55;0.9469160768452983;;0.9469160768452983;;
55;9;Francisella sciaenopsi;species;3055034;0;0;1;1;1;1.0;1;1;0;;1.2385051243149519E-6;1.0000000000248725;0.9999999999751275;807425;262;;;;;;0.0;1.2385051243149519E-6;0.0;1.2385051243149519E-6;0.0;0;0.0;1;1.2385051243149519E-6;0;0.0;1;1.2385051243149519E-6;0;0.0;263x201588-NZ-VJGQ01000002_9070_aligned_48350_R_29_1657_100;;;;;
56;5;Alphaproteobacteria;class;28211;3;91;350;268;110;3.1818181818181817;16;100;1290;430.0;0.0028593986727268846;349.34917226195563;0.767140790014648;93726;1224;0.9359639876384818;0.05190200408703646;0.9359639876384818;0.05190200408703646;3.145352821275952;3.200819409768901E-5;0.003734289311397051;0.013763523462006273;0.0010669398032563003;9.709152209632332E-4;57864;0.24915491307792997;1414989;3.448238445706863;25871968;115.45408352662949;70737;0.281148177562076;1799823;9.319867706813959;444612x47268-NZ-CM000772_53954_aligned_33245_F_13_327_62;0.9215467028665146;0.06834743716662342;0.9216164756720289;0.0682901028279913;
57;6;Hyphomicrobiales;order;356;3;98;14;7;4;3.5;7;4;1370;456.6666666666667;7.303306311099983E-5;13.9990506098296;0.500033909091297;95847;28211;0.9241747561105392;0.060485861667949725;0.9241747561105392;0.060485861667949725;3.0;3.1299884190428495E-5;1.4606612622199966E-4;0.014293613780295679;4.1733178920571327E-5;0.0010224628835539976;283;0.0029515072014899882;9042;0.04624493436078758;193720;1.879574990493052;386;0.0029972225420147845;13898;0.13947804981364853;3243581x174678-NZ-JBHILQ010000091_990_aligned_78184_R_39_508_34;0.919730355486783;0.06264751466929083;0.9199335404058137;0.06240217763013822;
58;7;Bartonellaceae;family;772;0;0;0;0;0;;0;0;0;;0.0;0.0;;190;356;;;;;;0.0;0.0;0.0;0.0;0.0;280;0.0029202073172995596;9028;0.046098868234565576;192350;1.8652813767127565;382;0.002955489363094214;13800;0.13845558693009455;;0.9196827369086713;0.06277317523610376;0.9198880988089773;0.06252584667403316;
59;8;Bartonella;genus;773;21;544;3827;3827;295;12.972881355932204;125;59;9533;453.95238095238096;9.869127682065033E-5;3826.811202078225;1.0000493355725708;38777490;772;0.9313663581709802;0.0738424517394326;0.9313663581709802;0.0738424517394326;16.18765203493833;5.415512968993094E-7;9.869127682065033E-5;2.4583850063529127E-4;1.5215012627171073E-6;1.4028757405391633E-5;280;0.0029202073172995596;9028;0.046098868234565576;192350;1.8652813767127565;382;0.002955489363094214;13800;0.13845558693009455;85701x106738-NZ-JAQNDQ010000018_3431_aligned_30225_R_68_9225_72;0.9196827369086713;0.06277317523610376;0.9198880988089773;0.06252584667403316;
60;9;Bartonella quintana;species;803;1;3;1;1;1;1.0;1;1;1148;1148.0;6.541480179969203E-7;0.999999999967387;1.000000000032613;1528706;773;0.9973166368515206;;0.9973166368515206;;;6.541480179969203E-7;6.541480179969203E-7;7.509619246604645E-4;6.541480179969203E-7;1.962444053990761E-6;1;6.541480179969203E-7;1;6.541480179969203E-7;1148;7.509619246604645E-4;1;6.541480179969203E-7;3;1.962444053990761E-6;1359157x98494-NZ-LAOD01000043_7980_aligned_11627_F_164_994_27;0.9973166368515206;;0.9973166368515206;;
61;9;Bartonella doshiae;species;33044;0;0;2;2;1;2.0;2;1;0;;1.0318783332894785E-6;1.999999483860074;1.0000002580700296;1938213;773;;;;;;0.0;1.0318783332894785E-6;0.0;5.159391666447392E-7;0.0;0;0.0;2;1.0318783332894785E-6;0;0.0;1;5.159391666447392E-7;0;0.0;3019092x48188-NZ-JAQITB010000070_1149_aligned_41599_F_61_1739_11;;;;;
62;9;Bartonella taylorii;species;33046;0;0;0;0;0;;0;0;0;;0.0;0.0;;2004211;773;;;;;;0.0;0.0;0.0;0.0;0.0;0;0.0;2;2.396684905438797E-6;0;0.0;1;1.1983424527193985E-6;0;0.0;;;;;;
63;10;Bartonella taylorii 8TBB;strain;1094560;0;0;2;2;1;2.0;2;1;0;;2.396684905438797E-6;1.999998801605915;1.0000005991974015;834486;33046;;;;;;0.0;2.396684905438797E-6;0.0;1.1983424527193985E-6;0.0;0;0.0;2;2.396684905438797E-6;0;0.0;1;1.1983424527193985E-6;0;0.0;3243501x97641-NZ-JBHIOV010000013_210_aligned_1665_R_70_2732_0;;;;;
64;9;Bartonella henselae;species;38323;1;180;1;1;1;1.0;1;1;2504;2504.0;7.25700990872133E-7;0.9999999999773159;1.000000000022684;1377978;773;0.9272433306386418;;0.9272433306386418;;;7.25700990872133E-7;7.25700990872133E-7;0.0018171552811438209;7.25700990872133E-7;1.3062617835698392E-4;1;7.25700990872133E-7;1;7.25700990872133E-7;2504;0.0018171552811438209;1;7.25700990872133E-7;180;1.3062617835698392E-4;38323x48692-NZ-LNZX01000009_8948_aligned_41077_F_31_2296_212;0.9272433306386418;;0.9272433306386418;;
65;9;Bartonella tribocorum;species;85701;1;901;15;15;2;7.5;14;2;9273;9273.0;4.302760593826858E-6;14.999969882958686;1.0000020078067855;3486134;773;0.902304446608244;;0.9025208265714595;;9.192388155425117;2.8685070625512386E-7;4.302760593826858E-6;0.0026599665991037637;5.737014125102477E-7;2.584524863358666E-4;1;2.8685070625512386E-7;15;4.302760593826858E-6;9273;0.0026599665991037637;2;5.737014125102477E-7;901;2.584524863358666E-4;85701x106738-NZ-JAQNDQ010000018_3431_aligned_30225_R_68_9225_72;0.902304446608244;;0.9025208265714595;;
66;9;environmental samples;no rank;104107;0;0;0;0;0;;0;0;0;;;0.0;;0;773;;;;;;;;;;;0;0.0;1;1.040927174653007E-7;0;0.0;1;1.040927174653007E-7;0;0.0;;;;;;
67;10;uncultured Bartonella sp.;species;104108;0;0;1;1;1;1.0;1;1;0;;1.040927174653007E-7;0.9999999998107678;1.0000000001892322;9606820;104107;;;;;;0.0;1.040927174653007E-7;0.0;1.040927174653007E-7;0.0;0;0.0;1;1.040927174653007E-7;0;0.0;1;1.040927174653007E-7;0;0.0;1686310x114072-NZ-CAMKXQ010000002_268396_aligned_14951_R_112_4317_112;;;;;
68;9;Bartonella birtlesii;species;111504;1;37;12;12;1;12.0;12;1;247;247.0;9.804762663463778E-6;11.999946073547038;1.000004493891275;1223895;773;0.7880184331797235;;0.8294930875576036;;;8.170635552886481E-7;9.804762663463778E-6;2.018146981562961E-4;8.170635552886481E-7;3.023135154567998E-5;1;8.170635552886481E-7;12;9.804762663463778E-6;247;2.018146981562961E-4;1;8.170635552886481E-7;37;3.023135154567998E-5;3243444x32961-NZ-JBHIRA010000003_165204_aligned_63229_R_34_178_31;0.7880184331797235;;0.8294930875576036;;
69;9;Bartonella silvatica;species;357760;10;147;141;141;10;14.1;28;10;2179;217.9;8.798499387849085E-5;140.99384123460155;1.0000436810951778;1602546;773;0.8992135917476223;0.06345921389624237;0.8992135917476223;0.06345921389624237;7.578478299324565;6.240070487836231E-6;8.798499387849085E-5;0.0013597113592995146;6.240070487836231E-6;9.172903617119259E-5;10;6.240070487836231E-6;141;8.798499387849085E-5;2179;0.0013597113592995146;10;6.240070487836231E-6;147;9.172903617119259E-5;357760x123084-NZ-JBEPLI010000022_17545_aligned_103921_R_51_100_95;0.8992135917476223;0.06345921389624237;0.8992135917476223;0.06345921389624237;
70;9;Bartonella rochalimae;species;395923;1;14;1;1;1;1.0;1;1;490;490.0;5.733616191732126E-6;0.9999999999972797;1.0000000000027203;174410;773;0.9695652173913043;;0.9695652173913043;;;5.733616191732126E-6;5.733616191732126E-6;0.0028094719339487413;5.733616191732126E-6;8.027062668424976E-5;1;5.733616191732126E-6;1;5.733616191732126E-6;490;0.0028094719339487413;1;5.733616191732126E-6;14;8.027062668424976E-5;1933912x59330-NZ-CP019786_1037829_aligned_64905_F_95_392_11;0.9695652173913043;;0.9695652173913043;;
71;9;Bartonella queenslandensis;species;481138;0;0;17;17;2;8.5;15;1;0;;1.43965678582226E-5;16.999884827295066;1.0000067749108952;1180837;773;;;;;9.192388155425117;0.0;1.43965678582226E-5;0.0;8.468569328366235E-7;0.0;1;8.640854131149156E-7;33;2.822193446806125E-5;2060;0.0017800159510167261;2;1.7109423459515392E-6;73;6.307823515738884E-5;1221525x5644-NZ-HE998001_15565_aligned_35492_F_120_1965_2;0.9610837438423645;;0.9640394088669951;;
72;10;Bartonella queenslandensis AUST/NH15;strain;1221525;1;73;16;16;1;16.0;16;1;2060;2060.0;1.382536660983865E-5;15.99989631006687;1.0000064806628193;1157293;481138;0.9610837438423645;;0.9640394088669951;;;8.640854131149156E-7;1.382536660983865E-5;0.0017800159510167261;8.640854131149156E-7;6.307823515738884E-5;1;8.640854131149156E-7;16;1.382536660983865E-5;2060;0.0017800159510167261;1;8.640854131149156E-7;73;6.307823515738884E-5;1221525x5644-NZ-HE998001_15565_aligned_35492_F_120_1965_2;0.9610837438423645;;0.9640394088669951;;
73;9;Bartonella rattaustraliani;species;481139;0;0;0;0;0;;0;0;0;;;0.0;;0;773;;;;;;;;;;;1;5.665577931440841E-7;5;2.832788965720421E-6;103;5.8355452693840665E-5;1;5.665577931440841E-7;5;2.832788965720421E-6;;0.9315068493150684;;0.9315068493150684;;
74;10;Bartonella rattaustraliani AUST/NH4;strain;1205681;1;5;5;5;1;5.0;5;1;103;103.0;2.832788965720421E-6;4.999994334251429;1.0000011331509981;1765045;481139;0.9315068493150684;;0.9315068493150684;;;5.665577931440841E-7;2.832788965720421E-6;5.8355452693840665E-5;5.665577931440841E-7;2.832788965720421E-6;1;5.665577931440841E-7;5;2.832788965720421E-6;103;5.8355452693840665E-5;1;5.665577931440841E-7;5;2.832788965720421E-6;1205681x232004-NZ-CALW02000020_31162_aligned_104498_R_54_35_14;0.9315068493150684;;0.9315068493150684;;
75;9;Bartonella apis;species;1686310;1;444;95;95;11;8.636363636363637;17;1;4480;4480.0;1.7922218702759626E-5;94.99915764153027;1.0000088670098835;5300683;773;0.9;;0.9002247191011236;;5.886811144800337;1.8865493371325922E-7;1.7922218702759626E-5;8.451741030354013E-4;1.8865493371325922E-7;8.37627905686871E-5;1;1.8865493371325922E-7;95;1.7922218702759626E-5;4480;8.451741030354013E-4;1;1.8865493371325922E-7;444;8.37627905686871E-5;1686310x114072-NZ-CAMKXQ010000002_268396_aligned_14951_R_112_4317_112;0.9;;0.9002247191011236;;
76;9;Bartonella krasnovii;species;2267275;0;0;6;6;1;6.0;6;1;0;;4.091343331212653E-6;5.999989771969319;1.000001704674686;1466511;773;;;;;;0.0;4.091343331212653E-6;0.0;6.81890555202109E-7;0.0;0;0.0;6;4.091343331212653E-6;0;0.0;1;6.81890555202109E-7;0;0.0;1221525x5644-NZ-HE998001_15565_aligned_35492_F_120_1965_2;;;;;
77;9;unclassified Bartonella;no rank;2645622;140;6157;3302;1650;333;9.915915915915916;56;194;88913;635.0928571428572;7.329148226825856E-5;3301.7579321901944;0.4997337884505318;22512848;773;0.9188709727959297;0.06438621407418799;0.9189345533151166;0.06441186581627258;8.69039867055301;6.218671222761331E-6;1.4667180269684226E-4;0.003949433674495559;8.617301551540702E-6;2.7348827656101086E-4;240;0.0029029385145206573;4881;0.045831134165930064;160167;1.8526449273459822;296;0.002932313955487128;11443;0.13769275770432093;3243533x135413-NZ-JBHINP010000243_192_aligned_19450_R_61_747_14;0.9193728112838438;0.06198808873524685;0.9194254359239223;0.06199945678326389;
78;10;Bartonella sp. ML69XJBT;species;3019092;1;112;9;9;3;3.0;5;1;1774;1774.0;2.210867642723789E-4;8.999115703614732;1.0000982648089425;40708;2645622;0.9334862385321101;;0.9357798165137615;;1.7320508075688772;2.456519603026432E-5;2.210867642723789E-4;0.043578657757688904;2.456519603026432E-5;0.002751301955389604;1;2.456519603026432E-5;9;2.210867642723789E-4;1774;0.043578657757688904;1;2.456519603026432E-5;112;0.002751301955389604;3019092x48188-NZ-JAQITB010000070_1149_aligned_41599_F_61_1739_11;0.9334862385321101;;0.9357798165137615;;
79;10;Bartonella sp. MM73XJBT.G;species;3019097;1;97;3;3;2;1.5;2;2;1802;1802.0;8.484162895927603E-6;2.999991515817335;1.0000028280688862;353600;2645622;0.9452595936794582;;0.9452595936794582;;0.7071067811865476;2.828054298642534E-6;8.484162895927603E-6;0.005096153846153846;5.656108597285068E-6;2.743212669683258E-4;1;2.828054298642534E-6;3;8.484162895927603E-6;1802;0.005096153846153846;2;5.656108597285068E-6;97;2.743212669683258E-4;3019097x233643-NZ-JAQISW010000053_2343_aligned_19706_F_138_1635_15;0.9452595936794582;;0.9452595936794582;;
80;10;Bartonella sp. AA16NXGY;species;3243428;1;37;7;7;1;7.0;7;1;303;303.0;6.902672320283996E-4;6.997929538608034;1.0002958677106626;10141;2645622;0.8644688644688645;;0.8644688644688645;;;9.860960457548565E-5;6.902672320283996E-4;0.029878710186372153;9.860960457548565E-5;0.003648555369292969;1;9.860960457548565E-5;7;6.902672320283996E-4;303;0.029878710186372153;1;9.860960457548565E-5;37;0.003648555369292969;3243444x32961-NZ-JBHIRA010000003_80243_aligned_90079_R_70_182_48;0.8644688644688645;;0.8644688644688645;;
81;10;Bartonella sp. AC130YNZD;species;3243445;1;22;6;6;1;6.0;6;1;540;540.0;4.241181876016117E-4;5.99893980445852;1.0001767304850586;14147;2645622;0.9568627450980393;;0.9568627450980393;;;7.06863646002686E-5;4.241181876016117E-4;0.03817063688414505;7.06863646002686E-5;0.0015551000212059094;1;7.06863646002686E-5;6;4.241181876016117E-4;540;0.03817063688414505;1;7.06863646002686E-5;22;0.0015551000212059094;1405396x144292-NZ-KE360154_52_aligned_11262_R_34_457_50;0.9568627450980393;;0.9568627450980393;;
82;10;Bartonella sp. AP19HLJMH;species;3243473;1;234;1;1;1;1.0;1;1;2269;2269.0;4.163370664890295E-5;0.9999999999997233;1.0000000000002767;24019;2645622;0.8954890576150067;;0.8954890576150067;;;4.163370664890295E-5;4.163370664890295E-5;0.0944668803863608;4.163370664890295E-5;0.009742287355843291;1;4.163370664890295E-5;1;4.163370664890295E-5;2269;0.0944668803863608;1;4.163370664890295E-5;234;0.009742287355843291;3243445x68478-NZ-JBHIQZ010000066_904_aligned_1382_R_112_2188_0;0.8954890576150067;;0.8954890576150067;;
83;10;Bartonella sp. AP58NXGY;species;3243498;1;305;92;92;5;18.4;31;1;1413;1413.0;4.7062915956886276E-4;91.9785896588676;1.000232775270982;195483;2645622;0.7787418655097614;;0.779464931308749;;13.557285864065861;5.115534343139812E-6;4.7062915956886276E-4;0.0072282500268565555;5.115534343139812E-6;0.001560237974657643;1;5.115534343139812E-6;92;4.7062915956886276E-4;1413;0.0072282500268565555;1;5.115534343139812E-6;305;0.001560237974657643;3243498x33822-NZ-JBHIOY010000037_1626_aligned_33638_R_102_1318_1;0.7787418655097614;;0.779464931308749;;
84;10;Bartonella sp. CL26QHWL;species;3243520;1;50;1;1;1;1.0;1;1;560;560.0;9.170105456212746E-5;1.0000000000000515;0.9999999999999485;10905;2645622;0.9056603773584906;;0.9056603773584906;;;9.170105456212746E-5;9.170105456212746E-5;0.05135259055479138;9.170105456212746E-5;0.004585052728106373;1;9.170105456212746E-5;1;9.170105456212746E-5;560;0.05135259055479138;1;9.170105456212746E-5;50;0.004585052728106373;1405396x144292-NZ-KE360154_242_aligned_16719_F_105_443_17;0.9056603773584906;;0.9056603773584906;;
85;10;Bartonella sp. CL29QHWL;species;3243522;42;1865;504;49;44;11.454545454545455;49;42;25342;603.3809523809524;0.0011494792155390824;501.0380996901315;0.09779695402466239;42628;2645622;0.9215688910566154;0.04598571549085326;0.9215688910566154;0.04598571549085326;10.480224002253994;9.85267899033499E-4;0.01182321478840199;0.5944918832692128;9.85267899033499E-4;0.043750586468987517;42;9.85267899033499E-4;504;0.01182321478840199;25342;0.5944918832692128;42;9.85267899033499E-4;1865;0.043750586468987517;3243522x30644-NZ-JBHIOA010000283_279_aligned_1070_R_254_512_5;0.9215688910566154;0.04598571549085326;0.9215688910566154;0.04598571549085326;
86;10;Bartonella sp. CL45QHWL;species;3243533;26;1071;441;179;34;12.970588235294118;53;26;15563;598.5769230769231;0.004957487467804027;438.3238433022624;0.4083738604120697;36107;2645622;0.9195945543278334;0.06387157166833574;0.9195945543278334;0.06387157166833574;11.702072580265293;7.200819785637134E-4;0.012213698174869139;0.4310244550918105;7.200819785637134E-4;0.029661838424682195;26;7.200819785637134E-4;441;0.012213698174869139;15563;0.4310244550918105;26;7.200819785637134E-4;1071;0.029661838424682195;3243533x135413-NZ-JBHINP010000243_770_aligned_1791_R_68_654_53;0.9195945543278334;0.06387157166833574;0.9195945543278334;0.06387157166833574;
87;10;Bartonella sp. CL9QHWL;species;3243542;14;614;335;257;29;11.551724137931034;45;14;8522;608.7142857142857;0.013817204301075268;332.01007423520207;0.774072897010759;18600;2645622;0.9239576079849143;0.0766371120073171;0.9239576079849143;0.0766371120073171;10.373683072689797;7.526881720430108E-4;0.01801075268817204;0.4581720430107527;7.526881720430108E-4;0.033010752688172045;14;7.526881720430108E-4;335;0.01801075268817204;8522;0.4581720430107527;14;7.526881720430108E-4;614;0.033010752688172045;3243542x76561-NZ-JBHING010000075_378_aligned_15656_F_77_550_74;0.9239576079849143;0.0766371120073171;0.9239576079849143;0.0766371120073171;
88;10;Bartonella sp. CM120XJJH;species;3243544;1;187;15;15;1;15.0;15;1;2839;2839.0;6.967572915650563E-5;14.999512279659452;1.0000325157466092;215283;2645622;0.9327162691349234;;0.9334282662869349;;;4.645048610433708E-6;6.967572915650563E-5;0.013187293005021297;4.645048610433708E-6;8.686240901511034E-4;1;4.645048610433708E-6;15;6.967572915650563E-5;2839;0.013187293005021297;1;4.645048610433708E-6;187;8.686240901511034E-4;3243429x161264-NZ-JBHIRQ010000030_4735_aligned_37234_F_173_2570_159;0.9327162691349234;;0.9334282662869349;;
89;10;Bartonella sp. MM55XZML;species;3243552;0;0;2;2;1;2.0;2;1;0;;4.829751267809708E-5;1.9999758512447174;1.0000120745234335;41410;2645622;;;;;;0.0;4.829751267809708E-5;0.0;2.414875633904854E-5;0.0;0;0.0;2;4.829751267809708E-5;0;0.0;1;2.414875633904854E-5;0;0.0;3243429x161264-NZ-JBHIRQ010000030_4735_aligned_37234_F_173_2570_159;;;;;
90;10;Bartonella sp. MR30HLJHH;species;3243557;1;145;26;26;2;13.0;13;1;3201;3201.0;6.945112243698646E-5;25.99913187946512;1.0000333903662209;374364;2645622;0.9542730999684642;;0.9542730999684642;;0.0;2.6711970168071717E-6;6.945112243698646E-5;0.008550501650799756;2.6711970168071717E-6;3.8732356743703987E-4;1;2.6711970168071717E-6;26;6.945112243698646E-5;3201;0.008550501650799756;1;2.6711970168071717E-6;145;3.8732356743703987E-4;3243557x106639-NZ-JBHIMO010000040_864_aligned_39963_F_66_3169_8;0.9542730999684642;;0.9542730999684642;;
91;10;Bartonella sp. TT110JLCBS;species;3243578;2;290;3;3;2;1.5;2;2;3598;1799.0;2.89569699426652E-5;2.9999710431151714;1.0000096523881106;103602;2645622;0.9066260987153483;0.02400051414169267;0.9066260987153483;0.02400051414169267;0.7071067811865476;1.9304646628443465E-5;2.89569699426652E-5;0.0347290592845698;1.9304646628443465E-5;0.0027991737611243028;2;1.9304646628443465E-5;3;2.89569699426652E-5;3598;0.0347290592845698;2;1.9304646628443465E-5;290;0.0027991737611243028;3243536x33673-NZ-JBHINM010000007_55229_aligned_40571_F_30_2988_39;0.9066260987153483;0.02400051414169267;0.9066260987153483;0.02400051414169267;
92;10;Bartonella sp. TT29SHDZB;species;3243581;7;257;134;93;9;14.88888888888889;81;7;3528;504.0;0.0010219555614162327;133.90212640335074;0.6945371406564369;91002;2645622;0.9252242656008841;0.08961780318491104;0.9252242656008841;0.08961780318491104;25.374418438874834;7.69213863431573E-5;0.0014724951099975825;0.038768378716951275;7.69213863431573E-5;0.002824113755741632;7;7.69213863431573E-5;134;0.0014724951099975825;3528;0.038768378716951275;7;7.69213863431573E-5;257;0.002824113755741632;3243581x174678-NZ-JBHILQ010000091_990_aligned_78184_R_39_508_34;0.9252242656008841;0.08961780318491104;0.9252242656008841;0.08961780318491104;
93;9;Bartonella machadoae;species;2893471;0;0;2;2;1;2.0;2;1;0;;1.2269735409290766E-6;1.999999386614648;1.00000030669277;1630027;773;;;;;;0.0;1.2269735409290766E-6;0.0;6.134867704645383E-7;0.0;0;0.0;2;1.2269735409290766E-6;0;0.0;1;6.134867704645383E-7;0;0.0;3019092x48188-NZ-JAQITB010000070_1149_aligned_41599_F_61_1739_11;;;;;
94;9;Bartonella harrusi;species;2961895;0;0;2;2;1;2.0;2;1;0;;1.3583911215556295E-6;1.999999320862943;1.0000003395686439;1472330;773;;;;;;0.0;1.3583911215556295E-6;0.0;6.791955607778148E-7;0.0;0;0.0;2;1.3583911215556295E-6;0;0.0;1;6.791955607778148E-7;0;0.0;1933906x60789-NZ-CP019787_1377301_aligned_117223_R_133_98_46;;;;;
95;9;Bartonella gliris;species;3004109;1;9;1;1;1;1.0;1;1;166;166.0;6.505033920499379E-7;0.9999999999865703;1.0000000000134297;1537271;773;0.9338235294117647;;0.9338235294117647;;;6.505033920499379E-7;6.505033920499379E-7;1.0798356308028968E-4;6.505033920499379E-7;5.854530528449441E-6;1;6.505033920499379E-7;1;6.505033920499379E-7;166;1.0798356308028968E-4;1;6.505033920499379E-7;9;5.854530528449441E-6;3243444x32961-NZ-JBHIRA010000003_113509_aligned_58773_R_32_86_47;0.9338235294117647;;0.9338235294117647;;
96;6;Rickettsiales;order;766;54;798;2540;759;329;7.720364741641338;77;314;17529;324.6111111111111;0.018731952910980034;2462.055195510461;0.3082790350858221;40519;28211;0.9463946994266189;0.04387098302796572;0.9463946994266189;0.04387098302796572;9.00072381171929;0.0013327081122436388;0.06268664083516375;0.43261186110219896;0.007749450874898196;0.01969446432537822;57578;0.2461713976823423;1405597;3.398259222034678;25676958;113.56074501267443;70251;0.2770840152168049;1785834;9.179418741779347;336407x184429-NC-007940_433636_aligned_105119_R_62_207_59;0.9215548791570101;0.06837567550370663;0.9216239998678059;0.06831919740630095;
97;7;Rickettsiaceae;family;775;2;15;265;222;52;5.096153846153846;22;44;692;346.0;0.09323813523729525;250.83505679199868;0.8850437528119933;2381;766;0.9800522637033654;0.011669849707913087;0.9800522637033654;0.011669849707913087;4.811178223412213;8.399832003359933E-4;0.11129777404451911;0.2906341873162537;0.018479630407391853;0.00629987400251995;32042;0.23270664959609139;788095;3.143325111821266;12892078;106.26547034565796;44451;0.25664190597462444;902311;8.713036982953033;1462938x212560-NZ-CP113531_323838_aligned_1866_R_28_2252_33;0.9197338850886722;0.0726488856095276;0.9198578567274295;0.07255619515961827;
98;8;Rickettsieae;tribe;33988;214;3510;13035;5551;1534;8.497392438070404;89;1228;80826;377.69158878504675;0.003387778243640516;12983.292708140789;0.42754947645287317;1638537;775;0.9479324909899746;0.057233886089495624;0.9479324909899746;0.057233886089495624;9.457892039606161;1.3060431348208798E-4;0.007955267412331855;0.04932815066123011;7.494490511962806E-4;0.002142154861318359;32040;0.23186666639575537;787830;3.0320273377767464;12891386;105.9748361583417;44407;0.2381622755672326;902296;8.706737108950513;444612x44192-NZ-GG688316_30111_aligned_14713_R_84_412_82;0.919730119896499;0.07264956065174394;0.9198540992738103;0.07255687170169983;
99;9;Rickettsia;genus;780;8608;167796;319859;248918;25832;12.382277794982967;247;17139;2960164;343.88522304832713;0.05672605189705183;308479.4867319096;0.8069191330583587;4388072;33988;0.9323588370719541;0.06714008268386568;0.9323775046001365;0.06713521445094985;13.144368322472681;0.001961681576783608;0.07289283311668542;0.6745933065820251;0.003905815583700541;0.03823911731621541;31826;0.23173606208227332;774795;3.024072070364415;12810560;105.92550800768048;43179;0.23741282651603632;898786;8.704594954089194;1462938x212560-NZ-CP113531_1734564_aligned_32716_F_28_295_38;0.9195404854022489;0.07270585213473563;0.919665298424591;0.0726129371105291;
100;10;spotted fever group;species group;114277;14553;435818;339303;179877;27974;12.129227139486666;200;16818;6061772;416.5307496736068;0.05699477760956342;321700.3197545183;0.5591446105408281;3156026;780;0.9169077936067817;0.07346290185379734;0.9170258293217364;0.07339558551732206;12.562795251901216;0.004611178741873482;0.10750957058021703;1.9206977382315609;0.005328853437836063;0.13809075083665343;22457;0.22623866925275887;446447;2.919778049678287;9530335;103.73942051969128;24879;0.22832021498091776;709561;8.56078356742283;444612x47881-NZ-CM000773_28666_aligned_71806_R_84_477_9;0.9144354064001783;0.07431048835037683;0.9145674183957339;0.07423275545009611;
101;11;Rickettsia conorii;species;781;0;0;0;0;0;;0;0;0;;0.0;0.0;;1602;114277;;;;;;0.0;0.0;0.0;0.0;0.0;81;3.000072574768536E-4;414;0.0014215383120456141;32053;0.11629377487328488;91;3.3390118884731143E-4;2330;0.00830677387652427;;0.9157897810034711;0.07374216324997017;0.9162202061113585;0.07374241285666154;
102;12;Rickettsia conorii subsp. heilongjiangensis;subspecies;226665;7;198;31;31;9;3.4444444444444446;9;9;2579;368.42857142857144;2.1105233417073453E-4;30.996834423103373;1.0001021258123788;146883;781;0.9176582750923215;0.04836299544830608;0.9179628745440425;0.04848890257468445;3.6780127484523186;4.765697868371425E-5;2.1105233417073453E-4;0.017558192575042722;6.12732583076326E-5;0.0013480116827679174;7;4.765697868371425E-5;31;2.1105233417073453E-4;2579;0.017558192575042722;9;6.12732583076326E-5;198;0.0013480116827679174;1133329x83198-NZ-LAOP01000001_148494_aligned_2252_F_66_450_4;0.9176582750923215;0.04836299544830608;0.9179628745440425;0.04848890257468445;
103;12;Rickettsia conorii str. Malish 7;strain;272944;10;240;37;37;10;3.7;13;10;3709;370.9;3.3347753983704664E-4;36.99399803519632;1.0001622415830258;110952;781;0.9246158119648115;0.0741701887791862;0.9246158119648115;0.0741701887791862;4.083843505544474;9.012906482082342E-5;3.3347753983704664E-4;0.033428870142043404;9.012906482082342E-5;0.002163097555699762;10;9.012906482082342E-5;37;3.3347753983704664E-4;3709;0.033428870142043404;10;9.012906482082342E-5;240;0.002163097555699762;1462938x212560-NZ-CP113531_1657193_aligned_53244_R_51_164_18;0.9246158119648115;0.0741701887791862;0.9246158119648115;0.0741701887791862;
104;12;Rickettsia conorii subsp. raoultii;subspecies;369822;64;1892;346;346;74;4.675675675675675;31;72;25765;402.578125;8.77008438037833E-4;345.8487599987138;1.0004373009788636;394523;781;0.9142063471247937;0.07668983203021969;0.9147177883369316;0.07669222113741585;5.613360061589142;1.6222121397231593E-4;8.77008438037833E-4;0.06530671215619875;1.8249886571885542E-4;0.00479566463805659;64;1.6222121397231593E-4;346;8.77008438037833E-4;25765;0.06530671215619875;72;1.8249886571885542E-4;1892;0.00479566463805659;1105111x147544-NC-017028_450644_aligned_52049_F_66_127_4;0.9142063471247937;0.07668983203021969;0.9147177883369316;0.07669222113741585;
105;11;Rickettsia rickettsii;species;783;13;384;39;39;14;2.7857142857142856;16;13;4664;358.7692307692308;3.3274463129335277E-4;38.993678517336654;1.0001621155762603;117207;114277;0.9035748076211162;0.07342407968101577;0.9042404028072593;0.07376821130853765;4.041678467563301;1.1091487709778426E-4;3.3274463129335277E-4;0.03979284513723583;1.1091487709778426E-4;0.003276254831196089;18;2.291293654654786E-4;50;5.928165057022803E-4;6477;0.0826574186193618;19;2.527722631390175E-4;570;0.007673833798474319;1462938x212560-NZ-CP113531_74039_aligned_72592_R_73_196_26;0.8986019240264947;0.07900825001357649;0.8990826316609313;0.07926673542383297;
106;12;Rickettsia rickettsii str. Hlp#2;strain;1105101;5;186;11;11;6;1.8333333333333333;6;6;1813;362.6;2.6007187440892755E-4;10.99869973285697;1.0001182200782466;42296;783;0.8856724266804787;0.1003352767415175;0.8856724266804787;0.1003352767415175;2.0412414523193148;1.1821448836769435E-4;2.6007187440892755E-4;0.04286457348212597;1.4185738604123322E-4;0.00439757896727823;5;1.1821448836769435E-4;11;2.6007187440892755E-4;1813;0.04286457348212597;6;1.4185738604123322E-4;186;0.00439757896727823;467174x143355-NZ-CCXM01000001_415020_aligned_114623_F_123_122_10;0.8856724266804787;0.1003352767415175;0.8856724266804787;0.1003352767415175;
107;11;Rickettsia akari;species;786;0;0;0;0;0;;0;0;0;;;0.0;;0;114277;;;;;;;;;;;45;7.160132382892057E-5;191;3.0390784114052953E-4;17242;0.0274344450101833;49;7.796588594704685E-5;1285;0.002044615580448065;;0.9229429624892137;0.05765531486382399;0.9232835329447268;0.05784174719460264;
108;12;Rickettsia akari str. Hartford;strain;293614;45;1285;191;191;49;3.8979591836734695;18;49;17242;383.15555555555557;3.0390784114052953E-4;190.9711316518232;1.0001511660318871;628480;786;0.9229429624892137;0.05765531486382399;0.9232835329447268;0.05784174719460264;4.364844871046315;7.160132382892057E-5;3.0390784114052953E-4;0.0274344450101833;7.796588594704685E-5;0.002044615580448065;45;7.160132382892057E-5;191;3.0390784114052953E-4;17242;0.0274344450101833;49;7.796588594704685E-5;1285;0.002044615580448065;444612x54001-NZ-CM000770_21060_aligned_62848_F_65_399_51;0.9229429624892137;0.05765531486382399;0.9232835329447268;0.05784174719460264;
109;11;Rickettsia australis;species;787;38;1236;116;116;42;2.761904761904762;11;41;13367;351.7631578947368;2.3123830103638615E-4;115.98670480402012;1.0001146268962666;501647;114277;0.8936302822974139;0.08750308708549706;0.8950807588825777;0.08735777045576709;2.5927621941833627;7.57504779257127E-5;2.3123830103638615E-4;0.026646227327184253;8.173077881458475E-5;0.0024638839662152866;39;6.309975628785167E-4;117;7.864853859891902E-4;13619;0.16656849273529084;42;6.369778637673888E-4;1242;0.005795366475932111;444612x54001-NZ-CM000770_165542_aligned_38289_R_70_170_6;0.895664710263454;0.08727378047302303;0.8970779951413058;0.08709835487671376;
110;12;Rickettsia australis str. Phillips;strain;1196662;1;6;1;1;1;1.0;1;1;252;252.0;5.55247084952804E-4;0.9999999999999991;1.0000000000000009;1801;787;0.972972972972973;;0.972972972972973;;;5.55247084952804E-4;5.55247084952804E-4;0.1399222654081066;5.55247084952804E-4;0.003331482509716824;1;5.55247084952804E-4;1;5.55247084952804E-4;252;0.1399222654081066;1;5.55247084952804E-4;6;0.003331482509716824;444612x54001-NZ-CM000770_1420869_aligned_50161_F_81_140_37;0.972972972972973;;0.972972972972973;;
111;11;Rickettsia amblyommatis;species;33989;85;2195;670;662;101;6.633663366336633;33;92;31496;370.54117647058825;0.0013466424460885325;669.54431099598;0.9887321707136044;491593;114277;0.9141403100494709;0.06432830799463418;0.9147855064206993;0.06410807047510408;7.524257800311241;1.7290726271529497E-4;0.001362916070814678;0.06406926054683447;1.871466843506722E-4;0.004465075784236146;1464;0.10800264924775856;14369;1.0743566630450276;708851;53.083809786318795;1472;0.10809538776665431;62129;4.694617139476398;1359164x31536-NZ-LANR01000001_415784_aligned_42023_R_131_447_3;0.9029705164293157;0.07706766736163417;0.9030079766011424;0.07706271111897138;
112;12;Rickettsia amblyommatis str. Ac/Pa;strain;1359164;8;278;45;45;8;5.625;21;8;2892;361.5;0.0011670729809637429;44.974333936237734;1.0005706824652179;38558;33989;0.8822633848383474;0.11682193148890217;0.8822633848383474;0.11682193148890217;6.94750726108704;2.0747964106022096E-4;0.0011670729809637429;0.07500389024326988;2.0747964106022096E-4;0.007209917526842679;8;2.0747964106022096E-4;45;0.0011670729809637429;2892;0.07500389024326988;8;2.0747964106022096E-4;278;0.007209917526842679;1462938x212560-NZ-CP113531_891922_aligned_54497_R_62_124_4;0.8822633848383474;0.11682193148890217;0.8822633848383474;0.11682193148890217;
113;12;Rickettsia amblyommatis str. Darkwater;strain;1359166;1371;59656;13654;954;1561;8.746957078795644;39;1372;674463;491.94967177242887;0.07488813878640396;8377.572512266881;0.1138754691294051;12739;33989;0.9023988348793628;0.07751506284762506;0.9023988348793628;0.07751506284762506;7.401188749205206;0.10762226234398305;1.0718266739932492;52.94473663552869;0.10770076144124342;4.682942146165319;1371;0.10762226234398305;13654;1.0718266739932492;674463;52.94473663552869;1372;0.10770076144124342;59656;4.682942146165319;1359166x139103-NZ-LAOH01000004_1439_aligned_10340_R_121_466_24;0.9023988348793628;0.07751506284762506;0.9023988348793628;0.07751506284762506;
114;11;Rickettsia montanensis;species;33991;0;0;0;0;0;;0;0;0;;;0.0;;0;114277;;;;;;;;;;;38;1.4707532966161063E-4;302;0.0011688618304685897;13493;0.05222335324010822;44;1.702977501344965E-4;1105;0.004276795770423151;;0.9073467392175939;0.08832670028228837;0.9074723515778501;0.08830158258515951;
115;12;Rickettsia montanensis str. OSU 85-930;strain;1105114;38;1105;302;302;47;6.425531914893617;31;44;13493;355.07894736842104;0.0011688618304685897;301.82415435667775;1.0005826095784052;258371;33991;0.9073467392175939;0.08832670028228837;0.9074723515778501;0.08830158258515951;7.958437362597891;1.4707532966161063E-4;0.0011688618304685897;0.05222335324010822;1.702977501344965E-4;0.004276795770423151;38;1.4707532966161063E-4;302;0.0011688618304685897;13493;0.05222335324010822;44;1.702977501344965E-4;1105;0.004276795770423151;1105114x157121-NC-017043_119810_aligned_73389_R_68_356_18;0.9073467392175939;0.08832670028228837;0.9074723515778501;0.08830158258515951;
116;11;Rickettsia rhipicephali;species;33992;45;1429;300;299;53;5.660377358490566;31;53;16885;375.22222222222223;8.02419603728165E-4;299.8796691430275;0.9970665929252844;372623;114277;0.9044074529797895;0.07177993060431154;0.9046122660878284;0.07177618338712843;7.600464045110401;1.2076549219989105E-4;8.05103281332607E-4;0.04531389635100356;1.4223491303542722E-4;0.003834975296747651;46;1.3775871190522862E-4;303;8.560829404486197E-4;17379;0.05370854688544032;55;1.7622135244610237E-4;1450;0.00419183291055974;444612x54001-NZ-CM000770_926082_aligned_95751_R_74_230_1;0.905501668769584;0.07136482158840762;0.9057020294187526;0.07135800215104475;
117;12;Rickettsia rhipicephali str. 3-7-female6-CWPP;strain;1105113;1;21;3;3;2;1.5;2;2;494;494.0;5.097965911601271E-5;2.9999490206349306;1.0000169934104608;58847;33992;0.9547413793103449;;0.9547413793103449;;0.7071067811865476;1.699321970533757E-5;5.097965911601271E-5;0.00839465053443676;3.398643941067514E-5;3.5685761381208897E-4;1;1.699321970533757E-5;3;5.097965911601271E-5;494;0.00839465053443676;2;3.398643941067514E-5;21;3.5685761381208897E-4;1462938x212560-NZ-CP113531_1669986_aligned_79015_R_55_372_80;0.9547413793103449;;0.9547413793103449;;
118;11;Rickettsia africae;species;35788;0;0;0;0;0;;0;0;0;;;0.0;;0;114277;;;;;;;;;;;15;1.1485627651265716E-4;42;3.2159757423544003E-4;7154;0.05477878681143662;15;1.1485627651265716E-4;403;0.003085805295640056;;0.9414449499557409;0.04429063470231164;0.9417850860101625;0.0441200101995022;
119;12;Rickettsia africae ESF-5;strain;347255;15;403;42;42;15;2.8;8;15;7154;476.93333333333334;3.2159757423544003E-4;41.99340792287704;1.0001569788557068;130598;35788;0.9414449499557409;0.04429063470231164;0.9417850860101625;0.0441200101995022;2.210365192839022;1.1485627651265716E-4;3.2159757423544003E-4;0.05477878681143662;1.1485627651265716E-4;0.003085805295640056;15;1.1485627651265716E-4;42;3.2159757423544003E-4;7154;0.05477878681143662;15;1.1485627651265716E-4;403;0.003085805295640056;1462938x212560-NZ-CP113531_91379_aligned_116888_R_84_117_66;0.9414449499557409;0.04429063470231164;0.9417850860101625;0.0441200101995022;
120;11;Rickettsia helvetica;species;35789;22;477;97;97;23;4.217391304347826;17;23;7226;328.45454545454544;3.668669936951827E-4;96.98239249204245;1.00018155365634;264401;114277;0.9139634951221375;0.1031902207059924;0.9139634951221375;0.1031902207059924;4.305984437533952;8.320694702364969E-5;3.668669936951827E-4;0.0273296999633133;8.698908097927013E-5;0.00180407789683095;22;8.320694702364969E-5;97;3.668669936951827E-4;7226;0.0273296999633133;23;8.698908097927013E-5;477;0.00180407789683095;1462938x212560-NZ-CP113531_370521_aligned_101719_R_20_107_50;0.9139634951221375;0.1031902207059924;0.9139634951221375;0.1031902207059924;
121;11;Rickettsia japonica;species;35790;13;223;110;110;17;6.470588235294118;30;15;4177;321.3076923076923;0.0012420116071630196;109.93233787376056;1.0006154888320227;88566;114277;0.940643283732148;0.06008995210606381;0.940643283732148;0.06008995210606381;7.993103645165183;1.467831899374478E-4;0.0012420116071630196;0.04716256802836303;1.6936521915859358E-4;0.002517896258157758;14;4.845069319165089E-4;116;0.0032683540590373863;4504;0.157598231655516;16;5.070889611376548E-4;229;0.004544238710032125;652620x90159-NZ-AMRT02000009_11587_aligned_74554_R_102_230_40;0.9434400477368502;0.05867328831939977;0.9434400477368502;0.05867328831939977;
122;12;Rickettsia japonica YH;strain;652620;1;6;6;6;1;6.0;6;1;327;327.0;0.002026342451874367;5.994936424438915;1.000844642078345;2961;35790;0.9797979797979798;;0.9797979797979798;;;3.3772374197906115E-4;0.002026342451874367;0.11043566362715299;3.3772374197906115E-4;0.002026342451874367;1;3.3772374197906115E-4;6;0.002026342451874367;327;0.11043566362715299;1;3.3772374197906115E-4;6;0.002026342451874367;334545x206544-NZ-CCMG01000014_112790_aligned_110605_F_157_166_7;0.9797979797979798;;0.9797979797979798;;
123;11;Rickettsia massiliae;species;35791;0;0;0;0;0;;0;0;0;;0.0;0.0;;1397;114277;;;;;;0.0;0.0;0.0;0.0;0.0;5;3.907074148453189E-5;31;2.4223859720409773E-4;1596;0.012471380681862581;5;3.907074148453189E-5;57;4.454064529236636E-4;;0.952576431231831;0.04094742393536358;0.952576431231831;0.04094742393536358;
124;12;Rickettsia massiliae MTU5;strain;416276;5;57;31;31;6;5.166666666666667;13;5;1596;319.2;2.4223859720409773E-4;30.99636669535257;1.000117217113965;127973;35791;0.952576431231831;0.04094742393536358;0.952576431231831;0.04094742393536358;4.915960401250875;3.907074148453189E-5;2.4223859720409773E-4;0.012471380681862581;3.907074148453189E-5;4.454064529236636E-4;5;3.907074148453189E-5;31;2.4223859720409773E-4;1596;0.012471380681862581;5;3.907074148453189E-5;57;4.454064529236636E-4;444612x54001-NZ-CM000770_1039422_aligned_79858_F_72_156_13;0.952576431231831;0.04094742393536358;0.952576431231831;0.04094742393536358;
125;11;Rickettsia parkeri;species;35792;23;685;110;110;24;4.583333333333333;18;24;7867;342.04347826086956;5.764836593086389E-4;109.96858756808494;1.0002856491349914;190812;114277;0.8998668106604953;0.06492371345579286;0.9011772755579167;0.06476263989711006;5.157659282597321;1.2053749240089721E-4;5.764836593086389E-4;0.04122906316164602;1.2577825294006665E-4;0.0035899209693310693;23;1.2053749240089721E-4;110;5.764836593086389E-4;7867;0.04122906316164602;24;1.2577825294006665E-4;685;0.0035899209693310693;1359203x67931-NZ-LAOK01000001_511120_aligned_90042_F_108_161_5;0.8998668106604953;0.06492371345579286;0.9011772755579167;0.06476263989711006;
126;11;Rickettsia slovaca;species;35794;8;269;47;46;9;5.222222222222222;30;9;2932;366.5;6.707690512992505E-4;46.98424037443005;0.9790516912354786;68578;114277;0.8981278656070746;0.04412080163518425;0.8981278656070746;0.04412080163518425;9.431036233863406;1.1665548718247835E-4;6.853509871970603E-4;0.04275423605237831;1.3123742308028815E-4;0.003922540756510834;8;1.1665548718247835E-4;47;6.853509871970603E-4;2932;0.04275423605237831;9;1.3123742308028815E-4;269;0.003922540756510834;1462938x212560-NZ-CP113531_1175803_aligned_68741_R_45_152_25;0.8981278656070746;0.04412080163518425;0.8981278656070746;0.04412080163518425;
127;11;Rickettsia honei;species;37816;0;0;0;0;0;;0;0;0;;;0.0;;0;114277;;;;;;;;;;;12;7.392895427494178E-5;41;2.5259059377271775E-4;4501;0.027729518599292746;15;9.241119284367723E-5;282;0.0017373304254611319;;0.9181623734708179;0.10719244361674977;0.9181623734708179;0.10719244361674977;
128;12;Rickettsia honei RB;strain;1175313;12;282;41;41;15;2.7333333333333334;19;15;4501;375.0833333333333;2.5259059377271775E-4;40.99494859239786;1.000123220244825;162318;37816;0.9181623734708179;0.10719244361674977;0.9181623734708179;0.10719244361674977;4.589843860815601;7.392895427494178E-5;2.5259059377271775E-4;0.027729518599292746;9.241119284367723E-5;0.0017373304254611319;12;7.392895427494178E-5;41;2.5259059377271775E-4;4501;0.027729518599292746;15;9.241119284367723E-5;282;0.0017373304254611319;444612x54001-NZ-CM000770_1681772_aligned_75456_R_73_143_48;0.9181623734708179;0.10719244361674977;0.9181623734708179;0.10719244361674977;
129;11;Rickettsia felis;species;42862;64;2621;482;482;77;6.259740259740259;38;66;33712;526.75;9.08302868126484E-4;481.78161901800576;1.0004532779445579;530660;114277;0.9157369068941388;0.07377001970973501;0.9176894734496386;0.07103624970507319;6.888974022998057;1.2060453020766592E-4;9.08302868126484E-4;0.06352843628688802;1.2437342177665548E-4;0.004939132401160819;72;0.0013166064823664798;519;0.007334759088675375;37001;0.6108493143595023;76;0.0013636766643139227;2918;0.05023565206687117;42862x108735-NZ-JSEL01000043_13224_aligned_74824_R_71_147_1;0.9128858047387651;0.07336401724679313;0.914621419454765;0.07100306188567282;
130;12;Rickettsia felis str. LSU;strain;1359195;6;221;26;26;8;3.25;14;8;2358;393.0;5.629167749198926E-4;25.992964758903994;1.0002706594327064;46188;42862;0.8877557566166195;0.072438198141847;0.8877557566166195;0.072438198141847;4.6827952580239325;1.2990387113535984E-4;5.629167749198926E-4;0.051052221356196414;1.732051615138131E-4;0.004784792586819088;6;1.2990387113535984E-4;26;5.629167749198926E-4;2358;0.051052221356196414;8;1.732051615138131E-4;221;0.004784792586819088;1462938x212560-NZ-CP113531_1207030_aligned_82311_R_78_104_10;0.8877557566166195;0.072438198141847;0.8877557566166195;0.072438198141847;
131;12;Rickettsia felis str. Pedreira;strain;1359196;2;76;11;11;2;5.5;9;2;931;465.5;0.005863539445628998;10.97072913613898;1.0026680873712028;1876;42862;0.8970406801332451;0.09081221411160387;0.8970406801332451;0.09081221411160387;4.949747468305833;0.0010660980810234541;0.005863539445628998;0.4962686567164179;0.0010660980810234541;0.04051172707889126;2;0.0010660980810234541;11;0.005863539445628998;931;0.4962686567164179;2;0.0010660980810234541;76;0.04051172707889126;1462938x212560-NZ-CP113531_1357813_aligned_24988_F_109_249_3;0.8970406801332451;0.09081221411160387;0.8970406801332451;0.09081221411160387;
132;11;Rickettsia peacockii;species;47589;0;0;0;0;0;;0;0;0;;;0.0;;0;114277;;;;;;;;;;;18;1.534893239647998E-4;79;6.736475885121768E-4;7525;0.06416706460195103;21;1.7907087795893307E-4;442;0.003769015621802306;;0.9358517502339794;0.055780127893244255;0.9358517502339794;0.055780127893244255;
133;12;Rickettsia peacockii str. Rustic;strain;562019;18;442;79;79;21;3.761904761904762;21;21;7525;418.05555555555554;6.736475885121768E-4;78.9737334931519;1.000332598013115;117272;47589;0.9358517502339794;0.055780127893244255;0.9358517502339794;0.055780127893244255;4.918381460447755;1.534893239647998E-4;6.736475885121768E-4;0.06416706460195103;1.7907087795893307E-4;0.003769015621802306;18;1.534893239647998E-4;79;6.736475885121768E-4;7525;0.06416706460195103;21;1.7907087795893307E-4;442;0.003769015621802306;444612x46237-NZ-GG688312_9384_aligned_62642_R_99_360_1;0.9358517502339794;0.055780127893244255;0.9358517502339794;0.055780127893244255;
134;11;Rickettsia monacensis;species;109232;90;3938;1324;1222;145;9.13103448275862;65;101;42361;470.6777777777778;0.00872190540087219;1317.7684925024005;0.9273252524648399;140107;114277;0.8943211822787129;0.07147649347629617;0.8950651163094373;0.0708232864866953;10.129203635208688;6.423661915535983E-4;0.009449920417966268;0.302347491560022;7.208776149657047E-4;0.028107089581534114;90;6.423661915535983E-4;1324;0.009449920417966268;42361;0.302347491560022;101;7.208776149657047E-4;3938;0.028107089581534114;109232x175602-NZ-LN794217_861167_aligned_21_F_63_1079_8;0.8943211822787129;0.07147649347629617;0.8950651163094373;0.0708232864866953;
135;11;Rickettsia asiatica;species;238800;24;821;84;84;26;3.230769230769231;33;26;10422;434.25;3.6449157764104523E-4;83.98487539260958;1.0001800872754734;230458;114277;0.9208722492149252;0.06853725015943508;0.9212277988309193;0.06844638809526399;6.339133646218179;1.0414045075458435E-4;3.6449157764104523E-4;0.04522299074017826;1.1281882165079972E-4;0.0035624712528964063;24;1.0414045075458435E-4;84;3.6449157764104523E-4;10422;0.04522299074017826;26;1.1281882165079972E-4;821;0.0035624712528964063;238800x60302-NZ-AP019563_177051_aligned_115255_F_69_90_0;0.9208722492149252;0.06853725015943508;0.9212277988309193;0.06844638809526399;
136;11;Rickettsia sibirica subgroup;;266068;0;0;0;0;0;;0;0;0;;;0.0;;0;114277;;;;;;;;;;;20;1.9166410458231495E-4;143;0.0014048266137550336;6376;0.06113575762524757;23;2.2160090185557537E-4;566;0.005345740175009244;;0.8952918812014481;0.09970299711641976;0.8956890591476199;0.09971929740753104;
137;12;Rickettsia sibirica;species;35793;15;441;100;100;17;5.882352941176471;31;17;4775;318.3333333333333;8.396023643202579E-4;99.95845107960315;1.0004156619070033;119104;266068;0.8885301454101229;0.11225671547093595;0.8886851841698128;0.11224432164196194;7.841255901808527;1.259403546480387E-4;8.396023643202579E-4;0.04009101289629231;1.4273240193444386E-4;0.0037026464266523376;20;1.9166410458231495E-4;143;0.0014048266137550336;6376;0.06113575762524757;23;2.2160090185557537E-4;566;0.005345740175009244;1462938x212560-NZ-CP113531_31578_aligned_70391_F_65_128_52;0.8952918812014481;0.09970299711641976;0.8956890591476199;0.09971929740753104;
138;13;Rickettsia sibirica subsp. mongolitimonae;subspecies;45261;0;0;0;0;0;;0;0;0;;;0.0;;0;35793;;;;;;;;;;;5;6.572374993427625E-5;43;5.652242494347757E-4;1601;0.021044744728955254;6;7.88684999211315E-5;125;0.0016430937483569062;;0.9155770885754235;0.049264131055768365;0.9167006840810416;0.04901158786244643;
139;14;Rickettsia sibirica subsp. mongolitimonae HA-91;strain;1144280;5;125;43;43;6;7.166666666666667;20;6;1601;320.2;5.652242494347757E-4;42.988132422682604;1.0002760663617742;76076;45261;0.9155770885754235;0.049264131055768365;0.9167006840810416;0.04901158786244643;6.853223086013373;6.572374993427625E-5;5.652242494347757E-4;0.021044744728955254;7.88684999211315E-5;0.0016430937483569062;5;6.572374993427625E-5;43;5.652242494347757E-4;1601;0.021044744728955254;6;7.88684999211315E-5;125;0.0016430937483569062;1736693x144461-NZ-BCMR01000005_16942_aligned_118397_R_199_64_37;0.9155770885754235;0.049264131055768365;0.9167006840810416;0.04901158786244643;
140;11;Rickettsia tamurae;species;334545;61;1841;365;364;71;5.140845070422535;63;71;24823;406.9344262295082;0.0013969857346264407;364.74516846103734;0.9979570162253789;260561;114277;0.9094519862337214;0.08241848468156493;0.9095716384446283;0.08229358504386287;8.838706716398676;2.3411024673684856E-4;0.001400823607523766;0.09526751893030806;2.7248897571010243E-4;0.007065524003976037;546;0.013108051796387793;7825;0.1994206255877218;211694;5.055610470115507;570;0.013518049456691177;17404;0.4201730545961773;334545x222529-NZ-CCMG01000026_3501_aligned_76487_R_36_117_32;0.9030796723168817;0.08092746202594864;0.9033379502363367;0.0808313836013551;
141;12;Rickettsia tamurae subsp. buchneri;subspecies;1462938;485;15563;7460;6114;634;11.766561514195583;92;499;186871;385.30103092783503;0.16229129615374407;6767.899737056368;0.9033821772689594;37673;334545;0.9022782060304338;0.08078880952793774;0.9025539193482836;0.08069776772343142;12.50487747520885;0.012873941549650944;0.19801980198019803;4.960342951185199;0.013245560480981074;0.4131075305922013;485;0.012873941549650944;7460;0.19801980198019803;186871;4.960342951185199;499;0.013245560480981074;15563;0.4131075305922013;1462938x212560-NZ-CP113531_249574_aligned_2090_R_63_544_3;0.9022782060304338;0.08078880952793774;0.9025539193482836;0.08069776772343142;
142;11;Rickettsia gravesii;species;354585;0;0;0;0;0;;0;0;0;;;0.0;;0;114277;;;;;;;;;;;29;9.46039844588489E-5;151;4.925931604581442E-4;11100;0.03621049060321458;31;1.0112839718014882E-4;756;0.0024662280086513713;;0.9214487699608938;0.07140427155666518;0.9217763775950274;0.07163984386488727;
143;12;Rickettsia gravesii BWI-1;strain;1397702;29;756;151;149;31;4.870967741935484;23;31;11100;382.7586206896552;4.860687477368443E-4;150.96306149575386;0.986996411729441;306541;354585;0.9214487699608938;0.07140427155666518;0.9217763775950274;0.07163984386488727;5.60203496052325;9.46039844588489E-5;4.925931604581442E-4;0.03621049060321458;1.0112839718014882E-4;0.0024662280086513713;29;9.46039844588489E-5;151;4.925931604581442E-4;11100;0.03621049060321458;31;1.0112839718014882E-4;756;0.0024662280086513713;444612x54001-NZ-CM000770_620077_aligned_111470_R_122_177_5;0.9214487699608938;0.07140427155666518;0.9217763775950274;0.07163984386488727;
144;11;Rickettsia hoogstraalii;species;467174;57;1788;325;325;69;4.7101449275362315;28;66;20403;357.94736842105266;5.651731603613631E-4;324.9084590798198;1.0002817437269544;575045;114277;0.8949695159511001;0.08077949972844425;0.8953171677626414;0.08063142816637994;6.469615520159381;9.91226773556852E-5;5.651731603613631E-4;0.035480701510316584;1.1477362641184603E-4;0.0031093218791572834;57;9.91226773556852E-5;325;5.651731603613631E-4;20403;0.035480701510316584;66;1.1477362641184603E-4;1788;0.0031093218791572834;467174x143355-NZ-CCXM01000001_785525_aligned_116451_R_70_124_1;0.8949695159511001;0.08077949972844425;0.8953171677626414;0.08063142816637994;
145;11;Rickettsia asembonensis;species;1068590;39;1233;232;232;49;4.73469387755102;27;43;15934;408.56410256410254;4.76037073438978E-4;231.9450263625909;1.0002370114947976;487357;114277;0.9098635546938886;0.07023577370711379;0.9099542852194017;0.0701147212767343;5.918810093690291;8.002347355224199E-5;4.76037073438978E-4;0.032694718655933944;8.82310093011899E-5;0.002529972894613189;39;8.002347355224199E-5;232;4.76037073438978E-4;15934;0.032694718655933944;43;8.82310093011899E-5;1233;0.002529972894613189;1068590x88961-NZ-JWSW01000040_8206_aligned_5_F_20_2259_47;0.9098635546938886;0.07023577370711379;0.9099542852194017;0.0701147212767343;
146;11;Rickettsia fournieri;species;1436798;17;694;62;62;19;3.263157894736842;15;19;6200;364.70588235294116;5.694185501868979E-4;61.98263592361225;1.0002801442069864;108883;114277;0.8722311944497793;0.09043269966776855;0.872526790074964;0.09065749304080203;3.3803698887540876;1.5613089279318168E-4;5.694185501868979E-4;0.056941855018689785;1.744992331217913E-4;0.006373814094027534;17;1.5613089279318168E-4;62;5.694185501868979E-4;6200;0.056941855018689785;19;1.744992331217913E-4;694;0.006373814094027534;1462938x148930-NZ-JFKF01000207_15233_aligned_22327_R_79_394_72;0.8722311944497793;0.09043269966776855;0.872526790074964;0.09065749304080203;
147;11;Rickettsia argasii;species;1441385;0;0;0;0;0;;0;0;0;;;0.0;;0;114277;;;;;;;;;;;28;1.9142157868110534E-4;101;6.904849802425585E-4;15403;0.10530237772946661;36;2.4611345830427827E-4;1012;0.006918522772331378;;0.9337630837729757;0.057933284585489235;0.9339163639691742;0.057967605391321744;
148;12;Rickettsia argasii T170-B;strain;1268837;28;1012;101;100;36;2.8055555555555554;14;36;15403;550.1071428571429;6.836484952896618E-4;100.96548353885254;0.9904374890803053;146274;1441385;0.9337630837729757;0.057933284585489235;0.9339163639691742;0.057967605391321744;3.362137453164022;1.9142157868110534E-4;6.904849802425585E-4;0.10530237772946661;2.4611345830427827E-4;0.006918522772331378;28;1.9142157868110534E-4;101;6.904849802425585E-4;15403;0.10530237772946661;36;2.4611345830427827E-4;1012;0.006918522772331378;1462938x212560-NZ-CP113531_1219079_aligned_36183_R_60_373_5;0.9337630837729757;0.057933284585489235;0.9339163639691742;0.057967605391321744;
149;11;Rickettsia koreansis;species;2358204;25;849;104;86;26;4.0;21;25;13280;531.2;5.460525480335759E-4;103.96599969601593;0.8271935079877426;157494;114277;0.9146733832016528;0.07570858852538528;0.9150980206123003;0.07547013551448577;5.2687759489277965;1.5873620582371393E-4;6.603426162266499E-4;0.08432067253355684;1.5873620582371393E-4;0.0053906815497733246;25;1.5873620582371393E-4;104;6.603426162266499E-4;13280;0.08432067253355684;25;1.5873620582371393E-4;849;0.0053906815497733246;444612x46237-NZ-GG688312_11087_aligned_76144_R_35_181_74;0.9146733832016528;0.07570858852538528;0.9150980206123003;0.07547013551448577;
150;11;unclassified spotted fever group;no rank;2750824;0;0;0;0;0;;0;0;0;;;0.0;;0;114277;;;;;;;;;;;5019;0.09460800702397676;79568;1.5042136969298219;2191496;41.316529149743786;5041;0.09495294549809363;166407;3.134126280769802;;0.9126468687705965;0.0743673830192285;0.9127601172856592;0.07429460814832482;
151;12;Rickettsia endosymbiont of Ixodes scapularis;species;444612;4992;165327;79445;17278;7357;10.79855919532418;163;5009;2180189;436.73657852564105;0.32701807513958553;41088.95953721278;0.4205022515683791;52835;2750824;0.9128635825647595;0.07414948642903937;0.9129754921204409;0.07408111155597243;10.756483588804956;0.09448282388568184;1.5036434181887006;41.2641052332734;0.09480458029715151;3.129118955238005;4992;0.09448282388568184;79445;1.5036434181887006;2180189;41.2641052332734;5009;0.09480458029715151;165327;3.129118955238005;444612x44192-NZ-GG688316_10891_aligned_23638_R_53_354_55;0.9128635825647595;0.07414948642903937;0.9129754921204409;0.07408111155597243;
152;12;Rickettsia sp. Tenjiku01;species;1736693;27;1080;123;123;32;3.84375;21;32;11307;418.77777777777777;5.702787411212701E-4;122.96521950155841;1.000282848260529;215684;2750824;0.8725788961609001;0.10138609710672127;0.8729397033882542;0.10078356963533172;4.932508195307352;1.2518313829491294E-4;5.702787411212701E-4;0.05242391647039187;1.4836520094211903E-4;0.005007325531796517;27;1.2518313829491294E-4;123;5.702787411212701E-4;11307;0.05242391647039187;32;1.4836520094211903E-4;1080;0.005007325531796517;1359203x67931-NZ-LAOK01000001_1271864_aligned_112369_R_137_139_1;0.8725788961609001;0.10138609710672127;0.8729397033882542;0.10078356963533172;
153;11;Rickettsia tillamookensis;species;2761623;50;1457;236;235;57;4.140350877192983;31;57;20707;414.14;4.312235187472131E-4;235.94912290361407;0.995977425591017;544961;114277;0.9085176941755627;0.08474626802387547;0.9085969354993043;0.08480751613932332;5.478655324110196;9.174968483983258E-5;4.3305851244400975E-4;0.03799721447956826;1.0459464071740914E-4;0.002673585816232721;50;9.174968483983258E-5;236;4.3305851244400975E-4;20707;0.03799721447956826;57;1.0459464071740914E-4;1457;0.002673585816232721;444612x54001-NZ-CM000770_1478103_aligned_47584_R_119_205_1;0.9085176941755627;0.08474626802387547;0.9085969354993043;0.08480751613932332;
154;11;Candidatus Rickettsia kedanie;species;3115352;40;945;161;160;47;3.425531914893617;14;47;13767;344.175;3.1758004009448007E-4;160.97443749710976;0.9939466320723919;503810;114277;0.9126958031829723;0.0851884051464547;0.9140514291115126;0.08321021836586447;3.8659307943324586;7.939501002362002E-5;3.1956491534507057E-4;0.027325777574879417;9.328913677775352E-5;0.0018757071118080228;40;7.939501002362002E-5;161;3.1956491534507057E-4;13767;0.027325777574879417;47;9.328913677775352E-5;945;0.0018757071118080228;444612x54001-NZ-CM000770_225676_aligned_84688_R_83_184_54;0.9126958031829723;0.0851884051464547;0.9140514291115126;0.08321021836586447;
155;10;typhus group;species group;114292;7;99;56;56;11;5.090909090909091;12;11;2665;380.7142857142857;3.905814083249637E-4;55.98926035967275;1.0001918160779095;143376;780;0.9669415100841938;0.030890221264081034;0.9669415100841938;0.030890221264081034;3.4771984543464143;4.8822676040620465E-5;3.905814083249637E-4;0.01858749023546479;7.672134806383216E-5;6.904921325744895E-4;57;3.301590832645634E-4;269;8.587703486355925E-4;22067;0.16646995430221032;74;3.7306241662983595E-4;1292;0.004750093351694088;1133329x83198-NZ-LAOP01000001_769674_aligned_4476_F_38_469_31;0.9351664927875333;0.05563047242235567;0.9365249442687876;0.054933781134333094;
156;11;Rickettsia prowazekii;species;782;29;651;147;147;35;4.2;20;35;11134;383.9310344827586;1.6729392404400627E-4;146.98778822206856;1.0000830802210112;878693;114292;0.9363622428838029;0.04744148427945501;0.9389488093295079;0.045614248619609096;4.831270689020461;3.300356324677675E-5;1.6729392404400627E-4;0.012671092178952148;3.983188667714435E-5;7.408730921948849E-4;30;2.579754417619623E-4;148;3.922658025591919E-4;11695;0.13888031602597128;36;2.6480376519232994E-4;663;0.0034405356343771122;444612x54001-NZ-CM000770_317417_aligned_7663_R_103_620_2;0.9377302057857928;0.0472146582418432;0.9402305533499743;0.04536737620507954;
157;12;Rickettsia prowazekii str. Breinl;strain;1290428;1;12;1;1;1;1.0;1;1;561;561.0;2.249718785151856E-4;1.0000000000001674;0.9999999999998326;4445;782;0.9774011299435028;;0.9774011299435028;;;2.249718785151856E-4;2.249718785151856E-4;0.12620922384701913;2.249718785151856E-4;0.0026996625421822273;1;2.249718785151856E-4;1;2.249718785151856E-4;561;0.12620922384701913;1;2.249718785151856E-4;12;0.0026996625421822273;1462938x212560-NZ-CP113531_1703766_aligned_62163_R_106_440_9;0.9774011299435028;;0.9774011299435028;;
158;11;Rickettsia typhi;species;785;20;530;65;65;28;2.3214285714285716;10;27;7707;385.35;7.592313775143699E-5;64.99757051939267;1.0000373780217926;856129;114292;0.9201996672363124;0.06927761941135512;0.9203207326116152;0.06937301494051458;2.357864247475628;2.3360965461980612E-5;7.592313775143699E-5;0.00900214804077423;3.1537303373673825E-5;6.190655847424862E-4;20;2.3360965461980612E-5;65;7.592313775143699E-5;7707;0.00900214804077423;27;3.1537303373673825E-5;530;6.190655847424862E-4;444612x54001-NZ-CM000770_1058843_aligned_11270_F_86_282_43;0.9201996672363124;0.06927761941135512;0.9203207326116152;0.06937301494051458;
159;10;unclassified Rickettsia;no rank;114295;106;2334;1310;1300;197;6.649746192893401;91;182;37653;355.2169811320755;3.174888488147409E-4;1309.7906272110247;0.9925250440737448;4094632;780;0.928814596389094;0.07128223377736347;0.9297655799617768;0.07118728720559349;10.677754982479488;2.588755228797118E-5;3.199310707287004E-4;0.009195698172631874;4.444843883406372E-5;5.700145947181578E-4;484;0.002590079494338905;5421;0.022068518826417152;205224;1.0921553273465692;780;0.00368186462832357;13957;0.08270572889922728;3066252x117549-NZ-OZ032155_27790_aligned_69984_R_38_180_35;0.9238913913130302;0.07048464158870625;0.9251046022012828;0.06849399456731023;
160;11;Rickettsia sp.;species;789;27;400;200;200;62;3.225806451612903;20;61;11576;428.74074074074076;3.8753231050638845E-4;199.96144546689334;1.000192809833999;516086;114295;0.9419015521173685;0.059149511577267486;0.9429817041070403;0.05933491574012165;3.484952923635798;5.2316861918362446E-5;3.8753231050638845E-4;0.022430370132109766;1.1819735470444848E-4;7.750646210127769E-4;27;5.2316861918362446E-5;200;3.8753231050638845E-4;11576;0.022430370132109766;61;1.1819735470444848E-4;400;7.750646210127769E-4;789x130956-NZ-JBHEQR010000030_5572_aligned_118354_R_76_107_59;0.9419015521173685;0.059149511577267486;0.9429817041070403;0.05933491574012165;
161;11;Rickettsia endosymbiont of Oedothorax gibbosus;species;931099;0;0;1;1;1;1.0;1;1;0;;2.3037228160707703E-6;0.9999999999979536;1.0000000000020464;434080;114295;;;;;;0.0;2.3037228160707703E-6;0.0;2.3037228160707703E-6;0.0;0;0.0;1;2.3037228160707703E-6;0;0.0;1;2.3037228160707703E-6;0;0.0;444612x54001-NZ-CM000770_1536563_aligned_21439_R_74_334_3;;;;;
162;11;Rickettsia endosymbiont of Ixodes pacificus;species;1133329;123;5690;2029;1992;224;9.058035714285714;73;169;68077;553.4715447154472;0.010746945051387877;2017.940537492696;0.9871450436666844;185355;114295;0.9113873970920986;0.07201634925759967;0.9125327492754224;0.07157380782035838;10.47873044027636;6.635914866067816E-4;0.010946562002643576;0.36727900515227535;9.117639124922446E-4;0.03069785007148445;123;6.635914866067816E-4;2029;0.010946562002643576;68077;0.36727900515227535;169;9.117639124922446E-4;5690;0.03069785007148445;1133329x66257-NZ-KR611317_34976_aligned_52_F_71_698_7;0.9113873970920986;0.07201634925759967;0.9125327492754224;0.07157380782035838;
163;11;Rickettsia sp. MEAM1 (Bemisia tabaci);species;1182263;6;231;36;25;9;4.0;15;9;2497;416.1666666666667;0.0034204405527431935;35.913938401437164;0.6961085615438818;7309;114295;0.8968746090334235;0.06466558367331329;0.8968746090334235;0.06466558367331329;4.8218253804964775;8.209057326583664E-4;0.004925434395950198;0.3416336024079901;0.0012313585989875496;0.031604870707347105;6;8.209057326583664E-4;36;0.004925434395950198;2497;0.3416336024079901;9;0.0012313585989875496;231;0.031604870707347105;444612x54001-NZ-CM000770_1474556_aligned_83957_R_185_354_50;0.8968746090334235;0.06466558367331329;0.8968746090334235;0.06466558367331329;
164;11;Rickettsia endosymbiont of Proechinophthirus fluctus;species;1462733;20;610;155;155;32;4.84375;21;32;6514;325.7;6.759143376693601E-4;154.94796616989376;1.0003358148634824;229319;114295;0.8905187044022489;0.07650240832474448;0.8925534252270818;0.07516583243540395;5.168823257857415;8.721475324765938E-5;6.759143376693601E-4;0.028405845132762658;1.39543605196255E-4;0.002660049974053611;20;8.721475324765938E-5;155;6.759143376693601E-4;6514;0.028405845132762658;32;1.39543605196255E-4;610;0.002660049974053611;444612x54001-NZ-CM000770_1607793_aligned_64964_R_76_428_0;0.8905187044022489;0.07650240832474448;0.8925534252270818;0.07516583243540395;
165;11;Rickettsia endosymbiont of Culicoides newsteadi;species;1961830;0;0;1;1;1;1.0;1;1;0;;6.422607578676943E-6;0.9999999999973586;1.0000000000026414;155700;114295;;;;;;0.0;6.422607578676943E-6;0.0;6.422607578676943E-6;0.0;0;0.0;1;6.422607578676943E-6;0;0.0;1;6.422607578676943E-6;0;0.0;1462938x41223-NZ-JFKF01000183_2666_aligned_89692_F_38_264_30;;;;;
166;11;Rickettsia sp. TH2014;species;1967503;37;1033;302;302;68;4.4411764705882355;24;61;15671;423.5405405405405;5.335189461057534E-4;301.91971958237934;1.0002658998813714;566053;114295;0.9285091773643559;0.06533267634044158;0.9288559888977634;0.06532239514306534;5.439991091249225;6.536490399308898E-5;5.335189461057534E-4;0.027684686769613446;1.0776376063725482E-4;0.001824917454725971;37;6.536490399308898E-5;302;5.335189461057534E-4;15671;0.027684686769613446;61;1.0776376063725482E-4;1033;0.001824917454725971;1967503x220192-NZ-MXAX01000074_3719_aligned_1711_F_85_2978_4;0.9285091773643559;0.06533267634044158;0.9288559888977634;0.06532239514306534;
167;11;Rickettsia endosymbiont of Halotydeus destructor;species;2996754;2;16;7;7;4;1.75;3;4;715;357.5;5.453284825066414E-6;6.999983640068091;1.000002337138592;1283630;114295;0.9748600312580371;0.004203723025014513;0.9748600312580371;0.004203723025014513;0.9574271077563381;1.5580813785904037E-6;5.453284825066414E-6;5.570140928460694E-4;3.1161627571808075E-6;1.246465102872323E-5;2;1.5580813785904037E-6;7;5.453284825066414E-6;715;5.570140928460694E-4;4;3.1161627571808075E-6;16;1.246465102872323E-5;1462938x212560-NZ-CP113531_411492_aligned_57477_F_211_214_14;0.9748600312580371;0.004203723025014513;0.9748600312580371;0.004203723025014513;
168;11;Rickettsia endosymbiont of Aspidapion aeneum;species;3066247;2;49;4;4;2;2.0;2;2;542;271.0;3.457515774915723E-4;3.9994814025192023;1.0001296661813381;11569;114295;0.9009380730709551;0.043040848650300875;0.9027366342220342;0.040497299077688044;0.0;1.7287578874578615E-4;3.457515774915723E-4;0.04684933875010805;1.7287578874578615E-4;0.0042354568242717605;2;1.7287578874578615E-4;4;3.457515774915723E-4;542;0.04684933875010805;2;1.7287578874578615E-4;49;0.0042354568242717605;444612x54001-NZ-CM000770_697027_aligned_89023_R_27_166_45;0.9009380730709551;0.043040848650300875;0.9027366342220342;0.040497299077688044;
169;11;Rickettsia endosymbiont of Cantharis rufa;species;3066248;45;825;205;205;73;2.808219178082192;10;72;16373;363.84444444444443;2.1368278634014548E-4;204.97820588356566;1.0001063240666996;959366;114295;0.9360732955404817;0.05916559017953653;0.9362929847087167;0.059214034482536704;2.498096687961631;4.690597748930023E-5;2.1368278634014548E-4;0.01706647932071806;7.504956398288035E-5;8.599429206371708E-4;45;4.690597748930023E-5;205;2.1368278634014548E-4;16373;0.01706647932071806;72;7.504956398288035E-5;825;8.599429206371708E-4;444612x54001-NZ-CM000770_80491_aligned_80748_F_64_161_4;0.9360732955404817;0.05916559017953653;0.9362929847087167;0.059214034482536704;
170;11;Rickettsia endosymbiont of Orchestes rusci;species;3066250;1;67;32;32;2;16.0;31;2;226;226.0;7.732475672906614E-5;31.99880149454951;1.0000374546981297;413839;114295;0.5153061224489796;;0.6581632653061225;;21.213203435596427;2.4163986477833167E-6;7.732475672906614E-5;5.461060943990296E-4;4.8327972955666334E-6;1.6189870940148222E-4;1;2.4163986477833167E-6;32;7.732475672906614E-5;226;5.461060943990296E-4;2;4.8327972955666334E-6;67;1.6189870940148222E-4;444612x54001-NZ-CM000770_1376551_aligned_109000_R_38_160_29;0.5153061224489796;;0.6581632653061225;;
171;11;Rickettsia endosymbiont of Polydrusus tereticollis;species;3066251;8;186;65;65;19;3.4210526315789473;11;19;2311;288.875;5.282070701735282E-5;64.99830976868081;1.0000260042349594;1230578;114295;0.9128145839344459;0.07106640249669019;0.913308655080691;0.07083032995630739;3.0788848896544816;6.501010094443424E-6;5.282070701735282E-5;0.0018779792910323442;1.5439898974303133E-5;1.5114848469580962E-4;8;6.501010094443424E-6;65;5.282070701735282E-5;2311;0.0018779792910323442;19;1.5439898974303133E-5;186;1.5114848469580962E-4;444612x47268-NZ-CM000772_31320_aligned_70471_R_36_410_28;0.9128145839344459;0.07106640249669019;0.913308655080691;0.07083032995630739;
172;11;Rickettsia endosymbiont of Rhinocyllus conicus;species;3066252;12;249;105;102;20;5.25;25;20;4156;346.3333333333333;9.60605746682614E-4;104.94859596125929;0.9719043791462657;106183;114295;0.9399205367435606;0.06847010957878596;0.9401198987850279;0.06828422662246568;6.111895218170444;1.1301244078618988E-4;9.888588568791614E-4;0.039139975325617096;1.8835406797698313E-4;0.00234500814631344;12;1.1301244078618988E-4;105;9.888588568791614E-4;4156;0.039139975325617096;20;1.8835406797698313E-4;249;0.00234500814631344;444612x54001-NZ-CM000770_690481_aligned_43875_R_153_185_105;0.9399205367435606;0.06847010957878596;0.9401198987850279;0.06828422662246568;
173;11;Rickettsia endosymbiont of Urophora cardui;species;3066265;46;1120;514;507;83;6.192771084337349;34;74;19227;417.9782608695652;0.001009439353003132;513.7375931333007;0.9868851467687854;502259;114295;0.9336979441818711;0.060260349185736126;0.9348853756762078;0.05696593060336229;8.383284517455978;9.158621348746364E-5;0.0010233763854903546;0.038281046233118766;1.4733434343635455E-4;0.0022299251979556365;46;9.158621348746364E-5;514;0.0010233763854903546;19227;0.038281046233118766;74;1.4733434343635455E-4;1120;0.0022299251979556365;3066265x73211-NZ-CAXIPY010000004_457334_aligned_16093_F_192_336_12;0.9336979441818711;0.060260349185736126;0.9348853756762078;0.05696593060336229;
174;11;Rickettsia endosymbiont of Gonocerus acuteangulatus;species;3066266;24;662;328;325;49;6.6938775510204085;42;34;10329;430.375;4.7141964035758265E-4;327.9222236638384;0.9910886684312252;689407;114295;0.9281149370878352;0.05415264122766061;0.9294723567999061;0.052876308626304484;7.051016716381679;3.481252728794457E-5;4.7577120626857573E-4;0.014982441431549143;4.9317746991254804E-5;9.602455443591376E-4;24;3.481252728794457E-5;328;4.7577120626857573E-4;10329;0.014982441431549143;34;4.9317746991254804E-5;662;9.602455443591376E-4;3066266x73572-NZ-OZ032147_810529_aligned_54494_R_41_303_54;0.9281149370878352;0.05415264122766061;0.9294723567999061;0.052876308626304484;
175;11;Rickettsia endosymbiont of Pantilius tunicatus;species;3066267;13;325;76;48;17;4.470588235294118;27;17;4322;332.46153846153845;1.4962406952531763E-4;75.99111675304687;0.6316527779949416;320804;114295;0.9118894543338792;0.09178172236071809;0.9127856455213325;0.09141426989290896;7.75497942501158;4.0523185496440194E-5;2.369047767484196E-4;0.013472400593508809;5.299185795688333E-5;0.001013079637411005;13;4.0523185496440194E-5;76;2.369047767484196E-4;4322;0.013472400593508809;17;5.299185795688333E-5;325;0.001013079637411005;444612x44192-NZ-GG688316_24556_aligned_2139_F_98_426_18;0.9118894543338792;0.09178172236071809;0.9127856455213325;0.09141426989290896;
176;11;Rickettsia endosymbiont of Nabis limbatus;species;3066268;10;144;48;48;18;2.6666666666666665;13;18;4439;443.9;2.768629124824798E-4;47.99349429723416;1.0001355538466432;173371;114295;0.9641774888525637;0.0372769996232196;0.9643060235569338;0.03736219324487804;3.180824902257829;5.767977343384995E-5;2.768629124824798E-4;0.025604051427285994;1.0382359218092991E-4;8.305887374474393E-4;10;5.767977343384995E-5;48;2.768629124824798E-4;4439;0.025604051427285994;18;1.0382359218092991E-4;144;8.305887374474393E-4;444612x46767-NZ-CM000771_43647_aligned_17098_R_24_1647_44;0.9641774888525637;0.0372769996232196;0.9643060235569338;0.03736219324487804;
177;11;Rickettsia endosymbiont of Lasioglossum villosulum;species;3066269;1;11;1;1;1;1.0;1;1;273;273.0;3.9761431411530815E-5;0.9999999999989517;1.0000000000010483;25150;114295;0.9547325102880658;;0.9547325102880658;;;3.9761431411530815E-5;3.9761431411530815E-5;0.010854870775347912;3.9761431411530815E-5;4.37375745526839E-4;1;3.9761431411530815E-5;1;3.9761431411530815E-5;273;0.010854870775347912;1;3.9761431411530815E-5;11;4.37375745526839E-4;1462938x212560-NZ-CP113531_457231_aligned_116601_F_96_104_77;0.9547325102880658;;0.9547325102880658;;
178;11;Rickettsia sp. R1;species;3405422;1;5;2;2;1;2.0;2;1;323;323.0;5.343307507347048E-4;1.9997328346242031;1.0001336005346169;3743;114295;0.9829351535836177;;0.9829351535836177;;;2.671653753673524E-4;5.343307507347048E-4;0.08629441624365482;2.671653753673524E-4;0.0013358268768367619;1;2.671653753673524E-4;2;5.343307507347048E-4;323;0.08629441624365482;1;2.671653753673524E-4;5;0.0013358268768367619;444612x47268-NZ-CM000772_10400_aligned_52058_F_68_269_3;0.9829351535836177;;0.9829351535836177;;
179;10;belli group;species group;1129742;5;170;130;130;24;5.416666666666667;21;20;2055;411.0;0.0018355878116969302;129.88167588103903;1.000911014722888;70822;780;0.90629810757159;0.0642134681389393;0.90629810757159;0.0642134681389393;6.085740044074999;7.05995312191127E-5;0.0018355878116969302;0.029016407331055323;2.823981248764508E-4;0.002400384061449832;173;3.667546314270733E-4;2335;0.006018469197009134;72551;0.14587251410779725;235;7.508540310087862E-4;4773;0.010670781408025257;3141789x170156-NZ-CP157197_803354_aligned_61780_R_24_444_41;0.9244848001343565;0.06048873191105526;0.9253623683163217;0.06000163475220137;
180;11;Rickettsia canadensis;species;788;32;663;144;143;46;3.130434782608696;22;45;11640;363.75;2.3240393428981907E-4;143.9832682052906;0.9931709550870267;615308;1129742;0.9388073031573491;0.040614859417425236;0.9390777006735093;0.040411005409840994;3.9362062708607235;5.200647480611336E-5;2.3402913662751013E-4;0.018917355210723734;7.313410519609692E-5;0.0010775091498891611;47;1.1403371879328478E-4;174;3.583296743245668E-4;16548;0.039150000578951016;63;1.4751758803615986E-4;927;0.002171378486595531;444612x54001-NZ-CM000770_107432_aligned_13873_R_107_409_1;0.9345713501288943;0.04431269754496296;0.9350896433881029;0.0438418283865981;
181;12;Rickettsia canadensis str. McKiel;strain;293613;8;123;14;14;10;1.4;3;10;3127;390.875;5.708833196049487E-5;13.999628931812001;1.0000265055730981;245234;788;0.9448669071094694;0.04540543541891369;0.9452126885755828;0.045594471626789104;0.8432740427115677;3.262190397742564E-5;5.708833196049487E-5;0.012751086717176247;4.077737997178205E-5;5.015617736529193E-4;8;3.262190397742564E-5;14;5.708833196049487E-5;3127;0.012751086717176247;10;4.077737997178205E-5;123;5.015617736529193E-4;444612x44192-NZ-GG688316_8303_aligned_1528_F_106_439_209;0.9448669071094694;0.04540543541891369;0.9452126885755828;0.045594471626789104;
182;12;Rickettsia canadensis str. CA410;strain;1105107;7;141;16;15;8;2.0;3;8;1781;254.42857142857142;6.301144287802665E-5;15.999495918456226;0.9375295369585203;238052;788;0.9034406425924438;0.05252321939387055;0.9052893298691255;0.05114551912958458;0.9258200997725514;2.940534000974577E-5;6.721220573656176E-5;0.007481558651051031;3.360610286828088E-5;5.923075630534505E-4;7;2.940534000974577E-5;16;6.721220573656176E-5;1781;0.007481558651051031;8;3.360610286828088E-5;141;5.923075630534505E-4;444612x54001-NZ-CM000770_1174840_aligned_68771_R_46_130_23;0.9034406425924438;0.05252321939387055;0.9052893298691255;0.05114551912958458;
183;11;Rickettsia bellii;species;33990;55;1656;972;962;109;8.917431192660551;51;73;24367;443.03636363636366;0.0014705635070952395;971.2789762465468;0.9904466415175536;654171;1129742;0.9218963861169696;0.06182676838033386;0.9235880570042512;0.060848405705784696;9.791463062059965;8.407587618527877E-5;0.0014858500300380176;0.03724867045466705;1.115916174822791E-4;0.00253144819932403;56;1.0754289329273424E-4;1019;0.0026634220189967928;24659;0.04410103945004405;78;2.3603357777273435E-4;1712;0.003845601157341536;391896x108177-NC-009883_309804_aligned_50741_F_60_539_18;0.9194742996146081;0.06388718620818404;0.9211357620931884;0.06302364473656999;
184;12;Rickettsia bellii OSU 85-389;strain;391896;0;0;21;21;2;10.5;16;2;0;;5.674295441649329E-4;20.99432667544242;1.0002702313175025;37009;33990;;;;;7.7781745930520225;0.0;5.674295441649329E-4;0.0;5.4040908968088844E-5;0.0;0;0.0;21;5.674295441649329E-4;0;0.0;2;5.4040908968088844E-5;0;0.0;391896x108177-NC-009883_143846_aligned_1092_F_94_492_48;;;;;
185;12;Rickettsia bellii str. RML Mogi;strain;1359194;1;56;26;26;3;8.666666666666666;13;3;292;292.0;6.101424447938422E-4;25.992374651036922;1.0002933686923743;42613;33990;0.7862595419847328;;0.7862595419847328;;6.6583281184793925;2.346701710745547E-5;6.101424447938422E-4;0.006852368995376998;7.040105132236642E-5;0.0013141529580175063;1;2.346701710745547E-5;26;6.101424447938422E-4;292;0.006852368995376998;3;7.040105132236642E-5;56;0.0013141529580175063;336407x184429-NC-007940_1318052_aligned_107154_R_17_204_55;0.7862595419847328;;0.7862595419847328;;
186;11;Rickettsia oklahomensis;species;3141789;65;1964;1012;1012;110;9.2;69;74;29289;450.6;0.001161129691990844;1011.4132755840544;1.0005801035344397;871565;1129742;0.922907163860148;0.06731677547617887;0.9234366656062508;0.06712380138334606;11.733117874029544;7.457848812194156E-5;0.001161129691990844;0.03360506674774687;8.490474032344117E-5;0.0022534177026383574;65;7.457848812194156E-5;1012;0.001161129691990844;29289;0.03360506674774687;74;8.490474032344117E-5;1964;0.0022534177026383574;3141789x170156-NZ-CP157197_476192_aligned_57285_R_43_529_67;0.922907163860148;0.06731677547617887;0.9234366656062508;0.06712380138334606;
187;10;Rickettsia incertae sedis;no rank;2749451;0;0;0;0;0;;0;0;0;;;0.0;;0;780;;;;;;;;;;;47;2.4871804370028947E-4;464;0.002455429197381581;20219;0.10699638565055644;72;3.8101487545576257E-4;1407;0.007445665691198027;;0.9291681587263211;0.06531163834656836;0.9298185987781233;0.06512878164479312;
188;11;Candidatus Rickettsia colombianensi;species;1090944;47;1407;464;464;87;5.333333333333333;19;72;20219;430.1914893617021;0.002455429197381581;463.4320311040152;1.0012255710824125;188969;2749451;0.9291681587263211;0.06531163834656836;0.9298185987781233;0.06512878164479312;5.093695753979475;2.4871804370028947E-4;0.002455429197381581;0.10699638565055644;3.8101487545576257E-4;0.007445665691198027;47;2.4871804370028947E-4;464;0.002455429197381581;20219;0.10699638565055644;72;3.8101487545576257E-4;1407;0.007445665691198027;1090944x187756-NZ-RAQN01000009_5556_aligned_65099_F_82_213_7;0.9291681587263211;0.06531163834656836;0.9298185987781233;0.06512878164479312;
189;7;Anaplasmataceae;family;942;0;0;0;0;0;;0;0;0;;0.0;0.0;;124400;766;;;;;;0.0;0.0;0.0;0.0;0.0;25482;0.012132039974007301;614962;0.19224746937824913;12767351;6.862662805914256;25486;0.012692658367282303;882725;0.446687294500936;;0.923792024657486;0.06255450866088176;0.9237923202793813;0.06255480666831947;
190;8;Anaplasma;genus;768;0;0;0;0;0;;0;0;0;;0.0;0.0;;660137;942;;;;;;0.0;0.0;0.0;0.0;0.0;25356;0.01202419345501048;612099;0.1897976059057771;12685699;6.7927748379052995;25359;0.012584605021598385;876610;0.4414533146305744;;0.9238217909470271;0.0625621592194207;0.923822088037938;0.06256245852979817;
191;9;phagocytophilum group;species group;106179;0;0;0;0;0;;0;0;0;;;0.0;;0;768;;;;;;;;;;;25356;0.01202419345501048;612099;0.1897976059057771;12685699;6.7927748379052995;25359;0.012584605021598385;876610;0.4414533146305744;;0.9238217909470271;0.0625621592194207;0.923822088037938;0.06256245852979817;
192;10;Anaplasma phagocytophilum;species;948;25147;868108;609830;51234;52907;11.526452076284802;239;25148;12564026;499.62325525907664;0.009605194161442778;576260.8109019343;0.08890765957138598;5333989;106179;0.9238486263163445;0.06260346963151961;0.9238486263163445;0.06260346963151961;12.092429453164064;0.004714482913256851;0.11432906966999744;2.355465299984683;0.004714670390208904;0.16275024189213738;25356;0.01202419345501048;612099;0.1897976059057771;12685699;6.7927748379052995;25359;0.012584605021598385;876610;0.4414533146305744;948x210035-NZ-FLME02000153_3554_aligned_4056_R_71_861_1;0.9238217909470271;0.0625621592194207;0.923822088037938;0.06256245852979817;
193;11;Anaplasma phagocytophilum str. Annie;strain;1359151;2;6;6;5;4;1.5;3;4;1899;949.5;0.0014005602240896359;5.995799888253396;0.8339170908281468;3570;948;0.9971193283773392;0.0019440451750220853;0.9971193283773392;0.0019440451750220853;1.0;5.602240896358543E-4;0.0016806722689075631;0.5319327731092437;0.0011204481792717086;0.0016806722689075631;2;5.602240896358543E-4;6;0.0016806722689075631;1899;0.5319327731092437;4;0.0011204481792717086;6;0.0016806722689075631;1359157x98494-NZ-LAOD01000043_8763_aligned_48781_F_87_490_28;0.9971193283773392;0.0019440451750220853;0.9971193283773392;0.0019440451750220853;
194;11;Anaplasma phagocytophilum str. CRT53-1;strain;1359157;207;8496;2263;345;228;9.925438596491228;45;207;119774;578.6183574879227;0.011249144086862957;2181.559512984443;0.15814374897709255;30669;948;0.9198535585456518;0.05719933685308545;0.9198899500294117;0.0572421401923168;8.442010652661434;0.006749486452117774;0.07378786396687209;3.905376764811373;0.006749486452117774;0.2770224004695295;207;0.006749486452117774;2263;0.07378786396687209;119774;3.905376764811373;207;0.006749486452117774;8496;0.2770224004695295;1359157x118545-NZ-LAOD01000041_7831_aligned_72661_F_92_341_36;0.9198535585456518;0.05719933685308545;0.9198899500294117;0.0572421401923168;
195;8;Ehrlichia;genus;943;0;0;0;0;0;;0;0;0;;0.0;0.0;;1045652;942;;;;;;0.0;0.0;0.0;0.0;0.0;126;1.0784651899682196E-4;2863;0.002449863472472051;81652;0.0698879680089564;127;1.0805334568391758E-4;6115;0.005233979870361637;;0.9178019132479064;0.06094146296825068;0.9178019132479064;0.06094146296825068;
196;9;canis group;species group;106178;0;0;0;0;0;;0;0;0;;0.0;0.0;;252785;943;;;;;;0.0;0.0;0.0;0.0;0.0;126;1.0784651899682196E-4;2863;0.002449863472472051;81652;0.0698879680089564;127;1.0805334568391758E-4;6115;0.005233979870361637;;0.9178019132479064;0.06094146296825068;0.9178019132479064;0.06094146296825068;
197;10;Ehrlichia ruminantium;species;779;0;0;1;1;1;1.0;1;1;0;;2.0682668709562796E-7;1.0000000000707012;0.9999999999292988;4834966;106178;;;;;;0.0;2.0682668709562796E-7;0.0;2.0682668709562796E-7;0.0;0;0.0;1;2.0682668709562796E-7;0;0.0;1;2.0682668709562796E-7;0;0.0;1462938x212560-NZ-CP113531_1158690_aligned_67780_F_157_201_139;;;;;
198;10;Ehrlichia minasensis;species;1242993;126;6115;2862;916;228;12.552631578947368;109;126;81652;648.031746031746;7.840270746118167E-4;2858.498623873004;0.3204479415697265;1168327;106178;0.9178019132479064;0.06094146296825068;0.9178019132479064;0.06094146296825068;15.532312265783796;1.0784651899682196E-4;0.0024496566457849556;0.0698879680089564;1.0784651899682196E-4;0.005233979870361637;126;1.0784651899682196E-4;2862;0.0024496566457849556;81652;0.0698879680089564;126;1.0784651899682196E-4;6115;0.005233979870361637;1242993x135453-NZ-QOHL01000049_2008_aligned_13875_R_40_425_34;0.9178019132479064;0.06094146296825068;0.9178019132479064;0.06094146296825068;
199;4;Spirochaetota;phylum;203691;0;0;0;0;0;;0;0;0;;;0.0;;0;3379134;;;;;;;;;;;5848;0.011647847970927458;192284;0.3006803135095738;2776149;6.777182034365375;10608;0.025424144376768702;194069;0.5771572537021954;;0.919248822277541;0.0705364147283567;0.9197762572374967;0.07025685416083978;
200;5;Spirochaetia;class;203692;1;48;166;140;8;20.75;79;6;515;515.0;0.12037833190025796;154.759063083148;0.904631995121227;1163;203691;0.9010309278350516;;0.9010309278350516;;27.96809406653027;8.598452278589854E-4;0.14273430782459157;0.44282029234737746;0.005159071367153913;0.0412725709372313;5848;0.011647847970927458;192284;0.3006803135095738;2776149;6.777182034365375;10608;0.025424144376768702;194069;0.5771572537021954;139x12969-NZ-CP124108_303223_aligned_56667_R_40_492_33;0.919248822277541;0.0705364147283567;0.9197762572374967;0.07025685416083978;
201;6;Spirochaetales;order;136;0;0;59;56;7;8.428571428571429;21;7;0;;0.037914691943127965;57.85633248002176;0.9679147916839912;1477;203692;;;;;7.870983480631944;0.0;0.03994583615436696;0.0;0.004739336492890996;0.0;5847;0.010788002743068473;192118;0.15794600568498213;2775634;6.334361742017998;10602;0.020265073009614793;194021;0.535884682764964;139x160075-NZ-JAJNEZ010000006_12060_aligned_114201_F_76_91_47;0.9192519380453608;0.07054204487972822;0.9197794632113984;0.07026243506569421;
202;7;Borreliaceae;family;1643685;103;1036;15035;13993;1980;7.593434343434343;74;1536;34458;334.54368932038835;0.029252211214636767;14801.192564435216;0.9453967941490629;478357;136;0.9608885354055023;0.03620619955202149;0.9609269098634632;0.03624167623481409;7.5999559400887895;2.15320356971885E-4;0.03143050065118729;0.07203406660715742;0.0032109909544545184;0.002165746503134688;5847;0.010788002743068473;192059;0.11800016953061514;2775634;6.334361742017998;10595;0.0155257365167238;194021;0.535884682764964;139x14393-NZ-PHQI01000001_573368_aligned_47762_R_258_1724_53;0.9192519380453608;0.07054204487972822;0.9197794632113984;0.07026243506569421;
203;8;Borrelia;genus;138;8;55;172;172;53;3.2452830188679247;12;53;2737;342.125;3.233466832901954E-5;171.99723544650172;1.0000160732438002;5319368;1643685;0.9706856860573061;0.032894365793041905;0.9715849666328455;0.03278453414349244;3.239810419295445;1.5039380618148622E-6;3.233466832901954E-5;5.145348093984097E-4;9.963589659523462E-6;1.0339574174977178E-5;35;1.2289368969380597E-5;1240;4.419501634260566E-4;17134;0.0059171747189415615;94;3.926834959844105E-5;1078;3.5304839261824245E-4;139x73336-NZ-PHQF01000001_757509_aligned_7593_R_101_711_4;0.9270764709772878;0.09137533816233594;0.928296122203561;0.0917202889267184;
204;9;Borrelia hermsii;species;140;0;0;2;2;1;2.0;2;1;0;;2.398348976564533E-6;1.9999988007520817;1.0000005996243186;833907;138;;;;;;0.0;2.398348976564533E-6;0.0;1.1991744882822664E-6;0.0;0;0.0;2;2.398348976564533E-6;0;0.0;1;1.1991744882822664E-6;0;0.0;139x131684-NZ-CM135759_691306_aligned_46029_F_53_552_33;;;;;
205;9;Borrelia parkeri;species;141;0;0;3;3;1;3.0;3;1;0;;5.1861481440504505E-6;2.9999948137795514;1.0000017287431382;578464;138;;;;;;0.0;5.1861481440504505E-6;0.0;1.728716048016817E-6;0.0;0;0.0;3;5.1861481440504505E-6;0;0.0;1;1.728716048016817E-6;0;0.0;139x212804-NZ-CP161055_588993_aligned_54_F_120_693_7;;;;;
206;9;Borrelia turicatae;species;142;0;0;8;8;1;8.0;8;1;0;;1.7655055525149626E-5;7.9999382075495875;1.000007724115963;453128;138;;;;;;0.0;1.7655055525149626E-5;0.0;2.2068819406437032E-6;0.0;0;0.0;8;1.7655055525149626E-5;0;0.0;1;2.2068819406437032E-6;0;0.0;139x14393-NZ-PHQI01000001_304469_aligned_18772_F_18_421_50;;;;;
207;9;Borrelia coriaceae;species;144;0;0;3;3;2;1.5;2;2;0;;2.0600433982475897E-6;2.9999979398095755;1.000000686730613;1456280;138;;;;;0.7071067811865476;0.0;2.0600433982475897E-6;0.0;1.3733622654983932E-6;0.0;0;0.0;3;2.0600433982475897E-6;0;0.0;2;1.3733622654983932E-6;0;0.0;139x14393-NZ-PHQI01000001_569799_aligned_51701_R_39_598_24;;;;;
208;9;Borrelia miyamotoi;species;47466;25;1015;1013;1013;69;14.681159420289855;86;26;13772;550.88;3.307263737142727E-4;1012.832670921001;1.0001652090061894;3062955;138;0.9086996292934945;0.10134426086988926;0.909895907538953;0.10177158683505165;17.034992319982376;8.16205265829893E-6;3.307263737142727E-4;0.004496311568403715;8.488534764630887E-6;3.3137933792693657E-4;25;8.16205265829893E-6;1013;3.307263737142727E-4;13772;0.004496311568403715;26;8.488534764630887E-6;1015;3.3137933792693657E-4;47466x56048-NZ-CP114630_10569_aligned_17046_R_123_9214_80;0.9086996292934945;0.10134426086988926;0.909895907538953;0.10177158683505165;
209;9;Borrelia turcica;species;229155;0;0;0;0;0;;0;0;0;;;0.0;;0;138;;;;;;;;;;;0;0.0;6;5.326870064321956E-6;0;0.0;2;1.7756233547739853E-6;0;0.0;;;;;;
210;10;Borrelia turcica IST7;strain;1104446;0;0;6;6;2;3.0;5;2;0;;5.326870064321956E-6;5.999986682943333;1.0000022195143707;1126365;229155;;;;;2.8284271247461903;0.0;5.326870064321956E-6;0.0;1.7756233547739853E-6;0.0;0;0.0;6;5.326870064321956E-6;0;0.0;2;1.7756233547739853E-6;0;0.0;139x232204-NZ-PHOF01000001_205265_aligned_614_R_62_1120_10;;;;;
211;9;Candidatus Borrelia fainii;species;2518322;1;5;4;4;2;2.0;3;2;416;416.0;6.918691537056512E-6;3.9999896219216318;1.0000025945263236;578144;138;0.9870466321243523;;0.9870466321243523;;1.4142135623730951;1.729672884264128E-6;6.918691537056512E-6;7.195439198538772E-4;3.459345768528256E-6;8.64836442132064E-6;1;1.729672884264128E-6;4;6.918691537056512E-6;416;7.195439198538772E-4;2;3.459345768528256E-6;5;8.64836442132064E-6;139x105068-NZ-CP161904_413838_aligned_32709_R_61_309_46;0.9870466321243523;;0.9870466321243523;;
212;9;unclassified Borrelia;no rank;2649934;0;0;0;0;0;;0;0;0;;0.0;0.0;;840747;138;;;;;;0.0;0.0;0.0;0.0;0.0;1;8.937053650026766E-7;29;3.934396373737366E-5;209;1.8678442128555942E-4;6;9.073121308543285E-6;3;2.68111609500803E-6;;0.9776536312849162;;0.9832402234636871;;
213;10;Borrelia sp. HM;species;1882662;0;0;25;25;4;6.25;13;4;0;;3.1173119294539844E-5;24.999625925869843;1.0000149631891;801973;2649934;;;;;4.7871355387816905;0.0;3.1173119294539844E-5;0.0;4.987699087126374E-6;0.0;0;0.0;25;3.1173119294539844E-5;0;0.0;4;4.987699087126374E-6;0;0.0;139x163430-NZ-PHOD01000001_183089_aligned_25884_F_178_580_145;;;;;
214;10;Borrelia sp. A-FGy1;species;2608247;1;3;2;2;1;2.0;2;1;209;209.0;1.7874107300053532E-6;1.9999991064080984;1.0000004467961505;1118937;2649934;0.9776536312849162;;0.9832402234636871;;;8.937053650026766E-7;1.7874107300053532E-6;1.8678442128555942E-4;8.937053650026766E-7;2.68111609500803E-6;1;8.937053650026766E-7;2;1.7874107300053532E-6;209;1.8678442128555942E-4;1;8.937053650026766E-7;3;2.68111609500803E-6;139x108429-NZ-JAJNFP010000088_254_aligned_117011_F_123_79_3;0.9776536312849162;;0.9832402234636871;;
215;10;Borrelia sp. RT5S;species;2898581;0;0;2;2;1;2.0;2;1;0;;6.383433712828468E-6;1.9999968082473343;1.0000015958788797;313311;2649934;;;;;;0.0;6.383433712828468E-6;0.0;3.191716856414234E-6;0.0;0;0.0;2;6.383433712828468E-6;0;0.0;1;3.191716856414234E-6;0;0.0;47466x43307-NZ-CP114624_334912_aligned_95461_F_131_46_1;;;;;
216;8;Borreliella;genus;64895;2300;51964;126777;117298;10928;11.601116398243045;132;5037;971939;422.5821739130435;0.018242619467088696;125535.36326374394;0.934382129070375;6429888;1643685;0.934081114570718;0.061991312251323386;0.9342016421797362;0.061920729488265304;12.024479570414648;3.577045198921039E-4;0.019716828660157067;0.15115955363452677;7.833728985637074E-4;0.008081633770292734;5709;0.010560393017127207;175784;0.08612771871600179;2724042;6.256410500691898;8965;0.012275477212670837;191907;0.5333658878692111;139x209177-NZ-PHOD01000013_4158_aligned_1180_F_41_474_36;0.9184527738868895;0.07064723104973955;0.9189848809605858;0.0703630273680111;
217;9;Borreliella burgdorferi;species;139;2876;119297;44048;41782;4520;9.745132743362833;111;2990;1466786;510.0090403337969;0.023803202853057294;43499.932927314556;0.9605072281333145;1755310;64895;0.9065233113159213;0.07482472670017286;0.9071543010495916;0.0745652531620538;9.464745651634473;0.0016384570246850984;0.025094142914926707;0.8356278947878153;0.0017034028177358984;0.06796349362790619;2924;0.009349675331917193;44316;0.05871312695341051;1497719;5.661619754059915;3040;0.009940936758050299;122236;0.4920753779183877;139x73428-NZ-CP144346_11159_aligned_117291_R_275_307_25;0.9063940106499002;0.0748215453078163;0.9070209882905265;0.07456195716089575;
218;10;Borreliella burgdorferi 156a;strain;445983;4;291;17;17;5;3.4;9;5;3160;790.0;0.00830078125;16.933755597916615;1.0039119734367452;2048;139;0.9095716939475119;0.03660688149445271;0.9098167919867276;0.036118862291103254;3.5777087639996634;0.001953125;0.00830078125;1.54296875;0.00244140625;0.14208984375;4;0.001953125;17;0.00830078125;3160;1.54296875;5;0.00244140625;291;0.14208984375;445983x39211-NC-011841_23765_aligned_201_F_69_523_0;0.9095716939475119;0.03660688149445271;0.9098167919867276;0.036118862291103254;
219;10;Borreliella burgdorferi ZS7;strain;445985;1;47;13;13;1;13.0;13;1;702;702.0;0.003973105134474328;12.976188062826981;1.0018350487105865;3272;139;0.9300595238095238;;0.9300595238095238;;;3.056234718826406E-4;0.003973105134474328;0.2145476772616137;3.056234718826406E-4;0.014364303178484108;1;3.056234718826406E-4;13;0.003973105134474328;702;0.2145476772616137;1;3.056234718826406E-4;47;0.014364303178484108;139x7659-NZ-CP161099_12528_aligned_19302_R_115_581_1;0.9300595238095238;;0.9300595238095238;;
220;10;Borreliella burgdorferi 118a;strain;476210;3;577;23;23;3;7.666666666666667;12;3;4728;1576.0;0.0027814729713387353;22.969429682417267;1.0013309132183692;8269;139;0.8372551327494612;0.04213887020530133;0.8375687106735753;0.04261741445162413;4.509249752822893;3.6280082234853067E-4;0.0027814729713387353;0.5717740960212843;3.6280082234853067E-4;0.06977869149836739;3;3.6280082234853067E-4;23;0.0027814729713387353;4728;0.5717740960212843;3;3.6280082234853067E-4;577;0.06977869149836739;476210x46930-NC-012253_41577_aligned_113727_F_97_106_20;0.8372551327494612;0.04213887020530133;0.8375687106735753;0.04261741445162413;
221;10;Borreliella burgdorferi 94a;strain;476212;2;65;12;12;2;6.0;11;2;1104;552.0;0.0038473869830073742;11.978861970046479;1.001764610862566;3119;139;0.9557851069947016;0.057669460926440354;0.9557851069947016;0.057669460926440354;7.0710678118654755;6.412311638345624E-4;0.0038473869830073742;0.3539596024366784;6.412311638345624E-4;0.020840012824623277;2;6.412311638345624E-4;12;0.0038473869830073742;1104;0.3539596024366784;2;6.412311638345624E-4;65;0.020840012824623277;139x7659-NZ-CP161099_20301_aligned_67_F_141_635_4;0.9557851069947016;0.057669460926440354;0.9557851069947016;0.057669460926440354;
222;10;Borreliella burgdorferi WI91-23;strain;498737;3;113;19;19;3;6.333333333333333;16;3;1767;589.0;0.0033545197740112993;18.969839505607133;1.001589918269153;5664;139;0.9347781660853784;0.025113717111514135;0.9347781660853784;0.025113717111514135;8.386497083606084;5.296610169491525E-4;0.0033545197740112993;0.3119703389830508;5.296610169491525E-4;0.019950564971751412;3;5.296610169491525E-4;19;0.0033545197740112993;1767;0.3119703389830508;3;5.296610169491525E-4;113;0.019950564971751412;139x127650-NZ-CP147286_819837_aligned_24362_R_40_460_83;0.9347781660853784;0.025113717111514135;0.9347781660853784;0.025113717111514135;
223;10;Borreliella burgdorferi 29805;strain;498738;3;76;3;3;3;1.0;1;3;1057;352.3333333333333;0.0011956954962136308;2.9988044633583257;1.00039867108919;2509;139;0.9012384301546706;0.11771534699445567;0.9012384301546706;0.11771534699445567;0.0;0.0011956954962136308;0.0011956954962136308;0.4212833798326026;0.0011956954962136308;0.03029095257074532;3;0.0011956954962136308;3;0.0011956954962136308;1057;0.4212833798326026;3;0.0011956954962136308;76;0.03029095257074532;139x150298-NZ-PHQO01000001_123738_aligned_124_F_70_545_54;0.9012384301546706;0.11771534699445567;0.9012384301546706;0.11771534699445567;
224;10;Borreliella burgdorferi CA-11.2A;strain;498739;1;55;2;2;1;2.0;2;1;315;315.0;0.001189767995240928;1.9994051160022497;1.0002975304969408;1681;139;0.8;;0.8070175438596491;;;5.94883997620464E-4;0.001189767995240928;0.18738845925044617;5.94883997620464E-4;0.03271861986912552;1;5.94883997620464E-4;2;0.001189767995240928;315;0.18738845925044617;1;5.94883997620464E-4;55;0.03271861986912552;521009x12001-NZ-CP152378_882341_aligned_18432_F_35_246_33;0.8;;0.8070175438596491;;
225;10;Borreliella burgdorferi 64b;strain;498740;2;100;3;3;2;1.5;2;2;1232;616.0;0.0013015184381778742;2.9986986697782;1.0004339649845164;2305;139;0.9187872783934947;0.05242043956044284;0.9187872783934947;0.05242043956044284;0.7071067811865476;8.676789587852494E-4;0.0013015184381778742;0.5344902386117136;8.676789587852494E-4;0.04338394793926247;2;8.676789587852494E-4;3;0.0013015184381778742;1232;0.5344902386117136;2;8.676789587852494E-4;100;0.04338394793926247;139x59608-NZ-PHPF01000001_900542_aligned_53871_R_133_559_2;0.9187872783934947;0.05242043956044284;0.9187872783934947;0.05242043956044284;
226;10;Borreliella burgdorferi JD1;strain;521008;13;778;132;132;18;7.333333333333333;23;14;8326;640.4615384615385;0.005020538566864446;131.6716960480352;1.0024933524957789;26292;139;0.8936332254742336;0.08468439590703854;0.8938383536793618;0.08484762750101213;7.806482977025456;4.944469800699832E-4;0.005020538566864446;0.31667427354328315;5.324813631522897E-4;0.029590750038034384;13;4.944469800699832E-4;132;0.005020538566864446;8326;0.31667427354328315;14;5.324813631522897E-4;778;0.029590750038034384;521008x50680-NC-017394_56512_aligned_89918_F_90_262_1;0.8936332254742336;0.08468439590703854;0.8938383536793618;0.08484762750101213;
227;10;Borreliella burgdorferi 297;strain;521009;1;9;4;4;1;4.0;4;1;447;447.0;0.0018340210912425492;3.997249809175227;1.000688020753284;2181;139;0.9784172661870504;;0.9784172661870504;;;4.585052728106373E-4;0.0018340210912425492;0.20495185694635487;4.585052728106373E-4;0.0041265474552957355;1;4.585052728106373E-4;4;0.0018340210912425492;447;0.20495185694635487;1;4.585052728106373E-4;9;0.0041265474552957355;445983x39211-NC-011841_11308_aligned_54817_F_179_266_7;0.9784172661870504;;0.9784172661870504;;
228;10;Borreliella burgdorferi CA8;strain;747491;15;828;40;40;15;2.6666666666666665;17;15;8095;539.6666666666666;8.201763379126512E-4;39.984010714461114;1.0003998919881518;48770;139;0.8934725560681169;0.08231897192433321;0.8939359434481083;0.08194232385150774;4.203173404306163;3.0756612671724423E-4;8.201763379126512E-4;0.16598318638507278;3.0756612671724423E-4;0.01697765019479188;15;3.0756612671724423E-4;40;8.201763379126512E-4;8095;0.16598318638507278;15;3.0756612671724423E-4;828;0.01697765019479188;139x184361-NZ-CM135761_252111_aligned_53159_R_227_530_10;0.8934725560681169;0.08231897192433321;0.8939359434481083;0.08194232385150774;
229;9;Borreliella afzelii;species;29518;9;237;81;81;18;4.5;13;18;5980;664.4444444444445;8.61436365376639E-5;80.99655434758489;1.0000425407283415;940290;64895;0.9445377828337796;0.042420272967938724;0.9445377828337796;0.042420272967938724;3.7298478126972356;9.571515170851545E-6;8.61436365376639E-5;0.006359740080188027;1.914303034170309E-5;2.5204989949909073E-4;11;1.2413873748854645E-4;100;0.001079531060415906;6469;0.03437142593686443;23;2.6756061087999656E-4;258;0.0014550057338348873;139x66565-NZ-JAJNGP010000001_93683_aligned_74099_F_62_56_1;0.9458977937664088;0.038097839570764576;0.9458977937664088;0.038097839570764576;
230;10;Borreliella afzelii K78;strain;411555;0;0;5;5;2;2.5;3;2;0;;1.914168676543777E-4;4.999617180915892;1.0000765696792886;26121;29518;;;;;0.7071067811865476;0.0;1.914168676543777E-4;0.0;7.656674706175108E-5;0.0;0;0.0;5;1.914168676543777E-4;0;0.0;2;7.656674706175108E-5;0;0.0;139x231692-NZ-PHQB01000001_664366_aligned_18867_R_61_577_7;;;;;
231;10;Borreliella afzelii Tom3107;strain;1398490;2;21;14;14;3;4.666666666666667;8;3;489;244.5;8.019705562238643E-4;13.99478838563404;1.0003723967967468;17457;29518;0.9520178429632398;0.005201985988895149;0.9520178429632398;0.005201985988895149;3.5118845842842465;1.1456722231769491E-4;8.019705562238643E-4;0.028011685856676405;1.7185083347654237E-4;0.0012029558343357965;2;1.1456722231769491E-4;14;8.019705562238643E-4;489;0.028011685856676405;3;1.7185083347654237E-4;21;0.0012029558343357965;139x138871-NZ-JAJNFN010000003_487_aligned_75049_F_63_180_59;0.9520178429632398;0.005201985988895149;0.9520178429632398;0.005201985988895149;
232;9;Borreliella garinii;species;29519;27;1222;283;283;57;4.964912280701754;26;54;16580;614.074074074074;1.2981192866123536E-4;282.981697314426;1.0000646779835858;2180077;64895;0.9084808030246935;0.05767601654517513;0.911083296031451;0.056549042165286306;5.634602636137522;1.2384883653192067E-5;1.2981192866123536E-4;0.007605235961849054;2.4769767306384134E-5;5.605306601555816E-4;30;1.1832319380933396E-4;317;8.250863047378239E-4;18826;0.09486564898828297;58;1.430499472557997E-4;1466;0.009705177258806916;42109x2856-NZ-CP179270_26935_aligned_15173_F_109_466_6;0.9041871198530865;0.057279522273028786;0.9068610834773515;0.05635988683932976;
233;10;Borreliella garinii BgVir;strain;1081646;2;155;30;30;3;10.0;26;3;1382;691.0;3.702560937982104E-4;29.99463190498738;1.0001789685244222;81025;29519;0.8552703934137758;0.05519827869415117;0.8566490698843641;0.0571480216569798;13.892443989449804;2.4683739586547364E-5;3.702560937982104E-4;0.017056464054304228;3.7025609379821044E-5;0.0019129898179574205;2;2.4683739586547364E-5;30;3.702560937982104E-4;1382;0.017056464054304228;3;3.7025609379821044E-5;155;0.0019129898179574205;139x14393-NZ-PHQI01000001_382502_aligned_18913_R_69_991_61;0.8552703934137758;0.05519827869415117;0.8566490698843641;0.0571480216569798;
234;10;Borreliella garinii IPT108;strain;1408841;1;89;4;4;1;4.0;4;1;864;864.0;3.2501828227837813E-4;3.999512498986701;1.0001218901087126;12307;29519;0.8860911270983214;;0.8932853717026379;;;8.125457056959453E-5;3.2501828227837813E-4;0.07020394897212968;8.125457056959453E-5;0.007231656780693914;1;8.125457056959453E-5;4;3.2501828227837813E-4;864;0.07020394897212968;1;8.125457056959453E-5;89;0.007231656780693914;139x212804-NZ-CP161055_62580_aligned_503_F_42_759_67;0.8860911270983214;;0.8932853717026379;;
235;9;Borreliella japonica;species;34095;12;370;79;79;27;2.925925925925926;8;27;6317;526.4166666666666;8.481217859941812E-5;78.99669242023926;1.0000418698512483;931470;64895;0.9338529949139535;0.03645669467992568;0.9354670263555311;0.035754652923276196;2.4007358795862497;1.2882862572063512E-5;8.481217859941812E-5;0.006781753572310434;2.8986440787142904E-5;3.972215959719583E-4;12;1.2882862572063512E-5;79;8.481217859941812E-5;6317;0.006781753572310434;27;2.8986440787142904E-5;370;3.972215959719583E-4;139x233210-NZ-PHPI01000001_766000_aligned_66886_R_175_167_2;0.9338529949139535;0.03645669467992568;0.9354670263555311;0.035754652923276196;
236;9;Borreliella andersonii;species;42109;82;2609;1261;1245;165;7.642424242424243;57;125;40584;494.9268292682927;0.0012770579866385884;1260.1854646066772;0.9879498176790852;974897;64895;0.9198776252330743;0.07765829373302263;0.921076583780721;0.07701250924024033;10.49851993932868;8.411144972238093E-5;0.0012934699768283214;0.04162901311625741;1.28218673357288E-4;0.002676180150313315;82;8.411144972238093E-5;1261;0.0012934699768283214;40584;0.04162901311625741;125;1.28218673357288E-4;2609;0.002676180150313315;42109x2856-NZ-CP179270_9956_aligned_23013_R_41_483_23;0.9198776252330743;0.07765829373302263;0.921076583780721;0.07701250924024033;
237;9;Borreliella tanukii;species;56146;16;550;98;98;30;3.2666666666666666;16;30;7470;466.875;1.1791672432152763E-4;97.99428125622349;1.0000583579337814;831095;64895;0.9211119275420339;0.06107085750046513;0.9230939571403426;0.05840306983637641;3.561608831871401;1.925171009331063E-5;1.1791672432152763E-4;0.008988142149814402;3.6096956424957436E-5;6.61777534457553E-4;16;1.925171009331063E-5;98;1.1791672432152763E-4;7470;0.008988142149814402;30;3.6096956424957436E-5;550;6.61777534457553E-4;139x14393-NZ-PHQI01000001_595880_aligned_28416_R_39_443_31;0.9211119275420339;0.06107085750046513;0.9230939571403426;0.05840306983637641;
238;9;Borreliella turdi;species;57863;19;813;178;178;33;5.393939393939394;31;33;8217;432.4736842105263;1.270484782732827E-4;177.98875668338746;1.0000631686901018;1401040;64895;0.8962086865947834;0.0851480993068415;0.9028479167369066;0.08381373299307203;7.680899174003791;1.3561354422429052E-5;1.270484782732827E-4;0.0058649289099526065;2.3553931365271513E-5;5.8028321818078E-4;19;1.3561354422429052E-5;178;1.270484782732827E-4;8217;0.0058649289099526065;33;2.3553931365271513E-5;813;5.8028321818078E-4;139x14393-NZ-PHQI01000001_724662_aligned_9442_R_131_410_4;0.8962086865947834;0.0851480993068415;0.9028479167369066;0.08381373299307203;
239;9;Borreliella valaisiana;species;62088;11;309;106;105;32;3.3125;20;30;5028;457.09090909090907;9.14678764817796E-5;105.99515234640576;0.9906113409493156;1147944;64895;0.9335962242888066;0.04710075034114293;0.9344745729932423;0.045503437834999085;4.373213921133975;9.582348964757863E-6;9.23389991149394E-5;0.004380004599527503;2.6133678994794172E-5;2.6917689364637997E-4;11;9.582348964757863E-6;106;9.23389991149394E-5;5028;0.004380004599527503;30;2.6133678994794172E-5;309;2.6917689364637997E-4;139x19709-NZ-JBTFYB010000006_28671_aligned_7497_F_77_420_0;0.9335962242888066;0.04710075034114293;0.9344745729932423;0.045503437834999085;
240;9;Borreliella bissettiae;species;64897;14;512;134;134;36;3.7222222222222223;21;33;7928;566.2857142857143;2.922905105922591E-4;133.98056454570263;1.000145061743569;458448;64895;0.927467186140606;0.055968353273995054;0.9278403204689641;0.05608313233573603;4.879175053874293;3.0537814539489754E-5;2.922905105922591E-4;0.01729312811921963;7.198199141451156E-5;0.0011168115031584824;14;3.0537814539489754E-5;139;3.7609875732373747E-4;7928;0.01729312811921963;35;1.055052901071029E-4;512;0.0011168115031584824;445983x39211-NC-011841_3491_aligned_11906_F_78_478_39;0.927467186140606;0.055968353273995054;0.9278403204689641;0.05608313233573603;
241;10;Borreliella bissettiae DN127;strain;521010;0;0;5;5;2;2.5;3;2;0;;8.380824673147838E-5;4.999832386312195;1.0000335238613727;59660;64897;;;;;0.7071067811865476;0.0;8.380824673147838E-5;0.0;3.352329869259135E-5;0.0;0;0.0;5;8.380824673147838E-5;0;0.0;2;3.352329869259135E-5;0;0.0;445983x39211-NC-011841_18395_aligned_17543_R_63_712_4;;;;;
242;9;Borreliella sinica;species;87162;18;827;126;126;29;4.344827586206897;24;29;9216;512.0;1.6227285020670472E-4;125.98985848239441;1.0000804947138424;776470;64895;0.9032844838433536;0.05522100972500975;0.9068033376043958;0.051766343364150806;5.218619563427023;2.3181835743814957E-5;1.6227285020670472E-4;0.011869099900833258;3.7348513142812986E-5;0.0010650765644519427;18;2.3181835743814957E-5;126;1.6227285020670472E-4;9216;0.011869099900833258;29;3.7348513142812986E-5;827;0.0010650765644519427;139x203866-NZ-CP094579_342215_aligned_2322_R_55_809_15;0.9032844838433536;0.05522100972500975;0.9068033376043958;0.051766343364150806;
243;9;Borreliella spielmanii;species;88916;17;763;149;148;32;4.65625;18;26;11463;674.2941176470588;1.879761321116578E-4;148.98599664921284;0.9933819508451229;787334;64895;0.9224399914667277;0.07026647250772852;0.9230564056970906;0.06977786211397985;4.856717164186445;2.159185301282556E-5;1.8924624111241227E-4;0.0145592594756482;3.302283401961557E-5;9.690931675756414E-4;17;2.159185301282556E-5;149;1.8924624111241227E-4;11463;0.0145592594756482;26;3.302283401961557E-5;763;9.690931675756414E-4;88916x180594-NZ-JACHFA010000018_2860_aligned_31537_R_165_2309_54;0.9224399914667277;0.07026647250772852;0.9230564056970906;0.06977786211397985;
244;9;Borreliella lusitaniae;species;100177;25;989;161;161;44;3.659090909090909;24;44;13363;534.52;1.3564508505620846E-4;160.98914887858083;1.0000674028125172;1186921;64895;0.9096104002553567;0.08438139648430838;0.9099849029162127;0.08458238789120089;4.523546570218846;2.1062901406243548E-5;1.3564508505620846E-4;0.011258542059665302;3.707070647498865E-5;8.332483796309948E-4;25;2.1062901406243548E-5;161;1.3564508505620846E-4;13363;0.011258542059665302;44;3.707070647498865E-5;989;8.332483796309948E-4;100177x36135-NZ-CP132461_534737_aligned_82965_R_121_81_7;0.9096104002553567;0.08438139648430838;0.9099849029162127;0.08458238789120089;
245;9;Borreliella lanei;species;373540;30;1301;249;249;55;4.527272727272727;31;54;16357;545.2333333333333;5.768161601186064E-4;248.92848843797307;1.0002872775328997;431680;64895;0.9143138400856081;0.06550825953633249;0.9199929408777954;0.06294655724462547;6.01804245721439;6.949592290585619E-5;5.768161601186064E-4;0.03789149369903632;1.2509266123054115E-4;0.00301380652335063;30;6.949592290585619E-5;249;5.768161601186064E-4;16357;0.03789149369903632;54;1.2509266123054115E-4;1301;0.00301380652335063;139x163430-NZ-PHOD01000001_569403_aligned_2326_R_15_514_57;0.9143138400856081;0.06550825953633249;0.9199929408777954;0.06294655724462547;
246;9;Borreliella californiensis;species;373543;21;680;234;234;40;5.85;28;38;9667;460.3333333333333;4.1624789874858804E-4;233.95151378683505;1.0002072489824072;562165;64895;0.8947072744527741;0.09216260852810934;0.8952461992477222;0.09133725557364553;6.9560893817704414;3.735558065692457E-5;4.1624789874858804E-4;0.017196018962404275;6.759581261729208E-5;0.0012096092784147003;21;3.735558065692457E-5;234;4.1624789874858804E-4;9667;0.017196018962404275;38;6.759581261729208E-5;680;0.0012096092784147003;373543x209243-NZ-JACHFB010000001_299223_aligned_60059_F_32_99_26;0.8947072744527741;0.09216260852810934;0.8952461992477222;0.09133725557364553;
247;9;Borreliella carolinensis;species;478174;29;937;222;222;52;4.269230769230769;22;51;12816;441.9310344827586;3.6317176552191216E-4;221.95987433545812;1.0001807789117831;611281;64895;0.9064495901425166;0.09651161869792164;0.9074509891263611;0.09603776140280977;4.397483168837734;4.744135675736691E-5;3.6317176552191216E-4;0.020965807869048766;8.343135153881766E-5;0.0015328465959190617;29;4.744135675736691E-5;222;3.6317176552191216E-4;12816;0.020965807869048766;51;8.343135153881766E-5;937;0.0015328465959190617;478174x154673-NZ-CP179468_29272_aligned_105318_R_33_116_34;0.9064495901425166;0.09651161869792164;0.9074509891263611;0.09603776140280977;
248;9;Borreliella americana;species;478807;35;1151;249;249;69;3.608695652173913;23;68;20246;578.4571428571429;2.441454126155524E-4;248.96972841931395;1.0001215873948943;1019884;64895;0.9332310902371378;0.05680741673046621;0.9338087930664957;0.05634496244371781;4.18406427554508;3.4317628279294506E-5;2.441454126155524E-4;0.01985127720407419;6.667424922834362E-5;0.0011285597185562279;35;3.4317628279294506E-5;249;2.441454126155524E-4;20246;0.01985127720407419;68;6.667424922834362E-5;1151;0.0011285597185562279;139x183957-NZ-CM135760_193602_aligned_15474_R_75_347_71;0.9332310902371378;0.05680741673046621;0.9338087930664957;0.05634496244371781;
249;9;Borreliella finlandensis;species;498741;42;1437;419;419;79;5.30379746835443;30;76;20657;491.8333333333333;8.360353170050382E-4;418.82531706409094;1.0004170782634;501175;64895;0.9164853906151661;0.06566760565727685;0.918897835216145;0.06542546230334374;6.276440340118787;8.380306280241432E-5;8.360353170050382E-4;0.04121713972165411;1.5164363745198784E-4;0.002867261934454033;42;8.380306280241432E-5;419;8.360353170050382E-4;20657;0.04121713972165411;76;1.5164363745198784E-4;1437;0.002867261934454033;498741x135989-NZ-CP179479_34916_aligned_85641_R_59_76_7;0.9164853906151661;0.06566760565727685;0.918897835216145;0.06542546230334374;
250;9;Borreliella bavariensis;species;664662;19;777;224;221;54;4.148148148148148;18;45;11647;613.0;1.4673592248093926E-4;223.9834176532288;0.9866801851472428;1506107;64895;0.9140643595530135;0.07459885947376776;0.9157564396555827;0.07231493906270901;3.703172568484709;1.2615305552659938E-5;1.4872781283135927E-4;0.007733182303780541;2.9878355256299853E-5;5.158996007587775E-4;19;1.2615305552659938E-5;224;1.4872781283135927E-4;11647;0.007733182303780541;45;2.9878355256299853E-5;777;5.158996007587775E-4;139x193615-NZ-JAUPGQ010000029_323_aligned_87933_R_42_83_87;0.9140643595530135;0.07459885947376776;0.9157564396555827;0.07231493906270901;
251;9;Borreliella yangtzensis;species;683292;20;681;145;145;36;4.027777777777778;19;36;10187;509.35;1.204632101202389E-4;144.99132698519983;1.0000598174730897;1203687;64895;0.9280048700339588;0.04332260401709071;0.9291297885959763;0.04288516960978805;5.0454285453615535;1.661561518899847E-5;1.204632101202389E-4;0.00846316359651637;2.9908107340197243E-5;5.657616971853979E-4;20;1.661561518899847E-5;145;1.204632101202389E-4;10187;0.00846316359651637;36;2.9908107340197243E-5;681;5.657616971853979E-4;139x106293-NZ-JAJNFW010000001_26993_aligned_28410_R_138_304_1;0.9280048700339588;0.04332260401709071;0.9291297885959763;0.04288516960978805;
252;9;Borreliella kurtenbachii;species;1196056;16;495;114;114;29;3.9310344827586206;20;29;8372;523.25;2.8682203698997884E-4;113.98379607451568;1.0001421599037965;397459;64895;0.9404569408905926;0.039468721194636326;0.9442124579741501;0.03956312947713117;4.689890605507299;4.025572448982159E-5;2.8682203698997884E-4;0.021063807839299148;7.296350063780164E-5;0.0012454114764038555;16;4.025572448982159E-5;114;2.8682203698997884E-4;8372;0.021063807839299148;29;7.296350063780164E-5;495;0.0012454114764038555;139x228897-NZ-CP132429_420925_aligned_2133_R_101_545_71;0.9404569408905926;0.039468721194636326;0.9442124579741501;0.03956312947713117;
253;9;Borreliella mayonii;species;1674146;17;713;115;115;30;3.8333333333333335;13;30;8962;527.1764705882352;2.171323053220072E-4;114.98762433541987;1.0001076260567314;529631;64895;0.9051618818447489;0.062405550122205874;0.9065094444013866;0.06234071880220922;3.384379261918757;3.2097819047601064E-5;2.171323053220072E-4;0.016921214959094162;5.664321008400188E-5;0.0013462202929964448;17;3.2097819047601064E-5;115;2.171323053220072E-4;8962;0.016921214959094162;30;5.664321008400188E-5;713;0.0013462202929964448;139x177929-NZ-JAJNGB010000036_1717_aligned_99262_F_53_201_20;0.9051618818447489;0.062405550122205874;0.9065094444013866;0.06234071880220922;
254;9;Candidatus Borreliella tachyglossi;species;1964448;1;69;6;6;1;6.0;6;1;592;592.0;4.7345271706623444E-6;5.999988164125645;1.0000019726496172;1267286;64895;0.8736654804270463;;0.8772241992882562;;;7.890878617770574E-7;4.7345271706623444E-6;4.67140014172018E-4;7.890878617770574E-7;5.444706246261696E-5;1;7.890878617770574E-7;6;4.7345271706623444E-6;592;4.67140014172018E-4;1;7.890878617770574E-7;69;5.444706246261696E-5;139x163430-NZ-PHOD01000001_794228_aligned_24771_R_81_506_6;0.8736654804270463;;0.8772241992882562;;
255;4;PVC group;clade;1783257;0;0;4;4;1;4.0;4;1;0;;0.012461059190031152;3.9813472004807418;1.004685047191314;321;3379134;;;;;;0.0;0.012461059190031152;0.0;0.003115264797507788;0.0;164;0.0010710935416310475;5375;0.022076572485572484;114936;0.635256488482556;183;0.004191780721889867;6753;0.03025711433496279;596780x105845-NZ-CP166118_881529_aligned_2251_R_66_522_3;0.9374015453980524;0.04523342844179108;0.9374071652699194;0.04522909818122775;
256;5;Chlamydiota;phylum;204428;0;0;0;0;0;;0;0;0;;;0.0;;0;1783257;;;;;;;;;;;164;0.0010710935416310475;5371;0.009615513295541328;114936;0.635256488482556;182;0.0010765159243820799;6753;0.03025711433496279;;0.9374015453980524;0.04523342844179108;0.9374071652699194;0.04522909818122775;
257;6;Chlamydiia;class;204429;1;22;9;9;1;9.0;9;1;583;583.0;0.005291005291005291;8.978864984828721;1.0023538626771857;1701;204428;0.9602169981916817;;0.9602169981916817;;;5.878894767783657E-4;0.005291005291005291;0.3427395649617872;5.878894767783657E-4;0.012933568489124045;164;0.0010710935416310475;5371;0.009615513295541328;114936;0.635256488482556;182;0.0010765159243820799;6753;0.03025711433496279;596780x105845-NZ-CP166118_881529_aligned_2251_R_66_522_3;0.9374015453980524;0.04523342844179108;0.9374071652699194;0.04522909818122775;
258;7;Chlamydiales;order;51291;0;0;0;0;0;;0;0;0;;0.0;0.0;;1052;204429;;;;;;0.0;0.0;0.0;0.0;0.0;163;4.8320406485268175E-4;5362;0.0043245080045360386;114353;0.29251692352076886;181;4.886264476037141E-4;6731;0.017323545845838742;;0.9372615732950241;0.04533718246924522;0.9372672276446324;0.045332853013596484;
259;8;Chlamydiaceae;family;809;0;0;0;0;0;;0;0;0;;0.0;0.0;;3216;51291;;;;;;0.0;0.0;0.0;0.0;0.0;163;4.8320406485268175E-4;5362;0.0043245080045360386;114353;0.29251692352076886;181;4.886264476037141E-4;6731;0.017323545845838742;;0.9372615732950241;0.04533718246924522;0.9372672276446324;0.045332853013596484;
260;9;Chlamydia/Chlamydophila group;no rank;1113537;0;0;0;0;0;;0;0;0;;;0.0;;0;809;;;;;;;;;;;163;4.8320406485268175E-4;5362;0.0043245080045360386;114353;0.29251692352076886;181;4.886264476037141E-4;6731;0.017323545845838742;;0.9372615732950241;0.04533718246924522;0.9372672276446324;0.045332853013596484;
261;10;Chlamydia;genus;810;0;0;278;278;34;8.176470588235293;39;16;0;;6.635609785089785E-5;277.9908098197666;1.0000330592951594;4189517;1113537;;;;;8.110862855250636;0.0;6.635609785089785E-5;0.0;3.819055991418581E-6;0.0;163;4.8320406485268175E-4;5362;0.0043245080045360386;114353;0.29251692352076886;181;4.886264476037141E-4;6731;0.017323545845838742;596780x105845-NZ-CP166118_142046_aligned_12964_F_119_313_7;0.9372615732950241;0.04533718246924522;0.9372672276446324;0.045332853013596484;
262;11;Chlamydia trachomatis;species;813;89;3796;3672;3668;269;13.650557620817844;88;90;64675;726.685393258427;0.0023056088271880813;3667.766695750516;1.0000636093483684;1590903;810;0.9395615642767261;0.04050402988434381;0.9395719199956719;0.04049451268796473;14.253718082153538;5.594307132490164E-5;0.0023081231225285264;0.04065301278582038;5.65716451600129E-5;0.002386066278082322;90;4.199765624060811E-4;3674;0.0030361901046908855;65247;0.24888016968425503;91;4.206051362411924E-4;3830;0.014763204974842424;596780x105845-NZ-CP166118_410860_aligned_48318_R_119_609_1;0.9395360954813594;0.04027656108854668;0.9395463361367613;0.04026710424568004;
263;12;Chlamydia trachomatis I/UW-12/UR;strain;596780;1;34;2;2;1;2.0;2;1;572;572.0;7.280669821623589E-4;1.9996359665087142;1.00018204988177;2747;813;0.9372693726937269;;0.9372693726937269;;;3.6403349108117945E-4;7.280669821623589E-4;0.20822715689843466;3.6403349108117945E-4;0.012377138696760102;1;3.6403349108117945E-4;2;7.280669821623589E-4;572;0.20822715689843466;1;3.6403349108117945E-4;34;0.012377138696760102;596780x105845-NZ-CP166118_95607_aligned_3517_R_70_520_2;0.9372693726937269;;0.9372693726937269;;
264;11;Chlamydia muridarum;species;83560;1;22;3;3;2;1.5;2;2;413;413.0;2.9242587735073854E-6;2.999997075739355;1.0000009747544985;1025901;810;0.9425587467362925;;0.9425587467362925;;0.7071067811865476;9.747529245024617E-7;2.9242587735073854E-6;4.025729578195167E-4;1.9495058490049235E-6;2.144456433905416E-5;1;9.747529245024617E-7;3;2.9242587735073854E-6;413;4.025729578195167E-4;2;1.9495058490049235E-6;22;2.144456433905416E-5;596780x105845-NZ-CP166118_781294_aligned_56876_R_201_201_2;0.9425587467362925;;0.9425587467362925;;
265;11;Chlamydia ibidis;species;1405396;71;2751;1383;408;116;11.922413793103448;57;71;46008;648.0;3.495688650664181E-4;1382.1815323740257;0.2951855385444356;1167152;810;0.934099155349542;0.05171264480387909;0.934099155349542;0.05171264480387909;11.308443065149206;6.0831836813028634E-5;0.001184935638203079;0.03941903025484256;6.0831836813028634E-5;0.0023570194798963632;71;6.0831836813028634E-5;1383;0.001184935638203079;46008;0.03941903025484256;71;6.0831836813028634E-5;2751;0.0023570194798963632;1405396x144292-NZ-KE360154_907_aligned_10495_R_69_457_66;0.934099155349542;0.05171264480387909;0.934099155349542;0.05171264480387909;
266;11;Chlamydia crocodili;species;2766982;1;128;24;24;8;3.0;6;1;2685;2685.0;3.4101905017669046E-5;23.99960783182407;1.000016340607675;703773;810;0.951789077212806;;0.951789077212806;;1.5118578920369088;1.4209127090695438E-6;3.4101905017669046E-5;0.003815150623851725;1.4209127090695438E-6;1.818768267609016E-4;1;1.4209127090695438E-6;24;3.4101905017669046E-5;2685;0.003815150623851725;1;1.4209127090695438E-6;128;1.818768267609016E-4;2766982x97189-NZ-CP137897_3577_aligned_33354_F_65_2683_6;0.951789077212806;;0.951789077212806;;
