pos;level;name;rank;taxid;reads;kmers from reads;kmers;unique kmers;contigs;average contig length;max contig length;reads >=1 kmer;reads bps;avg. read length;db coverage;exp. unique kmers;unique kmers / exp.;db kmers;parent taxid;mean error;kmer error std. dev.;mean class error;class error std. dev.;contig len std. dev.;norm. reads;norm. kmers;norm. reads bps;norm. read >=1 kmer;norm. reads kmers;acc. reads;acc. norm. reads;acc. kmers;acc. norm. kmers;acc. reads bps;acc. norm. reads bps;acc. read >=1 kmer;acc. norm. read >=1 kmer;acc. reads kmers;acc. norm. reads kmers;max contig desc.;acc. mean error;acc. error std. dev.;acc. class mean error;acc. class error std. dev.;
0;0;TOTAL;;;143819;0;579304700;0;0;;0;0;628010930;4366.67568262886;;;;524530554;;;;;;;;;;;;;;;;;;;;;;;;;;;
1;0;root;no rank;1;0;0;0;0;0;;0;0;0;;0.0;0.0;;2945;;;;;;;0.0;0.0;0.0;0.0;0.0;101667;0.4322669563846269;4100797;14.397746682771228;51024718;218.4498974911592;164171;0.7763936471176385;4078191;18.858054164475643;;0.9106868841310596;0.06961875790294561;0.9108020607840667;0.06957121010580572;
2;1;cellular organisms;cellular root;131567;25460;777066;1246274;67596;96641;12.895913742614418;197;50177;11239697;441.46492537313435;0.5168206006483577;130782.48703458441;0.5168581935754499;130792;1;0.9215423565389493;0.06625959014652724;0.9215436843341229;0.06625834412244652;14.273634836724746;0.19466022386690318;9.528671478377882;85.93566120252004;0.3836396721512019;5.941234937916692;101667;0.4322669563846269;4100797;14.397746682771228;51024718;218.4498974911592;164171;0.7763936471176385;4078191;18.858054164475643;1359166x125599-NZ-LAOH01000013_2706_aligned_96378_R_122_319_2;0.9106868841310596;0.06961875790294561;0.9108020607840667;0.06957121010580572;
3;2;Bacteria;domain;2;788;34158;35981;10478;3507;10.25976618192187;104;2031;454001;576.1434010152284;0.007322136990628251;35532.42846001199;0.29488555818220774;1431003;131567;0.9182690108560154;0.05899934060847111;0.9182880463890103;0.05901927634439335;11.545642861440545;5.506627169894123E-4;0.025143902563446757;0.3172606905785662;0.0014192842363013915;0.023869970922492826;76207;0.23760673251772377;2854523;4.869075204393346;39785021;132.51423628863918;113994;0.39275397496643605;3301125;12.916819226558971;29519x235571-NZ-JAEIPN010000064_2794_aligned_98339_R_36_319_34;0.9070601788742602;0.07033348585282628;0.9072133912972151;0.07027888048747796;
4;3;Bacillati;kingdom;1783272;2;173;97;69;12;8.083333333333334;34;9;1197;598.5;2.9237783691249E-4;96.98027349903018;0.7114848980157806;235996;2;0.8479962865542318;0.018686962436432142;0.8479962865542318;0.018686962436432142;10.022323567764598;8.474719910506958E-6;4.1102391565958743E-4;0.005072119866438414;3.813623959728131E-5;7.330632722588518E-4;65;2.100472742399215E-4;10452;0.014124231144631936;114623;0.30644348822367423;123;4.518810742740701E-4;10936;0.03494461527189861;2104x178739-NZ-JBLTZR010000055_1049_aligned_3808_F_67_523_2;0.8891819415955066;0.06624041777779896;0.8893204298237103;0.06622635211156322;
5;4;Mycoplasmatota;phylum;544448;1;16;109;109;21;5.190476190476191;11;14;123;123.0;1.6423057973394647E-4;108.99113202610988;1.0000813641782158;663701;1783272;0.8279569892473119;;0.8279569892473119;;3.1877742645778353;1.5067025663664812E-6;1.6423057973394647E-4;1.853244156630772E-4;2.109383592913074E-5;2.41072410618637E-5;63;2.0157255432941455E-4;10355;0.013713207228972346;113426;0.30137136835723577;114;4.137448346767887E-4;10763;0.03421155199963975;3401672x163545-NZ-JBLVZV010000005_11017_aligned_24095_R_53_1417_70;0.890489422707928;0.06683746906133758;0.8906323073878206;0.06682023368765042;
6;5;Mollicutes;class;31969;0;0;3;3;1;3.0;3;1;0;;5.7064597123944306E-5;2.9999429357666374;1.0000190217729419;52572;544448;;;;;;0.0;5.7064597123944306E-5;0.0;1.9021532374648102E-5;0.0;30;1.7345328586268992E-4;3521;0.007600341755926208;35543;0.23713698904359617;53;2.372460122005582E-4;3567;0.028193866612562422;47466x124347-NZ-CP114690_472335_aligned_13172_F_260_356_82;0.871281319941252;0.08363010327692631;0.8715030904088181;0.08364373816744776;
7;6;Mycoplasmatales;order;2085;0;0;0;0;0;;0;0;0;;0.0;0.0;;241;31969;;;;;;0.0;0.0;0.0;0.0;0.0;30;1.7345328586268992E-4;3518;0.007543277158802263;35543;0.23713698904359617;52;2.1822447982591006E-4;3567;0.028193866612562422;;0.871281319941252;0.08363010327692631;0.8715030904088181;0.08364373816744776;
8;7;Mycoplasmataceae;family;2092;0;0;0;0;0;;0;0;0;;0.0;0.0;;1514;2085;;;;;;0.0;0.0;0.0;0.0;0.0;30;1.7345328586268992E-4;3518;0.007543277158802263;35543;0.23713698904359617;52;2.1822447982591006E-4;3567;0.028193866612562422;;0.871281319941252;0.08363010327692631;0.8715030904088181;0.08364373816744776;
9;8;Mycoplasma;genus;2093;2;41;326;326;28;11.642857142857142;44;7;269;134.5;1.4361018381222484E-4;325.9766644173394;1.0000715866661876;2270034;2092;0.7948572508980905;0.07165990446511256;0.7948572508980905;0.07165990446511256;11.885921599738586;8.81044072467637E-7;1.4361018381222484E-4;1.1850042774689718E-4;3.0836542536367297E-6;1.8061403485586558E-5;30;1.7345328586268992E-4;3518;0.007543277158802263;35543;0.23713698904359617;52;2.1822447982591006E-4;3567;0.028193866612562422;398174x232359-NZ-JANSFS010000009_2827_aligned_52694_F_115_4302_42;0.871281319941252;0.08363010327692631;0.8715030904088181;0.08364373816744776;
10;9;Mycoplasma leonicaptivi;species;36742;0;0;0;0;0;;0;0;0;;;0.0;;0;2093;;;;;;;;;;;0;0.0;1;1.1834403557895085E-6;0;0.0;1;1.1834403557895085E-6;0;0.0;;;;;;
11;10;Mycoplasma leonicaptivi ATCC 49890;strain;1448135;0;0;1;1;1;1.0;1;1;0;;1.1834403557895085E-6;1.000000000028362;0.999999999971638;844994;36742;;;;;;0.0;1.1834403557895085E-6;0.0;1.1834403557895085E-6;0.0;0;0.0;1;1.1834403557895085E-6;0;0.0;1;1.1834403557895085E-6;0;0.0;3568888x56552-NZ-JBTKTI010000003_25334_aligned_18370_R_22_5426_53;;;;;
12;9;Mycoplasma zalophidermidis;species;398174;1;293;101;101;8;12.625;29;1;4315;4315.0;1.192787532654035E-4;100.99403629831684;1.0000590500380195;846756;2093;0.9316219369894982;;0.9316219369894982;;10.459957661755343;1.1809777551030048E-6;1.192787532654035E-4;0.005095919013269466;1.1809777551030048E-6;3.460264822451804E-4;1;1.1809777551030048E-6;101;1.192787532654035E-4;4315;0.005095919013269466;1;1.1809777551030048E-6;293;3.460264822451804E-4;398174x232359-NZ-JANSFS010000009_2827_aligned_52694_F_115_4302_42;0.9316219369894982;;0.9316219369894982;;
13;9;Mycoplasma mycoides group;species group;656088;1;17;22;22;2;11.0;17;2;234;234.0;2.9603793591586062E-5;21.999689162297305;1.0000141291861173;743148;2093;0.9166666666666666;;0.9166666666666666;;8.48528137423857;1.34562698143573E-6;2.9603793591586062E-5;3.1487671365596084E-4;2.69125396287146E-6;2.2875658684407413E-5;6;5.5344582519425355E-6;167;1.6285862671261848E-4;1166;0.001116234093797123;8;7.82493081726449E-6;177;1.7030317556373321E-4;40477x172069-NZ-CP068548_955430_aligned_119871_F_140_95_0;0.8307618714025361;0.08854315965197561;0.8307618714025361;0.08854315965197561;
14;10;Mycoplasma mycoides;species;2102;4;153;138;138;6;23.0;63;5;784;196.0;1.303886905762991E-4;137.9910687568858;1.0000647233418414;1058374;656088;0.7818066489117138;0.05817163869671887;0.7818066489117138;0.05817163869671887;21.531372459738837;3.779382335544902E-6;1.303886905762991E-4;7.407589377668007E-4;4.724227919431128E-6;1.4456137433459249E-4;5;4.188831270506805E-6;145;1.3325483312103242E-4;932;8.013573801411624E-4;6;5.133676854393031E-6;160;1.474275168793258E-4;40477x172069-NZ-CP068548_509423_aligned_100870_F_135_129_62;0.8135809123497101;0.08709749563926719;0.8135809123497101;0.08709749563926719;
15;11;Mycoplasma mycoides subsp. capri;subspecies;40477;1;7;7;7;1;7.0;7;1;148;148.0;2.8661425447333198E-6;6.999991401842363;1.0000012283097426;2442307;2102;0.940677966101695;;0.940677966101695;;;4.0944893496190285E-7;2.8661425447333198E-6;6.059844237436162E-5;4.0944893496190285E-7;2.8661425447333198E-6;1;4.0944893496190285E-7;7;2.8661425447333198E-6;148;6.059844237436162E-5;1;4.0944893496190285E-7;7;2.8661425447333198E-6;40477x172069-NZ-CP068548_1209700_aligned_85646_F_64_69_14;0.940677966101695;;0.940677966101695;;
16;9;Mycoplasma todarodis;species;1937191;1;29;29;29;4;7.25;14;1;1149;1149.0;1.6080879058481167E-5;28.999774870671644;1.000007763140554;1803384;2093;0.9740840035746202;;0.9740840035746202;;6.701989754294367;5.545130709821092E-7;1.6080879058481167E-5;6.371355185584434E-4;5.545130709821092E-7;1.6080879058481167E-5;1;5.545130709821092E-7;29;1.6080879058481167E-5;1149;6.371355185584434E-4;1;5.545130709821092E-7;29;1.6080879058481167E-5;1937191x136238-NZ-PSZP01000058_2676_aligned_4982_F_76_1019_60;0.9740840035746202;;0.9740840035746202;;
17;9;unclassified Asterococcus (in: mycoplasmas, genus);no rank;2683645;11;562;1829;1829;124;14.75;111;21;6995;635.9090909090909;1.3059604778801426E-4;1828.88063960532;1.000065264179682;14005018;2093;0.8808736584389176;0.10558262130265743;0.8808736584389176;0.10558262130265743;16.483855121748576;7.854327641706709E-7;1.3059604778801426E-4;4.994638350339857E-4;1.4994625497803717E-6;4.012847395126518E-5;17;1.6312029106195275E-4;2482;0.006790499278207056;24375;0.22709540125086702;31;2.0221496192289234E-4;2608;0.027328202255131696;3568888x56552-NZ-JBTKTI010000003_25334_aligned_18370_R_22_5426_53;0.881946837459259;0.08377768562962983;0.882338197107905;0.08374899465877453;
18;10;Mycoplasma sp. CSL7503-lung;species;536372;1;286;262;262;19;13.789473684210526;48;1;2768;2768.0;3.8433046552394367E-4;261.94985125352395;1.0001914440731159;681705;2683645;0.8955441928414901;;0.8955441928414901;;12.946809763062701;1.46691017375551E-6;3.8433046552394367E-4;0.004060407360955252;1.46691017375551E-6;4.1953630969407586E-4;1;1.46691017375551E-6;262;3.8433046552394367E-4;2768;0.004060407360955252;1;1.46691017375551E-6;286;4.1953630969407586E-4;536372x80615-NZ-JAOPHP010000011_12055_aligned_5728_R_68_2750_2;0.8955441928414901;;0.8955441928414901;;
19;10;Mycoplasma sp. 'Moose RK';species;2780095;0;0;1;1;1;1.0;1;1;0;;1.2103753373921253E-6;1.0000000000077758;0.9999999999922242;826190;2683645;;;;;;0.0;1.2103753373921253E-6;0.0;1.2103753373921253E-6;0.0;0;0.0;1;1.2103753373921253E-6;0;0.0;1;1.2103753373921253E-6;0;0.0;29559x54311-NZ-JAQRAP010000046_4276_aligned_1332_F_63_2138_0;;;;;
20;10;Mycoplasma sp. 1018B;species;2967302;0;0;1;1;1;1.0;1;1;0;;4.508363013389838E-6;0.9999999999924447;1.0000000000075553;221810;2683645;;;;;;0.0;4.508363013389838E-6;0.0;4.508363013389838E-6;0.0;0;0.0;1;4.508363013389838E-6;0;0.0;1;4.508363013389838E-6;0;0.0;47466x43307-NZ-CP114624_85854_aligned_11223_R_85_547_1;;;;;
21;10;Mycoplasma sp. Z407A;species;3401678;1;361;59;59;3;19.666666666666668;31;1;2941;2941.0;0.0011334601271780684;58.96714165126696;1.0005572314989823;52053;2683645;0.8759876331157678;;0.8759876331157678;;10.5987420637231;1.921118859623845E-5;0.0011334601271780684;0.05650010566153728;1.921118859623845E-5;0.00693523908324208;1;1.921118859623845E-5;59;0.0011334601271780684;2941;0.05650010566153728;1;1.921118859623845E-5;361;0.00693523908324208;3401678x205487-NZ-JBLWAB010000010_6580_aligned_1062_R_127_2818_3;0.8759876331157678;;0.8759876331157678;;
22;10;Mycoplasma sp. 1012;species;3452156;1;214;68;68;9;7.555555555555555;21;1;2061;2061.0;4.3903257879989154E-4;67.98529449716145;1.0002163041720613;154886;2683645;0.8946331856228459;;0.8946331856228459;;7.6175965880176255;6.4563614529395815E-6;4.3903257879989154E-4;0.013306560954508478;6.4563614529395815E-6;0.0013816613509290705;1;6.4563614529395815E-6;68;4.3903257879989154E-4;2061;0.013306560954508478;1;6.4563614529395815E-6;214;0.0013816613509290705;3452156x172269-NZ-JBTGVG010000018_19814_aligned_3926_F_70_2041_1;0.8946331856228459;;0.8946331856228459;;
23;10;Mycoplasma sp. 773;species;3458462;1;516;92;92;7;13.142857142857142;30;1;3967;3967.0;0.0020588103656626238;91.90638698642181;1.0010185691837938;44686;2683645;0.8689357378714757;;0.8689357378714757;;9.191092996819828;2.2378373539811128E-5;0.0020588103656626238;0.08877500783243074;2.2378373539811128E-5;0.011547240746542542;1;2.2378373539811128E-5;92;0.0020588103656626238;3967;0.08877500783243074;1;2.2378373539811128E-5;516;0.011547240746542542;3458462x143383-NZ-JBSQAV010000008_19927_aligned_6072_R_110_3891_14;0.8689357378714757;;0.8689357378714757;;
24;10;Mycoplasma sp. 128;species;3458463;1;18;10;10;1;10.0;10;1;202;202.0;0.001049648367796788;9.995277904217277;1.0004724326655021;9527;2683645;0.8953488372093024;;0.8953488372093024;;;1.0496483677967881E-4;0.001049648367796788;0.02120289702949512;1.0496483677967881E-4;0.0018893670620342186;1;1.0496483677967881E-4;10;0.001049648367796788;202;0.02120289702949512;1;1.0496483677967881E-4;18;0.0018893670620342186;3458463x7971-NZ-JBSQBH010000002_79447_aligned_133606_R_65_90_42;0.8953488372093024;;0.8953488372093024;;
25;10;Mycoplasma sp. HF14;species;3568888;1;651;125;125;12;10.416666666666666;31;1;5441;5441.0;9.821484694198252E-4;124.93912640586939;1.00048722602664;127272;2683645;0.8730364073184255;;0.8796895213454075;;9.83923808333786;7.857187755358601E-6;9.821484694198252E-4;0.04275095857690615;7.857187755358601E-6;0.00511502922873845;1;7.857187755358601E-6;125;9.821484694198252E-4;5441;0.04275095857690615;1;7.857187755358601E-6;651;0.00511502922873845;3568888x56552-NZ-JBTKTI010000003_25334_aligned_18370_R_22_5426_53;0.8730364073184255;;0.8796895213454075;;
26;10;Mycoplasma sp. VS1572C;species;3568892;0;0;31;31;1;31.0;31;1;0;;5.466408040909893E-4;30.991801785417685;1.0002645284917306;56710;2683645;;;;;;0.0;5.466408040909893E-4;0.0;1.7633574325515784E-5;0.0;0;0.0;31;5.466408040909893E-4;0;0.0;1;1.7633574325515784E-5;0;0.0;3568888x56552-NZ-JBTKTI010000003_25334_aligned_18370_R_22_5426_53;;;;;
27;10;Mycoplasma sp. Z1473D;species;3568895;0;0;4;4;1;4.0;4;1;0;;6.0113313596128705E-5;3.9999098309384036;1.0000225427735643;66541;2683645;;;;;;0.0;6.0113313596128705E-5;0.0;1.5028328399032176E-5;0.0;0;0.0;4;6.0113313596128705E-5;0;0.0;1;1.5028328399032176E-5;0;0.0;3568888x56552-NZ-JBTKTI010000003_25334_aligned_18370_R_22_5426_53;;;;;
28;9;Mycoplasma bradburyae;species;2963128;1;63;63;63;7;9.0;25;1;1510;1510.0;3.891418310790903E-5;62.99879367221874;1.0000191484266752;1618947;2093;0.9574324324324325;;0.9574324324324325;;8.621678104251709;6.176854461572861E-7;3.891418310790903E-5;9.327050236975021E-4;6.176854461572861E-7;3.891418310790903E-5;1;6.176854461572861E-7;63;3.891418310790903E-5;1510;9.327050236975021E-4;1;6.176854461572861E-7;63;3.891418310790903E-5;2963128x220677-NZ-JAJHZN010000029_612_aligned_11354_F_63_1498_3;0.9574324324324325;;0.9574324324324325;;
29;9;Mycoplasma phocimorsus;species;3045839;1;334;327;327;23;14.217391304347826;61;1;2593;2593.0;2.5349131966650773E-4;326.95868436389327;1.0001263634767406;1289985;2093;0.8696839641045649;;0.8696839641045649;;15.960053889573894;7.752028124358035E-7;2.5349131966650773E-4;0.0020101008926460386;7.752028124358035E-7;2.5891773935355836E-4;1;7.752028124358035E-7;327;2.5349131966650773E-4;2593;0.0020101008926460386;1;7.752028124358035E-7;334;2.5891773935355836E-4;3045839x100825-NZ-JASEJW010000032_11002_aligned_4834_F_72_2560_0;0.8696839641045649;;0.8696839641045649;;
30;9;Candidatus Mycoplasma pogonae;species;3472838;1;22;22;22;1;22.0;22;1;166;166.0;1.7360494616273886E-5;21.999817715244873;1.0000082857393404;1267245;2093;0.8382352941176471;;0.8382352941176471;;;7.89113391648813E-7;1.7360494616273886E-5;1.3099282301370295E-4;7.89113391648813E-7;1.7360494616273886E-5;1;7.89113391648813E-7;22;1.7360494616273886E-5;166;1.3099282301370295E-4;1;7.89113391648813E-7;22;1.7360494616273886E-5;3472838x164245-NZ-JBSWZS010000002_6219_aligned_124391_R_63_94_7;0.8382352941176471;;0.8382352941176471;;
31;5;Mycoplasmoidales;order;2790996;0;0;0;0;0;;0;0;0;;0.0;0.0;;51948;544448;;;;;;0.0;0.0;0.0;0.0;0.0;32;2.6612565900358168E-5;6725;0.005948634893312191;77760;0.06404905489797655;47;1.5540498654709967E-4;7180;0.005993578146015473;;0.9104511575973308;0.03869383155749859;0.9105245519975262;0.03867402376100569;
32;6;Mycoplasmoidaceae;family;2790998;0;0;0;0;0;;0;0;0;;0.0;0.0;;2088;2790996;;;;;;0.0;0.0;0.0;0.0;0.0;23;2.139134721469029E-5;3488;0.0036445028717070308;43015;0.04293593225303449;31;9.507805763239435E-5;3877;0.003915952382732334;;0.910276168127499;0.04026445819327462;0.9103468644866367;0.040263438648322075;
33;7;Malacoplasma;genus;2791001;0;0;0;0;0;;0;0;0;;0.0;0.0;;3325;2790998;;;;;;0.0;0.0;0.0;0.0;0.0;4;2.30372016250442E-6;40;2.3037201625044202E-5;930;5.356149377822777E-4;4;2.30372016250442E-6;40;2.3037201625044202E-5;;0.9469036072055312;0.018127630356188664;0.9469036072055312;0.018127630356188664;
34;8;Malacoplasma iowae;species;2116;4;40;40;40;4;10.0;11;4;930;232.5;2.3037201625044202E-5;39.9995507801553;1.0000112306222428;1736322;2791001;0.9469036072055312;0.018127630356188664;0.9469036072055312;0.018127630356188664;0.816496580927726;2.30372016250442E-6;2.3037201625044202E-5;5.356149377822777E-4;2.30372016250442E-6;2.3037201625044202E-5;4;2.30372016250442E-6;40;2.3037201625044202E-5;930;5.356149377822777E-4;4;2.30372016250442E-6;40;2.3037201625044202E-5;1394179x106106-NZ-AWQU01000079_34531_aligned_88351_R_67_90_57;0.9469036072055312;0.018127630356188664;0.9469036072055312;0.018127630356188664;
35;7;Mycoplasmoides;genus;2995234;0;0;6;6;3;2.0;4;3;0;;1.3701758392327016E-4;5.999657466479044;1.0000570921794902;43790;2790998;;;;;1.7320508075688772;0.0;1.3701758392327016E-4;0.0;6.850879196163508E-5;0.0;19;1.908762705218587E-5;3448;0.0036214656700819864;42085;0.04240031731525221;27;9.277433746988994E-5;3837;0.00389291518110729;2104x213296-NZ-BLGP01000048_3110_aligned_50258_F_68_4484_4;0.9025651283215975;0.03957070491581823;0.902650708124764;0.03958701981941447;
36;8;Mycoplasmoides gallisepticum;species;2096;1;137;136;136;13;10.461538461538462;28;1;2009;2009.0;6.080840300590244E-5;135.9958955075165;1.0000301810026557;2236533;2995234;0.9307731177362304;;0.9307731177362304;;7.287150616157464;4.4712061033751795E-7;6.080840300590244E-5;8.982653061680735E-4;4.4712061033751795E-7;6.125552361623996E-5;1;4.4712061033751795E-7;136;6.080840300590244E-5;2009;8.982653061680735E-4;1;4.4712061033751795E-7;137;6.125552361623996E-5;2096x42570-NZ-MAFU01000024_15937_aligned_17089_R_63_2020_3;0.9307731177362304;;0.9307731177362304;;
37;8;Mycoplasmoides pneumoniae;species;2104;18;3700;3306;3288;189;17.49206349206349;112;23;40076;2226.4444444444443;0.0034049991767109654;3300.348882589083;0.996258309945888;965639;2995234;0.9009980177985624;0.040106649493980934;0.9010883520352382;0.04012742303259453;19.350248513336002;1.8640506441848352E-5;0.003423639683152814;0.04150205200908414;2.3818424897917338E-5;0.00383165965749105;18;1.8640506441848352E-5;3306;0.003423639683152814;40076;0.04150205200908414;23;2.3818424897917338E-5;3700;0.00383165965749105;2104x213296-NZ-BLGP01000048_3110_aligned_50258_F_68_4484_4;0.9009980177985624;0.040106649493980934;0.9010883520352382;0.04012742303259453;
38;6;Metamycoplasmataceae;family;2895623;0;0;14;14;3;4.666666666666667;11;2;0;;1.0980650525110395E-4;13.999286280201677;1.000050982584686;127497;2790996;;;;;5.507570547286102;0.0;1.0980650525110395E-4;0.0;1.5686643607300564E-5;0.0;9;5.221218685667877E-6;3237;0.00230413202160516;34745;0.02111312264494206;16;6.032692891470533E-5;3303;0.002077625763283139;29559x3753-NZ-JAQRAP010000017_1527_aligned_13648_F_41_8111_25;0.9108983529091232;0.03664713736498626;0.9109786423031332;0.03656898062721716;
39;7;Metamycoplasma;genus;2895509;0;0;13;13;5;2.6;7;3;0;;1.6086321676937165E-4;12.999034864510353;1.000074246703675;80814;2895623;;;;;2.5099800796022267;0.0;1.6086321676937165E-4;0.0;3.712228079293192E-5;0.0;9;5.221218685667877E-6;3223;0.002194325516354056;34745;0.02111312264494206;14;4.464028530740477E-5;3303;0.002077625763283139;29559x3753-NZ-JAQRAP010000017_1527_aligned_13648_F_41_8111_25;0.9108983529091232;0.03664713736498626;0.9109786423031332;0.03656898062721716;
40;8;Metamycoplasma hominis;species;2098;1;298;298;298;17;17.529411764705884;47;1;2713;2713.0;8.953700056456384E-5;297.98670413821543;1.0000446189766186;3328233;2895509;0.8889303019008572;;0.8889303019008572;;16.263908075316735;3.004597334381337E-7;8.953700056456384E-5;8.151472568176567E-4;3.004597334381337E-7;8.953700056456384E-5;1;3.004597334381337E-7;298;8.953700056456384E-5;2713;8.151472568176567E-4;1;3.004597334381337E-7;298;8.953700056456384E-5;2098x207303-NZ-MRAY01000009_1218_aligned_22566_F_70_2731_0;0.8889303019008572;;0.8889303019008572;;
41;8;Metamycoplasma salivarium;species;2124;1;400;395;395;26;15.192307692307692;60;2;4968;4968.0;3.5857814234735235E-4;394.9293684913469;1.000178845926103;1101573;2895509;0.9189955447549615;;0.9189955447549615;;14.937253377429817;9.077927654363352E-7;3.5857814234735235E-4;0.004509914458687713;1.8155855308726704E-6;3.6311710617453405E-4;1;9.077927654363352E-7;395;3.5857814234735235E-4;4968;0.004509914458687713;2;1.8155855308726704E-6;400;3.6311710617453405E-4;1266997x205506-NZ-AXZE01000017_4388_aligned_67457_F_71_4974_0;0.9189955447549615;;0.9189955447549615;;
42;8;Metamycoplasma hyosynoviae;species;29559;5;1986;1938;1938;132;14.681818181818182;68;5;21247;4249.4;8.111413487045595E-4;1937.2146215407686;1.0004054163387466;2389226;2895509;0.9140336439799043;0.044625918501483924;0.9141781648891222;0.04448464392287795;13.826801157779268;2.092727937834261E-6;8.111413487045595E-4;0.008892838099032909;2.092727937834261E-6;8.312315369077684E-4;5;2.092727937834261E-6;1938;8.111413487045595E-4;21247;0.008892838099032909;5;2.092727937834261E-6;1986;8.312315369077684E-4;29559x3753-NZ-JAQRAP010000017_1527_aligned_13648_F_41_8111_25;0.9140336439799043;0.044625918501483924;0.9141781648891222;0.04448464392287795;
43;8;[Mycoplasma] anseris;species;92400;1;542;544;544;24;22.666666666666668;80;2;4436;4436.0;7.55612226472541E-4;543.794902742524;1.0003771592128607;719946;2895509;0.8769859282796187;;0.8769859282796187;;21.224814572174438;1.3889930633686415E-6;7.55612226472541E-4;0.006161573229103294;2.777986126737283E-6;7.528342403458037E-4;1;1.3889930633686415E-6;544;7.55612226472541E-4;4436;0.006161573229103294;2;2.777986126737283E-6;542;7.528342403458037E-4;1408454x113620-NZ-JNJX01000003_31528_aligned_6364_R_93_4521_0;0.8769859282796187;;0.8769859282796187;;
44;8;Metamycoplasma equirhinis;species;92402;1;77;35;35;2;17.5;19;1;1381;1381.0;1.8593581495667695E-5;34.99968391287994;1.000009031142134;1882370;2895509;0.9430051813471503;;0.9430051813471503;;2.1213203435596424;5.312451855905056E-7;1.8593581495667695E-5;7.336496013004882E-4;5.312451855905056E-7;4.090587929046893E-5;1;5.312451855905056E-7;35;1.8593581495667695E-5;1381;7.336496013004882E-4;1;5.312451855905056E-7;77;4.090587929046893E-5;92402x164909-NZ-JAXIHX010000005_4126_aligned_6580_F_64_1341_0;0.9430051813471503;;0.9430051813471503;;
45;3;Pseudomonadati;kingdom;3379134;233;8923;12456;7588;1352;9.21301775147929;139;986;119004;510.74678111587986;0.01695744771192899;12284.246435751156;0.6177017076046643;447473;2;0.9161287758213108;0.06165995735216779;0.9161445546650371;0.06164465882825624;11.320989555068774;5.207018077068337E-4;0.02783631638110009;0.26594677220748514;0.002203484902999734;0.019940867940635525;75354;0.23684602252649445;2808090;4.829807070685267;39216397;131.89053210983698;111840;0.39088280965586053;3256031;12.85800464036458;139x124165-NZ-PHOS01000001_24822_aligned_12832_R_42_464_106;0.906958386345947;0.07043518482276366;0.9071130145990098;0.07038009848223815;
46;4;Pseudomonadota;phylum;1224;40;1548;4406;2363;572;7.7027972027972025;139;406;21011;525.275;0.005822319466209357;4382.175529298918;0.5392298834679596;405852;3379134;0.9229955394965732;0.0655804084169491;0.9229955394965732;0.0655804084169491;11.330373568057055;9.85580950691385E-5;0.010856174171865607;0.05177010338744173;0.0010003646649517559;0.00381419827917566;48251;0.2208264796556068;1559567;4.069634898547829;23768444;122.99895289890543;65517;0.31309973520217277;2006107;12.055528643186847;263x219262-NZ-JACTOU010000032_14734_aligned_12198_R_59_5684_15;0.9048443492025375;0.07230119952084577;0.9049092582576842;0.07226535295871625;
47;5;Gammaproteobacteria;class;1236;0;0;11696;11160;758;15.430079155672823;140;162;0;;0.02625907067360634;11536.541166085477;0.9673610000896617;424996;1224;;;;;16.198071961333298;0.0;0.027520259014202488;0.0;3.8118005816525333E-4;0.0;270;0.0030759558451760555;73433;0.1044732315660279;816195;13.486486480165752;1064;0.007017875788372556;76122;1.3374045782265889;263x189419-NZ-VJEX01000046_4353_aligned_9256_R_37_5432_29;0.9065235239255319;0.036063769967760284;0.906909372515312;0.03597935303679199;
48;6;Thiotrichales;order;72273;0;0;17;17;5;3.4;5;5;0;;5.848757999036675E-4;16.995321798395008;1.0002752640791677;29066;1236;;;;;1.8165902124584952;0.0;5.848757999036675E-4;0.0;1.7202229408931396E-4;0.0;270;0.0030759558451760555;61737;0.07695297255182541;816195;13.486486480165752;902;0.006636695730207303;76122;1.3374045782265889;263x62270-NZ-VJGS01000053_6928_aligned_19842_R_52_2432_33;0.9065235239255319;0.036063769967760284;0.906909372515312;0.03597935303679199;
49;7;Francisellaceae;family;34064;0;0;1502;1469;217;6.921658986175115;46;118;0;;0.0016575664126719767;1500.7287680905135;0.9788577597996709;886239;72273;;;;;6.723944293690473;0.0;0.0016948024178579366;0.0;1.3314692763464483E-4;0.0;270;0.0030759558451760555;61720;0.07636809675192174;816195;13.486486480165752;897;0.006464673436117989;76122;1.3374045782265889;263x68289-NZ-VJBP01000018_13037_aligned_16458_R_39_4503_30;0.9065235239255319;0.036063769967760284;0.906909372515312;0.03597935303679199;
50;8;Francisella;genus;262;20;1253;35647;35228;2871;12.416231278300243;107;265;16002;800.1;0.0036365787296894114;35581.494736250344;0.990065208365454;9687127;34064;0.9201899903222708;0.06989718432209845;0.9202878376803921;0.06988927661806371;12.874191610526095;2.064595622623715E-6;0.0036798320079833783;0.0016518829576612343;2.735589199976422E-5;1.2934691575737574E-4;270;0.0030759558451760555;60218;0.0746732943340638;816195;13.486486480165752;779;0.0063315265084833445;76122;1.3374045782265889;263x26278-NZ-VJAS01000064_7577_aligned_20201_F_165_4303_6;0.9065235239255319;0.036063769967760284;0.906909372515312;0.03597935303679199;
51;9;Francisella tularensis;species;263;131;34130;20259;19712;1793;11.2989403234802;89;227;378998;2893.114503816794;0.009766799817268884;20157.6661819469;0.9778909831165853;2018266;262;0.9081861731565448;0.0315791444451655;0.9085294851389057;0.03134163093413314;10.627619634691172;6.490720251939041E-5;0.010037824548399467;0.18778396901102234;1.1247278604505056E-4;0.016910555893028967;228;0.0030458093748921885;21904;0.06823100132776719;745007;13.419915850281479;429;0.006207745960220512;69730;1.330963402132531;263x102857-NZ-VIYS01000027_14036_aligned_74_R_99_7219_12;0.9053951969444721;0.030539017256636852;0.905752950949656;0.030378918645261155;
52;10;Francisella tularensis subsp. novicida;subspecies;264;9;2500;182;182;28;6.5;31;25;26027;2891.8888888888887;1.8552932433686008E-4;181.98321063186717;1.000092257786169;980977;263;0.904164674724109;0.023700396491345505;0.904516367493332;0.023891305659573862;7.932586332711792;9.174527027646927E-6;1.8552932433686008E-4;0.026531712772062954;2.5484797299019245E-5;0.0025484797299019243;14;0.0019232572148542035;271;0.043761425301900886;43507;8.908167832774538;38;0.0020378896969637543;4223;0.8140478773906213;263x222421-NZ-VJGO01000045_9183_aligned_74503_F_66_2548_5;0.9020944662429008;0.03583955191177256;0.9027893176997648;0.03564356913290586;
53;11;Francisella cf. novicida Fx1;strain;984129;1;65;14;14;3;4.666666666666667;11;3;1400;1400.0;1.1406875086570034E-4;13.999258577358589;1.0000529615648797;122733;264;0.9503649635036496;;0.9525547445255474;;5.507570547286102;8.147767918978596E-6;1.1406875086570034E-4;0.011406875086570034;2.4443303756935786E-5;5.296049147336088E-4;1;8.147767918978596E-6;14;1.1406875086570034E-4;1400;0.011406875086570034;3;2.4443303756935786E-5;65;5.296049147336088E-4;263x161603-NZ-VJLQ01000110_1315_aligned_1846_F_103_1280_29;0.9503649635036496;;0.9525547445255474;;
54;11;Francisella tularensis subsp. novicida FSC159;strain;1088879;2;952;26;26;5;5.2;14;5;7551;3775.5;5.162725124600385E-4;25.993547618635528;1.0002482301169173;50361;264;0.853550116021633;0.06703587963643186;0.8554137098744352;0.06604830737614868;5.718391382198319;3.971327018923373E-5;5.162725124600385E-4;0.14993745159945196;9.928317547308434E-5;0.018903516610075256;2;3.971327018923373E-5;26;5.162725124600385E-4;7551;0.14993745159945196;5;9.928317547308434E-5;952;0.018903516610075256;119857x32459-NZ-MRKQ01000014_1904_aligned_66155_F_66_5123_6;0.853550116021633;0.06703587963643186;0.8554137098744352;0.06604830737614868;
55;11;Francisella tularensis subsp. novicida FSC595;strain;1088885;1;281;26;26;4;6.5;23;4;3853;3853.0;1.9462534620854854E-4;25.997567328800557;1.0000935730319946;133590;264;0.9264975150405441;;0.9264975150405441;;11.0;7.485590238790329E-6;1.9462534620854854E-4;0.028841979190059135;2.9942360955161315E-5;0.0021034508571000825;1;7.485590238790329E-6;26;1.9462534620854854E-4;3853;0.028841979190059135;4;2.9942360955161315E-5;281;0.0021034508571000825;263x137130-NZ-JPPE01000050_6680_aligned_128_R_98_3886_2;0.9264975150405441;;0.9264975150405441;;
56;11;Francisella tularensis subsp. novicida D9876;strain;1450527;1;425;23;23;1;23.0;23;1;4676;4676.0;0.04275092936802974;22.535801939237295;1.0205982490445342;538;264;0.9078777442961687;;0.9085234610417563;;;0.0018587360594795538;0.04275092936802974;8.691449814126393;0.0018587360594795538;0.7899628252788105;1;0.0018587360594795538;23;0.04275092936802974;4676;8.691449814126393;1;0.0018587360594795538;425;0.7899628252788105;263x157995-NZ-VJDD01000022_22924_aligned_6193_R_71_4689_2;0.9078777442961687;;0.9085234610417563;;
57;10;Francisella tularensis subsp. tularensis;subspecies;119856;1;595;9;9;3;3.0;4;3;4244;4244.0;5.086757474707512E-4;8.99796556532105;1.0002260994070473;17693;263;0.8588039867109635;;0.8588039867109635;;1.0;5.651952749675013E-5;5.086757474707512E-4;0.23986887469620755;1.695585824902504E-4;0.033629118860566326;1;5.651952749675013E-5;15;0.003884757699116821;4244;0.23986887469620755;6;0.001731855769928339;595;0.033629118860566326;119857x101900-NZ-PKAC01000013_26761_aligned_523_R_76_4308_1;0.8588039867109635;;0.8588039867109635;;
58;11;Francisella tularensis subsp. tularensis WY-00W4114;strain;1133671;0;0;1;1;1;1.0;1;1;0;;3.5310734463276836E-4;1.0000000000000497;0.9999999999999503;2832;119856;;;;;;0.0;3.5310734463276836E-4;0.0;3.5310734463276836E-4;0.0;0;0.0;1;3.5310734463276836E-4;0;0.0;1;3.5310734463276836E-4;0;0.0;263x100015-NZ-VFSB01000079_4849_aligned_808_F_43_3522_34;;;;;
59;11;Francisella tularensis subsp. tularensis 80700069;strain;1292391;0;0;5;5;3;1.6666666666666667;3;2;0;;0.003022974607013301;4.993957705031058;1.0012099211338643;1654;119856;;;;;1.1547005383792515;0.0;0.003022974607013301;0.0;0.0012091898428053204;0.0;0;0.0;5;0.003022974607013301;0;0.0;2;0.0012091898428053204;0;0.0;263x26278-NZ-VJAS01000064_7577_aligned_20201_F_165_4303_6;;;;;
60;10;Francisella tularensis subsp. holarctica;subspecies;119857;79;29300;1330;1330;297;4.478114478114478;31;151;304760;3857.721518987342;2.2864286534551203E-4;1329.8480781633452;1.0001142399941387;5816932;263;0.9025960767881375;0.02782500130779095;0.9029238452055657;0.027801889034872494;5.610712408428517;1.3581042377665753E-5;2.2864286534551203E-4;0.05239187943060018;2.595870125351302E-5;0.0050370195147545135;82;0.0010011254300218448;1354;0.008556547918477406;318258;4.08409517379971;156;0.001529349363334324;30782;0.46637584998831433;263x4306-NZ-JPPK01000069_1073_aligned_24506_F_71_2044_3;0.9020681671429346;0.027468576280587468;0.9023958027904541;0.027446349773365446;
61;11;Francisella tularensis subsp. holarctica OSU18;strain;393011;2;926;17;17;3;5.666666666666667;12;3;8036;4018.0;0.008018867924528302;16.936000106518986;1.003778926138314;2120;119857;0.8836121172252056;3.230508189449325E-4;0.883914232028831;1.0420403438060885E-4;5.686240703077327;9.433962264150943E-4;0.008018867924528302;3.790566037735849;0.0014150943396226414;0.4367924528301887;2;9.433962264150943E-4;17;0.008018867924528302;8036;3.790566037735849;3;0.0014150943396226414;926;0.4367924528301887;263x100608-NZ-VJBK01000036_19216_aligned_2423_F_38_4691_32;0.8836121172252056;3.230508189449325E-4;0.883914232028831;1.0420403438060885E-4;
62;11;Francisella tularensis subsp. holarctica PHIT-FT049;strain;1432652;1;556;7;7;2;3.5;6;2;5462;5462.0;3.0903712860359366E-4;6.999072956832873;1.000132452279444;22651;119857;0.8972754050073638;;0.8976435935198822;;3.5355339059327378;4.414816122908481E-5;3.0903712860359366E-4;0.24113725663326122;8.829632245816962E-5;0.024546377643371153;1;4.414816122908481E-5;7;3.0903712860359366E-4;5462;0.24113725663326122;2;8.829632245816962E-5;556;0.024546377643371153;119857x43430-NZ-JAFCRP010000060_9382_aligned_5173_R_113_5116_260;0.8972754050073638;;0.8976435935198822;;
63;10;Francisella tularensis 99A-2628;strain;1367846;0;0;5;5;2;2.5;3;2;0;;0.0019904458598726115;4.996020692714282;1.0007964953570991;2512;263;;;;;0.7071067811865476;0.0;0.0019904458598726115;0.0;7.961783439490446E-4;0.0;0;0.0;5;0.0019904458598726115;0;0.0;2;7.961783439490446E-4;0;0.0;263x157995-NZ-VJDD01000022_22924_aligned_6193_R_71_4689_2;;;;;
64;9;Francisella persica;species;954;0;0;0;0;0;;0;0;0;;;0.0;;0;262;;;;;;;;;;;0;0.0;14;1.2512389499960229E-5;0;0.0;3;2.681226321420049E-6;0;0.0;;;;;;
65;10;Francisella persica ATCC VR-331;strain;1086726;0;0;14;14;3;4.666666666666667;11;3;0;;1.2512389499960229E-5;13.99991866908562;1.000005809384776;1118891;954;;;;;5.507570547286102;0.0;1.2512389499960229E-5;0.0;2.681226321420049E-6;0.0;0;0.0;14;1.2512389499960229E-5;0;0.0;3;2.681226321420049E-6;0;0.0;263x125064-NZ-VJHZ01000045_6184_aligned_20934_F_51_3514_22;;;;;
66;9;Francisella philomiragia;species;28110;4;1221;722;722;63;11.46031746031746;42;12;14379;3594.75;1.1252270129913849E-4;721.9594372310714;1.0000561842768954;6416483;262;0.9058351518957457;0.03680332564539818;0.9066117043148719;0.03755278812590456;10.175596038380412;6.233944670312381E-7;1.1252270129913849E-4;0.002240947260360543;1.8701834010937144E-6;1.9029116106128544E-4;4;6.233944670312381E-7;722;1.1252270129913849E-4;14379;0.002240947260360543;12;1.8701834010937144E-6;1221;1.9029116106128544E-4;28110x118015-NZ-JBGFDE010000056_12088_aligned_30250_R_164_5946_5;0.9058351518957457;0.03680332564539818;0.9066117043148719;0.03755278812590456;
67;9;Francisella orientalis;species;299583;4;733;345;345;36;9.583333333333334;30;9;10063;2515.75;4.7763690181169756E-4;344.917859443326;1.0002381452697364;722306;262;0.9284729802897405;0.02947344090295033;0.9315612342971714;0.029530416269583665;8.378117756564247;5.537819151439971E-6;4.7763690181169756E-4;0.013931768530235108;1.2460093090739936E-5;0.0010148053595013748;4;5.537819151439971E-6;345;4.7763690181169756E-4;10063;0.013931768530235108;9;1.2460093090739936E-5;733;0.0010148053595013748;299583x200509-NZ-JBPDXW010000007_20570_aligned_9779_F_132_2530_77;0.9284729802897405;0.02947344090295033;0.9315612342971714;0.029530416269583665;
68;9;Francisella salina;species;573569;0;0;1;1;1;1.0;1;1;0;;3.6121686738283932E-6;1.0000000000028935;0.9999999999971065;276842;262;;;;;;0.0;3.6121686738283932E-6;0.0;3.6121686738283932E-6;0.0;0;0.0;1;3.6121686738283932E-6;0;0.0;1;3.6121686738283932E-6;0;0.0;263x138963-NZ-JADPMH010000237_1411_aligned_1698_R_69_1781_56;;;;;
69;9;Francisella uliginis;species;573570;0;0;12;12;3;4.0;9;3;0;;6.425864533136845E-6;11.999964656650107;1.0000029452878325;1867453;262;;;;;4.358898943540674;0.0;6.425864533136845E-6;0.0;1.6064661332842112E-6;0.0;0;0.0;12;6.425864533136845E-6;0;0.0;3;1.6064661332842112E-6;0;0.0;119857x3564-NZ-JAACKF010000017_11783_aligned_6964_F_94_6167_64;;;;;
70;9;Francisella hispaniensis;species;622488;0;0;122;122;25;4.88;31;21;0;;5.946143536005849E-5;121.99640265135028;1.0000294873338191;2051750;262;;;;;7.849203781276161;0.0;5.946143536005849E-5;0.0;1.0235165102960887E-5;0.0;0;0.0;134;9.219296318594859E-5;0;0.0;24;1.841804705943341E-5;0;0.0;263x113497-NZ-JACTQO010000039_11783_aligned_21289_F_44_3492_179;;;;;
71;10;Francisella hispaniensis FSC454;strain;1088883;0;0;12;12;3;4.0;9;3;0;;3.2731527825890094E-5;11.99981997806132;1.0000150020532816;366619;622488;;;;;4.358898943540674;0.0;3.2731527825890094E-5;0.0;8.182881956472523E-6;0.0;0;0.0;12;3.2731527825890094E-5;0;0.0;3;8.182881956472523E-6;0;0.0;1210520x47444-NZ-AMPW01000016_29453_aligned_15409_F_138_4514_97;;;;;
72;9;Candidatus Francisella endociliophora;species;653937;0;0;5;5;1;5.0;5;1;0;;2.66476509029823E-6;4.999994670377621;1.000001065925612;1876338;262;;;;;;0.0;2.66476509029823E-6;0.0;5.32953018059646E-7;0.0;0;0.0;5;2.66476509029823E-6;0;0.0;1;5.32953018059646E-7;0;0.0;119857x89849-NZ-MRKC01000062_29144_aligned_1940_F_118_5581_1;;;;;
73;9;Francisella noatunensis;species;657445;7;2425;836;830;64;13.0625;68;10;22465;3209.285714285714;0.001504615362304128;835.3676007738213;0.993574564336887;551636;262;0.899524846803031;0.029941895851636757;0.9002669944016013;0.030090069363999678;13.13770171488173;1.2689527151962525E-5;0.0015154920998629532;0.04072431820983402;1.8127895931375036E-5;0.004396014763358447;7;1.2689527151962525E-5;836;0.0015154920998629532;22465;0.04072431820983402;10;1.8127895931375036E-5;2425;0.004396014763358447;657445x102728-NZ-JACVKN010000033_2200_aligned_2288_F_13_5220_56;0.899524846803031;0.029941895851636757;0.9002669944016013;0.030090069363999678;
74;9;Francisella adeliensis;species;2007306;1;93;38;38;6;6.333333333333333;11;1;2641;2641.0;3.0189278833740492E-5;37.99944150272166;1.0000146975128121;1258725;262;0.9643814630409805;;0.9643814630409805;;4.546060565661952;7.944547061510656E-7;3.0189278833740492E-5;0.002098154878944964;7.944547061510656E-7;7.388428767204909E-5;1;7.944547061510656E-7;38;3.0189278833740492E-5;2641;0.002098154878944964;1;7.944547061510656E-7;93;7.388428767204909E-5;2007306x155601-NZ-JACVLS010000005_9708_aligned_10366_R_119_2482_6;0.9643814630409805;;0.9643814630409805;;
75;9;Francisella salimarina;species;2599927;5;286;148;148;15;9.866666666666667;31;7;2902;580.4;2.356245164125212E-4;147.98268294217158;1.000117020839764;628118;262;0.8939914113737071;0.07177699348912116;0.8939914113737071;0.07177699348912116;8.4588640462169;7.96028771663923E-6;2.356245164125212E-4;0.00462015099073741;1.1144402803294922E-5;4.5532845739176396E-4;5;7.96028771663923E-6;148;2.356245164125212E-4;2902;0.00462015099073741;7;1.1144402803294922E-5;286;4.5532845739176396E-4;2599927x232579-NZ-OZ220197_124800_aligned_5485_F_48_483_26;0.8939914113737071;0.07177699348912116;0.8939914113737071;0.07177699348912116;
76;9;unclassified Francisella;no rank;2610885;0;0;66;66;6;11.0;36;1;0;;2.9043773367035847E-5;65.99905609056596;1.000014301862632;2272432;262;;;;;12.537942414925983;0.0;2.9043773367035847E-5;0.0;4.4005717222781586E-7;0.0;1;4.7639146801936436E-7;412;2.735873491100033E-4;2736;0.001303407056500981;14;2.517676512438705E-5;381;1.8150514931537782E-4;3087177x41194-NZ-JBGCTX010000044_2258_aligned_20_F_28_2719_75;0.8592017738359202;;0.8592017738359202;;
77;10;Francisella sp. TX07-6608;species;573568;0;0;32;32;6;5.333333333333333;20;6;0;;8.04478936478846E-5;31.9987530890442;1.0000389674857746;397773;2610885;;;;;7.5542482529148245;0.0;8.04478936478846E-5;0.0;1.5083980058978362E-5;0.0;0;0.0;32;8.04478936478846E-5;0;0.0;6;1.5083980058978362E-5;0;0.0;119857x98311-NZ-PKBW01000006_18533_aligned_1568_F_192_8069_184;;;;;
78;10;Francisella sp. LA112445;species;1395624;0;0;1;1;1;1.0;1;1;0;;5.80212659543976E-7;1.0000000000696907;0.9999999999303093;1723506;2610885;;;;;;0.0;5.80212659543976E-7;0.0;5.80212659543976E-7;0.0;0;0.0;1;5.80212659543976E-7;0;0.0;1;5.80212659543976E-7;0;0.0;263x56018-NZ-VJGV01000083_1287_aligned_407_R_44_2006_26;;;;;
79;10;Francisella sp. Scap27;species;2589986;0;0;2;2;2;1.0;1;2;0;;1.7064336815880073E-6;1.9999991469116258;1.000000426544369;1172035;2610885;;;;;0.0;0.0;1.7064336815880073E-6;0.0;1.7064336815880073E-6;0.0;0;0.0;2;1.7064336815880073E-6;0;0.0;2;1.7064336815880073E-6;0;0.0;119857x3564-NZ-JAACKF010000017_11783_aligned_6964_F_94_6167_64;;;;;
80;10;Francisella sp. SYW-2;species;2610886;0;0;5;5;2;2.5;3;2;0;;1.6033246540025398E-5;4.999967933571173;1.0000064133268958;311852;2610885;;;;;0.7071067811865476;0.0;1.6033246540025398E-5;0.0;6.413298616010159E-6;0.0;0;0.0;5;1.6033246540025398E-5;0;0.0;2;6.413298616010159E-6;0;0.0;119857x100855-NZ-PKAI01000088_2027_aligned_21039_R_41_2055_35;;;;;
81;10;Francisella sp. 19X1-34;species;3087177;1;381;306;306;22;13.909090909090908;58;2;2736;2736.0;1.457757892139255E-4;305.97777028606174;1.0000726514018239;2099114;2610885;0.8592017738359202;;0.8592017738359202;;13.588892841508784;4.7639146801936436E-7;1.457757892139255E-4;0.001303407056500981;9.527829360387287E-7;1.8150514931537782E-4;1;4.7639146801936436E-7;306;1.457757892139255E-4;2736;0.001303407056500981;2;9.527829360387287E-7;381;1.8150514931537782E-4;3087177x41194-NZ-JBGCTX010000044_2258_aligned_20_F_28_2719_75;0.8592017738359202;;0.8592017738359202;;
82;5;Alphaproteobacteria;class;28211;4;64;380;302;98;3.877551020408163;27;85;1571;392.75;0.003222158205834027;379.23272847227213;0.7963447701800372;93726;1224;0.9408249233996577;0.06540143192261619;0.9408249233996577;0.06540143192261619;4.668970407093895;4.267759213025201E-5;0.004054371252373941;0.016761624309156477;9.068988327678553E-4;6.828414740840321E-4;47941;0.2176519657153616;1481728;3.9543054928099353;22931238;109.46069631535221;64047;0.3050814947488485;1928437;10.71430986668108;1462938x212560-NZ-CP113531_1647552_aligned_81721_R_67_133_2;0.9048197476133556;0.07245811467184296;0.9048829033193411;0.07242231704091388;
83;6;Hyphomicrobiales;order;356;0;0;36;36;7;5.142857142857143;17;5;0;;3.7559861028514197E-4;35.99342780153532;1.0001825944030927;95847;28211;;;;;5.520524474738834;0.0;3.7559861028514197E-4;0.0;5.216647365071416E-5;0.0;314;0.002574332016364501;27609;0.064625517555868;343893;2.8580069908984114;597;0.003860471188668891;32333;0.2952196085752149;1461000x80968-NZ-JBNPXP010000022_4123_aligned_73197_F_42_2746_33;0.8987214792382902;0.06436145376064419;0.8989851697787066;0.0643083509657601;
84;7;Bartonellaceae;family;772;0;0;0;0;0;;0;0;0;;0.0;0.0;;190;356;;;;;;0.0;0.0;0.0;0.0;0.0;314;0.002574332016364501;27573;0.06424991894558285;343893;2.8580069908984114;592;0.003808304715018177;32333;0.2952196085752149;;0.8987214792382902;0.06436145376064419;0.8989851697787066;0.0643083509657601;
85;8;Bartonella;genus;773;30;1336;11682;11643;951;12.28391167192429;134;118;16980;566.0;3.002515118951742E-4;11680.24066012478;0.9968116530122606;38777490;772;0.9231821730133144;0.07253045392610726;0.9232098355306035;0.07251851803351325;13.211691148316543;7.736447098561562E-7;3.0125725001798725E-4;4.378829057785844E-4;3.0430025254342146E-6;3.445297774559416E-5;314;0.002574332016364501;27573;0.06424991894558285;343893;2.8580069908984114;592;0.003808304715018177;32333;0.2952196085752149;3243571x110020-NZ-JBHIMA010000023_1469_aligned_1936_R_63_1725_2;0.8987214792382902;0.06436145376064419;0.8989851697787066;0.0643083509657601;
86;9;Bartonella bacilliformis;species;774;1;321;299;299;20;14.95;49;1;3788;3788.0;1.1007073609344601E-4;298.98360007674023;1.000054852250276;2716435;773;0.9145822245875466;;0.9145822245875466;;13.280278215221404;3.681295521519933E-7;1.1007073609344601E-4;0.0013944747435517507;3.681295521519933E-7;1.1816958624078985E-4;1;3.681295521519933E-7;299;1.1007073609344601E-4;3788;0.0013944747435517507;1;3.681295521519933E-7;321;1.1816958624078985E-4;774x75249-NZ-JBLKRA010000009_22384_aligned_13494_R_130_3731_0;0.9145822245875466;;0.9145822245875466;;
87;9;Bartonella quintana;species;803;9;341;255;255;14;18.214285714285715;95;9;2505;278.3333333333333;1.6680774458921466E-4;254.97881657670797;1.0000830791497757;1528706;773;0.8444111141289801;0.12555207744839755;0.8457737975671352;0.12573016542721197;25.03590827784571;5.8873321619722825E-6;1.6680774458921466E-4;0.0016386407850822852;5.8873321619722825E-6;2.230644741369498E-4;9;5.8873321619722825E-6;255;1.6680774458921466E-4;2505;0.0016386407850822852;9;5.8873321619722825E-6;341;2.230644741369498E-4;1134502x179917-NZ-KL446937_719347_aligned_108697_R_65_192_2;0.8444111141289801;0.12555207744839755;0.8457737975671352;0.12573016542721197;
88;9;Bartonella elizabethae;species;807;1;459;201;201;19;10.578947368421053;31;2;4494;4494.0;3.3221712785896804E-4;200.96678192953712;1.0001652913488683;605026;773;0.8969534050179212;;0.8971774193548387;;8.362055764474853;1.652821531636657E-6;3.3221712785896804E-4;0.007427779963175137;3.305643063273314E-6;7.586450830212255E-4;1;1.652821531636657E-6;201;3.3221712785896804E-4;4494;0.007427779963175137;2;3.305643063273314E-6;459;7.586450830212255E-4;1094555x156191-NZ-CADEAC010000006_8702_aligned_68693_F_127_4489_1;0.8969534050179212;;0.8971774193548387;;
89;9;Bartonella doshiae;species;33044;1;628;547;547;38;14.394736842105264;60;1;7294;7294.0;2.8221872415467236E-4;546.922961474513;1.0001408580932116;1938213;773;0.9131332599118943;;0.913546255506608;;12.402134676073747;5.159391666447392E-7;2.8221872415467236E-4;0.003763260281506728;5.159391666447392E-7;3.2400979665289626E-4;1;5.159391666447392E-7;547;2.8221872415467236E-4;7294;0.003763260281506728;1;5.159391666447392E-7;628;3.2400979665289626E-4;33044x103614-NZ-CACVBE010000009_10083_aligned_5036_R_252_7213_6;0.9131332599118943;;0.913546255506608;;
90;9;Bartonella grahamii;species;33045;0;0;6;6;1;6.0;6;1;0;;1.0283728057095258E-5;5.999974290737523;1.0000042848954398;583446;773;;;;;;0.0;1.0283728057095258E-5;0.0;1.713954676182543E-6;0.0;0;0.0;26;2.9058328650935878E-5;0;0.0;6;6.407604824642697E-6;0;0.0;3243429x191933-NZ-JBHIRQ010000056_1131_aligned_1008_R_219_1108_9;;;;;
91;10;Bartonella grahamii subsp. shimonis;subspecies;3004106;0;0;20;20;5;4.0;7;5;0;;1.8774600593840618E-5;19.999821642658286;1.0000089179466147;1065269;33045;;;;;2.8284271247461903;0.0;1.8774600593840618E-5;0.0;4.6936501484601545E-6;0.0;0;0.0;20;1.8774600593840618E-5;0;0.0;5;4.6936501484601545E-6;0;0.0;3243558x14794-NZ-JBHIMN010000011_25421_aligned_5244_R_74_5240_3;;;;;
92;9;Bartonella taylorii;species;33046;0;0;248;248;20;12.4;37;1;0;;1.237394665531723E-4;247.98471877617496;1.0000616216349962;2004211;773;;;;;9.632182897371761;0.0;1.237394665531723E-4;0.0;4.989494619079528E-7;0.0;1;1.1983424527193985E-6;268;1.4770631560756027E-4;5441;0.0065201812852462475;3;2.8956343673467496E-6;639;7.657408272876957E-4;33046x210311-NZ-MUYW01000019_2234_aligned_4366_R_67_5415_4;0.8811679911291813;;0.8819072260210682;;
93;10;Bartonella taylorii 8TBB;strain;1094560;1;639;20;20;2;10.0;17;2;5441;5441.0;2.396684905438797E-5;19.99977231643757;1.0000113843077225;834486;33046;0.8811679911291813;;0.8819072260210682;;9.899494936611665;1.1983424527193985E-6;2.396684905438797E-5;0.0065201812852462475;2.396684905438797E-6;7.657408272876957E-4;1;1.1983424527193985E-6;20;2.396684905438797E-5;5441;0.0065201812852462475;2;2.396684905438797E-6;639;7.657408272876957E-4;33046x210311-NZ-MUYW01000019_2234_aligned_4366_R_67_5415_4;0.8811679911291813;;0.8819072260210682;;
94;9;Bartonella vinsonii;species;33047;0;0;17;17;2;8.5;16;2;0;;1.2960349715977747E-5;16.999896316371647;1.0000060990741604;1311693;773;;;;;10.606601717798213;0.0;1.2960349715977747E-5;0.0;1.5247470254091468E-6;0.0;0;0.0;17;1.2960349715977747E-5;0;0.0;2;1.5247470254091468E-6;0;0.0;38323x197861-NZ-JAUDYQ010000006_3364_aligned_29095_R_301_8081_226;;;;;
95;9;Bartonella henselae;species;38323;7;2001;705;705;74;9.527027027027026;47;8;24443;3491.8571428571427;5.116191985648537E-4;704.8199406475632;1.0002554685843188;1377978;773;0.907442003776121;0.02680383492034996;0.908489995660592;0.027542920652262475;10.21176191708925;5.0799069361049305E-6;5.116191985648537E-4;0.017738309319887544;5.805607926977064E-6;0.001452127682735138;7;5.0799069361049305E-6;705;5.116191985648537E-4;24443;0.017738309319887544;8;5.805607926977064E-6;2001;0.001452127682735138;38323x195473-NZ-JAUDYZ010000023_604_aligned_7149_F_210_5960_2;0.907442003776121;0.02680383492034996;0.908489995660592;0.027542920652262475;
96;9;Bartonella alsatica;species;52764;1;231;60;60;7;8.571428571428571;27;1;2560;2560.0;5.331347702500136E-5;59.99842728101381;1.0000262126701893;1125419;773;0.9051383399209486;;0.908695652173913;;9.761440174775148;8.885579504166893E-7;5.331347702500136E-5;0.0022747083530667246;8.885579504166893E-7;2.052568865462552E-4;1;8.885579504166893E-7;60;5.331347702500136E-5;2560;0.0022747083530667246;1;8.885579504166893E-7;231;2.052568865462552E-4;52764x197492-NZ-CACVBB010000009_5117_aligned_1172_R_36_2503_35;0.9051383399209486;;0.908695652173913;;
97;9;Bartonella tribocorum;species;85701;1;131;32;32;3;10.666666666666666;27;2;1867;1867.0;9.179222600163964E-6;31.999857727195778;1.0000044460448991;3486134;773;0.924877517691889;;0.9286880783886772;;14.224392195567912;2.8685070625512386E-7;9.179222600163964E-6;5.355502685783163E-4;5.737014125102477E-7;3.757744251942123E-5;1;2.8685070625512386E-7;32;9.179222600163964E-6;1867;5.355502685783163E-4;2;5.737014125102477E-7;131;3.757744251942123E-5;85701x218665-NZ-CADDYK010000045_1332_aligned_76959_F_84_1728_73;0.924877517691889;;0.9286880783886772;;
98;9;Bartonella koehlerae;species;92181;0;0;0;0;0;;0;0;0;;;0.0;;0;773;;;;;;;;;;;0;0.0;1;7.957950191189753E-7;0;0.0;1;7.957950191189753E-7;0;0.0;;;;;;
99;10;Bartonella koehlerae subsp. koehlerae;subspecies;1819240;0;0;0;0;0;;0;0;0;;;0.0;;0;92181;;;;;;;;;;;0;0.0;1;7.957950191189753E-7;0;0.0;1;7.957950191189753E-7;0;0.0;;;;;;
100;11;Bartonella koehlerae C-29;strain;1134510;0;0;1;1;1;1.0;1;1;0;;7.957950191189753E-7;0.9999999999811621;1.000000000018838;1256605;1819240;;;;;;0.0;7.957950191189753E-7;0.0;7.957950191189753E-7;0.0;0;0.0;1;7.957950191189753E-7;0;0.0;1;7.957950191189753E-7;0;0.0;1134502x179917-NZ-KL446937_721816_aligned_77885_R_61_173_5;;;;;
101;9;environmental samples;no rank;104107;0;0;0;0;0;;0;0;0;;;0.0;;0;773;;;;;;;;;;;5;5.204635873265034E-7;111;1.1554291638648377E-5;765;7.963092886095502E-5;7;7.286490222571048E-7;107;1.1137920768787174E-5;;0.8299468527248297;0.10835388274982473;0.8299468527248297;0.10835388274982473;
102;10;uncultured Bartonella sp.;species;104108;5;107;111;111;8;13.875;33;7;765;153.0;1.1554291638648377E-5;110.99936449556428;1.0000057252979655;9606820;104107;0.8299468527248297;0.10835388274982473;0.8299468527248297;0.10835388274982473;11.407234546549834;5.204635873265034E-7;1.1554291638648377E-5;7.963092886095502E-5;7.286490222571048E-7;1.1137920768787174E-5;5;5.204635873265034E-7;111;1.1554291638648377E-5;765;7.963092886095502E-5;7;7.286490222571048E-7;107;1.1137920768787174E-5;104108x129000-NZ-CAMKWN010000010_34008_aligned_118941_R_20_113_57;0.8299468527248297;0.10835388274982473;0.8299468527248297;0.10835388274982473;
103;9;Bartonella birtlesii;species;111504;0;0;0;0;0;;0;0;0;;0.0;0.0;;1223895;773;;;;;;0.0;0.0;0.0;0.0;0.0;1;1.0067451927917044E-4;23;0.002228626062132209;1351;0.13601127554615927;2;1.1446115726963009E-4;127;0.012785663948454646;;0.8978046934140802;;0.9038607115821348;;
104;10;Bartonella birtlesii LL-WM9;strain;1094552;0;0;1;1;1;1.0;1;1;0;;1.3786637990459646E-5;0.9999999999995814;1.0000000000004186;72534;111504;;;;;;0.0;1.3786637990459646E-5;0.0;1.3786637990459646E-5;0.0;0;0.0;1;1.3786637990459646E-5;0;0.0;1;1.3786637990459646E-5;0;0.0;1094555x156191-NZ-CADEAC010000006_8702_aligned_68693_F_127_4489_1;;;;;
105;10;Bartonella birtlesii E11;strain;1201035;1;127;22;22;1;22.0;22;1;1351;1351.0;0.0022148394241417496;21.976759787043697;1.0010574904208582;9933;111504;0.8978046934140802;;0.9038607115821348;;;1.0067451927917044E-4;0.0022148394241417496;0.13601127554615927;1.0067451927917044E-4;0.012785663948454646;1;1.0067451927917044E-4;22;0.0022148394241417496;1351;0.13601127554615927;1;1.0067451927917044E-4;127;0.012785663948454646;3243509x215130-NZ-JBHION010000027_2846_aligned_80538_F_110_1239_21;0.8978046934140802;;0.9038607115821348;;
106;9;Bartonella bovis;species;155194;1;258;233;233;14;16.642857142857142;58;1;2322;2322.0;1.4675187092889525E-4;232.98297762352047;1.0000730627475585;1587714;773;0.8843804537521816;;0.887434554973822;;15.59885174697727;6.298363559180054E-7;1.4675187092889525E-4;0.0014624800184416084;6.298363559180054E-7;1.6249777982684538E-4;1;6.298363559180054E-7;233;1.4675187092889525E-4;2322;0.0014624800184416084;1;6.298363559180054E-7;258;1.6249777982684538E-4;155194x126287-NZ-MWVG01000012_10915_aligned_24911_F_313_2010_16;0.8843804537521816;;0.887434554973822;;
107;9;Candidatus Bartonella washoeensis;species;186739;0;0;2;2;2;1.0;1;2;0;;1.4687652384393487E-6;1.9999992657206036;1.000000367139833;1361688;773;;;;;0.0;0.0;1.4687652384393487E-6;0.0;1.4687652384393487E-6;0.0;0;0.0;2;1.4687652384393487E-6;0;0.0;2;1.4687652384393487E-6;0;0.0;3243490x158394-NZ-JBHIPG010000010_18519_aligned_29890_R_64_4731_5;;;;;
108;9;Bartonella phoceensis;species;270249;0;0;3;3;1;3.0;3;1;0;;2.1681156906532534E-6;2.9999978319477982;1.0000007226845895;1383690;773;;;;;;0.0;2.1681156906532534E-6;0.0;7.227052302177511E-7;0.0;0;0.0;3;2.1681156906532534E-6;0;0.0;1;7.227052302177511E-7;0;0.0;3243461x177188-NZ-JBHIQJ010000009_4876_aligned_23426_R_167_4428_11;;;;;
109;9;Bartonella silvatica;species;357760;1;210;217;217;15;14.466666666666667;52;3;2222;2222.0;1.354095295860462E-4;216.98537643414167;1.0000673942460947;1602546;773;0.9041970802919708;;0.9041970802919708;;12.408906171816772;6.24007048783623E-7;1.354095295860462E-4;0.0013865436623972105;1.872021146350869E-6;1.3104148024456084E-4;1;6.24007048783623E-7;217;1.354095295860462E-4;2222;0.0013865436623972105;3;1.872021146350869E-6;210;1.3104148024456084E-4;357760x107238-NZ-JBEPLI010000010_7876_aligned_26947_R_51_2126_38;0.9041970802919708;;0.9041970802919708;;
110;9;Bartonella rattaustraliani;species;481139;0;0;0;0;0;;0;0;0;;;0.0;;0;773;;;;;;;;;;;0;0.0;3;1.6996733794322525E-6;0;0.0;3;1.6996733794322525E-6;0;0.0;;;;;;
111;10;Bartonella rattaustraliani AUST/NH4;strain;1205681;0;0;3;3;3;1.0;1;3;0;;1.6996733794322525E-6;2.9999983001455774;1.000000566618462;1765045;481139;;;;;0.0;0.0;1.6996733794322525E-6;0.0;1.6996733794322525E-6;0.0;0;0.0;3;1.6996733794322525E-6;0;0.0;3;1.6996733794322525E-6;0;0.0;33045x14936-NZ-CACVBG010000045_2250_aligned_1112_F_209_2325_4;;;;;
112;9;Bartonella jaculi;species;686226;1;327;327;327;22;14.863636363636363;59;1;4443;4443.0;2.2745294436793122E-4;326.96292798393296;1.000113382933948;1437660;773;0.9259007477906186;;0.9259007477906186;;15.938260210202948;6.9557475341875E-7;2.2745294436793122E-4;0.0030904386294395058;6.9557475341875E-7;2.2745294436793122E-4;1;6.9557475341875E-7;327;2.2745294436793122E-4;4443;0.0030904386294395058;1;6.9557475341875E-7;327;2.2745294436793122E-4;686226x189486-NZ-BAABIZ010000018_6759_aligned_621_F_115_4396_24;0.9259007477906186;;0.9259007477906186;;
113;9;Bartonella acomydis;species;686234;14;232;201;201;23;8.73913043478261;32;16;3714;265.2857142857143;1.4374104300217112E-4;200.98562659302166;1.000071514601427;1398348;773;0.9281866592308324;0.055993218496282325;0.9281866592308324;0.055993218496282325;7.628996069448981;1.0011813940449731E-5;1.4374104300217112E-4;0.0026559912124878788;1.1442073074799692E-5;1.6591005958459555E-4;14;1.0011813940449731E-5;201;1.4374104300217112E-4;3714;0.0026559912124878788;16;1.1442073074799692E-5;232;1.6591005958459555E-4;686234x180680-NZ-BAABIY010000012_114255_aligned_120595_F_283_70_8;0.9281866592308324;0.055993218496282325;0.9281866592308324;0.055993218496282325;
114;9;Bartonella florencae;species;928210;0;0;1;1;1;1.0;1;1;0;;7.243673556607498E-7;0.9999999999898523;1.0000000000101477;1380515;773;;;;;;0.0;7.243673556607498E-7;0.0;7.243673556607498E-7;0.0;0;0.0;1;7.243673556607498E-7;0;0.0;1;7.243673556607498E-7;0;0.0;3243461x177188-NZ-JBHIQJ010000009_4876_aligned_23426_R_167_4428_11;;;;;
115;9;Bartonella raoultii;species;1457020;0;0;10;10;1;10.0;10;1;0;;3.1192401281508612E-6;9.999985964131653;1.0000014035888047;3205909;773;;;;;;0.0;3.1192401281508612E-6;0.0;3.1192401281508615E-7;0.0;0;0.0;10;3.1192401281508612E-6;0;0.0;1;3.1192401281508615E-7;0;0.0;3243535x105676-NZ-JBHINN010000017_14691_aligned_21110_R_77_1513_4;;;;;
116;9;Bartonella fuyuanensis;species;1460968;0;0;20;20;2;10.0;19;2;0;;1.4330219854233004E-5;19.999863864833458;1.0000068068046595;1395652;773;;;;;12.727922061357855;0.0;1.4330219854233004E-5;0.0;1.4330219854233004E-6;0.0;0;0.0;20;1.4330219854233004E-5;0;0.0;2;1.4330219854233004E-6;0;0.0;3243526x54567-NZ-JBHINW010000007_109434_aligned_347_R_45_5440_84;;;;;
117;9;Bartonella heixiaziensis;species;1461000;1;252;8;8;1;8.0;8;1;2764;2764.0;4.727037234872299E-6;7.999983454857371;1.0000020681471058;1692392;773;0.9078273591806877;;0.9078273591806877;;;5.908796543590374E-7;4.727037234872299E-6;0.0016331913646483794;5.908796543590374E-7;1.4890167289847742E-4;1;5.908796543590374E-7;8;4.727037234872299E-6;2764;0.0016331913646483794;1;5.908796543590374E-7;252;1.4890167289847742E-4;1461000x80968-NZ-JBNPXP010000022_4123_aligned_73197_F_42_2746_33;0.9078273591806877;;0.9078273591806877;;
118;9;Bartonella senegalensis;species;1468418;0;0;0;0;0;;0;0;0;;;0.0;;0;773;;;;;;;;;;;0;0.0;4;2.6776539734711435E-6;0;0.0;1;6.694134933677859E-7;0;0.0;;;;;;
119;10;Bartonella senegalensis OS02;strain;929794;0;0;4;4;1;4.0;4;1;0;;2.6776539734711435E-6;3.99999598372336;1.0000010040701681;1493845;1468418;;;;;;0.0;2.6776539734711435E-6;0.0;6.694134933677859E-7;0.0;0;0.0;4;2.6776539734711435E-6;0;0.0;1;6.694134933677859E-7;0;0.0;3243487x125040-NZ-JBHIPJ010000060_1803_aligned_4410_F_41_1601_30;;;;;
120;9;Bartonella apis;species;1686310;4;1570;497;497;32;15.53125;51;4;16057;4014.25;9.376150205548983E-5;496.97674777010343;1.0000467873597727;5300683;773;0.9016918843041112;0.009059050894908936;0.901774040071446;0.009035283361592919;11.975739925958376;7.546197348530369E-7;9.376150205548983E-5;0.0030292322706338033;7.546197348530369E-7;2.9618824592981695E-4;4;7.546197348530369E-7;497;9.376150205548983E-5;16057;0.0030292322706338033;4;7.546197348530369E-7;1570;2.9618824592981695E-4;1686310x151994-NZ-CAMLCQ010000061_7353_aligned_34382_R_127_2385_0;0.9016918843041112;0.009059050894908936;0.901774040071446;0.009035283361592919;
121;9;Bartonella krasnovii;species;2267275;0;0;4;4;1;4.0;4;1;0;;2.727562220808436E-6;3.9999959088511976;1.0000010227882468;1466511;773;;;;;;0.0;2.727562220808436E-6;0.0;6.81890555202109E-7;0.0;0;0.0;4;2.727562220808436E-6;0;0.0;1;6.81890555202109E-7;0;0.0;38323x83020-NZ-LNZX01000028_6404_aligned_18112_R_69_1962_0;;;;;
122;9;unclassified Bartonella;no rank;2645622;137;12210;8799;7058;773;11.382923673997412;78;247;127680;931.970802919708;3.135098677874963E-4;8797.280909214067;0.8022933532345904;22512848;773;0.9025666747326637;0.05652510608091638;0.9028136672620034;0.05637701702408154;11.452235487391732;6.085413982273589E-6;3.908434863505497E-4;0.005671428155158334;1.0971512800157493E-5;5.423569687851132E-4;230;0.002439525809585025;11451;0.058898397554727644;232977;2.658311305221532;381;0.0036285441133416165;22455;0.27664945162904564;1933906x60789-NZ-CP019787_1146590_aligned_131828_R_80_177_48;0.8965265173448861;0.06028157164316107;0.8967186303875169;0.060225511838027934;
123;10;Bartonella sp. AR 15-3;species;545617;0;0;2;2;1;2.0;2;1;0;;2.529010916475621E-6;1.999998735509192;1.0000006322458037;790823;2645622;;;;;;0.0;2.529010916475621E-6;0.0;1.2645054582378105E-6;0.0;0;0.0;2;2.529010916475621E-6;0;0.0;1;1.2645054582378105E-6;0;0.0;1933912x59330-NZ-CP019786_114867_aligned_140566_R_110_58_22;;;;;
124;10;Bartonella sp. DB5-6;species;1094755;1;409;184;184;18;10.222222222222221;29;1;5280;5280.0;3.1644209023758954E-4;183.9710485691637;1.0001573694940669;581465;2645622;0.9213333333333333;;0.9220952380952381;;8.993825042154693;1.7197939686825518E-6;3.1644209023758954E-4;0.009080512154643873;1.7197939686825518E-6;7.033957331911637E-4;1;1.7197939686825518E-6;184;3.1644209023758954E-4;5280;0.009080512154643873;1;1.7197939686825518E-6;409;7.033957331911637E-4;1094755x111947-NZ-JH725122_30942_aligned_48510_F_33_5239_34;0.9213333333333333;;0.9220952380952381;;
125;10;Bartonella sp. WD16.2;species;1933904;0;0;7;7;1;7.0;7;1;0;;6.74602562718764E-6;6.999979762260171;1.0000028911140484;1037648;2645622;;;;;;0.0;6.74602562718764E-6;0.0;9.637179467410914E-7;0.0;0;0.0;7;6.74602562718764E-6;0;0.0;1;9.637179467410914E-7;0;0.0;155194x126287-NZ-MWVG01000012_10915_aligned_24911_F_313_2010_16;;;;;
126;10;Bartonella sp. Raccoon60;species;1933912;1;110;11;11;1;11.0;11;1;703;703.0;4.910275868226052E-4;10.997545190808552;1.000223214285448;22402;2645622;0.836552748885587;;0.836552748885587;;;4.463887152932774E-5;4.910275868226052E-4;0.0313811266851174;4.463887152932774E-5;0.004910275868226051;1;4.463887152932774E-5;11;4.910275868226052E-4;703;0.0313811266851174;1;4.463887152932774E-5;110;0.004910275868226051;1933912x59330-NZ-CP019786_295535_aligned_57473_R_38_447_236;0.836552748885587;;0.836552748885587;;
127;10;Bartonella sp. M0177;species;2750940;1;98;15;15;3;5.0;13;1;2099;2099.0;2.2086529131395707E-5;14.99984539473306;1.0000103071240318;679147;2645622;0.9526341227646206;;0.9526341227646206;;6.928203230275509;1.4724352754263805E-6;2.2086529131395707E-5;0.0030906416431199725;1.4724352754263805E-6;1.4429865699178528E-4;1;1.4724352754263805E-6;15;2.2086529131395707E-5;2099;0.0030906416431199725;1;1.4724352754263805E-6;98;1.4429865699178528E-4;2750940x109411-NZ-JACFOY010000002_125663_aligned_8447_R_90_1991_80;0.9526341227646206;;0.9526341227646206;;
128;10;Bartonella sp. HY038;species;2759660;1;258;80;80;7;11.428571428571429;24;1;2410;2410.0;8.095936851692556E-5;79.99680218794603;1.0000399742485513;988150;2645622;0.8915966386554622;;0.8915966386554622;;8.810167286666445;1.0119921064615696E-6;8.095936851692556E-5;0.0024389009765723828;1.0119921064615696E-6;2.61093963467085E-4;1;1.0119921064615696E-6;80;8.095936851692556E-5;2410;0.0024389009765723828;1;1.0119921064615696E-6;258;2.61093963467085E-4;2759660x246957-NZ-CP059726_151213_aligned_20241_R_54_2387_49;0.8915966386554622;;0.8915966386554622;;
129;10;Bartonella sp. B1098;species;2911421;1;110;69;69;7;9.857142857142858;25;1;1766;1766.0;1.1569280709314277E-4;68.9960665922647;1.0000570091590661;596407;2645622;0.9349078341013825;;0.9366359447004609;;9.136530549184984;1.6767073491759822E-6;1.1569280709314277E-4;0.0029610651786447844;1.6767073491759822E-6;1.8443780840935803E-4;1;1.6767073491759822E-6;69;1.1569280709314277E-4;1766;0.0029610651786447844;1;1.6767073491759822E-6;110;1.8443780840935803E-4;2911421x109903-NZ-CALYLP010000001_2148_aligned_34439_R_70_1731_0;0.9349078341013825;;0.9366359447004609;;
130;10;Bartonella sp. AU15XJBT;species;3019087;1;113;26;26;2;13.0;14;1;2353;2353.0;2.8340036842047897E-4;25.996457804317842;1.0001362568588699;91743;2645622;0.9513560051657339;;0.9513560051657339;;1.4142135623730951;1.090001417001842E-5;2.8340036842047897E-4;0.025647733342053346;1.090001417001842E-5;0.0012317016012120816;1;1.090001417001842E-5;26;2.8340036842047897E-4;2353;0.025647733342053346;1;1.090001417001842E-5;113;0.0012317016012120816;3019087x9334-NZ-JAQITG010000052_541_aligned_201_R_29_2094_278;0.9513560051657339;;0.9513560051657339;;
131;10;Bartonella sp. AU18XJBT;species;3019089;1;325;18;18;3;6.0;12;1;2317;2317.0;3.0305581277885345E-5;17.999742405247048;1.0000143110244109;593950;2645622;0.8578924355050285;;0.8578924355050285;;5.291502622129181;1.6836434043269636E-6;3.0305581277885345E-5;0.0039010017678255747;1.6836434043269636E-6;5.471841064062632E-4;1;1.6836434043269636E-6;18;3.0305581277885345E-5;2317;0.0039010017678255747;1;1.6836434043269636E-6;325;5.471841064062632E-4;3019089x57556-NZ-JAQITE010000100_782_aligned_5198_F_39_2236_47;0.8578924355050285;;0.8578924355050285;;
132;10;Bartonella sp. AU55XJBT;species;3019091;0;0;4;4;1;4.0;4;1;0;;5.246280059545279E-6;3.999992130703979;1.0000019673278757;762445;2645622;;;;;;0.0;5.246280059545279E-6;0.0;1.3115700148863197E-6;0.0;0;0.0;4;5.246280059545279E-6;0;0.0;1;1.3115700148863197E-6;0;0.0;3243461x177188-NZ-JBHIQJ010000009_4876_aligned_23426_R_167_4428_11;;;;;
133;10;Bartonella sp. ML70XJBT.G;species;3019093;0;0;2;2;1;2.0;2;1;0;;1.5750908827439343E-6;1.9999992124989765;1.0000003937506667;1269768;2645622;;;;;;0.0;1.5750908827439343E-6;0.0;7.875454413719672E-7;0.0;0;0.0;2;1.5750908827439343E-6;0;0.0;1;7.875454413719672E-7;0;0.0;33046x210311-NZ-MUYW01000019_2234_aligned_4366_R_67_5415_4;;;;;
134;10;Bartonella sp. MM73XJBT;species;3019095;2;629;111;111;9;12.333333333333334;60;3;7490;3745.0;2.6526022984440454E-4;110.98541195613181;1.0001314410931228;418457;2645622;0.9159171117749252;0.002512668878966702;0.9159171117749252;0.002512668878966702;18.808242873804026;4.779463600800083E-6;2.6526022984440454E-4;0.01789909118499631;7.169195401200123E-6;0.0015031413024516257;2;4.779463600800083E-6;111;2.6526022984440454E-4;7490;0.01789909118499631;3;7.169195401200123E-6;629;0.0015031413024516257;3019095x32655-NZ-JAQISY010000019_4234_aligned_3573_F_46_2498_22;0.9159171117749252;0.002512668878966702;0.9159171117749252;0.002512668878966702;
135;10;Bartonella sp. ML70XJBT;species;3019096;0;0;3;3;1;3.0;3;1;0;;8.444281813831734E-6;2.9999915556958765;1.000002814775964;355270;2645622;;;;;;0.0;8.444281813831734E-6;0.0;2.8147606046105777E-6;0.0;0;0.0;3;8.444281813831734E-6;0;0.0;1;2.8147606046105777E-6;0;0.0;3243560x165935-NZ-JBHIML010000022_8501_aligned_5974_R_82_5944_8;;;;;
136;10;Bartonella sp. B39;species;3239295;0;0;2;2;1;2.0;2;1;0;;1.5846931320984349E-6;1.999999207570389;1.0000003962149626;1262074;2645622;;;;;;0.0;1.5846931320984349E-6;0.0;7.923465660492174E-7;0.0;0;0.0;2;1.5846931320984349E-6;0;0.0;1;7.923465660492174E-7;0;0.0;1134502x179917-NZ-KL446937_40545_aligned_70026_F_117_167_7;;;;;
137;10;Bartonella sp. AA33NXGY;species;3243433;0;0;1;1;1;1.0;1;1;0;;2.7434842249657066E-4;0.9999999999998066;1.0000000000001934;3645;2645622;;;;;;0.0;2.7434842249657066E-4;0.0;2.7434842249657066E-4;0.0;0;0.0;1;2.7434842249657066E-4;0;0.0;1;2.7434842249657066E-4;0;0.0;3243433x195047-NZ-JBHIRM010000035_50_aligned_75261_F_142_2209_3;;;;;
138;10;Bartonella sp. AC90GZZY;species;3243461;1;473;18;18;1;18.0;18;1;4564;4564.0;8.782201405152225E-4;17.99253707092431;1.0004147791412779;20496;2645622;0.8932509925011027;;0.8956771063078959;;;4.879000780640125E-5;8.782201405152225E-4;0.2226775956284153;4.879000780640125E-5;0.023077673692427792;1;4.879000780640125E-5;18;8.782201405152225E-4;4564;0.2226775956284153;1;4.879000780640125E-5;473;0.023077673692427792;3243461x177188-NZ-JBHIQJ010000009_4876_aligned_23426_R_167_4428_11;0.8932509925011027;;0.8956771063078959;;
139;10;Bartonella sp. AD13SXNS;species;3243462;0;0;4;4;2;2.0;3;2;0;;2.357698179267581E-5;3.99996463467161;1.0000088414102675;169657;2645622;;;;;1.4142135623730951;0.0;2.357698179267581E-5;0.0;1.1788490896337905E-5;0.0;0;0.0;4;2.357698179267581E-5;0;0.0;2;1.1788490896337905E-5;0;0.0;2911421x109903-NZ-CALYLP010000001_2148_aligned_34439_R_70_1731_0;;;;;
140;10;Bartonella sp. AD24XZML;species;3243463;0;0;3;3;1;3.0;3;1;0;;4.865075246497146E-5;2.9999513495078816;1.000016217093696;61664;2645622;;;;;;0.0;4.865075246497146E-5;0.0;1.621691748832382E-5;0.0;0;0.0;3;4.865075246497146E-5;0;0.0;1;1.621691748832382E-5;0;0.0;3243433x195047-NZ-JBHIRM010000035_50_aligned_75261_F_142_2209_3;;;;;
141;10;Bartonella sp. AP152HLJHH;species;3243469;1;258;11;11;1;11.0;11;1;4286;4286.0;6.803983423022206E-4;10.996598639486995;1.0003093102353295;16167;2645622;0.9377349624060151;;0.9393796992481203;;;6.185439475474733E-5;6.803983423022206E-4;0.265107935918847;6.185439475474733E-5;0.01595843384672481;1;6.185439475474733E-5;11;6.803983423022206E-4;4286;0.265107935918847;1;6.185439475474733E-5;258;0.01595843384672481;3243469x616-NZ-JBHIQB010000015_9968_aligned_17505_R_63_4304_1;0.9377349624060151;;0.9393796992481203;;
142;10;Bartonella sp. AP153HLJHH;species;3243470;2;527;30;30;2;15.0;25;2;5227;2613.5;0.0014010835045768727;29.97969314182761;1.0006773537699776;21412;2645622;0.8944722068127877;0.03907189101395659;0.8944722068127877;0.03907189101395659;14.142135623730951;9.340556697179151E-5;0.0014010835045768727;0.24411544928077714;9.340556697179151E-5;0.024612366897067067;2;9.340556697179151E-5;30;0.0014010835045768727;5227;0.24411544928077714;2;9.340556697179151E-5;527;0.024612366897067067;3243470x189472-NZ-JBHIQA010000004_127772_aligned_317_R_68_2193_31;0.8944722068127877;0.03907189101395659;0.8944722068127877;0.03907189101395659;
143;10;Bartonella sp. AP3QHHD;species;3243494;1;611;6;6;1;6.0;6;1;4390;4390.0;5.385996409335727E-4;5.998653662046934;1.0002244400208642;11140;2645622;0.8596330275229358;;0.8598623853211009;;;8.976660682226212E-5;5.385996409335727E-4;0.3940754039497307;8.976660682226212E-5;0.054847396768402154;1;8.976660682226212E-5;6;5.385996409335727E-4;4390;0.3940754039497307;1;8.976660682226212E-5;611;0.054847396768402154;3243427x6201-NZ-JBHIRS010000027_7645_aligned_605_R_96_4304_110;0.8596330275229358;;0.8598623853211009;;
144;10;Bartonella sp. AP65SXKL;species;3243500;1;51;12;12;1;12.0;12;1;1333;1333.0;4.867956675185591E-4;11.997322985832682;1.0002231342917483;24651;2645622;0.9608595548733692;;0.9608595548733692;;;4.056630562654659E-5;4.867956675185591E-4;0.0540748854001866;4.056630562654659E-5;0.002068881586953876;1;4.056630562654659E-5;12;4.867956675185591E-4;1333;0.0540748854001866;1;4.056630562654659E-5;51;0.002068881586953876;3243564x240536-NZ-JBHIMH010000049_1441_aligned_8195_R_147_1222_8;0.9608595548733692;;0.9608595548733692;;
145;10;Bartonella sp. AP72JLCBS;species;3243502;1;160;8;8;2;4.0;6;2;2212;2212.0;1.843233030735911E-4;7.999354898147282;1.0000806442345578;43402;2645622;0.9262144821264895;;0.9266727772685609;;2.8284271247461903;2.3040412884198886E-5;1.843233030735911E-4;0.050965393299847936;4.608082576839777E-5;0.0036864660614718218;1;2.3040412884198886E-5;8;1.843233030735911E-4;2212;0.050965393299847936;2;4.608082576839777E-5;160;0.0036864660614718218;3243526x107127-NZ-JBHINW010000033_752_aligned_16809_F_66_2179_1;0.9262144821264895;;0.9266727772685609;;
146;10;Bartonella sp. AP9QHHD;species;3243507;0;0;1;1;1;1.0;1;1;0;;4.167361226871145E-5;0.999999999999726;1.000000000000274;23996;2645622;;;;;;0.0;4.167361226871145E-5;0.0;4.167361226871145E-5;0.0;0;0.0;1;4.167361226871145E-5;0;0.0;1;4.167361226871145E-5;0;0.0;3243543x214104-NZ-JBHINF010000013_12867_aligned_50907_F_86_4440_69;;;;;
147;10;Bartonella sp. CL26QHWL;species;3243520;0;0;1;1;1;1.0;1;1;0;;9.170105456212746E-5;1.0000000000000515;0.9999999999999485;10905;2645622;;;;;;0.0;9.170105456212746E-5;0.0;9.170105456212746E-5;0.0;0;0.0;1;9.170105456212746E-5;0;0.0;1;9.170105456212746E-5;0;0.0;1405396x144292-NZ-KE360154_379_aligned_16870_F_80_431_3;;;;;
148;10;Bartonella sp. CL29QHWL;species;3243522;34;2631;776;49;48;16.166666666666668;49;44;20776;611.0588235294117;0.0011494792155390824;768.9884518139642;0.06372007262841733;42628;2645622;0.8652740755071865;0.060463935747553016;0.8652740755071865;0.060463935747553016;15.005436367109617;7.975978230271183E-4;0.018203997372618935;0.4873791873885709;0.0010321854180350943;0.06171999624659848;34;7.975978230271183E-4;776;0.018203997372618935;20776;0.4873791873885709;44;0.0010321854180350943;2631;0.06171999624659848;3243522x30644-NZ-JBHIOA010000283_33_aligned_33847_F_70_552_0;0.8652740755071865;0.060463935747553016;0.8652740755071865;0.060463935747553016;
149;10;Bartonella sp. CL434QHHD;species;3243529;0;0;1;1;1;1.0;1;1;0;;3.402981011365957E-5;1.0000000000008746;0.9999999999991254;29386;2645622;;;;;;0.0;3.402981011365957E-5;0.0;3.402981011365957E-5;0.0;0;0.0;1;3.402981011365957E-5;0;0.0;1;3.402981011365957E-5;0;0.0;3243523x233647-NZ-JBHINZ010000011_25429_aligned_16181_R_36_4702_35;;;;;
150;10;Bartonella sp. CL45QHWL;species;3243533;24;1393;466;200;41;11.365853658536585;67;29;17205;716.875;0.005539092142797795;463.01214775041;0.43195410956649766;36107;2645622;0.9172948370390844;0.05788289137038096;0.9172948370390844;0.05788289137038096;11.81472830318365;6.646910571357354E-4;0.012906084692718863;0.47650040158418033;8.031683607056803E-4;0.03857977677458665;24;6.646910571357354E-4;466;0.012906084692718863;17205;0.47650040158418033;29;8.031683607056803E-4;1393;0.03857977677458665;3243533x135413-NZ-JBHINP010000243_315_aligned_19156_F_62_981_3;0.9172948370390844;0.05788289137038096;0.9172948370390844;0.05788289137038096;
151;10;Bartonella sp. CL50QHWL;species;3243536;0;0;1;1;1;1.0;1;1;0;;5.870267097152921E-5;0.9999999999998799;1.0000000000001201;17035;2645622;;;;;;0.0;5.870267097152921E-5;0.0;5.870267097152921E-5;0.0;0;0.0;1;5.870267097152921E-5;0;0.0;1;5.870267097152921E-5;0;0.0;1242993x135453-NZ-QOHL01000049_1781_aligned_80944_R_84_358_51;;;;;
152;10;Bartonella sp. CL5QHWL;species;3243537;0;0;3;3;1;3.0;3;1;0;;1.8197258279752516E-4;2.9998180310978384;1.0000606599801305;16486;2645622;;;;;;0.0;1.8197258279752516E-4;0.0;6.0657527599175054E-5;0.0;0;0.0;3;1.8197258279752516E-4;0;0.0;1;6.0657527599175054E-5;0;0.0;3243522x30644-NZ-JBHIOA010000283_474_aligned_32186_R_223_632_11;;;;;
153;10;Bartonella sp. CL9QHWL;species;3243542;8;420;311;240;22;14.136363636363637;34;10;2656;332.0;0.012903225806451613;308.42262581819153;0.7781530274029728;18600;2645622;0.831555492013538;0.10200115245788373;0.831555492013538;0.10200115245788373;11.132515458462226;4.3010752688172043E-4;0.01672043010752688;0.14279569892473118;5.376344086021505E-4;0.02258064516129032;8;4.3010752688172043E-4;311;0.01672043010752688;2656;0.14279569892473118;10;5.376344086021505E-4;420;0.02258064516129032;3243542x76561-NZ-JBHING010000075_218_aligned_67022_F_16_322_53;0.831555492013538;0.10200115245788373;0.831555492013538;0.10200115245788373;
154;10;Bartonella sp. CM120XJJH;species;3243544;0;0;3;3;1;3.0;3;1;0;;1.3935145831301124E-5;2.9999860648653818;1.0000046450664493;215283;2645622;;;;;;0.0;1.3935145831301124E-5;0.0;4.645048610433708E-6;0.0;0;0.0;3;1.3935145831301124E-5;0;0.0;1;4.645048610433708E-6;0;0.0;3243461x177188-NZ-JBHIQJ010000009_4876_aligned_23426_R_167_4428_11;;;;;
155;10;Bartonella sp. MR110HLJHH;species;3243555;0;0;1;1;1;1.0;1;1;0;;2.3492928628482827E-5;0.999999999999273;1.000000000000727;42566;2645622;;;;;;0.0;2.3492928628482827E-5;0.0;2.3492928628482827E-5;0.0;0;0.0;1;2.3492928628482827E-5;0;0.0;1;2.3492928628482827E-5;0;0.0;33045x14936-NZ-CACVBG010000045_2250_aligned_1112_F_209_2325_4;;;;;
156;10;Bartonella sp. MR63HLJHH;species;3243558;1;462;59;59;4;14.75;27;1;5246;5246.0;0.00140496261370672;58.95927451236977;1.0006907392936406;41994;2645622;0.9098926380368099;;0.9114263803680982;;14.150971698084906;2.38129256560461E-5;0.00140496261370672;0.12492260799161785;2.38129256560461E-5;0.0110015716530933;1;2.38129256560461E-5;59;0.00140496261370672;5246;0.12492260799161785;1;2.38129256560461E-5;462;0.0110015716530933;3243558x14794-NZ-JBHIMN010000011_25421_aligned_5244_R_74_5240_3;0.9098926380368099;;0.9114263803680982;;
157;10;Bartonella sp. MU37NMGALS;species;3243560;1;660;231;231;18;12.833333333333334;32;1;5778;5778.0;0.0012584098275815105;230.85534303053308;1.0006266130450694;183565;2645622;0.8836116910229646;;0.8851774530271399;;10.65087679351274;5.4476615912619505E-6;0.0012584098275815105;0.03147658867431155;5.4476615912619505E-6;0.0035954566502328874;1;5.4476615912619505E-6;231;0.0012584098275815105;5778;0.03147658867431155;1;5.4476615912619505E-6;660;0.0035954566502328874;3243560x165935-NZ-JBHIML010000022_8501_aligned_5974_R_82_5944_8;0.8836116910229646;;0.8851774530271399;;
158;10;Bartonella sp. MU70NMGDW;species;3243561;2;180;73;73;7;10.428571428571429;24;3;2743;1371.5;3.4878665246037925E-4;72.9874450993939;1.0001720145237172;209297;2645622;0.928833661914872;0.03189790788905915;0.928833661914872;0.03189790788905915;10.014275524755362;9.555798697544638E-6;3.4878665246037925E-4;0.01310577791368247;1.4333698046316957E-5;8.600218827790174E-4;2;9.555798697544638E-6;73;3.4878665246037925E-4;2743;0.01310577791368247;3;1.4333698046316957E-5;180;8.600218827790174E-4;3243561x108852-NZ-JBHIMK010000161_421_aligned_61290_F_69_1052_1;0.928833661914872;0.03189790788905915;0.928833661914872;0.03189790788905915;
159;10;Bartonella sp. SD1336NMGDW;species;3243575;0;0;1;1;1;1.0;1;1;0;;2.4182627200619074E-5;0.9999999999995621;1.0000000000004379;41352;2645622;;;;;;0.0;2.4182627200619074E-5;0.0;2.4182627200619074E-5;0.0;0;0.0;1;2.4182627200619074E-5;0;0.0;1;2.4182627200619074E-5;0;0.0;3243560x165935-NZ-JBHIML010000022_8501_aligned_5974_R_82_5944_8;;;;;
160;10;Bartonella sp. TT121SHDZB;species;3243580;0;0;2;2;1;2.0;2;1;0;;3.962569567861976E-6;1.9999980186681143;1.0000009906669243;504723;2645622;;;;;;0.0;3.962569567861976E-6;0.0;1.981284783930988E-6;0.0;0;0.0;2;3.962569567861976E-6;0;0.0;1;1.981284783930988E-6;0;0.0;3243526x54567-NZ-JBHINW010000007_109434_aligned_347_R_45_5440_84;;;;;
161;10;Bartonella sp. TT29SHDZB;species;3243581;7;367;95;62;10;9.5;23;9;4463;637.5714285714286;6.813037076108218E-4;94.95095185398816;0.6529687042562897;91002;2645622;0.8952442186788903;0.05409844853147289;0.8952442186788903;0.05409844853147289;7.633988327065858;7.69213863431573E-5;0.0010439331003714203;0.04904287817850157;9.88989252983451E-5;0.004032878398276961;7;7.69213863431573E-5;95;0.0010439331003714203;4463;0.04904287817850157;9;9.88989252983451E-5;367;0.004032878398276961;3243581x174678-NZ-JBHILQ010000091_26_aligned_107957_F_69_103_1;0.8952442186788903;0.05409844853147289;0.8952442186788903;0.05409844853147289;
162;9;Bartonella gabonensis;species;2699889;1;157;39;39;7;5.571428571428571;16;2;1279;1279.0;3.315413100472319E-5;38.99937007874261;1.0000161520879984;1176324;773;0.8742994395516414;;0.8742994395516414;;5.472876844254852;8.501059231980305E-7;3.315413100472319E-5;0.001087285475770281;1.700211846396061E-6;1.3346662994209079E-4;1;8.501059231980305E-7;39;3.315413100472319E-5;1279;0.001087285475770281;2;1.700211846396061E-6;157;1.3346662994209079E-4;2699889x223459-NZ-CAHOYM010000036_8133_aligned_12235_R_11_1243_63;0.8742994395516414;;0.8742994395516414;;
163;9;Bartonella machadoae;species;2893471;0;0;2;2;1;2.0;2;1;0;;1.2269735409290766E-6;1.999999386614648;1.00000030669277;1630027;773;;;;;;0.0;1.2269735409290766E-6;0.0;6.134867704645383E-7;0.0;0;0.0;2;1.2269735409290766E-6;0;0.0;1;6.134867704645383E-7;0;0.0;38323x195473-NZ-JAUDYZ010000023_604_aligned_7149_F_210_5960_2;;;;;
164;9;Bartonella bilalgolemii;species;2942911;1;268;143;143;16;8.9375;36;2;4422;4422.0;1.82418202019867E-4;142.98704907927518;1.000090574082116;783913;773;0.9389799635701275;;0.9389799635701275;;10.680004681646913;1.2756517623766923E-6;1.82418202019867E-4;0.005640932093229733;2.5513035247533847E-6;3.4187467231695356E-4;1;1.2756517623766923E-6;143;1.82418202019867E-4;4422;0.005640932093229733;2;2.5513035247533847E-6;268;3.4187467231695356E-4;2942911x182048-NZ-JAMCOF010000015_104_aligned_17161_R_109_4383_1;0.9389799635701275;;0.9389799635701275;;
165;9;Bartonella gliris;species;3004109;1;5;5;5;1;5.0;5;1;200;200.0;3.252516960249689E-6;4.999993494964411;1.0000013010088105;1537271;773;0.9705882352941176;;0.9705882352941176;;;6.505033920499379E-7;3.252516960249689E-6;1.3010067840998757E-4;6.505033920499379E-7;3.252516960249689E-6;1;6.505033920499379E-7;5;3.252516960249689E-6;200;1.3010067840998757E-4;1;6.505033920499379E-7;5;3.252516960249689E-6;1462938x212560-NZ-CP113531_640470_aligned_81738_R_60_149_1;0.9705882352941176;;0.9705882352941176;;
166;9;Bartonella vaga;species;3112257;0;0;13;13;2;6.5;12;2;0;;1.0075090423936555E-5;12.999939550269877;1.0000046500008626;1290311;773;;;;;7.7781745930520225;0.0;1.0075090423936555E-5;0.0;1.5500139113748546E-6;0.0;0;0.0;13;1.0075090423936555E-5;0;0.0;2;1.5500139113748546E-6;0;0.0;3243535x110133-NZ-JBHINN010000023_7670_aligned_9821_R_69_3509_2;;;;;
167;9;Bartonella rhinolophi;species;3113620;0;0;8;8;1;8.0;8;1;0;;7.360870349310102E-6;7.999974237358519;1.0000032203405556;1086828;773;;;;;;0.0;7.360870349310102E-6;0.0;9.201087936637628E-7;0.0;0;0.0;8;7.360870349310102E-6;0;0.0;1;9.201087936637628E-7;0;0.0;38323x197861-NZ-JAUDYQ010000006_3364_aligned_29095_R_301_8081_226;;;;;
168;9;Bartonella propinqua;species;3385560;1;278;155;155;10;15.5;36;1;2005;2005.0;1.358894578711996E-4;154.9895369707224;1.0000675079717127;1140633;773;0.859240506329114;;0.859240506329114;;11.355370731263884;8.767061798141909E-7;1.358894578711996E-4;0.0017577958905274527;8.767061798141909E-7;2.4372431798834506E-4;1;8.767061798141909E-7;155;1.358894578711996E-4;2005;0.0017577958905274527;1;8.767061798141909E-7;278;2.4372431798834506E-4;3385560x27728-NZ-JBLEBK010000007_1764_aligned_22024_R_115_1889_16;0.859240506329114;;0.859240506329114;;
169;6;Rickettsiales;order;766;31;842;1563;414;236;6.622881355932203;29;223;12044;388.51612903225805;0.010217428860534564;1533.2565015813366;0.2700135297473174;40519;28211;0.9245372814327998;0.06310404387085317;0.9246819364306299;0.06307548571679228;5.964232554179269;7.650731755472741E-4;0.038574495915496436;0.2972432685900442;0.005503590907969101;0.02078037463905822;47623;0.21503495610686685;1453739;3.8856256040016937;22585774;106.58592770014461;63365;0.3003141247274117;1896040;10.418407416631783;444612x54001-NZ-CM000770_1070247_aligned_5713_R_219_2792_28;0.9048569320739445;0.07250783183926875;0.9049187708676147;0.07247224239374375;
170;7;Rickettsiaceae;family;775;2;25;120;108;30;4.0;16;28;601;300.5;0.04535909281814364;117.05019548704112;0.9226810732832729;2381;766;0.9522866772620158;0.04257870202381937;0.9522866772620158;0.04257870202381937;3.5911769274345047;8.399832003359933E-4;0.0503989920201596;0.252414951700966;0.011759764804703907;0.010499790004199917;19783;0.200627386755142;625276;3.5675066489674374;8727919;98.8429572108093;32140;0.27732443874069973;741209;9.704324989737804;1462938x212560-NZ-CP113531_324632_aligned_114614_R_118_144_3;0.9022350381020076;0.07677941653249197;0.9023830779399082;0.07670375403260436;
171;8;Rickettsieae;tribe;33988;118;2694;10056;4614;1210;8.310743801652892;62;892;47599;403.3813559322034;0.0028159266467586634;10025.208328598426;0.46023981235760114;1638537;775;0.935553567567282;0.06457775108174299;0.9357945507787849;0.0644451367738971;8.534615950438988;7.201546257423543E-5;0.006137182132597555;0.029049694941279933;5.443880730187967E-4;0.0016441496286016123;19781;0.19978740355480598;625156;3.5171076569472777;8727318;98.59054225910833;32112;0.2655646739359958;741184;9.693825199733604;444612x47268-NZ-CM000772_27852_aligned_26527_R_156_399_3;0.9022299775247707;0.07678105159188058;0.9023780323305538;0.07670539280465158;
172;9;Rickettsia;genus;780;5385;139467;248430;200311;19035;13.051221434200158;146;11127;2015833;374.3422469823584;0.045648977500824965;241528.46993804094;0.8293473645213981;4388072;33988;0.9185234892837111;0.06902863505258781;0.9185801149226819;0.06901837957930715;13.914936680012062;0.0012271904380785;0.0566148413243903;0.4593892260655705;0.002535737790993402;0.03178320683890328;19663;0.19971538809223174;615100;3.5109704748146804;8679719;98.56149256416705;31220;0.26502028586297705;738490;9.692181050105004;109232x175602-NZ-LN794217_664559_aligned_15796_F_65_587_1;0.9020299987003282;0.0768061869756303;0.9021774958317035;0.07673051830067053;
173;10;spotted fever group;species group;114277;7724;303826;239888;140961;19589;12.246056460258309;173;10836;3533927;457.52550491973074;0.04466408071416395;230997.8167355525;0.610226546692313;3156026;780;0.901264119552599;0.07544074594090258;0.9014179107792916;0.07537973943493155;12.528252751415366;0.0024473816121920416;0.07600951322961218;1.1197395078494283;0.003433431790485883;0.09626853517683315;14036;0.19731512130475184;361102;3.4281063259754183;6547305;97.48679406981041;19288;0.257747963178934;589542;9.609189400581764;444612x54001-NZ-CM000770_1231600_aligned_124192_R_135_240_21;0.8956252619009163;0.07883388688372224;0.8957813111421133;0.07874791491662435;
174;11;Rickettsia conorii;species;781;0;0;0;0;0;;0;0;0;;0.0;0.0;;1602;114277;;;;;;0.0;0.0;0.0;0.0;0.0;33;1.331300468978669E-4;767;0.0025418017958739997;42167;0.1228211488850618;83;2.9652980372620497E-4;3987;0.01167384385940713;;0.8894682513001918;0.0777469229534276;0.8908430566554358;0.07761699767548157;
175;12;Rickettsia conorii subsp. heilongjiangensis;subspecies;226665;4;185;58;58;5;11.6;31;5;1344;336.0;3.9487210909363234E-4;57.98874757453598;1.0001940449817366;146883;781;0.8239269464768049;0.06731462571221943;0.8304628941892231;0.07638303198473324;11.458621208504974;2.7232559247836713E-5;3.9487210909363234E-4;0.009150139907273135;3.404069905979589E-5;0.001259505865212448;4;2.7232559247836713E-5;58;3.9487210909363234E-4;1344;0.009150139907273135;5;3.404069905979589E-5;185;0.001259505865212448;1462938x212560-NZ-CP113531_1520818_aligned_71169_F_37_184_33;0.8239269464768049;0.06731462571221943;0.8304628941892231;0.07638303198473324;
176;12;Rickettsia conorii str. Malish 7;strain;272944;5;120;54;54;11;4.909090909090909;13;10;1574;314.8;4.866969500324465E-4;53.98710454517075;1.0002388617603757;110952;781;0.9106477893658074;0.08105766996934634;0.9106477893658074;0.08105766996934634;4.346367344220814;4.506453241041171E-5;4.866969500324465E-4;0.014186314802797606;9.012906482082342E-5;0.001081548777849881;5;4.506453241041171E-5;54;4.866969500324465E-4;1574;0.014186314802797606;10;9.012906482082342E-5;120;0.001081548777849881;272944x2663-NC-003103_562779_aligned_119348_R_81_172_93;0.9106477893658074;0.08105766996934634;0.9106477893658074;0.08105766996934634;
177;12;Rickettsia conorii subsp. raoultii;subspecies;369822;24;3682;655;649;105;6.238095238095238;32;68;39249;1635.375;0.0016450244979380163;654.4574032867014;0.9916611787729894;394523;781;0.8959793983404197;0.07607448678121738;0.8967804310851438;0.07564390521232243;7.155583900170618;6.0832955239618474E-5;0.001660232736747921;0.09948469417499106;1.723600398455857E-4;0.0093327892163448;24;6.0832955239618474E-5;655;0.001660232736747921;39249;0.09948469417499106;68;1.723600398455857E-4;3682;0.0093327892163448;369822x51553-NZ-JBGCYK010000009_2417_aligned_131901_F_38_102_89;0.8959793983404197;0.07607448678121738;0.8967804310851438;0.07564390521232243;
178;11;Rickettsia rickettsii;species;783;3;103;38;38;8;4.75;16;8;1476;492.0;3.242127176704463E-4;37.994002678880754;1.0001578491524026;117207;114277;0.9238072877685685;0.0332342689197802;0.9238072877685685;0.0332342689197802;5.897941529526576;2.5595740868719446E-5;3.242127176704463E-4;0.012593104507409967;6.825530898325186E-5;8.787871031593676E-4;4;4.923863854225831E-5;52;6.552132850999905E-4;1884;0.02223940675821383;12;1.6282689967740734E-4;154;0.00208457488450985;444612x54001-NZ-CM000770_1242310_aligned_48091_R_71_325_0;0.9091253070962676;0.03998232917513542;0.9091253070962676;0.03998232917513542;
179;12;Rickettsia rickettsii str. Hlp#2;strain;1105101;1;51;14;14;4;3.5;9;4;408;408.0;3.310005674295442E-4;13.997848699770364;1.0001536879184636;42296;783;0.8650793650793651;;0.8650793650793651;;3.696845502136472;2.364289767353887E-5;3.310005674295442E-4;0.00964630225080386;9.457159069415548E-5;0.0012057877813504824;1;2.364289767353887E-5;14;3.310005674295442E-4;408;0.00964630225080386;4;9.457159069415548E-5;51;0.0012057877813504824;444612x54001-NZ-CM000770_587151_aligned_22081_R_66_342_2;0.8650793650793651;;0.8650793650793651;;
180;11;Rickettsia akari;species;786;0;0;0;0;0;;0;0;0;;;0.0;;0;114277;;;;;;;;;;;12;1.909368635437882E-5;155;2.466267820773931E-4;6355;0.010111698065173116;31;4.932535641547861E-5;656;0.0010437881873727088;;0.8934001397512205;0.06493177393630767;0.894383355408349;0.06508232580222331;
181;12;Rickettsia akari str. Hartford;strain;293614;12;656;155;155;31;5.0;28;31;6355;529.5833333333334;2.466267820773931E-4;154.98101128101737;1.0001225228744197;628480;786;0.8934001397512205;0.06493177393630767;0.894383355408349;0.06508232580222331;6.022181221672648;1.909368635437882E-5;2.466267820773931E-4;0.010111698065173116;4.932535641547861E-5;0.0010437881873727088;12;1.909368635437882E-5;155;2.466267820773931E-4;6355;0.010111698065173116;31;4.932535641547861E-5;656;0.0010437881873727088;444612x54001-NZ-CM000770_874548_aligned_30148_R_148_333_99;0.8934001397512205;0.06493177393630767;0.894383355408349;0.06508232580222331;
182;11;Rickettsia australis;species;787;15;1070;516;516;57;9.052631578947368;55;28;9139;609.2666666666667;0.0010286117528859936;515.7352229102303;1.0005133973364775;501647;114277;0.854559346848166;0.10345408202543709;0.8551041929360605;0.10357846390822173;9.54018016569839;2.9901504444360277E-5;0.0010286117528859936;0.018217989941133904;5.5816141629472516E-5;0.0021329739836977;15;2.9901504444360277E-5;516;0.0010286117528859936;9139;0.018217989941133904;28;5.5816141629472516E-5;1070;0.0021329739836977;1196662x179770-NZ-AKVZ01000059_380_aligned_20532_F_47_4304_39;0.854559346848166;0.10345408202543709;0.8551041929360605;0.10357846390822173;
183;11;Rickettsia amblyommatis;species;33989;44;1616;644;644;80;8.05;31;68;17070;387.95454545454544;0.0013100267904547053;643.5790096665847;1.0006541393163728;491593;114277;0.89183140940082;0.07928850117340847;0.8921910018160041;0.07940641907351673;7.5202679726022295;8.950493599379975E-5;0.0013100267904547053;0.034723846759412764;1.3832581017223598E-4;0.0032872721946813725;1354;0.10287075820496572;19392;1.4725380249489366;713022;54.65187244423128;1830;0.13824347861445302;73897;5.677017700561678;33989x87443-NZ-CP012420_1108968_aligned_100205_F_48_287_54;0.882158485791225;0.08098789071683304;0.8821719858419822;0.08099041995249658;
184;12;Rickettsia amblyommatis str. Ac/Pa;strain;1359164;1;5;9;9;4;2.25;5;4;275;275.0;2.3341459619274858E-4;8.999066398097868;1.000103744306446;38558;33989;0.9795918367346939;;0.9795918367346939;;1.8929694486000912;2.593495513252762E-5;2.3341459619274858E-4;0.007132112661445096;1.0373982053011048E-4;1.296747756626381E-4;1;2.593495513252762E-5;9;2.3341459619274858E-4;275;0.007132112661445096;4;1.0373982053011048E-4;5;1.296747756626381E-4;1462938x212560-NZ-CP113531_1164492_aligned_96741_F_10_207_59;0.9795918367346939;;0.9795918367346939;;
185;12;Rickettsia amblyommatis str. Darkwater;strain;1359166;1309;72276;18739;975;2048;9.14990234375;39;1758;695677;531.4568372803667;0.07653661982887197;9813.059897324023;0.0993573880320325;12739;33989;0.8817589120786463;0.08103984572065775;0.881760789085871;0.08103720448212892;7.686231416349049;0.1027553183138394;1.470994583562289;54.61001648481042;0.13800141298375068;5.673600753591334;1309;0.1027553183138394;18739;1.470994583562289;695677;54.61001648481042;1758;0.13800141298375068;72276;5.673600753591334;1359166x139103-NZ-LAOH01000004_1760_aligned_10698_R_99_389_2;0.8817589120786463;0.08103984572065775;0.881760789085871;0.08103720448212892;
186;11;Rickettsia montanensis;species;33991;0;0;0;0;0;;0;0;0;;;0.0;;0;114277;;;;;;;;;;;6;2.322242047288589E-5;93;3.599475173297313E-4;2031;0.007860789330071873;26;1.0063048871583885E-4;313;0.001211436268002214;;0.8205762655123254;0.13363686024071458;0.8220710338232372;0.13119766156307203;
187;12;Rickettsia montanensis str. OSU 85-930;strain;1105114;6;313;93;93;26;3.576923076923077;17;26;2031;338.5;3.599475173297313E-4;92.98344435674072;1.0001780493653878;258371;33991;0.8205762655123254;0.13363686024071458;0.8220710338232372;0.13119766156307203;4.090702403481113;2.322242047288589E-5;3.599475173297313E-4;0.007860789330071873;1.0063048871583885E-4;0.001211436268002214;6;2.322242047288589E-5;93;3.599475173297313E-4;2031;0.007860789330071873;26;1.0063048871583885E-4;313;0.001211436268002214;444612x54001-NZ-CM000770_533751_aligned_110641_R_80_239_49;0.8205762655123254;0.13363686024071458;0.8220710338232372;0.13119766156307203;
188;11;Rickettsia rhipicephali;species;33992;10;457;248;245;43;5.767441860465116;62;42;3695;369.5;6.575010130882956E-4;247.9178224106114;0.988230687159801;372623;114277;0.8480036297673854;0.10064501122579432;0.8484084880669804;0.10087985434267539;10.512661774537646;2.6836776044420232E-5;6.655520459016217E-4;0.009916188748413275;1.1271445938656497E-4;0.0012264406652300046;12;6.082321545509537E-5;289;0.001362274053820462;4576;0.024887215308815675;50;2.4866021702926554E-4;564;0.0030447151737011246;33992x184994-NZ-CP013134_14062_aligned_102408_R_92_147_1;0.8473877309408606;0.09896004829855791;0.8477251128571899;0.09915791057178504;
189;12;Rickettsia rhipicephali str. 3-7-female6-CWPP;strain;1105113;2;107;41;41;8;5.125;19;8;881;440.5;6.967220079188404E-4;40.98606863774058;1.000339904819429;58847;33992;0.8443082368082369;0.12859423901617087;0.8443082368082369;0.12859423901617087;7.414994461032514;3.398643941067514E-5;6.967220079188404E-4;0.0149710265604024;1.3594575764270056E-4;0.00181827450847112;2;3.398643941067514E-5;41;6.967220079188404E-4;881;0.0149710265604024;8;1.3594575764270056E-4;107;0.00181827450847112;444612x54001-NZ-CM000770_1350213_aligned_85438_R_122_205_1;0.8443082368082369;0.12859423901617087;0.8443082368082369;0.12859423901617087;
190;11;Rickettsia africae;species;35788;0;0;0;0;0;;0;0;0;;;0.0;;0;114277;;;;;;;;;;;2;1.5314170201687623E-5;43;3.292546593362839E-4;587;0.0044947089541953165;11;8.422793610928192E-5;66;5.053676166556915E-4;;0.8581389925373134;0.08664036913139243;0.8581389925373134;0.08664036913139243;
191;12;Rickettsia africae ESF-5;strain;347255;2;66;43;43;11;3.909090909090909;17;11;587;293.5;3.292546593362839E-4;42.993086375779235;1.0001608078136177;130598;35788;0.8581389925373134;0.08664036913139243;0.8581389925373134;0.08664036913139243;5.262215226585576;1.5314170201687623E-5;3.292546593362839E-4;0.0044947089541953165;8.422793610928192E-5;5.053676166556915E-4;2;1.5314170201687623E-5;43;3.292546593362839E-4;587;0.0044947089541953165;11;8.422793610928192E-5;66;5.053676166556915E-4;444612x54001-NZ-CM000770_965030_aligned_142490_F_31_161_33;0.8581389925373134;0.08664036913139243;0.8581389925373134;0.08664036913139243;
192;11;Rickettsia helvetica;species;35789;7;424;90;88;25;3.6;19;25;4373;624.7142857142857;3.3282778809459875E-4;89.98485423281065;0.9779423520798801;264401;114277;0.9140640238173546;0.04911951283886392;0.9143834360987568;0.04891321119008144;4.444097208657794;2.647493768934308E-5;3.4039205600583963E-4;0.016539271787928186;9.4553348890511E-5;0.0016036247971830666;7;2.647493768934308E-5;90;3.4039205600583963E-4;4373;0.016539271787928186;25;9.4553348890511E-5;424;0.0016036247971830666;1462938x212560-NZ-CP113531_1384230_aligned_100254_R_83_186_7;0.9140640238173546;0.04911951283886392;0.9143834360987568;0.04891321119008144;
193;11;Rickettsia japonica;species;35790;6;250;73;73;15;4.866666666666666;17;14;2092;348.6666666666667;8.242440665718222E-4;72.97033514149409;1.0004065331267615;88566;114277;0.8502974569649892;0.09914042729956044;0.8502974569649892;0.09914042729956044;5.026595932305149;6.774608766343743E-5;8.242440665718222E-4;0.02362080256531852;1.5807420454802068E-4;0.0028227536526432267;7;4.0546982964249857E-4;78;0.002512862776467128;2535;0.17323242026204258;15;4.957979465270818E-4;292;0.017007150815763795;652620x90159-NZ-AMRT02000009_16093_aligned_92196_R_50_102_59;0.8571556895050997;0.09230349079333663;0.8571556895050997;0.09230349079333663;
194;12;Rickettsia japonica YH;strain;652620;1;42;5;5;1;5.0;5;1;443;443.0;0.0016886187098953055;4.996623902960584;1.0006756756371868;2961;35790;0.8983050847457628;;0.8983050847457628;;;3.3772374197906115E-4;0.0016886187098953055;0.14961161769672407;3.3772374197906115E-4;0.014184397163120567;1;3.3772374197906115E-4;5;0.0016886187098953055;443;0.14961161769672407;1;3.3772374197906115E-4;42;0.014184397163120567;1462938x212560-NZ-CP113531_1314697_aligned_102921_R_130_273_46;0.8983050847457628;;0.8983050847457628;;
195;11;Rickettsia massiliae;species;35791;0;0;0;0;0;;0;0;0;;0.0;0.0;;1397;114277;;;;;;0.0;0.0;0.0;0.0;0.0;3;2.3442444890719137E-5;34;2.6568104209481687E-4;1143;0.00893157150336399;11;8.595563126597016E-5;43;3.360083767669743E-4;;0.9525126757281299;0.006944729217145084;0.954720181246894;0.010685866540397422;
196;12;Rickettsia massiliae MTU5;strain;416276;3;43;34;34;11;3.090909090909091;8;11;1143;381.0;2.6568104209481687E-4;33.995616628007966;1.0001289393288553;127973;35791;0.9525126757281299;0.006944729217145084;0.954720181246894;0.010685866540397422;2.5477262590217755;2.3442444890719137E-5;2.6568104209481687E-4;0.00893157150336399;8.595563126597016E-5;3.360083767669743E-4;3;2.3442444890719137E-5;34;2.6568104209481687E-4;1143;0.00893157150336399;11;8.595563126597016E-5;43;3.360083767669743E-4;444612x46237-NZ-GG688312_9583_aligned_73472_F_45_159_32;0.9525126757281299;0.006944729217145084;0.954720181246894;0.010685866540397422;
197;11;Rickettsia parkeri;species;35792;3;147;57;57;13;4.384615384615385;14;13;1557;519.0;2.9872335073265834E-4;56.99163655014878;1.0001467487224;190812;114277;0.9043645857787473;0.05895752749021115;0.9043645857787473;0.05895752749021115;4.68220855185637;1.572228161750833E-5;2.9872335073265834E-4;0.008159864159486824;6.812988700920278E-5;7.703917992579083E-4;3;1.572228161750833E-5;57;2.9872335073265834E-4;1557;0.008159864159486824;13;6.812988700920278E-5;147;7.703917992579083E-4;1462938x212560-NZ-CP113531_1321865_aligned_79931_F_74_166_67;0.9043645857787473;0.05895752749021115;0.9043645857787473;0.05895752749021115;
198;11;Rickettsia slovaca;species;35794;3;151;60;60;9;6.666666666666667;27;9;1324;441.3333333333333;8.749161538685876E-4;59.97419724804416;1.000430230884944;68578;114277;0.8791439292128506;0.04542355410107394;0.8791439292128506;0.04542355410107394;8.093207028119323;4.374580769342938E-5;8.749161538685876E-4;0.019306483128700168;1.3123742308028815E-4;0.0022018723205692787;3;4.374580769342938E-5;60;8.749161538685876E-4;1324;0.019306483128700168;9;1.3123742308028815E-4;151;0.0022018723205692787;1462938x212560-NZ-CP113531_1234927_aligned_93284_R_47_332_89;0.8791439292128506;0.04542355410107394;0.8791439292128506;0.04542355410107394;
199;11;Rickettsia honei;species;37816;0;0;0;0;0;;0;0;0;;;0.0;;0;114277;;;;;;;;;;;3;1.8482238568735446E-5;48;2.9571581709976713E-4;788;0.004854667997387843;13;8.008970046452026E-5;44;2.710728323414532E-4;;0.9302307154526481;0.042230874148920676;0.9302307154526481;0.042230874148920676;
200;12;Rickettsia honei RB;strain;1175313;3;44;48;48;13;3.6923076923076925;12;13;788;262.6666666666667;2.9571581709976713E-4;47.993051334356025;1.0001447848271943;162318;37816;0.9302307154526481;0.042230874148920676;0.9302307154526481;0.042230874148920676;3.568020351787421;1.8482238568735446E-5;2.9571581709976713E-4;0.004854667997387843;8.008970046452026E-5;2.710728323414532E-4;3;1.8482238568735446E-5;48;2.9571581709976713E-4;788;0.004854667997387843;13;8.008970046452026E-5;44;2.710728323414532E-4;1462938x212560-NZ-CP113531_956265_aligned_96012_R_139_264_3;0.9302307154526481;0.042230874148920676;0.9302307154526481;0.042230874148920676;
201;11;Rickettsia felis;species;42862;48;3421;1285;1280;136;9.448529411764707;51;84;39920;831.6666666666666;0.0024120906041533185;1283.4466409113652;0.9973145428867087;530660;114277;0.9034199350275501;0.06714027821794853;0.903937804077717;0.06723413531729563;10.240674061249981;9.045339765574944E-5;0.0024215128330757926;0.07522707571703162;1.5829344589756152E-4;0.006446689028756642;48;9.045339765574944E-5;1291;0.0025514167042111524;39920;0.07522707571703162;90;2.8819731703292136E-4;3421;0.006446689028756642;42862x66326-NZ-JSEL01000012_124860_aligned_3413_R_74_565_63;0.9034199350275501;0.06714027821794853;0.903937804077717;0.06723413531729563;
202;12;Rickettsia felis str. LSU;strain;1359195;0;0;6;6;6;1.0;1;6;0;;1.2990387113535984E-4;5.999675249693057;1.0000541279808368;46188;42862;;;;;0.0;0.0;1.2990387113535984E-4;0.0;1.2990387113535984E-4;0.0;0;0.0;6;1.2990387113535984E-4;0;0.0;6;1.2990387113535984E-4;0;0.0;1462938x148930-NZ-JFKF01000207_16052_aligned_40465_R_228_419_2;;;;;
203;11;Rickettsia peacockii;species;47589;0;0;0;0;0;;0;0;0;;;0.0;;0;114277;;;;;;;;;;;2;1.7054369329422198E-5;43;3.6666894058257727E-4;559;0.004766696227573504;9;7.67446619823999E-5;49;4.1783204857084383E-4;;0.9023046736787932;0.020799934105145648;0.9023046736787932;0.020799934105145648;
204;12;Rickettsia peacockii str. Rustic;strain;562019;2;49;43;42;9;4.777777777777778;14;9;559;279.5;3.5814175591786614E-4;42.99230084950845;0.976919103423147;117272;47589;0.9023046736787932;0.020799934105145648;0.9023046736787932;0.020799934105145648;4.603742438977711;1.7054369329422198E-5;3.6666894058257727E-4;0.004766696227573504;7.67446619823999E-5;4.1783204857084383E-4;2;1.7054369329422198E-5;43;3.6666894058257727E-4;559;0.004766696227573504;9;7.67446619823999E-5;49;4.1783204857084383E-4;444612x54001-NZ-CM000770_1392562_aligned_60493_R_388_427_359;0.9023046736787932;0.020799934105145648;0.9023046736787932;0.020799934105145648;
205;11;Rickettsia monacensis;species;109232;30;1817;630;614;89;7.078651685393258;29;63;18801;626.7;0.004382364906821215;628.5879413676761;0.9767925211292858;140107;114277;0.8987971067982227;0.05283388519176816;0.8992848638048437;0.05251490816327817;7.16085431530523;2.1412206385119944E-4;0.004496563340875189;0.1341902974155467;4.496563340875188E-4;0.012968659667254313;30;2.1412206385119944E-4;630;0.004496563340875189;18801;0.1341902974155467;63;4.496563340875188E-4;1817;0.012968659667254313;109232x175602-NZ-LN794217_551909_aligned_4847_F_67_1216_42;0.8987971067982227;0.05283388519176816;0.8992848638048437;0.05251490816327817;
206;11;Rickettsia asiatica;species;238800;8;592;84;83;23;3.652173913043478;13;23;5116;639.5;3.6015239219293755E-4;83.98487539260958;0.9882731814745748;230458;114277;0.9114175940518696;0.05968161540125454;0.9117524154804411;0.05906604855807047;3.675579059539449;3.471348358486145E-5;3.6449157764104523E-4;0.022199272752518897;9.980126530647667E-5;0.0025687977852797473;8;3.471348358486145E-5;84;3.6449157764104523E-4;5116;0.022199272752518897;23;9.980126530647667E-5;592;0.0025687977852797473;1462938x212560-NZ-CP113531_1389064_aligned_123321_F_114_190_74;0.9114175940518696;0.05968161540125454;0.9117524154804411;0.05906604855807047;
207;11;Rickettsia sibirica subgroup;;266068;0;0;0;0;0;;0;0;0;;;0.0;;0;114277;;;;;;;;;;;5;6.097502359062358E-5;68;7.893710195457982E-4;2945;0.031137070193162704;15;1.7342761808456539E-4;207;0.001994408116700178;;0.9443157066067343;0.02520454577671744;0.9443157066067343;0.02520454577671744;
208;12;Rickettsia sibirica;species;35793;1;153;22;22;6;3.6666666666666665;13;5;1595;1595.0;1.8471252015045674E-4;21.998060627134144;1.000088161083776;119104;266068;0.9022364217252397;;0.9022364217252397;;4.633213427705081;8.39602364320258E-6;1.8471252015045674E-4;0.013391657710908113;4.1980118216012894E-5;0.0012845916174099947;5;6.097502359062358E-5;68;7.893710195457982E-4;2945;0.031137070193162704;15;1.7342761808456539E-4;207;0.001994408116700178;444612x54001-NZ-CM000770_1698265_aligned_7864_R_194_1400_6;0.9443157066067343;0.02520454577671744;0.9443157066067343;0.02520454577671744;
209;13;Rickettsia sibirica subsp. mongolitimonae;subspecies;45261;0;0;0;0;0;;0;0;0;;;0.0;;0;35793;;;;;;;;;;;4;5.2578999947421E-5;46;6.046584993953415E-4;1350;0.01774541248225459;10;1.314474998685525E-4;54;7.098164992901835E-4;;0.9548355278271079;0.010452172677986819;0.9548355278271079;0.010452172677986819;
210;14;Rickettsia sibirica subsp. mongolitimonae HA-91;strain;1144280;4;54;46;46;10;4.6;11;10;1350;337.5;6.046584993953415E-4;45.986397806121715;1.0002957873311937;76076;45261;0.9548355278271079;0.010452172677986819;0.9548355278271079;0.010452172677986819;3.533962208186286;5.2578999947421E-5;6.046584993953415E-4;0.01774541248225459;1.314474998685525E-4;7.098164992901835E-4;4;5.2578999947421E-5;46;6.046584993953415E-4;1350;0.01774541248225459;10;1.314474998685525E-4;54;7.098164992901835E-4;1144280x228073-NZ-AHZB01000007_28227_aligned_118779_F_205_87_20;0.9548355278271079;0.010452172677986819;0.9548355278271079;0.010452172677986819;
211;11;Rickettsia tamurae;species;334545;23;986;290;290;66;4.393939393939394;22;64;13864;602.7826086956521;0.001112983140224362;289.8392331775205;1.000554675848114;260561;114277;0.9060985875318014;0.07164683281953763;0.9090565717450249;0.06391926327366662;4.99808821259547;8.827107663848388E-5;0.001112983140224362;0.05320826984851916;2.4562386542882473E-4;0.003784142676762831;277;0.006830500259342277;5088;0.12847209974893617;148322;3.622289574761852;405;0.00929719926425557;13445;0.3344984473511981;1462938x212560-NZ-CP113531_787979_aligned_5585_R_46_4657_34;0.8916633562204862;0.0776363899605364;0.8924871820300099;0.07662836701905809;
212;12;Rickettsia tamurae subsp. buchneri;subspecies;1462938;254;12459;4798;4430;440;10.904545454545454;51;341;134458;529.3622047244095;0.11759084755660552;4505.089724385932;0.9833322466410662;37673;334545;0.8903562289757608;0.07815577737421854;0.8909868042211699;0.0776094185175627;10.731342436949262;0.006742229182703793;0.1273591166087118;3.569081304913333;0.009051575398826745;0.33071430467443524;254;0.006742229182703793;4798;0.1273591166087118;134458;3.569081304913333;341;0.009051575398826745;12459;0.33071430467443524;1462938x212560-NZ-CP113531_889351_aligned_50478_R_202_325_140;0.8903562289757608;0.07815577737421854;0.8909868042211699;0.0776094185175627;
213;11;Rickettsia gravesii;species;354585;0;0;0;0;0;;0;0;0;;;0.0;;0;114277;;;;;;;;;;;4;1.3048825442599848E-5;56;1.8268355619639788E-4;2059;0.006716882896578272;25;8.155515901624905E-5;107;3.4905608058954593E-4;;0.9444108260708547;0.02866530285269794;0.9444108260708547;0.02866530285269794;
214;12;Rickettsia gravesii BWI-1;strain;1397702;4;107;56;56;25;2.24;14;25;2059;514.75;1.8268355619639788E-4;55.994976496304936;1.000089713470911;306541;354585;0.9444108260708547;0.02866530285269794;0.9444108260708547;0.02866530285269794;2.802974610421341;1.3048825442599848E-5;1.8268355619639788E-4;0.006716882896578272;8.155515901624905E-5;3.4905608058954593E-4;4;1.3048825442599848E-5;56;1.8268355619639788E-4;2059;0.006716882896578272;25;8.155515901624905E-5;107;3.4905608058954593E-4;1462938x212560-NZ-CP113531_672771_aligned_52853_R_101_364_4;0.9444108260708547;0.02866530285269794;0.9444108260708547;0.02866530285269794;
215;11;Rickettsia hoogstraalii;species;467174;8;528;124;124;40;3.1;17;40;4350;543.75;2.1563529810710467E-4;123.98673936376815;1.0001069520522912;575045;114277;0.873271313266726;0.07657485980604332;0.8742064753614891;0.07421095085616894;3.111599473269541;1.3911954716587397E-5;2.1563529810710467E-4;0.0075646253771443975;6.955977358293698E-5;9.181890112947682E-4;8;1.3911954716587397E-5;124;2.1563529810710467E-4;4350;0.0075646253771443975;40;6.955977358293698E-5;528;9.181890112947682E-4;444612x47881-NZ-CM000773_28117_aligned_55327_R_182_431_178;0.873271313266726;0.07657485980604332;0.8742064753614891;0.07421095085616894;
216;11;Rickettsia asembonensis;species;1068590;13;1580;367;367;55;6.672727272727273;67;44;16494;1268.7692307692307;7.530414049659695E-4;366.8622278134616;1.0003755420321125;487357;114277;0.885096937490457;0.07770639400052894;0.8877226270085322;0.07778168561154665;10.509351295225821;2.6674491184080665E-5;7.530414049659695E-4;0.03384377366078665;9.028289323842686E-5;0.003241976620834419;13;2.6674491184080665E-5;367;7.530414049659695E-4;16494;0.03384377366078665;44;9.028289323842686E-5;1580;0.003241976620834419;1068590x11875-NZ-JWSW01000011_13707_aligned_16606_F_63_7215_45;0.885096937490457;0.07770639400052894;0.8877226270085322;0.07778168561154665;
217;11;Rickettsia fournieri;species;1436798;1;28;30;28;16;1.875;7;16;535;535.0;2.571567646005345E-4;29.99600522829219;0.933457631671248;108883;114277;0.9445544554455445;;0.9445544554455445;;1.6683325008322931;9.184170164304804E-6;2.7552510492914414E-4;0.00491353103790307;1.4694672262887686E-4;2.571567646005345E-4;1;9.184170164304804E-6;30;2.7552510492914414E-4;535;0.00491353103790307;16;1.4694672262887686E-4;28;2.571567646005345E-4;444612x54001-NZ-CM000770_1218843_aligned_118044_R_99_211_71;0.9445544554455445;;0.9445544554455445;;
218;11;Rickettsia argasii;species;1441385;0;0;0;0;0;;0;0;0;;;0.0;;0;114277;;;;;;;;;;;5;3.4182424764483094E-5;66;4.5120800689117685E-4;1955;0.01336532808291289;29;1.9825806363400194E-4;184;0.0012579132313329778;;0.8893722939605351;0.10358296115905163;0.8893722939605351;0.10358296115905163;
219;12;Rickettsia argasii T170-B;strain;1268837;5;184;66;63;29;2.2758620689655173;14;29;1955;391.0;4.3069855203248697E-4;65.98533787848567;0.954757557141205;146274;1441385;0.8893722939605351;0.10358296115905163;0.8893722939605351;0.10358296115905163;2.684566361951989;3.4182424764483094E-5;4.5120800689117685E-4;0.01336532808291289;1.9825806363400194E-4;0.0012579132313329778;5;3.4182424764483094E-5;66;4.5120800689117685E-4;1955;0.01336532808291289;29;1.9825806363400194E-4;184;0.0012579132313329778;444612x27776-NZ-GG688305_1309_aligned_59013_F_93_257_23;0.8893722939605351;0.10358296115905163;0.8893722939605351;0.10358296115905163;
220;11;Rickettsia koreansis;species;2358204;4;134;57;57;18;3.1666666666666665;12;18;2869;717.25;3.619185492780677E-4;56.98986746031403;1.000177795459746;157494;114277;0.9575598025082925;0.014905259613882699;0.9575598025082925;0.014905259613882699;3.6014702879926856;2.5397792931794227E-5;3.619185492780677E-4;0.018216566980329408;1.1429006819307402E-4;8.508260632151066E-4;4;2.5397792931794227E-5;57;3.619185492780677E-4;2869;0.018216566980329408;18;1.1429006819307402E-4;134;8.508260632151066E-4;444612x47268-NZ-CM000772_41184_aligned_61_F_118_1553_5;0.9575598025082925;0.014905259613882699;0.9575598025082925;0.014905259613882699;
221;11;unclassified spotted fever group;no rank;2750824;0;0;0;0;0;;0;0;0;;;0.0;;0;114277;;;;;;;;;;;4427;0.08373199317543242;91374;1.7286643917359257;1971774;37.287184169767926;5447;0.10289447351157192;181175;3.42502744495592;;0.8903726316801467;0.08333438835576391;0.8905042264151244;0.08323525790642411;
222;12;Rickettsia endosymbiont of Ixodes scapularis;species;444612;4423;180892;91321;13508;8088;11.290924826904055;123;5433;1969515;445.2893963373276;0.2556638591842529;43453.50782313874;0.3108609793938677;52835;2750824;0.890406694836786;0.08326335142566423;0.890538408581246;0.08316399244585065;10.749243757608788;0.08371344752531466;1.7284186618718653;37.27671051386392;0.10282956373615974;3.423715340210088;4423;0.08371344752531466;91321;1.7284186618718653;1969515;37.27671051386392;5433;0.10282956373615974;180892;3.423715340210088;444612x46237-NZ-GG688312_9112_aligned_112524_R_100_296_2;0.890406694836786;0.08326335142566423;0.890538408581246;0.08316399244585065;
223;12;Rickettsia sp. Tenjiku01;species;1736693;4;283;53;53;15;3.533333333333333;17;14;2259;564.75;2.4572986406038463E-4;52.993611527265024;1.000120551752388;215684;2750824;0.8527072962262392;0.1575131792939412;0.8527072962262392;0.1575131792939412;4.307247491424303;1.854565011776488E-5;2.4572986406038463E-4;0.010473655904007714;6.490977541217708E-5;0.0013121047458318652;4;1.854565011776488E-5;53;2.4572986406038463E-4;2259;0.010473655904007714;14;6.490977541217708E-5;283;0.0013121047458318652;1462938x212560-NZ-CP113531_1125948_aligned_81335_F_126_212_1;0.8527072962262392;0.1575131792939412;0.8527072962262392;0.1575131792939412;
224;11;Rickettsia tillamookensis;species;2761623;7;356;122;122;27;4.518518518518518;29;27;2617;373.85714285714283;2.2386923100919148E-4;121.98645690381707;1.0001110213094688;544961;114277;0.8562059492634129;0.06031323719424247;0.8562059492634129;0.06031323719424247;7.023971977178037;1.284495587757656E-5;2.2386923100919148E-4;0.004802178504516837;4.954482981350959E-5;6.532577560596079E-4;7;1.284495587757656E-5;122;2.2386923100919148E-4;2617;0.004802178504516837;27;4.954482981350959E-5;356;6.532577560596079E-4;444612x54001-NZ-CM000770_21485_aligned_38539_F_114_434_5;0.8562059492634129;0.06031323719424247;0.8562059492634129;0.06031323719424247;
225;11;Candidatus Rickettsia kedanie;species;3115352;9;285;140;140;44;3.1818181818181817;22;44;3581;397.8888888888889;2.7788253508267003E-4;139.980688928036;1.0001379552573422;503810;114277;0.906059975150204;0.04439972736728693;0.9063238970293277;0.044096785862420426;4.287747428742159;1.7863877255314505E-5;2.7788253508267003E-4;0.007107838272364582;8.733451102598202E-5;5.656894464182926E-4;9;1.7863877255314505E-5;140;2.7788253508267003E-4;3581;0.007107838272364582;44;8.733451102598202E-5;285;5.656894464182926E-4;1462938x212560-NZ-CP113531_352206_aligned_41795_R_324_287_31;0.906059975150204;0.04439972736728693;0.9063238970293277;0.044096785862420426;
226;10;typhus group;species group;114292;3;39;46;46;15;3.066666666666667;15;15;1135;378.3333333333333;3.208347282669345E-4;45.99278195705691;1.000156938602884;143376;780;0.956573194924117;0.03208791005333895;0.956573194924117;0.03208791005333895;3.65409098851971;2.0924004017408773E-5;3.208347282669345E-4;0.007916248186586318;1.0462002008704386E-4;2.72012052226314E-4;13;3.2394526172134734E-5;189;4.849861719884705E-4;4479;0.011750845010267637;58;1.5412623099739583E-4;316;5.889326685383997E-4;444612x54001-NZ-CM000770_1611726_aligned_126948_F_71_178_2;0.9143885611137459;0.06864632307496657;0.9181424754794638;0.0639218896826483;
227;11;Rickettsia prowazekii;species;782;7;221;96;96;24;4.0;17;24;2379;339.85714285714283;1.0925317488588165E-4;95.99481066367329;1.000054058508901;878693;114292;0.8898990333538006;0.08313835599524624;0.8928855938316503;0.07647065296170531;4.0;7.96637733542887E-6;1.0925317488588165E-4;0.0027074302401407543;2.7313293721470412E-5;2.5150991301854E-4;7;7.96637733542887E-6;96;1.0925317488588165E-4;2379;0.0027074302401407543;24;2.7313293721470412E-5;221;2.5150991301854E-4;1462938x212560-NZ-CP113531_401432_aligned_130932_R_75_170_0;0.8898990333538006;0.08313835599524624;0.8928855938316503;0.07647065296170531;
228;11;Rickettsia typhi;species;785;3;56;47;47;19;2.473684210526316;10;19;965;321.6666666666667;5.489826883565444E-5;46.998737362167475;1.0000268653564626;856129;114292;0.9293461587432473;0.03747431608981648;0.9386444798797088;0.029403533795298694;2.2941573387056176;3.504144819297092E-6;5.489826883565444E-5;0.0011271665835405646;2.2192917188881583E-5;6.541070329354571E-5;3;3.504144819297092E-6;47;5.489826883565444E-5;965;0.0011271665835405646;19;2.2192917188881583E-5;56;6.541070329354571E-5;1462938x212560-NZ-CP113531_1328409_aligned_28576_R_45_403_45;0.9293461587432473;0.03747431608981648;0.9386444798797088;0.029403533795298694;
229;10;unclassified Rickettsia;no rank;114295;47;1517;1237;1226;167;7.407185628742515;62;135;18490;393.40425531914894;2.994164066514402E-4;1236.8133190201474;0.9912571130550937;4094632;780;0.9037856976449671;0.08023406671768697;0.9044726522249935;0.08044254055872153;9.818322979408704;1.1478442995609861E-5;3.0210285075679574E-4;0.004515668318911199;3.2969995838453856E-5;3.70485064347663E-4;191;9.193119644570543E-4;4778;0.023072317054740873;96778;0.5139955945621214;592;0.003909492524977536;7902;0.043787430394001556;3066267x246428-NZ-OZ198175_853030_aligned_119445_R_35_159_154;0.9066089502245313;0.06594305736839973;0.9081901438207971;0.06565572952143983;
230;11;Rickettsia sp.;species;789;4;144;157;157;48;3.2708333333333335;20;47;1492;373.0;3.0421286374751497E-4;156.9762737728031;1.000151145307674;516086;114295;0.8849936257022981;0.10479684736232572;0.8920163134525305;0.09259165395910302;3.6828503261499366;7.750646210127769E-6;3.0421286374751497E-4;0.002890991036377658;9.107009296900129E-5;2.790232635645997E-4;4;7.750646210127769E-6;157;3.0421286374751497E-4;1492;0.002890991036377658;47;9.107009296900129E-5;144;2.790232635645997E-4;444612x54001-NZ-CM000770_1696242_aligned_34828_R_162_270_2;0.8849936257022981;0.10479684736232572;0.8920163134525305;0.09259165395910302;
231;11;Rickettsia endosymbiont of Ixodes pacificus;species;1133329;65;3543;1725;1710;193;8.937823834196891;68;127;43952;676.1846153846154;0.009225540179655257;1717.0026258916878;0.9959215986125525;185355;114295;0.910712293870488;0.05245336203295965;0.912531431013885;0.05251876238825034;10.501798924770174;3.5067842788163257E-4;0.009306465970704864;0.23712335788082328;6.851716975533436E-4;0.019114671845917294;65;3.5067842788163257E-4;1725;0.009306465970704864;43952;0.23712335788082328;127;6.851716975533436E-4;3543;0.019114671845917294;1133329x66257-NZ-KR611317_87541_aligned_7546_F_64_509_59;0.910712293870488;0.05245336203295965;0.912531431013885;0.05251876238825034;
232;11;Rickettsia sp. MEAM1 (Bemisia tabaci);species;1182263;3;140;68;67;16;4.25;27;15;1544;514.6666666666666;0.009166780681351757;67.68926549924956;0.9898172111313986;7309;114295;0.9006600707979618;0.0727675139077772;0.9117526942033972;0.053658919854132306;6.557438524302;4.104528663291832E-4;0.009303598303461487;0.21124640853741963;0.002052264331645916;0.019154467095361883;3;4.104528663291832E-4;68;0.009303598303461487;1544;0.21124640853741963;15;0.002052264331645916;140;0.019154467095361883;1462938x212560-NZ-CP113531_344706_aligned_65316_F_61_564_1;0.9006600707979618;0.0727675139077772;0.9117526942033972;0.053658919854132306;
233;11;Rickettsia endosymbiont of Proechinophthirus fluctus;species;1462733;3;93;41;41;15;2.7333333333333334;10;15;1341;447.0;1.7879024415770172E-4;40.99642439808201;1.0000872174090907;229319;114295;0.9209919231387632;0.03930292363363494;0.9251795278288805;0.046346344540987766;2.6850556436550455;1.3082212987148906E-5;1.7879024415770172E-4;0.005847749205255561;6.541106493574453E-5;4.055486026016161E-4;3;1.3082212987148906E-5;41;1.7879024415770172E-4;1341;0.005847749205255561;15;6.541106493574453E-5;93;4.055486026016161E-4;444612x54001-NZ-CM000770_362785_aligned_7861_R_78_437_52;0.9209919231387632;0.03930292363363494;0.9251795278288805;0.046346344540987766;
234;11;Rickettsia sp. TH2014;species;1967503;7;188;134;133;39;3.4358974358974357;28;39;3110;444.2857142857143;2.349603305697523E-4;133.98425888171238;0.992653921513412;566053;114295;0.9353637512559994;0.035175138079270515;0.9361708537580171;0.03629697078912727;5.040858697707804;1.23663331878817E-5;2.3672694959659256E-4;0.0054941851734731555;6.889814204676948E-5;3.321243770459657E-4;7;1.23663331878817E-5;134;2.3672694959659256E-4;3110;0.0054941851734731555;39;6.889814204676948E-5;188;3.321243770459657E-4;1462938x212560-NZ-CP113531_734095_aligned_48119_R_231_278_21;0.9353637512559994;0.035175138079270515;0.9361708537580171;0.03629697078912727;
235;11;Rickettsia endosymbiont of Halotydeus destructor;species;2996754;1;7;16;16;6;2.6666666666666665;6;6;221;221.0;1.246465102872323E-5;15.999906515336171;1.0000058428256278;1283630;114295;0.9633507853403142;;0.9633507853403142;;1.8618986725025257;7.790406892952019E-7;1.246465102872323E-5;1.721679923342396E-4;4.674244135771211E-6;5.453284825066414E-6;1;7.790406892952019E-7;16;1.246465102872323E-5;221;1.721679923342396E-4;6;4.674244135771211E-6;7;5.453284825066414E-6;1462938x212560-NZ-CP113531_61600_aligned_128361_R_38_152_35;0.9633507853403142;;0.9633507853403142;;
236;11;Rickettsia endosymbiont of Aspidapion aeneum;species;3066247;0;0;3;3;1;3.0;3;1;0;;2.5931368311867925E-4;2.999740693788272;1.0000864428756342;11569;114295;;;;;;0.0;2.5931368311867925E-4;0.0;8.643789437289307E-5;0.0;0;0.0;3;2.5931368311867925E-4;0;0.0;1;8.643789437289307E-5;0;0.0;1462938x212560-NZ-CP113531_879464_aligned_65206_R_29_265_40;;;;;
237;11;Rickettsia endosymbiont of Cantharis rufa;species;3066248;12;406;251;251;62;4.048387096774194;31;58;4633;386.0833333333333;2.616311188847635E-4;250.96729892770654;1.0001303001324602;959366;114295;0.899768013623346;0.08992846736678455;0.9003569417741116;0.08983456723793672;5.302110372773909;1.2508260663813394E-5;2.616311188847635E-4;0.004829230971287288;6.0456593208431404E-5;4.2319615245901983E-4;12;1.2508260663813394E-5;251;2.616311188847635E-4;4633;0.004829230971287288;58;6.0456593208431404E-5;406;4.2319615245901983E-4;444612x54001-NZ-CM000770_1263084_aligned_124270_R_64_210_1;0.899768013623346;0.08992846736678455;0.9003569417741116;0.08983456723793672;
238;11;Rickettsia endosymbiont of Ceutorhynchus obstrictus;species;3066249;0;0;1;1;1;1.0;1;1;0;;9.091983598061589E-6;1.0000000000051572;0.9999999999948428;109987;114295;;;;;;0.0;9.091983598061589E-6;0.0;9.091983598061589E-6;0.0;0;0.0;1;9.091983598061589E-6;0;0.0;1;9.091983598061589E-6;0;0.0;444612x54001-NZ-CM000770_1353415_aligned_60843_F_60_264_10;;;;;
239;11;Rickettsia endosymbiont of Orchestes rusci;species;3066250;0;0;4;4;4;1.0;1;4;0;;9.665594591133267E-6;3.9999855015339003;1.0000036246296629;413839;114295;;;;;0.0;0.0;9.665594591133267E-6;0.0;9.665594591133267E-6;0.0;0;0.0;4;9.665594591133267E-6;0;0.0;4;9.665594591133267E-6;0;0.0;1462938x212560-NZ-CP113531_125940_aligned_81337_F_141_162_3;;;;;
240;11;Rickettsia endosymbiont of Polydrusus tereticollis;species;3066251;5;130;89;86;24;3.7083333333333335;15;23;2359;471.8;6.988585851526681E-5;88.9968178339713;0.9663266855275428;1230578;114295;0.9361065622528274;0.04516502050927553;0.9467891820710987;0.036820512322366196;3.8047929346236855;4.06313130902714E-6;7.232373730068309E-5;0.0019169853515990046;1.8690404021524846E-5;1.0564141403470564E-4;5;4.06313130902714E-6;89;7.232373730068309E-5;2359;0.0019169853515990046;23;1.8690404021524846E-5;130;1.0564141403470564E-4;444612x47268-NZ-CM000772_47157_aligned_75100_R_98_268_17;0.9361065622528274;0.04516502050927553;0.9467891820710987;0.036820512322366196;
241;11;Rickettsia endosymbiont of Rhinocyllus conicus;species;3066252;2;82;47;45;11;4.2727272727272725;19;11;820;410.0;4.2379665294821204E-4;46.989820900361785;0.9576542139928338;106183;114295;0.8732108227906548;0.06386096887989953;0.8732108227906548;0.06386096887989953;5.197901674539623;1.8835406797698312E-5;4.4263205974591035E-4;0.007722516787056309;1.0359473738734072E-4;7.722516787056308E-4;2;1.8835406797698312E-5;47;4.4263205974591035E-4;820;0.007722516787056309;11;1.0359473738734072E-4;82;7.722516787056308E-4;444612x44192-NZ-GG688316_3541_aligned_48446_F_83_5568_6;0.8732108227906548;0.06386096887989953;0.8732108227906548;0.06386096887989953;
242;11;Rickettsia endosymbiont of Urophora cardui;species;3066265;18;444;375;367;63;5.9523809523809526;31;52;6266;348.1111111111111;7.306987032586773E-4;374.86041535798813;0.9790310872102046;502259;114295;0.9166212122923629;0.05163691086237845;0.9168556239191796;0.05176316926170308;7.232160636036633;3.583808353857273E-5;7.466267403869318E-4;0.012475635080705373;1.0353224133365456E-4;8.840060606181273E-4;18;3.583808353857273E-5;375;7.466267403869318E-4;6266;0.012475635080705373;52;1.0353224133365456E-4;444;8.840060606181273E-4;3066265x73211-NZ-CAXIPY010000004_525057_aligned_140269_F_19_227_77;0.9166212122923629;0.05163691086237845;0.9168556239191796;0.05176316926170308;
243;11;Rickettsia endosymbiont of Gonocerus acuteangulatus;species;3066266;20;1095;553;549;48;11.520833333333334;77;28;11616;580.8;7.96336561711732E-4;552.7786686957246;0.9931642284521572;689407;114295;0.8897999889962527;0.07235011473654283;0.8901598089122444;0.07241722227419875;14.966614738730621;2.9010439406620473E-5;8.021386495930561E-4;0.01684926320736517;4.061461516926866E-5;0.0015883215575124708;20;2.9010439406620473E-5;553;8.021386495930561E-4;11616;0.01684926320736517;28;4.061461516926866E-5;1095;0.0015883215575124708;3066266x73572-NZ-OZ032147_1635138_aligned_84718_R_184_344_44;0.8897999889962527;0.07235011473654283;0.8901598089122444;0.07241722227419875;
244;11;Rickettsia endosymbiont of Pantilius tunicatus;species;3066267;4;113;54;54;14;3.857142857142857;11;14;934;233.5;1.6832707821598235E-4;53.99553957280114;1.0000826073270894;320804;114295;0.8632257129313523;0.0790998895764176;0.8632257129313523;0.0790998895764176;3.59180997563887;1.2468672460443137E-5;1.6832707821598235E-4;0.0029114350195134724;4.364035361155098E-5;3.522399970075186E-4;4;1.2468672460443137E-5;54;1.6832707821598235E-4;934;0.0029114350195134724;14;4.364035361155098E-5;113;3.522399970075186E-4;3066267x246428-NZ-OZ198175_1643661_aligned_117621_R_53_139_70;0.8632257129313523;0.0790998895764176;0.8632257129313523;0.0790998895764176;
245;11;Rickettsia endosymbiont of Nabis limbatus;species;3066268;0;0;16;16;13;1.2307692307692308;3;13;0;;9.228763749415992E-5;15.999307861434964;1.0000432605317073;173371;114295;;;;;0.599144689515278;0.0;9.228763749415992E-5;0.0;7.498370546400493E-5;0.0;0;0.0;16;9.228763749415992E-5;0;0.0;13;7.498370546400493E-5;0;0.0;1462938x212560-NZ-CP113531_430200_aligned_91361_R_70_304_2;;;;;
246;11;Rickettsia endosymbiont of Lasioglossum villosulum;species;3066269;0;0;1;1;1;1.0;1;1;0;;3.9761431411530815E-5;0.9999999999989517;1.0000000000010483;25150;114295;;;;;;0.0;3.9761431411530815E-5;0.0;3.9761431411530815E-5;0.0;0;0.0;1;3.9761431411530815E-5;0;0.0;1;3.9761431411530815E-5;0;0.0;33992x184994-NZ-CP013134_4722_aligned_89926_R_123_79_2;;;;;
247;11;Rickettsia endosymbiont of Seladonia tumulorum;species;3066270;0;0;5;5;1;5.0;5;1;0;;2.5699013157894735E-4;4.999486046156335;1.0001028013357613;19456;114295;;;;;;0.0;2.5699013157894735E-4;0.0;5.139802631578947E-5;0.0;0;0.0;5;2.5699013157894735E-4;0;0.0;1;5.139802631578947E-5;0;0.0;1462938x212560-NZ-CP113531_1702928_aligned_105464_R_26_182_52;;;;;
248;11;Rickettsia sp. R1;species;3405422;0;0;1;1;1;1.0;1;1;0;;2.671653753673524E-4;0.999999999999828;1.000000000000172;3743;114295;;;;;;0.0;2.671653753673524E-4;0.0;2.671653753673524E-4;0.0;0;0.0;1;2.671653753673524E-4;0;0.0;1;2.671653753673524E-4;0;0.0;1462938x212560-NZ-CP113531_1667014_aligned_137021_R_84_166_5;;;;;
249;10;belli group;species group;1129742;3;145;20;20;9;2.2222222222222223;7;9;1075;358.3333333333333;2.823981248764508E-4;19.997317445028745;1.000134145741229;70822;780;0.8302468044917432;0.11275845328357756;0.8302468044917432;0.11275845328357756;2.223610677354389;4.2359718731467624E-5;2.823981248764508E-4;0.015178899212109232;1.2707915619440286E-4;0.0020473864053542684;22;1.3669988644874123E-4;326;0.0012367391388325571;8844;0.055271489927673646;97;3.6603748740219157E-4;791;0.004334315438251384;444612x54001-NZ-CM000770_1542787_aligned_18212_R_25_331_44;0.8933506574741585;0.07813897532783641;0.89434396233042;0.0781997498644379;
250;11;Rickettsia canadensis;species;788;5;153;129;129;34;3.7941176470588234;22;34;2056;411.2;2.0965110156214448E-4;128.98658325384415;1.0001040166024822;615308;1129742;0.9075961395677705;0.07176226350495195;0.9092265743503791;0.0694247737493898;4.879017609542376;8.126011688455213E-6;2.0965110156214448E-4;0.0033414160062927834;5.5256879481495444E-5;2.486559576667295E-4;7;1.640451254416853E-5;153;3.0887008696934735E-4;2888;0.006786010511437663;44;9.664938376006202E-5;268;7.312515869528396E-4;444612x54001-NZ-CM000770_362144_aligned_63064_F_16_329_69;0.8920415881061796;0.10165199147072357;0.8932061843794715;0.10077704403023843;
251;12;Rickettsia canadensis str. McKiel;strain;293613;1;4;13;13;5;2.6;5;5;410;410.0;5.301059396331667E-5;12.999681941103955;1.0000244666675298;245234;788;0.9894736842105263;;0.9894736842105263;;1.8165902124584952;4.077737997178205E-6;5.301059396331667E-5;0.0016718725788430642;2.0388689985891026E-5;1.631095198871282E-5;1;4.077737997178205E-6;13;5.301059396331667E-5;410;0.0016718725788430642;5;2.0388689985891026E-5;4;1.631095198871282E-5;444612x54001-NZ-CM000770_1124346_aligned_119995_F_24_255_46;0.9894736842105263;;0.9894736842105263;;
252;12;Rickettsia canadensis str. CA410;strain;1105107;1;111;11;11;5;2.2;6;5;422;422.0;4.620839144388621E-5;10.999768961038686;1.0000210039830957;238052;788;0.7168367346938775;;0.7168367346938775;;2.16794833886788;4.20076285853511E-6;4.620839144388621E-5;0.0017727219263018164;2.100381429267555E-5;4.662846772973972E-4;1;4.20076285853511E-6;11;4.620839144388621E-5;422;0.0017727219263018164;5;2.100381429267555E-5;111;4.662846772973972E-4;444612x54001-NZ-CM000770_496716_aligned_32305_R_97_337_0;0.7168367346938775;;0.7168367346938775;;
253;11;Rickettsia bellii;species;33990;1;15;28;28;15;1.8666666666666667;7;15;479;479.0;4.2802264239778287E-5;27.999422177535028;1.0000206369424807;654171;1129742;0.9621380846325167;;0.9665924276169265;;1.9223002094465098;1.528652294277796E-6;4.2802264239778287E-5;7.322244489590642E-4;2.292978441416694E-5;2.292978441416694E-5;3;6.760940297160549E-5;43;5.192611778573192E-4;1342;0.029246068366225966;18;1.124775521989501E-4;50;0.0011793429212674017;444612x47881-NZ-CM000773_4521_aligned_11965_R_76_399_8;0.9563308509622273;0.02910771637820018;0.9602428164230501;0.025626115911302774;
254;12;Rickettsia bellii RML369-C;strain;336407;2;35;13;13;2;6.5;8;2;863;431.5;4.2952487940263E-4;12.99742316292281;1.000198257534966;30266;33990;0.9534272341270826;0.040545435762302635;0.9570680108261118;0.035396599976959334;2.1213203435596424;6.608075067732769E-5;4.2952487940263E-4;0.028513843917266902;6.608075067732769E-5;0.0011564131368532347;2;6.608075067732769E-5;13;4.2952487940263E-4;863;0.028513843917266902;2;6.608075067732769E-5;35;0.0011564131368532347;3066266x73572-NZ-OZ032147_1973387_aligned_37983_R_73_351_1;0.9534272341270826;0.040545435762302635;0.9570680108261118;0.035396599976959334;
255;12;Rickettsia bellii str. RML Mogi;strain;1359194;0;0;2;2;1;2.0;2;1;0;;4.693403421491094E-5;1.9999765329787729;1.0000117336482905;42613;33990;;;;;;0.0;4.693403421491094E-5;0.0;2.346701710745547E-5;0.0;0;0.0;2;4.693403421491094E-5;0;0.0;1;2.346701710745547E-5;0;0.0;444612x46767-NZ-CM000771_30856_aligned_13949_R_115_389_2;;;;;
256;11;Rickettsia oklahomensis;species;3141789;9;328;110;110;26;4.230769230769231;18;26;3539;393.22222222222223;1.2620974912943956E-4;109.99312185090686;1.0000625325381933;871565;1129742;0.8944100423695911;0.04363136668057629;0.8946283353187288;0.04384305276245401;4.675961439598854;1.03262522014996E-5;1.2620974912943956E-4;0.004060511837900788;2.9831395248776626E-5;3.7633452467687435E-4;9;1.03262522014996E-5;110;1.2620974912943956E-4;3539;0.004060511837900788;26;2.9831395248776626E-5;328;3.7633452467687435E-4;444612x54001-NZ-CM000770_1411904_aligned_117514_R_107_182_17;0.8944100423695911;0.04363136668057629;0.8946283353187288;0.04384305276245401;
257;10;Rickettsia incertae sedis;no rank;2749451;0;0;0;0;0;;0;0;0;;;0.0;;0;780;;;;;;;;;;;16;8.46699723235028E-5;275;0.0014552651493102042;6480;0.03429133879101863;58;3.069286496726976E-4;472;0.0024977641835433324;;0.9167264599196081;0.056660661939778915;0.9187476041982151;0.054628621319062154;
258;11;Candidatus Rickettsia colombianensi;species;1090944;16;472;275;274;58;4.741379310344827;28;58;6480;405.0;0.0014499732760399854;274.8007246510837;0.9970861625197662;188969;2749451;0.9167264599196081;0.056660661939778915;0.9187476041982151;0.054628621319062154;6.188728704379158;8.46699723235028E-5;0.0014552651493102042;0.03429133879101863;3.069286496726976E-4;0.0024977641835433324;16;8.46699723235028E-5;275;0.0014552651493102042;6480;0.03429133879101863;58;3.069286496726976E-4;472;0.0024977641835433324;444612x54001-NZ-CM000770_412024_aligned_58196_R_290_221_13;0.9167264599196081;0.056660661939778915;0.9187476041982151;0.054628621319062154;
259;7;Anaplasmataceae;family;942;0;0;0;0;0;;0;0;0;;0.0;0.0;;124400;766;;;;;;0.0;0.0;0.0;0.0;0.0;27809;0.01364249617617764;826900;0.2795444591187595;13845811;7.445727220745269;31002;0.01748609507874295;1153989;0.6933020522549203;;0.9067001784192538;0.0692587811588571;0.9067006024709215;0.06925852207502552;
260;8;Anaplasma;genus;768;0;0;664;664;46;14.434782608695652;80;6;0;;0.0010058518156079723;663.6666715429207;1.0005022528196337;660137;942;;;;;18.267946638747752;0.0;0.0010058518156079723;0.0;9.08902243019252E-6;0.0;27629;0.013481691549415984;821003;0.27492340346771554;13726838;7.349795231335149;30786;0.017290975489218013;1143269;0.6846358974264445;1000938x157753-NZ-AFMX01000030_13_aligned_950_F_45_2518_21;0.9067096685583496;0.06927378894550772;0.9067100953726689;0.06927352817171942;
261;9;Anaplasma marginale;species;770;5;1686;984;984;56;17.571428571428573;57;5;17351;3470.2;7.146498869197282E-4;983.6488330974636;1.000357004340086;1376898;768;0.903000711965239;0.01595447066516945;0.903000711965239;0.01595447066516945;15.324202061809576;3.6313510514213833E-6;7.146498869197282E-4;0.012601514418642485;3.6313510514213833E-6;0.0012244915745392906;5;3.6313510514213833E-6;984;7.146498869197282E-4;17351;0.012601514418642485;5;3.6313510514213833E-6;1686;0.0012244915745392906;1000938x157753-NZ-AFMX01000030_13_aligned_950_F_45_2518_21;0.903000711965239;0.01595447066516945;0.903000711965239;0.01595447066516945;
262;9;phagocytophilum group;species group;106179;0;0;0;0;0;;0;0;0;;;0.0;;0;768;;;;;;;;;;;27624;0.013478060198364563;819355;0.27320290176518786;13709487;7.337193716916506;30775;0.0172782551157364;1141583;0.6834114058519052;;0.9067103398870118;0.06927977424151975;0.9067107667785853;0.06927951343892473;
263;10;Anaplasma phagocytophilum;species;948;27368;1127104;815666;51141;67300;12.119851411589895;155;30420;13562443;495.55842589886;0.009587758804901923;756361.8534825706;0.06761446226370071;5333989;106179;0.9069242444518036;0.06911771970415519;0.9069246753365168;0.06911745451115546;12.396720410135035;0.005130869223764803;0.15291857557261554;2.5426454760217916;0.005703048881428139;0.21130602256585082;27624;0.013478060198364563;819355;0.27320290176518786;13709487;7.337193716916506;30775;0.0172782551157364;1141583;0.6834114058519052;948x109553-NZ-FLME02000224_28_aligned_12249_R_95_372_1;0.9067103398870118;0.06927977424151975;0.9067107667785853;0.06927951343892473;
264;11;Anaplasma phagocytophilum str. CRT53-1;strain;1359157;256;14479;3689;294;378;9.75925925925926;45;355;147044;574.390625;0.009586227134891911;3475.8233004100034;0.08458427675691113;30669;948;0.8838426050072359;0.08182674751920331;0.8838426050072359;0.08182674751920331;8.260527820560313;0.00834719097459976;0.1202843261925723;4.794548240894715;0.01157520623430826;0.47210538328605434;256;0.00834719097459976;3689;0.1202843261925723;147044;4.794548240894715;355;0.01157520623430826;14479;0.47210538328605434;1359157x118545-NZ-LAOD01000041_7180_aligned_3781_F_121_4514_1;0.8838426050072359;0.08182674751920331;0.8838426050072359;0.08182674751920331;
265;8;Ehrlichia;genus;943;21;472;481;481;29;16.586206896551722;65;25;5865;279.2857142857143;4.6000007650728923E-4;480.8896168425245;1.0002295394901646;1045652;942;0.8944066406610054;0.07522974388085586;0.8944066406610054;0.07522974388085586;15.437702552469462;2.0083163423395165E-5;4.6000007650728923E-4;0.005608940641819649;2.3908527884994244E-5;4.513930064686913E-4;180;1.6080462676165672E-4;5897;0.00462105565104395;118973;0.0959319894101195;216;1.9511958952493573E-4;10720;0.008666154828475752;2020671x138139-NZ-CP118226_1106957_aligned_118778_R_68_165_0;0.9052434947910317;0.06708600636614144;0.9052434947910317;0.06708600636614144;
266;9;canis group;species group;106178;1;52;72;72;2;36.0;52;2;184;184.0;2.8482702692011E-4;71.98988957478169;1.0001404422937448;252785;943;0.6623376623376623;;0.6623376623376623;;22.627416997969522;3.955930929445972E-6;2.8482702692011E-4;7.278912910180589E-4;7.911861858891943E-6;2.0570840833119053E-4;159;1.4072146333826154E-4;5416;0.004161055574536662;113108;0.09032304876829986;191;1.712110616399415E-4;10248;0.00821476182200706;1359167x228351-NZ-LANU01000002_428451_aligned_124321_R_69_82_33;0.9066747774119787;0.066065420076125;0.9066747774119787;0.066065420076125;
267;10;Ehrlichia ruminantium;species;779;3;1165;1134;1134;79;14.354430379746836;120;3;11920;3973.3333333333335;2.3454146316644213E-4;1133.86714270996;1.0001171718317214;4834966;106178;0.8903178395510508;0.03450900009551251;0.8903178395510508;0.03450900009551251;18.241287329939855;6.204800612868839E-7;2.3454146316644213E-4;0.0024653741101798854;6.204800612868839E-7;2.4095309046640658E-4;3;6.204800612868839E-7;1134;2.3454146316644213E-4;11920;0.0024653741101798854;3;6.204800612868839E-7;1165;2.4095309046640658E-4;779x203291-NZ-BDDN01000024_1916_aligned_268_R_48_1798_50;0.8903178395510508;0.03450900009551251;0.8903178395510508;0.03450900009551251;
268;10;Ehrlichia muris;species;35795;5;55;55;55;5;11.0;19;5;975;195.0;8.531973181681388E-5;54.9976964289161;1.0000418848648849;644634;106178;0.9240726790875545;0.05229212452399135;0.9240726790875545;0.05229212452399135;5.522680508593631;7.75633925607399E-6;8.531973181681388E-5;0.0015124861549344279;7.75633925607399E-6;8.531973181681388E-5;5;7.75633925607399E-6;55;8.531973181681388E-5;975;0.0015124861549344279;5;7.75633925607399E-6;55;8.531973181681388E-5;35795x143006-NZ-JBFUOI010000004_74913_aligned_100685_R_52_102_25;0.9240726790875545;0.05229212452399135;0.9240726790875545;0.05229212452399135;
269;10;Ehrlichia minasensis;species;1242993;150;8976;4155;1081;299;13.896321070234114;105;181;100029;666.86;9.252546590124169E-4;4147.622169572628;0.2606312619144348;1168327;106178;0.90805090021384;0.06419311802844947;0.90805090021384;0.06419311802844947;14.837349248729799;1.283887130914547E-4;0.0035563673526332953;0.08561729721216749;1.5492238046368868E-4;0.007682780591392649;150;1.283887130914547E-4;4155;0.0035563673526332953;100029;0.08561729721216749;181;1.5492238046368868E-4;8976;0.007682780591392649;1242993x135453-NZ-QOHL01000049_2254_aligned_58232_R_41_362_32;0.90805090021384;0.06419311802844947;0.90805090021384;0.06419311802844947;
270;4;Spirochaetota;phylum;203691;0;0;0;0;0;;0;0;0;;;0.0;;0;3379134;;;;;;;;;;;26572;0.01453427942281021;1222095;0.7063580729567729;15106528;7.418554341528307;44975;0.0723601971925586;1222007;0.6019693204896467;;0.9106671381438202;0.06689207690853857;0.9109871471531795;0.06678324564183184;
271;5;Spirochaetia;class;203692;0;0;62;46;15;4.133333333333334;16;15;0;;0.03955288048151333;60.40164315835723;0.7615686857955187;1163;203691;;;;;4.955035918374453;0.0;0.05331040412725709;0.0;0.012897678417884782;0.0;26572;0.01453427942281021;1222095;0.7063580729567729;15106528;7.418554341528307;44975;0.0723601971925586;1222007;0.6019693204896467;47466x124347-NZ-CP114690_611865_aligned_34515_R_65_305_49;0.9106671381438202;0.06689207690853857;0.9109871471531795;0.06678324564183184;
272;6;Spirochaetales;order;136;1;7;204;136;39;5.230769230769231;20;36;291;291.0;0.09207853757616791;190.59897032588765;0.7135400562105142;1477;203692;0.9731800766283525;;0.9731800766283525;;4.613832397553312;6.770480704129993E-4;0.13811780636425186;0.1970209884901828;0.024373730534867976;0.004739336492890996;26572;0.01453427942281021;1222033;0.6530476688295156;15106528;7.418554341528307;44960;0.05946251877467388;1222007;0.6019693204896467;445983x87571-NZ-ABCV02000001_471292_aligned_61059_F_60_1116_0;0.9106671381438202;0.06689207690853857;0.9109871471531795;0.06678324564183184;
273;7;Borreliaceae;family;1643685;179;2896;36029;29791;5100;7.064509803921569;99;3737;83128;464.4022346368715;0.062277754898538124;34705.647321266886;0.8583905588686342;478357;136;0.9581614732675966;0.03862849812606183;0.9584420388089334;0.038651074907271446;7.289865627414535;3.741975135724992E-4;0.07531822467320433;0.17377816149862968;0.007812157029164411;0.006054055862044457;26571;0.013857231352397211;1221829;0.5149298624652637;15106237;7.221533353038124;44924;0.0350887882398059;1222000;0.5972299839967556;47466x66469-NZ-CP072482_18860_aligned_8990_R_60_872_8;0.9106647854684041;0.066892236287245;0.9109848065213074;0.06678341242632775;
274;8;Borrelia;genus;138;423;6053;81361;57852;12133;6.705761147284266;78;7773;206826;488.9503546099291;0.010875728094014176;80741.949843704;0.7165048665778674;5319368;1643685;0.9665832691825392;0.03191487660715013;0.9668911857659793;0.031824948560327686;6.6108417337433245;7.952072501846083E-5;0.015295238080914876;0.038881686696615084;0.0014612638193108654;0.0011379171360206702;19358;0.006535565727760706;897511;0.29356236000051833;11238201;3.7418249817678717;28498;0.011675764247592278;905863;0.2973765430391605;47466x29855-NZ-CP017126_684038_aligned_99487_R_117_314_30;0.9126026687385259;0.06453915351945917;0.9128114873830009;0.06447370014521135;
275;9;Borrelia hermsii;species;140;0;0;165;165;53;3.1132075471698113;15;51;0;;1.9786379056657398E-4;164.98377622377492;1.0000983355854522;833907;138;;;;;3.135776050177216;0.0;1.9786379056657398E-4;0.0;6.115789890239559E-5;0.0;1;2.5348542458808617E-4;210;0.0018821549703494506;350;0.08871989860583017;67;3.7397495102431356E-4;8;0.0020278833967046894;47466x124347-NZ-CP114690_183042_aligned_26157_F_48_1881_31;0.96875;;0.975;;
276;10;Borrelia hermsii MTW;strain;1313291;0;0;3;3;1;3.0;3;1;0;;7.56811301715439E-5;2.999924319500056;1.0000252274697239;39640;140;;;;;;0.0;7.56811301715439E-5;0.0;2.5227043390514632E-5;0.0;0;0.0;3;7.56811301715439E-5;0;0.0;1;2.5227043390514632E-5;0;0.0;47466x99671-NZ-CP114676_469590_aligned_48388_R_18_342_53;;;;;
277;10;Borrelia hermsii YBT;strain;1313295;0;0;36;36;14;2.5714285714285716;9;14;0;;8.769750208281567E-5;35.99846533669747;1.0000426313535362;410502;140;;;;;2.408775166385979;0.0;8.769750208281567E-5;0.0;3.4104584143317204E-5;0.0;0;0.0;36;8.769750208281567E-5;0;0.0;14;3.4104584143317204E-5;0;0.0;47466x43307-NZ-CP114624_585520_aligned_73755_F_205_465_98;;;;;
278;10;Borrelia hermsii CC1;strain;1329908;1;8;6;6;1;6.0;6;1;350;350.0;0.001520912547528517;5.996199003485428;1.0006339009950074;3945;140;0.96875;;0.975;;;2.5348542458808617E-4;0.001520912547528517;0.08871989860583017;2.5348542458808617E-4;0.0020278833967046894;1;2.5348542458808617E-4;6;0.001520912547528517;350;0.08871989860583017;1;2.5348542458808617E-4;8;0.0020278833967046894;47466x54151-NZ-CP072479_43483_aligned_93721_R_77_296_2;0.96875;;0.975;;
279;9;Borrelia parkeri;species;141;0;0;63;63;27;2.3333333333333335;9;27;0;;1.0890911102505946E-4;62.99662393480659;1.000053591208267;578464;138;;;;;1.8187062180825984;0.0;1.0890911102505946E-4;0.0;4.667533329645406E-5;0.0;0;0.0;66;1.8760589232670423E-4;0;0.0;29;9.913985416421724E-5;0;0.0;47466x99671-NZ-CP114676_231041_aligned_55583_F_68_372_1;;;;;
280;10;Borrelia parkeri HR1;strain;1435045;0;0;3;3;2;1.5;2;2;0;;7.869678130164477E-5;2.999921303902524;1.0000262327206295;38121;141;;;;;0.7071067811865476;0.0;7.869678130164477E-5;0.0;5.246452086776318E-5;0.0;0;0.0;3;7.869678130164477E-5;0;0.0;2;5.246452086776318E-5;0;0.0;47466x110340-NZ-CP150054_563079_aligned_92893_R_123_322_74;;;;;
281;9;Borrelia turicatae;species;142;2;62;73;71;22;3.3181818181818183;10;22;1167;583.5;1.5668861778570293E-4;72.99420061693056;0.9726800129314929;453128;138;0.9496434518207486;0.0377203816489739;0.952962788677333;0.04046935972395741;2.901335712693193;4.4137638812874065E-6;1.6110238166699035E-4;0.002575431224731202;4.8551402694161474E-5;1.3682668031990961E-4;2;4.4137638812874065E-6;85;2.816157686957328E-4;1167;0.002575431224731202;27;9.876531395613749E-5;62;1.3682668031990961E-4;47466x100179-NZ-CP114677_14652_aligned_1044_F_120_2435_4;0.9496434518207486;0.0377203816489739;0.952962788677333;0.04046935972395741;
282;10;Borrelia turicatae 91E135;strain;314724;0;0;12;12;5;2.4;6;5;0;;1.2051338702874245E-4;11.999337198517459;1.0000552365077817;99574;142;;;;;2.073644135332772;0.0;1.2051338702874245E-4;0.0;5.0213911261976015E-5;0.0;0;0.0;12;1.2051338702874245E-4;0;0.0;5;5.0213911261976015E-5;0;0.0;47466x110727-NZ-CP150055_89095_aligned_28497_F_88_1466_0;;;;;
283;9;Borrelia anserina;species;143;2;23;185;185;56;3.3035714285714284;17;56;914;457.0;2.034670790266135E-4;184.98128228016262;1.0001011871017795;909238;138;0.968019571951563;0.021481031827793262;0.9689524077724585;0.022800260897167288;3.4107831297872866;2.1996440975850108E-6;2.034670790266135E-4;0.0010052373525963499;6.15900347323803E-5;2.5295907122227622E-5;2;2.1996440975850108E-6;185;2.034670790266135E-4;914;0.0010052373525963499;56;6.15900347323803E-5;23;2.5295907122227622E-5;47466x54151-NZ-CP072479_201471_aligned_53879_F_71_374_64;0.968019571951563;0.021481031827793262;0.9689524077724585;0.022800260897167288;
284;9;Borrelia coriaceae;species;144;1;42;163;159;62;2.629032258064516;16;60;417;417.0;1.0918230010712226E-4;162.99093407932037;0.975514379975403;1456280;138;0.8914728682170543;;0.8914728682170543;;2.9544846210450206;6.866811327491966E-7;1.1192902463811904E-4;2.8634603235641495E-4;4.1200867964951796E-5;2.8840607575466255E-5;1;6.866811327491966E-7;165;1.418252846159958E-4;417;2.8634603235641495E-4;61;5.614899795389018E-5;42;2.8840607575466255E-5;47466x232362-NZ-CP114738_818297_aligned_23277_R_59_1728_13;0.8914728682170543;;0.8914728682170543;;
285;10;Borrelia coriaceae ATCC 43381;strain;1408429;0;0;2;2;1;2.0;2;1;0;;2.9896259977876768E-5;1.9999850518676778;1.000007474122023;66898;144;;;;;;0.0;2.9896259977876768E-5;0.0;1.4948129988938384E-5;0.0;0;0.0;2;2.9896259977876768E-5;0;0.0;1;1.4948129988938384E-5;0;0.0;47466x110727-NZ-CP150055_52534_aligned_17235_R_124_443_4;;;;;
286;9;Borrelia crocidurae;species;29520;0;0;13;13;5;2.6;5;5;0;;5.501271640098346E-5;12.999669928906835;1.0000253907287624;236309;138;;;;;1.8165902124584952;0.0;5.501271640098346E-5;0.0;2.115873707730133E-5;0.0;0;0.0;34;1.3254689469022586E-4;0;0.0;9;3.453567163518998E-5;0;0.0;47466x99671-NZ-CP114676_691873_aligned_6437_F_303_439_5;;;;;
287;10;Borrelia crocidurae str. Achema;strain;1155096;0;0;15;15;2;7.5;12;2;0;;6.233895769262738E-5;14.999563635135384;1.0000290918372847;240620;29520;;;;;6.363961030678928;0.0;6.233895769262738E-5;0.0;8.31186102568365E-6;0.0;0;0.0;15;6.233895769262738E-5;0;0.0;2;8.31186102568365E-6;0;0.0;47466x232362-NZ-CP114738_216787_aligned_22967_R_6_310_61;;;;;
288;10;Borrelia crocidurae DOU;strain;1293575;0;0;6;6;2;3.0;3;2;0;;1.5195220596615012E-5;5.999962012009464;1.0000063313718421;394861;29520;;;;;0.0;0.0;1.5195220596615012E-5;0.0;5.065073532205004E-6;0.0;0;0.0;6;1.5195220596615012E-5;0;0.0;2;5.065073532205004E-6;0;0.0;139x184812-NZ-CM135762_871351_aligned_2882_F_65_612_52;;;;;
289;9;Borrelia duttonii;species;40834;0;0;16;16;3;5.333333333333333;7;3;0;;3.4007098981912476E-4;15.997449720570739;1.0001594178743367;47049;138;;;;;2.0816659994661335;0.0;3.4007098981912476E-4;0.0;6.376331059108588E-5;0.0;1;3.2175032175032174E-6;52;4.6744006987195274E-4;1058;0.003404118404118404;13;9.933215577279809E-5;8;2.574002574002574E-5;47466x11729-NZ-CP114743_28881_aligned_5719_F_55_722_0;0.9922178988326849;;0.9922178988326849;;
290;10;Borrelia duttonii Ly;strain;412419;0;0;17;17;5;3.4;6;5;0;;6.623651892026682E-5;16.999470118317944;1.0000311704822777;256656;40834;;;;;2.4083189157584592;0.0;6.623651892026682E-5;0.0;1.9481329094196124E-5;0.0;0;0.0;17;6.623651892026682E-5;0;0.0;5;1.9481329094196124E-5;0;0.0;47466x29855-NZ-CP017126_369939_aligned_20143_F_137_4437_1;;;;;
291;10;Borrelia duttonii CR2A;strain;1432657;1;8;19;19;5;3.8;6;5;1058;1058.0;6.113256113256114E-5;18.999449817095737;1.000028957833493;310800;40834;0.9922178988326849;;0.9922178988326849;;1.7888543819998315;3.2175032175032174E-6;6.113256113256114E-5;0.003404118404118404;1.6087516087516086E-5;2.574002574002574E-5;1;3.2175032175032174E-6;19;6.113256113256114E-5;1058;0.003404118404118404;5;1.6087516087516086E-5;8;2.574002574002574E-5;47466x10688-NZ-CP114741_26292_aligned_61703_R_72_385_53;0.9922178988326849;;0.9922178988326849;;
292;9;Borrelia hispanica;species;40835;0;0;0;0;0;;0;0;0;;;0.0;;0;138;;;;;;;;;;;2;2.1356386841048683E-6;124;1.3240959841450184E-4;673;7.186424172012882E-4;26;2.776330289336329E-5;41;4.3780593024149804E-5;;0.9363180843631809;0.02004925637677445;0.9375346293753463;0.01832880192133847;
293;10;Borrelia hispanica CRI;strain;1417229;2;41;124;124;27;4.592592592592593;16;26;673;336.5;1.3240959841450184E-4;123.99185716415019;1.0000656723436203;936488;40835;0.9363180843631809;0.02004925637677445;0.9375346293753463;0.01832880192133847;4.171877084066404;2.1356386841048683E-6;1.3240959841450184E-4;7.186424172012882E-4;2.776330289336329E-5;4.3780593024149804E-5;2;2.1356386841048683E-6;124;1.3240959841450184E-4;673;7.186424172012882E-4;26;2.776330289336329E-5;41;4.3780593024149804E-5;47466x50782-NZ-CP010308_530965_aligned_55942_R_43_367_36;0.9363180843631809;0.02004925637677445;0.9375346293753463;0.01832880192133847;
294;9;Borrelia persica;species;44448;0;0;0;0;0;;0;0;0;;;0.0;;0;138;;;;;;;;;;;2;1.388912037422846E-6;112;7.777907409567937E-5;968;6.722334261126575E-4;40;2.777824074845692E-5;28;1.9444768523919842E-5;;0.9669407854838319;0.01256301109916174;0.9691434393421148;0.01255614981512304;
295;10;Borrelia persica No12;strain;1417230;2;28;112;112;41;2.731707317073171;12;40;968;484.0;7.777907409567937E-5;111.99568336798316;1.0000385428427867;1439976;44448;0.9669407854838319;0.01256301109916174;0.9691434393421148;0.01255614981512304;2.810910797623276;1.388912037422846E-6;7.777907409567937E-5;6.722334261126575E-4;2.777824074845692E-5;1.9444768523919842E-5;2;1.388912037422846E-6;112;7.777907409567937E-5;968;6.722334261126575E-4;40;2.777824074845692E-5;28;1.9444768523919842E-5;47466x110340-NZ-CP150054_783073_aligned_82404_F_119_360_0;0.9669407854838319;0.01256301109916174;0.9691434393421148;0.01255614981512304;
296;9;Borrelia recurrentis;species;44449;0;0;34;34;5;6.8;18;4;0;;1.90762601553032E-4;33.99685260553885;1.000092578995405;178232;138;;;;;7.791020472312982;0.0;1.90762601553032E-4;0.0;2.244265900623906E-5;0.0;0;0.0;34;1.90762601553032E-4;0;0.0;4;2.244265900623906E-5;0;0.0;47466x124347-NZ-CP114690_472526_aligned_77551_R_35_359_28;;;;;
297;9;Borrelia miyamotoi;species;47466;18912;899374;813948;553323;57836;14.073379901791272;193;20070;11019144;582.6535532994924;0.18065005852191757;714774.8230191574;0.7741221181557619;3062955;138;0.9113399960343661;0.06457835703327838;0.9115443073071406;0.06450845706326595;14.676616448782047;0.006174429594949975;0.2657394574846839;3.5975533430951483;0.006552495874082381;0.2936295179001977;18912;0.006174429594949975;813951;0.2724659148837871;11019144;3.5975533430951483;20071;0.008794648340450094;899374;0.2936295179001977;47466x125714-NZ-CP150067_14445_aligned_46536_R_57_629_54;0.9113399960343661;0.06457835703327838;0.9115443073071406;0.06450845706326595;
298;10;Borrelia miyamotoi LB-2001;strain;1302858;0;0;3;3;1;3.0;3;1;0;;0.006726457399103139;2.9932785698485835;1.0022455077249146;446;47466;;;;;;0.0;0.006726457399103139;0.0;0.002242152466367713;0.0;0;0.0;3;0.006726457399103139;0;0.0;1;0.002242152466367713;0;0.0;1302858x144417-NC-022079_791146_aligned_70757_R_112_364_86;;;;;
299;9;Borrelia turcica;species;229155;0;0;0;0;0;;0;0;0;;;0.0;;0;138;;;;;;;;;;;4;3.5512467095479705E-6;149;1.3228393993066192E-4;2269;0.002014444695991086;41;3.64002787728667E-5;19;1.6868421870352862E-5;;0.9873521922998083;0.005287144537753599;0.9907957184706071;0.0021920097421871186;
300;10;Borrelia turcica IST7;strain;1104446;4;19;149;146;41;3.6341463414634148;15;41;2269;567.25;1.2962050489850093E-4;148.99021141593798;0.9799301485143197;1126365;229155;0.9873521922998083;0.005287144537753599;0.9907957184706071;0.0021920097421871186;3.5619945084248488;3.5512467095479705E-6;1.3228393993066192E-4;0.002014444695991086;3.64002787728667E-5;1.6868421870352862E-5;4;3.5512467095479705E-6;149;1.3228393993066192E-4;2269;0.002014444695991086;41;3.64002787728667E-5;19;1.6868421870352862E-5;139x163677-NZ-PHOU01000001_243777_aligned_10900_R_76_2383_83;0.9873521922998083;0.005287144537753599;0.9907957184706071;0.0021920097421871186;
301;9;Borrelia venezuelensis;species;1653839;0;0;27;27;6;4.5;10;6;0;;1.5775266718861375E-4;26.997949315274205;1.0000759570551765;171154;138;;;;;4.03732584763727;0.0;1.5775266718861375E-4;0.0;3.505614826413639E-5;0.0;0;0.0;27;1.5775266718861375E-4;0;0.0;6;3.505614826413639E-5;0;0.0;47466x100726-NZ-CP114667_5176_aligned_7538_F_53_515_14;;;;;
302;9;Candidatus Borrelia fainii;species;2518322;0;0;64;64;28;2.2857142857142856;10;27;0;;1.1069906459290419E-4;63.99651310377476;1.0000544857220515;578144;138;;;;;2.105673866927743;0.0;1.1069906459290419E-4;0.0;4.670116787513146E-5;0.0;0;0.0;64;1.1069906459290419E-4;0;0.0;27;4.670116787513146E-5;0;0.0;47466x232362-NZ-CP114738_85728_aligned_21367_R_70_984_3;;;;;
303;9;unclassified Borrelia;no rank;2649934;0;0;28;28;12;2.3333333333333335;8;12;0;;3.330371681373826E-5;27.9995504040072;1.0000160572575743;840747;138;;;;;2.229281716090851;0.0;3.330371681373826E-5;0.0;1.4273021491602111E-5;0.0;5;6.234623858907968E-6;698;0.001218425429825687;1804;0.002249452288293995;217;3.175761683807659E-4;51;6.359316336086128E-5;47466x68451-NZ-CP114650_860492_aligned_3743_R_95_475_1;0.9554399203699513;0.04309694032794169;0.9563594605998362;0.04377726094430114;
304;10;Borrelia sp. HM;species;1882662;5;51;463;463;152;3.0460526315789473;13;149;1804;360.8;5.773261693348779E-4;462.8666632004099;1.000288067407292;801973;2649934;0.9554399203699513;0.04309694032794169;0.9563594605998362;0.04377726094430114;2.760503879020231;6.234623858907968E-6;5.773261693348779E-4;0.002249452288293995;1.8579179099545746E-4;6.359316336086128E-5;5;6.234623858907968E-6;463;5.773261693348779E-4;1804;0.002249452288293995;149;1.8579179099545746E-4;51;6.359316336086128E-5;1302858x144417-NC-022079_586506_aligned_512_F_66_4990_10;0.9554399203699513;0.04309694032794169;0.9563594605998362;0.04377726094430114;
305;10;Borrelia sp. A-FGy1;species;2608247;0;0;97;97;28;3.4642857142857144;21;28;0;;8.668942040525963E-5;96.99583903030606;1.0000428984349796;1118937;2649934;;;;;4.409435529988129;0.0;8.668942040525963E-5;0.0;2.5023750220074947E-5;0.0;0;0.0;97;8.668942040525963E-5;0;0.0;28;2.5023750220074947E-5;0;0.0;47466x50782-NZ-CP010308_46487_aligned_3131_R_26_446_43;;;;;
306;10;Borrelia sp. BU AG58;species;2887345;0;0;37;37;11;3.3636363636363638;8;11;0;;4.368539431971805E-5;36.999213672443;1.0000212525477963;846965;2649934;;;;;2.5009089256799126;0.0;4.368539431971805E-5;0.0;1.298754966261888E-5;0.0;0;0.0;37;4.368539431971805E-5;0;0.0;11;1.298754966261888E-5;0;0.0;47466x84157-NZ-CP114663_38045_aligned_65080_R_49_309_17;;;;;
307;10;Borrelia sp. RT1S;species;2898580;0;0;3;3;2;1.5;2;2;0;;8.645657718410928E-6;2.9999913543634977;1.0000028818871394;346995;2649934;;;;;0.7071067811865476;0.0;8.645657718410928E-6;0.0;5.763771812273952E-6;0.0;0;0.0;3;8.645657718410928E-6;0;0.0;2;5.763771812273952E-6;0;0.0;47466x58672-NZ-CP114637_213316_aligned_16144_F_58_335_30;;;;;
308;10;Borrelia sp. RT5S;species;2898581;0;0;13;13;4;3.25;6;4;0;;4.149231913338504E-5;12.999751048812815;1.000019150458055;313311;2649934;;;;;2.6299556396765835;0.0;4.149231913338504E-5;0.0;1.2766867425656935E-5;0.0;0;0.0;13;4.149231913338504E-5;0;0.0;4;1.2766867425656935E-5;0;0.0;47466x11137-NZ-CP114740_39289_aligned_19786_R_70_2754_5;;;;;
309;10;Borrelia sp. P9F1;species;3058374;0;0;20;20;6;3.3333333333333335;11;6;0;;1.958273116435003E-5;19.999813964100873;1.0000093018814806;1021308;2649934;;;;;4.0824829046386295;0.0;1.958273116435003E-5;0.0;5.874819349305009E-6;0.0;0;0.0;20;1.958273116435003E-5;0;0.0;6;5.874819349305009E-6;0;0.0;47466x84157-NZ-CP114663_30345_aligned_57183_R_51_422_16;;;;;
310;10;Borrelia sp. MN22-0132;species;3085635;0;0;37;37;5;7.4;21;5;0;;4.0770002093594703E-4;36.992662342886895;1.0001983543937738;90753;2649934;;;;;7.829431652425353;0.0;4.0770002093594703E-4;0.0;5.5094597423776626E-5;0.0;0;0.0;37;4.0770002093594703E-4;0;0.0;5;5.5094597423776626E-5;0;0.0;47466x84157-NZ-CP114663_829759_aligned_7153_F_43_374_28;;;;;
311;9;Borrelia puertoricensis;species;2756107;3;154;167;167;35;4.771428571428571;28;26;2611;870.3333333333334;2.394763069025102E-4;166.9801250400894;1.0001190259014707;697355;138;0.9382802163010798;0.007733915798386309;0.9410013047364539;0.004408030793065561;6.092839163774984;4.301969585075033E-6;2.394763069025102E-4;0.003744147528876971;3.7283736403983625E-5;2.208344387005184E-4;3;4.301969585075033E-6;167;2.394763069025102E-4;2611;0.003744147528876971;26;3.7283736403983625E-5;154;2.208344387005184E-4;2756107x167242-NZ-CP149120_20254_aligned_1816_R_83_1746_41;0.9382802163010798;0.007733915798386309;0.9410013047364539;0.004408030793065561;
312;9;Borrelia nietonii;species;3117462;0;0;0;0;0;;0;0;0;;;0.0;;0;138;;;;;;;;;;;0;0.0;27;2.4496239373622086E-4;0;0.0;5;4.5363406247448305E-5;0;0.0;;;;;;
313;10;Borrelia nietonii YOR;strain;1293576;0;0;27;27;5;5.4;10;5;0;;2.4496239373622086E-4;26.996815729664128;1.0001179498488917;110221;3117462;;;;;3.911521443121589;0.0;2.4496239373622086E-4;0.0;4.5363406247448305E-5;0.0;0;0.0;27;2.4496239373622086E-4;0;0.0;5;4.5363406247448305E-5;0;0.0;47466x126106-NZ-CP150068_6379_aligned_5126_R_118_420_25;;;;;
314;8;Borreliella;genus;64895;3192;93129;203550;182117;17096;11.90629386991109;117;6834;1425239;446.5034461152882;0.02832351045616969;200361.8701322257;0.9089404080717289;6429888;1643685;0.9198050987690384;0.06525405295542794;0.9200849909305935;0.06515058528253075;11.949376212006833;4.964316641285198E-4;0.031656850010451196;0.2216584487941314;0.0010628489951924512;0.014483767057839887;7034;0.006947468111064001;288289;0.14604927779154078;3784908;3.305930209771622;12689;0.015600866963049203;313241;0.2937993850955509;139x233210-NZ-PHPI01000001_634866_aligned_12589_R_127_1177_2;0.9041229242999251;0.07274596272285032;0.9047499852673773;0.07256297892720157;
315;9;Borreliella burgdorferi;species;139;3541;202680;76115;69920;7585;10.03493737640079;101;4385;2146473;606.1770686246823;0.03983341973782409;74488.34151175873;0.9386703822498509;1755310;64895;0.8899766590207383;0.07636408730431286;0.8907579646288363;0.07625352486207324;9.67954189662342;0.002017307484148099;0.04336271086018994;1.2228455372555276;0.0024981342326996373;0.11546678364505415;3565;0.006078121873490481;76445;0.10320161988049947;2160546;2.8450671667337595;4441;0.012053916707480792;204377;0.2603978882304856;139x151271-NZ-JALLPM010000011_10989_aligned_38613_R_136_432_102;0.8897715614425997;0.07652656870279398;0.8905523924225298;0.07641698564490167;
316;10;Borreliella burgdorferi 156a;strain;445983;3;69;32;32;7;4.571428571428571;11;5;1728;576.0;0.015625;31.75899088127926;1.00758868943984;2048;139;0.9529875125522033;0.03078400692105355;0.9529875125522033;0.03078400692105355;3.6903993847614407;0.00146484375;0.015625;0.84375;0.00244140625;0.03369140625;3;0.00146484375;32;0.015625;1728;0.84375;5;0.00244140625;69;0.03369140625;445983x53130-NC-011864_22715_aligned_56165_R_81_304_9;0.9529875125522033;0.03078400692105355;0.9529875125522033;0.03078400692105355;
317;10;Borreliella burgdorferi ZS7;strain;445985;0;0;1;1;1;1.0;1;1;0;;3.056234718826406E-4;1.0000000000001181;0.9999999999998819;3272;139;;;;;;0.0;3.056234718826406E-4;0.0;3.056234718826406E-4;0.0;0;0.0;1;3.056234718826406E-4;0;0.0;1;3.056234718826406E-4;0;0.0;139x19709-NZ-JBTFYB010000006_9251_aligned_102720_R_68_64_4;;;;;
318;10;Borreliella burgdorferi 118a;strain;476210;1;20;5;5;2;2.5;4;2;250;250.0;6.046680372475511E-4;4.998790810163971;1.0002418964669557;8269;139;0.9090909090909091;;0.9090909090909091;;2.1213203435596424;1.2093360744951022E-4;6.046680372475511E-4;0.030233401862377555;2.4186721489902045E-4;0.0024186721489902045;1;1.2093360744951022E-4;5;6.046680372475511E-4;250;0.030233401862377555;2;2.4186721489902045E-4;20;0.0024186721489902045;139x97823-NZ-JAJNFR010000008_13505_aligned_127118_R_98_145_1;0.9090909090909091;;0.9090909090909091;;
319;10;Borreliella burgdorferi 72a;strain;476211;0;0;2;2;1;2.0;2;1;0;;0.0024783147459727386;1.9987608426270842;1.0006199628021966;807;139;;;;;;0.0;0.0024783147459727386;0.0;0.0012391573729863693;0.0;0;0.0;2;0.0024783147459727386;0;0.0;1;0.0012391573729863693;0;0.0;445983x39211-NC-011841_1966_aligned_49161_R_45_353_129;;;;;
320;10;Borreliella burgdorferi 94a;strain;476212;0;0;1;1;1;1.0;1;1;0;;3.206155819172812E-4;1.0000000000001092;0.9999999999998908;3119;139;;;;;;0.0;3.206155819172812E-4;0.0;3.206155819172812E-4;0.0;0;0.0;1;3.206155819172812E-4;0;0.0;1;3.206155819172812E-4;0;0.0;139x144021-NZ-PHQC01000001_465577_aligned_132987_F_112_309_9;;;;;
321;10;Borreliella burgdorferi WI91-23;strain;498737;0;0;2;2;1;2.0;2;1;0;;3.5310734463276836E-4;1.9998234463279587;1.0000882846295085;5664;139;;;;;;0.0;3.5310734463276836E-4;0.0;1.7655367231638418E-4;0.0;0;0.0;2;3.5310734463276836E-4;0;0.0;1;1.7655367231638418E-4;0;0.0;139x100516-NZ-CP147265_630715_aligned_16859_R_285_478_4;;;;;
322;10;Borreliella burgdorferi 29805;strain;498738;1;48;26;26;1;26.0;26;1;169;169.0;0.010362694300518135;25.870878397260938;1.0049910018808148;2509;139;0.6546762589928058;;0.6546762589928058;;;3.9856516540454366E-4;0.010362694300518135;0.06735751295336788;3.9856516540454366E-4;0.019131127939418093;1;3.9856516540454366E-4;26;0.010362694300518135;169;0.06735751295336788;1;3.9856516540454366E-4;48;0.019131127939418093;139x185268-NZ-PHPX01000001_629232_aligned_130161_F_64_103_3;0.6546762589928058;;0.6546762589928058;;
323;10;Borreliella burgdorferi 64b;strain;498740;0;0;5;5;2;2.5;3;2;0;;0.0021691973969631237;4.995663486964213;1.000868055473933;2305;139;;;;;0.7071067811865476;0.0;0.0021691973969631237;0.0;8.676789587852494E-4;0.0;0;0.0;5;0.0021691973969631237;0;0.0;2;8.676789587852494E-4;0;0.0;139x150298-NZ-PHQO01000001_8758_aligned_2269_R_29_471_82;;;;;
324;10;Borreliella burgdorferi N40;strain;521007;1;33;10;10;1;10.0;10;1;231;231.0;0.010940919037199124;9.950909234114077;1.004933294509172;914;139;0.835820895522388;;0.835820895522388;;;0.0010940919037199124;0.010940919037199124;0.2527352297592998;0.0010940919037199124;0.036105032822757115;1;0.0010940919037199124;10;0.010940919037199124;231;0.2527352297592998;1;0.0010940919037199124;33;0.036105032822757115;139x209610-NZ-CP179363_1181_aligned_76024_R_36_174_34;0.835820895522388;;0.835820895522388;;
325;10;Borreliella burgdorferi JD1;strain;521008;10;671;139;139;18;7.722222222222222;31;18;5897;589.7;0.00528677924844059;138.6358450142979;1.0026267015263228;26292;139;0.8562347541963182;0.09810863591893805;0.8565939495986171;0.09838695536884859;7.621992603107803;3.8034383082306405E-4;0.00528677924844059;0.22428875703636086;6.846188954815153E-4;0.0255210710482276;10;3.8034383082306405E-4;139;0.00528677924844059;5897;0.22428875703636086;18;6.846188954815153E-4;671;0.0255210710482276;521008x112318-NC-017404_23492_aligned_119509_F_33_113_107;0.8562347541963182;0.09810863591893805;0.8565939495986171;0.09838695536884859;
326;10;Borreliella burgdorferi 297;strain;521009;1;24;21;21;3;7.0;19;3;194;194.0;0.009628610729023384;20.90399291873677;1.0045927628102658;2181;139;0.8536585365853658;;0.8536585365853658;;10.392304845413264;4.585052728106373E-4;0.009628610729023384;0.08895002292526365;0.001375515818431912;0.011004126547455296;1;4.585052728106373E-4;21;0.009628610729023384;194;0.08895002292526365;3;0.001375515818431912;24;0.011004126547455296;521009x167446-NZ-CP161164_28859_aligned_113092_F_124_69_2;0.8536585365853658;;0.8536585365853658;;
327;10;Borreliella burgdorferi CA8;strain;747491;7;832;86;86;20;4.3;24;20;5604;800.5714285714286;0.0017633791265122;85.92509939567037;1.0008716964525666;48770;139;0.8505300386602647;0.0875088281484639;0.8524539431107134;0.08718071529025044;5.526015029409815;1.4353085913471398E-4;0.0017633791265122;0.11490670494156244;4.100881689563256E-4;0.017059667828583144;7;1.4353085913471398E-4;86;0.0017633791265122;5604;0.11490670494156244;20;4.100881689563256E-4;832;0.017059667828583144;139x160608-NZ-JAJNEZ010000005_57254_aligned_4574_R_43_488_34;0.8505300386602647;0.0875088281484639;0.8524539431107134;0.08718071529025044;
328;9;Borreliella afzelii;species;29518;10;428;189;189;51;3.7058823529411766;17;50;7061;706.1;2.0100181858788245E-4;188.98110707354482;1.000099972567352;940290;64895;0.9313743664553892;0.051026971553715675;0.9343591440164941;0.04903453526988569;3.460023801346221;1.0635016856501718E-5;2.0100181858788245E-4;0.007509385402375863;5.317508428250859E-5;4.5517872145827353E-4;10;1.0635016856501718E-5;192;3.7433666051990186E-4;7061;0.007509385402375863;52;1.9745282901853788E-4;428;4.5517872145827353E-4;498738x241259-NZ-ABJX02000004_25858_aligned_113236_F_77_143_0;0.9313743664553892;0.051026971553715675;0.9343591440164941;0.04903453526988569;
329;10;Borreliella afzelii PKo;strain;390236;0;0;2;2;1;2.0;2;1;0;;5.811419439198024E-5;1.999970942903559;1.0000145287593023;34415;29518;;;;;;0.0;5.811419439198024E-5;0.0;2.905709719599012E-5;0.0;0;0.0;2;5.811419439198024E-5;0;0.0;1;2.905709719599012E-5;0;0.0;139x184812-NZ-CM135762_687837_aligned_149_F_436_954_3;;;;;
330;10;Borreliella afzelii ACA-1;strain;445986;0;0;1;1;1;1.0;1;1;0;;1.1522064754003918E-4;0.9999999999995998;1.0000000000004003;8679;29518;;;;;;0.0;1.1522064754003918E-4;0.0;1.1522064754003918E-4;0.0;0;0.0;1;1.1522064754003918E-4;0;0.0;1;1.1522064754003918E-4;0;0.0;47466x99671-NZ-CP114676_472065_aligned_22018_R_45_348_71;;;;;
331;9;Borreliella garinii;species;29519;26;3274;1486;1465;194;7.65979381443299;51;89;42477;1633.7307692307693;6.719946130343102E-4;1485.4940065996132;0.9862039116222857;2180077;64895;0.9119454865838328;0.07007479439622545;0.9138101676690323;0.0706819036744242;8.821061228717923;1.1926184258629397E-5;6.816273003201263E-4;0.019484174182838498;4.082424611607755E-5;0.0015017818177981788;27;2.426805405190308E-5;1517;0.0020290030747801024;43023;0.026222835089965927;97;4.152100075675504E-4;3286;0.001649884255317463;29519x205578-NZ-JAEIQM010000015_3295_aligned_28044_R_44_8078_22;0.914345438415784;0.06983642369478121;0.9161410572385685;0.07035959452865448;
332;10;Borreliella garinii BgVir;strain;1081646;1;12;17;17;4;4.25;12;4;546;546.0;2.0981178648565258E-4;16.998321609270345;1.0000987386148017;81025;29519;0.9767441860465116;;0.9767441860465116;;5.251983752196243;1.2341869793273682E-5;2.0981178648565258E-4;0.00673866090712743;4.936747917309473E-5;1.4810243751928417E-4;1;1.2341869793273682E-5;17;2.0981178648565258E-4;546;0.00673866090712743;4;4.936747917309473E-5;12;1.4810243751928417E-4;139x206336-NZ-PHPB01000001_853924_aligned_27304_R_64_487_1;0.9767441860465116;;0.9767441860465116;;
333;10;Borreliella garinii IPT108;strain;1408841;0;0;14;14;4;3.5;6;4;0;;0.0011375639879743235;13.992608236784564;1.0005282620002183;12307;29519;;;;;2.0816659994661326;0.0;0.0011375639879743235;0.0;3.2501828227837813E-4;0.0;0;0.0;14;0.0011375639879743235;0;0.0;4;3.2501828227837813E-4;0;0.0;139x184812-NZ-CM135762_259578_aligned_27378_R_60_729_64;;;;;
334;9;Borreliella japonica;species;34095;4;79;176;176;55;3.2;19;54;1941;485.25;1.8894865105693152E-4;175.9834680315604;1.000093940462843;931470;64895;0.9569395522881835;0.020798118136175662;0.9588052239299746;0.02283607884139381;3.59732410838122;4.2942875240211705E-6;1.8894865105693152E-4;0.002083803021031273;5.797288157428581E-5;8.481217859941812E-5;4;4.2942875240211705E-6;176;1.8894865105693152E-4;1941;0.002083803021031273;54;5.797288157428581E-5;79;8.481217859941812E-5;139x97629-NZ-PHQA01000001_640600_aligned_16596_R_59_506_58;0.9569395522881835;0.020798118136175662;0.9588052239299746;0.02283607884139381;
335;9;Borreliella andersonii;species;42109;59;2470;1631;1621;201;8.114427860696518;98;152;33030;559.8305084745763;0.0016627397560973107;1629.6372663896425;0.9946998840982707;974897;64895;0.9006878025121096;0.08653221080989085;0.9036860099270919;0.08398830882799369;12.656691542264111;6.0519213824639934E-5;0.0016729972499658938;0.03388050224792978;1.559139068024622E-4;0.0025336009855400107;59;6.0519213824639934E-5;1631;0.0016729972499658938;33030;0.03388050224792978;152;1.559139068024622E-4;2470;0.0025336009855400107;42109x2856-NZ-CP179270_735_aligned_85744_F_61_156_18;0.9006878025121096;0.08653221080989085;0.9036860099270919;0.08398830882799369;
336;9;Borreliella tanukii;species;56146;5;311;147;147;53;2.7735849056603774;13;53;3018;603.6;1.7687508648229144E-4;146.98708886534772;1.0000878385629102;831095;64895;0.8961140506702353;0.04431335052194736;0.8961140506702353;0.04431335052194736;2.7007229048901977;6.016159404159572E-6;1.7687508648229144E-4;0.003631353816350718;6.377128968409148E-5;3.7420511493872543E-4;5;6.016159404159572E-6;147;1.7687508648229144E-4;3018;0.003631353816350718;53;6.377128968409148E-5;311;3.7420511493872543E-4;139x113077-NZ-PHOX01000001_287522_aligned_39333_R_49_700_16;0.8961140506702353;0.04431335052194736;0.8961140506702353;0.04431335052194736;
337;9;Borreliella turdi;species;57863;8;271;236;236;77;3.064935064935065;18;76;3617;452.125;1.6844629703648717E-4;235.98020866580092;1.0000838686189446;1401040;64895;0.907017084117804;0.060698273162724976;0.9116487405086592;0.05820467677569189;4.09858018528388;5.710043967338548E-6;1.6844629703648717E-4;0.0025816536287329413;5.424541768971621E-5;1.9342773939359334E-4;8;5.710043967338548E-6;236;1.6844629703648717E-4;3617;0.0025816536287329413;76;5.424541768971621E-5;271;1.9342773939359334E-4;139x184812-NZ-CM135762_581651_aligned_122377_R_65_178_1;0.907017084117804;0.060698273162724976;0.9116487405086592;0.05820467677569189;
338;9;Borreliella valaisiana;species;62088;12;880;233;233;54;4.314814814814815;30;53;9768;814.0;2.0297157352623473E-4;232.97645687123088;1.0001010536819268;1147944;64895;0.9071024592166999;0.02961376510181323;0.9090784654466003;0.03175286024436579;4.940491435620221;1.0453471597917669E-5;2.0297157352623473E-4;0.008509125880704982;4.61694995574697E-5;7.66587917180629E-4;12;1.0453471597917669E-5;233;2.0297157352623473E-4;9768;0.008509125880704982;53;4.61694995574697E-5;880;7.66587917180629E-4;62088x204582-NZ-JAEIPY010000005_27259_aligned_8670_R_66_1981_54;0.9071024592166999;0.02961376510181323;0.9090784654466003;0.03175286024436579;
339;9;Borreliella bissettiae;species;64897;12;442;184;184;51;3.607843137254902;24;50;7080;590.0;4.013541339475797E-4;183.96328095494337;1.0001995998596351;458448;64895;0.9331049473339307;0.036761217537543925;0.933939950673944;0.03619433945822759;4.547871728061595;2.6175269605276935E-5;4.013541339475797E-4;0.015443409067113391;1.0906362335532056E-4;9.641224304610338E-4;12;2.6175269605276935E-5;191;5.186856793716494E-4;7080;0.015443409067113391;52;1.4258692204791192E-4;442;9.641224304610338E-4;139x184361-NZ-CM135761_784477_aligned_5619_F_44_462_28;0.9331049473339307;0.036761217537543925;0.933939950673944;0.03619433945822759;
340;10;Borreliella bissettiae DN127;strain;521010;0;0;7;7;2;3.5;6;2;0;;1.1733154542406972E-4;6.9996480151889955;1.0000502860729912;59660;64897;;;;;3.5355339059327378;0.0;1.1733154542406972E-4;0.0;3.352329869259135E-5;0.0;0;0.0;7;1.1733154542406972E-4;0;0.0;2;3.352329869259135E-5;0;0.0;139x113077-NZ-PHOX01000001_46209_aligned_10987_F_286_1589_1;;;;;
341;9;Borreliella sinica;species;87162;3;103;121;121;44;2.75;12;44;1852;617.3333333333334;1.5583345138897833E-4;120.99065046634338;1.0000772748441353;776470;64895;0.9405668966643632;0.048145848717180535;0.9405668966643632;0.048145848717180535;2.7119460103015873;3.863639290635826E-6;1.5583345138897833E-4;0.0023851533220858503;5.6666709595992116E-5;1.3265161564516336E-4;3;3.863639290635826E-6;121;1.5583345138897833E-4;1852;0.0023851533220858503;44;5.6666709595992116E-5;103;1.3265161564516336E-4;139x124165-NZ-PHOS01000001_663261_aligned_6245_R_361_3571_358;0.9405668966643632;0.048145848717180535;0.9405668966643632;0.048145848717180535;
342;9;Borreliella spielmanii;species;88916;7;305;150;150;44;3.409090909090909;16;44;3981;568.7142857142857;1.905163501131667E-4;149.98580742076783;1.0000946261481418;787334;64895;0.9023556603132497;0.07893033015056364;0.910429981699311;0.0683667457213512;3.7622246129191925;8.890763005281113E-6;1.905163501131667E-4;0.005056303932003445;5.5884796033195567E-5;3.8738324523010563E-4;7;8.890763005281113E-6;151;3.28656977271614E-4;3981;0.005056303932003445;45;1.9402542319164287E-4;305;3.8738324523010563E-4;139x184812-NZ-CM135762_770535_aligned_12659_R_134_686_3;0.9023556603132497;0.07893033015056364;0.910429981699311;0.0683667457213512;
343;10;Borreliella spielmanii A14S;strain;498742;0;0;1;1;1;1.0;1;1;0;;1.381406271584473E-4;0.9999999999999841;1.000000000000016;7239;88916;;;;;;0.0;1.381406271584473E-4;0.0;1.381406271584473E-4;0.0;0;0.0;1;1.381406271584473E-4;0;0.0;1;1.381406271584473E-4;0;0.0;139x178409-NZ-PHPG01000002_28996_aligned_74364_R_222_275_24;;;;;
344;9;Borreliella lusitaniae;species;100177;11;1134;807;801;115;7.017391304347826;70;71;13051;1186.4545454545455;6.748553610560433E-4;806.7260580249646;0.9929021035480332;1186921;64895;0.9116623490629524;0.04655016431246914;0.9143140151785101;0.04475191154423218;9.67995089219787;9.267676618747162E-6;6.799104573935418E-4;0.010995677050115383;5.981863999373168E-5;9.554132077872074E-4;11;9.267676618747162E-6;807;6.799104573935418E-4;13051;0.010995677050115383;71;5.981863999373168E-5;1134;9.554132077872074E-4;100177x114418-NZ-CP124048_8468_aligned_376_F_65_7219_58;0.9116623490629524;0.04655016431246914;0.9143140151785101;0.04475191154423218;
345;9;Borreliella lanei;species;373540;19;986;380;380;72;5.277777777777778;20;69;9505;500.2631578947368;8.802816901408451E-4;379.8332353020003;1.0004390471462223;431680;64895;0.8952771195627705;0.0453802202640069;0.8985673802441484;0.045033593282640394;5.2170420150255135;4.4014084507042256E-5;8.802816901408451E-4;0.02201862490733877;1.5984062268346923E-4;0.0022840993328391403;19;4.4014084507042256E-5;380;8.802816901408451E-4;9505;0.02201862490733877;69;1.5984062268346923E-4;986;0.0022840993328391403;373540x132583-NZ-CP124054_735684_aligned_140789_F_109_167_7;0.8952771195627705;0.0453802202640069;0.8985673802441484;0.045033593282640394;
346;9;Borreliella californiensis;species;373543;8;209;185;185;53;3.490566037735849;16;51;4183;522.875;3.2908487721576405E-4;184.9697274737618;1.0001636620578493;562165;64895;0.9436049084153225;0.04438779785772253;0.9443669439987867;0.044922913489900566;3.5334807501812295;1.4230697393114121E-5;3.2908487721576405E-4;0.0074408758994245466;9.072069588110252E-5;3.7177696939510644E-4;8;1.4230697393114121E-5;185;3.2908487721576405E-4;4183;0.0074408758994245466;51;9.072069588110252E-5;209;3.7177696939510644E-4;139x233210-NZ-PHPI01000001_60234_aligned_26914_R_284_2118_4;0.9436049084153225;0.04438779785772253;0.9443669439987867;0.044922913489900566;
347;9;Borreliella carolinensis;species;478174;18;560;357;349;78;4.576923076923077;30;75;6448;358.22222222222223;5.709321899421051E-4;356.8960646596739;0.9778757306634821;611281;64895;0.8885317469742628;0.09963505062242854;0.888757582565952;0.09969740480167624;5.728759143015293;2.944635936664153E-5;5.840194607717237E-4;0.010548340288672476;1.2269316402767304E-4;9.16108958073292E-4;18;2.944635936664153E-5;357;5.840194607717237E-4;6448;0.010548340288672476;75;1.2269316402767304E-4;560;9.16108958073292E-4;139x236695-NZ-CP147308_173163_aligned_1004_R_114_1101_5;0.8885317469742628;0.09963505062242854;0.888757582565952;0.09969740480167624;
348;9;Borreliella americana;species;478807;18;978;480;480;119;4.033613445378151;18;109;12933;718.5;4.706417592588961E-4;479.887298919148;1.0002348490595725;1019884;64895;0.9127407964710486;0.06903770942081364;0.914448859289673;0.06961508089724194;4.079574531465725;1.7649065972208606E-5;4.706417592588961E-4;0.012680853901031882;1.0687489949837432E-4;9.589325844900008E-4;18;1.7649065972208606E-5;480;4.706417592588961E-4;12933;0.012680853901031882;109;1.0687489949837432E-4;978;9.589325844900008E-4;139x142543-NZ-JAJNFI010000002_28472_aligned_133552_F_125_236_38;0.9127407964710486;0.06903770942081364;0.914448859289673;0.06961508089724194;
349;9;Borreliella finlandensis;species;498741;19;936;426;426;91;4.681318681318682;27;87;10982;578.0;8.500024941387738E-4;425.8194253902076;1.0004240638144373;501175;64895;0.8996950709426149;0.06760347144964396;0.9053210916823325;0.06654760376513279;5.748196085882791;3.791090936299696E-5;8.500024941387738E-4;0.021912505611812242;1.7359205866214396E-4;0.0018676111138823763;19;3.791090936299696E-5;426;8.500024941387738E-4;10982;0.021912505611812242;87;1.7359205866214396E-4;936;0.0018676111138823763;139x97629-NZ-PHQA01000001_493252_aligned_47108_R_135_469_71;0.8996950709426149;0.06760347144964396;0.9053210916823325;0.06654760376513279;
350;9;Borreliella bavariensis;species;664662;4;284;145;145;54;2.685185185185185;17;53;3598;899.5;9.627470027029952E-5;144.99306843423554;1.000047806187146;1506107;64895;0.904452545158811;0.07952251023665058;0.9076198465125305;0.08067201723787652;3.341133431422462;2.6558538005599866E-6;9.627470027029952E-5;0.0023889404936037082;3.5190062857419824E-5;1.8856561983975905E-4;4;2.6558538005599866E-6;145;9.627470027029952E-5;3598;0.0023889404936037082;53;3.5190062857419824E-5;284;1.8856561983975905E-4;139x182791-NZ-CP124088_286144_aligned_15412_F_112_446_44;0.904452545158811;0.07952251023665058;0.9076198465125305;0.08067201723787652;
351;9;Borreliella yangtzensis;species;683292;10;481;216;216;48;4.5;22;46;5504;550.4;1.7944864404118347E-4;215.98071040320065;1.0000893116647471;1203687;64895;0.9088929461993978;0.05548832111022494;0.9113480982371704;0.0537454531265941;4.528867220163597;8.307807594499235E-6;1.7944864404118347E-4;0.004572617300012379;3.821591493469648E-5;3.996055452954132E-4;10;8.307807594499235E-6;216;1.7944864404118347E-4;5504;0.004572617300012379;46;3.821591493469648E-5;481;3.996055452954132E-4;139x21603-NZ-PHOM01000001_32998_aligned_32441_R_111_468_0;0.9088929461993978;0.05548832111022494;0.9113480982371704;0.0537454531265941;
352;9;Borreliella kurtenbachii;species;1196056;10;692;205;205;60;3.4166666666666665;19;60;7736;773.6;5.157764700258391E-4;204.94739975112634;1.0002566524334415;397459;64895;0.907714555844041;0.04045150377297779;0.9084744915471585;0.04025756000505485;3.8501228977376316;2.5159827806138494E-5;5.157764700258391E-4;0.01946364279082874;1.5095896683683097E-4;0.001741060084184784;10;2.5159827806138494E-5;205;5.157764700258391E-4;7736;0.01946364279082874;60;1.5095896683683097E-4;692;0.001741060084184784;139x150298-NZ-PHQO01000001_356002_aligned_89765_F_40_393_28;0.907714555844041;0.04045150377297779;0.9084744915471585;0.04025756000505485;
353;9;Borreliella mayonii;species;1674146;12;894;360;360;73;4.931506849315069;46;65;10325;860.4166666666666;6.797185210080226E-4;359.8780180009101;1.0003389537370675;529631;64895;0.8959723733637336;0.04613936988784562;0.9003730261808461;0.04806447466723609;6.750162070324451;2.2657284033600754E-5;6.797185210080226E-4;0.019494704803910648;1.2272695518200408E-4;0.0016879676605032561;12;2.2657284033600754E-5;360;6.797185210080226E-4;10325;0.019494704803910648;65;1.2272695518200408E-4;894;0.0016879676605032561;1674146x30923-NZ-CP015806_25642_aligned_7048_R_6_2486_78;0.8959723733637336;0.04613936988784562;0.9003730261808461;0.04806447466723609;
354;9;Candidatus Borreliella tachyglossi;species;1964448;1;6;138;138;50;2.76;14;50;487;487.0;1.0889412492523393E-4;137.99254102848113;1.0000540534398692;1267286;64895;0.9803063457330415;;0.986870897155361;;2.8824592674609346;7.890878617770574E-7;1.0889412492523393E-4;3.8428578868542697E-4;3.945439308885287E-5;4.7345271706623444E-6;1;7.890878617770574E-7;138;1.0889412492523393E-4;487;3.8428578868542697E-4;50;3.945439308885287E-5;6;4.7345271706623444E-6;47466x232362-NZ-CP114738_179119_aligned_131065_F_50_311_31;0.9803063457330415;;0.986870897155361;;
355;4;PVC group;clade;1783257;0;0;0;0;0;;0;0;0;;0.0;0.0;;321;3379134;;;;;;0.0;0.0;0.0;0.0;0.0;298;9.645616403705895E-4;13972;0.02597778279956239;222421;1.20707809719566;362;0.003219392358129425;18994;0.1805658087474519;;0.9113837309290265;0.06429944653270844;0.9114272701713069;0.06433572533807973;
356;5;Chlamydiota;phylum;204428;0;0;0;0;0;;0;0;0;;;0.0;;0;1783257;;;;;;;;;;;298;9.645616403705895E-4;13972;0.02597778279956239;222421;1.20707809719566;362;0.003219392358129425;18994;0.1805658087474519;;0.9113837309290265;0.06429944653270844;0.9114272701713069;0.06433572533807973;
357;6;Chlamydiia;class;204429;0;0;1;1;1;1.0;1;1;0;;5.878894767783657E-4;0.9999999999999685;1.0000000000000315;1701;204428;;;;;;0.0;5.878894767783657E-4;0.0;5.878894767783657E-4;0.0;298;9.645616403705895E-4;13972;0.02597778279956239;222421;1.20707809719566;362;0.003219392358129425;18994;0.1805658087474519;83554x161657-NZ-JALPLZ010000015_34873_aligned_1719_F_33_8068_36;0.9113837309290265;0.06429944653270844;0.9114272701713069;0.06433572533807973;
358;7;Chlamydiales;order;51291;0;0;8;8;1;8.0;8;1;0;;0.0076045627376425855;7.973434571042474;1.0033317422649966;1052;204429;;;;;;0.0;0.0076045627376425855;0.0;9.505703422053232E-4;0.0;298;9.645616403705895E-4;13971;0.025389893322784022;222421;1.20707809719566;361;0.0026315028813510594;18994;0.1805658087474519;596780x105845-NZ-CP166118_358052_aligned_6816_F_40_1213_42;0.9113837309290265;0.06429944653270844;0.9114272701713069;0.06433572533807973;
359;8;Chlamydiaceae;family;809;0;0;6;6;1;6.0;6;1;0;;0.0018656716417910447;5.995337754183863;1.0007776452315607;3216;51291;;;;;;0.0;0.0018656716417910447;0.0;3.109452736318408E-4;0.0;298;9.645616403705895E-4;13963;0.01778533058514144;222421;1.20707809719566;360;0.0016809325391457363;18994;0.1805658087474519;1046581x23105-NZ-APJW01000001_276217_aligned_14287_F_55_6109_10;0.9113837309290265;0.06429944653270844;0.9114272701713069;0.06433572533807973;
360;9;Chlamydia/Chlamydophila group;no rank;1113537;0;0;0;0;0;;0;0;0;;;0.0;;0;809;;;;;;;;;;;298;9.645616403705895E-4;13957;0.015919658943350398;222421;1.20707809719566;359;0.0013699872655138956;18994;0.1805658087474519;;0.9113837309290265;0.06429944653270844;0.9114272701713069;0.06433572533807973;
361;10;Chlamydia;genus;810;2;186;1037;1037;88;11.784090909090908;62;15;2793;1396.5;2.475225664438168E-4;1036.871793635811;1.0001236472676525;4189517;1113537;0.9449045915816425;0.02844829817115941;0.9449045915816425;0.02844829817115941;11.756581784515785;4.773819989273227E-7;2.475225664438168E-4;6.666639615020061E-4;3.5803649919549198E-6;4.4396525900241005E-5;298;9.645616403705895E-4;13957;0.015919658943350398;222421;1.20707809719566;359;0.0013699872655138956;18994;0.1805658087474519;83554x161657-NZ-JALPLZ010000015_34873_aligned_1719_F_33_8068_36;0.9113837309290265;0.06429944653270844;0.9114272701713069;0.06433572533807973;
362;11;Chlamydia trachomatis;species;813;74;6011;5733;5704;325;17.64;156;80;63306;855.4864864864865;0.0035853851554745954;5722.684433196274;0.9967350229749017;1590903;810;0.8947834187905878;0.07958376604711255;0.8949553464434314;0.07973861743967996;19.254859896390563;4.6514463798232827E-5;0.003603613796692822;0.03979249520555307;5.028590680890035E-5;0.0037783573228537502;76;7.745814459605917E-4;5749;0.009428149653991693;66135;1.0696432414742099;83;0.0011423863800524387;6466;0.16941359576479043;596780x105845-NZ-CP166118_499857_aligned_12254_R_60_474_7;0.8932790601614444;0.07916498247888455;0.8934464634023712;0.0793197263913199;
363;12;Chlamydia trachomatis I/UW-12/UR;strain;596780;2;455;16;16;3;5.333333333333333;8;3;2829;1414.5;0.005824535857298871;15.95639010476017;1.0027330677523871;2747;813;0.837617790883143;0.03629361194046781;0.837617790883143;0.03629361194046781;2.5166114784235836;7.280669821623589E-4;0.005824535857298871;1.0298507462686568;0.0010921004732435385;0.16563523844193667;2;7.280669821623589E-4;16;0.005824535857298871;2829;1.0298507462686568;3;0.0010921004732435385;455;0.16563523844193667;596780x105845-NZ-CP166118_797402_aligned_4701_F_50_1497_23;0.837617790883143;0.03629361194046781;0.837617790883143;0.03629361194046781;
364;11;Chlamydia psittaci;species;83554;2;1028;448;448;29;15.448275862068966;48;2;12338;6169.0;7.206650709082954E-4;447.8389698646123;1.0003595715116895;621648;810;0.913365371794576;0.013268081209555303;0.9134913957391255;0.013446305981100876;13.18165989682134;3.2172547808406044E-6;7.206650709082954E-4;0.019847244743005688;3.2172547808406044E-6;0.0016536689573520707;2;3.2172547808406044E-6;448;7.206650709082954E-4;12338;0.019847244743005688;2;3.2172547808406044E-6;1028;0.0016536689573520707;83554x33409-NZ-PJPZ02000011_8305_aligned_5154_R_70_4356_0;0.913365371794576;0.013268081209555303;0.9134913957391255;0.013446305981100876;
365;11;Chlamydia abortus;species;83555;0;0;4;3;2;2.0;3;2;0;;1.6632118061426847E-6;3.9999966738897337;0.7500006236461935;1803739;810;;;;;1.4142135623730951;0.0;2.2176157415235794E-6;0.0;1.1088078707617897E-6;0.0;0;0.0;4;2.2176157415235794E-6;0;0.0;2;1.1088078707617897E-6;0;0.0;1242993x135453-NZ-QOHL01000049_421_aligned_12516_R_38_1180_32;;;;;
366;11;Chlamydia felis;species;83556;0;0;0;0;0;;0;0;0;;;0.0;;0;810;;;;;;;;;;;0;0.0;1;9.061237656329003E-7;0;0.0;1;9.061237656329003E-7;0;0.0;;;;;;
367;12;Chlamydia felis Fe/C-56;strain;264202;0;0;1;1;1;1.0;1;1;0;;9.061237656329003E-7;1.0000000000598213;0.9999999999401787;1103602;83556;;;;;;0.0;9.061237656329003E-7;0.0;9.061237656329003E-7;0.0;0;0.0;1;9.061237656329003E-7;0;0.0;1;9.061237656329003E-7;0;0.0;2104x178739-NZ-JBLTZR010000055_427_aligned_12416_R_113_517_11;;;;;
368;11;Chlamydia suis;species;83559;1;485;479;479;47;10.191489361702128;48;2;8137;8137.0;1.7382979704010315E-4;478.958457103728;1.0000867359071666;2755569;810;0.9401751572714938;;0.9401751572714938;;10.284302723869455;3.629014551985452E-7;1.7382979704010315E-4;0.0029529291409505624;7.258029103970904E-7;1.7600720577129442E-4;1;3.629014551985452E-7;479;1.7382979704010315E-4;8137;0.0029529291409505624;2;7.258029103970904E-7;485;1.7600720577129442E-4;83559x235115-NZ-FSSG02000018_36815_aligned_8286_R_133_8091_46;0.9401751572714938;;0.9401751572714938;;
369;11;Chlamydia ibidis;species;1405396;217;10829;6237;1226;457;13.647702407002189;103;253;133018;612.9861751152074;0.0010504201680672268;6220.3677336717665;0.19709445687004667;1167152;810;0.9172646459011806;0.05779131804611911;0.9172646459011806;0.05779131804611911;14.130212133184274;1.8592265617503118E-4;0.00534377698877267;0.11396801787599216;2.1676696779853867E-4;0.009278140293637847;217;1.8592265617503118E-4;6237;0.00534377698877267;133018;0.11396801787599216;253;2.1676696779853867E-4;10829;0.009278140293637847;1405396x144292-NZ-KE360154_740_aligned_19497_R_130_570_4;0.9172646459011806;0.05779131804611911;0.9172646459011806;0.05779131804611911;
370;11;Chlamydia buteonis;species;2494525;0;0;2;2;1;2.0;2;1;0;;2.5911266866615277E-6;1.9999987045571443;1.0000006477218473;771865;810;;;;;;0.0;2.5911266866615277E-6;0.0;1.2955633433307639E-6;0.0;0;0.0;2;2.5911266866615277E-6;0;0.0;1;1.2955633433307639E-6;0;0.0;83554x161657-NZ-JALPLZ010000015_34873_aligned_1719_F_33_8068_36;;;;;
