pos;level;name;rank;taxid;reads;kmers from reads;kmers;unique kmers;contigs;average contig length;max contig length;reads >=1 kmer;reads bps;avg. read length;db coverage;exp. unique kmers;unique kmers / exp.;db kmers;parent taxid;mean error;kmer error std. dev.;mean class error;class error std. dev.;contig len std. dev.;norm. reads;norm. kmers;norm. reads bps;norm. read >=1 kmer;norm. reads kmers;acc. reads;acc. norm. reads;acc. kmers;acc. norm. kmers;acc. reads bps;acc. norm. reads bps;acc. read >=1 kmer;acc. norm. read >=1 kmer;acc. reads kmers;acc. norm. reads kmers;max contig desc.;acc. mean error;acc. error std. dev.;acc. class mean error;acc. class error std. dev.;
0;0;TOTAL;;;235587;0;975329910;0;0;;0;0;1054540830;4476.226744260082;;;;524530554;;;;;;;;;;;;;;;;;;;;;;;;;;;
1;0;root;no rank;1;2;33;147;137;9;16.333333333333332;32;6;439;219.5;0.046519524617996605;143.41527504689984;0.9552678398810593;2945;;0.8884902209089629;0.07571524700759344;0.8884902209089629;0.07571524700759344;10.331989159885913;6.791171477079797E-4;0.0499151103565365;0.14906621392190153;0.0020373514431239388;0.011205432937181663;162532;0.6806302941422814;9206130;34.79239987967305;84432264;401.49746468187755;268293;1.268812735489042;9179572;49.34236865864835;813x21945-NZ-CVNC01000030_1698_aligned_131262_F_0_223_0;0.8350543263828266;0.16198421666853935;0.8351479484137597;0.1619517614049124;
2;1;cellular organisms;cellular root;131567;34496;1561168;3107751;70667;182977;16.984380550561;477;85274;17814497;516.4221069109462;0.5403006300079516;130791.99999373006;0.5403006300338526;130792;1;0.8711126235807806;0.13201364944111246;0.8711130025867625;0.13201311563914098;22.439988534530425;0.2637470181662487;23.761017493424674;136.20479081289375;0.6519817725854792;11.936265214997858;162530;0.6799511769945734;9205983;34.74248476931651;84431825;401.34839846795563;268287;1.2667753840459182;9179539;49.331163225711165;1359166x125991-NZ-LAOH01000012_5715_aligned_8799_R_6_550_1;0.8350536688316726;0.1619849959789192;0.8351472920146642;0.16195254085184294;
3;2;Bacteria;domain;2;1936;86007;166314;18765;14013;11.868550631556412;202;9383;937392;484.1900826446281;0.013113180056226297;157013.16560941018;0.119512271007135;1431003;131567;0.8600574197263334;0.14193428549196063;0.8600574197263334;0.14193428549196063;14.10791437276036;0.0013528972336186577;0.11622197857027554;0.6550594233555066;0.006556939433390426;0.06010259936561978;128034;0.4162041588283245;6098232;10.981467275891747;66617328;265.1436076550618;183013;0.6147936114604385;7618371;37.3948980107133;2104x178739-NZ-JBLTZR010000055_1188_aligned_68140_F_296_547_22;0.8253383611553894;0.1678352084961111;0.8254571069708863;0.16780240192846058;
4;3;Bacillati;kingdom;1783272;1;87;217;89;25;8.68;34;21;895;895.0;3.771250360175596E-4;216.90072338232184;0.4103259713114161;235996;2;0.8994219653179191;;0.8994219653179191;;10.780847214698234;4.237359955253479E-6;9.19507110290005E-4;0.0037924371599518635;8.898455906032306E-5;3.686503161070527E-4;220;3.589006974704752E-4;29602;0.031857322705444634;226291;0.3954124447106267;306;9.230778879524335E-4;32312;0.06146024055051483;2104x178739-NZ-JBLTZR010000055_515_aligned_44589_R_1_1259_19;0.8233675583044465;0.14845430854924785;0.8234347103206507;0.14845339490974738;
5;4;Mycoplasmatota;phylum;544448;0;0;210;210;32;6.5625;22;12;0;;3.164075389369611E-4;209.9669388676343;1.0001574587530018;663701;1783272;;;;;5.713241552066398;0.0;3.164075389369611E-4;0.0;1.8080430796397774E-5;0.0;219;3.5466333751522173E-4;29385;0.030937815595154627;225396;0.3916200075506748;285;8.340933288921105E-4;32225;0.06109159023440777;3401667x228301-NZ-JBLVZQ010000051_333_aligned_20_R_17_4656_272;0.8230202779071247;0.14870481525038673;0.82308773655354;0.1487040571604624;
6;5;Mollicutes;class;31969;0;0;3;3;1;3.0;3;1;0;;5.7064597123944306E-5;2.9999429357666374;1.0000190217729419;52572;544448;;;;;;0.0;5.7064597123944306E-5;0.0;1.9021532374648102E-5;0.0;79;2.397896534511651E-4;10618;0.011638217159980816;71758;0.2767988265292656;107;2.777596289344794E-4;10996;0.044852087376122854;1188259x208769-NZ-LAUY01000013_5496_aligned_25012_R_75_1906_288;0.8337416127275613;0.12597499463358183;0.8338764416342405;0.12596799618065055;
7;6;Mycoplasmatales;order;2085;0;0;0;0;0;;0;0;0;;0.0;0.0;;241;31969;;;;;;0.0;0.0;0.0;0.0;0.0;79;2.397896534511651E-4;10615;0.011581152562856871;71758;0.2767988265292656;106;2.5873809655983126E-4;10996;0.044852087376122854;;0.8337416127275613;0.12597499463358183;0.8338764416342405;0.12596799618065055;
8;7;Mycoplasmataceae;family;2092;0;0;0;0;0;;0;0;0;;0.0;0.0;;1514;2085;;;;;;0.0;0.0;0.0;0.0;0.0;79;2.397896534511651E-4;10615;0.011581152562856871;71758;0.2767988265292656;106;2.5873809655983126E-4;10996;0.044852087376122854;;0.8337416127275613;0.12597499463358183;0.8338764416342405;0.12596799618065055;
9;8;Mycoplasma;genus;2093;0;0;881;881;67;13.149253731343284;91;13;0;;3.880999139219941E-4;880.8292579742252;1.000193842364146;2270034;2092;;;;;17.088232466483607;0.0;3.880999139219941E-4;0.0;5.726786471039641E-6;0.0;79;2.397896534511651E-4;10615;0.011581152562856871;71758;0.2767988265292656;106;2.5873809655983126E-4;10996;0.044852087376122854;3401667x228301-NZ-JBLVZQ010000051_333_aligned_20_R_17_4656_272;0.8337416127275613;0.12597499463358183;0.8338764416342405;0.12596799618065055;
10;9;Mycoplasma leonicaptivi;species;36742;0;0;0;0;0;;0;0;0;;;0.0;;0;2093;;;;;;;;;;;1;1.1834403557895085E-6;1103;0.001305334712435828;7378;0.008731422945014994;1;1.1834403557895085E-6;1153;0.0013645067302253033;;0.8430865541643985;;0.8430865541643985;;
11;10;Mycoplasma leonicaptivi ATCC 49890;strain;1448135;1;1153;1103;1103;56;19.696428571428573;79;1;7378;7378.0;0.001305334712435828;1102.2810728850234;1.000652217599178;844994;36742;0.8430865541643985;;0.8430865541643985;;19.04627822661725;1.1834403557895085E-6;0.001305334712435828;0.008731422945014994;1.1834403557895085E-6;0.0013645067302253033;1;1.1834403557895085E-6;1103;0.001305334712435828;7378;0.008731422945014994;1;1.1834403557895085E-6;1153;0.0013645067302253033;1448135x196226-NZ-JHWE01000024_7763_aligned_287_F_72_6981_281;0.8430865541643985;;0.8430865541643985;;
12;9;Mycoplasma seminis;species;512749;0;0;2;2;1;2.0;2;1;0;;2.1368868336786185E-6;1.9999989316173277;1.0000005341916216;935941;2093;;;;;;0.0;2.1368868336786185E-6;0.0;1.0684434168393092E-6;0.0;0;0.0;2;2.1368868336786185E-6;0;0.0;1;1.0684434168393092E-6;0;0.0;3401667x228301-NZ-JBLVZQ010000051_333_aligned_20_R_17_4656_272;;;;;
13;9;Mycoplasma tauri;species;547987;1;319;231;231;25;9.24;24;1;3527;3527.0;2.056898624282089E-4;230.97634727504908;1.000102403234054;1123050;2093;0.9087789533886188;;0.9087789533886188;;7.212720245048558;8.904323048840212E-7;2.056898624282089E-4;0.0031405547393259427;8.904323048840212E-7;2.840479052580028E-4;1;8.904323048840212E-7;231;2.056898624282089E-4;3527;0.0031405547393259427;1;8.904323048840212E-7;319;2.840479052580028E-4;547987x244223-NZ-JAIQCB010000058_3260_aligned_7462_F_233_3350_9;0.9087789533886188;;0.9087789533886188;;
14;9;Mycoplasma mycoides group;species group;656088;0;0;242;242;20;12.1;31;2;0;;3.256417295074467E-4;241.96076438846706;1.0001621569167716;743148;2093;;;;;8.103930170634884;0.0;3.256417295074467E-4;0.0;2.69125396287146E-6;0.0;3;2.299140102734354E-6;376;4.992114121522731E-4;7126;0.0059470073501523375;9;1.2813560114763655E-5;812;7.650730275199178E-4;1188259x208769-NZ-LAUY01000013_5496_aligned_25012_R_75_1906_288;0.8968206532453502;0.0904352591878744;0.9002371713677505;0.08627908888043413;
15;10;Mycoplasma capricolum;species;2095;0;0;0;0;0;;0;0;0;;0.0;0.0;;360209;656088;;;;;;0.0;0.0;0.0;0.0;0.0;0;0.0;2;4.272253883452322E-6;0;0.0;2;4.272253883452322E-6;0;0.0;;;;;;
16;11;Mycoplasma capricolum subsp. capricolum;subspecies;40479;0;0;1;1;1;1.0;1;1;0;;4.6037760170892166E-7;0.9999999999970954;1.0000000000029046;2172130;2095;;;;;;0.0;4.6037760170892166E-7;0.0;4.6037760170892166E-7;0.0;0;0.0;1;4.6037760170892166E-7;0;0.0;1;4.6037760170892166E-7;0;0.0;1188259x208769-NZ-LAUY01000013_5496_aligned_25012_R_75_1906_288;;;;;
17;11;Mycoplasma capricolum subsp. capripneumoniae;subspecies;40480;0;0;1;1;1;1.0;1;1;0;;3.8118762817434E-6;0.9999999999975531;1.000000000002447;262338;2095;;;;;;0.0;3.8118762817434E-6;0.0;3.8118762817434E-6;0.0;0;0.0;1;3.8118762817434E-6;0;0.0;1;3.8118762817434E-6;0;0.0;139x234014-NZ-JAJNFA010000001_449161_aligned_50858_F_55_768_53;;;;;
18;10;Mycoplasma mycoides;species;2102;2;808;103;103;10;10.3;29;2;5658;2829.0;9.731909514028123E-5;102.99503688371024;1.0000481879170096;1058374;656088;0.8466218004521698;0.035178449059729715;0.8517465776357706;0.027930919662538425;9.499122766515512;1.889691167772451E-6;9.731909514028123E-5;0.005345936313628264;1.889691167772451E-6;7.634352317800702E-4;3;2.299140102734354E-6;110;1.0018523768501455E-4;7126;0.0059470073501523375;4;2.7085890376962566E-6;812;7.650730275199178E-4;1188259x34004-NZ-LAUY01000068_6999_aligned_44721_F_5_3270_32;0.8968206532453502;0.0904352591878744;0.9002371713677505;0.08627908888043413;
19;11;Mycoplasma mycoides subsp. capri;subspecies;40477;1;4;7;7;2;3.5;4;2;1468;1468.0;2.8661425447333198E-6;6.999991401842363;1.0000012283097426;2442307;2102;0.9972183588317107;;0.9972183588317107;;0.7071067811865476;4.0944893496190285E-7;2.8661425447333198E-6;6.010710365240734E-4;8.188978699238057E-7;1.6377957398476114E-6;1;4.0944893496190285E-7;7;2.8661425447333198E-6;1468;6.010710365240734E-4;2;8.188978699238057E-7;4;1.6377957398476114E-6;40477x172069-NZ-CP068548_361910_aligned_220837_R_452_33_983;0.9972183588317107;;0.9972183588317107;;
20;10;Mycoplasma leachii;species;2105;0;0;22;22;1;22.0;22;1;0;;6.911219107635955E-5;21.999274337386073;1.0000329857522934;318323;656088;;;;;;0.0;6.911219107635955E-5;0.0;3.141463230743616E-6;0.0;0;0.0;22;6.911219107635955E-5;0;0.0;1;3.141463230743616E-6;0;0.0;1188259x208769-NZ-LAUY01000013_5496_aligned_25012_R_75_1906_288;;;;;
21;9;Mycoplasma marinum;species;1937190;1;442;438;438;14;31.285714285714285;88;1;2102;2102.0;3.7895436282025103E-4;437.9172089046735;1.0001890565011902;1155812;2093;0.7866795366795367;;0.7866795366795367;;26.513939937116305;8.651926091786553E-7;3.7895436282025103E-4;0.0018186348644935336;8.651926091786553E-7;3.824151332569657E-4;1;8.651926091786553E-7;438;3.7895436282025103E-4;2102;0.0018186348644935336;1;8.651926091786553E-7;442;3.824151332569657E-4;1937190x153369-NZ-CBDBYK010000013_18726_aligned_57074_R_11_2091_4;0.7866795366795367;;0.7866795366795367;;
22;9;unclassified Asterococcus (in: mycoplasmas, genus);no rank;2683645;42;3330;5659;5645;222;25.49099099099099;225;48;19985;475.8333333333333;4.030698139766761E-4;5657.857038937582;0.9977275779771212;14005018;2093;0.8183816821947898;0.14978744533568186;0.8183816821947898;0.14978744533568186;31.00237051088249;2.9989250995607433E-6;4.0406945567652967E-4;0.001426988526540987;3.4273429709265634E-6;2.3777191860803034E-4;51;2.1719095346230466E-4;6212;0.0077190618389224655;40532;0.2484075717767185;58;2.1882974667106263E-4;6888;0.040965489872604004;3452158x91380-NZ-JBTGVE010000016_3512_aligned_58_F_12_1519_0;0.818901490435676;0.14170794157310718;0.818909371401567;0.14170911721175472;
23;10;Mycoplasma sp. HU2014;species;1664275;1;449;243;243;17;14.294117647058824;31;1;3555;3555.0;3.5284278022686485E-4;242.95731099817615;1.0001757057717195;688692;2683645;0.8726241134751773;;0.8726241134751773;;9.129380495701453;1.452027902168168E-6;3.5284278022686485E-4;0.005161959192207837;1.452027902168168E-6;6.519605280735075E-4;1;1.452027902168168E-6;243;3.5284278022686485E-4;3555;0.005161959192207837;1;1.452027902168168E-6;449;6.519605280735075E-4;1664275x57638-NZ-LFYS01000040_4086_aligned_27248_F_59_3271_228;0.8726241134751773;;0.8726241134751773;;
24;10;Mycoplasma sp. 'Moose RK';species;2780095;0;0;2;2;1;2.0;2;1;0;;2.4207506747842506E-6;1.9999987896056415;1.0000006051975456;826190;2683645;;;;;;0.0;2.4207506747842506E-6;0.0;1.2103753373921253E-6;0.0;0;0.0;2;2.4207506747842506E-6;0;0.0;1;1.2103753373921253E-6;0;0.0;2780095x227530-NZ-JADDYD010000001_72017_aligned_205305_R_25_52_486;;;;;
25;10;Mycoplasma sp. Z473B;species;3401667;1;797;15;15;1;15.0;15;1;5006;5006.0;9.728825211926242E-5;14.999319001393946;1.0000454019683154;154181;2683645;0.8394292604501608;;0.8398311897106109;;;6.485883474617495E-6;9.728825211926242E-5;0.03246833267393518;6.485883474617495E-6;0.005169249129270144;1;6.485883474617495E-6;15;9.728825211926242E-5;5006;0.03246833267393518;1;6.485883474617495E-6;797;0.005169249129270144;3401667x228301-NZ-JBLVZQ010000051_333_aligned_20_R_17_4656_272;0.8394292604501608;;0.8398311897106109;;
26;10;Mycoplasma sp. SK341A;species;3401679;1;703;53;53;6;8.833333333333334;21;1;3189;3189.0;0.0012580706418533992;52.967303358780114;1.000617298581323;42128;2683645;0.7774612219056664;;0.7774612219056664;;7.440878084384037;2.3737181921762248E-5;0.0012580706418533992;0.07569787314849981;2.3737181921762248E-5;0.01668723889099886;1;2.3737181921762248E-5;53;0.0012580706418533992;3189;0.07569787314849981;1;2.3737181921762248E-5;703;0.01668723889099886;3401679x19090-NZ-JBLWAC010000004_44796_aligned_298_F_36_3124_74;0.7774612219056664;;0.7774612219056664;;
27;10;Mycoplasma sp. 128;species;3458463;1;33;18;18;1;18.0;18;1;555;555.0;0.0018893670620342186;17.98394936681179;1.0008924976856213;9527;2683645;0.9371428571428572;;0.9371428571428572;;;1.0496483677967881E-4;0.0018893670620342186;0.058255484412721735;1.0496483677967881E-4;0.0034638396137294004;1;1.0496483677967881E-4;18;0.0018893670620342186;555;0.058255484412721735;1;1.0496483677967881E-4;33;0.0034638396137294004;3458463x7971-NZ-JBSQBH010000002_4311_aligned_34194_R_206_240_98;0.9371428571428572;;0.9371428571428572;;
28;10;Mycoplasma sp. HF14;species;3568888;1;1328;16;16;2;8.0;12;1;7130;7130.0;1.2571500408573762E-4;15.999057171938492;1.0000589302264111;127272;2683645;0.8129577464788732;;0.8129577464788732;;5.656854249492381;7.857187755358601E-6;1.2571500408573762E-4;0.056021748695706836;7.857187755358601E-6;0.010434345339116224;1;7.857187755358601E-6;16;1.2571500408573762E-4;7130;0.056021748695706836;1;7.857187755358601E-6;1328;0.010434345339116224;3568888x83427-NZ-JBTKTI010000020_2728_aligned_39717_F_45_6995_0;0.8129577464788732;;0.8129577464788732;;
29;10;Mycoplasma sp. VS30B;species;3568889;4;248;206;206;7;29.428571428571427;87;4;1112;278.0;0.0035892878922516684;205.63253350064937;1.0017870056507836;57393;2683645;0.7880825401463917;0.14296604693244938;0.7880825401463917;0.14296604693244938;35.89269722778875;6.969491052915861E-5;0.0035892878922516684;0.019375185127106093;6.969491052915861E-5;0.004321084452807834;4;6.969491052915861E-5;206;0.0035892878922516684;1112;0.019375185127106093;4;6.969491052915861E-5;248;0.004321084452807834;3568889x223859-NZ-JBTKTH010000004_3434_aligned_132298_F_138_224_81;0.7880825401463917;0.14296604693244938;0.7880825401463917;0.14296604693244938;
30;9;Candidatus Mycoplasma pogonae;species;3472838;22;1382;1372;1372;63;21.77777777777778;82;22;11093;504.22727272727275;0.0010826635733421715;1371.2581014645336;1.0005410349333026;1267245;2093;0.8578456540586031;0.09090522900078347;0.8578456540586031;0.09090522900078347;20.599439739049313;1.7360494616273886E-5;0.0010826635733421715;0.008753634853560283;1.7360494616273886E-5;0.0010905547072586595;22;1.7360494616273886E-5;1372;0.0010826635733421715;11093;0.008753634853560283;22;1.7360494616273886E-5;1382;0.0010905547072586595;3472838x164245-NZ-JBSWZS010000002_64630_aligned_42534_R_3_429_0;0.8578456540586031;0.09090522900078347;0.8578456540586031;0.09090522900078347;
31;5;Mycoplasmoidales;order;2790996;0;0;1;1;1;1.0;1;1;0;;1.925001925001925E-5;1.0000000000027502;0.9999999999972498;51948;544448;;;;;;0.0;1.925001925001925E-5;0.0;1.925001925001925E-5;0.0;140;1.1487368406405662E-4;18557;0.01898319089623685;153638;0.11482118102140922;166;5.382532691612333E-4;21229;0.016239502858284918;2116x149700-NZ-CP129194_660631_aligned_96076_R_51_245_170;0.8169703818298782;0.16022958082222766;0.816999824400859;0.16022754455234248;
32;6;Mycoplasmoidaceae;family;2790998;0;0;0;0;0;;0;0;0;;0.0;0.0;;2088;2790996;;;;;;0.0;0.0;0.0;0.0;0.0;98;8.008551495134112E-5;11040;0.014885543942499708;99008;0.08955288214266803;108;4.1103902086633593E-4;13655;0.012669967078738376;;0.8180718541154257;0.1631965258199792;0.8181124685694353;0.16319286513338527;
33;7;Malacoplasma;genus;2791001;0;0;16;16;1;16.0;16;1;0;;0.00481203007518797;15.963960377909341;1.002257561484588;3325;2790998;;;;;;0.0;0.00481203007518797;0.0;3.007518796992481E-4;0.0;44;2.5340921787548623E-5;2250;0.006098657785946688;18994;0.01093921519165224;47;3.2724466156804896E-4;2318;0.0013350058341713115;2116x149700-NZ-CP129194_595137_aligned_133045_F_100_297_286;0.8091311187427551;0.20405227516768298;0.8091311187427551;0.20405227516768298;
34;8;Malacoplasma iowae;species;2116;44;2318;2234;2234;88;25.386363636363637;130;46;18994;431.6818181818182;0.0012866277107587186;2232.564095625049;1.0006431637854272;1736322;2791001;0.8091311187427551;0.20405227516768298;0.8091311187427551;0.20405227516768298;28.4622887498132;2.5340921787548623E-5;0.0012866277107587186;0.01093921519165224;2.6492781868800833E-5;0.0013350058341713115;44;2.5340921787548623E-5;2234;0.0012866277107587186;18994;0.01093921519165224;46;2.6492781868800833E-5;2318;0.0013350058341713115;1394179x106106-NZ-AWQU01000079_27831_aligned_79810_F_0_205_0;0.8091311187427551;0.20405227516768298;0.8091311187427551;0.20405227516768298;
35;7;Mycoplasmoides;genus;2995234;0;0;4;4;1;4.0;4;1;0;;9.134505594884677E-5;3.9998629845064935;1.0000342550467447;43790;2790998;;;;;;0.0;9.134505594884677E-5;0.0;2.283626398721169E-5;0.0;54;5.4744593163792494E-5;8790;0.00878688615655302;80014;0.07861366695101579;61;8.379435929828697E-5;11337;0.011334961244567064;2096x136481-NZ-MAFW01000056_1067_aligned_14566_R_39_2691_549;0.8253568977524165;0.12182751148268244;0.8254306054652488;0.12181403511836428;
36;8;Mycoplasmoides gallisepticum;species;2096;2;689;685;685;37;18.513513513513512;124;2;7218;3609.0;3.062776180811998E-4;684.8952636806212;1.000152923118224;2236533;2995234;0.9037351757074183;1.499355972239283E-4;0.9037351757074183;1.499355972239283E-4;24.079292188773163;8.942412206750359E-7;3.062776180811998E-4;0.0032273165654162043;8.942412206750359E-7;3.080661005225499E-4;2;8.942412206750359E-7;685;3.062776180811998E-4;7218;0.0032273165654162043;2;8.942412206750359E-7;689;3.080661005225499E-4;2096x218720-NZ-MAGQ01000011_35627_aligned_167_F_0_3829_2;0.9037351757074183;1.499355972239283E-4;0.9037351757074183;1.499355972239283E-4;
37;8;Mycoplasmoides pneumoniae;species;2104;52;10648;8101;7773;385;21.04155844155844;172;58;72796;1399.923076923077;0.008049592031804846;8067.11827351379;0.9635410981292479;965639;2995234;0.822342348600301;0.1231820009795457;0.8224188912251654;0.12317005931904666;24.059460579952084;5.385035194311746E-5;0.008389263482522972;0.07538635038559958;6.006385409040024E-5;0.011026895144044514;52;5.385035194311746E-5;8101;0.008389263482522972;72796;0.07538635038559958;58;6.006385409040024E-5;10648;0.011026895144044514;2104x30744-NZ-BLHT01000007_7757_aligned_1016_F_280_3134_110;0.822342348600301;0.1231820009795457;0.8224188912251654;0.12317005931904666;
38;6;Metamycoplasmataceae;family;2895623;0;0;0;0;0;;0;0;0;;0.0;0.0;;127497;2790996;;;;;;0.0;0.0;0.0;0.0;0.0;42;3.4788169112715496E-5;7516;0.004078396934487119;54630;0.025268298878741186;57;1.0796422904487814E-4;7574;0.0035695357795465423;;0.8144002798302675;0.15498319893094406;0.8144036546741811;0.15498454552671082;
39;7;Metamycoplasma;genus;2895509;0;0;43;43;7;6.142857142857143;15;5;0;;5.320860246986909E-4;42.98882808295812;1.00025987954406;80814;2895623;;;;;4.705619740571601;0.0;5.320860246986909E-4;0.0;6.187046798821986E-5;0.0;42;3.4788169112715496E-5;7516;0.004078396934487119;54630;0.025268298878741186;57;1.0796422904487814E-4;7574;0.0035695357795465423;2098x216121-NZ-QOKO01000018_6600_aligned_40056_F_1448_3103_38;0.8144002798302675;0.15498319893094406;0.8144036546741811;0.15498454552671082;
40;8;Metamycoplasma hominis;species;2098;3;1823;1780;1780;94;18.93617021276596;77;3;17288;5762.666666666667;5.348183255198779E-4;1779.5243637328979;1.0002672828070218;3328233;2895509;0.8976801560452983;0.028230382170553483;0.8977274038600869;0.028172747777209083;17.519763654466075;9.01379200314401E-7;5.348183255198779E-4;0.005194347871678455;9.01379200314401E-7;5.477380940577178E-4;3;9.01379200314401E-7;1780;5.348183255198779E-4;17288;0.005194347871678455;3;9.01379200314401E-7;1823;5.477380940577178E-4;2098x57745-NZ-JBNEBV010000003_58799_aligned_28205_F_0_7019_2;0.8976801560452983;0.028230382170553483;0.8977274038600869;0.028172747777209083;
41;8;Metamycoplasma hyosynoviae;species;29559;21;5121;5048;5044;220;22.945454545454545;254;23;32786;1561.2380952380952;0.0021111439436872024;5042.672054414771;1.000263341651192;2389226;2895509;0.8298722844601866;0.09149375202848677;0.8298722844601866;0.09149375202848677;31.200730691489518;8.789457338903896E-6;0.0021128181260374698;0.013722435633966816;9.6265485140376E-6;0.0021433719539298503;21;8.789457338903896E-6;5048;0.0021128181260374698;32786;0.013722435633966816;23;9.6265485140376E-6;5121;0.0021433719539298503;29559x23801-NZ-JAQRAY010000043_6014_aligned_22970_R_21_3804_6;0.8298722844601866;0.09149375202848677;0.8298722844601866;0.09149375202848677;
42;8;Metamycoplasma auris;species;51363;10;352;362;346;14;25.857142857142858;155;14;2437;243.7;4.8389442710256324E-4;361.9086334092475;0.9560424042405808;715032;2895509;0.7910531005035534;0.22294366301989407;0.7910531005035534;0.22294366301989407;39.98818506827917;1.398538806654807E-5;5.062710480090402E-4;0.003408239071817765;1.9579543293167297E-5;4.922856599424921E-4;10;1.398538806654807E-5;362;5.062710480090402E-4;2437;0.003408239071817765;14;1.9579543293167297E-5;352;4.922856599424921E-4;51363x191361-NZ-QKUB01000023_601_aligned_226246_F_10_214_136;0.7910531005035534;0.22294366301989407;0.7910531005035534;0.22294366301989407;
43;8;[Mycoplasma] anseris;species;92400;8;278;281;281;10;28.1;113;10;2119;264.875;3.9030705080658827E-4;280.94536406596296;1.0001944717408622;719946;2895509;0.7717402882544867;0.21468148306740753;0.7717402882544867;0.21468148306740753;34.23919131962994;1.1111944506949132E-5;3.9030705080658827E-4;0.0029432763012781516;1.3889930633686415E-5;3.8614007161648237E-4;8;1.1111944506949132E-5;281;3.9030705080658827E-4;2119;0.0029432763012781516;10;1.3889930633686415E-5;278;3.8614007161648237E-4;92400x102205-NZ-CP030140_623341_aligned_210634_R_3_195_0;0.7717402882544867;0.21468148306740753;0.7717402882544867;0.21468148306740753;
44;8;Metamycoplasma equirhinis;species;92402;0;0;1;1;1;1.0;1;1;0;;5.312451855905056E-7;1.0000000000552678;0.9999999999447322;1882370;2895509;;;;;;0.0;5.312451855905056E-7;0.0;5.312451855905056E-7;0.0;0;0.0;1;5.312451855905056E-7;0;0.0;1;5.312451855905056E-7;0;0.0;2098x57745-NZ-JBNEBV010000003_58799_aligned_28205_F_0_7019_2;;;;;
45;8;Metamycoplasma subdolum;species;92407;0;0;1;1;1;1.0;1;1;0;;1.5651142298620664E-6;1.00000000001432;0.9999999999856799;638931;2895509;;;;;;0.0;1.5651142298620664E-6;0.0;1.5651142298620664E-6;0.0;0;0.0;1;1.5651142298620664E-6;0;0.0;1;1.5651142298620664E-6;0;0.0;1359157x98494-NZ-LAOD01000043_8590_aligned_2495_F_4_1232_35;;;;;
46;3;Pseudomonadati;kingdom;3379134;198;14164;23547;11738;1870;12.591978609625668;168;1313;119905;605.5808080808081;0.02623175029554856;22938.2036818832;0.5117227208715902;447473;2;0.8563731527441588;0.12606270030226518;0.8563731527441588;0.12606270030226518;17.904533707308904;4.424847979654638E-4;0.052622169382286754;0.2679603015153987;0.0029342552511548185;0.03165330645647894;125878;0.4144923608972354;5902316;10.833387974616027;65453645;264.09313578699573;173324;0.6073135941390958;7500052;37.27333517079717;1405396x3190-NZ-KE360087_423_aligned_64558_R_0_964_18;0.8248078274579511;0.16817930207475532;0.8249284897523768;0.16814638465638196;
47;4;Pseudomonadota;phylum;1224;1601;34038;91011;3776;6319;14.402753600253204;145;4676;511710;319.61898813241726;0.009303884174526674;81528.4868174187;0.046315099757171636;405852;3379134;0.8309230194662689;0.1920585205426129;0.8309230194662689;0.1920585205426129;16.384332227078406;0.003944787755142269;0.2242467697584341;1.2608290706957217;0.01152144131358229;0.0838680109990834;114937;0.3983905685055827;5026486;10.063260510371974;58137312;250.73581628576588;148976;0.5427555345668192;6615002;35.76409782203905;948x33176-NZ-FLLZ01000117_2549_aligned_4109_R_208_568_107;0.8236165373094851;0.1698950684579364;0.8236753667235603;0.1698718727381711;
48;5;Gammaproteobacteria;class;1236;2;41;21313;19730;968;22.017561983471076;238;198;264;132.0;0.04642396634321264;20787.436582325146;0.9491309773507981;424996;1224;0.8004428186368888;0.051324462169295954;0.8004428186368888;0.051324462169295954;28.3919002797565;4.705926644015473E-6;0.05014870728195089;6.211823170100424E-4;4.658867377575318E-4;9.64714962023172E-5;395;0.0061405963231349146;143643;0.1402001791036307;967107;22.077013211306582;1377;0.008893166905376816;148620;4.160444951828072;119857x97889-NZ-PKAD01000070_950_aligned_12337_R_1_3948_0;0.8407563396954907;0.09533679479937311;0.8412117033460478;0.09524379470420942;
49;6;Thiotrichales;order;72273;0;0;32;31;7;4.571428571428571;18;7;0;;0.0010665382233537466;31.982941257946486;0.9692667022079383;29066;1236;;;;;6.078847008469695;0.0;0.0011009426821716095;0.0;2.4083121172503957E-4;0.0;393;0.0061358903964909;122330;0.09005147182167984;966843;22.076392028989574;1179;0.008427280167619284;148579;4.16034848033187;263x21849-NZ-JABWGW010000045_21905_aligned_1697_F_1_1945_0;0.8409614975634734;0.09550090886337119;0.841419178586298;0.09540660258083829;
50;7;Francisellaceae;family;34064;0;0;3510;3167;413;8.498789346246973;65;163;0;;0.0035735281340586456;3503.060362298689;0.9040666367284154;886239;72273;;;;;9.735238937567825;0.0;0.0039605569152339265;0.0;1.839232983427721E-4;0.0;393;0.0061358903964909;122298;0.08895052913950822;966843;22.076392028989574;1172;0.008186448955894243;148579;4.16034848033187;119857x148392-NZ-MRKR01000112_4634_aligned_477_F_49_1475_174;0.8409614975634734;0.09550090886337119;0.841419178586298;0.09540660258083829;
51;8;Francisella;genus;262;80;5384;74594;70309;4270;17.469320843091335;166;388;52678;658.475;0.007257982681552539;74307.54068397281;0.9461893012853372;9687127;34064;0.8651481364207285;0.16161959776231485;0.8651583739309661;0.16161650594475768;19.920758227194092;8.25838249049486E-6;0.0077003222936996695;0.005437938410428603;4.005315507890007E-5;5.557891416103041E-4;393;0.0061358903964909;118788;0.0849899722242743;966843;22.076392028989574;1009;0.00800252565755147;148579;4.16034848033187;657445x213067-NZ-JACVKY010000054_6479_aligned_6246_F_34_5409_44;0.8409614975634734;0.09550090886337119;0.841419178586298;0.09540660258083829;
52;9;Francisella tularensis;species;263;144;53121;36262;34494;2373;15.281078803202696;175;260;363927;2527.2708333333335;0.01709090873056376;35938.19303313752;0.9598145340305264;2018266;262;0.8452857069257251;0.06479448344557766;0.845715436568814;0.0646639172880525;16.361966968713492;7.134837528849022E-5;0.017966908227161335;0.1803166678723221;1.2882345538199624E-4;0.026320118359027006;256;0.006040899133842327;38332;0.06781770526058291;798544;21.90713025020521;479;0.007389484529717871;125334;4.134969917758156;119857x118079-NZ-JAMKUI010000031_9888_aligned_1_F_134_6082_108;0.8381357137434391;0.061638222001341225;0.8387224364708812;0.06145356377708354;
53;10;Francisella tularensis subsp. novicida;subspecies;264;10;3926;270;270;46;5.869565217391305;29;41;29959;2995.9;2.752358108294078E-4;269.9629841674053;1.0001371144740783;980977;263;0.8643857447831678;0.02971270504582479;0.8666007951268329;0.026807026348823492;7.219137208073103;1.0193918919607697E-5;2.752358108294078E-4;0.030539961691252702;4.179506757039156E-5;0.004002132567837982;16;0.005237315133197874;372;0.0373823307972696;49473;17.943090309917785;56;0.005346619239863583;7210;3.3048017294809187;264x62866-NZ-JACTTS010000009_22717_aligned_60875_R_218_1189_1;0.848226805710555;0.04868807234229576;0.8498746754264092;0.04812169643333121;
54;11;Francisella tularensis subsp. novicida U112;strain;401614;1;633;7;7;1;7.0;7;1;3432;3432.0;0.03626943005181347;6.892126478983367;1.0156517036281298;193;264;0.8124632569077014;;0.8139329805996472;;;0.0051813471502590676;0.03626943005181347;17.78238341968912;0.0051813471502590676;3.2797927461139897;1;0.0051813471502590676;7;0.03626943005181347;3432;17.78238341968912;1;0.0051813471502590676;633;3.2797927461139897;263x135243-NZ-JPPJ01000061_2642_aligned_2460_F_338_3085_10;0.8124632569077014;;0.8139329805996472;;
55;11;Francisella cf. novicida Fx1;strain;984129;0;0;9;9;3;3.0;4;3;0;;7.332991127080736E-5;8.999706685974465;1.0000325915094537;122733;264;;;;;1.0;0.0;7.332991127080736E-5;0.0;2.4443303756935786E-5;0.0;0;0.0;9;7.332991127080736E-5;0;0.0;3;2.4443303756935786E-5;0;0.0;263x176902-NZ-JACTOX010000065_6493_aligned_94_F_113_4603_58;;;;;
56;11;Francisella tularensis subsp. novicida FSC159;strain;1088879;1;188;13;13;3;4.333333333333333;10;2;1403;1403.0;2.5813625623001925E-4;12.998451295228204;1.0001191453302105;50361;264;0.8630735615440641;;0.8630735615440641;;4.932882862316247;1.9856635094616865E-5;2.5813625623001925E-4;0.027858859037747465;3.971327018923373E-5;0.0037330473977879707;1;1.9856635094616865E-5;13;2.5813625623001925E-4;1403;0.027858859037747465;2;3.971327018923373E-5;188;0.0037330473977879707;119857x223308-NZ-MRJT01000047_5281_aligned_265_R_26_1106_284;0.8630735615440641;;0.8630735615440641;;
57;11;Francisella tularensis subsp. novicida FSC595;strain;1088885;2;1885;53;53;5;10.6;31;5;10916;5458.0;3.9673628265588743E-4;52.98968616907973;1.0001946384601592;133590;264;0.81692924583479;0.04505139961432829;0.8175140679327078;0.04442761549601974;13.202272531651511;1.4971180477580657E-5;3.9673628265588743E-4;0.08171270304663522;3.742795119395164E-5;0.014110337600119769;2;1.4971180477580657E-5;53;3.9673628265588743E-4;10916;0.08171270304663522;5;3.742795119395164E-5;1885;0.014110337600119769;263x178229-NZ-VJJB01000004_21202_aligned_129_F_0_3852_1;0.81692924583479;0.04505139961432829;0.8175140679327078;0.04442761549601974;
58;11;Francisella tularensis subsp. novicida PA10-7858;strain;1386968;2;578;20;20;4;5.0;7;4;3763;1881.5;1.0946248447001001E-4;19.998960140531864;1.0000519956768166;182711;264;0.8091880667079279;0.12831602453784527;0.8099760887725457;0.12943045602907768;2.160246899469287;1.0946248447001E-5;1.0946248447001001E-4;0.020595366453032383;2.1892496894002E-5;0.0031634658011832893;2;1.0946248447001E-5;20;1.0946248447001001E-4;3763;0.020595366453032383;4;2.1892496894002E-5;578;0.0031634658011832893;263x144225-NZ-JACTOX010000042_9498_aligned_62465_F_317_889_8;0.8091880667079279;0.12831602453784527;0.8099760887725457;0.12943045602907768;
59;10;Francisella tularensis subsp. tularensis;subspecies;119856;0;0;0;0;0;;0;0;0;;0.0;0.0;;17693;263;;;;;;0.0;0.0;0.0;0.0;0.0;0;0.0;4;9.253156913182067E-4;0;0.0;3;7.933373357685168E-4;0;0.0;;;;;;
60;11;Francisella tularensis subsp. tularensis SCHU S4;strain;177416;0;0;0;0;0;;0;0;0;;0.0;0.0;;81;119856;;;;;;0.0;0.0;0.0;0.0;0.0;0;0.0;1;5.293806246691371E-4;0;0.0;1;5.293806246691371E-4;0;0.0;;;;;;
61;12;Francisella tularensis subsp. tularensis str. SCHU S4 substr. NR-28534;no rank;1341656;0;0;1;1;1;1.0;1;1;0;;5.293806246691371E-4;0.9999999999999638;1.0000000000000362;1889;177416;;;;;;0.0;5.293806246691371E-4;0.0;5.293806246691371E-4;0.0;0;0.0;1;5.293806246691371E-4;0;0.0;1;5.293806246691371E-4;0;0.0;263x15947-NZ-VJEU01000065_1863_aligned_37907_F_711_6073_219;;;;;
62;11;Francisella tularensis subsp. tularensis MA00-2987;strain;543737;0;0;3;3;2;1.5;2;2;0;;3.9593506664906955E-4;2.999604082351337;1.000131989968607;7577;119856;;;;;0.7071067811865476;0.0;3.9593506664906955E-4;0.0;2.639567110993797E-4;0.0;0;0.0;3;3.9593506664906955E-4;0;0.0;2;2.639567110993797E-4;0;0.0;263x213741-NZ-VJHU01000079_4563_aligned_15_F_115_3262_227;;;;;
63;10;Francisella tularensis subsp. holarctica;subspecies;119857;94;62788;1651;1650;319;5.175548589341693;31;155;374756;3986.7659574468084;2.836546825714999E-4;1650.7658649182245;0.9995360547885679;5816932;263;0.8263834009707155;0.057049528197377894;0.8270364760315153;0.05681375923356514;6.4749564188322;1.6159721310133932E-5;2.838265945003311E-4;0.0644250268010697;2.6646348968837868E-5;0.010794006187454143;96;7.322356253559629E-4;1674;0.008204809700233535;385144;3.783723272415105;158;7.868704142437516E-4;65003;0.8038480699182097;119857x182362-NZ-PKAO01000048_13810_aligned_37151_R_3_4679_0;0.8257288753088238;0.057043601824169884;0.826374229831394;0.05681634551401595;
64;11;Francisella tularensis subsp. holarctica FSC022;strain;430556;2;2215;22;22;2;11.0;15;2;10388;5194.0;0.007876834944504118;21.917490312187176;1.003764559109532;2793;119857;0.794966169199911;0.067172197709257;0.7952486584256917;0.06711703985071825;5.656854249492381;7.160759040458289E-4;0.007876834944504118;3.719298245614035;7.160759040458289E-4;0.7930540637307555;2;7.160759040458289E-4;22;0.007876834944504118;10388;3.719298245614035;2;7.160759040458289E-4;2215;0.7930540637307555;263x15098-NZ-JADPMG010000079_8746_aligned_11383_R_95_6093_1;0.794966169199911;0.067172197709257;0.7952486584256917;0.06711703985071825;
65;11;Francisella tularensis subsp. holarctica PHIT-FT049;strain;1432652;0;0;1;1;1;1.0;1;1;0;;4.414816122908481E-5;1.0000000000005085;0.9999999999994915;22651;119857;;;;;;0.0;4.414816122908481E-5;0.0;4.414816122908481E-5;0.0;0;0.0;1;4.414816122908481E-5;0;0.0;1;4.414816122908481E-5;0;0.0;119857x144334-NZ-JAMKUH010000081_3065_aligned_37901_R_3_4016_93;;;;;
66;10;Francisella tularensis subsp. mediasiatica;subspecies;135248;0;0;20;20;2;10.0;19;2;0;;0.0033383408446002335;19.968317501341186;1.0015866383663363;5991;263;;;;;12.727922061357855;0.0;0.0033383408446002335;0.0;3.3383408446002337E-4;0.0;0;0.0;20;0.0033383408446002335;0;0.0;2;3.3383408446002337E-4;0;0.0;119857x232750-NZ-MQVC01000020_20469_aligned_37408_F_6_4485_5;;;;;
67;9;Francisella persica;species;954;0;0;0;0;0;;0;0;0;;;0.0;;0;262;;;;;;;;;;;0;0.0;18;1.6087357928520295E-5;0;0.0;4;3.5749684285600653E-6;0;0.0;;;;;;
68;10;Francisella persica ATCC VR-331;strain;1086726;0;0;18;18;4;4.5;11;4;0;;1.6087357928520295E-5;17.999863257262778;1.0000075968764466;1118891;954;;;;;4.725815626252608;0.0;1.6087357928520295E-5;0.0;3.5749684285600653E-6;0.0;0;0.0;18;1.6087357928520295E-5;0;0.0;4;3.5749684285600653E-6;0;0.0;263x77168-NZ-JPPH01000057_2778_aligned_7284_F_143_7003_51;;;;;
69;9;Francisella philomiragia;species;28110;5;3064;1183;1183;90;13.144444444444444;81;23;17214;3442.8;1.843689136244887E-4;1182.8910448983397;1.0000921091609665;6416483;262;0.8467052057659197;0.08134691402410603;0.8480265445450351;0.08114822733279094;13.96750732678688;7.792430837890477E-7;1.843689136244887E-4;0.0026827780888689333;3.5845181854296193E-6;4.7752016174592844E-4;5;7.792430837890477E-7;1188;0.0021891804613390037;17214;0.0026827780888689333;24;4.045468277283326E-4;3064;4.7752016174592844E-4;28110x79696-NZ-JBGFDD010000060_2536_aligned_39269_R_199_3346_107;0.8467052057659197;0.08134691402410603;0.8480265445450351;0.08114822733279094;
70;10;Francisella philomiragia subsp. philomiragia ATCC 25015;strain;539329;0;0;5;5;1;5.0;5;1;0;;0.002004811547714515;4.995991984290055;1.0008022462250836;2494;28110;;;;;;0.0;0.002004811547714515;0.0;4.0096230954290296E-4;0.0;0;0.0;5;0.002004811547714515;0;0.0;1;4.0096230954290296E-4;0;0.0;263x135243-NZ-JPPJ01000061_2642_aligned_2460_F_338_3085_10;;;;;
71;9;Francisella orientalis;species;299583;5;2010;904;904;62;14.580645161290322;73;7;17073;3414.6;0.0012515471282254335;903.435161583907;1.0006252119024266;722306;262;0.8825082852230096;0.01441143825029629;0.8825626773905375;0.014378576421317929;14.267409138009944;6.922273939299964E-6;0.0012515471282254335;0.02363679659313366;9.69118351501995E-6;0.0027827541235985855;5;6.922273939299964E-6;904;0.0012515471282254335;17073;0.02363679659313366;7;9.69118351501995E-6;2010;0.0027827541235985855;299583x10220-NZ-JACVLP010000007_95145_aligned_17_F_213_3072_400;0.8825082852230096;0.01441143825029629;0.8825626773905375;0.014378576421317929;
72;9;Francisella halioticida;species;549298;0;0;2;2;1;2.0;2;1;0;;1.0477858451466821E-6;1.999999476237773;1.000000261881182;1908787;262;;;;;;0.0;1.0477858451466821E-6;0.0;5.238929225733411E-7;0.0;0;0.0;2;1.0477858451466821E-6;0;0.0;1;5.238929225733411E-7;0;0.0;263x219474-NZ-VJAV01000085_1334_aligned_43490_F_25_3813_15;;;;;
73;9;Francisella salina;species;573569;1;12;12;12;2;6.0;11;2;326;326.0;4.3346024085940715E-5;11.999761599779003;1.0000198670797762;276842;262;0.9594594594594594;;0.9594594594594594;;7.0710678118654755;3.6121686738283932E-6;4.3346024085940715E-5;0.0011775669876680562;7.2243373476567865E-6;4.3346024085940715E-5;1;3.6121686738283932E-6;12;4.3346024085940715E-5;326;0.0011775669876680562;2;7.2243373476567865E-6;12;4.3346024085940715E-5;573569x85971-NC-015696_95797_aligned_196457_R_48_71_209;0.9594594594594594;;0.9594594594594594;;
74;9;Francisella uliginis;species;573570;0;0;6;6;4;1.5;2;4;0;;3.2129322665684223E-6;5.999991967047093;1.000001338827277;1867453;262;;;;;0.5773502691896257;0.0;3.2129322665684223E-6;0.0;2.1419548443789482E-6;0.0;0;0.0;6;3.2129322665684223E-6;0;0.0;4;2.1419548443789482E-6;0;0.0;263x137978-NZ-VJHU01000044_14946_aligned_18089_R_0_2230_2;;;;;
75;9;Francisella hispaniensis;species;622488;1;32;100;100;25;4.0;32;23;98;98.0;4.8738881442670894E-5;99.9975874620424;1.000024125961624;2051750;262;0.5294117647058824;;0.5294117647058824;;6.224949798994366;4.873888144267089E-7;4.8738881442670894E-5;4.776410381381747E-5;1.1209942731814305E-5;1.5596442061654685E-5;1;4.873888144267089E-7;145;1.7148211078975875E-4;98;4.776410381381747E-5;29;2.7575706644759352E-5;32;1.5596442061654685E-5;622488x173999-NC-017449_1080039_aligned_227683_F_0_88_7;0.5294117647058824;;0.5294117647058824;;
76;10;Francisella hispaniensis FSC454;strain;1088883;0;0;45;45;6;7.5;20;6;0;;1.2274322934708784E-4;44.99729975394461;1.00006000906877;366619;622488;;;;;8.938679992034618;0.0;1.2274322934708784E-4;0.0;1.6365763912945047E-5;0.0;0;0.0;45;1.2274322934708784E-4;0;0.0;6;1.6365763912945047E-5;0;0.0;135248x52036-NZ-JACVLF010000032_18046_aligned_53245_F_2_3818_0;;;;;
77;9;Candidatus Francisella endociliophora;species;653937;0;0;27;27;3;9.0;17;3;0;;1.438973148761044E-5;26.999812933817232;1.0000069284251423;1876338;262;;;;;7.0;0.0;1.438973148761044E-5;0.0;1.598859054178938E-6;0.0;0;0.0;27;1.438973148761044E-5;0;0.0;3;1.598859054178938E-6;0;0.0;263x163095-NZ-JPPG01000060_9661_aligned_15026_R_13_2214_360;;;;;
78;9;Francisella noatunensis;species;657445;13;7273;2260;2259;133;16.992481203007518;88;13;46561;3581.6153846153848;0.004095091690897621;2255.378853712992;1.0016055600951683;551636;262;0.8333076524241341;0.048173980872386814;0.8343947429890272;0.047760927309308344;16.626237133555954;2.356626471078755E-5;0.0040969044804907585;0.0844052962460753;2.356626471078755E-5;0.013184418710889064;13;2.356626471078755E-5;2260;0.0040969044804907585;46561;0.0844052962460753;13;2.356626471078755E-5;7273;0.013184418710889064;657445x111140-NZ-JACVKW010000050_2921_aligned_8252_F_3054_4101_917;0.8333076524241341;0.048173980872386814;0.8343947429890272;0.047760927309308344;
79;9;Francisella adeliensis;species;2007306;1;188;175;175;8;21.875;59;1;1216;1216.0;1.3902957357643647E-4;174.98790497701646;1.0000691191941817;1258725;262;0.8414839797639123;;0.8414839797639123;;23.57624409685066;7.944547061510656E-7;1.3902957357643647E-4;9.660569226796957E-4;7.944547061510656E-7;1.4935748475640033E-4;1;7.944547061510656E-7;175;1.3902957357643647E-4;1216;9.660569226796957E-4;1;7.944547061510656E-7;188;1.4935748475640033E-4;2007306x57923-NZ-CP043425_1697211_aligned_174_R_1_1241_0;0.8414839797639123;;0.8414839797639123;;
80;9;Francisella marina;species;2249302;1;10;8;8;2;4.0;6;2;80;80.0;3.154300494436602E-5;7.99988960027644;1.0000138001558867;253622;262;0.8;;0.8;;2.8284271247461903;3.942875618045753E-6;3.154300494436602E-5;3.154300494436603E-4;7.885751236091505E-6;3.9428756180457534E-5;1;3.942875618045753E-6;8;3.154300494436602E-5;80;3.154300494436603E-4;2;7.885751236091505E-6;10;3.9428756180457534E-5;2249302x43848-NZ-CP043552_474729_aligned_173441_F_0_77_1;0.8;;0.8;;
81;9;Francisella salimarina;species;2599927;29;5040;842;840;57;14.771929824561404;112;31;31262;1078.0;0.0013373283363953908;841.4365657214435;0.9982927224939271;628118;262;0.8015722792321868;0.0983379407656356;0.8018425478821567;0.0985082229676042;17.019964688417762;4.616966875650753E-5;0.0013405124514820463;0.04977090291951512;4.935378384316323E-5;0.008023970018372344;29;4.616966875650753E-5;842;0.0013405124514820463;31262;0.04977090291951512;31;4.935378384316323E-5;5040;0.008023970018372344;2599927x232579-NZ-OZ220197_315569_aligned_41803_R_7_1724_21;0.8015722792321868;0.0983379407656356;0.8018425478821567;0.0985082229676042;
82;9;unclassified Francisella;no rank;2610885;0;0;17;17;5;3.4;7;5;0;;7.4809719278728695E-6;16.999940153514622;1.000003520393886;2272432;262;;;;;2.302172886644268;0.0;7.4809719278728695E-6;0.0;2.200285861139079E-6;0.0;1;4.5854185524200465E-7;270;1.6746910190856498E-4;1791;8.212484627384303E-4;18;3.0794472400102174E-5;232;1.0638171041614507E-4;119857x24000-NZ-JAFCRQ010000013_22579_aligned_26555_R_298_1409_132;0.8682566723452584;;0.8682566723452584;;
83;10;Francisella sp. TX07-6608;species;573568;0;0;17;17;7;2.4285714285714284;8;7;0;;4.2737943500438694E-5;16.999658100789347;1.000020112122763;397773;2610885;;;;;2.5727509827124;0.0;4.2737943500438694E-5;0.0;1.7597976735474755E-5;0.0;0;0.0;17;4.2737943500438694E-5;0;0.0;7;1.7597976735474755E-5;0;0.0;263x224472-NZ-JACTRI010000098_3595_aligned_32687_F_0_3032_0;;;;;
84;10;Francisella sp. Scap27;species;2589986;0;0;3;3;1;3.0;3;1;0;;2.5596505223820107E-6;2.999997440552269;1.0000008531499716;1172035;2610885;;;;;;0.0;2.5596505223820107E-6;0.0;8.532168407940036E-7;0.0;0;0.0;3;2.5596505223820107E-6;0;0.0;1;8.532168407940036E-7;0;0.0;2589986x49333-NZ-CP041326_304333_aligned_233201_R_394_32_1;;;;;
85;10;Francisella sp. SYW-2;species;2610886;0;0;1;1;1;1.0;1;1;0;;3.2066493080050793E-6;0.999999999990338;1.000000000009662;311852;2610885;;;;;;0.0;3.2066493080050793E-6;0.0;3.2066493080050793E-6;0.0;0;0.0;1;3.2066493080050793E-6;0;0.0;1;3.2066493080050793E-6;0;0.0;263x14628-NZ-VJEP01000052_2398_aligned_38914_R_0_3378_0;;;;;
86;10;Francisella sp. XLW-1;species;2610887;0;0;2;2;2;1.0;1;2;0;;6.001410331427886E-6;1.9999969992680118;1.0000015003682452;333255;2610885;;;;;0.0;0.0;6.001410331427886E-6;0.0;6.001410331427886E-6;0.0;0;0.0;2;6.001410331427886E-6;0;0.0;2;6.001410331427886E-6;0;0.0;2599927x232579-NZ-OZ220197_60635_aligned_19798_F_3_1703_0;;;;;
87;10;Francisella sp. SYW-9;species;2610888;1;232;229;229;8;28.625;113;1;1791;1791.0;1.0500608485041907E-4;228.98802973245267;1.0000522746431826;2180826;2610885;0.8682566723452584;;0.8682566723452584;;36.201568632154206;4.5854185524200465E-7;1.0500608485041907E-4;8.212484627384303E-4;4.5854185524200465E-7;1.0638171041614507E-4;1;4.5854185524200465E-7;229;1.0500608485041907E-4;1791;8.212484627384303E-4;1;4.5854185524200465E-7;232;1.0638171041614507E-4;2610888x23514-NZ-VXKQ01000027_9826_aligned_109_R_77_1384_294;0.8682566723452584;;0.8682566723452584;;
88;10;Francisella sp. 19X1-34;species;3087177;0;0;1;1;1;1.0;1;1;0;;4.7639146801936436E-7;1.0000000000678204;0.9999999999321796;2099114;2610885;;;;;;0.0;4.7639146801936436E-7;0.0;4.7639146801936436E-7;0.0;0;0.0;1;4.7639146801936436E-7;0;0.0;1;4.7639146801936436E-7;0;0.0;263x182810-NZ-VJIP01000003_33260_aligned_31325_F_1_3357_6;;;;;
89;9;Francisella sciaenopsi;species;3055034;0;0;5;5;3;1.6666666666666667;2;3;0;;6.192525621574759E-6;4.999987615070777;1.00000247699198;807425;262;;;;;0.5773502691896255;0.0;6.192525621574759E-6;0.0;3.7155153729448556E-6;0.0;0;0.0;5;6.192525621574759E-6;0;0.0;3;3.7155153729448556E-6;0;0.0;263x197439-NZ-VJII01000059_3733_aligned_19831_F_117_1536_182;;;;;
90;5;Alphaproteobacteria;class;28211;4;26;976;617;232;4.206896551724138;54;207;409;102.25;0.006583018586091373;970.9410398512285;0.6354659806063396;93726;1224;0.9105746404133501;0.05465252094815182;0.9105746404133501;0.05465252094815182;6.0859887932022785;4.267759213025201E-5;0.010413332479781491;0.004363783795318268;0.0022085653927405415;2.774043488466381E-4;112941;0.38830518442730555;4791832;9.69881356150991;56658495;227.39797400376358;142923;0.5223409263478604;6432344;31.519784859211917;1462938x212560-NZ-CP113531_1647552_aligned_158226_R_0_124_0;0.8234530191905072;0.16975975297039142;0.8235112957041171;0.16973620416056728;
91;6;Hyphomicrobiales;order;356;1;12;43;25;12;3.5833333333333335;7;12;433;433.0;2.6083236825357077E-4;42.99058007815743;0.5815227418320403;95847;28211;0.9702233250620348;;0.9702233250620348;;2.1514618004482156;1.0433294730142832E-5;4.4863167339614175E-4;0.004517616618151846;1.2519953676171398E-4;1.2519953676171398E-4;609;0.004814819278033304;61793;0.12541974280444743;566814;5.1921735169395475;1079;0.006340863907923084;80203;0.8664642390973311;3243581x174678-NZ-JBHILQ010000091_1103_aligned_4096_R_3_501_6;0.825210970869903;0.143440869984825;0.825515945062712;0.14327139471413558;
92;7;Bartonellaceae;family;772;0;0;0;0;0;;0;0;0;;0.0;0.0;;190;356;;;;;;0.0;0.0;0.0;0.0;0.0;608;0.0048043859833031615;61750;0.12497111113105124;566381;5.1876559003213965;1067;0.006215664371161371;80191;0.8663390395605693;;0.8249724637084028;0.14343806822339217;0.8252779395035026;0.14326881911086886;
93;8;Bartonella;genus;773;87;3964;27223;26895;1515;17.968976897689767;228;267;41689;479.18390804597703;6.93572482386044E-4;27213.446836726664;0.98829818072524;38777490;772;0.8231753229708747;0.18681983939490707;0.8240368156870836;0.1859861033310871;23.41009872966133;2.243569658582853E-6;7.020309978804714E-4;0.0010750824769731099;6.88543791771979E-6;1.0222425432899344E-4;608;0.0048043859833031615;61750;0.12497111113105124;566381;5.1876559003213965;1067;0.006215664371161371;80191;0.8663390395605693;1461006x189371-NZ-JBHIMW010000001_200340_aligned_224391_F_25_291_731;0.8249724637084028;0.14343806822339217;0.8252779395035026;0.14326881911086886;
94;9;Bartonella bacilliformis;species;774;1;1451;1329;1329;58;22.913793103448278;143;2;7030;7030.0;4.892441748099992E-4;1328.675194843439;1.0002444579065084;2716435;773;0.7925714285714286;;0.7927142857142857;;29.614650524880904;3.681295521519933E-7;4.892441748099992E-4;0.0025879507516285132;7.362591043039866E-7;5.341559801725423E-4;1;3.681295521519933E-7;1329;4.892441748099992E-4;7030;0.0025879507516285132;2;7.362591043039866E-7;1451;5.341559801725423E-4;774x76182-NZ-JBLKRA010000003_99335_aligned_1673_F_93_6944_21;0.7925714285714286;;0.7927142857142857;;
95;9;Bartonella quintana;species;803;37;2635;1888;1825;94;20.085106382978722;141;39;19493;526.8378378378378;0.0011938201328443795;1886.8352268097606;0.967228072737273;1528706;773;0.8621703773680853;0.12959496717868801;0.8621703773680853;0.12959496717868801;24.104904946124122;2.420347666588605E-5;0.0012350314579781855;0.012751307314813966;2.551177270187989E-5;0.0017236800274218849;37;2.420347666588605E-5;1889;0.0012469355113083444;19493;0.012751307314813966;40;3.741582603203881E-5;2635;0.0017236800274218849;803x185982-NZ-CP076602_1270973_aligned_10886_R_1_6068_4;0.8621703773680853;0.12959496717868801;0.8621703773680853;0.12959496717868801;
96;10;Bartonella quintana RM-11;strain;1225179;0;0;1;1;1;1.0;1;1;0;;1.190405333015892E-5;1.0000000000018239;0.9999999999981761;84005;803;;;;;;0.0;1.190405333015892E-5;0.0;1.190405333015892E-5;0.0;0;0.0;1;1.190405333015892E-5;0;0.0;1;1.190405333015892E-5;0;0.0;3243556x165007-NZ-JBHIMP010000049_93_aligned_41361_F_15_1510_291;;;;;
97;9;Bartonella elizabethae;species;807;1;118;7;7;1;7.0;7;1;424;424.0;1.1569750721456598E-5;6.999965290879443;1.0000049584703803;605026;773;0.700507614213198;;0.700507614213198;;;1.652821531636657E-6;1.1569750721456598E-5;7.007963294139426E-4;1.652821531636657E-6;1.9503294073312553E-4;1;1.652821531636657E-6;7;1.1569750721456598E-5;424;7.007963294139426E-4;1;1.652821531636657E-6;118;1.9503294073312553E-4;2133959x84476-NZ-CP031843_685359_aligned_62143_R_8_398_20;0.700507614213198;;0.700507614213198;;
98;9;Bartonella doshiae;species;33044;0;0;3;3;2;1.5;2;2;0;;1.5478174999342177E-6;2.999998451985319;1.00000051600516;1938213;773;;;;;0.7071067811865476;0.0;1.5478174999342177E-6;0.0;1.0318783332894785E-6;0.0;0;0.0;3;1.5478174999342177E-6;0;0.0;2;1.0318783332894785E-6;0;0.0;3019092x13654-NZ-JAQITB010000065_4425_aligned_752_F_5_3722_36;;;;;
99;9;Bartonella taylorii;species;33046;1;430;375;375;22;17.045454545454547;63;4;3186;3186.0;1.8710604821548231E-4;374.96501330193615;1.0000933065668067;2004211;773;0.8637515842839036;;0.8637515842839036;;18.03825900353989;4.989494619079528E-7;1.8710604821548231E-4;0.0015896529856387377;1.995797847631811E-6;2.145482686204197E-4;1;4.989494619079528E-7;376;1.883043906682017E-4;3186;0.0015896529856387377;5;3.1941403003512096E-6;430;2.145482686204197E-4;33046x137436-NZ-CADDYE010000013_33737_aligned_7891_F_0_3198_0;0.8637515842839036;;0.8637515842839036;;
100;10;Bartonella taylorii 8TBB;strain;1094560;0;0;1;1;1;1.0;1;1;0;;1.1983424527193985E-6;0.9999999999945655;1.0000000000054345;834486;33046;;;;;;0.0;1.1983424527193985E-6;0.0;1.1983424527193985E-6;0.0;0;0.0;1;1.1983424527193985E-6;0;0.0;1;1.1983424527193985E-6;0;0.0;38323x128719-NZ-LNZZ01000053_3778_aligned_21571_R_109_690_100;;;;;
101;9;Bartonella vinsonii;species;33047;0;0;105;105;17;6.176470588235294;15;4;0;;8.004921883398021E-5;104.99583754247418;1.0000396440242132;1311693;773;;;;;4.9400821617363695;0.0;8.004921883398021E-5;0.0;3.0494940508182935E-6;0.0;1;1.0764784085343209E-6;515;5.210106085714426E-4;4277;0.00460409815330129;6;5.146056901942772E-6;1073;0.0011550613323573263;1094562x160176-NZ-JH725038_404782_aligned_42579_F_90_4157_0;0.7435837061455145;;0.7473510713444784;;
102;10;Bartonella vinsonii subsp. berkhoffii;subspecies;40933;0;0;7;7;1;7.0;7;1;0;;7.140591098131103E-6;6.9999785782245985;1.000003060262994;980311;33047;;;;;;0.0;7.140591098131103E-6;0.0;1.0200844425901576E-6;0.0;0;0.0;7;7.140591098131103E-6;0;0.0;1;1.0200844425901576E-6;0;0.0;3243483x129066-NZ-JBHIPN010000078_6479_aligned_36957_F_223_4638_0;;;;;
103;10;Bartonella vinsonii subsp. arupensis;subspecies;110578;1;1073;403;403;27;14.925925925925926;72;1;4277;4277.0;4.338207986393313E-4;402.9128145610695;1.0002163878531027;928955;33047;0.7435837061455145;;0.7473510713444784;;17.411150109862017;1.0764784085343209E-6;4.338207986393313E-4;0.00460409815330129;1.0764784085343209E-6;0.0011550613323573263;1;1.0764784085343209E-6;403;4.338207986393313E-4;4277;0.00460409815330129;1;1.0764784085343209E-6;1073;0.0011550613323573263;1094562x160176-NZ-JH725038_404782_aligned_42579_F_90_4157_0;0.7435837061455145;;0.7473510713444784;;
104;9;Bartonella henselae;species;38323;28;4065;1666;1649;114;14.614035087719298;135;30;26191;935.3928571428571;0.0011966809339481472;1664.9938976207586;0.9903940202762223;1377978;773;0.8285602726805564;0.13200646833110527;0.8289162804593524;0.13183113582659597;17.717802043077917;2.0319627744419722E-5;0.0012090178507929736;0.019006834651932033;2.1771029726163986E-5;0.0029499745278952203;28;2.0319627744419722E-5;1666;0.0012090178507929736;26191;0.019006834651932033;30;2.1771029726163986E-5;4065;0.0029499745278952203;38323x128719-NZ-LNZZ01000053_553_aligned_1356_F_0_738_1;0.8285602726805564;0.13200646833110527;0.8289162804593524;0.13183113582659597;
105;9;Bartonella alsatica;species;52764;1;760;511;511;17;30.058823529411764;143;1;3358;3358.0;4.540531126629282E-4;510.8842339232495;1.0002265994310717;1125419;773;0.7716346153846154;;0.7716346153846154;;35.4691249332347;8.885579504166893E-7;4.540531126629282E-4;0.0029837775974992423;8.885579504166893E-7;6.753040423166838E-4;1;8.885579504166893E-7;511;4.540531126629282E-4;3358;0.0029837775974992423;1;8.885579504166893E-7;760;6.753040423166838E-4;52764x176871-NZ-CACVBB010000002_30149_aligned_16313_R_21_3259_26;0.7716346153846154;;0.7716346153846154;;
106;9;Bartonella tribocorum;species;85701;1;162;64;64;8;8.0;31;4;1376;1376.0;1.8358445200327927E-5;63.999421722265424;1.0000090356712454;3486134;773;0.8796433878157504;;0.8796433878157504;;10.555973258234951;2.8685070625512386E-7;1.8358445200327927E-5;3.947065718070504E-4;1.1474028250204954E-6;4.646981441333007E-5;1;2.8685070625512386E-7;64;1.8358445200327927E-5;1376;3.947065718070504E-4;4;1.1474028250204954E-6;162;4.646981441333007E-5;85701x3153-NZ-CADDYK010000066_3771_aligned_3851_R_6_1265_128;0.8796433878157504;;0.8796433878157504;;
107;9;environmental samples;no rank;104107;0;0;0;0;0;;0;0;0;;;0.0;;0;773;;;;;;;;;;;1;1.040927174653007E-7;894;9.305888941397882E-5;7597;7.907923745838893E-4;1;1.040927174653007E-7;1381;1.4375204281958027E-4;;0.8174970265627065;;0.8174970265627065;;
108;10;uncultured Bartonella sp.;species;104108;1;1381;894;894;40;22.35;164;1;7597;7597.0;9.305888941397882E-5;893.958450322356;1.0000464783096228;9606820;104107;0.8174970265627065;;0.8174970265627065;;32.5997876349855;1.040927174653007E-7;9.305888941397882E-5;7.907923745838893E-4;1.040927174653007E-7;1.4375204281958027E-4;1;1.040927174653007E-7;894;9.305888941397882E-5;7597;7.907923745838893E-4;1;1.040927174653007E-7;1381;1.4375204281958027E-4;104108x57769-NZ-CAMKYV010000065_85_aligned_0_F_4_6989_530;0.8174970265627065;;0.8174970265627065;;
109;9;Bartonella birtlesii;species;111504;0;0;1;1;1;1.0;1;1;0;;8.170635552886481E-7;0.9999999999630493;1.0000000000369507;1223895;773;;;;;;0.0;8.170635552886481E-7;0.0;8.170635552886481E-7;0.0;0;0.0;1;8.170635552886481E-7;0;0.0;1;8.170635552886481E-7;0;0.0;1933912x59330-NZ-CP019786_455964_aligned_19421_R_125_559_58;;;;;
110;9;Bartonella bovis;species;155194;1;573;498;498;19;26.210526315789473;91;1;2831;2831.0;3.1365850524716667E-4;497.92206400950926;1.000156522468322;1587714;773;0.7954302034987505;;0.7954302034987505;;25.259935223301348;6.298363559180054E-7;3.1365850524716667E-4;0.0017830667236038733;6.298363559180054E-7;3.608962319410171E-4;1;6.298363559180054E-7;504;3.206441846044842E-4;2831;0.0017830667236038733;2;1.7941162488042552E-6;573;3.608962319410171E-4;155194x76282-NZ-CACVBI010000017_4358_aligned_8285_F_238_2442_107;0.7954302034987505;;0.7954302034987505;;
111;10;Bartonella bovis m02;strain;1094492;0;0;6;6;1;6.0;6;1;0;;6.985679357317499E-6;5.999982536109572;1.0000029106568766;858900;155194;;;;;;0.0;6.985679357317499E-6;0.0;1.1642798928862499E-6;0.0;0;0.0;6;6.985679357317499E-6;0;0.0;1;1.1642798928862499E-6;0;0.0;1094496x151777-NZ-KB915628_661139_aligned_26632_F_10_4104_68;;;;;
112;9;Bartonella schoenbuchensis;species;165694;0;0;85;85;4;21.25;37;1;0;;9.453919372526688E-5;84.99602947840818;1.000046714200842;899098;773;;;;;15.777093099385155;0.0;9.453919372526688E-5;0.0;1.1122258085325516E-6;0.0;1;3.110158711399043E-6;145;2.8114871640920946E-4;4306;0.013392343411284278;2;4.222384519931595E-6;590;0.0018349936397254352;1094496x151777-NZ-KB915628_661139_aligned_26632_F_10_4104_68;0.8606173994387278;;0.8620205799812909;;
113;10;Bartonella schoenbuchensis m07a;strain;1094496;1;590;60;60;6;10.0;13;1;4306;4306.0;1.8660952268394256E-4;59.9944953491301;1.0000917525989321;321527;165694;0.8606173994387278;;0.8620205799812909;;4.516635916254486;3.110158711399043E-6;1.8660952268394256E-4;0.013392343411284278;3.110158711399043E-6;0.0018349936397254352;1;3.110158711399043E-6;60;1.8660952268394256E-4;4306;0.013392343411284278;1;3.110158711399043E-6;590;0.0018349936397254352;1094496x151777-NZ-KB915628_661139_aligned_26632_F_10_4104_68;0.8606173994387278;;0.8620205799812909;;
114;9;Candidatus Bartonella washoeensis;species;186739;0;0;8;8;2;4.0;4;2;0;;5.875060953757395E-6;7.999979437825947;1.000002570278363;1361688;773;;;;;0.0;0.0;5.875060953757395E-6;0.0;1.4687652384393487E-6;0.0;0;0.0;28;4.451993963782199E-5;0;0.0;3;3.4010091726425786E-6;0;0.0;3243556x101564-NZ-JBHIMP010000002_263230_aligned_195432_R_22_76_0;;;;;
115;10;Cardidatus Bartonella washoeensis 085-0475;strain;1094564;0;0;20;20;1;20.0;20;1;0;;3.8644878684064594E-5;19.999632877746375;1.0000183564496343;517533;186739;;;;;;0.0;3.8644878684064594E-5;0.0;1.9322439342032297E-6;0.0;0;0.0;20;3.8644878684064594E-5;0;0.0;1;1.9322439342032297E-6;0;0.0;3243459x64934-NZ-JBHIQL010000058_5907_aligned_42230_F_1_4085_10;;;;;
116;9;Bartonella rattimassiliensis;species;270250;0;0;0;0;0;;0;0;0;;;0.0;;0;773;;;;;;;;;;;0;0.0;2;1.3511687609782462E-6;0;0.0;1;6.755843804891231E-7;0;0.0;;;;;;
117;10;Bartonella rattimassiliensis 15908;strain;1094556;0;0;2;2;1;2.0;2;1;0;;1.3511687609782462E-6;1.9999993242679759;1.0000003378661262;1480200;270250;;;;;;0.0;1.3511687609782462E-6;0.0;6.755843804891231E-7;0.0;0;0.0;2;1.3511687609782462E-6;0;0.0;1;6.755843804891231E-7;0;0.0;85701x123018-NZ-JAQNDQ010000003_156328_aligned_53539_F_1_4657_5;;;;;
118;9;Bartonella japonica;species;357761;1;462;377;377;21;17.952380952380953;51;1;4477;4477.0;2.5831259523992236E-4;376.9514414048094;1.0001288192320201;1459472;773;0.8961097369012818;;0.8961097369012818;;13.807520380126876;6.85179297718627E-7;2.5831259523992236E-4;0.0030675477158862933;6.85179297718627E-7;3.165528355460057E-4;1;6.85179297718627E-7;377;2.5831259523992236E-4;4477;0.0030675477158862933;1;6.85179297718627E-7;462;3.165528355460057E-4;357761x168481-NZ-JBEPLT010000022_11501_aligned_26326_F_2_4489_8;0.8961097369012818;;0.8961097369012818;;
119;9;Bartonella tamiae;species;373638;0;0;1;1;1;1.0;1;1;0;;4.624818533682785E-7;1.000000000002403;0.999999999997597;2162247;773;;;;;;0.0;4.624818533682785E-7;0.0;4.624818533682785E-7;0.0;0;0.0;1;4.624818533682785E-7;0;0.0;1;4.624818533682785E-7;0;0.0;1462938x212560-NZ-CP113531_1541120_aligned_136748_R_35_182_30;;;;;
120;9;Bartonella australis;species;388640;0;0;0;0;0;;0;0;0;;;0.0;;0;773;;;;;;;;;;;0;0.0;1;6.601723313853848E-7;0;0.0;1;6.601723313853848E-7;0;0.0;;;;;;
121;10;Bartonella australis AUST/NH1;strain;1094489;0;0;1;1;1;1.0;1;1;0;;6.601723313853848E-7;0.9999999999571059;1.0000000000428941;1514756;388640;;;;;;0.0;6.601723313853848E-7;0.0;6.601723313853848E-7;0.0;0;0.0;1;6.601723313853848E-7;0;0.0;1;6.601723313853848E-7;0;0.0;38323x141048-NZ-JAUDZD010000017_38484_aligned_12043_R_438_4089_13;;;;;
122;9;Bartonella rochalimae;species;395923;6;825;102;101;8;12.75;34;7;4412;735.3333333333334;5.790952353649447E-4;101.9704717864538;0.9904828155695292;174410;773;0.7687011345502818;0.2661818739580853;0.7687011345502818;0.2661818739580853;12.091909928306848;3.440169715039275E-5;5.848288515566768E-4;0.025296714637922137;4.013531334212488E-5;0.004730233358179003;6;3.440169715039275E-5;102;5.848288515566768E-4;4412;0.025296714637922137;7;4.013531334212488E-5;825;0.004730233358179003;395923x173490-NZ-JBMUSL010000018_684_aligned_217043_F_0_138_1;0.7687011345502818;0.2661818739580853;0.7687011345502818;0.2661818739580853;
123;9;Bartonella queenslandensis;species;481138;1;448;5;5;2;2.5;4;2;4693;4693.0;4.234284664183117E-6;4.999991531173598;1.0000016937681493;1180837;773;0.9034956036886125;;0.9039245121166631;;2.1213203435596424;8.468569328366235E-7;4.234284664183117E-6;0.0039742995858022745;1.693713865673247E-6;3.7939190591080733E-4;1;8.468569328366235E-7;13;1.1146967969102443E-5;4693;0.0039742995858022745;4;3.4218846919030784E-6;448;3.7939190591080733E-4;85701x123018-NZ-JAQNDQ010000003_156328_aligned_53539_F_1_4657_5;0.9034956036886125;;0.9039245121166631;;
124;10;Bartonella queenslandensis AUST/NH15;strain;1221525;0;0;8;8;2;4.0;6;2;0;;6.912683304919325E-6;7.999975805655384;1.0000030243022233;1157293;481138;;;;;2.8284271247461903;0.0;6.912683304919325E-6;0.0;1.7281708262298312E-6;0.0;0;0.0;8;6.912683304919325E-6;0;0.0;2;1.7281708262298312E-6;0;0.0;3243514x53924-NZ-JBHIOI010000084_101_aligned_93_F_159_1204_215;;;;;
125;9;Bartonella jaculi;species;686226;0;0;7;7;1;7.0;7;1;0;;4.8690232739312495E-6;6.999985393354342;1.0000020866680197;1437660;773;;;;;;0.0;4.8690232739312495E-6;0.0;6.9557475341875E-7;0.0;0;0.0;7;4.8690232739312495E-6;0;0.0;1;6.9557475341875E-7;0;0.0;3243514x187019-NZ-JBHIOI010000030_7015_aligned_50507_F_3_6027_1;;;;;
126;9;Bartonella florencae;species;928210;0;0;11;11;2;5.5;6;2;0;;7.968040912268249E-6;10.99996015972298;1.0000036218564834;1380515;773;;;;;0.7071067811865476;0.0;7.968040912268249E-6;0.0;1.4487347113214996E-6;0.0;0;0.0;11;7.968040912268249E-6;0;0.0;2;1.4487347113214996E-6;0;0.0;3243514x187019-NZ-JBHIOI010000030_7015_aligned_50507_F_3_6027_1;;;;;
127;9;Bartonella raoultii;species;1457020;9;1122;279;279;24;11.625;34;12;3291;365.6666666666667;8.702679957540903E-5;278.98790364679115;1.0000433579845245;3205909;773;0.587468314508258;0.21054493077659023;0.587468314508258;0.21054493077659023;10.95767549135824;2.807316115335775E-6;8.702679957540903E-5;0.0010265419261744485;3.7430881537810337E-6;3.4997874237852663E-4;9;2.807316115335775E-6;279;8.702679957540903E-5;3291;0.0010265419261744485;12;3.7430881537810337E-6;1122;3.4997874237852663E-4;1457020x8343-NZ-CADDYC010000001_42240_aligned_24272_F_2_272_0;0.587468314508258;0.21054493077659023;0.587468314508258;0.21054493077659023;
128;9;Bartonella fuyuanensis;species;1460968;0;0;2;2;2;1.0;1;2;0;;1.4330219854233004E-6;1.9999992836526062;1.0000003581738253;1395652;773;;;;;0.0;0.0;1.4330219854233004E-6;0.0;1.4330219854233004E-6;0.0;0;0.0;2;1.4330219854233004E-6;0;0.0;2;1.4330219854233004E-6;0;0.0;3243552x74152-NZ-JBHIMT010000156_48744_aligned_57282_F_0_3072_7;;;;;
129;9;Bartonella heixiaziensis;species;1461000;12;360;258;258;22;11.727272727272727;31;16;6492;541.0;1.5244695082463166E-4;257.98041153592743;1.000075930044285;1692392;773;0.7805014829819665;0.1779547832259927;0.7805014829819665;0.1779547832259927;9.467648263236422;7.090555852308449E-6;1.5244695082463166E-4;0.003835990716098871;9.454074469744598E-6;2.1271667556925345E-4;12;7.090555852308449E-6;258;1.5244695082463166E-4;6492;0.003835990716098871;16;9.454074469744598E-6;360;2.1271667556925345E-4;1461000x54029-NZ-JBNPXP010000004_158263_aligned_126209_R_272_105_68;0.7805014829819665;0.1779547832259927;0.7805014829819665;0.1779547832259927;
130;9;Bartonella senegalensis;species;1468418;0;0;0;0;0;;0;0;0;;;0.0;;0;773;;;;;;;;;;;0;0.0;2;1.3388269867355717E-6;0;0.0;2;1.3388269867355717E-6;0;0.0;;;;;;
131;10;Bartonella senegalensis OS02;strain;929794;0;0;2;2;2;1.0;1;2;0;;1.3388269867355717E-6;1.9999993307696295;1.0000003346152972;1493845;1468418;;;;;0.0;0.0;1.3388269867355717E-6;0.0;1.3388269867355717E-6;0.0;0;0.0;2;1.3388269867355717E-6;0;0.0;2;1.3388269867355717E-6;0;0.0;3019092x25764-NZ-JAQITB010000053_4315_aligned_109562_R_0_4601_2;;;;;
132;9;Bartonella mastomydis;species;1820002;0;0;6;6;1;6.0;6;1;0;;9.725182549780779E-6;5.9999756871813865;1.0000040521528555;616955;773;;;;;;0.0;9.725182549780779E-6;0.0;1.6208637582967964E-6;0.0;0;0.0;6;9.725182549780779E-6;0;0.0;1;1.6208637582967964E-6;0;0.0;3019092x13654-NZ-JAQITB010000065_4425_aligned_752_F_5_3722_36;;;;;
133;9;Bartonella kosoyi;species;2133959;12;994;431;431;24;17.958333333333332;72;12;7561;630.0833333333334;7.423687591934878E-4;430.84043001799716;1.0003703690992884;580574;773;0.8333548238662664;0.12413630278071094;0.8354723698499936;0.12508987689950674;16.822549997125794;2.0669199791930055E-5;7.423687591934878E-4;0.01302331830223193;2.0669199791930055E-5;0.0017120987160982063;12;2.0669199791930055E-5;431;7.423687591934878E-4;7561;0.01302331830223193;12;2.0669199791930055E-5;994;0.0017120987160982063;2133959x84476-NZ-CP031843_2192607_aligned_14333_R_5_449_0;0.8333548238662664;0.12413630278071094;0.8354723698499936;0.12508987689950674;
134;9;Bartonella krasnovii;species;2267275;0;0;12;12;1;12.0;12;1;0;;8.182686662425307E-6;11.999954996093772;1.000003750339584;1466511;773;;;;;;0.0;8.182686662425307E-6;0.0;6.81890555202109E-7;0.0;0;0.0;12;8.182686662425307E-6;0;0.0;1;6.81890555202109E-7;0;0.0;2133959x84476-NZ-CP031843_974204_aligned_39795_R_133_358_191;;;;;
135;9;unclassified Bartonella;no rank;2645622;218;28007;20362;13533;1273;15.99528672427337;185;383;222362;1020.0091743119266;6.011234118402078E-4;20352.79492017336;0.6649209630951624;22512848;773;0.8456173673147865;0.12986623068223888;0.8457320767952237;0.1298068527084629;17.26700173269088;9.683359475442645E-6;9.044613102704731E-4;0.009877115503111824;1.70125077022685E-5;0.0012440451781134045;406;0.004682502628698066;25069;0.11749455966940874;413697;5.0757710780948;625;0.006026416394072494;58778;0.8487019742241421;3243533x135413-NZ-JBHINP010000243_143_aligned_949_F_46_522_267;0.8290060926404157;0.12699456224698982;0.8291776648970339;0.1269506368194865;
136;10;Bartonella sp. 1-1C;species;515256;2;377;23;23;2;11.5;19;2;1329;664.5;2.939980928471542E-5;22.999676604361305;1.0000140608776487;782318;2645622;0.7012054732271339;0.01906337460880194;0.7012054732271339;0.01906337460880194;10.606601717798213;2.5565051551926455E-6;2.939980928471542E-5;0.001698797675625513;2.5565051551926455E-6;4.819012217538137E-4;2;2.5565051551926455E-6;23;2.939980928471542E-5;1329;0.001698797675625513;2;2.5565051551926455E-6;377;4.819012217538137E-4;1933912x59330-NZ-CP019786_919516_aligned_5330_R_29_673_59;0.7012054732271339;0.01906337460880194;0.7012054732271339;0.01906337460880194;
137;10;Bartonella sp. AA131HXZ;species;1460967;0;0;1;1;1;1.0;1;1;0;;2.4912805181863477E-4;1.0000000000000524;0.9999999999999476;4014;2645622;;;;;;0.0;2.4912805181863477E-4;0.0;2.4912805181863477E-4;0.0;0;0.0;1;2.4912805181863477E-4;0;0.0;1;2.4912805181863477E-4;0;0.0;3243432x217299-NZ-JBHIRN010000029_3266_aligned_9_F_1_3528_3;;;;;
138;10;Bartonella sp. AA97HXZ;species;1460972;0;0;1;1;1;1.0;1;1;0;;3.407038942455112E-5;1.000000000001459;0.999999999998541;29351;2645622;;;;;;0.0;3.407038942455112E-5;0.0;3.407038942455112E-5;0.0;0;0.0;1;3.407038942455112E-5;0;0.0;1;3.407038942455112E-5;0;0.0;3243531x165738-NZ-JBHINR010000082_1442_aligned_57731_F_1_2064_0;;;;;
139;10;Bartonella sp. CR84HXZ;species;1460997;1;871;16;16;2;8.0;14;1;5582;5582.0;2.86286859433152E-4;15.997853027831974;1.0001342037687364;55888;2645622;0.8409582132564841;;0.8431195965417867;;8.48528137423857;1.7892928714572E-5;2.86286859433152E-4;0.09987832808474091;1.7892928714572E-5;0.015584740910392213;1;1.7892928714572E-5;16;2.86286859433152E-4;5582;0.09987832808474091;1;1.7892928714572E-5;871;0.015584740910392213;1460997x86827-NZ-JBHIMY010000012_47342_aligned_56_F_526_4936_58;0.8409582132564841;;0.8431195965417867;;
140;10;Bartonella sp. MF74HXZ;species;1461006;1;521;4;4;1;4.0;4;1;4100;4100.0;4.4648836897798814E-5;3.9999330272562417;1.0000167434662786;89588;2645622;0.8707616707616708;;0.871990171990172;;;1.1162209224449703E-5;4.4648836897798814E-5;0.04576505782024378;1.1162209224449703E-5;0.005815511005938296;1;1.1162209224449703E-5;4;4.4648836897798814E-5;4100;0.04576505782024378;1;1.1162209224449703E-5;521;0.005815511005938296;3243443x125458-NZ-JBHIRB010000030_1044_aligned_2145_R_0_4137_0;0.8707616707616708;;0.871990171990172;;
141;10;Bartonella sp. CDC_skunk;species;1933905;0;0;1;1;1;1.0;1;1;0;;4.169620147604553E-5;1.0000000000011515;0.9999999999988485;23983;2645622;;;;;;0.0;4.169620147604553E-5;0.0;4.169620147604553E-5;0.0;0;0.0;1;4.169620147604553E-5;0;0.0;1;4.169620147604553E-5;0;0.0;1933912x59330-NZ-CP019786_759653_aligned_3820_F_3_636_2;;;;;
142;10;Bartonella sp. Raccoon60;species;1933912;2;175;23;23;3;7.666666666666667;9;2;1965;982.5;0.001026694045174538;22.988709893635708;1.00049111526556;22402;2645622;0.9140732362768369;0.020322833098752893;0.9140732362768369;0.020322833098752893;1.1547005383792495;8.927774305865548E-5;0.001026694045174538;0.087715382555129;8.927774305865548E-5;0.007811802517632354;2;8.927774305865548E-5;23;0.001026694045174538;1965;0.087715382555129;2;8.927774305865548E-5;175;0.007811802517632354;1933912x59330-NZ-CP019786_1223702_aligned_25318_F_2_568_36;0.9140732362768369;0.020322833098752893;0.9140732362768369;0.020322833098752893;
143;10;Bartonella sp. HY038;species;2759660;1;441;118;118;9;13.11111111111111;42;1;4451;4451.0;1.1941506856246522E-4;117.9930144901854;1.000059202740474;988150;2645622;0.900248812485863;;0.900248812485863;;14.35657031157202;1.0119921064615696E-6;1.1941506856246522E-4;0.004504376865860446;1.0119921064615696E-6;4.462885189495522E-4;1;1.0119921064615696E-6;118;1.1941506856246522E-4;4451;0.004504376865860446;1;1.0119921064615696E-6;441;4.462885189495522E-4;2759660x247389-NZ-CP059727_9295_aligned_56709_F_7_4069_324;0.900248812485863;;0.900248812485863;;
144;10;Bartonella sp. 220B;species;2967260;0;0;2;2;1;2.0;2;1;0;;1.6735673426763019E-6;1.9999991632415814;1.0000004183793842;1195052;2645622;;;;;;0.0;1.6735673426763019E-6;0.0;8.367836713381509E-7;0.0;0;0.0;2;1.6735673426763019E-6;0;0.0;1;8.367836713381509E-7;0;0.0;3243447x198242-NZ-JBHIQX010000043_1014_aligned_527_R_1_2065_0;;;;;
145;10;Bartonella sp. A05;species;2967261;0;0;1;1;1;1.0;1;1;0;;6.868480953015469E-7;0.9999999999805445;1.0000000000194555;1455926;2645622;;;;;;0.0;6.868480953015469E-7;0.0;6.868480953015469E-7;0.0;0;0.0;1;6.868480953015469E-7;0;0.0;1;6.868480953015469E-7;0;0.0;38323x128719-NZ-LNZZ01000053_10444_aligned_4045_F_4_609_316;;;;;
146;10;Bartonella sp. F02;species;2967262;1;77;11;11;1;11.0;11;1;418;418.0;8.004791231406144E-6;10.99995997569123;1.0000036385867639;1374177;2645622;0.7912371134020618;;0.8015463917525774;;;7.277082937641949E-7;8.004791231406144E-6;3.041820667934335E-4;7.277082937641949E-7;5.6033538619843006E-5;1;7.277082937641949E-7;11;8.004791231406144E-6;418;3.041820667934335E-4;1;7.277082937641949E-7;77;5.6033538619843006E-5;1461000x54029-NZ-JBNPXP010000004_52551_aligned_224636_F_61_128_229;0.7912371134020618;;0.8015463917525774;;
147;10;Bartonella sp. AU15XJBT;species;3019087;1;880;21;21;1;21.0;21;1;3215;3215.0;2.2890029757038685E-4;20.997711155067357;1.0001090044965253;91743;2645622;0.7208791208791209;;0.7237048665620094;;;1.090001417001842E-5;2.2890029757038685E-4;0.035043545556609226;1.090001417001842E-5;0.009592012469616211;1;1.090001417001842E-5;21;2.2890029757038685E-4;3215;0.035043545556609226;1;1.090001417001842E-5;880;0.009592012469616211;3019087x244887-NZ-JAQITG010000023_16233_aligned_54397_F_72_3131_15;0.7208791208791209;;0.7237048665620094;;
148;10;Bartonella sp. AU18XJBT;species;3019089;1;1006;8;8;3;2.6666666666666665;6;3;4155;4155.0;1.3469147234615709E-5;7.999952858305715;1.0000058927465099;593950;2645622;0.7556363636363637;;0.7561212121212121;;2.886751345948129;1.6836434043269636E-6;1.3469147234615709E-5;0.0069955383449785335;5.0509302129808905E-6;0.0016937452647529253;1;1.6836434043269636E-6;8;1.3469147234615709E-5;4155;0.0069955383449785335;3;5.0509302129808905E-6;1006;0.0016937452647529253;3243561x160968-NZ-JBHIMK010000051_10578_aligned_29829_F_5_4073_9;0.7556363636363637;;0.7561212121212121;;
149;10;Bartonella sp. ML69XJBT;species;3019092;2;1122;53;53;5;10.6;19;2;8443;4221.5;0.001301955389604009;52.9661632918385;1.0006388363071546;40708;2645622;0.862556766797769;0.018901165215122095;0.8648099896915692;0.019089106055734852;7.893034904268447;4.913039206052864E-5;0.001301955389604009;0.20740395008352167;4.913039206052864E-5;0.027562149945956568;2;4.913039206052864E-5;53;0.001301955389604009;8443;0.20740395008352167;2;4.913039206052864E-5;1122;0.027562149945956568;3019092x13654-NZ-JAQITB010000065_4425_aligned_752_F_5_3722_36;0.862556766797769;0.018901165215122095;0.8648099896915692;0.019089106055734852;
150;10;Bartonella sp. ML70XJBT.G;species;3019093;0;0;5;5;1;5.0;5;1;0;;3.937727206859836E-6;4.999992124849317;1.0000015750326172;1269768;2645622;;;;;;0.0;3.937727206859836E-6;0.0;7.875454413719672E-7;0.0;0;0.0;5;3.937727206859836E-6;0;0.0;1;7.875454413719672E-7;0;0.0;3019087x244887-NZ-JAQITG010000023_16233_aligned_54397_F_72_3131_15;;;;;
151;10;Bartonella sp. ML71XJBT;species;3019094;1;712;52;52;5;10.4;22;1;4099;4099.0;0.0016107049931854789;51.95894821860759;1.0007900810697647;32284;2645622;0.8250184320471861;;0.8250184320471861;;10.237187113655782;3.097509602279767E-5;0.0016107049931854789;0.12696691859744766;3.097509602279767E-5;0.02205426836823194;1;3.097509602279767E-5;52;0.0016107049931854789;4099;0.12696691859744766;1;3.097509602279767E-5;712;0.02205426836823194;3019094x141614-NZ-JAQISZ010000057_3733_aligned_22560_R_0_4096_8;0.8250184320471861;;0.8250184320471861;;
152;10;Bartonella sp. MM73XJBT;species;3019095;1;529;7;7;1;7.0;7;1;3089;3089.0;1.6728122602800287E-5;6.999949815950166;1.0000071692013734;418457;2645622;0.8264138607388035;;0.8270676691729323;;;2.3897318004000413E-6;1.6728122602800287E-5;0.007381881531435727;2.3897318004000413E-6;0.0012641681224116218;1;2.3897318004000413E-6;7;1.6728122602800287E-5;3089;0.007381881531435727;1;2.3897318004000413E-6;529;0.0012641681224116218;3243510x159966-NZ-JBHIOM010000028_5519_aligned_13280_R_3_3066_1;0.8264138607388035;;0.8270676691729323;;
153;10;Bartonella sp. MM73XJBT.G;species;3019097;1;113;13;13;1;13.0;13;1;285;285.0;3.676470588235294E-5;12.999779414018597;1.0000169684403386;353600;2645622;0.5568627450980392;;0.5568627450980392;;;2.828054298642534E-6;3.676470588235294E-5;8.059954751131221E-4;2.828054298642534E-6;3.195701357466063E-4;1;2.828054298642534E-6;13;3.676470588235294E-5;285;8.059954751131221E-4;1;2.828054298642534E-6;113;3.195701357466063E-4;1933912x59330-NZ-CP019786_416118_aligned_90266_R_20_210_57;0.5568627450980392;;0.5568627450980392;;
154;10;Bartonella sp. TP;species;3057550;0;0;1;1;1;1.0;1;1;0;;9.02622388826257E-7;1.0000000000063474;0.9999999999936526;1107883;2645622;;;;;;0.0;9.02622388826257E-7;0.0;9.02622388826257E-7;0.0;0;0.0;1;9.02622388826257E-7;0;0.0;1;9.02622388826257E-7;0;0.0;1133329x83198-NZ-LAOP01000001_256165_aligned_45599_F_12_212_24;;;;;
155;10;Bartonella sp. B17;species;3239291;0;0;3;3;1;3.0;3;1;0;;2.0809186007070963E-6;2.999997919176234;1.0000006936084032;1441671;2645622;;;;;;0.0;2.0809186007070963E-6;0.0;6.93639533569032E-7;0.0;0;0.0;3;2.0809186007070963E-6;0;0.0;1;6.93639533569032E-7;0;0.0;3243443x125458-NZ-JBHIRB010000030_1044_aligned_2145_R_0_4137_0;;;;;
156;10;Bartonella sp. B23;species;3239292;0;0;10;10;2;5.0;8;2;0;;7.789241810780622E-6;9.999964948021827;1.0000035052101037;1283822;2645622;;;;;4.242640687119285;0.0;7.789241810780622E-6;0.0;1.5578483621561245E-6;0.0;0;0.0;10;7.789241810780622E-6;0;0.0;2;1.5578483621561245E-6;0;0.0;1094562x160176-NZ-JH725038_404782_aligned_42579_F_90_4157_0;;;;;
157;10;Bartonella sp. AA168HLJHH;species;3243427;1;486;12;12;1;12.0;12;1;3969;3969.0;0.001223615784643622;11.993272400103997;1.000560947810703;9807;2645622;0.8730642294998731;;0.8766184310738766;;;1.0196798205363516E-4;0.001223615784643622;0.40471092077087795;1.0196798205363516E-4;0.04955643927806669;1;1.0196798205363516E-4;12;0.001223615784643622;3969;0.40471092077087795;1;1.0196798205363516E-4;486;0.04955643927806669;3243427x15762-NZ-JBHIRS010000036_2815_aligned_320_R_30_3237_577;0.8730642294998731;;0.8766184310738766;;
158;10;Bartonella sp. AA56HLJMS;species;3243434;0;0;1;1;1;1.0;1;1;0;;1.8673787604339788E-5;0.9999999999999946;1.0000000000000056;53551;2645622;;;;;;0.0;1.8673787604339788E-5;0.0;1.8673787604339788E-5;0.0;0;0.0;1;1.8673787604339788E-5;0;0.0;1;1.8673787604339788E-5;0;0.0;3243466x208171-NZ-JBHIQE010000023_3536_aligned_113938_R_134_2640_1986;;;;;
159;10;Bartonella sp. AA74HLJMH;species;3243436;1;469;45;45;2;22.5;29;1;3063;3063.0;9.378126042014005E-4;44.97937428443266;1.000458559415187;47984;2645622;0.845367622815694;;0.845367622815694;;9.192388155425117;2.0840280093364454E-5;9.378126042014005E-4;0.06383377792597532;2.0840280093364454E-5;0.009774091363787929;1;2.0840280093364454E-5;45;9.378126042014005E-4;3063;0.06383377792597532;1;2.0840280093364454E-5;469;0.009774091363787929;3243436x89369-NZ-JBHIRJ010000044_3849_aligned_16552_R_1_3014_2;0.845367622815694;;0.845367622815694;;
160;10;Bartonella sp. AA89HNZF;species;3243442;1;516;7;7;1;7.0;7;1;3072;3072.0;8.753173025221643E-5;6.999737410265482;1.0000375142264812;79971;2645622;0.8300460223537146;;0.8303747534516766;;;1.2504532893173776E-5;8.753173025221643E-5;0.03841392504782984;1.2504532893173776E-5;0.006452338972877668;1;1.2504532893173776E-5;7;8.753173025221643E-5;3072;0.03841392504782984;1;1.2504532893173776E-5;516;0.006452338972877668;3243552x74152-NZ-JBHIMT010000156_48744_aligned_57282_F_0_3072_7;0.8300460223537146;;0.8303747534516766;;
161;10;Bartonella sp. AC130YNZD;species;3243445;2;247;17;17;2;8.5;9;2;1073;536.5;0.0012016681982045664;16.9903900512385;1.0005656108383927;14147;2645622;0.7590092400438724;0.036646734728154315;0.7590092400438724;0.036646734728154315;0.7071067811865476;1.413727292005372E-4;0.0012016681982045664;0.07584646921608822;1.413727292005372E-4;0.017459532056266346;2;1.413727292005372E-4;17;0.0012016681982045664;1073;0.07584646921608822;2;1.413727292005372E-4;247;0.017459532056266346;3243581x174678-NZ-JBHILQ010000091_824_aligned_51680_F_0_483_2;0.7590092400438724;0.036646734728154315;0.7590092400438724;0.036646734728154315;
162;10;Bartonella sp. AC67GZZY;species;3243459;1;563;27;27;1;27.0;27;1;4036;4036.0;9.492002109333802E-4;26.987664011511125;1.000457097305036;28445;2645622;0.8544682975536695;;0.8594608087868197;;;3.515556336790297E-5;9.492002109333802E-4;0.1418878537528564;3.515556336790297E-5;0.01979258217612937;1;3.515556336790297E-5;27;9.492002109333802E-4;4036;0.1418878537528564;1;3.515556336790297E-5;563;0.01979258217612937;3243459x64934-NZ-JBHIQL010000058_5907_aligned_42230_F_1_4085_10;0.8544682975536695;;0.8594608087868197;;
163;10;Bartonella sp. AD13SXNS;species;3243462;0;0;5;5;1;5.0;5;1;0;;2.9471227240844763E-5;4.999941057899278;1.0000117885591129;169657;2645622;;;;;;0.0;2.9471227240844763E-5;0.0;5.8942454481689525E-6;0.0;0;0.0;5;2.9471227240844763E-5;0;0.0;1;5.8942454481689525E-6;0;0.0;3019092x25764-NZ-JAQITB010000053_4315_aligned_109562_R_0_4601_2;;;;;
164;10;Bartonella sp. AP285QHHD;species;3243483;1;1214;19;19;2;9.5;14;1;4847;4847.0;0.0023367359488377813;18.978984025946843;1.0011073287181456;8131;2645622;0.7461075358106706;;0.7479759186215487;;6.363961030678928;1.2298610257040955E-4;0.0023367359488377813;0.596113639158775;1.2298610257040955E-4;0.1493051285204772;1;1.2298610257040955E-4;19;0.0023367359488377813;4847;0.596113639158775;1;1.2298610257040955E-4;1214;0.1493051285204772;3243483x129066-NZ-JBHIPN010000078_6479_aligned_36957_F_223_4638_0;0.7461075358106706;;0.7479759186215487;;
165;10;Bartonella sp. AP72JLCBS;species;3243502;0;0;6;2;6;1.0;1;6;0;;4.608082576839777E-5;5.9996544044106255;0.33335253419425404;43402;2645622;;;;;0.0;0.0;1.3824247730519332E-4;0.0;1.3824247730519332E-4;0.0;0;0.0;6;1.3824247730519332E-4;0;0.0;6;1.3824247730519332E-4;0;0.0;3243581x174678-NZ-JBHILQ010000091_1267_aligned_91909_F_37_154_466;;;;;
166;10;Bartonella sp. AS69XJJH;species;3243508;0;0;1;1;1;1.0;1;1;0;;2.291108209040713E-5;0.9999999999998799;1.0000000000001201;43647;2645622;;;;;;0.0;2.291108209040713E-5;0.0;2.291108209040713E-5;0.0;0;0.0;1;2.291108209040713E-5;0;0.0;1;2.291108209040713E-5;0;0.0;3019094x108439-NZ-JAQISZ010000036_3827_aligned_3306_R_30_2230_17;;;;;
167;10;Bartonella sp. CL100XZDX;species;3243515;0;0;3;3;1;3.0;3;1;0;;2.2432757808469115E-5;2.999977567275809;1.000007477630645;133733;2645622;;;;;;0.0;2.2432757808469115E-5;0.0;7.477585936156372E-6;0.0;0;0.0;3;2.2432757808469115E-5;0;0.0;1;7.477585936156372E-6;0;0.0;3019087x244887-NZ-JAQITG010000023_16233_aligned_54397_F_72_3131_15;;;;;
168;10;Bartonella sp. CL162QHHD;species;3243516;1;1244;9;9;2;4.5;8;2;4614;4614.0;4.073319755600815E-4;8.998370844154415;1.0001810500893773;22095;2645622;0.7270942408376964;;0.7286212914485166;;4.949747468305833;4.525910839556461E-5;4.073319755600815E-4;0.2088255261371351;9.051821679112921E-5;0.05630233084408237;1;4.525910839556461E-5;9;4.073319755600815E-4;4614;0.2088255261371351;2;9.051821679112921E-5;1244;0.05630233084408237;3243541x45038-NZ-JBHINH010000015_25762_aligned_109001_R_1_4642_3;0.7270942408376964;;0.7286212914485166;;
169;10;Bartonella sp. CL266QHHD;species;3243519;0;0;2;2;1;2.0;2;1;0;;5.945479948868872E-5;1.9999702726020518;1.000014863919907;33639;2645622;;;;;;0.0;5.945479948868872E-5;0.0;2.972739974434436E-5;0.0;0;0.0;2;5.945479948868872E-5;0;0.0;1;2.972739974434436E-5;0;0.0;3243443x125458-NZ-JBHIRB010000030_1044_aligned_2145_R_0_4137_0;;;;;
170;10;Bartonella sp. CL26QHWL;species;3243520;0;0;1;1;1;1.0;1;1;0;;9.170105456212746E-5;1.0000000000000515;0.9999999999999485;10905;2645622;;;;;;0.0;9.170105456212746E-5;0.0;9.170105456212746E-5;0.0;0;0.0;1;9.170105456212746E-5;0;0.0;1;9.170105456212746E-5;0;0.0;3243522x30644-NZ-JBHIOA010000283_845_aligned_2143_F_2_539_0;;;;;
171;10;Bartonella sp. CL29QHWL;species;3243522;109;11517;2133;49;131;16.282442748091604;49;125;77132;707.6330275229358;0.0011494792155390824;2080.537828962225;0.023551602531755582;42628;2645622;0.8128542244744036;0.131481349203193;0.8128542244744036;0.131481349203193;12.511702097304628;0.0025570047855869383;0.05003753401520128;1.8094210378155202;0.0029323449375996996;0.27017453317068596;109;0.0025570047855869383;2133;0.05003753401520128;77132;1.8094210378155202;125;0.0029323449375996996;11517;0.27017453317068596;3243522x30644-NZ-JBHIOA010000283_66_aligned_2335_F_267_537_75;0.8128542244744036;0.131481349203193;0.8128542244744036;0.131481349203193;
172;10;Bartonella sp. CL32QHWL-2;species;3243525;0;0;1;1;1;1.0;1;1;0;;3.6730945821854914E-5;1.0000000000013802;0.9999999999986198;27225;2645622;;;;;;0.0;3.6730945821854914E-5;0.0;3.6730945821854914E-5;0.0;0;0.0;1;3.6730945821854914E-5;0;0.0;1;3.6730945821854914E-5;0;0.0;1405396x144292-NZ-KE360154_445_aligned_25917_R_156_500_467;;;;;
173;10;Bartonella sp. CL436QHHD;species;3243531;1;379;9;9;1;9.0;9;1;2120;2120.0;3.748750416527824E-4;8.998500645560295;1.0001666226962427;24008;2645622;0.8157894736842105;;0.8186602870813398;;;4.165278240586471E-5;3.748750416527824E-4;0.08830389870043319;4.165278240586471E-5;0.015786404531822725;1;4.165278240586471E-5;9;3.748750416527824E-4;2120;0.08830389870043319;1;4.165278240586471E-5;379;0.015786404531822725;3243531x165738-NZ-JBHINR010000082_1442_aligned_57731_F_1_2064_0;0.8157894736842105;;0.8186602870813398;;
174;10;Bartonella sp. CL45QHWL;species;3243533;23;3173;766;206;45;17.022222222222222;101;29;20212;878.7826086956521;0.005705264907081729;757.9423007957939;0.27178849865446536;36107;2645622;0.8172363637694812;0.09827080830689859;0.8172363637694812;0.09827080830689859;19.36549049784751;6.369955964217465E-4;0.021214722906915555;0.5597806519511452;8.031683607056803E-4;0.08787769684548702;23;6.369955964217465E-4;766;0.021214722906915555;20212;0.5597806519511452;29;8.031683607056803E-4;3173;0.08787769684548702;3243533x135413-NZ-JBHINP010000243_446_aligned_61909_F_26_896_8;0.8172363637694812;0.09827080830689859;0.8172363637694812;0.09827080830689859;
175;10;Bartonella sp. CL74QHWL;species;3243541;0;0;7;7;1;7.0;7;1;0;;8.853698948939454E-5;6.999734394610467;1.0000379450668495;79063;2645622;;;;;;0.0;8.853698948939454E-5;0.0;1.264814135562779E-5;0.0;0;0.0;7;8.853698948939454E-5;0;0.0;1;1.264814135562779E-5;0;0.0;3243541x45038-NZ-JBHINH010000015_25762_aligned_109001_R_1_4642_3;;;;;
176;10;Bartonella sp. CL9QHWL;species;3243542;9;627;431;322;14;30.785714285714285;118;9;3927;436.3333333333333;0.017311827956989247;426.05609380887455;0.7557690282548727;18600;2645622;0.7649905970398196;0.17249647395069936;0.7649905970398196;0.17249647395069936;28.390622968287833;4.838709677419355E-4;0.023172043010752687;0.2111290322580645;4.838709677419355E-4;0.033709677419354836;9;4.838709677419355E-4;431;0.023172043010752687;3927;0.2111290322580645;9;4.838709677419355E-4;627;0.033709677419354836;3243542x76561-NZ-JBHING010000075_179_aligned_161404_F_2_215_8;0.7649905970398196;0.17249647395069936;0.7649905970398196;0.17249647395069936;
177;10;Bartonella sp. LB28NMGDW;species;3243549;0;0;2;2;1;2.0;2;1;0;;5.413892046992583E-5;1.999972930544661;1.0000135349108608;36942;2645622;;;;;;0.0;5.413892046992583E-5;0.0;2.7069460234962914E-5;0.0;0;0.0;2;5.413892046992583E-5;0;0.0;1;2.7069460234962914E-5;0;0.0;1460997x86827-NZ-JBHIMY010000012_47342_aligned_56_F_526_4936_58;;;;;
178;10;Bartonella sp. MR30HLJHH;species;3243557;0;0;9;9;2;4.5;8;1;0;;2.4040773151264544E-5;8.999903837485293;1.0000106848380208;374364;2645622;;;;;4.949747468305833;0.0;2.4040773151264544E-5;0.0;2.6711970168071717E-6;0.0;0;0.0;9;2.4040773151264544E-5;0;0.0;1;2.6711970168071717E-6;0;0.0;1460997x86827-NZ-JBHIMY010000012_47342_aligned_56_F_526_4936_58;;;;;
179;10;Bartonella sp. OT172YNZD;species;3243572;0;0;1;1;1;1.0;1;1;0;;1.6969055230880965E-6;1.0000000000049085;0.9999999999950915;589308;2645622;;;;;;0.0;1.6969055230880965E-6;0.0;1.6969055230880965E-6;0.0;0;0.0;1;1.6969055230880965E-6;0;0.0;1;1.6969055230880965E-6;0;0.0;3243543x233999-NZ-JBHINF010000043_2765_aligned_47505_F_3_1873_0;;;;;
180;10;Bartonella sp. TS25HLJMH;species;3243576;1;110;64;64;6;10.666666666666666;30;1;1700;1700.0;6.988730671791736E-4;63.97799046574913;1.000344017279859;91576;2645622;0.9341317365269461;;0.9341317365269461;;10.01332445627658;1.0919891674674588E-5;6.988730671791736E-4;0.0185638158469468;1.0919891674674588E-5;0.0012011880842142046;1;1.0919891674674588E-5;64;6.988730671791736E-4;1700;0.0185638158469468;1;1.0919891674674588E-5;110;0.0012011880842142046;3243576x149263-NZ-JBHILV010000055_279_aligned_41980_F_1_1378_311;0.9341317365269461;;0.9341317365269461;;
181;10;Bartonella sp. TT110JLCBS;species;3243578;0;0;1;1;1;1.0;1;1;0;;9.652323314221732E-6;0.9999999999956626;1.0000000000043374;103602;2645622;;;;;;0.0;9.652323314221732E-6;0.0;9.652323314221732E-6;0.0;0;0.0;1;9.652323314221732E-6;0;0.0;1;9.652323314221732E-6;0;0.0;3243531x165738-NZ-JBHINR010000082_1442_aligned_57731_F_1_2064_0;;;;;
182;10;Bartonella sp. TT29SHDZB;species;3243581;22;3402;754;114;42;17.952380952380953;99;23;20439;929.0454545454545;0.0012527197204457044;750.8890721597899;0.15182002805301273;91002;2645622;0.8073477457063472;0.10301742197498272;0.8076813805915286;0.10284820042462162;21.847534192452017;2.4175292850706577E-4;0.0082855321861058;0.2245994593525417;2.5274169798465966E-4;0.037383793762774446;22;2.4175292850706577E-4;754;0.0082855321861058;20439;0.2245994593525417;23;2.5274169798465966E-4;3402;0.037383793762774446;3243581x174678-NZ-JBHILQ010000091_1149_aligned_16559_R_1_1100_0;0.8073477457063472;0.10301742197498272;0.8076813805915286;0.10284820042462162;
183;9;Bartonella refiksaydamii;species;2654951;0;0;3;3;2;1.5;2;2;0;;5.640953321111268E-6;2.9999943590751337;1.0000018803118242;531825;773;;;;;0.7071067811865476;0.0;5.640953321111268E-6;0.0;3.7606355474075117E-6;0.0;0;0.0;3;5.640953321111268E-6;0;0.0;2;3.7606355474075117E-6;0;0.0;3243488x14683-NZ-JBHIPI010000143_180_aligned_41060_F_3_1747_53;;;;;
184;9;Bartonella gabonensis;species;2699889;0;0;3;3;1;3.0;3;1;0;;2.5503177695940915E-6;2.9999974497253072;1.000000850092287;1176324;773;;;;;;0.0;2.5503177695940915E-6;0.0;8.501059231980305E-7;0.0;0;0.0;3;2.5503177695940915E-6;0;0.0;1;8.501059231980305E-7;0;0.0;3243444x31487-NZ-JBHIRA010000002_11746_aligned_21991_R_52_4619_735;;;;;
185;9;Bartonella machadoae;species;2893471;0;0;1;1;1;1.0;1;1;0;;6.134867704645383E-7;1.0000000000503733;0.9999999999496267;1630027;773;;;;;;0.0;6.134867704645383E-7;0.0;6.134867704645383E-7;0.0;0;0.0;1;6.134867704645383E-7;0;0.0;1;6.134867704645383E-7;0;0.0;774x76182-NZ-JBLKRA010000003_99335_aligned_1673_F_93_6944_21;;;;;
186;9;Bartonella bilalgolemii;species;2942911;0;0;3;3;2;1.5;2;2;0;;3.826955287130077E-6;2.9999961729351354;1.0000012756899155;783913;773;;;;;0.7071067811865476;0.0;3.826955287130077E-6;0.0;2.5513035247533847E-6;0.0;0;0.0;3;3.826955287130077E-6;0;0.0;2;2.5513035247533847E-6;0;0.0;1933912x59330-NZ-CP019786_455964_aligned_19421_R_125_559_58;;;;;
187;9;Bartonella eidoli;species;3112254;0;0;2;2;1;2.0;2;1;0;;1.4964918489830216E-6;1.9999992516045846;1.0000003741978478;1336459;773;;;;;;0.0;1.4964918489830216E-6;0.0;7.482459244915108E-7;0.0;0;0.0;2;1.4964918489830216E-6;0;0.0;1;7.482459244915108E-7;0;0.0;1933912x59330-NZ-CP019786_49819_aligned_1181_R_0_1181_46;;;;;
188;9;Bartonella vaga;species;3112257;0;0;8;8;2;4.0;4;2;0;;6.200055645499418E-6;7.999978300205992;1.0000027124816084;1290311;773;;;;;0.0;0.0;6.200055645499418E-6;0.0;1.5500139113748546E-6;0.0;0;0.0;8;6.200055645499418E-6;0;0.0;2;1.5500139113748546E-6;0;0.0;3243556x101564-NZ-JBHIMP010000002_263230_aligned_195432_R_22_76_0;;;;;
189;9;Bartonella rhinolophi;species;3113620;0;0;2;2;2;1.0;1;2;0;;1.8402175873275255E-6;1.99999908005517;1.0000004599726267;1086828;773;;;;;0.0;0.0;1.8402175873275255E-6;0.0;1.8402175873275255E-6;0.0;0;0.0;2;1.8402175873275255E-6;0;0.0;2;1.8402175873275255E-6;0;0.0;38323x128719-NZ-LNZZ01000053_15123_aligned_2237_R_3_611_6;;;;;
190;6;Rickettsiales;order;766;65;1533;5328;706;676;7.881656804733728;50;607;34820;535.6923076923077;0.017423924578592757;4992.620317168961;0.14140871028629182;40519;28211;0.9027837106594079;0.11290799111535915;0.9027837106594079;0.11290799111535915;9.151282649979745;0.0016041856906636393;0.1314938670747057;0.8593499345985833;0.014980626372812755;0.037834102519805526;112328;0.383447687557142;4729063;9.562980486225682;56091272;222.20143670302872;141637;0.5137914970471968;6352115;30.65304321576574;1462938x212560-NZ-CP113531_935913_aligned_73979_R_140_397_1987;0.8234403858394492;0.16989381236117904;0.8234973269266241;0.16987091401031368;
191;7;Rickettsiaceae;family;775;0;0;425;238;76;5.592105263157895;22;69;0;;0.0999580008399832;389.30378816378453;0.6113477629451443;2381;766;;;;;4.092847848231342;0.0;0.17849643007139857;0.0;0.02897942041159177;0.0;36815;0.3487895205592058;1645975;8.50591795289654;17636107;202.46227056837893;59082;0.4600464124381843;2037290;28.02683536032583;444612x54001-NZ-CM000770_1534654_aligned_135178_R_10_324_347;0.8205417021692443;0.17463348983231655;0.8207144856828248;0.17456803574878926;
192;8;Rickettsieae;tribe;33988;220;6212;30996;8093;2850;10.875789473684211;151;1938;96985;440.84090909090907;0.004939162191638028;30704.675484978117;0.26357549370483985;1638537;775;0.8735759618201528;0.1511944320955002;0.8736045495845897;0.1512053016318904;12.99685451420806;1.3426611666382876E-4;0.018916875236872892;0.05918999693018833;0.0011827624277022735;0.003791186894162292;36815;0.3487895205592058;1645550;8.327421522825142;17636107;202.46227056837893;59013;0.43106699202659254;2037290;28.02683536032583;444612x44192-NZ-GG688316_30957_aligned_4834_F_25_549_52;0.8205417021692443;0.17463348983231655;0.8207144856828248;0.17456803574878926;
193;9;Rickettsia;genus;780;10118;346366;696685;468040;37736;18.462078651685392;433;21395;4136367;408.81271002174344;0.1066618779272537;644193.7956845778;0.7265515488279718;4388072;33988;0.8560944926875705;0.15463791829965942;0.8561674975811583;0.1545453895346626;22.347858623775434;0.0023057962585846356;0.15876790535797955;0.9426388172299817;0.0048757176272403915;0.07893352707065882;36595;0.348655254442542;1614554;8.30850464758827;17539122;202.40308057144873;57075;0.4298842295988903;2031078;28.023044173431668;1462938x212560-NZ-CP113531_1414219_aligned_12692_R_860_536_728;0.8202228734461072;0.17471801018862634;0.8203965238285172;0.17465240253758665;
194;10;spotted fever group;species group;114277;14231;818606;588234;246510;35432;16.601772409121697;404;19694;6744461;473.92741198791373;0.07810772154602022;536668.0890192492;0.4593341863319885;3156026;780;0.8119201935243021;0.1782355251387306;0.8121048526648159;0.17817701541480543;19.327984094852187;0.0045091516990037476;0.18638439607278268;2.13701059496975;0.006240126031914819;0.2593787250168408;26055;0.34501776833653003;902025;8.103311947311804;13162764;200.70062928725193;34400;0.41881300766252555;1650630;27.844199573171064;1462938x212560-NZ-CP113531_227342_aligned_80_R_0_4508_3;0.8062979895976412;0.1801542425165224;0.8064733515405595;0.180116055409488;
195;11;Rickettsia conorii;species;781;0;0;0;0;0;;0;0;0;;0.0;0.0;;1602;114277;;;;;;0.0;0.0;0.0;0.0;0.0;33;1.1590021352669535E-4;556;0.002006570431069207;22706;0.08019141318575024;100;3.910371138079069E-4;3095;0.01056448102543103;;0.8355911104246208;0.1554724856288293;0.836624767474359;0.15573033122940513;
196;12;Rickettsia conorii subsp. heilongjiangensis;subspecies;226665;3;171;67;67;14;4.785714285714286;31;14;1112;370.6666666666667;4.5614536740126493E-4;66.9849494225747;1.0002246859563984;146883;781;0.8336966079154556;0.0548939607709873;0.8336966079154556;0.0548939607709873;7.943827516027498;2.0424419435877536E-5;4.5614536740126493E-4;0.007570651470898606;9.53139573674285E-5;0.0011641919078450196;3;2.0424419435877536E-5;67;4.5614536740126493E-4;1112;0.007570651470898606;14;9.53139573674285E-5;171;0.0011641919078450196;444612x54001-NZ-CM000770_797259_aligned_71007_R_16_203_208;0.8336966079154556;0.0548939607709873;0.8336966079154556;0.0548939607709873;
197;12;Rickettsia conorii str. Malish 7;strain;272944;3;307;48;48;12;4.0;10;12;2761;920.3333333333334;4.3261951113995244E-4;47.98983484606805;1.0002118188979927;110952;781;0.84262912734929;0.14947250342516188;0.84262912734929;0.14947250342516188;3.1908961408698624;2.7038719446247027E-5;4.3261951113995244E-4;0.024884634797029345;1.0815487778498811E-4;0.002766962289999279;3;2.7038719446247027E-5;48;4.3261951113995244E-4;2761;0.024884634797029345;12;1.0815487778498811E-4;307;0.002766962289999279;444612x54001-NZ-CM000770_1057897_aligned_321_F_186_1531_2;0.84262912734929;0.14947250342516188;0.84262912734929;0.14947250342516188;
198;12;Rickettsia conorii subsp. raoultii;subspecies;369822;27;2617;441;428;84;5.25;31;74;18833;697.5185185185185;0.0010848543684398627;440.75417395875377;0.9710628402127229;394523;781;0.8350196088228979;0.16671201121171608;0.8362829674392448;0.16701153437271846;6.19147295474975;6.843707464457078E-5;0.0011178055525279894;0.04773612691782228;1.875682786554903E-4;0.006633326827586731;27;6.843707464457078E-5;441;0.0011178055525279894;18833;0.04773612691782228;74;1.875682786554903E-4;2617;0.006633326827586731;369822x84317-NZ-JBGCZI010000036_5255_aligned_15672_R_0_4199_5;0.8350196088228979;0.16671201121171608;0.8362829674392448;0.16701153437271846;
199;11;Rickettsia rickettsii;species;783;5;323;56;56;17;3.2941176470588234;12;16;1407;281.4;4.7778716288276297E-4;55.98686287080325;1.0002346466389278;117207;114277;0.7410922244956151;0.16403955222868152;0.7418194972228878;0.16380964685547383;3.2164558500458416;4.265956811453241E-5;4.7778716288276297E-4;0.012004402467429419;1.365106179665037E-4;0.0027558081001987935;7;8.994536346161014E-5;77;9.742880140270792E-4;2396;0.035387228266559365;24;3.256537993548147E-4;374;0.003961595881549276;1462938x212560-NZ-CP113531_1122822_aligned_229453_R_0_144_1;0.7968363808818845;0.16487460733276257;0.797355861401365;0.1645173057008962;
200;12;Rickettsia rickettsii str. Hlp#2;strain;1105101;2;51;21;21;8;2.625;7;8;989;494.5;4.965008511443162E-4;20.995035734859773;1.000236449473243;42296;783;0.9361967718475583;0.03295794412511682;0.9361967718475583;0.03295794412511682;2.2638462845343543;4.728579534707774E-5;4.965008511443162E-4;0.023382825799129942;1.8914318138831096E-4;0.0012057877813504824;2;4.728579534707774E-5;21;4.965008511443162E-4;989;0.023382825799129942;8;1.8914318138831096E-4;51;0.0012057877813504824;783x242795-NZ-CP130456_198680_aligned_111455_F_2_329_0;0.9361967718475583;0.03295794412511682;0.9361967718475583;0.03295794412511682;
201;11;Rickettsia akari;species;786;0;0;0;0;0;;0;0;0;;;0.0;;0;114277;;;;;;;;;;;21;3.3413951120162935E-5;285;4.5347505091649693E-4;8133;0.012940745926680245;65;1.0342413441955194E-4;1296;0.0020621181262729126;;0.7876965933208018;0.20700747988269505;0.790555335095927;0.20257629980122496;
202;12;Rickettsia akari str. Hartford;strain;293614;21;1296;285;285;68;4.1911764705882355;29;65;8133;387.2857142857143;4.5347505091649693E-4;284.9356162112356;1.0002259590767224;628480;786;0.7876965933208018;0.20700747988269505;0.790555335095927;0.20257629980122496;5.093916046109441;3.3413951120162935E-5;4.5347505091649693E-4;0.012940745926680245;1.0342413441955194E-4;0.0020621181262729126;21;3.3413951120162935E-5;285;4.5347505091649693E-4;8133;0.012940745926680245;65;1.0342413441955194E-4;1296;0.0020621181262729126;42862x66326-NZ-JSEL01000012_96688_aligned_26046_R_39_425_487;0.7876965933208018;0.20700747988269505;0.790555335095927;0.20257629980122496;
203;11;Rickettsia australis;species;787;18;1090;260;259;62;4.193548387096774;23;62;10655;591.9444444444445;5.162993100726208E-4;259.9328925929411;0.9964110252318009;501647;114277;0.864267536085828;0.13148767578033654;0.8665484374977268;0.13202215564269973;4.7969891844077805;3.5881805333232336E-5;5.182927437022448E-4;0.021240035323643918;1.2359288503668915E-4;0.00217284265629018;19;1.759966995464872E-4;271;0.0020595565800480484;10767;0.03693290347552847;64;4.038226734631989E-4;1110;0.004975140540555277;1462938x212560-NZ-CP113531_661330_aligned_66260_F_123_383_2;0.8585743795010796;0.1301704152053563;0.860735233470247;0.13078072520094547;
204;12;Rickettsia australis str. Cutlack;strain;1105110;1;20;11;11;2;5.5;8;2;112;112.0;0.0015412638363458036;10.992296919222875;1.0007007708064777;7137;787;0.7560975609756098;;0.7560975609756098;;3.5355339059327378;1.4011489421325487E-4;0.0015412638363458036;0.015692868151884545;2.8022978842650974E-4;0.0028022978842650974;1;1.4011489421325487E-4;11;0.0015412638363458036;112;0.015692868151884545;2;2.8022978842650974E-4;20;0.0028022978842650974;1462938x212560-NZ-CP113531_687904_aligned_233352_R_1_107_0;0.7560975609756098;;0.7560975609756098;;
205;11;Rickettsia amblyommatis;species;33989;38;2306;751;751;98;7.663265306122449;59;91;26698;702.578947368421;0.0015276865211669003;750.427408388786;1.000763020653048;491593;114277;0.8048809418061045;0.15371828589622494;0.8086063303197515;0.15499530796392177;10.299578489574593;7.72997174491907E-5;0.0015276865211669003;0.05430915411732876;1.8511248125990402E-4;0.0046908723273114145;2104;0.1627701573456163;37111;2.8605360595289926;1371724;107.81846096050329;2659;0.2020742603656271;202763;16.298330057522968;1359164x31536-NZ-LANR01000001_106403_aligned_56136_R_0_314_0;0.7935591198420907;0.1637848225237806;0.7936280712430911;0.1638118677964552;
206;12;Rickettsia amblyommatis str. GAT-30V;strain;1105111;1;906;9;9;1;9.0;9;1;3573;3573.0;0.006276150627615063;8.974936203748708;1.0027926433884649;1434;33989;0.7437200112898673;;0.7442845046570703;;;6.97350069735007E-4;0.006276150627615063;2.49163179916318;6.97350069735007E-4;0.6317991631799164;1;6.97350069735007E-4;9;0.006276150627615063;3573;2.49163179916318;1;6.97350069735007E-4;906;0.6317991631799164;1462938x212560-NZ-CP113531_21370_aligned_39626_R_283_3242_1;0.7437200112898673;;0.7442845046570703;;
207;12;Rickettsia amblyommatis str. Ac/Pa;strain;1359164;2;52;15;15;6;2.5;7;6;577;288.5;3.890243269879143E-4;14.997277135703438;1.0001815572434865;38558;33989;0.9189538406701123;0.0689967853679636;0.9189538406701123;0.0689967853679636;2.5099800796022267;5.186991026505524E-5;3.890243269879143E-4;0.014964469111468438;1.5560973079516572E-4;0.0013486176668914363;2;5.186991026505524E-5;15;3.890243269879143E-4;577;0.014964469111468438;6;1.5560973079516572E-4;52;0.0013486176668914363;444612x54001-NZ-CM000770_938293_aligned_8850_R_3_380_9;0.9189538406701123;0.0689967853679636;0.9189538406701123;0.0689967853679636;
208;12;Rickettsia amblyommatis str. Darkwater;strain;1359166;2063;199499;36336;961;3205;11.337285491419657;39;2561;1340876;649.9641299079011;0.07543763246722662;12003.928130538707;0.08005712709618436;12739;33989;0.7932531675552578;0.164053761228819;0.7932545948411613;0.1640543238121736;8.720167520921754;0.16194363764816705;2.8523431980532226;105.2575555381113;0.20103618808383703;15.66049140434885;2063;0.16194363764816705;36336;2.8523431980532226;1340876;105.2575555381113;2561;0.20103618808383703;199499;15.66049140434885;1359166x139103-NZ-LAOH01000004_1518_aligned_2031_F_214_624_66;0.7932531675552578;0.164053761228819;0.7932545948411613;0.1640543238121736;
209;11;Rickettsia montanensis;species;33991;0;0;0;0;0;;0;0;0;;;0.0;;0;114277;;;;;;;;;;;23;8.901927847939591E-5;449;0.001737811132054294;12236;0.04735825615103862;63;2.4383541496530184E-4;1570;0.006076533357071807;;0.8195117076785678;0.11876666254580562;0.8201005629851481;0.1182908780558074;
210;12;Rickettsia montanensis str. OSU 85-930;strain;1105114;23;1570;449;448;68;6.602941176470588;31;63;12236;532.0;0.0017339407286421464;448.61095469186574;0.9986381190974586;258371;33991;0.8195117076785678;0.11876666254580562;0.8201005629851481;0.1182908780558074;7.41144678582898;8.901927847939591E-5;0.001737811132054294;0.04735825615103862;2.4383541496530184E-4;0.006076533357071807;23;8.901927847939591E-5;449;0.001737811132054294;12236;0.04735825615103862;63;2.4383541496530184E-4;1570;0.006076533357071807;1105114x157121-NC-017043_417540_aligned_41162_R_13_285_28;0.8195117076785678;0.11876666254580562;0.8201005629851481;0.1182908780558074;
211;11;Rickettsia rhipicephali;species;33992;39;2290;772;744;102;7.568627450980392;34;92;24246;621.6923076923077;0.001996656137704865;771.2018713071021;0.9647279495561935;372623;114277;0.821956358225301;0.18829235879621622;0.8234634570301318;0.1877254810577317;7.795034982261756;1.046634265732389E-4;0.002071799110629242;0.06506844719730129;2.468983396086661E-4;0.006145621714172233;47;2.4060918421593946E-4;876;0.003839093959984349;26743;0.1075005168015292;107;5.017966351887296E-4;2685;0.012857943497780574;33992x178934-NZ-CP013133_1334035_aligned_121927_F_175_316_81;0.8107323602421287;0.19232541556467125;0.8120412236339543;0.19196742634408756;
212;12;Rickettsia rhipicephali str. 3-7-female6-CWPP;strain;1105113;8;395;104;93;16;6.5;25;15;2497;312.125;0.0015803694325963941;103.90903687908221;0.89501358874323;58847;33992;0.7560153700741639;0.21559876822977922;0.7563578358275886;0.21584478022648;6.65331997326648;1.3594575764270056E-4;0.0017672948493551073;0.042432069604227914;2.5489829558006356E-4;0.00671232178360834;8;1.3594575764270056E-4;104;0.0017672948493551073;2497;0.042432069604227914;15;2.5489829558006356E-4;395;0.00671232178360834;1105113x157611-NC-017042_948590_aligned_132796_F_3_214_73;0.7560153700741639;0.21559876822977922;0.7563578358275886;0.21584478022648;
213;11;Rickettsia africae;species;35788;0;0;0;0;0;;0;0;0;;;0.0;;0;114277;;;;;;;;;;;5;3.8285425504219055E-5;70;5.359959570590667E-4;5306;0.04062849354507726;15;1.1485627651265716E-4;655;0.005015390741052696;;0.874252945542952;0.06133821368021198;0.8744905457805523;0.06127057278454401;
214;12;Rickettsia africae ESF-5;strain;347255;5;655;70;70;15;4.666666666666667;17;15;5306;1061.2;5.359959570590667E-4;69.98151134872303;1.0002641933693721;130598;35788;0.874252945542952;0.06133821368021198;0.8744905457805523;0.06127057278454401;5.0095147564647515;3.8285425504219055E-5;5.359959570590667E-4;0.04062849354507726;1.1485627651265716E-4;0.005015390741052696;5;3.8285425504219055E-5;70;5.359959570590667E-4;5306;0.04062849354507726;15;1.1485627651265716E-4;655;0.005015390741052696;444612x54001-NZ-CM000770_1063365_aligned_121669_F_77_174_215;0.874252945542952;0.06133821368021198;0.8744905457805523;0.06127057278454401;
215;11;Rickettsia helvetica;species;35789;23;1530;560;560;64;8.75;45;56;10048;436.8695652173913;0.0021179950151474464;559.4084366115451;1.001057480276912;264401;114277;0.8096106215095563;0.15686777971403748;0.8107898986879369;0.1565890267556617;11.883027779415027;8.698908097927013E-5;0.0021179950151474464;0.03800288198607418;2.1179950151474465E-4;0.005786664952099273;24;5.867392059168014E-4;568;0.0061159960146476965;10312;0.16993691496958244;57;7.115496264522758E-4;1538;0.009784665951599523;35789x222294-NZ-OY974080_1066576_aligned_58933_F_3_509_145;0.81611901085549;0.1566978881783645;0.8172491514847714;0.15638208881941537;
216;12;Rickettsia helvetica C9P9;strain;1144888;1;8;8;8;1;8.0;8;1;264;264.0;0.00399800099950025;7.986020973778775;1.0017504369531616;2001;35789;0.9658119658119658;;0.9658119658119658;;;4.997501249375312E-4;0.00399800099950025;0.13193403298350825;4.997501249375312E-4;0.00399800099950025;1;4.997501249375312E-4;8;0.00399800099950025;264;0.13193403298350825;1;4.997501249375312E-4;8;0.00399800099950025;444612x54001-NZ-CM000770_807811_aligned_199395_F_4_107_158;0.9658119658119658;;0.9658119658119658;;
217;11;Rickettsia japonica;species;35790;2;99;31;31;13;2.3846153846153846;12;13;460;230.0;3.500214529277601E-4;30.994750251328806;1.0001693754145016;88566;114277;0.7519738839963559;0.006764003524872355;0.7519738839963559;0.006764003524872355;3.0967311135685627;2.2582029221145812E-5;3.500214529277601E-4;0.0051938667208635365;1.467831899374478E-4;0.0011178104464467176;2;2.2582029221145812E-5;31;3.500214529277601E-4;460;0.0051938667208635365;13;1.467831899374478E-4;99;0.0011178104464467176;1462938x212560-NZ-CP113531_1121624_aligned_68204_F_64_191_2;0.7519738839963559;0.006764003524872355;0.7519738839963559;0.006764003524872355;
218;11;Rickettsia massiliae;species;35791;0;0;0;0;0;;0;0;0;;0.0;0.0;;1397;114277;;;;;;0.0;0.0;0.0;0.0;0.0;9;7.032733467215741E-5;107;8.361138677689825E-4;2515;0.019652582966719543;19;1.4846881764122118E-4;296;0.002312987895884288;;0.846931346920985;0.13203098864425877;0.8473904837437581;0.13203886221210634;
219;12;Rickettsia massiliae MTU5;strain;416276;9;296;107;101;20;5.35;23;19;2515;279.44444444444446;7.892289779875442E-4;106.95569808171687;0.9443162151382849;127973;35791;0.846931346920985;0.13203098864425877;0.8473904837437581;0.13203886221210634;5.860438280718027;7.032733467215741E-5;8.361138677689825E-4;0.019652582966719543;1.4846881764122118E-4;0.002312987895884288;9;7.032733467215741E-5;107;8.361138677689825E-4;2515;0.019652582966719543;19;1.4846881764122118E-4;296;0.002312987895884288;444612x54001-NZ-CM000770_1632051_aligned_138385_F_147_206_101;0.846931346920985;0.13203098864425877;0.8473904837437581;0.13203886221210634;
220;11;Rickettsia parkeri;species;35792;15;912;246;246;38;6.473684210526316;31;36;7255;483.6666666666667;0.0012892270926356832;245.8421369789441;1.0006421316662628;190812;114277;0.7706162150319481;0.2082302102360593;0.7711310155467485;0.20762432308435158;7.7380661111691875;7.861140808754166E-5;0.0012892270926356832;0.03802171771167432;1.886673794101E-4;0.004779573611722533;15;7.861140808754166E-5;246;0.0012892270926356832;7255;0.03802171771167432;36;1.886673794101E-4;912;0.004779573611722533;35792x169032-NZ-CP040325_1001936_aligned_71272_F_4_200_2;0.7706162150319481;0.2082302102360593;0.7711310155467485;0.20762432308435158;
221;11;Rickettsia slovaca;species;35794;1;91;26;26;13;2.0;5;13;295;295.0;3.7913033334305464E-4;25.995261423545855;1.0001822861627332;68578;114277;0.6566037735849056;;0.6566037735849056;;1.224744871391589;1.4581935897809793E-5;3.7913033334305464E-4;0.004301671089853889;1.8956516667152732E-4;0.0013269561667006912;1;1.4581935897809793E-5;26;3.7913033334305464E-4;295;0.004301671089853889;13;1.8956516667152732E-4;91;0.0013269561667006912;1462938x212560-NZ-CP113531_1690986_aligned_161845_F_0_290_1;0.6566037735849056;;0.6566037735849056;;
222;11;Rickettsia honei;species;37816;0;0;0;0;0;;0;0;0;;;0.0;;0;114277;;;;;;;;;;;5;3.0803730947892406E-5;90;5.544671570620633E-4;2098;0.012925245505735655;18;1.1089343141241267E-4;518;0.0031912665262016538;;0.7325368581023144;0.1333910051972832;0.7325368581023144;0.1333910051972832;
223;12;Rickettsia honei RB;strain;1175313;5;518;90;90;18;5.0;31;18;2098;419.6;5.544671570620633E-4;89.97533066916735;1.0002741788293434;162318;37816;0.7325368581023144;0.1333910051972832;0.7325368581023144;0.1333910051972832;6.978959976453596;3.0803730947892406E-5;5.544671570620633E-4;0.012925245505735655;1.1089343141241267E-4;0.0031912665262016538;5;3.0803730947892406E-5;90;5.544671570620633E-4;2098;0.012925245505735655;18;1.1089343141241267E-4;518;0.0031912665262016538;1462938x212560-NZ-CP113531_811459_aligned_39396_F_6_255_153;0.7325368581023144;0.1333910051972832;0.7325368581023144;0.1333910051972832;
224;11;Rickettsia felis;species;42862;241;27653;9620;8856;706;13.626062322946176;342;300;201106;834.4647302904565;0.016688651867485773;9533.33598574213;0.928950790493995;530660;114277;0.8295031918112203;0.1287664516166823;0.8303123726156145;0.12852128111384786;17.832207711009666;4.54151434063242E-4;0.018128368446839783;0.37897335393660725;5.653337353484341E-4;0.052110579278634155;243;4.974527244416953E-4;9661;0.019016044899598076;201917;0.3965320271850701;304;6.519363161053406E-4;27714;0.05343126863517698;42862x66326-NZ-JSEL01000012_11868_aligned_14029_R_393_3002_347;0.8302720735378831;0.12852451815720375;0.8310745944179612;0.12827610807076495;
225;12;Rickettsia felis str. LSU;strain;1359195;2;61;41;41;4;10.25;21;4;811;405.5;8.876764527582922E-4;40.98225146678097;1.000433078529944;46188;42862;0.9229223216007357;0.028056047103545256;0.9229223216007357;0.028056047103545256;10.242883708539635;4.3301290378453275E-5;8.876764527582922E-4;0.017558673248462803;8.660258075690655E-5;0.0013206893565428249;2;4.3301290378453275E-5;41;8.876764527582922E-4;811;0.017558673248462803;4;8.660258075690655E-5;61;0.0013206893565428249;42862x66326-NZ-JSEL01000012_8523_aligned_44047_F_3_478_5;0.9229223216007357;0.028056047103545256;0.9229223216007357;0.028056047103545256;
226;11;Rickettsia peacockii;species;47589;0;0;0;0;0;;0;0;0;;;0.0;;0;114277;;;;;;;;;;;4;3.4108738658844396E-5;82;6.992291425063101E-4;2193;0.01870011596971144;23;1.9612524728835528E-4;238;0.0020294699502012414;;0.899697244936045;0.06892565431053585;0.899697244936045;0.06892565431053585;
227;12;Rickettsia peacockii str. Rustic;strain;562019;4;238;82;77;23;3.5652173913043477;31;23;2193;548.25;6.565932191827546E-4;81.97168765807382;0.939348721490131;117272;47589;0.899697244936045;0.06892565431053585;0.899697244936045;0.06892565431053585;6.294485948803429;3.4108738658844396E-5;6.992291425063101E-4;0.01870011596971144;1.9612524728835528E-4;0.0020294699502012414;4;3.4108738658844396E-5;82;6.992291425063101E-4;2193;0.01870011596971144;23;1.9612524728835528E-4;238;0.0020294699502012414;1462938x212560-NZ-CP113531_631685_aligned_25064_R_66_288_1176;0.899697244936045;0.06892565431053585;0.899697244936045;0.06892565431053585;
228;11;Rickettsia monacensis;species;109232;24;1731;476;474;73;6.52054794520548;52;61;13172;548.8333333333334;0.0033831286088489513;475.19402584845915;0.9974872877529821;140107;114277;0.8244290520011729;0.15929527231418256;0.8246614822140015;0.15926094452016923;8.389990049393345;1.7129765108095954E-4;0.003397403413105698;0.09401386083493331;4.353815298307722E-4;0.012354843084214208;24;1.7129765108095954E-4;476;0.003397403413105698;13172;0.09401386083493331;61;4.353815298307722E-4;1731;0.012354843084214208;109232x175602-NZ-LN794217_984621_aligned_3537_R_1_494_3;0.8244290520011729;0.15929527231418256;0.8246614822140015;0.15926094452016923;
229;11;Rickettsia asiatica;species;238800;15;730;187;187;39;4.794871794871795;31;37;6109;407.26666666666665;8.114276787961364E-4;186.9245574125872;1.0004035991228604;230458;114277;0.8295222346030624;0.10966909610141053;0.831388623253457;0.10768530580341518;5.740802654220911;6.508778172161522E-5;8.114276787961364E-4;0.026508083902489824;1.605498615799842E-4;0.003167605377118607;15;6.508778172161522E-5;187;8.114276787961364E-4;6109;0.026508083902489824;37;1.605498615799842E-4;730;0.003167605377118607;238800x60302-NZ-AP019563_779883_aligned_112706_F_50_138_6;0.8295222346030624;0.10966909610141053;0.831388623253457;0.10768530580341518;
230;11;Rickettsia sibirica subgroup;;266068;0;0;0;0;0;;0;0;0;;;0.0;;0;114277;;;;;;;;;;;16;1.770749153841153E-4;215;0.002973759099486422;5187;0.05934443845628056;40;0.0010865670436845355;895;0.010411164230294437;;0.7659687098486667;0.17238437253857142;0.7699325588539074;0.16957204812896093;
231;12;Rickettsia sibirica;species;35793;7;285;107;107;20;5.35;30;20;1861;265.85714285714283;8.983745298226759E-4;106.95240013893658;1.0004450565017857;119104;266068;0.7535607616400105;0.1649380322860463;0.7612069148788689;0.16084966861949634;6.799961300199474;5.877216550241806E-5;8.983745298226759E-4;0.015625;1.6792047286405158E-4;0.002392866738312735;16;1.770749153841153E-4;215;0.002973759099486422;5187;0.05934443845628056;40;0.0010865670436845355;895;0.010411164230294437;35793x61973-NZ-JBGCYL010000007_78650_aligned_151025_F_4_126_14;0.7659687098486667;0.17238437253857142;0.7699325588539074;0.16957204812896093;
232;13;Rickettsia sibirica subsp. mongolitimonae;subspecies;45261;0;0;0;0;0;;0;0;0;;;0.0;;0;35793;;;;;;;;;;;9;1.1830274988169724E-4;107;0.0014064882485935117;3326;0.04371943845628056;19;2.4975024975024975E-4;610;0.008018297491981703;;0.7756193362331771;0.18728398887406167;0.7767191708344929;0.18545114460105144;
233;14;Rickettsia sibirica subsp. mongolitimonae HA-91;strain;1144280;9;610;107;107;19;5.631578947368421;18;19;3326;369.55555555555554;0.0014064882485935117;106.9254904059012;1.0006968365898155;76076;45261;0.7756193362331771;0.18728398887406167;0.7767191708344929;0.18545114460105144;5.727230534092659;1.1830274988169724E-4;0.0014064882485935117;0.04371943845628056;2.4975024975024975E-4;0.008018297491981703;9;1.1830274988169724E-4;107;0.0014064882485935117;3326;0.04371943845628056;19;2.4975024975024975E-4;610;0.008018297491981703;444612x54001-NZ-CM000770_307839_aligned_87949_F_273_182_1;0.7756193362331771;0.18728398887406167;0.7767191708344929;0.18545114460105144;
234;13;Rickettsia sibirica subsp. sibirica;subspecies;1144281;0;0;0;0;0;;0;0;0;;;0.0;;0;35793;;;;;;;;;;;0;0.0;1;6.688963210702341E-4;0;0.0;1;6.688963210702341E-4;0;0.0;;;;;;
235;14;Rickettsia sibirica subsp. sibirica BJ-90;strain;1130827;0;0;1;1;1;1.0;1;1;0;;6.688963210702341E-4;1.0000000000000324;0.9999999999999676;1495;1144281;;;;;;0.0;6.688963210702341E-4;0.0;6.688963210702341E-4;0.0;0;0.0;1;6.688963210702341E-4;0;0.0;1;6.688963210702341E-4;0;0.0;1462938x212560-NZ-CP113531_1630773_aligned_161646_R_39_98_131;;;;;
236;11;Rickettsia tamurae;species;334545;33;1636;537;489;94;5.712765957446808;30;91;13672;414.3030303030303;0.0018767198467921139;536.4480465239852;0.9115514599569638;260561;114277;0.8167416087733685;0.1732578994526956;0.8173416111034747;0.17344381811447832;6.919851978691502;1.2664980561173775E-4;0.0020609377458637324;0.05247139825223268;3.492464336566102E-4;0.006278760060024332;490;0.012257353492602421;11338;0.2887649432670593;244812;6.187899954512685;682;0.016036874177664258;35348;0.9011371467029782;1462938x212560-NZ-CP113531_427363_aligned_93917_F_6_127_262;0.7807163673518495;0.19358040100597715;0.7809901048631446;0.1934882489173823;
237;12;Rickettsia tamurae subsp. buchneri;subspecies;1462938;457;33712;10801;8954;709;15.234132581100141;173;591;231140;505.7768052516411;0.23767685079499906;9390.709065446094;0.9534956239829641;37673;334545;0.7781149823039061;0.19487947546458126;0.778365160211217;0.19476499621913057;17.838459609253963;0.012130703686990683;0.28670400552119557;6.135428556260452;0.015687627744007646;0.8948583866429538;457;0.012130703686990683;10801;0.28670400552119557;231140;6.135428556260452;591;0.015687627744007646;33712;0.8948583866429538;1462938x212560-NZ-CP113531_252736_aligned_114027_F_1_270_3;0.7781149823039061;0.19487947546458126;0.778365160211217;0.19476499621913057;
238;11;Rickettsia gravesii;species;354585;0;0;0;0;0;;0;0;0;;;0.0;;0;114277;;;;;;;;;;;11;3.5884269967149585E-5;172;5.610994940317935E-4;3787;0.012353975487781405;38;1.2396384170469855E-4;783;0.00255430758038892;;0.7458088250613475;0.17158507011155638;0.7469085318062155;0.1723906063805958;
239;12;Rickettsia gravesii BWI-1;strain;1397702;11;783;172;172;40;4.3;25;38;3787;344.27272727272725;5.610994940317935E-4;171.9520348577735;1.0002789448945235;306541;354585;0.7458088250613475;0.17158507011155638;0.7469085318062155;0.1723906063805958;5.258448635413496;3.5884269967149585E-5;5.610994940317935E-4;0.012353975487781405;1.2396384170469855E-4;0.00255430758038892;11;3.5884269967149585E-5;172;5.610994940317935E-4;3787;0.012353975487781405;38;1.2396384170469855E-4;783;0.00255430758038892;1462938x212560-NZ-CP113531_551293_aligned_165374_F_418_92_43;0.7458088250613475;0.17158507011155638;0.7469085318062155;0.1723906063805958;
240;11;Rickettsia hoogstraalii;species;467174;29;1716;561;561;95;5.905263157894737;37;83;14130;487.2413793103448;9.755758245006913E-4;560.7269272463723;1.0004869977530217;575045;114277;0.7556727052069835;0.2266965171131778;0.7571735555868978;0.2273894272355907;7.94137252220258;5.0430835847629313E-5;9.755758245006913E-4;0.02457199001817249;1.4433653018459426E-4;0.0029841142867079967;29;5.0430835847629313E-5;561;9.755758245006913E-4;14130;0.02457199001817249;83;1.4433653018459426E-4;1716;0.0029841142867079967;467174x143355-NZ-CCXM01000001_1414627_aligned_220771_R_2060_98_554;0.7556727052069835;0.2266965171131778;0.7571735555868978;0.2273894272355907;
241;11;Rickettsia asembonensis;species;1068590;17;1637;261;259;74;3.527027027027027;31;71;12562;738.9411764705883;5.314379397443763E-4;260.93039190517806;0.9926018893733177;487357;114277;0.8471913210072685;0.15176249399214825;0.8495783115017178;0.15309363830291695;4.868751275795561;3.488202693302856E-5;5.355417076188503E-4;0.025775766019570868;1.4568375954382515E-4;0.0033589340052569265;17;3.488202693302856E-5;261;5.355417076188503E-4;12562;0.025775766019570868;71;1.4568375954382515E-4;1637;0.0033589340052569265;444612x54001-NZ-CM000770_1608305_aligned_146763_F_2_248_0;0.8471913210072685;0.15176249399214825;0.8495783115017178;0.15309363830291695;
242;11;Rickettsia fournieri;species;1436798;8;258;103;103;29;3.5517241379310347;20;29;3308;413.5;9.459695269233948E-4;102.95177046747465;1.0004684672473951;108883;114277;0.8718420912827513;0.11655853309704488;0.8718420912827513;0.11655853309704488;4.740299921919888;7.347336131443843E-5;9.459695269233948E-4;0.030381234903520293;2.663409347648393E-4;0.0023695159023906396;8;7.347336131443843E-5;103;9.459695269233948E-4;3308;0.030381234903520293;29;2.663409347648393E-4;258;0.0023695159023906396;444612x54001-NZ-CM000770_741218_aligned_15169_R_0_348_8;0.8718420912827513;0.11655853309704488;0.8718420912827513;0.11655853309704488;
243;11;Rickettsia argasii;species;1441385;0;0;0;0;0;;0;0;0;;;0.0;;0;114277;;;;;;;;;;;10;6.836484952896619E-5;183;0.0012510767463800813;5348;0.03656152152809112;31;2.1193103353979518E-4;956;0.006535679614969168;;0.7370404158809137;0.2628662620131828;0.7393583153727262;0.2612107953125309;
244;12;Rickettsia argasii T170-B;strain;1268837;10;956;183;183;31;5.903225806451613;31;31;5348;534.8;0.0012510767463800813;182.8861989609337;1.000622250556427;146274;1441385;0.7370404158809137;0.2628662620131828;0.7393583153727262;0.2612107953125309;7.2034937759843425;6.836484952896619E-5;0.0012510767463800813;0.03656152152809112;2.1193103353979518E-4;0.006535679614969168;10;6.836484952896619E-5;183;0.0012510767463800813;5348;0.03656152152809112;31;2.1193103353979518E-4;956;0.006535679614969168;444612x54001-NZ-CM000770_236976_aligned_208040_F_38_142_181;0.7370404158809137;0.2628662620131828;0.7393583153727262;0.2612107953125309;
245;11;Rickettsia koreansis;species;2358204;6;576;91;91;21;4.333333333333333;20;21;2900;483.3333333333333;5.777997891983187E-4;90.97400390679624;1.0002857529853297;157494;114277;0.7015594710028322;0.2739583703811729;0.7015594710028322;0.2739583703811729;5.4528280124476085;3.809668939769134E-5;5.777997891983187E-4;0.018413399875550816;1.333384128919197E-4;0.0036572821821783687;6;3.809668939769134E-5;91;5.777997891983187E-4;2900;0.018413399875550816;21;1.333384128919197E-4;576;0.0036572821821783687;1462938x212560-NZ-CP113531_1603601_aligned_211033_R_1_302_4;0.7015594710028322;0.2739583703811729;0.7015594710028322;0.2739583703811729;
246;11;unclassified spotted fever group;no rank;2750824;0;0;0;0;0;;0;0;0;;;0.0;;0;114277;;;;;;;;;;;8603;0.16258473365291723;249205;4.713807002388542;4400169;83.16561901086355;9914;0.18709773189226336;540265;10.21033694855805;;0.8006457834506344;0.1874904989031489;0.8007537127379133;0.187486371078536;
247;12;Rickettsia endosymbiont of Ixodes scapularis;species;444612;8586;539203;249005;22141;16364;15.216634074798337;249;9876;4392072;511.53878406708594;0.41905933566764453;52360.62184051074;0.4228559406234895;52835;2750824;0.8005622473593387;0.18756927281823355;0.8006700352556783;0.18756491605103107;15.689204429267527;0.16250591463991673;4.712879719882654;83.12807797861267;0.1869215482161446;10.205413078451784;8586;0.16250591463991673;249005;4.712879719882654;4392072;83.12807797861267;9876;0.1869215482161446;539203;10.205413078451784;444612x38930-NZ-GG688311_5839_aligned_63759_F_535_352_47;0.8005622473593387;0.18756927281823355;0.8006700352556783;0.18756491605103107;
248;12;Rickettsia sp. Tenjiku01;species;1736693;17;1062;200;200;41;4.878048780487805;28;38;8097;476.29411764705884;9.272825058882439E-4;199.90776361818013;1.0004613946959862;215684;2750824;0.8428364234427377;0.14000708014491345;0.8430157634714321;0.14014402642080517;5.827499986920719;7.881901300050073E-5;9.272825058882439E-4;0.03754103225088556;1.7618367611876634E-4;0.004923870106266575;17;7.881901300050073E-5;200;9.272825058882439E-4;8097;0.03754103225088556;38;1.7618367611876634E-4;1062;0.004923870106266575;444612x54001-NZ-CM000770_36274_aligned_181854_F_637_218_28;0.8428364234427377;0.14000708014491345;0.8430157634714321;0.14014402642080517;
249;11;Rickettsia tillamookensis;species;2761623;14;1208;238;236;58;4.103448275862069;31;58;11451;817.9285714285714;4.3305851244400975E-4;237.9482551390951;0.9918122738998182;544961;114277;0.861919553594741;0.1175729245526943;0.8651376767710425;0.11688390861366503;5.539933672325771;2.568991175515312E-5;4.3672849983760305E-4;0.021012512822018457;1.0642963441420579E-4;0.002216672385730355;14;2.568991175515312E-5;238;4.3672849983760305E-4;11451;0.021012512822018457;58;1.0642963441420579E-4;1208;0.002216672385730355;42862x66326-NZ-JSEL01000012_151259_aligned_64029_F_1_778_1;0.861919553594741;0.1175729245526943;0.8651376767710425;0.11688390861366503;
250;11;Candidatus Rickettsia kedanie;species;3115352;19;967;255;255;61;4.180327868852459;22;61;8312;437.4736842105263;5.061431889005776E-4;254.93573057543534;1.0002521004977198;503810;114277;0.8735854719144021;0.07255056118676119;0.8747931764263034;0.07314342901975684;4.624241187197858;3.7712629761219505E-5;5.061431889005776E-4;0.01649828308290824;1.2107739028602052E-4;0.0019193743673210138;19;3.7712629761219505E-5;255;5.061431889005776E-4;8312;0.01649828308290824;61;1.2107739028602052E-4;967;0.0019193743673210138;444612x54001-NZ-CM000770_664877_aligned_16695_F_16_307_79;0.8735854719144021;0.07255056118676119;0.8747931764263034;0.07314342901975684;
251;10;typhus group;species group;114292;1;98;46;46;14;3.2857142857142856;10;14;267;267.0;3.208347282669345E-4;45.99278195705691;1.000156938602884;143376;780;0.5738396624472574;;0.5864978902953587;;2.867015908532811;6.974668005802924E-6;3.208347282669345E-4;0.0018622363575493807;9.764535208124093E-5;6.835174645686865E-4;28;3.809205022694806E-5;365;6.881031298748034E-4;11503;0.014779285648421295;89;1.838692316339311E-4;1249;0.00201105419770041;1462938x212560-NZ-CP113531_1502789_aligned_45981_F_312_457_196;0.8121192297301777;0.213822344743609;0.8167675928593351;0.21393838478737537;
252;11;Rickettsia prowazekii;species;782;14;563;178;178;46;3.869565217391304;18;46;6906;493.2857142857143;2.0257359510090554E-4;177.9820734419751;1.000100721143867;878693;114292;0.8340486981922062;0.19215702797370318;0.8382179795400212;0.19131304981062458;3.8448158207711556;1.593275467085774E-5;2.0257359510090554E-4;0.007859400268353111;5.235047963281829E-5;6.407243485494934E-4;14;1.593275467085774E-5;178;2.0257359510090554E-4;6906;0.007859400268353111;46;5.235047963281829E-5;563;6.407243485494934E-4;1462938x212560-NZ-CP113531_432668_aligned_73704_F_73_471_1788;0.8340486981922062;0.19215702797370318;0.8382179795400212;0.19131304981062458;
253;11;Rickettsia typhi;species;785;13;588;141;141;29;4.862068965517241;31;29;4330;333.0769230769231;1.6469480650696332E-4;140.9884719880275;1.000081765635232;856129;114292;0.8068320765620638;0.2398872109213927;0.8113802304773634;0.24154504183633785;6.168607957872751;1.5184627550287398E-5;1.6469480650696332E-4;0.005057649022518803;3.387339991987189E-5;6.8681238458223E-4;13;1.5184627550287398E-5;141;1.6469480650696332E-4;4330;0.005057649022518803;29;3.387339991987189E-5;588;6.8681238458223E-4;444612x54001-NZ-CM000770_989801_aligned_93664_F_2_151_2;0.8068320765620638;0.2398872109213927;0.8113802304773634;0.24154504183633785;
254;10;unclassified Rickettsia;no rank;114295;99;8413;5257;5239;455;11.553846153846154;114;274;59545;601.4646464646464;0.0012794800607234056;5253.627415851179;0.9972157492921853;4094632;780;0.8252410435676252;0.16415020315096113;0.8280556803092044;0.1623580697113016;15.655320327536483;2.4177996948199497E-5;0.001283876060168533;0.01454221038667211;6.691688044249153E-5;0.0020546412962141655;310;0.0010059831827173007;13288;0.039094280783971286;192248;0.6229964665300618;926;0.005055692738052293;28666;0.08541769730081611;3348345x74198-NZ-CP170741_900742_aligned_84815_R_2_333_1;0.8166781264052833;0.16562354962978537;0.8190232122197421;0.16439589766162702;
255;11;Rickettsia sp.;species;789;16;1778;955;954;87;10.977011494252874;81;64;12039;752.4375;0.001848529121115473;954.1178704112511;0.9998764613734775;516086;114295;0.7895584911290624;0.16081375775726978;0.7973498223525758;0.1609206207273851;16.58030283582822;3.1002584840511075E-5;0.0018504667826680049;0.023327507430932055;1.240103393620443E-4;0.0034451622404017934;16;3.1002584840511075E-5;955;0.0018504667826680049;12039;0.023327507430932055;64;1.240103393620443E-4;1778;0.0034451622404017934;789x156627-NZ-JBHEQR010000302_334_aligned_135_F_39_3261_105;0.7895584911290624;0.16081375775726978;0.7973498223525758;0.1609206207273851;
256;11;Rickettsia endosymbiont of Oedothorax gibbosus;species;931099;0;0;1;1;1;1.0;1;1;0;;2.3037228160707703E-6;0.9999999999979536;1.0000000000020464;434080;114295;;;;;;0.0;2.3037228160707703E-6;0.0;2.3037228160707703E-6;0.0;0;0.0;1;2.3037228160707703E-6;0;0.0;1;2.3037228160707703E-6;0;0.0;1462938x212560-NZ-CP113531_418585_aligned_196209_F_1_167_3;;;;;
257;11;Rickettsia endosymbiont of Ixodes pacificus;species;1133329;79;9549;3808;3740;254;14.992125984251969;333;150;55777;706.0379746835443;0.020177497235035473;3769.160104400071;0.9922635007289742;185355;114295;0.8148003770057407;0.11770938068881452;0.8166287832615474;0.11636054159689359;25.747787368152757;4.2620916619459957E-4;0.020544360821127025;0.3009198564915972;8.092579104960751E-4;0.051517358582180144;79;4.2620916619459957E-4;3808;0.020544360821127025;55777;0.3009198564915972;150;8.092579104960751E-4;9549;0.051517358582180144;1133329x66257-NZ-KR611317_90397_aligned_130197_F_313_411_507;0.8148003770057407;0.11770938068881452;0.8166287832615474;0.11636054159689359;
258;11;Rickettsia sp. MEAM1 (Bemisia tabaci);species;1182263;2;45;36;26;18;2.0;6;18;981;490.5;0.003557258174852921;35.913938401437164;0.723952904005637;7309;114295;0.8780199993007238;0.15238112813689303;0.8780199993007238;0.15238112813689303;1.3719886811400708;2.7363524421945547E-4;0.004925434395950198;0.1342180872896429;0.002462717197975099;0.006156792994937748;2;2.7363524421945547E-4;36;0.004925434395950198;981;0.1342180872896429;18;0.002462717197975099;45;0.006156792994937748;1462938x212560-NZ-CP113531_1624965_aligned_202434_R_7_160_4;0.8780199993007238;0.15238112813689303;0.8780199993007238;0.15238112813689303;
259;11;Rickettsia endosymbiont of Proechinophthirus fluctus;species;1462733;8;227;105;105;32;3.28125;18;31;2836;354.5;4.5787745455021174E-4;104.97619393741464;1.0002267758211882;229319;114295;0.8849458332763593;0.13942150285697344;0.8895043811566175;0.1305622466829243;3.7950253941094365;3.488590129906375E-5;4.5787745455021174E-4;0.012367052010518098;1.3518286753387202E-4;9.89887449360934E-4;8;3.488590129906375E-5;105;4.5787745455021174E-4;2836;0.012367052010518098;31;1.3518286753387202E-4;227;9.89887449360934E-4;1462938x212560-NZ-CP113531_1372383_aligned_40204_F_0_221_2;0.8849458332763593;0.13942150285697344;0.8895043811566175;0.1305622466829243;
260;11;Rickettsia endosymbiont of Culicoides newsteadi;species;1961830;1;951;94;94;7;13.428571428571429;31;1;4636;4636.0;6.037251123956327E-4;93.9719323105141;1.000298681625415;155700;114295;0.7935301780286582;;0.7935301780286582;;12.149857925879118;6.422607578676943E-6;6.037251123956327E-4;0.029775208734746306;6.422607578676943E-6;0.006107899807321773;1;6.422607578676943E-6;94;6.037251123956327E-4;4636;0.029775208734746306;1;6.422607578676943E-6;951;0.006107899807321773;1961830x142077-NZ-MWZE01000080_603_aligned_2020_R_358_4212_6;0.7935301780286582;;0.7935301780286582;;
261;11;Rickettsia sp. TH2014;species;1967503;19;1842;760;760;110;6.909090909090909;46;80;14333;754.3684210526316;0.0013426304603985845;759.4906991017892;1.0006705821398645;566053;114295;0.8395705446911745;0.11072770460872863;0.8417778704280656;0.10902527967739435;8.821934147439066;3.356576150996461E-5;0.0013426304603985845;0.0253209505117012;1.4132952214721944E-4;0.0032541122474397275;19;3.356576150996461E-5;760;0.0013426304603985845;14333;0.0253209505117012;80;1.4132952214721944E-4;1842;0.0032541122474397275;1967503x73101-NZ-MXAX01000252_1070_aligned_39647_F_5_3250_1;0.8395705446911745;0.11072770460872863;0.8417778704280656;0.10902527967739435;
262;11;Rickettsia endosymbiont of Cardiosporidium cionae;species;2777155;11;476;252;252;12;21.0;65;12;3668;333.45454545454544;2.4525213281765504E-4;251.96922335404446;1.000122144464891;1027514;114295;0.5673735452534184;0.3547289530093416;0.5673735452534184;0.3547289530093416;20.989174699007453;1.0705450242040497E-5;2.4525213281765504E-4;0.003569781044345868;1.1678672991316906E-5;4.632540286555706E-4;11;1.0705450242040497E-5;252;2.4525213281765504E-4;3668;0.003569781044345868;12;1.1678672991316906E-5;476;4.632540286555706E-4;2777155x23546-NZ-JADAQY010000006_34518_aligned_235349_R_0_137_0;0.5673735452534184;0.3547289530093416;0.5673735452534184;0.3547289530093416;
263;11;Rickettsia endosymbiont of Halotydeus destructor;species;2996754;0;0;8;8;5;1.6;3;5;0;;6.232325514361615E-6;7.999978186858668;1.000002726650101;1283630;114295;;;;;0.8944271909999157;0.0;6.232325514361615E-6;0.0;3.895203446476009E-6;0.0;0;0.0;8;6.232325514361615E-6;0;0.0;5;3.895203446476009E-6;0;0.0;1462938x27980-NZ-JFKF01000158_2824_aligned_146466_R_3_172_10;;;;;
264;11;Rickettsia endosymbiont of Aspidapion aeneum;species;3066247;0;0;1;1;1;1.0;1;1;0;;8.643789437289307E-5;1.0000000000001243;0.9999999999998757;11569;114295;;;;;;0.0;8.643789437289307E-5;0.0;8.643789437289307E-5;0.0;0;0.0;1;8.643789437289307E-5;0;0.0;1;8.643789437289307E-5;0;0.0;1462938x212560-NZ-CP113531_1043850_aligned_115423_F_37_132_65;;;;;
265;11;Rickettsia endosymbiont of Cantharis rufa;species;3066248;24;1520;446;443;103;4.330097087378641;31;99;13389;557.875;4.6176328950577777E-4;445.89657783091883;0.9935039245086622;959366;114295;0.821080919344063;0.19325406788653307;0.8245449653283622;0.1901550913257952;5.605299225041098;2.501652132762679E-5;4.6489035467173114E-4;0.013956091835649794;1.031931504764605E-4;0.00158437968408303;24;2.501652132762679E-5;446;4.6489035467173114E-4;13389;0.013956091835649794;99;1.031931504764605E-4;1520;0.00158437968408303;1462938x212560-NZ-CP113531_1206970_aligned_210921_F_1_182_2;0.821080919344063;0.19325406788653307;0.8245449653283622;0.1901550913257952;
266;11;Rickettsia endosymbiont of Orchestes rusci;species;3066250;2;22;38;38;7;5.428571428571429;18;7;327;163.5;9.182314861576603E-5;37.99830132019715;1.0000447040984421;413839;114295;0.9085812356979406;0.09206950995312178;0.9085812356979406;0.09206950995312178;6.051367417290709;4.8327972955666334E-6;9.182314861576603E-5;7.901623578251446E-4;1.6914790534483216E-5;5.3160770251232966E-5;2;4.8327972955666334E-6;38;9.182314861576603E-5;327;7.901623578251446E-4;7;1.6914790534483216E-5;22;5.3160770251232966E-5;3066250x11247-NZ-CAXIQG010000002_209887_aligned_222995_F_37_65_44;0.9085812356979406;0.09206950995312178;0.9085812356979406;0.09206950995312178;
267;11;Rickettsia endosymbiont of Polydrusus tereticollis;species;3066251;2;66;93;92;29;3.206896551724138;15;28;564;282.0;7.476161608609938E-5;92.99652367415281;0.9892842911242091;1230578;114295;0.8434170194132244;0.029467083057760822;0.8490731280105095;0.037466028546301176;3.177817201710584;1.625252523610856E-6;7.557424234790481E-5;4.583212116582614E-4;2.2753535330551986E-5;5.363333327915825E-5;2;1.625252523610856E-6;93;7.557424234790481E-5;564;4.583212116582614E-4;28;2.2753535330551986E-5;66;5.363333327915825E-5;1462938x212560-NZ-CP113531_444906_aligned_47722_F_17_261_194;0.8434170194132244;0.029467083057760822;0.8490731280105095;0.037466028546301176;
268;11;Rickettsia endosymbiont of Rhinocyllus conicus;species;3066252;5;103;82;80;22;3.727272727272727;14;21;1352;270.4;7.534162719079325E-4;81.96873165974777;0.9759819187160297;106183;114295;0.8972023880371143;0.07437127869532408;0.8972023880371143;0.07437127869532408;3.781934730138835;4.708851699424578E-5;7.722516787056308E-4;0.01273273499524406;1.9777177137583228E-4;9.700234500814632E-4;5;4.708851699424578E-5;82;7.722516787056308E-4;1352;0.01273273499524406;21;1.9777177137583228E-4;103;9.700234500814632E-4;1462938x212560-NZ-CP113531_875130_aligned_193921_R_4_107_9;0.8972023880371143;0.07437127869532408;0.8972023880371143;0.07437127869532408;
269;11;Rickettsia endosymbiont of Urophora cardui;species;3066265;6;109;129;123;56;2.3035714285714284;9;55;1579;263.1666666666667;2.448935708469136E-4;128.98356365185145;0.9536098749139688;502259;114295;0.8866615694299046;0.10244718316080843;0.8869679419789241;0.10262562096166294;2.0619465018819905;1.194602784619091E-5;2.5683959869310456E-4;0.003143796328189241;1.0950525525675E-4;2.170195058724682E-4;6;1.194602784619091E-5;129;2.5683959869310456E-4;1579;0.003143796328189241;55;1.0950525525675E-4;109;2.170195058724682E-4;1462938x86281-NZ-JFKF01000199_12490_aligned_11437_F_94_406_298;0.8866615694299046;0.10244718316080843;0.8869679419789241;0.10262562096166294;
270;11;Rickettsia endosymbiont of Gonocerus acuteangulatus;species;3066266;24;1574;760;729;65;11.692307692307692;64;40;11576;482.3333333333333;0.0010574305163713162;759.5817937306255;0.9597386430493213;689407;114295;0.8455996484290488;0.1486676376937274;0.8455996484290488;0.1486676376937274;12.627998501498412;3.481252728794457E-5;0.0011023966974515779;0.01679124232855193;5.8020878813240946E-5;0.002283121581301031;24;3.481252728794457E-5;760;0.0011023966974515779;11576;0.01679124232855193;40;5.8020878813240946E-5;1574;0.002283121581301031;3066266x73572-NZ-OZ032147_1580703_aligned_94626_F_281_379_11;0.8455996484290488;0.1486676376937274;0.8455996484290488;0.1486676376937274;
271;11;Rickettsia endosymbiont of Pantilius tunicatus;species;3066267;11;1968;410;410;31;13.225806451612904;99;19;9263;842.0909090909091;0.0012780389271954216;409.7387517986421;1.000637597005924;320804;114295;0.7638134868170023;0.19331295043328892;0.7642250361920971;0.193297276928097;19.4314344596916;3.4288849266218623E-5;0.0012780389271954216;0.028874328250271194;5.92261941871049E-5;0.006134586850538023;11;3.4288849266218623E-5;410;0.0012780389271954216;9263;0.028874328250271194;19;5.92261941871049E-5;1968;0.006134586850538023;3066267x246428-NZ-OZ198175_1633631_aligned_34263_F_15_277_381;0.7638134868170023;0.19331295043328892;0.7642250361920971;0.193297276928097;
272;11;Rickettsia endosymbiont of Nabis limbatus;species;3066268;1;23;40;40;19;2.1052631578947367;9;18;383;383.0;2.307190937353998E-4;39.99550130658671;1.0001124799856564;173371;114295;0.9348441926345609;;0.9348441926345609;;1.9117977822546812;5.767977343384995E-6;2.307190937353998E-4;0.0022091353225164533;1.0382359218092991E-4;1.326634788978549E-4;1;5.767977343384995E-6;40;2.307190937353998E-4;383;0.0022091353225164533;18;1.0382359218092991E-4;23;1.326634788978549E-4;444612x44192-NZ-GG688316_20017_aligned_74573_F_13_402_0;0.9348441926345609;;0.9348441926345609;;
273;11;Rickettsia sp. R1;species;3405422;0;0;13;13;2;6.5;11;2;0;;0.003473149879775581;12.979181501009517;1.0016039916684163;3743;114295;;;;;6.363961030678928;0.0;0.003473149879775581;0.0;5.343307507347048E-4;0.0;0;0.0;13;0.003473149879775581;0;0.0;2;5.343307507347048E-4;0;0.0;444612x44192-NZ-GG688316_10523_aligned_39104_F_164_609_45;;;;;
274;10;belli group;species group;1129742;2;44;40;40;11;3.6363636363636362;17;11;835;417.5;5.647962497529016E-4;39.98898844254967;1.0002753647411249;70822;780;0.9243224668157479;0.04513802494023543;0.9243224668157479;0.04513802494023543;4.904543348217595;2.8239812487645084E-5;5.647962497529016E-4;0.011790121713591822;1.5531896868204795E-4;6.212758747281918E-4;66;1.9236089561901033E-4;1767;0.004398656738069335;29422;0.08595672283197851;199;6.066787036036435E-4;3286;0.007820181340365205;1462938x212560-NZ-CP113531_616536_aligned_114605_F_36_95_59;0.8411906022339525;0.1420271896053676;0.8426651074759844;0.14214561540522394;
275;11;Rickettsia canadensis;species;788;14;698;187;187;47;3.978723404255319;27;47;4806;343.2857142857143;3.0391283714822497E-4;186.97173894045292;1.000151151504004;615308;1129742;0.7707109600554637;0.2485677410640069;0.7765450206647488;0.25062173560062934;5.118123644385991;2.2752832727674595E-5;3.0391283714822497E-4;0.00781072243494315;7.6384509871479E-5;0.0011343912317083476;16;3.103133358338791E-5;239;5.18046635644559E-4;6852;0.01635565817465644;66;1.5484573070872015E-4;778;0.0014613484206507455;444612x54001-NZ-CM000770_1525821_aligned_77825_R_20_178_9;0.786805982041082;0.23818378971944162;0.7919107850742065;0.23968485828176037;
276;12;Rickettsia canadensis str. McKiel;strain;293613;1;74;35;35;11;3.1818181818181817;9;11;405;405.0;1.4272082990123718E-4;34.997573854509604;1.0000693232479623;245234;788;0.8026666666666666;;0.8026666666666666;;2.227921983292136;4.077737997178205E-6;1.4272082990123718E-4;0.0016514838888571732;4.485511796896026E-5;3.017526117911872E-4;1;4.077737997178205E-6;35;1.4272082990123718E-4;405;0.0016514838888571732;11;4.485511796896026E-5;74;3.017526117911872E-4;444612x54001-NZ-CM000770_126443_aligned_105937_F_25_350_23;0.8026666666666666;;0.8026666666666666;;
277;12;Rickettsia canadensis str. CA410;strain;1105107;1;6;17;17;8;2.125;5;8;1641;1641.0;7.141296859509687E-5;16.99942870835827;1.0000336065200504;238052;788;0.9962756052141527;;0.9962756052141527;;1.3562026818605375;4.20076285853511E-6;7.141296859509687E-5;0.006893451850856116;3.360610286828088E-5;2.520457715121066E-5;1;4.20076285853511E-6;17;7.141296859509687E-5;1641;0.006893451850856116;8;3.360610286828088E-5;6;2.520457715121066E-5;1462938x212560-NZ-CP113531_1507371_aligned_164448_F_79_121_1443;0.9962756052141527;;0.9962756052141527;;
278;11;Rickettsia bellii;species;33990;29;1838;1196;1196;82;14.585365853658537;124;50;13395;461.8965517241379;0.001828268143956244;1194.9082741145744;1.0009136482766718;654171;1129742;0.8414802614625748;0.09210487915437438;0.8416815226996606;0.09206051832998464;19.608483437124985;4.433091653405608E-5;0.001828268143956244;0.020476297481851077;7.643261471388979E-5;0.0028096629168825886;32;1.147319678564225E-4;1247;0.0030392997659428288;14639;0.049669266763525684;56;2.2078815473521157E-4;1937;0.00513289761052068;1359193x52525-NZ-LAOI01000001_1345100_aligned_41731_F_771_346_669;0.8454983782424379;0.089413537116133;0.8456807712385468;0.08936381833309491;
279;12;Rickettsia bellii OSU 85-389;strain;391896;0;0;4;4;3;1.3333333333333333;2;1;0;;1.0808181793617769E-4;3.999837880187677;1.0000405315958245;37009;33990;;;;;0.5773502691896258;0.0;1.0808181793617769E-4;0.0;2.7020454484044422E-5;0.0;0;0.0;4;1.0808181793617769E-4;0;0.0;1;2.7020454484044422E-5;0;0.0;1462938x212560-NZ-CP113531_1137603_aligned_28949_F_1_4618_38;;;;;
280;12;Rickettsia bellii str. RML Mogi;strain;1359194;3;99;47;47;6;7.833333333333333;17;5;1244;414.6666666666667;0.0011029498040504072;46.9746410817564;1.0005398427249175;42613;33990;0.8843401737811138;0.05153293103320069;0.8843401737811138;0.05153293103320069;6.3377177806105145;7.040105132236642E-5;0.0011029498040504072;0.029192969281674606;1.1733508553727736E-4;0.002323234693638092;3;7.040105132236642E-5;47;0.0011029498040504072;1244;0.029192969281674606;5;1.1733508553727736E-4;99;0.002323234693638092;1359194x183916-NZ-LAOJ01000001_1400006_aligned_86263_F_4_190_5;0.8843401737811138;0.05153293103320069;0.8843401737811138;0.05153293103320069;
281;11;Rickettsia oklahomensis;species;3141789;16;527;241;240;66;3.6515151515151514;16;66;7096;443.5;2.753667253733227E-4;240.96682133818345;0.9959877408316452;871565;1129742;0.8765681873371274;0.09257420793334825;0.8771809324351667;0.09241663506422683;3.5669095619098368;1.8357781691554846E-5;2.765140867290449E-4;0.008141676180204574;7.572584947766375E-5;6.046594344655878E-4;16;1.8357781691554846E-5;241;2.765140867290449E-4;7096;0.008141676180204574;66;7.572584947766375E-5;527;6.046594344655878E-4;1462938x212560-NZ-CP113531_1155499_aligned_211175_F_27_91_117;0.8765681873371274;0.09257420793334825;0.8771809324351667;0.09241663506422683;
282;10;Rickettsia incertae sedis;no rank;2749451;0;0;0;0;0;;0;0;0;;;0.0;;0;780;;;;;;;;;;;18;9.525371886394064E-5;424;0.0022437542665728243;6818;0.03607999195635263;66;3.4926363583444905E-4;881;0.004662140351062873;;0.809428911966429;0.15876252547056952;0.8145716170864856;0.1601467656241654;
283;11;Candidatus Rickettsia colombianensi;species;1090944;18;881;424;424;67;6.3283582089552235;39;66;6818;378.77777777777777;0.0022437542665728243;423.52579903197676;1.001119650725191;188969;2749451;0.809428911966429;0.15876252547056952;0.8145716170864856;0.1601467656241654;9.192203646011233;9.525371886394064E-5;0.0022437542665728243;0.03607999195635263;3.4926363583444905E-4;0.004662140351062873;18;9.525371886394064E-5;424;0.0022437542665728243;6818;0.03607999195635263;66;3.4926363583444905E-4;881;0.004662140351062873;1090944x187756-NZ-RAQN01000009_78893_aligned_88390_R_11_137_0;0.809428911966429;0.15876252547056952;0.8145716170864856;0.1601467656241654;
284;7;Anaplasmataceae;family;942;0;0;11;11;2;5.5;9;2;0;;8.842443729903537E-5;10.999557888523714;1.0000401935678476;124400;766;;;;;4.949747468305833;0.0;8.842443729903537E-5;0.0;1.607717041800643E-5;0.0;75448;0.03305398130727254;3077760;0.9255686662544338;38420345;18.87981620005118;81948;0.03876445823619971;4313292;2.5883737529200985;1242993x110803-NZ-QOHL01000001_39022_aligned_116136_F_1_276_1;0.8247864483355433;0.16754169148249534;0.8247869129388159;0.16754183322259003;
285;8;Anaplasma;genus;768;0;0;391;390;29;13.482758620689655;33;7;0;;5.907864579625139E-4;390.8845239234353;0.9977371221695935;660137;942;;;;;10.044972764149852;0.0;5.923012950342126E-4;0.0;1.0603859501891275E-5;0.0;74984;0.03249908937603714;3057973;0.9034924602896968;38103479;18.577150404202584;81414;0.03805498069548576;4277118;2.5407160995382383;770x3727-NZ-VTCZ01000009_2857_aligned_225_R_0_3800_0;0.8247144976330153;0.167639117367967;0.8247149174820383;0.16763924632322907;
286;9;Anaplasma marginale;species;770;1;615;231;231;9;25.666666666666668;79;1;3865;3865.0;1.677684185756679E-4;230.98070770794476;1.0000835233913978;1376898;768;0.8396349413298566;;0.8396349413298566;;23.441416339462084;7.262702102842767E-7;1.677684185756679E-4;0.0028070343627487294;7.262702102842767E-7;4.466561793248302E-4;1;7.262702102842767E-7;231;1.677684185756679E-4;3865;0.0028070343627487294;1;7.262702102842767E-7;615;4.466561793248302E-4;770x3727-NZ-VTCZ01000009_2857_aligned_225_R_0_3800_0;0.8396349413298566;;0.8396349413298566;;
287;9;phagocytophilum group;species group;106179;0;0;0;0;0;;0;0;0;;;0.0;;0;768;;;;;;;;;;;74983;0.03249836310582686;3057343;0.9027248483986183;38099614;18.574343369839838;81403;0.03804087116750006;4276503;2.5402694433589135;;0.8247142986486629;0.16764022637132805;0.8247147185032851;0.16764035532795524;
288;10;Anaplasma phagocytophilum;species;948;74417;4224231;3047245;90208;181638;16.776472984727864;418;80707;37754198;507.33297499227325;0.016911920890725497;2321366.068437863;0.038859877046753095;5333989;106179;0.8250127023013865;0.16758950530143973;0.8250129638374385;0.16758967554310805;19.335277245204644;0.013951472340869095;0.5712882047563278;7.078041968215532;0.015130702369277478;0.7919459526444468;74983;0.03249836310582686;3057343;0.9027248483986183;38099614;18.574343369839838;81403;0.03804087116750006;4276503;2.5402694433589135;948x92810-NZ-FLLZ01000149_70_aligned_2425_R_624_879_17;0.8247142986486629;0.16764022637132805;0.8247147185032851;0.16764035532795524;
289;11;Anaplasma phagocytophilum str. CRT38;strain;1269275;1;42;4;4;1;4.0;4;1;533;533.0;1.7620369146733624E-4;3.99973570222667;1.000066078809453;22701;948;0.9165009940357853;;0.9165009940357853;;;4.405092286683406E-5;1.7620369146733624E-4;0.023479141888022553;4.405092286683406E-5;0.0018501387604070306;1;4.405092286683406E-5;4;1.7620369146733624E-4;533;0.023479141888022553;1;4.405092286683406E-5;42;0.0018501387604070306;212042x124275-NC-007797_1094106_aligned_14447_F_0_529_1;0.9165009940357853;;0.9165009940357853;;
290;11;Anaplasma phagocytophilum str. Annie;strain;1359151;0;0;2;2;1;2.0;2;1;0;;5.602240896358543E-4;1.9997198879552736;1.0001400756408003;3570;948;;;;;;0.0;5.602240896358543E-4;0.0;2.8011204481792715E-4;0.0;0;0.0;2;5.602240896358543E-4;0;0.0;1;2.8011204481792715E-4;0;0.0;1359157x98494-NZ-LAOD01000043_4609_aligned_15475_R_10_2144_0;;;;;
291;11;Anaplasma phagocytophilum str. ApNYW;strain;1359154;1;176;17;15;2;8.5;11;1;862;862.0;0.0026988125224901042;16.975552765229416;0.8836236561747851;5558;948;0.7764423076923077;;0.7884615384615384;;3.5355339059327378;1.799208348326736E-4;0.0030586541921554518;0.15509175962576466;1.799208348326736E-4;0.03166606693055056;1;1.799208348326736E-4;17;0.0030586541921554518;862;0.15509175962576466;1;1.799208348326736E-4;176;0.03166606693055056;1173064x44808-NC-021880_672594_aligned_177_F_6_842_2;0.7764423076923077;;0.7884615384615384;;
292;11;Anaplasma phagocytophilum str. CRT53-1;strain;1359157;558;49834;9945;379;780;12.75;45;682;322019;577.094982078853;0.012357755388176987;8493.717224620346;0.044621217068706996;30669;948;0.7848947895190431;0.1703146147380497;0.7848947895190431;0.1703146147380497;10.081073791044671;0.018194267827447912;0.3242688056343539;10.499820665818905;0.02223743845576967;1.6248981055789233;558;0.018194267827447912;9945;0.3242688056343539;322019;10.499820665818905;682;0.02223743845576967;49834;1.6248981055789233;1359157x118545-NZ-LAOD01000041_7722_aligned_120948_R_3_215_283;0.7848947895190431;0.1703146147380497;0.7848947895190431;0.1703146147380497;
293;11;Anaplasma phagocytophilum str. MRK;strain;1392505;1;11;15;15;3;5.0;11;3;4526;4526.0;1.2546002007360322E-4;14.99912181159428;1.000058549321537;119560;948;0.9975533807829181;;0.9975533807829181;;5.291502622129181;8.364001338240215E-6;1.2546002007360322E-4;0.03785547005687521;2.5092004014720644E-5;9.200401472064236E-5;1;8.364001338240215E-6;15;1.2546002007360322E-4;4526;0.03785547005687521;3;2.5092004014720644E-5;11;9.200401472064236E-5;1392505x65742-NZ-JFBH01000002_597665_aligned_227059_F_4428_41_57;0.9975533807829181;;0.9975533807829181;;
294;11;Anaplasma phagocytophilum str. Norway variant1;strain;1392506;1;131;18;18;1;18.0;18;1;344;344.0;8.406893652795292E-5;17.99928543190907;1.0000396998032857;214110;948;0.5828025477707006;;0.5828025477707006;;;4.670496473775162E-6;8.406893652795292E-5;0.001606650786978656;4.670496473775162E-6;6.118350380645462E-4;1;4.670496473775162E-6;18;8.406893652795292E-5;344;0.001606650786978656;1;4.670496473775162E-6;131;6.118350380645462E-4;1173064x44808-NC-021880_135875_aligned_54048_F_2_337_4;0.5828025477707006;;0.5828025477707006;;
295;11;Anaplasma phagocytophilum str. Norway variant2;strain;1392507;2;350;40;40;6;6.666666666666667;20;5;1869;934.5;3.1023143264875596E-4;39.993951081447335;1.00015124583566;128936;948;0.7863985014834767;0.08741018922960096;0.7863985014834767;0.08741018922960096;7.966596931354482;1.55115716324378E-5;3.1023143264875596E-4;0.014495563690513124;3.8778929081094496E-5;0.0027145250356766146;2;1.55115716324378E-5;40;3.1023143264875596E-4;1869;0.014495563690513124;5;3.8778929081094496E-5;350;0.0027145250356766146;1359162x189685-NZ-LANS01000001_518700_aligned_41133_F_23_543_43;0.7863985014834767;0.08741018922960096;0.7863985014834767;0.08741018922960096;
296;11;Anaplasma phagocytophilum str. CRT35;strain;1392508;2;1728;57;57;5;11.4;18;2;15263;7631.5;0.0028529956454276992;56.920189376320515;1.0014021496511867;19979;948;0.8822998127652413;0.084053223869808;0.8822998127652413;0.084053223869808;7.056911505750941;1.0010511036588417E-4;0.0028529956454276992;0.7639521497572451;1.0010511036588417E-4;0.08649081535612393;2;1.0010511036588417E-4;57;0.0028529956454276992;15263;0.7639521497572451;2;1.0010511036588417E-4;1728;0.08649081535612393;1392508x225833-NZ-JFBI01000004_215119_aligned_21667_R_0_7064_1;0.8822998127652413;0.084053223869808;0.8822998127652413;0.084053223869808;
297;9;Anaplasma bovis;species;186733;0;0;5;5;1;5.0;5;1;0;;4.7963655060741175E-6;4.999990407027233;1.0000019185982345;1042456;768;;;;;;0.0;4.7963655060741175E-6;0.0;9.592731012148234E-7;0.0;0;0.0;5;4.7963655060741175E-6;0;0.0;1;9.592731012148234E-7;0;0.0;1359162x189685-NZ-LANS01000001_818112_aligned_40352_R_223_249_85;;;;;
298;9;Anaplasma capra;species;1562740;0;0;2;2;1;2.0;2;1;0;;1.8513735803435964E-6;1.9999990744469747;1.000000462776727;1080279;768;;;;;;0.0;1.8513735803435964E-6;0.0;9.256867901717982E-7;0.0;0;0.0;2;1.8513735803435964E-6;0;0.0;1;9.256867901717982E-7;0;0.0;1462938x212560-NZ-CP113531_711895_aligned_109971_F_51_297_2;;;;;
299;9;unclassified Anaplasma;no rank;2617684;0;0;0;0;0;;0;0;0;;;0.0;;0;768;;;;;;;;;;;0;0.0;1;8.944383821398544E-7;0;0.0;1;8.944383821398544E-7;0;0.0;;;;;;
300;10;Candidatus Anaplasma sp. TIGMIC;species;3020713;0;0;1;1;1;1.0;1;1;0;;8.944383821398544E-7;0.9999999999972897;1.0000000000027103;1118020;2617684;;;;;;0.0;8.944383821398544E-7;0.0;8.944383821398544E-7;0.0;0;0.0;1;8.944383821398544E-7;0;0.0;1;8.944383821398544E-7;0;0.0;1392508x225404-NZ-JFBI01000005_54474_aligned_226430_F_13_45_1;;;;;
301;8;Ehrlichia;genus;943;39;2414;2447;2444;101;24.22772277227723;395;47;18539;475.35897435897436;0.002337297686037037;2444.140205550864;0.9999426360441412;1045652;942;0.8465438792914068;0.11741671087496171;0.8465438792914068;0.11741671087496171;45.77900854936;3.729730350059102E-5;0.0023401667093832365;0.01772960793839633;4.4948032423789176E-5;0.002308607452575044;464;5.548919312353907E-4;19776;0.021987781527438147;316866;0.3026657958486014;532;6.934003702959349E-4;36174;0.04765765338185998;2020671x138139-NZ-CP118226_593506_aligned_100306_F_285_695_537;0.8364139299699382;0.15068504283848302;0.8364216270142731;0.150686926464647;
302;9;canis group;species group;106178;3;25;348;338;41;8.487804878048781;34;28;508;169.33333333333334;0.0013371046541527385;347.76125774595164;0.9719311523968478;252785;943;0.9331706037403767;0.043688288938379956;0.9331706037403767;0.043688288938379956;7.768918686726976;1.1867792788337916E-5;0.0013766639634471983;0.0020096129121585536;1.1076606602448722E-4;9.88982732361493E-5;425;5.175946277347998E-4;17329;0.01964761481805491;298327;0.2849361879102051;485;6.484523378721457E-4;33760;0.045349045929284945;1242993x114281-NZ-QOHL01000009_41005_aligned_212057_F_2_189_0;0.8354843581498504;0.1534555315845556;0.835492761511195;0.15345760233726743;
303;10;Ehrlichia ruminantium;species;779;3;1304;1304;1304;61;21.37704918032787;178;3;8537;2845.6666666666665;2.697019999726989E-4;1303.8243050103922;1.0001347535775584;4834966;106178;0.864145796299169;0.05388565220753398;0.864145796299169;0.05388565220753398;27.090689627266308;6.204800612868839E-7;2.697019999726989E-4;0.001765679427735376;6.204800612868839E-7;2.697019999726989E-4;3;6.204800612868839E-7;1304;2.697019999726989E-4;8537;0.001765679427735376;3;6.204800612868839E-7;1304;2.697019999726989E-4;779x122358-NZ-BDDN01000101_1599_aligned_55744_F_25_4088_2;0.864145796299169;0.05388565220753398;0.864145796299169;0.05388565220753398;
304;10;Ehrlichia canis;species;944;0;0;1;1;1;1.0;1;1;0;;8.795090228830657E-7;0.9999999999431541;1.0000000000568459;1136998;106178;;;;;;0.0;8.795090228830657E-7;0.0;8.795090228830657E-7;0.0;0;0.0;1;8.795090228830657E-7;0;0.0;1;8.795090228830657E-7;0;0.0;1242993x110803-NZ-QOHL01000001_123297_aligned_28491_R_1_312_0;;;;;
305;10;Ehrlichia chaffeensis;species;945;78;2303;2303;2300;110;20.936363636363637;82;85;30402;389.7692307692308;0.0019332913612976925;2300.773314986588;0.9996638891013074;1189681;106178;0.8076929459315475;0.21521705099731;0.8076929459315475;0.21521705099731;18.66276146647727;6.556379399183479E-5;0.0019358130456819938;0.025554749550509757;7.144772422187124E-5;0.0019358130456819938;79;2.1165583197576464E-4;2334;0.0064646662231838195;30623;0.05784108994495826;86;2.1753976220580113E-4;2421;0.01917467352778572;1249654x209792-NZ-CP007477_862404_aligned_196327_F_385_177_38;0.8023069460194973;0.21912613782209328;0.8023069460194973;0.21912613782209328;
306;11;Ehrlichia chaffeensis str. Jax;strain;1249652;1;118;31;31;1;31.0;31;1;221;221.0;0.004528853177501826;30.93216304055761;1.0021930881249217;6845;945;0.38219895287958117;;0.38219895287958117;;;1.4609203798392987E-4;0.004528853177501826;0.032286340394448505;1.4609203798392987E-4;0.017238860482103727;1;1.4609203798392987E-4;31;0.004528853177501826;221;0.032286340394448505;1;1.4609203798392987E-4;118;0.017238860482103727;1249652x210812-NZ-CP007475_333378_aligned_151464_F_2_210_9;0.38219895287958117;;0.38219895287958117;;
307;10;Ehrlichia muris;species;35795;3;126;129;129;10;12.9;67;6;2185;728.3333333333334;2.001135528067089E-4;128.9871935702882;1.000099284505363;644634;106178;0.9436307582952098;0.04305654024800872;0.9436307582952098;0.04305654024800872;20.80304464896104;4.653803553644394E-6;2.001135528067089E-4;0.0033895202549043334;9.307607107288788E-6;1.9545974925306453E-4;3;4.653803553644394E-6;129;2.001135528067089E-4;2185;0.0033895202549043334;6;9.307607107288788E-6;126;1.9545974925306453E-4;1359167x228351-NZ-LANU01000002_405997_aligned_182095_F_410_234_407;0.9436307582952098;0.04305654024800872;0.9436307582952098;0.04305654024800872;
308;10;Ehrlichia japonica;species;391036;1;91;75;75;7;10.714285714285714;17;1;1165;1165.0;9.04501523180565E-5;74.99665344256769;1.0000446227568658;829186;106178;0.9198237885462555;;0.9198237885462555;;4.572172558506723;1.20600203090742E-6;9.04501523180565E-5;0.0014049923660071444;1.20600203090742E-6;1.0974618481257523E-4;1;1.20600203090742E-6;75;9.04501523180565E-5;1165;0.0014049923660071444;1;1.20600203090742E-6;91;1.0974618481257523E-4;391036x215088-NZ-CP007474_878301_aligned_28375_R_4_1082_62;0.9198237885462555;;0.9198237885462555;;
309;10;Ehrlichia minasensis;species;1242993;336;29793;13138;3026;702;18.715099715099715;158;360;255309;759.8482142857143;0.002590028305431613;13064.412352755007;0.2316215929422865;1168327;106178;0.8409402923053442;0.13445026664382118;0.8409509215570449;0.13445282530361805;22.13803860165612;2.8759071732485853E-4;0.011245139417303545;0.2185252930044414;3.081329114194913E-4;0.025500566194224732;336;2.8759071732485853E-4;13138;0.011245139417303545;255309;0.2185252930044414;360;3.081329114194913E-4;29793;0.025500566194224732;1242993x110803-NZ-QOHL01000001_30629_aligned_78639_F_134_266_1503;0.8409402923053442;0.13445026664382118;0.8409509215570449;0.13445282530361805;
310;4;Spirochaetota;phylum;203691;0;0;0;0;0;;0;0;0;;;0.0;;0;3379134;;;;;;;;;;;10496;0.01545025188199399;835759;0.7042856828294742;6988889;12.916016670053022;22762;0.06139570375314393;845241;1.4562932260884338;;0.8364263115875421;0.14962227331751313;0.8372288134223487;0.14940806120076858;
311;5;Spirochaetia;class;203692;0;0;134;124;14;9.571428571428571;69;11;0;;0.10662080825451418;126.61981627762589;0.9793095871195888;1163;203691;;;;;17.588082878490745;0.0;0.11521926053310404;0.0;0.009458297506448839;0.0;10496;0.01545025188199399;835759;0.7042856828294742;6988889;12.916016670053022;22762;0.06139570375314393;845241;1.4562932260884338;139x106416-NZ-JALGSO010000001_599109_aligned_31420_R_1_639_7;0.8364263115875421;0.14962227331751313;0.8372288134223487;0.14940806120076858;
312;6;Spirochaetales;order;136;1;7;201;146;32;6.28125;28;23;632;632.0;0.0988490182802979;187.98256225289336;0.7766677837042453;1477;203692;0.9883720930232558;;0.9883720930232558;;6.47692865783696;6.770480704129993E-4;0.13608666215301288;0.4278943805010156;0.015572105619498984;0.004739336492890996;10496;0.01545025188199399;835625;0.5890664222963703;6988889;12.916016670053022;22751;0.051937406246695086;845241;1.4562932260884338;139x105068-NZ-CP161904_471504_aligned_42022_F_3_447_4;0.8364263115875421;0.14962227331751313;0.8372288134223487;0.14940806120076858;
313;7;Borreliaceae;family;1643685;142;3048;58422;45075;6403;9.124160549742308;100;3688;63251;445.42957746478874;0.0942287872864827;54995.40630067459;0.819613910179387;478357;136;0.9032997847527234;0.1316420224887375;0.9033249356581559;0.13165684586367027;9.479472654433224;2.968494241748318E-4;0.12213054267001423;0.13222551358086115;0.007709723072935068;0.006371810175245685;10495;0.014773203811580992;835424;0.4529797601433572;6988257;12.488122289552008;22728;0.036365300627196125;845234;1.4515538895955429;139x68186-NZ-CP161107_727895_aligned_21124_R_78_694_208;0.8364118336664906;0.1496220494846259;0.8372144119664554;0.149407894192944;
314;8;Borrelia;genus;138;20;568;4918;4311;305;16.124590163934425;204;138;8038;401.9;8.104346230604839E-4;4915.727704783691;0.8769810410378903;5319368;1643685;0.8233729764704549;0.22963626992142658;0.8233729764704549;0.22963626992142658;21.41854717462446;3.7598451545371554E-6;9.245459235006865E-4;0.001511081767608483;2.5942931566306374E-5;1.0677960238885522E-4;75;3.168287408520874E-4;7776;0.01588712345585334;63855;0.29302032215518736;245;4.0996575647576716E-4;7234;0.037087818623346765;44449x137533-NZ-CP169952_638956_aligned_46052_F_620_3016_261;0.8103084523484245;0.20432715767876344;0.8106978829786454;0.20445997934413782;
315;9;Borrelia hermsii;species;140;0;0;4;4;1;4.0;4;1;0;;4.796697953129066E-6;3.9999928049090685;1.0000017987759684;833907;138;;;;;;0.0;4.796697953129066E-6;0.0;1.1991744882822664E-6;0.0;0;0.0;4;4.796697953129066E-6;0;0.0;1;1.1991744882822664E-6;0;0.0;1653839x5947-NZ-CP073224_2685_aligned_22315_F_10_885_1;;;;;
316;9;Borrelia parkeri;species;141;0;0;5;3;3;1.6666666666666667;2;3;0;;5.1861481440504505E-6;4.9999827127555925;0.6000020744765013;578464;138;;;;;0.5773502691896255;0.0;8.643580240084084E-6;0.0;5.1861481440504505E-6;0.0;0;0.0;5;8.643580240084084E-6;0;0.0;3;5.1861481440504505E-6;0;0.0;139x19083-NZ-JAJNFK010000021_5127_aligned_120884_R_128_751_89;;;;;
317;9;Borrelia turicatae;species;142;0;0;2;2;2;1.0;1;2;0;;4.4137638812874065E-6;1.999997793111982;1.0000011034452267;453128;138;;;;;0.0;0.0;4.4137638812874065E-6;0.0;4.4137638812874065E-6;0.0;0;0.0;2;4.4137638812874065E-6;0;0.0;2;4.4137638812874065E-6;0;0.0;139x238934-NZ-JAJNFA010000003_113153_aligned_19916_R_34_329_91;;;;;
318;9;Borrelia anserina;species;143;0;0;16;16;4;4.0;11;4;0;;1.7597152780680086E-5;15.999868021607588;1.0000082487175666;909238;138;;;;;4.69041575982343;0.0;1.7597152780680086E-5;0.0;4.3992881951700216E-6;0.0;0;0.0;16;1.7597152780680086E-5;0;0.0;4;4.3992881951700216E-6;0;0.0;139x163677-NZ-PHOU01000001_31001_aligned_167514_F_214_168_208;;;;;
319;9;Borrelia coriaceae;species;144;0;0;4;4;3;1.3333333333333333;2;3;0;;2.7467245309967864E-6;3.999995879827156;1.0000010300442719;1456280;138;;;;;0.5773502691896258;0.0;2.7467245309967864E-6;0.0;2.0600433982475897E-6;0.0;0;0.0;4;2.7467245309967864E-6;0;0.0;3;2.0600433982475897E-6;0;0.0;521008x112771-NC-017403_470681_aligned_166694_R_0_160_1;;;;;
320;9;Borrelia duttonii;species;40834;1;7;7;7;1;7.0;7;1;365;365.0;1.487810580458671E-4;6.999553672651529;1.0000637651155122;47049;138;0.9791044776119403;;0.9791044776119403;;;2.1254436863695298E-5;1.487810580458671E-4;0.007757869455248783;2.1254436863695298E-5;1.487810580458671E-4;5;3.683950013905219E-5;74;4.0983086790809514E-4;1295;0.011381396666769262;6;4.073576595789142E-5;104;5.267188424732718E-4;412419x159301-NC-011264_4158_aligned_162536_R_40_63_261;0.5917777866668256;0.48754288908074084;0.5917777866668256;0.48754288908074084;
321;10;Borrelia duttonii Ly;strain;412419;4;97;67;67;5;13.4;24;5;930;232.5;2.61049809862228E-4;66.99138608400315;1.0001285824417194;256656;40834;0.4949461139305468;0.5044022263612862;0.4949461139305468;0.5044022263612862;9.685040010242602;1.55850632753569E-5;2.61049809862228E-4;0.0036235272115204787;1.9481329094196124E-5;3.7793778442740477E-4;4;1.55850632753569E-5;67;2.61049809862228E-4;930;0.0036235272115204787;5;1.9481329094196124E-5;97;3.7793778442740477E-4;412419x159301-NC-011264_30716_aligned_142135_R_5_55_445;0.4949461139305468;0.5044022263612862;0.4949461139305468;0.5044022263612862;
322;9;Borrelia hispanica;species;40835;0;0;0;0;0;;0;0;0;;;0.0;;0;138;;;;;;;;;;;0;0.0;6;6.406916052314606E-6;0;0.0;3;3.203458026157303E-6;0;0.0;;;;;;
323;10;Borrelia hispanica CRI;strain;1417229;0;0;6;6;3;2.0;3;3;0;;6.406916052314606E-6;5.99998398278126;1.000002669543583;936488;40835;;;;;1.0;0.0;6.406916052314606E-6;0.0;3.203458026157303E-6;0.0;0;0.0;6;6.406916052314606E-6;0;0.0;3;3.203458026157303E-6;0;0.0;139x150298-NZ-PHQO01000001_299484_aligned_46081_R_5_1092_1;;;;;
324;9;Borrelia persica;species;44448;0;0;0;0;0;;0;0;0;;;0.0;;0;138;;;;;;;;;;;0;0.0;18;1.2500208336805614E-5;0;0.0;5;3.472280093557115E-6;0;0.0;;;;;;
325;10;Borrelia persica No12;strain;1417230;0;0;18;18;6;3.0;6;5;0;;1.2500208336805614E-5;17.999893748143773;1.0000059029157458;1439976;44448;;;;;2.0;0.0;1.2500208336805614E-5;0.0;3.472280093557115E-6;0.0;0;0.0;18;1.2500208336805614E-5;0;0.0;5;3.472280093557115E-6;0;0.0;139x137415-NZ-PHON01000001_249183_aligned_118796_R_5_931_242;;;;;
326;9;Borrelia recurrentis;species;44449;2;744;73;73;6;12.166666666666666;19;2;4443;2221.5;4.0957852686386283E-4;72.98525713095447;1.000201997905126;178232;138;0.8549126973464674;0.04938124206575258;0.8648301292746664;0.06232181189965627;6.823977334858805;1.122132950311953E-5;4.0957852686386283E-4;0.024928183491180034;1.122132950311953E-5;0.004174334575160465;2;1.122132950311953E-5;73;4.0957852686386283E-4;4443;0.024928183491180034;2;1.122132950311953E-5;744;0.004174334575160465;44449x137533-NZ-CP169952_638956_aligned_46052_F_620_3016_261;0.8549126973464674;0.04938124206575258;0.8648301292746664;0.06232181189965627;
327;9;Borrelia miyamotoi;species;47466;2;209;208;208;18;11.555555555555555;49;11;5519;2759.5;6.79082781170471E-5;207.99297166211528;1.0000337912277928;3062955;138;0.934237892434557;0.0724806117334365;0.9358365151595939;0.07474140567230182;14.093061380869925;6.529642126639144E-7;6.79082781170471E-5;0.0018018547448460718;3.5913031696515295E-6;6.823476022337905E-5;2;6.529642126639144E-7;208;6.79082781170471E-5;5519;0.0018018547448460718;11;3.5913031696515295E-6;209;6.823476022337905E-5;47466x43557-NZ-CP117121_6478_aligned_3689_R_30_1260_163;0.934237892434557;0.0724806117334365;0.9358365151595939;0.07474140567230182;
328;9;Borrelia turcica;species;229155;0;0;0;0;0;;0;0;0;;;0.0;;0;138;;;;;;;;;;;0;0.0;23;2.0419668579900832E-5;0;0.0;2;1.7756233547739853E-6;0;0.0;;;;;;
329;10;Borrelia turcica IST7;strain;1104446;0;0;23;23;3;7.666666666666667;16;2;0;;2.0419668579900832E-5;22.999775385260573;1.000009765953609;1126365;229155;;;;;7.637626158259733;0.0;2.0419668579900832E-5;0.0;1.7756233547739853E-6;0.0;0;0.0;23;2.0419668579900832E-5;0;0.0;2;1.7756233547739853E-6;0;0.0;521008x112771-NC-017403_551647_aligned_38507_R_4_468_219;;;;;
330;9;Borrelia venezuelensis;species;1653839;45;5482;2388;1867;145;16.46896551724138;149;48;42983;955.1777777777778;0.010908304801523773;2371.424985583673;0.7872903470908147;171154;138;0.8189161127211046;0.13795595064898006;0.8190389743999709;0.13789437668977705;18.72574548746465;2.629211119810229E-4;0.013952347009126283;0.25113640347289573;2.8044918611309114E-4;0.03202963413066595;45;2.629211119810229E-4;2388;0.013952347009126283;42983;0.25113640347289573;48;2.8044918611309114E-4;5482;0.03202963413066595;1653839x5947-NZ-CP073224_2363_aligned_213_R_0_1149_3;0.8189161127211046;0.13795595064898006;0.8190389743999709;0.13789437668977705;
331;9;unclassified Borrelia;no rank;2649934;0;0;9;9;2;4.5;7;2;0;;1.0704766118701583E-5;8.999957180952476;1.0000047576945825;840747;138;;;;;3.5355339059327378;0.0;1.0704766118701583E-5;0.0;2.3788369152670184E-6;0.0;0;0.0;30;3.535020895032794E-5;0;0.0;15;1.944748086079783E-5;0;0.0;139x232204-NZ-PHOF01000001_449669_aligned_50132_F_131_864_2;;;;;
332;10;Borrelia sp. HM;species;1882662;0;0;2;2;2;1.0;1;2;0;;2.493849543563187E-6;1.999998753018915;1.0000006234909313;801973;2649934;;;;;0.0;0.0;2.493849543563187E-6;0.0;2.493849543563187E-6;0.0;0;0.0;2;2.493849543563187E-6;0;0.0;2;2.493849543563187E-6;0;0.0;139x234014-NZ-JAJNFA010000001_449161_aligned_50858_F_55_768_53;;;;;
333;10;Borrelia sp. A-FGy1;species;2608247;0;0;9;9;6;1.5;3;6;0;;8.043348285024089E-6;8.999967827143438;1.0000035747746192;1118937;2649934;;;;;0.8366600265340756;0.0;8.043348285024089E-6;0.0;5.36223219001606E-6;0.0;0;0.0;9;8.043348285024089E-6;0;0.0;6;5.36223219001606E-6;0;0.0;139x24741-NZ-PHOH01000001_106110_aligned_26520_R_0_437_5;;;;;
334;10;Borrelia sp. BU AG58;species;2887345;0;0;1;1;1;1.0;1;1;0;;1.1806863329653528E-6;0.9999999999653586;1.0000000000346414;846965;2649934;;;;;;0.0;1.1806863329653528E-6;0.0;1.1806863329653528E-6;0.0;0;0.0;1;1.1806863329653528E-6;0;0.0;1;1.1806863329653528E-6;0;0.0;139x236695-NZ-CP147308_303240_aligned_1030_F_71_640_72;;;;;
335;10;Borrelia sp. RT1S;species;2898580;0;0;1;1;1;1.0;1;1;0;;2.881885906136976E-6;0.9999999999997866;1.0000000000002134;346995;2649934;;;;;;0.0;2.881885906136976E-6;0.0;2.881885906136976E-6;0.0;0;0.0;1;2.881885906136976E-6;0;0.0;1;2.881885906136976E-6;0;0.0;139x185365-NZ-CM135763_59474_aligned_37277_F_48_485_66;;;;;
336;10;Borrelia sp. RT5S;species;2898581;0;0;1;1;1;1.0;1;1;0;;3.191716856414234E-6;0.9999999999847453;1.0000000000152547;313311;2649934;;;;;;0.0;3.191716856414234E-6;0.0;3.191716856414234E-6;0.0;0;0.0;1;3.191716856414234E-6;0;0.0;1;3.191716856414234E-6;0;0.0;139x180419-NZ-JAJNEZ010000013_23646_aligned_38104_F_5_410_3;;;;;
337;10;Borrelia sp. P9F1;species;3058374;0;0;7;7;2;3.5;4;2;0;;6.85395590752251E-6;6.999979437742774;1.0000029374739468;1021308;2649934;;;;;0.7071067811865476;0.0;6.85395590752251E-6;0.0;1.958273116435003E-6;0.0;0;0.0;7;6.85395590752251E-6;0;0.0;2;1.958273116435003E-6;0;0.0;139x4667-NZ-JAJNFU010000002_54147_aligned_16822_F_6_453_137;;;;;
338;9;Borrelia puertoricensis;species;2756107;1;127;7;7;2;3.5;6;2;1577;1577.0;1.0037929031841744E-5;6.999969886516789;1.0000043019446796;697355;138;0.9172592113768584;;0.9179056237879767;;3.5355339059327378;1.433989861691678E-6;1.0037929031841744E-5;0.002261402011887776;2.867979723383356E-6;1.821167124348431E-4;1;1.433989861691678E-6;7;1.0037929031841744E-5;1577;0.002261402011887776;2;2.867979723383356E-6;127;1.821167124348431E-4;1653839x5947-NZ-CP073224_2165_aligned_59959_F_60_1344_122;0.9172592113768584;;0.9179056237879767;;
339;8;Borreliella;genus;64895;3689;167985;536929;405930;32208;16.670671882762047;359;9675;1977498;536.0525887774464;0.06313173728687031;515122.058874213;0.7880268239476103;6429888;1643685;0.8639266353231886;0.14368924857253465;0.8641625803137803;0.1436302387464175;18.772124063849358;5.737269451660744E-4;0.08350518702658584;0.30754781420765026;0.00150469183911135;0.02612564946698916;10278;0.014159525646554073;769226;0.31496209401748965;6861151;12.06287645381596;18795;0.02824561179778532;834952;1.4080942607969502;139x140977-NZ-CP179313_81891_aligned_49048_F_12_573_2;0.8356781952684178;0.14917689428096714;0.8364945292373118;0.14896039825491986;
340;9;Borreliella burgdorferi;species;139;6081;619701;209816;166246;15517;13.521685892891668;255;7020;4470712;735.193553691827;0.09471033606599404;197761.23178390824;0.8406399904590773;1755310;64895;0.817354968699438;0.1505607429659406;0.8183517970143169;0.1503344697033183;14.260620508466003;0.00346434532931505;0.11953216241005862;2.5469643538748143;0.0039992935720755875;0.3530436219243325;6120;0.012991285235797177;210310;0.20453667588497618;4505908;11.255971202461977;7116;0.022986272008576978;623833;1.321762549161059;521007x128738-NC-017415_11904_aligned_230671_R_2840_488_1362;0.8175526490765771;0.1505905304359261;0.818551691884935;0.15036846031630824;
341;10;Borreliella burgdorferi B31;strain;224326;1;26;9;9;1;9.0;9;1;501;501.0;0.01437699680511182;8.942705853492356;1.0064068020849941;626;139;0.9447983014861996;;0.9447983014861996;;;0.001597444089456869;0.01437699680511182;0.8003194888178914;0.001597444089456869;0.04153354632587859;1;0.001597444089456869;9;0.01437699680511182;501;0.8003194888178914;1;0.001597444089456869;26;0.04153354632587859;139x186935-NZ-JBTFXV010000015_1661_aligned_161250_R_349_124_34;0.9447983014861996;;0.9447983014861996;;
342;10;Borreliella burgdorferi ZS7;strain;445985;1;72;9;9;3;3.0;5;3;558;558.0;0.0027506112469437654;8.989005397496989;1.0012231166872;3272;139;0.8636363636363636;;0.8636363636363636;;2.0;3.056234718826406E-4;0.0027506112469437654;0.17053789731051344;9.168704156479218E-4;0.022004889975550123;1;3.056234718826406E-4;9;0.0027506112469437654;558;0.17053789731051344;3;9.168704156479218E-4;72;0.022004889975550123;139x93801-NZ-CP179302_11466_aligned_136709_F_89_293_178;0.8636363636363636;;0.8636363636363636;;
343;10;Borreliella burgdorferi 118a;strain;476210;2;117;18;18;5;3.6;7;5;845;422.5;0.002176804934091184;17.981509086592602;1.001028329342012;8269;139;0.876326494517156;0.11437020717989006;0.8782204339110954;0.11169177240266838;2.4083189157584592;2.4186721489902045E-4;0.002176804934091184;0.10218889829483614;6.046680372475511E-4;0.014149232071592695;2;2.4186721489902045E-4;18;0.002176804934091184;845;0.10218889829483614;5;6.046680372475511E-4;117;0.014149232071592695;139x156462-NZ-PHON01000018_149_aligned_213568_R_0_91_193;0.876326494517156;0.11437020717989006;0.8782204339110954;0.11169177240266838;
344;10;Borreliella burgdorferi 72a;strain;476211;0;0;2;2;2;1.0;1;2;0;;0.0024783147459727386;1.9987608426270842;1.0006199628021966;807;139;;;;;0.0;0.0;0.0024783147459727386;0.0;0.0024783147459727386;0.0;0;0.0;2;0.0024783147459727386;0;0.0;2;0.0024783147459727386;0;0.0;476211x10386-NC-011967_23419_aligned_24136_F_24_641_0;;;;;
345;10;Borreliella burgdorferi 94a;strain;476212;1;86;10;10;2;5.0;9;2;2612;2612.0;0.0032061558191728116;9.985584627218616;1.0014436183077444;3119;139;0.9666924864446166;;0.9666924864446166;;5.656854249492381;3.206155819172812E-4;0.0032061558191728116;0.8374478999679384;6.412311638345624E-4;0.027572940044886182;1;3.206155819172812E-4;10;0.0032061558191728116;2612;0.8374478999679384;2;6.412311638345624E-4;86;0.027572940044886182;139x33604-NZ-CP179296_23320_aligned_54807_R_1816_498_274;0.9666924864446166;;0.9666924864446166;;
346;10;Borreliella burgdorferi WI91-23;strain;498737;3;283;30;30;6;5.0;14;6;1597;532.3333333333334;0.005296610169491525;29.92332555693092;1.0025623636959469;5664;139;0.8001737012701664;0.07576691279980992;0.8011315556762968;0.07493807416156063;5.138093031466052;5.296610169491525E-4;0.005296610169491525;0.2819562146892655;0.001059322033898305;0.049964689265536724;3;5.296610169491525E-4;30;0.005296610169491525;1597;0.2819562146892655;6;0.001059322033898305;283;0.049964689265536724;139x155565-NZ-JAUPGQ010000001_745428_aligned_32367_R_2_568_0;0.8001737012701664;0.07576691279980992;0.8011315556762968;0.07493807416156063;
347;10;Borreliella burgdorferi 29805;strain;498738;1;72;7;7;2;3.5;4;2;651;651.0;0.0027899561578318055;6.991635689208723;1.0011963310394143;2509;139;0.8840579710144928;;0.8840579710144928;;0.7071067811865476;3.9856516540454366E-4;0.0027899561578318055;0.2594659226783579;7.971303308090873E-4;0.02869669190912714;1;3.9856516540454366E-4;7;0.0027899561578318055;651;0.2594659226783579;2;7.971303308090873E-4;72;0.02869669190912714;139x91042-NZ-PHQK01000001_882407_aligned_1972_F_15_449_189;0.8840579710144928;;0.8840579710144928;;
348;10;Borreliella burgdorferi CA-11.2A;strain;498739;0;0;3;3;3;1.0;1;3;0;;0.001784651992861392;2.9982157018939612;1.0005951199925047;1681;139;;;;;0.0;0.0;0.001784651992861392;0.0;0.001784651992861392;0.0;0;0.0;3;0.001784651992861392;0;0.0;3;0.001784651992861392;0;0.0;445983x40936-NC-011846_254_aligned_38310_R_2_380_2;;;;;
349;10;Borreliella burgdorferi 64b;strain;498740;1;16;5;5;2;2.5;4;2;1006;1006.0;0.0021691973969631237;4.995663486964213;1.000868055473933;2305;139;0.9836065573770492;;0.9836065573770492;;2.1213203435596424;4.338394793926247E-4;0.0021691973969631237;0.43644251626898045;8.676789587852494E-4;0.006941431670281995;1;4.338394793926247E-4;5;0.0021691973969631237;1006;0.43644251626898045;2;8.676789587852494E-4;16;0.006941431670281995;139x141496-NZ-CP147139_94930_aligned_51532_F_84_479_425;0.9836065573770492;;0.9836065573770492;;
350;10;Borreliella burgdorferi N40;strain;521007;1;250;8;8;1;8.0;8;1;753;753.0;0.0087527352297593;7.9694323691763795;1.003835609540003;914;139;0.6542185338865837;;0.6542185338865837;;;0.0010940919037199124;0.0087527352297593;0.8238512035010941;0.0010940919037199124;0.2735229759299781;1;0.0010940919037199124;8;0.0087527352297593;753;0.8238512035010941;1;0.0010940919037199124;250;0.2735229759299781;521007x128738-NC-017415_543_aligned_24549_R_284_453_13;0.6542185338865837;;0.6542185338865837;;
351;10;Borreliella burgdorferi JD1;strain;521008;15;1625;283;262;45;6.288888888888889;31;37;10794;719.6;0.009965008367564279;281.4877064848756;0.9307688895965242;26292;139;0.8080142803411956;0.2231691886924465;0.8092061800510629;0.2234827320961158;7.936172142968441;5.705157462345961E-4;0.010763730412292713;0.41054313099041534;0.001407272174045337;0.06180587250874791;15;5.705157462345961E-4;283;0.010763730412292713;10794;0.41054313099041534;37;0.001407272174045337;1625;0.06180587250874791;521008x112771-NC-017403_729013_aligned_41202_F_3_527_0;0.8080142803411956;0.2231691886924465;0.8092061800510629;0.2234827320961158;
352;10;Borreliella burgdorferi 297;strain;521009;4;439;23;21;8;2.875;6;7;5663;1415.75;0.009628610729023384;22.88436962609769;0.9176569135665102;2181;139;0.8977421961787452;0.08803375736353;0.8977421961787452;0.08803375736353;2.100170061141308;0.0018340210912425492;0.01054562127464466;2.5965153599266393;0.0032095369096744614;0.20128381476386978;4;0.0018340210912425492;23;0.01054562127464466;5663;2.5965153599266393;7;0.0032095369096744614;439;0.20128381476386978;139x152838-NZ-CP161153_16122_aligned_2731_R_336_539_2384;0.8977421961787452;0.08803375736353;0.8977421961787452;0.08803375736353;
353;10;Borreliella burgdorferi CA8;strain;747491;8;1038;79;79;24;3.2916666666666665;15;24;9333;1166.625;0.0016198482673774862;78.93685915183576;1.0007998905561062;48770;139;0.8814865435801611;0.05818680920608705;0.8849726769200845;0.06135944297172411;3.290026650700392;1.6403526758253025E-4;0.0016198482673774862;0.19136764404346934;4.921058027475907E-4;0.0212835759688333;8;1.6403526758253025E-4;79;0.0016198482673774862;9333;0.19136764404346934;24;4.921058027475907E-4;1038;0.0212835759688333;139x206336-NZ-PHPB01000001_616558_aligned_169697_R_66_180_278;0.8814865435801611;0.05818680920608705;0.8849726769200845;0.06135944297172411;
354;10;Borreliella burgdorferi CA382;strain;1328311;1;108;8;8;1;8.0;8;1;883;883.0;0.016293279022403257;7.943205220095685;1.007150108593522;491;139;0.8733880422039859;;0.8733880422039859;;;0.002036659877800407;0.016293279022403257;1.7983706720977597;0.002036659877800407;0.219959266802444;1;0.002036659877800407;8;0.016293279022403257;883;1.7983706720977597;1;0.002036659877800407;108;0.219959266802444;1328311x94351-NC-022048_6854_aligned_125074_R_311_544_38;0.8733880422039859;;0.8733880422039859;;
355;9;Borreliella afzelii;species;29518;11;725;331;331;67;4.940298507462686;25;61;9410;855.4545454545455;3.520190579502068E-4;330.94192361516036;1.0001754881466973;940290;64895;0.8936387663406193;0.07821456767280893;0.899587249957481;0.0751346991525386;5.353788228384802;1.1698518542151889E-5;3.520190579502068E-4;0.010007550861968115;6.487360282466048E-5;7.710387220963745E-4;12;4.075561573814201E-5;342;7.177785087805253E-4;10855;0.05199505631017384;65;1.9032826794350638E-4;987;0.008383998187445786;29518x11335-NZ-CBCXTO010000029_1347_aligned_42558_R_338_1640_863;0.8866600352233062;0.07839523453714206;0.892525061577632;0.075700164998903;
356;10;Borreliella afzelii PKo;strain;390236;1;262;6;6;3;2.0;4;3;1445;1445.0;1.7434258317594072E-4;5.99956416043692;1.0000726452041224;34415;29518;0.8098939929328622;;0.8148409893992933;;1.7320508075688772;2.905709719599012E-5;1.7434258317594072E-4;0.041987505448205724;8.717129158797036E-5;0.007612959465349412;1;2.905709719599012E-5;6;1.7434258317594072E-4;1445;0.041987505448205724;3;8.717129158797036E-5;262;0.007612959465349412;521008x141368-NC-017426_15186_aligned_60938_F_109_1286_60;0.8098939929328622;;0.8148409893992933;;
357;10;Borreliella afzelii K78;strain;411555;0;0;5;5;1;5.0;5;1;0;;1.914168676543777E-4;4.999617180915892;1.0000765696792886;26121;29518;;;;;;0.0;1.914168676543777E-4;0.0;3.828337353087554E-5;0.0;0;0.0;5;1.914168676543777E-4;0;0.0;1;3.828337353087554E-5;0;0.0;521008x112771-NC-017403_475536_aligned_89185_R_314_395_159;;;;;
358;9;Borreliella garinii;species;29519;46;5708;2624;2569;258;10.170542635658915;83;153;51184;1112.695652173913;0.0011783987446314969;2622.422075662904;0.9796287271379076;2180077;64895;0.8191750624553776;0.1721395770600657;0.823119064547582;0.17212221034710581;12.97955532804338;2.110017214988278E-5;0.0012036272113324438;0.023478069811295656;7.018100736808837E-5;0.0026182561441637155;47;3.3442041943156463E-5;2647;0.003552212267265436;51898;0.03229016484369306;163;9.834603363807876E-4;5850;0.004370801654808578;519049x67569-NC-011875_14307_aligned_3699_F_4_1793_48;0.8185431182374021;0.17031332582243908;0.8224654176597338;0.1703000045930413;
359;10;Borreliella garinii PBr;strain;498743;0;0;3;3;1;3.0;3;1;0;;0.001949317738791423;2.998051104465335;1.000650054140759;1539;29519;;;;;;0.0;0.001949317738791423;0.0;6.49772579597141E-4;0.0;0;0.0;3;0.001949317738791423;0;0.0;1;6.49772579597141E-4;0;0.0;139x184812-NZ-CM135762_349582_aligned_90593_F_26_386_395;;;;;
360;10;Borreliella garinii Far04;strain;519049;0;0;1;1;1;1.0;1;1;0;;1.6477179106936892E-4;0.9999999999997586;1.0000000000002414;6069;29519;;;;;;0.0;1.6477179106936892E-4;0.0;1.6477179106936892E-4;0.0;0;0.0;1;1.6477179106936892E-4;0;0.0;1;1.6477179106936892E-4;0;0.0;139x163430-NZ-PHOD01000001_361553_aligned_68397_R_23_595_0;;;;;
361;10;Borreliella garinii BgVir;strain;1081646;1;142;19;19;8;2.375;5;8;714;714.0;2.3449552607219995E-4;18.997889687844633;1.0001110813985155;81025;29519;0.7894736842105263;;0.7923976608187134;;1.5059406173077154;1.2341869793273682E-5;2.3449552607219995E-4;0.008812095032397408;9.873495834618945E-5;0.0017525455106448627;1;1.2341869793273682E-5;19;2.3449552607219995E-4;714;0.008812095032397408;8;9.873495834618945E-5;142;0.0017525455106448627;139x199749-NZ-CP124096_540407_aligned_65335_F_0_707_4;0.7894736842105263;;0.7923976608187134;;
362;9;Borreliella japonica;species;34095;5;254;286;286;71;4.028169014084507;19;70;3394;678.8;3.070415579675137E-4;285.95625103908077;1.0001529917977323;931470;64895;0.906535583500748;0.061968520725312115;0.9124274998411641;0.06228651474033619;4.696417573871495;5.367859405026464E-6;3.070415579675137E-4;0.0036437029641319635;7.515003167037049E-5;2.7268725777534434E-4;5;5.367859405026464E-6;286;3.070415579675137E-4;3394;0.0036437029641319635;70;7.515003167037049E-5;254;2.7268725777534434E-4;139x18526-NZ-CP132437_57106_aligned_30632_R_2_719_166;0.906535583500748;0.061968520725312115;0.9124274998411641;0.06228651474033619;
363;9;Borreliella andersonii;species;42109;125;12172;9838;7886;606;16.234323432343235;226;255;92097;736.776;0.008089059664764585;9788.53233463815;0.805636609289652;974897;64895;0.8398410957552712;0.13129938042486528;0.8413610463783329;0.13129191156275483;24.31993115450127;1.28218673357288E-4;0.010091322467911995;0.09446844128148922;2.6156609364886755E-4;0.012485421536839276;125;1.28218673357288E-4;9838;0.010091322467911995;92097;0.09446844128148922;255;2.6156609364886755E-4;12172;0.012485421536839276;42109x2856-NZ-CP179270_27210_aligned_460_R_68_2462_67;0.8398410957552712;0.13129938042486528;0.8413610463783329;0.13129191156275483;
364;9;Borreliella tanukii;species;56146;12;489;257;257;59;4.3559322033898304;24;59;5416;451.3333333333333;3.0923059337380204E-4;256.9604225245723;1.0001540216778866;831095;64895;0.8594327575318181;0.11790053563216718;0.8712615898539592;0.11401933834606007;5.1787453941464765;1.4438782569982974E-5;3.0923059337380204E-4;0.006516703866585649;7.099068096908296E-5;5.883803897268062E-4;12;1.4438782569982974E-5;257;3.0923059337380204E-4;5416;0.006516703866585649;59;7.099068096908296E-5;489;5.883803897268062E-4;139x163430-NZ-PHOD01000001_646483_aligned_57489_F_4_425_6;0.8594327575318181;0.11790053563216718;0.8712615898539592;0.11401933834606007;
365;9;Borreliella turdi;species;57863;26;1716;663;661;107;6.196261682242991;37;101;18183;699.3461538461538;4.7179238280134754E-4;662.84338885643;0.997218967726886;1401040;64895;0.8538846884213809;0.1659835361195659;0.8547719418894787;0.16625361738666933;6.838348101776121;1.8557642893850283E-5;4.732198937931822E-4;0.012978216182264603;7.208930508764918E-5;0.0012248044309941186;26;1.8557642893850283E-5;663;4.732198937931822E-4;18183;0.012978216182264603;101;7.208930508764918E-5;1716;0.0012248044309941186;57863x211039-NZ-QBLM01000001_144571_aligned_129126_R_6_107_0;0.8538846884213809;0.1659835361195659;0.8547719418894787;0.16625361738666933;
366;9;Borreliella valaisiana;species;62088;22;2511;783;783;114;6.868421052631579;44;91;21873;994.2272727272727;6.820890217641279E-4;782.7333636458085;1.000340647743632;1147944;64895;0.8463648785724298;0.13274830788193992;0.8481019827051671;0.13265986904013974;9.071508600079856;1.9164697929515726E-5;6.820890217641279E-4;0.01905406535510443;7.927215961754232E-5;0.002187388931864272;22;1.9164697929515726E-5;783;6.820890217641279E-4;21873;0.01905406535510443;91;7.927215961754232E-5;2511;0.002187388931864272;445987x67328-NC-012129_4417_aligned_3_F_5_6011_95;0.8463648785724298;0.13274830788193992;0.8481019827051671;0.13265986904013974;
367;9;Borreliella bissettiae;species;64897;8;914;381;381;84;4.535714285714286;34;75;5778;722.25;8.310648099675426E-4;380.8421411877556;1.0004144993297015;458448;64895;0.8038048719926117;0.1050460827406448;0.8068482082196924;0.105523291513722;5.668442400050036;1.7450179736851288E-5;8.310648099675426E-4;0.012603392314940844;1.6359543503298085E-4;0.00199368303493526;9;3.421182908314696E-5;418;0.0014512458357804827;7201;0.03645521933471959;86;3.479735778422333E-4;1061;0.0044576454888407245;521010x46191-NC-015918_19223_aligned_2104_F_1_1545_5;0.8126825790448804;0.10180701205866526;0.816584225285176;0.10293871805641597;
368;10;Borreliella bissettiae DN127;strain;521010;1;147;37;37;11;3.3636363636363638;22;11;1423;1423.0;6.2018102581294E-4;36.988838924184265;1.0003017417183224;59660;64897;0.8837042354630295;;0.8944723618090452;;6.217277977905239;1.6761649346295674E-5;6.2018102581294E-4;0.023851827019778747;1.8437814280925242E-4;0.002463962453905464;1;1.6761649346295674E-5;37;6.2018102581294E-4;1423;0.023851827019778747;11;1.8437814280925242E-4;147;0.002463962453905464;139x93801-NZ-CP179302_17651_aligned_49305_F_12_1134_265;0.8837042354630295;;0.8944723618090452;;
369;9;Borreliella sinica;species;87162;7;406;185;185;55;3.3636363636363638;13;55;8858;1265.4285714285713;2.3825775625587595E-4;184.97808200193816;1.0001184897033455;776470;64895;0.9410620367638903;0.060061180308123165;0.9427357447024971;0.057843217058462265;3.051190638056611;9.015158344816928E-6;2.3825775625587595E-4;0.01140803894548405;7.083338699499015E-5;5.228791839993818E-4;7;9.015158344816928E-6;185;2.3825775625587595E-4;8858;0.01140803894548405;55;7.083338699499015E-5;406;5.228791839993818E-4;139x26521-NZ-PHQN01000001_297428_aligned_852_F_4_537_1;0.9410620367638903;0.060061180308123165;0.9427357447024971;0.057843217058462265;
370;9;Borreliella spielmanii;species;88916;12;880;226;225;52;4.346153846153846;17;51;8616;718.0;2.8577452516975006E-4;225.96771054022813;0.9957174830956397;787334;64895;0.8502688497225496;0.18277991245028816;0.8545692643024303;0.18171594059205992;4.374097622948413;1.5241308009053337E-5;2.870446341705045E-4;0.010943259150500297;6.477555903847669E-5;0.0011176959206639114;12;1.5241308009053337E-5;226;2.870446341705045E-4;8616;0.010943259150500297;51;6.477555903847669E-5;880;0.0011176959206639114;139x10505-NZ-PHPK01000001_126746_aligned_41165_F_0_470_2;0.8502688497225496;0.18277991245028816;0.8545692643024303;0.18171594059205992;
371;9;Borreliella lusitaniae;species;100177;14;686;389;389;89;4.370786516853933;21;87;8604;614.5714285714286;3.2773874588114965E-4;388.9364255951509;1.0001634570604998;1186921;64895;0.893445061077707;0.09699986756599653;0.8939530879015234;0.09724210129649945;4.331129451875925;1.1795224787496388E-5;3.2773874588114965E-4;0.00724900814797278;7.329889689372756E-5;5.77966014587323E-4;14;1.1795224787496388E-5;389;3.2773874588114965E-4;8604;0.00724900814797278;87;7.329889689372756E-5;686;5.77966014587323E-4;139x123762-NZ-PHPE01000001_461314_aligned_34037_F_1_580_0;0.893445061077707;0.09699986756599653;0.8939530879015234;0.09724210129649945;
372;9;Borreliella lanei;species;373540;10;727;340;340;99;3.4343434343434343;24;94;6570;657.0;7.876204595997035E-4;339.8665331712917;1.0003927036518216;431680;64895;0.8720484180683679;0.1099132546881035;0.8737251066799713;0.11063864780878592;3.8203579706234927;2.3165307635285396E-5;7.876204595997035E-4;0.015219607116382506;2.1775389177168273E-4;0.0016841178650852484;10;2.3165307635285396E-5;340;7.876204595997035E-4;6570;0.015219607116382506;94;2.1775389177168273E-4;727;0.0016841178650852484;139x134991-NZ-CM135758_204980_aligned_31457_F_404_745_2;0.8720484180683679;0.1099132546881035;0.8737251066799713;0.11063864780878592;
373;9;Borreliella californiensis;species;373543;16;1925;860;860;117;7.35042735042735;57;90;14038;877.375;0.001529799969759768;859.3432850462448;1.0007642056034916;562165;64895;0.8370766240234924;0.09350918955673955;0.8446627718183769;0.09029962672886838;9.520681878756736;2.8461394786228242E-5;0.001529799969759768;0.024971316250567005;1.6009534567253386E-4;0.0034242615602180855;16;2.8461394786228242E-5;860;0.001529799969759768;14038;0.024971316250567005;90;1.6009534567253386E-4;1925;0.0034242615602180855;373543x194046-NZ-JACHFB010000014_2159_aligned_22261_R_214_4539_808;0.8370766240234924;0.09350918955673955;0.8446627718183769;0.09029962672886838;
374;9;Borreliella carolinensis;species;478174;20;1545;383;383;105;3.6476190476190475;19;98;14625;731.25;6.265530909679837E-4;382.88035322162506;1.0003124912975248;611281;64895;0.8659934624015936;0.12251696636264539;0.8702305613754803;0.12258604308644641;3.9927360784230896;3.271817707404614E-5;6.265530909679837E-4;0.02392516698539624;1.603190676628261E-4;0.0025274791789700645;20;3.271817707404614E-5;383;6.265530909679837E-4;14625;0.02392516698539624;98;1.603190676628261E-4;1545;0.0025274791789700645;476211x10386-NC-011967_28798_aligned_356_F_1_707_0;0.8659934624015936;0.12251696636264539;0.8702305613754803;0.12258604308644641;
375;9;Borreliella americana;species;478807;29;3252;1166;1166;186;6.268817204301075;53;157;27537;949.551724137931;0.0011432672735330685;1165.3343001243118;1.0005712522798111;1019884;64895;0.8343788417419092;0.14003973289132257;0.8369511735935083;0.14014962625043567;8.321434108400977;2.8434606288558308E-5;0.0011432672735330685;0.027000129426483797;1.5393907542426394E-4;0.003188597918979021;29;2.8434606288558308E-5;1166;0.0011432672735330685;27537;0.027000129426483797;157;1.5393907542426394E-4;3252;0.003188597918979021;478807x225522-NZ-CP179253_7226_aligned_24071_R_295_2397_0;0.8343788417419092;0.14003973289132257;0.8369511735935083;0.14014962625043567;
376;9;Borreliella finlandensis;species;498741;27;2172;764;753;152;5.026315789473684;26;142;22552;835.2592592592592;0.0015024691973861426;763.4187292981721;0.9863525364281405;501175;64895;0.8826163371125871;0.0756642966165503;0.8862691900244912;0.07257218578802015;6.086514643775049;5.387339751583778E-5;0.0015244176185962987;0.044998254102858286;2.833341647129246E-4;0.004333815533496284;27;5.387339751583778E-5;764;0.0015244176185962987;22552;0.044998254102858286;142;2.833341647129246E-4;2172;0.004333815533496284;139x26521-NZ-PHQN01000001_624471_aligned_68805_R_4_583_2;0.8826163371125871;0.0756642966165503;0.8862691900244912;0.07257218578802015;
377;9;Borreliella bavariensis;species;664662;31;2809;1333;1333;135;9.874074074074073;71;97;21500;693.5483870967741;8.850632790366156E-4;1332.4107213962197;1.000442264982049;1506107;64895;0.8107518738134709;0.21426351362279414;0.8119800403000892;0.21456882488780205;13.175298931514632;2.05828669543399E-5;8.850632790366156E-4;0.01427521417800993;6.440445466357968E-5;0.0018650733314432507;31;2.05828669543399E-5;1333;8.850632790366156E-4;21500;0.01427521417800993;97;6.440445466357968E-5;2809;0.0018650733314432507;664662x93885-NZ-JACGTQ010000009_19932_aligned_219372_R_360_135_1;0.8107518738134709;0.21426351362279414;0.8119800403000892;0.21456882488780205;
378;9;Borreliella yangtzensis;species;683292;14;773;279;279;72;3.875;16;72;7633;545.2142857142857;2.3178783188652864E-4;278.9677839488331;1.0001154830522396;1203687;64895;0.9077827039363681;0.06133786129984392;0.9103450003833393;0.05803886593179038;3.496225328736089;1.1630930632298929E-5;2.3178783188652864E-4;0.006341349536881266;5.9816214680394485E-5;6.421935270547909E-4;14;1.1630930632298929E-5;279;2.3178783188652864E-4;7633;0.006341349536881266;72;5.9816214680394485E-5;773;6.421935270547909E-4;139x36834-NZ-PHOT01000001_78814_aligned_610_F_220_947_9;0.9077827039363681;0.06133786129984392;0.9103450003833393;0.05803886593179038;
379;9;Borreliella kurtenbachii;species;1196056;11;1337;308;307;74;4.162162162162162;31;71;9519;865.3636363636364;7.724067136484518E-4;307.8810798799545;0.9971382461036643;397459;64895;0.8329550544979697;0.1561065186700067;0.8400682201136263;0.1460898622232611;5.705145543452274;2.7675810586752344E-5;7.749226964290656E-4;0.023949640088663234;1.7863477742358332E-4;0.0033638689776807167;11;2.7675810586752344E-5;308;7.749226964290656E-4;9519;0.023949640088663234;71;1.7863477742358332E-4;1337;0.0033638689776807167;139x137415-NZ-PHON01000001_249183_aligned_118796_R_5_931_242;0.8329550544979697;0.1561065186700067;0.8400682201136263;0.1460898622232611;
380;9;Borreliella mayonii;species;1674146;20;1582;518;516;100;5.18;31;98;16776;838.8;9.742632134448324E-4;517.7472588785319;0.9966252667714427;529631;64895;0.8907711869630021;0.07917765449417614;0.8944949204248879;0.07768471092054177;6.168312638646068;3.7762140056001256E-5;9.780394274504325E-4;0.03167488307897385;1.8503448627440615E-4;0.002986985278429699;20;3.7762140056001256E-5;518;9.780394274504325E-4;16776;0.03167488307897385;98;1.8503448627440615E-4;1582;0.002986985278429699;139x134991-NZ-CM135758_89223_aligned_1836_F_0_573_1;0.8907711869630021;0.07917765449417614;0.8944949204248879;0.07768471092054177;
381;9;Candidatus Borreliella tachyglossi;species;1964448;0;0;2;2;2;1.0;1;2;0;;1.5781757235541149E-6;1.9999992111052616;1.0000003944475249;1267286;64895;;;;;0.0;0.0;1.5781757235541149E-6;0.0;1.5781757235541149E-6;0.0;0;0.0;2;1.5781757235541149E-6;0;0.0;2;1.5781757235541149E-6;0;0.0;139x156271-NZ-JAJNGH010000004_11099_aligned_133885_R_2_101_2;;;;;
382;4;PVC group;clade;1783257;0;0;0;0;0;;0;0;0;;0.0;0.0;;321;3379134;;;;;;0.0;0.0;0.0;0.0;0.0;247;2.0905571169335148E-4;16524;0.013219612032295668;207539;0.17334252966156904;273;2.2810056797740164E-4;25645;0.021290816213189886;;0.8601348394556567;0.10325953809101492;0.860151004127692;0.1032455550293799;
383;5;Chlamydiota;phylum;204428;0;0;0;0;0;;0;0;0;;;0.0;;0;1783257;;;;;;;;;;;247;2.0905571169335148E-4;16524;0.013219612032295668;207539;0.17334252966156904;273;2.2810056797740164E-4;25645;0.021290816213189886;;0.8601348394556567;0.10325953809101492;0.860151004127692;0.1032455550293799;
384;6;Chlamydiia;class;204429;0;0;0;0;0;;0;0;0;;0.0;0.0;;1701;204428;;;;;;0.0;0.0;0.0;0.0;0.0;247;2.0905571169335148E-4;16524;0.013219612032295668;207539;0.17334252966156904;273;2.2810056797740164E-4;25645;0.021290816213189886;;0.8601348394556567;0.10325953809101492;0.860151004127692;0.1032455550293799;
385;7;Chlamydiales;order;51291;0;0;0;0;0;;0;0;0;;0.0;0.0;;1052;204429;;;;;;0.0;0.0;0.0;0.0;0.0;247;2.0905571169335148E-4;16524;0.013219612032295668;207539;0.17334252966156904;273;2.2810056797740164E-4;25645;0.021290816213189886;;0.8601348394556567;0.10325953809101492;0.860151004127692;0.1032455550293799;
386;8;Chlamydiaceae;family;809;0;0;0;0;0;;0;0;0;;0.0;0.0;;3216;51291;;;;;;0.0;0.0;0.0;0.0;0.0;247;2.0905571169335148E-4;16524;0.013219612032295668;207539;0.17334252966156904;273;2.2810056797740164E-4;25645;0.021290816213189886;;0.8601348394556567;0.10325953809101492;0.860151004127692;0.1032455550293799;
387;9;Chlamydia/Chlamydophila group;no rank;1113537;0;0;0;0;0;;0;0;0;;;0.0;;0;809;;;;;;;;;;;247;2.0905571169335148E-4;16524;0.013219612032295668;207539;0.17334252966156904;273;2.2810056797740164E-4;25645;0.021290816213189886;;0.8601348394556567;0.10325953809101492;0.860151004127692;0.1032455550293799;
388;10;Chlamydia;genus;810;2;241;484;484;33;14.666666666666666;57;6;2854;1427.0;1.1552644374041208E-4;483.97210132503085;1.0000576452132113;4189517;1113537;0.9101558746987146;0.037111948133068805;0.9101558746987146;0.037111948133068805;13.473739891606437;4.773819989273227E-7;1.1552644374041208E-4;6.812241124692894E-4;1.432145996781968E-6;5.752453087074238E-5;247;2.0905571169335148E-4;16524;0.013219612032295668;207539;0.17334252966156904;273;2.2810056797740164E-4;25645;0.021290816213189886;83554x46009-NZ-PJPZ02000004_30253_aligned_2858_R_149_3084_3;0.8601348394556567;0.10325953809101492;0.860151004127692;0.1032455550293799;
389;11;Chlamydia trachomatis;species;813;0;0;1;1;1;1.0;1;1;0;;6.285738351112545E-7;0.9999999999710726;1.0000000000289275;1590903;810;;;;;;0.0;6.285738351112545E-7;0.0;6.285738351112545E-7;0.0;0;0.0;1;6.285738351112545E-7;0;0.0;1;6.285738351112545E-7;0;0.0;813x21945-NZ-CVNC01000030_2324_aligned_104608_R_1_214_0;;;;;
390;11;Chlamydia psittaci;species;83554;1;429;239;239;16;14.9375;55;1;3330;3330.0;3.844619463104522E-4;238.95425483947434;1.0001914389871667;621648;810;0.87;;0.87;;13.733019818427895;1.6086273904203022E-6;3.844619463104522E-4;0.005356729210099606;1.6086273904203022E-6;6.901011504903096E-4;1;1.6086273904203022E-6;239;3.844619463104522E-4;3330;0.005356729210099606;1;1.6086273904203022E-6;429;6.901011504903096E-4;83554x46009-NZ-PJPZ02000004_30253_aligned_2858_R_149_3084_3;0.87;;0.87;;
391;11;Chlamydia abortus;species;83555;0;0;3;3;1;3.0;3;1;0;;1.6632118061426847E-6;2.9999983371274457;1.0000005542911587;1803739;810;;;;;;0.0;1.6632118061426847E-6;0.0;5.544039353808949E-7;0.0;0;0.0;3;1.6632118061426847E-6;0;0.0;1;5.544039353808949E-7;0;0.0;1242993x135453-NZ-QOHL01000049_1060_aligned_49268_R_3_336_0;;;;;
392;11;Chlamydia suis;species;83559;4;1402;1327;1327;57;23.280701754385966;129;4;8934;2233.5;4.815702310484695E-4;1326.6807701830546;1.0002406229321477;2755569;810;0.8651054498254551;0.06538171867438837;0.8651054498254551;0.06538171867438837;27.713943361449015;1.4516058207941808E-6;4.815702310484695E-4;0.0032421616007438027;1.4516058207941808E-6;5.087878401883604E-4;4;1.4516058207941808E-6;1327;4.815702310484695E-4;8934;0.0032421616007438027;4;1.4516058207941808E-6;1402;5.087878401883604E-4;83559x233441-NZ-JASNNG010000001_612108_aligned_11_F_2_3267_1;0.8651054498254551;0.06538171867438837;0.8651054498254551;0.06538171867438837;
393;11;Chlamydia muridarum;species;83560;1;197;197;197;9;21.88888888888889;54;1;1407;1407.0;1.9202632612698496E-4;196.9811826092835;1.0000955288747242;1025901;810;0.8569353667392883;;0.8569353667392883;;20.88925827096575;9.747529245024617E-7;1.9202632612698496E-4;0.0013714773647749636;9.747529245024617E-7;1.9202632612698496E-4;1;9.747529245024617E-7;197;1.9202632612698496E-4;1407;0.0013714773647749636;1;9.747529245024617E-7;197;1.9202632612698496E-4;243161x122202-NZ-CP027211_530626_aligned_44900_R_290_1138_2;0.8569353667392883;;0.8569353667392883;;
394;11;Chlamydia pecorum;species;85991;1;813;810;810;38;21.31578947368421;137;2;4231;4231.0;5.088195386702849E-4;809.7942173336365;1.0002541172336856;1591920;810;0.8064746488931207;;0.8064746488931207;;25.706351369092378;6.281722699633148E-7;5.088195386702849E-4;0.002657796874214785;1.2563445399266295E-6;5.107040554801749E-4;1;6.281722699633148E-7;810;5.088195386702849E-4;4231;0.002657796874214785;2;1.2563445399266295E-6;813;5.107040554801749E-4;85991x48235-NZ-KT223775_3115_aligned_84_R_0_4184_7;0.8064746488931207;;0.8064746488931207;;
395;11;Chlamydia ibidis;species;1405396;238;22563;13463;1466;609;22.10673234811166;190;257;186783;784.8025210084033;0.0012560489122239434;13385.656109107913;0.10952021985702287;1167152;810;0.8598284108454436;0.10475345700964031;0.8598451867865893;0.1047391991647697;25.377481159399544;2.039151712887439E-4;0.01153491576075781;0.1600331404992666;2.2019411353448395E-4;0.019331672310033313;238;2.039151712887439E-4;13463;0.01153491576075781;186783;0.1600331404992666;257;2.2019411353448395E-4;22563;0.019331672310033313;1405396x176908-NZ-KE360179_99_aligned_1134_R_58_651_117;0.8598284108454436;0.10475345700964031;0.8598451867865893;0.1047391991647697;
