pos;level;name;rank;taxid;reads;kmers from reads;kmers;unique kmers;contigs;average contig length;max contig length;reads >=1 kmer;reads bps;avg. read length;db coverage;exp. unique kmers;unique kmers / exp.;db kmers;parent taxid;mean error;kmer error std. dev.;mean class error;class error std. dev.;contig len std. dev.;norm. reads;norm. kmers;norm. reads bps;norm. read >=1 kmer;norm. reads kmers;acc. reads;acc. norm. reads;acc. kmers;acc. norm. kmers;acc. reads bps;acc. norm. reads bps;acc. read >=1 kmer;acc. norm. read >=1 kmer;acc. reads kmers;acc. norm. reads kmers;max contig desc.;acc. mean error;acc. error std. dev.;acc. class mean error;acc. class error std. dev.;
0;0;TOTAL;;;211157;0;870129757;0;0;;0;0;942273067;4462.428747330186;;;;524530554;;;;;;;;;;;;;;;;;;;;;;;;;;;
1;0;root;no rank;1;5;140;168;152;10;16.8;40;8;1766;353.2;0.05161290322580645;163.32493030827152;0.9306601246552133;2945;;0.7672081821878796;0.3069057072739812;0.7672081821878796;0.3069057072739812;11.48719093406023;0.001697792869269949;0.05704584040747029;0.599660441426146;0.0027164685908319186;0.04753820033955857;138319;0.6149826254926446;6053560;25.467874801031652;58088297;262.74787108175343;216827;1.074988903590403;6032267;29.639353180283383;2104x23649-NZ-JBLTZU010000014_4613_aligned_175654_R_0_81_1;0.8503357257784281;0.14843806932815115;0.8503848135185489;0.14842732587190233;
2;1;cellular organisms;cellular root;131567;37003;1318402;2360052;69254;152831;15.442233578266189;405;81555;15192954;410.58708753344325;0.5294972169551655;130791.99809451758;0.5294972246693044;130792;1;0.8772502842385581;0.12632304891028326;0.8772502842385581;0.12632304891028326;19.726023666171873;0.28291485717780906;18.044314636980854;116.16118722857667;0.6235473117621873;10.080142516361857;138314;0.6132848326233746;6053392;25.410828960624183;58086531;262.14821064032725;216819;1.0722724349995711;6032127;29.591814979943823;1359166x126875-NZ-LAOH01000010_227_aligned_136019_F_9_461_7;0.8503387308084174;0.14843073514975386;0.850387820323042;0.14841998978000157;
3;2;Bacteria;domain;2;2263;93980;139139;13055;12130;11.470651277823578;406;8414;998672;441.3044631020769;0.009122971789716723;132588.68626944217;0.09846239801690226;1431003;131567;0.8672666311809337;0.1368267664445251;0.8672666311809337;0.1368267664445251;14.136094723568918;0.0015814082849581728;0.09723180175024092;0.6978825341386427;0.005879792006026542;0.06567421591708753;101311;0.3303699754455656;3693340;7.366514323643343;42893577;145.98702341175067;135264;0.4487251232373856;4713725;19.51167246358197;2104x178739-NZ-JBLTZR010000055_379_aligned_1220_R_357_780_1;0.8405095097803409;0.15456152826442754;0.8405765288318336;0.1545516984746434;
4;3;Bacillati;kingdom;1783272;4;295;73;51;10;7.3;22;8;1531;382.75;2.1610535771792743E-4;72.98886533464464;0.6987367150615577;235996;2;0.7457109476991897;0.22553298687296636;0.7457109476991897;0.22553298687296636;7.6890976208019515;1.6949439821013915E-5;3.09327276733504E-4;0.006487398091493076;3.389887964202783E-5;0.0012500211867997762;169;2.6282772396429935E-4;8023;0.0116736845128455;86067;0.13585959450361598;213;7.5758699068631E-4;8516;0.03196360534968599;2104x178739-NZ-JBLTZR010000055_1383_aligned_46751_R_1_157_2;0.8556275198666958;0.15078009411802662;0.8556275198666958;0.15078009411802662;
5;4;Mycoplasmatota;phylum;544448;1;20;46;46;7;6.571428571428571;20;6;411;411.0;6.930831805285813E-5;45.99844059770143;1.0000339011992212;663701;1783272;0.94750656167979;;0.94750656167979;;6.729466121893644;1.5067025663664812E-6;6.930831805285813E-5;6.192547547766238E-4;9.040215398198887E-6;3.0134051327329627E-5;165;2.4587828414328545E-4;7950;0.011364357236111997;84536;0.12937219641212291;205;7.236881110442822E-4;8221;0.03071358416288621;3458463x7971-NZ-JBSQBH010000002_50180_aligned_121061_R_25_223_163;0.8582921640404534;0.14851552906712187;0.8582921640404534;0.14851552906712187;
6;5;Mollicutes;class;31969;0;0;0;0;0;;0;0;0;;0.0;0.0;;52572;544448;;;;;;0.0;0.0;0.0;0.0;0.0;68;1.545971357241155E-4;2447;0.0043595756930431976;31805;0.07545863145398182;85;1.8060218168885092E-4;2446;0.025247866488145962;;0.8693680363757907;0.1458543211318899;0.8693680363757907;0.1458543211318899;
7;6;Mycoplasmatales;order;2085;0;0;0;0;0;;0;0;0;;0.0;0.0;;241;31969;;;;;;0.0;0.0;0.0;0.0;0.0;68;1.545971357241155E-4;2447;0.0043595756930431976;31805;0.07545863145398182;85;1.8060218168885092E-4;2446;0.025247866488145962;;0.8693680363757907;0.1458543211318899;0.8693680363757907;0.1458543211318899;
8;7;Mycoplasmataceae;family;2092;0;0;0;0;0;;0;0;0;;0.0;0.0;;1514;2085;;;;;;0.0;0.0;0.0;0.0;0.0;68;1.545971357241155E-4;2447;0.0043595756930431976;31805;0.07545863145398182;85;1.8060218168885092E-4;2446;0.025247866488145962;;0.8693680363757907;0.1458543211318899;0.8693680363757907;0.1458543211318899;
9;8;Mycoplasma;genus;2093;1;20;238;238;12;19.833333333333332;51;5;386;386.0;1.0484424462364881E-4;237.98757635985115;1.0000522028936925;2270034;2092;0.9438202247191011;;0.9438202247191011;;16.430754607433496;4.405220362338185E-7;1.0484424462364881E-4;1.7004150598625396E-4;2.2026101811690926E-6;8.81044072467637E-6;68;1.545971357241155E-4;2447;0.0043595756930431976;31805;0.07545863145398182;85;1.8060218168885092E-4;2446;0.025247866488145962;3401660x56518-NZ-JBLVZJ010000016_4445_aligned_22076_F_1_1415_129;0.8693680363757907;0.1458543211318899;0.8693680363757907;0.1458543211318899;
10;9;Mycoplasma tauri;species;547987;0;0;1;1;1;1.0;1;1;0;;8.904323048840212E-7;1.0000000000064013;0.9999999999935987;1123050;2093;;;;;;0.0;8.904323048840212E-7;0.0;8.904323048840212E-7;0.0;0;0.0;1;8.904323048840212E-7;0;0.0;1;8.904323048840212E-7;0;0.0;1462938x212560-NZ-CP113531_1514821_aligned_96179_R_92_207_103;;;;;
11;9;Mycoplasma mycoides group;species group;656088;3;46;44;44;3;14.666666666666666;18;3;511;170.33333333333334;5.9207587183172125E-5;43.9987270595898;1.0000289313008641;743148;2093;0.8440014269477422;0.14392938059378085;0.8440014269477422;0.14392938059378085;4.932882862316245;4.036880944307191E-6;5.9207587183172125E-5;6.876153875136581E-4;4.036880944307191E-6;6.189884114604359E-5;13;1.0808353538547833E-5;261;2.2836750340855344E-4;3144;0.0025093603786242326;19;1.540663374401654E-5;261;1.8794352423647957E-4;40477x189435-NZ-CP012387_91080_aligned_150915_F_2_99_158;0.8812694378529002;0.08541936112309208;0.8812694378529002;0.08541936112309208;
12;10;Mycoplasma mycoides;species;2102;5;71;150;150;12;12.5;42;9;1389;277.8;1.4172683758293381E-4;149.98944184227935;1.0000703926729173;1058374;656088;0.8993098628262937;0.08985283730568258;0.8993098628262937;0.08985283730568258;11.634587932696043;4.724227919431128E-6;1.4172683758293381E-4;0.0013123905160179672;8.50361025497603E-6;6.7084036455922E-5;10;6.771472594240642E-6;217;1.6915991622538132E-4;2633;0.0018217449911105744;16;1.136975279970935E-5;215;1.26044683090436E-4;40477x189435-NZ-CP012387_897670_aligned_174460_R_190_165_94;0.8924498411244475;0.06725535565315285;0.8924498411244475;0.06725535565315285;
13;11;Mycoplasma mycoides subsp. capri;subspecies;40477;5;144;67;67;7;9.571428571428571;18;7;1244;248.8;2.743307864244749E-5;66.99909471929529;1.0000135118348763;2442307;2102;0.8855898194226015;0.044566852343595253;0.8855898194226015;0.044566852343595253;7.502380574571933;2.047244674809514E-6;2.743307864244749E-5;5.093544750926071E-4;2.8661425447333198E-6;5.8960646634514005E-5;5;2.047244674809514E-6;67;2.743307864244749E-5;1244;5.093544750926071E-4;7;2.8661425447333198E-6;144;5.8960646634514005E-5;40477x189435-NZ-CP012387_897670_aligned_174460_R_190_165_94;0.8855898194226015;0.044566852343595253;0.8855898194226015;0.044566852343595253;
14;9;unclassified Asterococcus (in: mycoplasmas, genus);no rank;2683645;18;859;1064;1064;54;19.703703703703702;147;21;8911;495.05555555555554;7.597276918887217E-5;1063.9596210295063;1.0000379516005078;14005018;2093;0.8621177078781757;0.15015423781077872;0.8621177078781757;0.15015423781077872;23.051729873801293;1.2852536140974614E-6;7.597276918887217E-5;6.362719419568043E-4;1.4994625497803717E-6;6.13351585838733E-5;32;1.2598776553305997E-4;1278;0.0034975566536930556;14013;0.061524894377675964;37;1.4395289745085856E-4;1484;0.024513726303471966;3458463x7971-NZ-JBSQBH010000002_16076_aligned_114314_F_73_293_1;0.8260011085537409;0.18484815383452535;0.8260011085537409;0.18484815383452535;
15;10;Mycoplasma sp. P36-A1;species;3252900;12;176;178;178;13;13.692307692307692;28;13;3194;266.1666666666667;9.793079923635984E-5;177.991333420228;1.0000486910211046;1817610;2683645;0.8056604090672889;0.20776299665848758;0.8056604090672889;0.20776299665848758;7.284511141051442;6.602076353013022E-6;9.793079923635984E-5;0.0017572526559602995;7.152249382430774E-6;9.683045317752434E-5;12;6.602076353013022E-6;178;9.793079923635984E-5;3194;0.0017572526559602995;13;7.152249382430774E-6;176;9.683045317752434E-5;3252900x47672-NZ-CP168083_1277379_aligned_211030_F_370_92_1;0.8056604090672889;0.20776299665848758;0.8056604090672889;0.20776299665848758;
16;10;Mycoplasma sp. VS424B;species;3401660;1;248;4;4;1;4.0;4;1;1537;1537.0;5.254239514508269E-5;3.9999211870887468;1.000019703616038;76129;2683645;0.8354346383543464;;0.8354346383543464;;;1.3135598786270672E-5;5.254239514508269E-5;0.020189415334498022;1.3135598786270672E-5;0.0032576284989951267;1;1.3135598786270672E-5;4;5.254239514508269E-5;1537;0.020189415334498022;1;1.3135598786270672E-5;248;0.0032576284989951267;3401660x56518-NZ-JBLVZJ010000016_4445_aligned_22076_F_1_1415_129;0.8354346383543464;;0.8354346383543464;;
17;10;Mycoplasma sp. 125;species;3447505;0;0;1;1;1;1.0;1;1;0;;1.720074995269794E-5;1.0000000000004712;0.9999999999995288;58137;2683645;;;;;;0.0;1.720074995269794E-5;0.0;1.720074995269794E-5;0.0;0;0.0;1;1.720074995269794E-5;0;0.0;1;1.720074995269794E-5;0;0.0;3458457x173572-NZ-JBSQBA010000008_11210_aligned_1049_F_101_2478_89;;;;;
18;10;Mycoplasma sp. 128;species;3458463;1;201;31;31;1;31.0;31;1;371;371.0;0.003253909940170043;30.951240838720622;1.00157535400708;9527;2683645;0.41055718475073316;;0.41055718475073316;;;1.0496483677967881E-4;0.003253909940170043;0.038941954445260836;1.0496483677967881E-4;0.02109793219271544;1;1.0496483677967881E-4;31;0.003253909940170043;371;0.038941954445260836;1;1.0496483677967881E-4;201;0.02109793219271544;3458463x7971-NZ-JBSQBH010000002_16076_aligned_114314_F_73_293_1;0.41055718475073316;;0.41055718475073316;;
19;9;Candidatus Mycoplasma pogonae;species;3472838;22;681;669;669;46;14.543478260869565;95;23;14262;648.2727272727273;5.279168590130559E-4;668.8237066848925;1.0002635871207097;1267245;2093;0.9220303674103302;0.08450191997729377;0.9220303674103302;0.08450191997729377;17.680757301200686;1.7360494616273886E-5;5.279168590130559E-4;0.01125433519169537;1.8149608007922697E-5;5.373862197128416E-4;22;1.7360494616273886E-5;669;5.279168590130559E-4;14262;0.01125433519169537;23;1.8149608007922697E-5;681;5.373862197128416E-4;3472838x164245-NZ-JBSWZS010000002_47399_aligned_70479_R_4_341_102;0.9220303674103302;0.08450191997729377;0.9220303674103302;0.08450191997729377;
20;5;Mycoplasmoidales;order;2790996;0;0;0;0;0;;0;0;0;;0.0;0.0;;51948;544448;;;;;;0.0;0.0;0.0;0.0;0.0;96;8.977444585280345E-5;5457;0.0069354732250159375;52320;0.053294310203364455;114;5.340457139572323E-4;5755;0.005435583623412918;;0.8495174378275131;0.15107716274838065;0.8495174378275131;0.15107716274838065;
21;6;Mycoplasmoidaceae;family;2790998;0;0;0;0;0;;0;0;0;;0.0;0.0;;2088;2790996;;;;;;0.0;0.0;0.0;0.0;0.0;43;3.256950889332037E-5;2011;0.003047053550769257;22109;0.019606324641573948;49;3.6035384595836146E-4;2298;0.002077539001133369;;0.8666639728350019;0.13495783517202853;0.8666639728350019;0.13495783517202853;
22;7;Malacoplasma;genus;2791001;0;0;4;4;1;4.0;4;1;0;;0.0012030075187969924;3.9981958505013795;1.0004512409011665;3325;2790998;;;;;;0.0;0.0012030075187969924;0.0;3.007518796992481E-4;0.0;29;1.6701971178157047E-5;734;0.001623436448454049;8476;0.004881583024346867;31;3.1802978091803125E-4;732;4.215807897383089E-4;2116x149700-NZ-CP129194_559327_aligned_121574_F_13_136_2;0.8687327904497755;0.11994821526227914;0.8687327904497755;0.11994821526227914;
23;8;Malacoplasma iowae;species;2116;29;732;730;730;38;19.210526315789473;85;30;8476;292.2758620689655;4.204289296570567E-4;729.8467751111231;1.000209941174096;1736322;2791001;0.8687327904497755;0.11994821526227914;0.8687327904497755;0.11994821526227914;17.215891299291435;1.6701971178157047E-5;4.204289296570567E-4;0.004881583024346867;1.727790121878315E-5;4.215807897383089E-4;29;1.6701971178157047E-5;730;4.204289296570567E-4;8476;0.004881583024346867;30;1.727790121878315E-5;732;4.215807897383089E-4;1394179x106106-NZ-AWQU01000079_19861_aligned_175120_F_345_135_1;0.8687327904497755;0.11994821526227914;0.8687327904497755;0.11994821526227914;
24;7;Mycoplasmoides;genus;2995234;0;0;3;3;1;3.0;3;1;0;;6.850879196163508E-5;2.9999314917321653;1.000022836610777;43790;2790998;;;;;;0.0;6.850879196163508E-5;0.0;2.283626398721169E-5;0.0;14;1.5867537715163326E-5;1277;0.0014236171023152082;13633;0.01472474161722708;18;4.2324065040330215E-5;1566;0.0016559582113950607;1394179x106106-NZ-AWQU01000079_9690_aligned_139163_F_0_129_3;0.8623785649186851;0.16681141300074737;0.8623785649186851;0.16681141300074737;
25;8;Mycoplasmoides pneumoniae;species;2104;6;1366;1065;1061;49;21.73469387755102;129;6;10089;1681.5;0.001098754296377839;1064.413474264463;0.9967930937112367;965639;2995234;0.8646124797583479;0.11857797810980664;0.8646124797583479;0.11857797810980664;27.043772781520396;6.213502147282784E-6;0.001102896631142694;0.010448003860656;6.213502147282784E-6;0.0014146073221980471;6;6.213502147282784E-6;1065;0.001102896631142694;10089;0.010448003860656;6;6.213502147282784E-6;1366;0.0014146073221980471;2104x66668-NZ-BLIA01000024_23920_aligned_116100_F_348_4766_0;0.8646124797583479;0.11857797810980664;0.8646124797583479;0.11857797810980664;
26;8;Mycoplasmoides alvi;species;78580;0;0;0;0;0;;0;0;0;;;0.0;;0;2995234;;;;;;;;;;;8;9.654035567880541E-6;209;2.522116792108791E-4;3544;0.004276737756571079;11;1.3274298905835744E-5;200;2.4135088919701353E-4;;0.8607031287889381;0.20402469535015566;0.8607031287889381;0.20402469535015566;
27;9;Mycoplasmoides alvi ATCC 29626;strain;1408453;8;200;209;209;11;19.0;114;11;3544;443.0;2.522116792108791E-4;208.97377217830953;1.000125507720022;828669;78580;0.8607031287889381;0.20402469535015566;0.8607031287889381;0.20402469535015566;31.93117598836598;9.654035567880541E-6;2.522116792108791E-4;0.004276737756571079;1.3274298905835744E-5;2.4135088919701353E-4;8;9.654035567880541E-6;209;2.522116792108791E-4;3544;0.004276737756571079;11;1.3274298905835744E-5;200;2.4135088919701353E-4;1408453x120585-NZ-KL370824_17208_aligned_202231_F_4_162_117;0.8607031287889381;0.20402469535015566;0.8607031287889381;0.20402469535015566;
28;6;Metamycoplasmataceae;family;2895623;0;0;8;8;4;2.0;3;2;0;;6.274657442920226E-5;7.999780390486436;1.0000274519427839;127497;2790996;;;;;1.1547005383792515;0.0;6.274657442920226E-5;0.0;1.5686643607300564E-5;0.0;53;5.7204936959483066E-5;3446;0.0038884196742466817;30211;0.03368798556179051;65;1.736918679988709E-4;3457;0.0033580446222795488;29559x234081-NZ-JAQRBD010000014_13678_aligned_176758_R_7_142_20;0.8356060981044563;0.1629321730698742;0.8356060981044563;0.1629321730698742;
29;7;Metamycoplasma;genus;2895509;0;0;44;44;10;4.4;12;8;0;;5.444601182963348E-4;43.98829613517763;1.0002660677009723;80814;2895623;;;;;3.3065591380365986;0.0;5.444601182963348E-4;0.0;9.899274878115178E-5;0.0;53;5.7204936959483066E-5;3438;0.003825673099817479;30211;0.03368798556179051;63;1.5800522439157034E-4;3457;0.0033580446222795488;92400x102205-NZ-CP030140_730744_aligned_25493_F_6_490_48;0.8356060981044563;0.1629321730698742;0.8356060981044563;0.1629321730698742;
30;8;Metamycoplasma hyosynoviae;species;29559;17;1490;1479;1477;58;25.5;244;18;8550;502.94117647058823;6.181918328362406E-4;1478.5426317174993;0.9989566538803772;2389226;2895509;0.7768463276983797;0.21676249597243502;0.7768463276983797;0.21676249597243502;39.30012722625717;7.1152749886364874E-6;6.190289240113743E-4;0.003578564773696586;7.5338205762033394E-6;6.236329254746098E-4;17;7.1152749886364874E-6;1479;6.190289240113743E-4;8550;0.003578564773696586;18;7.5338205762033394E-6;1490;6.236329254746098E-4;29559x234081-NZ-JAQRBD010000014_1855_aligned_203621_F_0_316_12;0.7768463276983797;0.21676249597243502;0.7768463276983797;0.21676249597243502;
31;8;Metamycoplasma auris;species;51363;9;237;237;225;10;23.7;67;9;2351;261.22222222222223;3.146712314973316E-4;236.96089274762494;0.9495237690534705;715032;2895509;0.8377135191755839;0.17144473347645592;0.8377135191755839;0.17144473347645592;18.257722871279555;1.2586849259893263E-5;3.314536971771893E-4;0.0032879647344454515;1.2586849259893263E-5;3.314536971771893E-4;9;1.2586849259893263E-5;237;3.314536971771893E-4;2351;0.0032879647344454515;9;1.2586849259893263E-5;237;3.314536971771893E-4;51363x191361-NZ-QKUB01000023_761_aligned_195632_F_26_120_0;0.8377135191755839;0.17144473347645592;0.8377135191755839;0.17144473347645592;
32;8;[Mycoplasma] anseris;species;92400;27;1730;1678;1678;88;19.068181818181817;118;28;19310;715.1851851851852;0.0023307303603325807;1676.047198201793;1.0011651233928867;719946;2895509;0.8719005168919804;0.10727635903069593;0.8719005168919804;0.10727635903069593;20.705818747143294;3.750281271095332E-5;0.0023307303603325807;0.026821456053648468;3.8891805774321965E-5;0.0024029579996277498;27;3.750281271095332E-5;1678;0.0023307303603325807;19310;0.026821456053648468;28;3.8891805774321965E-5;1730;0.0024029579996277498;92400x102205-NZ-CP030140_683539_aligned_70600_R_2_557_1;0.8719005168919804;0.10727635903069593;0.8719005168919804;0.10727635903069593;
33;3;Pseudomonadati;kingdom;3379134;234;13434;13386;5424;1037;12.908389585342334;193;737;133917;572.2948717948718;0.012121401738205433;13187.777386574784;0.41128992710490064;447473;2;0.8745613013582877;0.11634154795357822;0.8745613013582877;0.11634154795357822;18.661646321976324;5.2293657941373E-4;0.02991465406851363;0.2992739226724294;0.0016470267479825598;0.030021923110444652;98879;0.32852573943664315;3546178;7.257608837380257;41808838;145.1532812831084;126637;0.44208774424067276;4611229;19.414034642315194;1405396x3190-NZ-KE360087_626_aligned_208831_F_151_576_2;0.8398712922676826;0.15489592391653775;0.8399399597008664;0.15488615667593666;
34;4;Pseudomonadota;phylum;1224;1679;34767;71117;1519;5170;13.755705996131528;111;4087;464817;276.84157236450267;0.0037427436602505346;65234.73937000049;0.02328513940071849;405852;3379134;0.8359864229622381;0.17906840521563283;0.8359864229622381;0.17906840521563283;14.814363371261868;0.004136976040527088;0.17522890117579806;1.1452869518937938;0.010070173363689226;0.08566423228171846;93374;0.32283859307946877;3240366;6.943803047972094;38938584;141.9959655578703;115352;0.4201795962625933;4295998;19.048481890426753;948x33176-NZ-FLLZ01000117_2340_aligned_23659_F_0_736_1;0.8393885458273068;0.1554049281910072;0.8394229214302288;0.155398059923948;
35;5;Gammaproteobacteria;class;1236;3;162;4666;4652;253;18.442687747035574;116;67;2013;671.0;0.010945985373979991;4640.485073834317;1.0024814057113578;424996;1224;0.9037574516776701;0.043135142744902245;0.9037574516776701;0.043135142744902245;21.19789774807458;7.058889966023209E-6;0.0109789268604881;0.004736515167201574;1.5764854257451836E-4;3.8118005816525333E-4;195;1.0570245476388036E-4;29509;0.02018703881029495;234845;0.11446156509222366;514;0.001184411586375084;30321;0.01605195460432421;263x201317-NZ-VJKJ01000058_2124_aligned_18639_F_4_4747_0;0.8545867997165846;0.10894117539162955;0.8548419513354373;0.1088490075375536;
36;6;Thiotrichales;order;72273;0;0;0;0;0;;0;0;0;;0.0;0.0;;29066;1236;;;;;;0.0;0.0;0.0;0.0;0.0;192;9.864356479785715E-5;24843;0.00920811194980685;232832;0.10972504992502208;447;0.0010267630438005656;30159;0.015670774546158953;;0.8538185082796926;0.10952871407860298;0.8540776466425898;0.10943742459049006;
37;7;Francisellaceae;family;34064;1;13;630;628;87;7.241379310344827;76;51;340;340.0;7.086124623267539E-4;629.7764844372884;0.9971791826446557;886239;72273;0.9580645161290322;;0.9580645161290322;;9.623089381179602;1.1283637935139393E-6;7.108691899137817E-4;3.8364368979473937E-4;5.75465534692109E-5;1.466872931568121E-5;192;9.864356479785715E-5;24843;0.00920811194980685;232832;0.10972504992502208;447;0.0010267630438005656;30159;0.015670774546158953;119857x198753-NZ-JAFCRT010000025_9474_aligned_639_R_84_2391_1;0.8538185082796926;0.10952871407860298;0.8540776466425898;0.10943742459049006;
38;8;Francisella;genus;262;55;3716;16089;15743;989;16.267947421638016;159;184;31734;576.9818181818182;0.0016251464443482572;16075.647408451705;0.9793073709568414;9687127;34064;0.855599314154743;0.13188994231645196;0.8556309329521444;0.13191109994627756;18.23530393629496;5.677637962215216E-6;0.0016608639486196475;0.0032758938744170485;1.8994279728138176E-5;3.836018666834862E-4;191;9.751520100434319E-5;24213;0.008497242759893069;232492;0.10934140623522734;396;9.692164903313547E-4;30146;0.015656105816843274;2599927x232579-NZ-OZ220197_245442_aligned_52593_R_2_872_0;0.8532727176626804;0.10955447724468341;0.8535332127709331;0.10946403273970014;
39;9;Francisella tularensis;species;263;75;14769;6323;6075;477;13.255765199161425;75;107;110497;1473.2933333333333;0.003010009582483181;6313.107273425897;0.9622836642697052;2018266;262;0.8542038244622535;0.11173369993186998;0.8545481036919947;0.11162685537273216;12.787763045562684;3.716061212942199E-5;0.0031328873399244696;0.05474848211286322;5.301580663797537E-5;0.007317667740525778;100;4.145841035020229E-5;6721;0.004971679122133936;170104;0.06499563645470528;157;8.836286227620788E-4;21528;0.00847962046749594;263x95949-NZ-VJEJ01000017_16344_aligned_16112_F_17_1265_101;0.8616417514843004;0.09954394930677513;0.861946002731636;0.09945788363442234;
40;10;Francisella tularensis subsp. novicida;subspecies;264;0;0;1;1;1;1.0;1;1;0;;1.0193918919607696E-6;1.0000000000481324;0.9999999999518676;980977;263;;;;;;0.0;1.0193918919607696E-6;0.0;1.0193918919607696E-6;0.0;0;0.0;4;1.7438764562462272E-5;0;0.0;3;1.1965640338961771E-5;0;0.0;119857x197253-NZ-JAACKW010000052_1307_aligned_30332_R_4_4777_110;;;;;
41;11;Francisella tularensis subsp. novicida PA10-7858;strain;1386968;0;0;3;3;2;1.5;2;2;0;;1.6419372670501504E-5;2.9999835806537787;1.0000054731453623;182711;264;;;;;0.7071067811865476;0.0;1.6419372670501504E-5;0.0;1.0946248447001E-5;0.0;0;0.0;3;1.6419372670501504E-5;0;0.0;2;1.0946248447001E-5;0;0.0;119857x127835-NZ-PKBM01000017_1618_aligned_14739_F_0_4762_3;;;;;
42;10;Francisella tularensis subsp. holarctica;subspecies;119857;25;6759;390;390;65;6.0;29;45;59607;2384.28;6.70456522441727E-5;389.9869598478655;1.000033437405547;5816932;263;0.8839555325504418;0.04110297088074998;0.88413969985056;0.04122876212700396;7.458216945088149;4.297798220780302E-6;6.70456522441727E-5;0.010247154341842058;7.736036797404542E-6;0.0011619527269701622;25;4.297798220780302E-6;394;0.001821353017647004;59607;0.010247154341842058;47;8.186471757851417E-4;6759;0.0011619527269701622;119857x201532-NZ-MRKX01000094_1396_aligned_1149_F_26_1568_18;0.8839555325504418;0.04110297088074998;0.88413969985056;0.04122876212700396;
43;11;Francisella tularensis subsp. holarctica OSU18;strain;393011;0;0;3;3;1;3.0;3;1;0;;0.0014150943396226414;2.9985851281596965;1.0004718464808675;2120;119857;;;;;;0.0;0.0014150943396226414;0.0;4.716981132075472E-4;0.0;0;0.0;3;0.0014150943396226414;0;0.0;1;4.716981132075472E-4;0;0.0;263x72028-NZ-JACTRF010000093_1393_aligned_31626_R_6_1363_0;;;;;
44;11;Francisella tularensis subsp. holarctica F92;strain;1232394;0;0;1;1;1;1.0;1;1;0;;3.3921302578018993E-4;1.0000000000000773;0.9999999999999227;2948;119857;;;;;;0.0;3.3921302578018993E-4;0.0;3.3921302578018993E-4;0.0;0;0.0;1;3.3921302578018993E-4;0;0.0;1;3.3921302578018993E-4;0;0.0;263x210626-NZ-VIZQ01000071_3659_aligned_1_F_204_4754_24;;;;;
45;9;Francisella persica;species;954;0;0;0;0;0;;0;0;0;;;0.0;;0;262;;;;;;;;;;;0;0.0;3;2.681226321420049E-6;0;0.0;1;8.937421071400163E-7;0;0.0;;;;;;
46;10;Francisella persica ATCC VR-331;strain;1086726;0;0;3;3;1;3.0;3;1;0;;2.681226321420049E-6;2.999997318660502;1.0000008937806315;1118891;954;;;;;;0.0;2.681226321420049E-6;0.0;8.937421071400163E-7;0.0;0;0.0;3;2.681226321420049E-6;0;0.0;1;8.937421071400163E-7;0;0.0;263x187546-NZ-JACTOW010000222_21_aligned_22212_F_1_1387_2;;;;;
47;9;Francisella philomiragia;species;28110;2;400;62;62;12;5.166666666666667;14;4;2639;1319.5;9.662614238984191E-6;61.99970530406745;1.0000047531827951;6416483;262;0.8697800482165678;0.08488290295565544;0.8697800482165678;0.08488290295565544;3.713203305486893;3.1169723351561906E-7;9.662614238984191E-6;4.1128449962385936E-4;6.233944670312381E-7;6.233944670312382E-5;2;3.1169723351561906E-7;62;9.662614238984191E-6;2639;4.1128449962385936E-4;4;6.233944670312381E-7;400;6.233944670312382E-5;28110x18281-NZ-JACTST010000003_35204_aligned_14971_F_4_1790_6;0.8697800482165678;0.08488290295565544;0.8697800482165678;0.08488290295565544;
48;9;Francisella orientalis;species;299583;11;1300;461;461;30;15.366666666666667;62;11;8637;785.1818181818181;6.382336572034567E-4;460.8532373318966;1.0003184585812028;722306;262;0.8591506316173297;0.08799742016010682;0.8593541414344411;0.08783236506227711;14.997662653142697;1.522900266645992E-5;6.382336572034567E-4;0.011957536002746759;1.522900266645992E-5;0.0017997912242179908;11;1.522900266645992E-5;461;6.382336572034567E-4;8637;0.011957536002746759;11;1.522900266645992E-5;1300;0.0017997912242179908;299583x18250-NZ-QPQK01000013_11026_aligned_32423_F_0_2397_1;0.8591506316173297;0.08799742016010682;0.8593541414344411;0.08783236506227711;
49;9;Francisella hispaniensis;species;622488;1;118;66;66;10;6.6;14;9;553;553.0;3.216766175216279E-5;65.99895456075083;1.000015840239533;2051750;262;0.7609942638623327;;0.7743785850860421;;4.880801391392834;4.873888144267089E-7;3.216766175216279E-5;2.6952601437797003E-4;4.38649932984038E-6;5.751188010235165E-5;1;4.873888144267089E-7;66;3.216766175216279E-5;553;2.6952601437797003E-4;9;4.38649932984038E-6;118;5.751188010235165E-5;263x144225-NZ-JACTOX010000042_3510_aligned_67502_R_1_561_5;0.7609942638623327;;0.7743785850860421;;
50;9;Francisella noatunensis;species;657445;2;587;240;240;12;20.0;65;2;3440;1720.0;4.350695023530009E-4;239.94801666613537;1.0002166441489573;551636;262;0.8254088892236117;0.004733611703021537;0.8259473921853779;0.005495169894925426;20.582428516488612;3.6255791862750076E-6;4.350695023530009E-4;0.006235996200393013;3.6255791862750076E-6;0.0010641074911717147;2;3.6255791862750076E-6;240;4.350695023530009E-4;3440;0.006235996200393013;2;3.6255791862750076E-6;587;0.0010641074911717147;657445x93136-NZ-JACVJL010000136_14207_aligned_1391_F_120_1424_13;0.8254088892236117;0.004733611703021537;0.8259473921853779;0.005495169894925426;
51;9;Francisella salimarina;species;2599927;19;2348;414;406;32;12.9375;37;20;13325;701.3157894736842;6.463753625911055E-4;413.86392316911855;0.9809987710238153;628118;262;0.801280082888212;0.10551461873354238;0.8013269498329558;0.10546602576387054;9.359961055888103;3.0249093323229076E-5;6.591118229377283E-4;0.02121416676484355;3.184115086655692E-5;0.0037381511117337827;19;3.0249093323229076E-5;414;6.591118229377283E-4;13325;0.02121416676484355;20;3.184115086655692E-5;2348;0.0037381511117337827;2599927x232579-NZ-OZ220197_125482_aligned_62441_F_2_330_0;0.801280082888212;0.10551461873354238;0.8013269498329558;0.10546602576387054;
52;9;unclassified Francisella;no rank;2610885;0;0;12;12;3;4.0;10;3;0;;5.28068606673379E-6;11.999970957108232;1.0000024202468383;2272432;262;;;;;5.196152422706632;0.0;5.28068606673379E-6;0.0;1.3201715166834475E-6;0.0;1;4.7639146801936436E-7;151;8.034217358684224E-5;2060;9.813664241198905E-4;6;7.5172089692042845E-6;149;7.09823287348853E-5;3087177x58911-NZ-JBGCTX010000054_892_aligned_22105_R_434_1394_252;0.9266009852216749;;0.9266009852216749;;
53;10;Francisella sp. TX07-6608;species;573568;0;0;3;3;1;3.0;3;1;0;;7.541990029489181E-6;2.9999924580304445;1.000002513996172;397773;2610885;;;;;;0.0;7.541990029489181E-6;0.0;2.5139966764963937E-6;0.0;0;0.0;3;7.541990029489181E-6;0;0.0;1;2.5139966764963937E-6;0;0.0;263x48526-NZ-VJBD01000018_745_aligned_62274_R_132_4763_149;;;;;
54;10;Francisella sp. SYW-2;species;2610886;0;0;1;1;1;1.0;1;1;0;;3.2066493080050793E-6;0.999999999990338;1.000000000009662;311852;2610885;;;;;;0.0;3.2066493080050793E-6;0.0;3.2066493080050793E-6;0.0;0;0.0;1;3.2066493080050793E-6;0;0.0;1;3.2066493080050793E-6;0;0.0;2599927x232579-NZ-OZ220197_296834_aligned_1850_R_40_1112_9;;;;;
55;10;Francisella sp. 19X1-34;species;3087177;1;149;135;135;8;16.875;27;1;2060;2060.0;6.43128481826142E-5;134.9956911394162;1.0000319185045643;2099114;2610885;0.9266009852216749;;0.9266009852216749;;7.772432970808708;4.7639146801936436E-7;6.43128481826142E-5;9.813664241198905E-4;4.7639146801936436E-7;7.09823287348853E-5;1;4.7639146801936436E-7;135;6.43128481826142E-5;2060;9.813664241198905E-4;1;4.7639146801936436E-7;149;7.09823287348853E-5;3087177x58911-NZ-JBGCTX010000054_892_aligned_22105_R_434_1394_252;0.9266009852216749;;0.9266009852216749;;
56;9;Francisella sciaenopsi;species;3055034;0;0;6;6;2;3.0;4;2;0;;7.431030745889711E-6;5.999981422613679;1.00000309624064;807425;262;;;;;1.4142135623730951;0.0;7.431030745889711E-6;0.0;2.4770102486299038E-6;0.0;0;0.0;6;7.431030745889711E-6;0;0.0;2;2.4770102486299038E-6;0;0.0;299583x179772-NZ-JACVJR010000006_211856_aligned_31826_F_0_2435_0;;;;;
57;5;Alphaproteobacteria;class;28211;3;42;256;229;79;3.240506329113924;17;67;1141;380.3333333333333;0.002443292149456928;255.65206522308975;0.8957486801452891;93726;1224;0.9488155539745375;0.051494681135210864;0.9488155539745375;0.051494681135210864;3.42020838274069;3.200819409768901E-5;0.0027313658963361285;0.012173783155154386;7.148496681817211E-4;4.4811471736764613E-4;91500;0.31859591458417774;3139740;6.748387107986001;38238922;140.73621704088424;110751;0.40892501131252906;4230910;18.94676570354071;1242993x138247-NZ-QOHL01000046_1485_aligned_35719_R_3_557_12;0.8394185841309356;0.15502066438008894;0.8394531200105158;0.1550137149330748;
58;6;Hyphomicrobiales;order;356;0;0;11;11;3;3.6666666666666665;5;3;0;;1.1476624203157115E-4;10.999426186769728;1.000052167560428;95847;28211;;;;;1.5275252316519463;0.0;1.1476624203157115E-4;0.0;3.1299884190428495E-5;0.0;713;0.008462616983022425;30221;0.17398004517012977;399372;4.938269835041077;1100;0.010391056477672448;49075;0.5948477532480055;1933906x60789-NZ-CP019787_860427_aligned_20987_F_6_261_289;0.8422593711235136;0.13974282724431614;0.8424078154750259;0.1396660309858469;
59;7;Bartonellaceae;family;772;0;0;0;0;0;;0;0;0;;0.0;0.0;;190;356;;;;;;0.0;0.0;0.0;0.0;0.0;713;0.008462616983022425;30210;0.17386527892809822;399372;4.938269835041077;1097;0.01035975659348202;49075;0.5948477532480055;;0.8422593711235136;0.13974282724431614;0.8424078154750259;0.1396660309858469;
60;8;Bartonella;genus;773;91;3346;8671;8669;531;16.329566854990585;145;191;39748;436.7912087912088;2.2355753299143393E-4;8670.030709260202;0.9998811181534685;38777490;772;0.8793004816796458;0.11334240856497835;0.8793004816796458;0.11334240856497835;18.722165543606863;2.346722286563674E-6;2.2360910930542435E-4;0.0010250276642454167;4.925537986084195E-6;8.628717330595663E-5;713;0.008462616983022425;30210;0.17386527892809822;399372;4.938269835041077;1097;0.01035975659348202;49075;0.5948477532480055;1933912x59330-NZ-CP019786_726160_aligned_839_R_3_707_9;0.8422593711235136;0.13974282724431614;0.8424078154750259;0.1396660309858469;
61;9;Bartonella bacilliformis;species;774;1;170;170;170;8;21.25;61;1;1154;1154.0;6.258202386583886E-5;169.99471193867143;1.0000311072107377;2716435;773;0.8487544483985765;;0.8487544483985765;;24.481771644575538;3.681295521519933E-7;6.258202386583886E-5;4.248215031834003E-4;3.681295521519933E-7;6.258202386583886E-5;1;3.681295521519933E-7;170;6.258202386583886E-5;1154;4.248215031834003E-4;1;3.681295521519933E-7;170;6.258202386583886E-5;774x201270-NZ-JBLKQS010000038_962_aligned_34850_F_1_1171_0;0.8487544483985765;;0.8487544483985765;;
62;9;Bartonella quintana;species;803;38;940;780;780;57;13.68421052631579;48;43;9007;237.02631578947367;5.102354540375978E-4;779.8012969750982;1.0002548123806314;1528706;773;0.7741920858929159;0.25271387902769005;0.7747461025134146;0.25298451920076864;12.015106406307321;2.485762468388297E-5;5.102354540375978E-4;0.0058919111980982606;2.812836477386757E-5;6.148991369171051E-4;39;0.0023343264468547835;787;0.016676517209233903;9388;0.8857995324452115;44;0.002337597186944768;957;0.03987586911382242;803x186498-NZ-CP076601_837301_aligned_195717_R_0_85_2;0.7787401593717374;0.25097884169679735;0.7792799704378642;0.2512341698405643;
63;10;Bartonella quintana str. Toulouse;strain;283165;1;17;7;7;1;7.0;7;1;381;381.0;0.016166281755196306;6.951687401823556;1.0069497656301074;433;803;0.9515669515669516;;0.9515669515669516;;;0.0023094688221709007;0.016166281755196306;0.8799076212471132;0.0023094688221709007;0.03926096997690531;1;0.0023094688221709007;7;0.016166281755196306;381;0.8799076212471132;1;0.0023094688221709007;17;0.03926096997690531;283165x149748-NC-005955_782980_aligned_193043_R_6_111_262;0.9515669515669516;;0.9515669515669516;;
64;9;Bartonella doshiae;species;33044;1;216;160;160;10;16.0;58;1;277;277.0;8.255026666315828E-5;159.993437422009;1.0000410177948342;1938213;773;0.12550607287449392;;0.12550607287449392;;17.8947540419594;5.159391666447392E-7;8.255026666315828E-5;1.4291514916059278E-4;5.159391666447392E-7;1.1144285999526368E-4;1;5.159391666447392E-7;160;8.255026666315828E-5;277;1.4291514916059278E-4;1;5.159391666447392E-7;216;1.1144285999526368E-4;33044x188296-NZ-UFTF01000001_190242_aligned_190727_R_0_277_1;0.12550607287449392;;0.12550607287449392;;
65;9;Bartonella grahamii;species;33045;1;26;19;19;2;9.5;16;2;2008;2008.0;3.256513884746832E-5;18.9997069166606;1.0000154256768636;583446;773;0.9868554095045501;;0.9868554095045501;;9.192388155425117;1.713954676182543E-6;3.256513884746832E-5;0.0034416209897745464;3.427909352365086E-6;4.456282158074612E-5;1;1.713954676182543E-6;19;3.256513884746832E-5;2008;0.0034416209897745464;2;3.427909352365086E-6;26;4.456282158074612E-5;33045x85056-NZ-JAQNDP010000012_38172_aligned_193089_F_1003_70_935;0.9868554095045501;;0.9868554095045501;;
66;9;Bartonella vinsonii;species;33047;0;0;0;0;0;;0;0;0;;0.0;0.0;;1311693;773;;;;;;0.0;0.0;0.0;0.0;0.0;0;0.0;5;2.0332560301995333E-5;0;0.0;2;5.848203407441451E-6;0;0.0;;;;;;
67;10;Bartonella vinsonii subsp. berkhoffii;subspecies;40933;0;0;1;1;1;1.0;1;1;0;;1.0200844425901576E-6;0.9999999999922783;1.0000000000077218;980311;33047;;;;;;0.0;1.0200844425901576E-6;0.0;1.0200844425901576E-6;0.0;0;0.0;1;1.0200844425901576E-6;0;0.0;1;1.0200844425901576E-6;0;0.0;3243551x184777-NZ-JBHIMU010000050_2255_aligned_117423_F_2_2457_5;;;;;
68;10;Bartonella vinsonii subsp. arupensis;subspecies;110578;0;0;0;0;0;;0;0;0;;0.0;0.0;;928955;33047;;;;;;0.0;0.0;0.0;0.0;0.0;0;0.0;4;1.9312475859405175E-5;0;0.0;1;4.828118964851294E-6;0;0.0;;;;;;
69;11;Bartonella vinsonii subsp. arupensis OK-94-513;strain;1094562;0;0;4;4;1;4.0;4;1;0;;1.9312475859405175E-5;3.9999710313885295;1.0000072422053168;207120;110578;;;;;;0.0;1.9312475859405175E-5;0.0;4.828118964851294E-6;0.0;0;0.0;4;1.9312475859405175E-5;0;0.0;1;4.828118964851294E-6;0;0.0;283165x149748-NC-005955_632123_aligned_78954_F_82_109_28;;;;;
70;9;Bartonella henselae;species;38323;16;1161;632;596;39;16.205128205128204;77;19;8247;515.4375;4.3251779055979123E-4;631.8553201604973;0.9432539079493868;1377978;773;0.8392116248373575;0.146104414980516;0.840442724579788;0.14363171202347702;18.169059135011697;1.1611215853954127E-5;4.58643026231188E-4;0.005984856071722481;1.3788318826570526E-5;8.425388504025463E-4;16;1.1611215853954127E-5;632;4.58643026231188E-4;8247;0.005984856071722481;19;1.3788318826570526E-5;1161;8.425388504025463E-4;38323x128719-NZ-LNZZ01000053_12868_aligned_24526_F_24_370_119;0.8392116248373575;0.146104414980516;0.840442724579788;0.14363171202347702;
71;9;Bartonella tribocorum;species;85701;0;0;21;21;2;10.5;19;2;0;;6.023864831357601E-6;20.99993976453476;1.0000028683637152;3486134;773;;;;;12.020815280171307;0.0;6.023864831357601E-6;0.0;5.737014125102477E-7;0.0;0;0.0;21;6.023864831357601E-6;0;0.0;2;5.737014125102477E-7;0;0.0;2133959x84476-NZ-CP031843_282107_aligned_32539_R_22_393_0;;;;;
72;9;Bartonella koehlerae;species;92181;0;0;0;0;0;;0;0;0;;;0.0;;0;773;;;;;;;;;;;0;0.0;6;4.774770114713852E-6;0;0.0;1;7.957950191189753E-7;0;0.0;;;;;;
73;10;Bartonella koehlerae subsp. koehlerae;subspecies;1819240;0;0;0;0;0;;0;0;0;;;0.0;;0;92181;;;;;;;;;;;0;0.0;6;4.774770114713852E-6;0;0.0;1;7.957950191189753E-7;0;0.0;;;;;;
74;11;Bartonella koehlerae C-29;strain;1134510;0;0;6;6;1;6.0;6;1;0;;4.774770114713852E-6;5.999988063031356;1.000001989498732;1256605;1819240;;;;;;0.0;4.774770114713852E-6;0.0;7.957950191189753E-7;0.0;0;0.0;6;4.774770114713852E-6;0;0.0;1;7.957950191189753E-7;0;0.0;38323x128719-NZ-LNZZ01000053_16939_aligned_28945_F_14_385_4;;;;;
75;9;environmental samples;no rank;104107;0;0;0;0;0;;0;0;0;;;0.0;;0;773;;;;;;;;;;;14;1.4572980445142097E-6;451;4.6945815576850614E-5;2888;3.006197680397884E-4;15;1.5613907619795104E-6;450;4.684172285938531E-5;;0.7709709746842013;0.21727348232268293;0.7709709746842013;0.21727348232268293;
76;10;uncultured Bartonella sp.;species;104108;14;450;451;451;15;30.066666666666666;138;15;2888;206.28571428571428;4.6945815576850614E-5;450.98943727108065;1.0000234212335066;9606820;104107;0.7709709746842013;0.21727348232268293;0.7709709746842013;0.21727348232268293;36.06832141261649;1.4572980445142097E-6;4.6945815576850614E-5;3.006197680397884E-4;1.5613907619795104E-6;4.684172285938531E-5;14;1.4572980445142097E-6;451;4.6945815576850614E-5;2888;3.006197680397884E-4;15;1.5613907619795104E-6;450;4.684172285938531E-5;104108x77077-NZ-CALYPR010000009_8159_aligned_168120_R_0_216_1;0.7709709746842013;0.21727348232268293;0.7709709746842013;0.21727348232268293;
77;9;Bartonella birtlesii;species;111504;0;0;1;1;1;1.0;1;1;0;;8.170635552886481E-7;0.9999999999630493;1.0000000000369507;1223895;773;;;;;;0.0;8.170635552886481E-7;0.0;8.170635552886481E-7;0.0;0;0.0;2;1.4603701545748295E-5;0;0.0;2;1.4603701545748295E-5;0;0.0;1933912x59330-NZ-CP019786_1540051_aligned_24605_F_1_529_72;;;;;
78;10;Bartonella birtlesii LL-WM9;strain;1094552;0;0;1;1;1;1.0;1;1;0;;1.3786637990459646E-5;0.9999999999995814;1.0000000000004186;72534;111504;;;;;;0.0;1.3786637990459646E-5;0.0;1.3786637990459646E-5;0.0;0;0.0;1;1.3786637990459646E-5;0;0.0;1;1.3786637990459646E-5;0;0.0;3243432x224402-NZ-JBHIRN010000022_8941_aligned_827_F_447_1143_47;;;;;
79;9;Bartonella japonica;species;357761;1;5;5;5;1;5.0;5;1;94;94.0;3.425896488593135E-6;4.999993148414884;1.000001370318901;1459472;773;0.921875;;0.921875;;;6.85179297718627E-7;3.425896488593135E-6;6.440685398555094E-5;6.85179297718627E-7;3.425896488593135E-6;1;6.85179297718627E-7;5;3.425896488593135E-6;94;6.440685398555094E-5;1;6.85179297718627E-7;5;3.425896488593135E-6;1461006x189371-NZ-JBHIMW010000001_335448_aligned_208765_F_0_94_1;0.921875;;0.921875;;
80;9;Bartonella rochalimae;species;395923;1;86;6;6;1;6.0;6;1;1326;1326.0;3.440169715039275E-5;5.999913996397965;1.000014334139137;174410;773;0.933641975308642;;0.933641975308642;;;5.733616191732126E-6;3.440169715039275E-5;0.007602775070236798;5.733616191732126E-6;4.930909924889628E-4;1;5.733616191732126E-6;6;3.440169715039275E-5;1326;0.007602775070236798;1;5.733616191732126E-6;86;4.930909924889628E-4;1933912x59330-NZ-CP019786_1564345_aligned_33858_F_243_1077_0;0.933641975308642;;0.933641975308642;;
81;9;Bartonella queenslandensis;species;481138;1;838;369;369;25;14.76;47;1;4827;4827.0;3.1249020821671406E-4;368.9425077425612;1.0001558298548752;1180837;773;0.8253074838440692;;0.8253074838440692;;12.949517365523706;8.468569328366235E-7;3.1249020821671406E-4;0.004087778414802382;8.468569328366235E-7;7.096661097170905E-4;1;8.468569328366235E-7;369;3.1249020821671406E-4;4827;0.004087778414802382;1;8.468569328366235E-7;838;7.096661097170905E-4;481138x165912-NZ-NAAI01000003_35456_aligned_34174_R_85_4752_21;0.8253074838440692;;0.8253074838440692;;
82;9;Bartonella jaculi;species;686226;0;0;2;2;2;1.0;1;2;0;;1.3911495068375E-6;1.999999304533988;1.000000347733127;1437660;773;;;;;0.0;0.0;1.3911495068375E-6;0.0;1.3911495068375E-6;0.0;0;0.0;2;1.3911495068375E-6;0;0.0;2;1.3911495068375E-6;0;0.0;803x127968-NZ-CP076599_58375_aligned_206769_R_1_57_6;;;;;
83;9;Bartonella acomydis;species;686234;0;0;5;5;2;2.5;4;2;0;;3.575647835874904E-6;4.999992849051441;1.0000014301917572;1398348;773;;;;;2.1213203435596424;0.0;3.575647835874904E-6;0.0;1.4302591343499615E-6;0.0;0;0.0;5;3.575647835874904E-6;0;0.0;2;1.4302591343499615E-6;0;0.0;3243489x52696-NZ-JBHIPH010000056_1660_aligned_32979_F_0_1428_354;;;;;
84;9;Bartonella raoultii;species;1457020;4;167;57;57;5;11.4;31;4;1115;278.75;1.777966873045991E-5;56.99950217696859;1.000008733813672;3205909;773;0.6497084609143964;0.39982206632927864;0.6497084609143964;0.39982206632927864;11.588787684654509;1.2476960512603446E-6;1.777966873045991E-5;3.4779527428882107E-4;1.2476960512603446E-6;5.209131014011938E-5;4;1.2476960512603446E-6;57;1.777966873045991E-5;1115;3.4779527428882107E-4;4;1.2476960512603446E-6;167;5.209131014011938E-5;1457020x8343-NZ-CADDYC010000001_172667_aligned_121454_R_2_128_0;0.6497084609143964;0.39982206632927864;0.6497084609143964;0.39982206632927864;
85;9;Bartonella heixiaziensis;species;1461000;0;0;1;1;1;1.0;1;1;0;;5.908796543590374E-7;0.9999999999277858;1.0000000000722142;1692392;773;;;;;;0.0;5.908796543590374E-7;0.0;5.908796543590374E-7;0.0;0;0.0;1;5.908796543590374E-7;0;0.0;1;5.908796543590374E-7;0;0.0;3243509x220316-NZ-JBHION010000034_3964_aligned_1223_F_3_1547_29;;;;;
86;9;Bartonella senegalensis;species;1468418;0;0;0;0;0;;0;0;0;;;0.0;;0;773;;;;;;;;;;;0;0.0;1;6.694134933677859E-7;0;0.0;1;6.694134933677859E-7;0;0.0;;;;;;
87;10;Bartonella senegalensis OS02;strain;929794;0;0;1;1;1;1.0;1;1;0;;6.694134933677859E-7;1.0000000000703397;0.9999999999296603;1493845;1468418;;;;;;0.0;6.694134933677859E-7;0.0;6.694134933677859E-7;0.0;0;0.0;1;6.694134933677859E-7;0;0.0;1;6.694134933677859E-7;0;0.0;38323x128719-NZ-LNZZ01000053_3256_aligned_5253_F_317_381_3;;;;;
88;9;Bartonella kosoyi;species;2133959;15;1406;381;381;35;10.885714285714286;38;17;7222;481.46666666666664;6.562470933937792E-4;380.87534017581214;1.000327298228681;580574;773;0.7759086569355761;0.17315324538058158;0.7791773610171217;0.17301500547831614;8.95009506545446;2.583649973991257E-5;6.562470933937792E-4;0.012439413408109905;2.9281366371900913E-5;0.0024217412422878047;15;2.583649973991257E-5;381;6.562470933937792E-4;7222;0.012439413408109905;17;2.9281366371900913E-5;1406;0.0024217412422878047;2133959x84476-NZ-CP031843_385696_aligned_32225_F_0_650_2;0.7759086569355761;0.17315324538058158;0.7791773610171217;0.17301500547831614;
89;9;unclassified Bartonella;no rank;2645622;309;21446;13027;3958;928;14.037715517241379;139;517;178939;579.0906148867314;1.7581071928349535E-4;13023.23200503608;0.3039184127618584;22512848;773;0.8532034028039956;0.11094861821839233;0.8532214798525969;0.1109545775558068;15.356872320286863;1.372549577023751E-5;5.786473572779419E-4;0.007948305785212072;2.2964664444054345E-5;9.526115931667109E-4;528;0.006075927428374169;18458;0.15520481154118568;321078;4.016608272428317;786;0.007933126116947785;40247;0.5500976131310508;3243444x35951-NZ-JBHIRA010000009_27663_aligned_33603_R_0_4774_0;0.8466729883184124;0.11844296609575808;0.846703405049373;0.11844492465858045;
90;10;Bartonella sp. 1-1C;species;515256;0;0;2;2;1;2.0;2;1;0;;2.5565051551926455E-6;1.99999872170723;1.0000006391467935;782318;2645622;;;;;;0.0;2.5565051551926455E-6;0.0;1.2782525775963228E-6;0.0;0;0.0;2;2.5565051551926455E-6;0;0.0;1;1.2782525775963228E-6;0;0.0;1933906x60789-NZ-CP019787_421124_aligned_20306_R_1_263_17;;;;;
91;10;Bartonella sp. 114;species;1933909;0;0;1;1;1;1.0;1;1;0;;2.4021138601969732E-4;1.0000000000000377;0.9999999999999623;4163;2645622;;;;;;0.0;2.4021138601969732E-4;0.0;2.4021138601969732E-4;0.0;0;0.0;1;2.4021138601969732E-4;0;0.0;1;2.4021138601969732E-4;0;0.0;1933912x59330-NZ-CP019786_1234287_aligned_120196_F_6_1069_39;;;;;
92;10;Bartonella sp. Raccoon60;species;1933912;4;209;48;48;7;6.857142857142857;17;6;1908;477.0;0.0021426658334077315;47.94968180007115;1.0010493959092086;22402;2645622;0.8414316944240141;0.13393066717762392;0.8414316944240141;0.13393066717762392;5.871642911161277;1.7855548611731096E-4;0.0021426658334077315;0.08517096687795732;2.6783322917596643E-4;0.009329524149629497;4;1.7855548611731096E-4;48;0.0021426658334077315;1908;0.08517096687795732;6;2.6783322917596643E-4;209;0.009329524149629497;1933912x59330-NZ-CP019786_1154701_aligned_135764_F_6_58_0;0.8414316944240141;0.13393066717762392;0.8414316944240141;0.13393066717762392;
93;10;Bartonella sp. B1098;species;2911421;0;0;2;2;1;2.0;2;1;0;;3.3534146983519643E-6;1.9999983233280172;1.0000008383366943;596407;2645622;;;;;;0.0;3.3534146983519643E-6;0.0;1.6767073491759822E-6;0.0;0;0.0;2;3.3534146983519643E-6;0;0.0;1;1.6767073491759822E-6;0;0.0;3243444x35951-NZ-JBHIRA010000009_27663_aligned_33603_R_0_4774_0;;;;;
94;10;Bartonella sp. MM73XJBT.G;species;3019097;0;0;3;3;1;3.0;3;1;0;;8.484162895927603E-6;2.999991515817335;1.0000028280688862;353600;2645622;;;;;;0.0;8.484162895927603E-6;0.0;2.828054298642534E-6;0.0;0;0.0;3;8.484162895927603E-6;0;0.0;1;2.828054298642534E-6;0;0.0;1457020x8343-NZ-CADDYC010000001_100717_aligned_72881_F_37_90_52;;;;;
95;10;Bartonella sp. B10;species;3239289;1;112;4;4;1;4.0;4;1;4565;4565.0;3.1413497437443946E-6;3.9999952882114282;1.0000011779485305;1273338;2645622;0.975303197353914;;0.975303197353914;;;7.853374359360986E-7;3.1413497437443946E-6;0.00358506539504829;7.853374359360986E-7;8.795779282484305E-5;1;7.853374359360986E-7;4;3.1413497437443946E-6;4565;0.00358506539504829;1;7.853374359360986E-7;112;8.795779282484305E-5;1933912x59330-NZ-CP019786_280557_aligned_6356_F_3921_482_159;0.975303197353914;;0.975303197353914;;
96;10;Bartonella sp. AA89HNZF;species;3243442;0;0;5;5;1;5.0;5;1;0;;6.252266446586888E-5;4.9998749562200135;1.000025009381451;79971;2645622;;;;;;0.0;6.252266446586888E-5;0.0;1.2504532893173776E-5;0.0;0;0.0;5;6.252266446586888E-5;0;0.0;1;1.2504532893173776E-5;0;0.0;3243444x35951-NZ-JBHIRA010000009_27663_aligned_33603_R_0_4774_0;;;;;
97;10;Bartonella sp. AC10YNML;species;3243444;1;929;6;6;1;6.0;6;1;4745;4745.0;3.600792174278341E-4;5.999099873982486;1.0001500435125974;16663;2645622;0.8014846235418875;;0.8029692470837752;;;6.001320290463902E-5;3.600792174278341E-4;0.28476264778251215;6.001320290463902E-5;0.05575226549840965;1;6.001320290463902E-5;6;3.600792174278341E-4;4745;0.28476264778251215;1;6.001320290463902E-5;929;0.05575226549840965;3243444x35951-NZ-JBHIRA010000009_27663_aligned_33603_R_0_4774_0;0.8014846235418875;;0.8029692470837752;;
98;10;Bartonella sp. AC130YNZD;species;3243445;3;341;24;17;3;8.0;11;3;2504;834.6666666666666;0.0012016681982045664;23.98050067266474;0.7089093022723342;14147;2645622;0.8588909244043053;0.05430839244251937;0.8588909244043053;0.05430839244251937;2.6457513110645907;2.1205909380080584E-4;0.0016964727504064467;0.1769986569590726;2.1205909380080584E-4;0.024104050328691597;3;2.1205909380080584E-4;24;0.0016964727504064467;2504;0.1769986569590726;3;2.1205909380080584E-4;341;0.024104050328691597;1405396x144292-NZ-KE360154_156_aligned_60736_R_4_424_415;0.8588909244043053;0.05430839244251937;0.8588909244043053;0.05430839244251937;
99;10;Bartonella sp. AP72JLCBS;species;3243502;0;0;2;1;2;1.0;1;2;0;;2.3040412884198886E-5;1.999976959584571;0.5000057601702156;43402;2645622;;;;;0.0;0.0;4.608082576839777E-5;0.0;4.608082576839777E-5;0.0;0;0.0;2;4.608082576839777E-5;0;0.0;2;4.608082576839777E-5;0;0.0;3243581x174678-NZ-JBHILQ010000091_835_aligned_2200_R_2_632_5;;;;;
100;10;Bartonella sp. CB10SXKL;species;3243509;0;0;2;2;1;2.0;2;1;0;;7.727975270479134E-4;1.9996136012364731;1.0001932367149773;2588;2645622;;;;;;0.0;7.727975270479134E-4;0.0;3.863987635239567E-4;0.0;0;0.0;2;7.727975270479134E-4;0;0.0;1;3.863987635239567E-4;0;0.0;3243509x220316-NZ-JBHION010000034_3964_aligned_1223_F_3_1547_29;;;;;
101;10;Bartonella sp. CL1QHWL;species;3243517;0;0;3;3;1;3.0;3;1;0;;2.1367521367521368E-4;2.99978632985773;1.000071228453888;14040;2645622;;;;;;0.0;2.1367521367521368E-4;0.0;7.122507122507122E-5;0.0;0;0.0;3;2.1367521367521368E-4;0;0.0;1;7.122507122507122E-5;0;0.0;3243522x30644-NZ-JBHIOA010000283_467_aligned_37707_F_0_334_0;;;;;
102;10;Bartonella sp. CL26QHWL;species;3243520;1;89;7;7;1;7.0;7;1;710;710.0;6.419073819348923E-4;6.998074572146089;1.0002751368014247;10905;2645622;0.861764705882353;;0.8691176470588236;;;9.170105456212746E-5;6.419073819348923E-4;0.0651077487391105;9.170105456212746E-5;0.008161393856029344;1;9.170105456212746E-5;7;6.419073819348923E-4;710;0.0651077487391105;1;9.170105456212746E-5;89;0.008161393856029344;3243522x30644-NZ-JBHIOA010000283_823_aligned_57778_R_184_514_15;0.861764705882353;;0.8691176470588236;;
103;10;Bartonella sp. CL27QHWL;species;3243521;1;140;77;77;2;38.5;60;1;248;248.0;0.0028718484260778754;76.89097144459647;1.0014179630372089;26812;2645622;0.3577981651376147;;0.3577981651376147;;30.405591591021544;3.7296732806206175E-5;0.0028718484260778754;0.009249589735939132;3.7296732806206175E-5;0.005221542592868864;1;3.7296732806206175E-5;77;0.0028718484260778754;248;0.009249589735939132;1;3.7296732806206175E-5;140;0.005221542592868864;3243521x204762-NZ-JBHIOB010000207_784_aligned_126664_F_3_242_3;0.3577981651376147;;0.3577981651376147;;
104;10;Bartonella sp. CL29QHWL;species;3243522;112;8834;2049;49;138;14.847826086956522;49;133;60972;544.3928571428571;0.0011494792155390824;2000.557889328038;0.024493167761547995;42628;2645622;0.8294991714780396;0.11569494984467664;0.8294991714780396;0.11569494984467664;13.397299092609405;0.002627381064089331;0.048066998217134276;1.4303274842826312;0.0031200150136060805;0.20723468143004597;112;0.002627381064089331;2049;0.048066998217134276;60972;1.4303274842826312;133;0.0031200150136060805;8834;0.20723468143004597;3243522x30644-NZ-JBHIOA010000283_272_aligned_53810_F_0_362_1;0.8294991714780396;0.11569494984467664;0.8294991714780396;0.11569494984467664;
105;10;Bartonella sp. CL45QHWL;species;3243533;66;5671;1843;210;127;14.511811023622048;108;77;47969;726.8030303030303;0.005816046749937685;1796.7785435599917;0.1168758391247944;36107;2645622;0.8588077422178816;0.12900641878683358;0.8588077422178816;0.12900641878683358;17.07679486568365;0.0018279004071232725;0.051042734095881684;1.3285235549893373;0.0021325504749771513;0.1570609577090315;66;0.0018279004071232725;1843;0.051042734095881684;47969;1.3285235549893373;77;0.0021325504749771513;5671;0.1570609577090315;3243533x135413-NZ-JBHINP010000243_846_aligned_15143_F_289_540_52;0.8588077422178816;0.12900641878683358;0.8588077422178816;0.12900641878683358;
106;10;Bartonella sp. CL50QHWL;species;3243536;0;0;3;3;1;3.0;3;1;0;;1.761080129145876E-4;2.999823895431874;1.0000587049687797;17035;2645622;;;;;;0.0;1.761080129145876E-4;0.0;5.870267097152921E-5;0.0;0;0.0;3;1.761080129145876E-4;0;0.0;1;5.870267097152921E-5;0;0.0;1242993x135453-NZ-QOHL01000049_1378_aligned_1924_R_1_759_0;;;;;
107;10;Bartonella sp. CL5QHWL;species;3243537;2;109;9;5;2;4.5;5;2;862;431.0;3.0328763799587527E-4;8.997816638046917;0.5556903636886414;16486;2645622;0.8688942636311057;0.02929702631973471;0.8688942636311057;0.02929702631973471;0.7071067811865476;1.2131505519835011E-4;5.459177483925755E-4;0.0522867887904889;1.2131505519835011E-4;0.006611670508310082;2;1.2131505519835011E-4;9;5.459177483925755E-4;862;0.0522867887904889;2;1.2131505519835011E-4;109;0.006611670508310082;3243522x30644-NZ-JBHIOA010000283_736_aligned_10297_F_8_329_186;0.8688942636311057;0.02929702631973471;0.8688942636311057;0.02929702631973471;
108;10;Bartonella sp. CL9QHWL;species;3243542;14;1164;730;416;41;17.804878048780488;117;16;8898;635.5714285714286;0.022365591397849462;715.8791851881547;0.5811036395626765;18600;2645622;0.8452182047408128;0.10217645267237868;0.8452182047408128;0.10217645267237868;21.405863112936046;7.526881720430108E-4;0.03924731182795699;0.47838709677419355;8.602150537634409E-4;0.06258064516129032;14;7.526881720430108E-4;730;0.03924731182795699;8898;0.47838709677419355;16;8.602150537634409E-4;1164;0.06258064516129032;3243542x76561-NZ-JBHING010000075_861_aligned_5739_F_2_673_0;0.8452182047408128;0.10217645267237868;0.8452182047408128;0.10217645267237868;
109;10;Bartonella sp. MR30HLJHH;species;3243557;0;0;1;1;1;1.0;1;1;0;;2.6711970168071717E-6;0.9999999999978422;1.0000000000021578;374364;2645622;;;;;;0.0;2.6711970168071717E-6;0.0;2.6711970168071717E-6;0.0;0;0.0;1;2.6711970168071717E-6;0;0.0;1;2.6711970168071717E-6;0;0.0;3243432x224402-NZ-JBHIRN010000022_8941_aligned_827_F_447_1143_47;;;;;
110;10;Bartonella sp. TT110JLCBS;species;3243578;1;164;168;168;9;18.666666666666668;57;3;1481;1481.0;0.001621590316789251;167.86466949701585;1.000806188123979;103602;2645622;0.8869745003445899;;0.8869745003445899;;18.506755523321747;9.652323314221732E-6;0.001621590316789251;0.014295090828362387;2.89569699426652E-5;0.0015829810235323642;1;9.652323314221732E-6;168;0.001621590316789251;1481;0.014295090828362387;3;2.89569699426652E-5;164;0.0015829810235323642;3243578x160274-NZ-JBHILT010000123_139_aligned_120407_F_63_1024_381;0.8869745003445899;;0.8869745003445899;;
111;10;Bartonella sp. TT29SHDZB;species;3243581;13;1039;442;114;20;22.1;76;14;7277;559.7692307692307;0.0012527197204457044;440.93074753577895;0.25854400183500376;91002;2645622;0.8016692336125716;0.20303594742611292;0.8017951306288124;0.2029882728030576;20.493644714501382;1.4285400320872068E-4;0.004857036109096503;0.07996527548845081;1.538427726863146E-4;0.01141733148722006;13;1.4285400320872068E-4;442;0.004857036109096503;7277;0.07996527548845081;14;1.538427726863146E-4;1039;0.01141733148722006;3243581x174678-NZ-JBHILQ010000091_0_aligned_191888_F_1_124_0;0.8016692336125716;0.20303594742611292;0.8017951306288124;0.2029882728030576;
112;9;Bartonella eidoli;species;3112254;0;0;1;1;1;1.0;1;1;0;;7.482459244915108E-7;0.9999999999342809;1.0000000000657192;1336459;773;;;;;;0.0;7.482459244915108E-7;0.0;7.482459244915108E-7;0.0;0;0.0;1;7.482459244915108E-7;0;0.0;1;7.482459244915108E-7;0;0.0;1933912x59330-NZ-CP019786_379760_aligned_7794_R_0_596_14;;;;;
113;6;Rickettsiales;order;766;21;607;1733;417;239;7.2510460251046025;39;212;8937;425.57142857142856;0.010291468200103656;1696.4829892787675;0.2458026414855364;40519;28211;0.911876769807529;0.06791549956326982;0.913171779712228;0.06721932277255183;7.495359135164884;5.182753769836373E-4;0.04277005849107826;0.22056319257632223;0.005232113329549101;0.014980626372812755;90784;0.31010128940705767;3109263;6.571675696919535;37838409;135.785773422688;109584;0.39781910516667485;4181793;18.351469835575337;1462938x212560-NZ-CP113531_469448_aligned_78314_R_746_326_55;0.8393926580642803;0.15513628361807638;0.839426300469979;0.1551298109363019;
114;7;Rickettsiaceae;family;775;0;0;172;125;24;7.166666666666667;22;21;0;;0.05249895002099958;165.9680268273879;0.7531571133878939;2381;766;;;;;4.8782272855285616;0.0;0.07223855522889543;0.0;0.00881982360352793;0.0;18644;0.2775730074804255;708222;5.784651868683972;8013172;121.99088202613973;30024;0.353954989860816;930139;16.59283411154701;42862x66326-NZ-JSEL01000012_40083_aligned_35347_R_1_1806_0;0.8383227839116604;0.1543318260627228;0.8384840926180797;0.154300399329337;
115;8;Rickettsieae;tribe;33988;99;2901;11691;4753;1142;10.237302977232925;146;800;41784;422.06060606060606;0.0029007584204689915;11649.394781774665;0.4080040284527064;1638537;775;0.909265428488703;0.08576516252364515;0.909265428488703;0.08576516252364515;11.029189655013136;6.0419752498722946E-5;0.007135023499621919;0.025500797357642824;4.882404242321046E-4;0.0017704818383716694;18644;0.2775730074804255;708050;5.712413313455076;8013172;121.99088202613973;30003;0.34513516625728813;930139;16.59283411154701;1462938x212560-NZ-CP113531_343881_aligned_76810_F_0_399_0;0.8383227839116604;0.1543318260627228;0.8384840926180797;0.154300399329337;
116;9;Rickettsia;genus;780;3315;112309;235800;182790;14902;15.823379412159442;290;8271;1390084;419.3315233785822;0.04165610773934429;229576.45740902858;0.7962053342182612;4388072;33988;0.8896781093462495;0.10728745861157321;0.8897310082869677;0.1072961739009365;18.70410228694316;7.554570663380182E-4;0.05373658408522011;0.3167869624746358;0.0018848824723021866;0.025594156157875258;18545;0.2775125877279268;696359;5.705278289955454;7971388;121.96538122878208;29203;0.344646925833056;927238;16.59106362970864;1462938x212560-NZ-CP113531_1606090_aligned_133862_R_2_422_3;0.837944066100222;0.1545302088863505;0.838106235931577;0.15449905201894162;
117;10;spotted fever group;species group;114277;5827;306465;244899;129978;16494;14.84776282284467;333;9060;2661119;456.6876608889652;0.04118407136062884;235638.364240722;0.5515994834661891;3156026;780;0.8503975405808248;0.13582590688280305;0.8506660641263796;0.13570243739605223;17.10289058417;0.00184630925093773;0.07759726947750113;0.8431866530884092;0.0028706987838503233;0.0971047133325264;15087;0.2758577738254491;456412;5.634077994815568;6514438;121.20575304778251;20360;0.3393748620664259;808160;16.513444361182174;444612x47268-NZ-CM000772_51282_aligned_29005_R_1_1482_3;0.8262910135836997;0.16108720610033186;0.8264612124128123;0.16105944041339942;
118;11;Rickettsia conorii;species;781;0;0;0;0;0;;0;0;0;;0.0;0.0;;1602;114277;;;;;;0.0;0.0;0.0;0.0;0.0;20;1.0017886280974023E-4;435;0.0019641161490011124;12987;0.050632161443537896;54;2.4659524953333123E-4;1635;0.006156488046942207;;0.870546020995101;0.1474999053137666;0.8712357618211864;0.1475036674920638;
119;12;Rickettsia conorii subsp. heilongjiangensis;subspecies;226665;4;245;97;97;11;8.818181818181818;31;9;1515;378.75;6.603895617600403E-4;96.96830813318819;1.000326827057437;146883;781;0.7791094785342932;0.30728804547988237;0.7796217736162605;0.3077576295625018;9.988174826445338;2.7232559247836713E-5;6.603895617600403E-4;0.010314331815118155;6.12732583076326E-5;0.0016679942539299987;4;2.7232559247836713E-5;97;6.603895617600403E-4;1515;0.010314331815118155;9;6.12732583076326E-5;245;0.0016679942539299987;226665x114628-NZ-CP112971_597847_aligned_19792_F_1_215_89;0.7791094785342932;0.30728804547988237;0.7796217736162605;0.3077576295625018;
120;12;Rickettsia conorii str. Malish 7;strain;272944;5;149;69;69;11;6.2727272727272725;17;11;1735;347.0;6.218905472636816E-4;68.97885997645822;1.0003064710485066;110952;781;0.9036170652447557;0.0789140569358099;0.9036170652447557;0.0789140569358099;6.198240219464055;4.506453241041171E-5;6.218905472636816E-4;0.015637392746412862;9.914197130290576E-5;0.001342923065830269;5;4.506453241041171E-5;69;6.218905472636816E-4;1735;0.015637392746412862;11;9.914197130290576E-5;149;0.001342923065830269;444612x54001-NZ-CM000770_434124_aligned_10211_R_0_328_5;0.9036170652447557;0.0789140569358099;0.9036170652447557;0.0789140569358099;
121;12;Rickettsia conorii subsp. raoultii;subspecies;369822;11;1241;269;253;44;6.113636363636363;47;34;9737;885.1818181818181;6.412807364843114E-4;268.9086545734486;0.9408399309472453;394523;781;0.8887633799582787;0.07913219837710692;0.8898311650668099;0.07855978788265469;8.884833979396443;2.78817711514918E-5;6.818360399773904E-4;0.02468043688200688;8.618001992279284E-5;0.0031455707271819387;11;2.78817711514918E-5;269;6.818360399773904E-4;9737;0.02468043688200688;34;8.618001992279284E-5;1241;0.0031455707271819387;369822x69421-NZ-JBGCYB010000009_6081_aligned_27864_R_2_4772_2;0.8887633799582787;0.07913219837710692;0.8898311650668099;0.07855978788265469;
122;11;Rickettsia rickettsii;species;783;1;124;6;6;2;3.0;4;2;1820;1820.0;5.119148173743889E-5;5.999872022773916;1.0000213299926395;117207;114277;0.9307262569832402;;0.9307262569832402;;1.4142135623730951;8.531913622906482E-6;5.119148173743889E-5;0.015528082793689797;1.7063827245812964E-5;0.0010579572892404038;1;8.531913622906482E-6;8;9.847727708451663E-5;1820;0.015528082793689797;4;6.434962259289071E-5;124;0.0010579572892404038;1462938x212560-NZ-CP113531_191174_aligned_22007_R_17_1568_180;0.9307262569832402;;0.9307262569832402;;
123;12;Rickettsia rickettsii str. Hlp#2;strain;1105101;0;0;2;2;2;1.0;1;2;0;;4.728579534707774E-5;1.9999763571011382;1.0000118215891791;42296;783;;;;;0.0;0.0;4.728579534707774E-5;0.0;4.728579534707774E-5;0.0;0;0.0;2;4.728579534707774E-5;0;0.0;2;4.728579534707774E-5;0;0.0;444612x54001-NZ-CM000770_13824_aligned_78821_F_4_230_9;;;;;
124;11;Rickettsia akari;species;786;0;0;0;0;0;;0;0;0;;;0.0;;0;114277;;;;;;;;;;;16;2.5458248472505093E-5;156;2.482179226069246E-4;9558;0.015208121181262729;36;5.728105906313646E-5;867;0.0013795188391038697;;0.895757527054271;0.06461602150481001;0.8974241937209377;0.061420980174397316;
125;12;Rickettsia akari str. Hartford;strain;293614;16;867;156;156;36;4.333333333333333;22;36;9558;597.375;2.482179226069246E-4;155.9807646844584;1.0001233185103338;628480;786;0.895757527054271;0.06461602150481001;0.8974241937209377;0.061420980174397316;4.516635916254486;2.5458248472505093E-5;2.482179226069246E-4;0.015208121181262729;5.728105906313646E-5;0.0013795188391038697;16;2.5458248472505093E-5;156;2.482179226069246E-4;9558;0.015208121181262729;36;5.728105906313646E-5;867;0.0013795188391038697;444612x54001-NZ-CM000770_1152794_aligned_81204_F_236_380_14;0.895757527054271;0.06461602150481001;0.8974241937209377;0.061420980174397316;
126;11;Rickettsia australis;species;787;5;242;71;70;23;3.0869565217391304;12;22;2147;429.4;1.395403540736813E-4;70.99504654407221;0.9859842821082664;501647;114277;0.8163969037573116;0.1649631944046068;0.8163969037573116;0.1649631944046068;2.9986821875050516;9.967168148120092E-6;1.415337877033053E-4;0.004279902002802768;4.3855539851728404E-5;4.824109383690125E-4;6;1.5008206236137497E-4;79;0.0012624529414093442;2655;0.07545826826313624;23;1.8397043406498327E-4;254;0.002163789668928071;1462938x212560-NZ-CP113531_978253_aligned_85604_R_5_257_1;0.8428133193793497;0.1611125274224044;0.8428133193793497;0.1611125274224044;
127;12;Rickettsia australis str. Cutlack;strain;1105110;1;12;8;8;1;8.0;8;1;508;508.0;0.001120919153706039;7.996077882173477;1.0004905052057167;7137;787;0.9748953974895398;;0.9748953974895398;;;1.4011489421325487E-4;0.001120919153706039;0.07117836626033347;1.4011489421325487E-4;0.0016813787305590584;1;1.4011489421325487E-4;8;0.001120919153706039;508;0.07117836626033347;1;1.4011489421325487E-4;12;0.0016813787305590584;1462938x212560-NZ-CP113531_1437215_aligned_55820_F_51_161_296;0.9748953974895398;;0.9748953974895398;;
128;11;Rickettsia amblyommatis;species;33989;8;834;480;478;45;10.666666666666666;158;32;6192;774.0;9.723490773871882E-4;479.7662237853802;0.9963185741350348;491593;114277;0.8827787995032963;0.07810259202248389;0.8829912039213083;0.0780334931107729;24.091680948183978;1.627362472614541E-5;9.764174835687245E-4;0.012595785538036546;6.509449890458164E-5;0.0016965253777006589;1733;0.13532208811462854;28125;2.1689288314195734;846712;65.88779155128883;2247;0.17378290250426606;121956;9.50183212657258;1105111x127730-NC-017021_2692_aligned_44536_F_4_1427_0;0.8051242093058156;0.16706079824395845;0.8051251898224597;0.1670611243966168;
129;12;Rickettsia amblyommatis str. Ac/Pa;strain;1359164;2;149;41;41;3;13.666666666666666;31;3;1995;997.5;0.0010633331604336324;40.97874050509731;1.0005187932728201;38558;33989;0.9266114342793348;0.03789184937083167;0.9266114342793348;0.03789184937083167;15.14375558880073;5.186991026505524E-5;0.0010633331604336324;0.051740235489392605;7.780486539758286E-5;0.0038643083147466154;2;5.186991026505524E-5;41;0.0010633331604336324;1995;0.051740235489392605;3;7.780486539758286E-5;149;0.0038643083147466154;444612x54001-NZ-CM000770_382172_aligned_121102_R_365_349_385;0.9266114342793348;0.03789184937083167;0.9266114342793348;0.03789184937083167;
130;12;Rickettsia amblyommatis str. Darkwater;strain;1359166;1723;120973;27604;943;2636;10.471927162367223;39;2212;838525;486.6656993615786;0.07402464871653976;11280.083525445774;0.08359867175387195;12739;33989;0.8046226357878081;0.16733303936414973;0.8046226357878081;0.16733303936414973;8.26462070815843;0.13525394457963733;2.166889080775571;65.8234555302614;0.1736400031399639;9.496271292880133;1723;0.13525394457963733;27604;2.166889080775571;838525;65.8234555302614;2212;0.1736400031399639;120973;9.496271292880133;1359166x139103-NZ-LAOH01000004_1762_aligned_2214_F_255_345_112;0.8046226357878081;0.16733303936414973;0.8046226357878081;0.16733303936414973;
131;11;Rickettsia montanensis;species;33991;0;0;0;0;0;;0;0;0;;;0.0;;0;114277;;;;;;;;;;;5;1.935201706073824E-5;52;2.012609774316777E-4;2413;0.009339283433512275;15;5.8056051182214724E-5;205;7.934326994902678E-4;;0.9016833673293938;0.04656601184443109;0.9037067924397364;0.045621790405215565;
132;12;Rickettsia montanensis str. OSU 85-930;strain;1105114;5;205;52;52;15;3.466666666666667;17;15;2413;482.6;2.012609774316777E-4;51.99486817546294;1.0000986986738718;258371;33991;0.9016833673293938;0.04656601184443109;0.9037067924397364;0.045621790405215565;3.9617216074881;1.935201706073824E-5;2.012609774316777E-4;0.009339283433512275;5.8056051182214724E-5;7.934326994902678E-4;5;1.935201706073824E-5;52;2.012609774316777E-4;2413;0.009339283433512275;15;5.8056051182214724E-5;205;7.934326994902678E-4;444612x54001-NZ-CM000770_159660_aligned_55905_R_7_333_217;0.9016833673293938;0.04656601184443109;0.9037067924397364;0.045621790405215565;
133;11;Rickettsia rhipicephali;species;33992;30;1438;885;837;79;11.20253164556962;118;56;14052;468.4;0.002246238154917973;883.9510545643111;0.9468850064470451;372623;114277;0.8726123386178694;0.11911214743986868;0.8729124542491108;0.11927342505180541;15.215022727078791;8.051032813326069E-5;0.0023750546799311905;0.03771103769761931;1.502859458487533E-4;0.0038591283951876294;30;8.051032813326069E-5;893;0.002511000437573891;14052;0.03771103769761931;59;2.01265604964766E-4;1438;0.0038591283951876294;33992x110150-NZ-JAPJZV010000012_12806_aligned_117845_R_0_368_0;0.8726123386178694;0.11911214743986868;0.8729124542491108;0.11927342505180541;
134;12;Rickettsia rhipicephali str. 3-7-female6-CWPP;strain;1105113;0;0;8;8;3;2.6666666666666665;5;3;0;;1.3594575764270056E-4;7.999524206040435;1.000059477782342;58847;33992;;;;;2.081665999466133;0.0;1.3594575764270056E-4;0.0;5.097965911601271E-5;0.0;0;0.0;8;1.3594575764270056E-4;0;0.0;3;5.097965911601271E-5;0;0.0;369822x69421-NZ-JBGCYB010000009_6081_aligned_27864_R_2_4772_2;;;;;
135;11;Rickettsia africae;species;35788;0;0;0;0;0;;0;0;0;;;0.0;;0;114277;;;;;;;;;;;2;1.5314170201687623E-5;20;1.5314170201687622E-4;500;0.0038285425504219054;5;3.8285425504219055E-5;119;9.111931270004135E-4;;0.6981467803666153;0.16014712770712566;0.6981467803666153;0.16014712770712566;
136;12;Rickettsia africae ESF-5;strain;347255;2;119;20;20;5;4.0;10;5;500;250.0;1.5314170201687622E-4;19.998545220730556;1.0000727442548139;130598;35788;0.6981467803666153;0.16014712770712566;0.6981467803666153;0.16014712770712566;3.9370039370059056;1.5314170201687623E-5;1.5314170201687622E-4;0.0038285425504219054;3.8285425504219055E-5;9.111931270004135E-4;2;1.5314170201687623E-5;20;1.5314170201687622E-4;500;0.0038285425504219054;5;3.8285425504219055E-5;119;9.111931270004135E-4;444612x54001-NZ-CM000770_54002_aligned_77927_F_16_273_28;0.6981467803666153;0.16014712770712566;0.6981467803666153;0.16014712770712566;
137;11;Rickettsia helvetica;species;35789;16;876;157;157;25;6.28;24;24;5008;313.0;5.937950310324091E-4;156.95369303507846;1.00029503584163;264401;114277;0.7610656593573347;0.2176634442790921;0.7610656593573347;0.2176634442790921;5.975784467331465;6.051414328992704E-5;5.937950310324091E-4;0.018940926849747165;9.077121493489057E-5;0.0033131493451235058;16;6.051414328992704E-5;157;5.937950310324091E-4;5008;0.018940926849747165;24;9.077121493489057E-5;876;0.0033131493451235058;35789x222294-NZ-OY974080_487612_aligned_61960_F_7_135_10;0.7610656593573347;0.2176634442790921;0.7610656593573347;0.2176634442790921;
138;11;Rickettsia japonica;species;35790;5;353;89;87;9;9.88888888888889;31;9;1502;300.4;9.823182711198428E-4;88.95579886153165;0.9780138126287187;88566;114277;0.6769006862515973;0.15478077138175123;0.6769006862515973;0.15478077138175123;10.84486565666496;5.645507305286453E-5;0.0010049003003409886;0.016959103945080507;1.0161913149515616E-4;0.0039857281575322355;5;5.645507305286453E-5;89;0.0010049003003409886;1502;0.016959103945080507;9;1.0161913149515616E-4;353;0.0039857281575322355;652620x90159-NZ-AMRT02000009_13768_aligned_54181_F_8_161_4;0.6769006862515973;0.15478077138175123;0.6769006862515973;0.15478077138175123;
139;11;Rickettsia massiliae;species;35791;0;0;0;0;0;;0;0;0;;0.0;0.0;;1397;114277;;;;;;0.0;0.0;0.0;0.0;0.0;0;0.0;26;2.0316785571956585E-4;0;0.0;8;6.251318637525102E-5;0;0.0;;;;;;
140;12;Rickettsia massiliae MTU5;strain;416276;0;0;26;26;8;3.25;10;8;0;;2.0316785571956585E-4;25.997460560426376;1.0000976802933395;127973;35791;;;;;3.1959796173138706;0.0;2.0316785571956585E-4;0.0;6.251318637525102E-5;0.0;0;0.0;26;2.0316785571956585E-4;0;0.0;8;6.251318637525102E-5;0;0.0;444612x46237-NZ-GG688312_9567_aligned_182577_R_349_143_17;;;;;
141;11;Rickettsia parkeri;species;35792;3;73;31;31;11;2.8181818181818183;8;11;1584;528.0;1.6246357671425278E-4;30.997563170019422;1.0000786135983404;190812;114277;0.9564603919373985;0.015703053823786898;0.9564603919373985;0.015703053823786898;2.400757456228422;1.572228161750833E-5;1.6246357671425278E-4;0.0083013646940444;5.7648365930863886E-5;3.8257551935936944E-4;3;1.572228161750833E-5;31;1.6246357671425278E-4;1584;0.0083013646940444;11;5.7648365930863886E-5;73;3.8257551935936944E-4;1462938x212560-NZ-CP113531_1317780_aligned_13051_F_360_373_27;0.9564603919373985;0.015703053823786898;0.9564603919373985;0.015703053823786898;
142;11;Rickettsia slovaca;species;35794;2;55;27;27;3;9.0;14;3;521;260.5;3.937122692408644E-4;26.994882362308832;1.0001895780697423;68578;114277;0.8763086072752454;0.011377537926955278;0.8780092875473542;0.013782663033030993;7.0;2.9163871795619587E-5;3.937122692408644E-4;0.007597188602758902;4.374580769342938E-5;8.020064743795387E-4;2;2.9163871795619587E-5;27;3.937122692408644E-4;521;0.007597188602758902;3;4.374580769342938E-5;55;8.020064743795387E-4;1462938x212560-NZ-CP113531_602604_aligned_41423_F_15_311_11;0.8763086072752454;0.011377537926955278;0.8780092875473542;0.013782663033030993;
143;11;Rickettsia honei;species;37816;0;0;0;0;0;;0;0;0;;;0.0;;0;114277;;;;;;;;;;;1;6.160746189578482E-6;13;8.008970046452026E-5;374;0.002304119074902352;7;4.312522332704937E-5;40;2.4642984758313925E-4;;0.8837209302325582;;0.8837209302325582;;
144;12;Rickettsia honei RB;strain;1175313;1;40;13;13;7;1.8571428571428572;4;7;374;374.0;8.008970046452026E-5;12.999519472553278;1.0000369650161098;162318;37816;0.8837209302325582;;0.8837209302325582;;1.2149857925879117;6.160746189578482E-6;8.008970046452026E-5;0.002304119074902352;4.312522332704937E-5;2.4642984758313925E-4;1;6.160746189578482E-6;13;8.008970046452026E-5;374;0.002304119074902352;7;4.312522332704937E-5;40;2.4642984758313925E-4;1462938x212560-NZ-CP113531_1548269_aligned_18429_F_28_318_20;0.8837209302325582;;0.8837209302325582;;
145;11;Rickettsia felis;species;42862;127;9989;3678;3516;324;11.351851851851851;54;160;86609;681.9606299212599;0.006625711378283647;3665.28674481858;0.9592701048479717;530660;114277;0.8662800123814518;0.09665986519485047;0.8669658007477045;0.09639071418737993;10.264895374789923;2.3932461463083707E-4;0.006930991595371801;0.1632099649493084;3.015113255191648E-4;0.018823728941318358;128;2.609752598200637E-4;3689;0.0071691486924532945;86877;0.16901233786002112;163;3.664632610868447E-4;10034;0.019798007974833557;42862x66326-NZ-JSEL01000012_175001_aligned_30425_F_53_397_29;0.8657490695326209;0.09646577024972935;0.8665279770680184;0.09613816739417735;
146;12;Rickettsia felis str. LSU;strain;1359195;1;45;11;11;3;3.6666666666666665;7;3;268;268.0;2.3815709708149304E-4;10.998809291851638;1.000108257913813;46188;42862;0.7983193277310925;;0.8109243697478992;;3.055050463303893;2.1650645189226637E-5;2.3815709708149304E-4;0.005802372910712739;6.495193556767992E-5;9.742790335151987E-4;1;2.1650645189226637E-5;11;2.3815709708149304E-4;268;0.005802372910712739;3;6.495193556767992E-5;45;9.742790335151987E-4;1462938x212560-NZ-CP113531_1511143_aligned_88030_F_2_205_76;0.7983193277310925;;0.8109243697478992;;
147;11;Rickettsia peacockii;species;47589;0;0;0;0;0;;0;0;0;;;0.0;;0;114277;;;;;;;;;;;3;2.5581553994133297E-5;40;3.4108738658844394E-4;1416;0.012074493485230917;13;1.1085340064124429E-4;126;0.0010744252677535985;;0.9322475555033992;0.07043584078726883;0.9326621492015751;0.0697384223672697;
148;12;Rickettsia peacockii str. Rustic;strain;562019;3;126;40;39;13;3.076923076923077;12;13;1416;472.0;3.3256020192373286E-4;39.99334951429008;0.9751621325456837;117272;47589;0.9322475555033992;0.07043584078726883;0.9326621492015751;0.0697384223672697;2.985005261344846;2.5581553994133297E-5;3.4108738658844394E-4;0.012074493485230917;1.1085340064124429E-4;0.0010744252677535985;3;2.5581553994133297E-5;40;3.4108738658844394E-4;1416;0.012074493485230917;13;1.1085340064124429E-4;126;0.0010744252677535985;1462938x212560-NZ-CP113531_916622_aligned_100053_R_162_328_342;0.9322475555033992;0.07043584078726883;0.9326621492015751;0.0697384223672697;
149;11;Rickettsia monacensis;species;109232;19;914;418;409;41;10.195121951219512;50;33;8637;454.57894736842104;0.0029191974705046857;417.3785691848581;0.9799257321687084;140107;114277;0.8303191959524995;0.1448548420740738;0.8312495521460136;0.14523969013302204;9.95042590092284;1.35610640439093E-4;0.0029834340896600455;0.06164574218276032;2.3553427023631938E-4;0.006523585545333209;19;1.35610640439093E-4;418;0.0029834340896600455;8637;0.06164574218276032;33;2.3553427023631938E-4;914;0.006523585545333209;109232x175602-NZ-LN794217_186897_aligned_1387_F_211_551_133;0.8303191959524995;0.1448548420740738;0.8312495521460136;0.14523969013302204;
150;11;Rickettsia asiatica;species;238800;3;132;52;52;12;4.333333333333333;23;11;1254;418.0;2.2563764330159943E-4;51.99424665568096;1.0001106534797424;230458;114277;0.9023586697063523;0.11819990615914798;0.9023586697063523;0.11819990615914798;6.110100926607786;1.3017556344323044E-5;2.2563764330159943E-4;0.005441338551927032;4.773103992918449E-5;5.727724791502139E-4;3;1.3017556344323044E-5;52;2.2563764330159943E-4;1254;0.005441338551927032;11;4.773103992918449E-5;132;5.727724791502139E-4;444612x47268-NZ-CM000772_11029_aligned_76432_R_25_353_196;0.9023586697063523;0.11819990615914798;0.9023586697063523;0.11819990615914798;
151;11;Rickettsia sibirica subgroup;;266068;0;0;0;0;0;;0;0;0;;;0.0;;0;114277;;;;;;;;;;;4;4.783027360376833E-5;55;6.469816277785961E-4;3464;0.04351045653207055;14;1.4603668906675214E-4;330;0.004238044242445526;;0.8687362352028432;0.13288640907359192;0.8701627687263809;0.13308736289602105;
152;12;Rickettsia sibirica;species;35793;1;21;16;16;8;2.0;4;8;426;426.0;1.3433637829124128E-4;15.998992516666043;1.0000629716735543;119104;266068;0.946969696969697;;0.946969696969697;;1.1952286093343936;8.39602364320258E-6;1.3433637829124128E-4;0.0035767060720042986;6.716818914562064E-5;1.7631649650725416E-4;4;4.783027360376833E-5;55;6.469816277785961E-4;3464;0.04351045653207055;14;1.4603668906675214E-4;330;0.004238044242445526;444612x54001-NZ-CM000770_83515_aligned_30978_R_6_387_5;0.8687362352028432;0.13288640907359192;0.8701627687263809;0.13308736289602105;
153;13;Rickettsia sibirica subsp. mongolitimonae;subspecies;45261;0;0;0;0;0;;0;0;0;;;0.0;;0;35793;;;;;;;;;;;3;3.943424996056575E-5;39;5.126452494873548E-4;3038;0.03993375046006625;6;7.88684999211315E-5;309;0.004061727745938272;;0.8426584146138918;0.14969261910559947;0.8445604593119422;0.150450987899082;
154;14;Rickettsia sibirica subsp. mongolitimonae HA-91;strain;1144280;3;309;39;39;7;5.571428571428571;18;6;3038;1012.6666666666666;5.126452494873548E-4;38.99026131902788;1.0002497721390589;76076;45261;0.8426584146138918;0.14969261910559947;0.8445604593119422;0.150450987899082;6.267831705280087;3.943424996056575E-5;5.126452494873548E-4;0.03993375046006625;7.88684999211315E-5;0.004061727745938272;3;3.943424996056575E-5;39;5.126452494873548E-4;3038;0.03993375046006625;6;7.88684999211315E-5;309;0.004061727745938272;1462938x212560-NZ-CP113531_1344462_aligned_122864_F_0_180_2;0.8426584146138918;0.14969261910559947;0.8445604593119422;0.150450987899082;
155;11;Rickettsia tamurae;species;334545;16;810;167;161;46;3.630434782608696;24;45;6945;434.0625;6.178975364693872E-4;166.946814472953;0.9643789880524108;260561;114277;0.8600769887512166;0.09201198328232135;0.8603449544006231;0.09215539560231907;4.154562127761475;6.140596635720618E-5;6.409247738533396E-4;0.02665402727192481;1.727042803796424E-4;0.003108677046833563;175;0.0042819352578922585;3780;0.0965451532664077;78212;1.9183801972079533;262;0.005932797715996662;10298;0.254960135651139;1462938x212560-NZ-CP113531_665245_aligned_113260_F_1_190_6;0.8346204693794904;0.14548614151458594;0.8353212388837453;0.14514581320384307;
156;12;Rickettsia tamurae subsp. buchneri;subspecies;1462938;159;9488;3613;3453;275;13.138181818181819;80;217;71267;448.2201257861635;0.09165715499163857;3445.200795201032;1.0022637881686989;37673;334545;0.8320588070527758;0.14977867259350272;0.8328031291461978;0.149414363070239;14.10890244026839;0.004220529291535052;0.09590422849255435;1.8917261699360284;0.00576009343561702;0.25185145860430547;159;0.004220529291535052;3613;0.09590422849255435;71267;1.8917261699360284;217;0.00576009343561702;9488;0.25185145860430547;1462938x212560-NZ-CP113531_255516_aligned_33160_F_17_215_3;0.8320588070527758;0.14977867259350272;0.8328031291461978;0.149414363070239;
157;11;Rickettsia gravesii;species;354585;0;0;0;0;0;;0;0;0;;;0.0;;0;114277;;;;;;;;;;;2;6.524412721299924E-6;41;1.3375046078664845E-4;643;0.0020975986898979257;10;3.262206360649962E-5;52;1.6963473075379802E-4;;0.8780850297243741;0.09955034219010737;0.8780850297243741;0.09955034219010737;
158;12;Rickettsia gravesii BWI-1;strain;1397702;2;52;41;41;10;4.1;13;10;643;321.5;1.3375046078664845E-4;40.99732510359473;1.000065245632453;306541;354585;0.8780850297243741;0.09955034219010737;0.8780850297243741;0.09955034219010737;4.840798832148815;6.524412721299924E-6;1.3375046078664845E-4;0.0020975986898979257;3.262206360649962E-5;1.6963473075379802E-4;2;6.524412721299924E-6;41;1.3375046078664845E-4;643;0.0020975986898979257;10;3.262206360649962E-5;52;1.6963473075379802E-4;1462938x212560-NZ-CP113531_1697796_aligned_99114_R_1_178_7;0.8780850297243741;0.09955034219010737;0.8780850297243741;0.09955034219010737;
159;11;Rickettsia hoogstraalii;species;467174;6;293;76;76;22;3.4545454545454546;15;22;2955;492.5;1.3216356980758027E-4;75.99504407675414;1.0000652137689512;575045;114277;0.8906834664831237;0.033582413869189656;0.8906834664831237;0.033582413869189656;3.924614299851312;1.0433966037440548E-5;1.3216356980758027E-4;0.00513872827343947;3.8257875470615344E-5;5.095253414950134E-4;6;1.0433966037440548E-5;76;1.3216356980758027E-4;2955;0.00513872827343947;22;3.8257875470615344E-5;293;5.095253414950134E-4;1462938x148930-NZ-JFKF01000207_19713_aligned_158694_F_150_114_15;0.8906834664831237;0.033582413869189656;0.8906834664831237;0.033582413869189656;
160;11;Rickettsia asembonensis;species;1068590;13;608;145;144;30;4.833333333333333;21;30;7179;552.2307692307693;2.9547128696212426E-4;144.9785804243927;0.9932501723942383;487357;114277;0.8845601878135797;0.07946582564741156;0.8846811360477355;0.07947329505250351;5.092816667542176;2.6674491184080665E-5;2.9752317089936124E-4;0.014730474785424236;6.155651811710923E-5;0.0012475454338400803;13;2.6674491184080665E-5;145;2.9752317089936124E-4;7179;0.014730474785424236;30;6.155651811710923E-5;608;0.0012475454338400803;1462938x212560-NZ-CP113531_1403969_aligned_67179_F_158_196_11;0.8845601878135797;0.07946582564741156;0.8846811360477355;0.07947329505250351;
161;11;Rickettsia fournieri;species;1436798;1;64;17;16;8;2.125;9;8;351;351.0;1.4694672262887686E-4;16.998751010140772;0.9412456238964287;108883;114277;0.8006230529595015;;0.8006230529595015;;2.799872446074234;9.184170164304804E-6;1.5613089279318168E-4;0.0032236437276709864;7.347336131443843E-5;5.877868905155074E-4;1;9.184170164304804E-6;17;1.5613089279318168E-4;351;0.0032236437276709864;8;7.347336131443843E-5;64;5.877868905155074E-4;1462938x212560-NZ-CP113531_69247_aligned_12334_F_24_251_72;0.8006230529595015;;0.8006230529595015;;
162;11;Rickettsia argasii;species;1441385;0;0;0;0;0;;0;0;0;;;0.0;;0;114277;;;;;;;;;;;3;2.0509454858689857E-5;79;5.400823112788329E-4;1570;0.010733281376047692;15;1.0254727429344927E-4;245;0.0016749388134596715;;0.8256511056511057;0.1413834551600789;0.8256511056511057;0.1413834551600789;
163;12;Rickettsia argasii T170-B;strain;1268837;3;245;79;77;15;5.266666666666667;27;15;1570;523.3333333333334;5.264093413730397E-4;78.97894048561606;0.9749434409546621;146274;1441385;0.8256511056511057;0.1413834551600789;0.8256511056511057;0.1413834551600789;6.9843362162021085;2.0509454858689857E-5;5.400823112788329E-4;0.010733281376047692;1.0254727429344927E-4;0.0016749388134596715;3;2.0509454858689857E-5;79;5.400823112788329E-4;1570;0.010733281376047692;15;1.0254727429344927E-4;245;0.0016749388134596715;444612x54001-NZ-CM000770_1534664_aligned_134979_R_0_214_1;0.8256511056511057;0.1413834551600789;0.8256511056511057;0.1413834551600789;
164;11;Rickettsia koreansis;species;2358204;1;71;15;13;6;2.5;7;6;346;346.0;8.254282702833123E-5;14.99933332632404;0.8667051873022128;157494;114277;0.7753164556962026;;0.7753164556962026;;2.345207879911715;6.349448232948557E-6;9.524172349422835E-5;0.0021969090886002005;3.809668939769134E-5;4.5081082453934755E-4;1;6.349448232948557E-6;15;9.524172349422835E-5;346;0.0021969090886002005;6;3.809668939769134E-5;71;4.5081082453934755E-4;444612x54001-NZ-CM000770_1660246_aligned_21227_F_6_194_144;0.7753164556962026;;0.7753164556962026;;
165;11;unclassified spotted fever group;no rank;2750824;0;0;0;0;0;;0;0;0;;;0.0;;0;114277;;;;;;;;;;;7047;0.13324888206120825;172813;3.269061904276165;2749635;51.94397632484104;8158;0.15419086728191342;348816;6.594456259659474;;0.810037061361732;0.17720423073646746;0.8101349294905911;0.17721093717375416;
166;12;Rickettsia endosymbiont of Ixodes scapularis;species;444612;7038;348289;172691;15538;12328;14.008030499675534;195;8143;2742781;389.7102870133561;0.2940853600832781;50823.97074859263;0.3057218822366465;52835;2750824;0.8099910177831992;0.1772457518298967;0.8100884603428862;0.17725217155653888;13.65063217064591;0.13320715434844327;3.268496261947573;51.912198353364246;0.1541213210939718;6.592012870256458;7038;0.13320715434844327;172691;3.268496261947573;2742781;51.912198353364246;8143;0.1541213210939718;348289;6.592012870256458;444612x38930-NZ-GG688311_5854_aligned_9327_F_11_401_187;0.8099910177831992;0.1772457518298967;0.8100884603428862;0.17725217155653888;
167;12;Rickettsia sp. Tenjiku01;species;1736693;9;527;122;122;15;8.133333333333333;29;15;6854;761.5555555555555;5.656423285918288E-4;121.96578498524234;1.0002805296154311;215684;2750824;0.8460431397744688;0.1446394674093181;0.8464738029958297;0.14486215773614508;8.609518541928436;4.1727712764970975E-5;5.656423285918288E-4;0.031777971476790116;6.95461879416183E-5;0.0024433894030155227;9;4.1727712764970975E-5;122;5.656423285918288E-4;6854;0.031777971476790116;15;6.95461879416183E-5;527;0.0024433894030155227;1462938x212560-NZ-CP113531_981164_aligned_53486_R_4_295_111;0.8460431397744688;0.1446394674093181;0.8464738029958297;0.14486215773614508;
168;11;Rickettsia tillamookensis;species;2761623;9;1437;96;96;28;3.4285714285714284;12;27;8107;900.7777777777778;1.7615939489247853E-4;95.99163290840931;1.00008716480111;544961;114277;0.7951423897964663;0.12549095727700793;0.7951657030803756;0.12549384252256457;3.3821817572616406;1.6514943271169864E-5;1.7615939489247853E-4;0.014876293899930454;4.954482981350959E-5;0.002636885942296788;9;1.6514943271169864E-5;96;1.7615939489247853E-4;8107;0.014876293899930454;27;4.954482981350959E-5;1437;0.002636885942296788;444612x54001-NZ-CM000770_1819615_aligned_128342_R_21_248_0;0.7951423897964663;0.12549095727700793;0.7951657030803756;0.12549384252256457;
169;11;Candidatus Rickettsia kedanie;species;3115352;6;280;86;84;23;3.739130434782609;25;23;2987;497.8333333333333;1.6672952104960202E-4;85.99274568472657;0.9768265838140285;503810;114277;0.8426011552272632;0.11683900152288715;0.8426011552272632;0.11683900152288715;5.127620317318461;1.1909251503543002E-5;1.7069927155078304E-4;0.005928822373513824;4.565213076358151E-5;5.557650701653401E-4;6;1.1909251503543002E-5;86;1.7069927155078304E-4;2987;0.005928822373513824;23;4.565213076358151E-5;280;5.557650701653401E-4;444612x54001-NZ-CM000770_830220_aligned_87438_F_194_220_62;0.8426011552272632;0.11683900152288715;0.8426011552272632;0.11683900152288715;
170;10;typhus group;species group;114292;2;40;31;31;8;3.875;11;8;388;194.0;2.1621470817989062E-4;30.996756998057766;1.0001046239108962;143376;780;0.8728905927011689;0.0703731633247629;0.8728905927011689;0.0703731633247629;3.563204817496262;1.3949336011605848E-5;2.1621470817989062E-4;0.0027061711862515344;5.579734404642339E-5;2.7898672023211695E-4;6;1.8591534735964207E-5;148;3.517065757790044E-4;1764;0.004307826657580776;39;9.158691935996465E-5;248;5.2134087367596E-4;652620x90159-NZ-AMRT02000009_17367_aligned_112032_F_3_168_2;0.8024359105318483;0.2031280426748598;0.8074925747348539;0.19404354347700498;
171;11;Rickettsia prowazekii;species;782;1;20;39;39;14;2.7857142857142856;10;14;186;186.0;4.438410229738942E-5;38.999156715667674;1.0000216231427381;878693;114292;0.8717948717948718;;0.8717948717948718;;2.3263894583856572;1.138053905061267E-6;4.438410229738942E-5;2.1167802634139567E-4;1.593275467085774E-5;2.276107810122534E-5;1;1.138053905061267E-6;39;4.438410229738942E-5;186;2.1167802634139567E-4;14;1.593275467085774E-5;20;2.276107810122534E-5;444612x54001-NZ-CM000770_1755740_aligned_91122_F_166_303_426;0.8717948717948718;;0.8717948717948718;;
172;11;Rickettsia typhi;species;785;3;188;78;78;17;4.588235294117647;16;17;1190;396.6666666666667;9.110776530172438E-5;77.9964924551262;1.0000449705462822;856129;114292;0.7323464686646268;0.2931523894818555;0.7424597970706381;0.28101221350861044;5.220857490985218;3.504144819297092E-6;9.110776530172438E-5;0.0013899774449878464;1.9856820642683522E-5;2.1959307534261775E-4;3;3.504144819297092E-6;78;9.110776530172438E-5;1190;0.0013899774449878464;17;1.9856820642683522E-5;188;2.1959307534261775E-4;1462938x212560-NZ-CP113531_307256_aligned_33219_R_53_225_92;0.7323464686646268;0.2931523894818555;0.7424597970706381;0.28101221350861044;
173;10;unclassified Rickettsia;no rank;114295;36;1625;1440;1440;160;9.0;62;110;17959;498.8611111111111;3.5167995561017447E-4;1439.7469956725217;1.0001757283246562;4094632;780;0.8789129387043598;0.10295431925946076;0.8808062586384231;0.1025048203354775;10.642858650361392;8.791998890254363E-6;3.5167995561017447E-4;0.004385986335279947;2.6864441053554995E-5;3.968610610184261E-4;121;8.255750545235513E-4;3680;0.016059247052145263;58463;0.41460405810394696;437;0.0030292217872514293;5879;0.04872588437562272;3066267x246428-NZ-OZ198175_498552_aligned_80622_F_39_444_251;0.8711666238155796;0.11855953123052226;0.8726517171181215;0.11842177110341642;
174;11;Rickettsia sp.;species;789;7;176;191;191;38;5.026315789473684;31;37;2620;374.2857142857143;3.70093356533601E-4;190.96484542372582;1.0001840892557798;516086;114295;0.9185592214925011;0.03682130103153774;0.922896344199743;0.03738836353525989;5.984154039900499;1.3563630867723596E-5;3.70093356533601E-4;0.005076673267633689;7.169347744368187E-5;3.4102843324562183E-4;7;1.3563630867723596E-5;191;3.70093356533601E-4;2620;0.005076673267633689;37;7.169347744368187E-5;176;3.4102843324562183E-4;42862x66326-NZ-JSEL01000012_134773_aligned_32853_F_66_1545_27;0.9185592214925011;0.03682130103153774;0.922896344199743;0.03738836353525989;
175;11;Rickettsia endosymbiont of Oedothorax gibbosus;species;931099;0;0;2;2;1;2.0;2;1;0;;4.6074456321415405E-6;1.9999976962951038;1.0000011518537748;434080;114295;;;;;;0.0;4.6074456321415405E-6;0.0;2.3037228160707703E-6;0.0;0;0.0;2;4.6074456321415405E-6;0;0.0;1;2.3037228160707703E-6;0;0.0;1462938x212560-NZ-CP113531_899240_aligned_127935_F_177_245_59;;;;;
176;11;Rickettsia endosymbiont of Ixodes pacificus;species;1133329;33;2218;964;964;84;11.476190476190476;156;62;18443;558.8787878787879;0.005200830838121443;961.5001266467789;1.0025999719437786;185355;114295;0.8570122310610594;0.15291255691353156;0.8573672772418117;0.15284747420275144;18.57026784845285;1.7803674030913652E-4;0.005200830838121443;0.09950095762186076;3.3449326967171107E-4;0.01196622696986863;33;1.7803674030913652E-4;964;0.005200830838121443;18443;0.09950095762186076;62;3.3449326967171107E-4;2218;0.01196622696986863;1133329x66257-NZ-KR611317_86768_aligned_26867_R_1_209_0;0.8570122310610594;0.15291255691353156;0.8573672772418117;0.15284747420275144;
177;11;Rickettsia sp. MEAM1 (Bemisia tabaci);species;1182263;2;70;39;35;12;3.25;9;12;1062;531.0;0.004788616773840471;38.898789005064764;0.8997709413381191;7309;114295;0.9168868140749586;0.10723587079551311;0.9235093306312501;0.09787021806456518;2.598076211353316;2.7363524421945547E-4;0.0053358872622793815;0.14530031468053084;0.0016418114653167328;0.009577233547680941;2;2.7363524421945547E-4;39;0.0053358872622793815;1062;0.14530031468053084;12;0.0016418114653167328;70;0.009577233547680941;444612x44192-NZ-GG688316_10374_aligned_26230_F_0_475_1;0.9168868140749586;0.10723587079551311;0.9235093306312501;0.09787021806456518;
178;11;Rickettsia endosymbiont of Proechinophthirus fluctus;species;1462733;2;69;45;45;17;2.6470588235294117;9;17;957;478.5;1.9623319480723358E-4;44.99568313983391;1.0000959394294042;229319;114295;0.9035435435435435;0.05469991196206049;0.9035435435435435;0.05469991196206049;1.9981609191512901;8.721475324765938E-6;1.9623319480723358E-4;0.004173225942900501;7.413254026051047E-5;3.0089089870442484E-4;2;8.721475324765938E-6;45;1.9623319480723358E-4;957;0.004173225942900501;17;7.413254026051047E-5;69;3.0089089870442484E-4;444612x54001-NZ-CM000770_1628528_aligned_155790_R_27_220_1;0.9035435435435435;0.05469991196206049;0.9035435435435435;0.05469991196206049;
179;11;Rickettsia sp. TH2014;species;1967503;2;65;62;62;23;2.6956521739130435;15;22;688;344.0;1.0953037966409506E-4;61.996659441580604;1.0000538828777144;566053;114295;0.8781142611683849;0.03386701293054004;0.8923969072164948;0.024602942128919714;3.4828773711700927;3.5332380536804857E-6;1.0953037966409506E-4;0.001215433890466087;3.886561859048534E-5;1.1483023674461578E-4;2;3.5332380536804857E-6;62;1.0953037966409506E-4;688;0.001215433890466087;22;3.886561859048534E-5;65;1.1483023674461578E-4;444612x54001-NZ-CM000770_1483230_aligned_108754_R_2_262_1;0.8781142611683849;0.03386701293054004;0.8923969072164948;0.024602942128919714;
180;11;Rickettsia endosymbiont of Halotydeus destructor;species;2996754;0;0;6;6;3;2.0;4;3;0;;4.674244135771211E-6;5.9999883143093395;1.0000019476189033;1283630;114295;;;;;1.7320508075688772;0.0;4.674244135771211E-6;0.0;2.3371220678856057E-6;0.0;0;0.0;6;4.674244135771211E-6;0;0.0;3;2.3371220678856057E-6;0;0.0;444612x54001-NZ-CM000770_397457_aligned_8275_R_0_425_0;;;;;
181;11;Rickettsia endosymbiont of Aspidapion aeneum;species;3066247;0;0;1;1;1;1.0;1;1;0;;8.643789437289307E-5;1.0000000000001243;0.9999999999998757;11569;114295;;;;;;0.0;8.643789437289307E-5;0.0;8.643789437289307E-5;0.0;0;0.0;1;8.643789437289307E-5;0;0.0;1;8.643789437289307E-5;0;0.0;444612x54001-NZ-CM000770_1383679_aligned_108462_R_25_210_6;;;;;
182;11;Rickettsia endosymbiont of Cantharis rufa;species;3066248;9;396;204;199;58;3.5172413793103448;18;56;3234;359.3333333333333;2.0742865600823879E-4;203.9784185015535;0.9755934057233825;959366;114295;0.8466277540983048;0.11478847641892591;0.8479048933064786;0.11396369777113138;3.7614917687905107;9.381195497860044E-6;2.126404312848277E-4;0.0033709762488977097;5.837188309779584E-5;4.12772601905842E-4;9;9.381195497860044E-6;204;2.126404312848277E-4;3234;0.0033709762488977097;56;5.837188309779584E-5;396;4.12772601905842E-4;1462938x212560-NZ-CP113531_763658_aligned_4710_F_10_390_52;0.8466277540983048;0.11478847641892591;0.8479048933064786;0.11396369777113138;
183;11;Rickettsia endosymbiont of Orchestes rusci;species;3066250;1;8;17;17;3;5.666666666666667;8;3;826;826.0;4.107877701231638E-5;16.999671373386956;1.0000193313509318;413839;114295;0.9899497487437185;;0.9899497487437185;;2.5166114784235836;2.4163986477833167E-6;4.107877701231638E-5;0.0019959452830690195;7.24919594334995E-6;1.9331189182266534E-5;1;2.4163986477833167E-6;17;4.107877701231638E-5;826;0.0019959452830690195;3;7.24919594334995E-6;8;1.9331189182266534E-5;444612x54001-NZ-CM000770_724347_aligned_74687_F_213_292_313;0.9899497487437185;;0.9899497487437185;;
184;11;Rickettsia endosymbiont of Polydrusus tereticollis;species;3066251;1;48;56;51;20;2.8;10;20;419;419.0;4.144393935207683E-5;55.99874857601808;0.910734637770837;1230578;114295;0.8766066838046273;;0.8766066838046273;;2.930780388260186;8.12626261805428E-7;4.550707066110397E-5;3.4049040369647435E-4;1.625252523610856E-5;3.9006060566660545E-5;1;8.12626261805428E-7;56;4.550707066110397E-5;419;3.4049040369647435E-4;20;1.625252523610856E-5;48;3.9006060566660545E-5;444612x27776-NZ-GG688305_187_aligned_119064_F_1_1448_0;0.8766066838046273;;0.8766066838046273;;
185;11;Rickettsia endosymbiont of Rhinocyllus conicus;species;3066252;0;0;50;49;16;3.125;15;16;0;;4.6146746654360867E-4;49.988465051247786;0.9802261371651556;106183;114295;;;;;3.5;0.0;4.708851699424578E-4;0.0;1.506832543815865E-4;0.0;0;0.0;50;4.708851699424578E-4;0;0.0;16;1.506832543815865E-4;0;0.0;444612x47268-NZ-CM000772_3711_aligned_26533_R_3_454_8;;;;;
186;11;Rickettsia endosymbiont of Urophora cardui;species;3066265;5;180;111;104;30;3.7;16;30;2384;476.8;2.070644826673091E-4;110.98784579660982;0.9370395402626757;502259;114295;0.8704868398529401;0.11859840026797744;0.8704868398529401;0.11859840026797744;4.094992737141469;9.955023205159091E-6;2.2100151515453182E-4;0.004746555064219855;5.973013923095455E-5;3.583808353857273E-4;5;9.955023205159091E-6;111;2.2100151515453182E-4;2384;0.004746555064219855;30;5.973013923095455E-5;180;3.583808353857273E-4;1462938x212560-NZ-CP113531_1411073_aligned_136855_F_15_270_70;0.8704868398529401;0.11859840026797744;0.8704868398529401;0.11859840026797744;
187;11;Rickettsia endosymbiont of Gonocerus acuteangulatus;species;3066266;13;305;221;221;21;10.523809523809524;52;18;4148;319.0769230769231;3.205653554431562E-4;220.96474154192634;1.0001595659915135;689407;114295;0.8706604065978543;0.11845321184937554;0.8711909105766341;0.11735109950748956;11.817863798584952;1.8856785614303307E-5;3.205653554431562E-4;0.006016765132933086;2.6109395465958426E-5;4.424092009509622E-4;13;1.8856785614303307E-5;221;3.205653554431562E-4;4148;0.006016765132933086;18;2.6109395465958426E-5;305;4.424092009509622E-4;3066266x73572-NZ-OZ032147_1808517_aligned_171503_R_4_222_0;0.8706604065978543;0.11845321184937554;0.8711909105766341;0.11735109950748956;
188;11;Rickettsia endosymbiont of Pantilius tunicatus;species;3066267;8;607;231;231;19;12.157894736842104;99;16;4488;561.0;7.200658345905912E-4;230.9172121263562;1.0003585175521628;320804;114295;0.8440625097011835;0.1438764247872983;0.8440625097011835;0.1438764247872983;22.159179582423214;2.4937344920886275E-5;7.200658345905912E-4;0.013989850500617199;4.987468984177255E-5;0.001892121045872246;8;2.4937344920886275E-5;231;7.200658345905912E-4;4488;0.013989850500617199;16;4.987468984177255E-5;607;0.001892121045872246;3066267x246428-NZ-OZ198175_221104_aligned_23648_F_2_424_1;0.8440625097011835;0.1438764247872983;0.8440625097011835;0.1438764247872983;
189;11;Rickettsia endosymbiont of Nabis limbatus;species;3066268;1;27;31;31;11;2.8181818181818183;11;11;786;786.0;1.7880729764493486E-4;30.997318040263593;1.00008652231567;173371;114295;0.955026455026455;;0.9642857142857143;;2.9603439603593977;5.767977343384995E-6;1.7880729764493486E-4;0.004533630191900606;6.344775077723494E-5;1.5573538827139488E-4;1;5.767977343384995E-6;31;1.7880729764493486E-4;786;0.004533630191900606;11;6.344775077723494E-5;27;1.5573538827139488E-4;3066267x246428-NZ-OZ198175_1403910_aligned_33524_R_407_381_5;0.955026455026455;;0.9642857142857143;;
190;11;Rickettsia endosymbiont of Seladonia tumulorum;species;3066270;0;0;1;1;1;1.0;1;1;0;;5.139802631578947E-5;1.0000000000005684;0.9999999999994316;19456;114295;;;;;;0.0;5.139802631578947E-5;0.0;5.139802631578947E-5;0.0;0;0.0;1;5.139802631578947E-5;0;0.0;1;5.139802631578947E-5;0;0.0;1462938x212560-NZ-CP113531_908141_aligned_24499_R_1_290_0;;;;;
191;11;Rickettsia sp. R1;species;3405422;1;85;8;8;1;8.0;8;1;449;449.0;0.0021373230029388193;7.992523365284634;1.0009354535950237;3743;114295;0.7971360381861575;;0.7971360381861575;;;2.671653753673524E-4;0.0021373230029388193;0.11995725353994123;2.671653753673524E-4;0.022709056906224954;1;2.671653753673524E-4;8;0.0021373230029388193;449;0.11995725353994123;1;2.671653753673524E-4;85;0.022709056906224954;444612x54001-NZ-CM000770_1253760_aligned_135058_R_164_281_4;0.7971360381861575;;0.7971360381861575;;
192;10;belli group;species group;1129742;1;90;14;14;1;14.0;14;1;283;283.0;1.9767868741351558E-4;13.998715161057046;1.0000917826334896;70822;780;0.6363636363636364;;0.6442687747035574;;;1.4119906243822542E-5;1.9767868741351558E-4;0.003995933467001779;1.4119906243822542E-5;0.0012707915619440287;13;3.931462706941489E-5;244;6.55866931476269E-4;4755;0.013959444522341243;75;1.552432490418444E-4;575;0.0024233316101856584;1462938x212560-NZ-CP113531_1153680_aligned_151932_R_21_228_8;0.8481293164603374;0.1293380100183072;0.852302664486759;0.13009462270766003;
193;11;Rickettsia canadensis;species;788;5;290;88;88;31;2.838709677419355;26;30;2075;415.0;1.4301780571681174E-4;87.99377901617338;1.000070697995883;615308;1129742;0.7953659578084646;0.13012693659477748;0.7973315597740666;0.12998239389588545;4.472857209089423;8.126011688455213E-6;1.4301780571681174E-4;0.003372294850708913;4.875607013073128E-5;4.7130867793040233E-4;8;2.0605275402703636E-5;136;3.419478759766451E-4;3347;0.008672729530152013;43;1.0250481326218938E-4;441;0.0011020561485898537;444612x54001-NZ-CM000770_1613482_aligned_5610_F_201_302_208;0.8246578761984154;0.1257541091364891;0.8258863774269165;0.1253451040949934;
194;12;Rickettsia canadensis str. McKiel;strain;293613;1;29;22;22;7;3.142857142857143;10;7;349;349.0;8.971023593792052E-5;21.999058068013053;1.0000428169235263;245234;788;0.9090909090909091;;0.9090909090909091;;3.132015933791495;4.077737997178205E-6;8.971023593792052E-5;0.0014231305610151936;2.8544165980247436E-5;1.1825440191816796E-4;1;4.077737997178205E-6;22;8.971023593792052E-5;349;0.0014231305610151936;7;2.8544165980247436E-5;29;1.1825440191816796E-4;1462938x212560-NZ-CP113531_174899_aligned_89277_R_3_204_150;0.9090909090909091;;0.9090909090909091;;
195;12;Rickettsia canadensis str. CA410;strain;1105107;2;122;26;26;6;4.333333333333333;10;6;923;461.5;1.0921983432191285E-4;25.998634798115464;1.000052510522;238052;788;0.8556711557270451;0.17211602705830412;0.8556711557270451;0.17211602705830412;4.0824829046386295;8.40152571707022E-6;1.0921983432191285E-4;0.0038773041184279066;2.520457715121066E-5;5.124930687412834E-4;2;8.40152571707022E-6;26;1.0921983432191285E-4;923;0.0038773041184279066;6;2.520457715121066E-5;122;5.124930687412834E-4;444612x54001-NZ-CM000770_795674_aligned_58921_F_6_364_76;0.8556711557270451;0.17211602705830412;0.8556711557270451;0.17211602705830412;
196;11;Rickettsia bellii;species;33990;0;0;22;22;8;2.75;9;8;0;;3.363035047411151E-5;21.999646885253078;1.0000160509279428;654171;1129742;;;;;2.712405363721075;0.0;3.363035047411151E-5;0.0;1.2229218354222367E-5;0.0;0;0.0;22;3.363035047411151E-5;0;0.0;8;1.2229218354222367E-5;0;0.0;1851512x141586-NZ-LYMV01000030_5308_aligned_53387_R_9_1772_15;;;;;
197;11;Rickettsia oklahomensis;species;3141789;4;44;72;72;23;3.130434782608696;17;23;1125;281.25;8.26100176119968E-5;71.9970674216744;1.0000407319135434;871565;1129742;0.948013617008357;0.01714363787265004;0.9571437110522442;0.009803455019405332;3.4417800339899034;4.5894454228887115E-6;8.26100176119968E-5;0.0012907815251874501;2.6389311181610093E-5;5.048389965177583E-5;4;4.5894454228887115E-6;72;8.26100176119968E-5;1125;0.0012907815251874501;23;2.6389311181610093E-5;44;5.048389965177583E-5;1462938x212560-NZ-CP113531_1464636_aligned_141899_R_317_193_100;0.948013617008357;0.01714363787265004;0.9571437110522442;0.009803455019405332;
198;10;Rickettsia incertae sedis;no rank;2749451;0;0;0;0;0;;0;0;0;;;0.0;;0;780;;;;;;;;;;;3;1.5875619810656775E-5;75;3.9689049526641935E-4;1884;0.009969889241092454;21;1.1112933867459743E-4;67;3.54555509104668E-4;;0.9619311165548762;0.052691952148039796;0.9619311165548762;0.052691952148039796;
199;11;Candidatus Rickettsia colombianensi;species;1090944;3;67;75;75;21;3.5714285714285716;24;21;1884;628.0;3.9689049526641935E-4;74.9853169429308;1.0001958124292571;188969;2749451;0.9619311165548762;0.052691952148039796;0.9619311165548762;0.052691952148039796;5.296899362565128;1.5875619810656775E-5;3.9689049526641935E-4;0.009969889241092454;1.1112933867459743E-4;3.54555509104668E-4;3;1.5875619810656775E-5;75;3.9689049526641935E-4;1884;0.009969889241092454;21;1.1112933867459743E-4;67;3.54555509104668E-4;444612x54001-NZ-CM000770_376231_aligned_32117_F_16_364_4;0.9619311165548762;0.052691952148039796;0.9619311165548762;0.052691952148039796;
200;7;Anaplasmataceae;family;942;0;0;8;8;1;8.0;8;1;0;;6.430868167202572E-5;7.999774923259073;1.0000281353841933;124400;766;;;;;;0.0;6.430868167202572E-5;0.0;8.038585209003215E-6;0.0;72119;0.03201000654964848;2399308;0.7442537697444858;29816300;13.574328203971964;79348;0.03863200197630978;3251047;1.7436550976555159;1359167x228878-NZ-LANU01000001_36776_aligned_102801_R_6_287_9;0.8396481325904778;0.15535699029311695;0.8396484037732241;0.15535709987365814;
201;8;Anaplasma;genus;768;0;0;0;0;0;;0;0;0;;0.0;0.0;;660137;942;;;;;;0.0;0.0;0.0;0.0;0.0;71820;0.03174217355475162;2389785;0.735405342243313;29672016;13.446191648012228;78995;0.038263290131897755;3234276;1.729020258084843;;0.839605148110281;0.15546480059137502;0.8396052837556364;0.1554648918214273;
202;9;phagocytophilum group;species group;106179;0;0;0;0;0;;0;0;0;;;0.0;;0;768;;;;;;;;;;;71819;0.0317412142816504;2389592;0.7352202025347785;29670452;13.444691344881928;78994;0.03826233085879654;3234083;1.7288351183763087;;0.8396046666222515;0.1554658293904789;0.8396048022694956;0.15546592062161743;
203;10;Anaplasma phagocytophilum;species;948;71262;3199442;2380788;59106;153874;15.472321509806726;415;78291;29427989;412.9548567258848;0.011081012727997752;1920426.5800796864;0.030777536935334155;5333989;106179;0.8398566553754919;0.15535003213261708;0.8398567920829858;0.15535012392363104;17.509125810191055;0.01335998255714438;0.44634287772247;5.517069682745878;0.014677758053119345;0.5998216344278176;71819;0.0317412142816504;2389592;0.7352202025347785;29670452;13.444691344881928;78994;0.03826233085879654;3234083;1.7288351183763087;948x210035-NZ-FLME02000153_569_aligned_57969_F_1_684_0;0.8396046666222515;0.1554658293904789;0.8396048022694956;0.15546592062161743;
204;11;Anaplasma phagocytophilum str. Annie;strain;1359151;1;6;9;9;3;3.0;6;3;149;149.0;0.0025210084033613447;8.98992255448967;1.0011209713375446;3570;948;0.9495798319327731;;0.9495798319327731;;2.6457513110645907;2.8011204481792715E-4;0.0025210084033613447;0.041736694677871146;8.403361344537816E-4;0.0016806722689075631;1;2.8011204481792715E-4;9;0.0025210084033613447;149;0.041736694677871146;3;8.403361344537816E-4;6;0.0016806722689075631;1359151x41837-NZ-LAON01000014_5423_aligned_68918_R_26_113_11;0.9495798319327731;;0.9495798319327731;;
205;11;Anaplasma phagocytophilum str. CRT53-1;strain;1359157;555;34564;8780;324;754;11.644562334217506;45;697;241775;435.6306306306306;0.01056441357722782;7635.143862030307;0.042435349726841064;30669;948;0.8070134885364829;0.1668388971086201;0.8070134885364829;0.1668388971086201;9.48450492151989;0.01809644918321432;0.2862825654569761;7.883367569858815;0.022726531676937625;1.1270012064299455;555;0.01809644918321432;8780;0.2862825654569761;241775;7.883367569858815;697;0.022726531676937625;34564;1.1270012064299455;1359157x118545-NZ-LAOD01000041_7741_aligned_101411_F_0_171_2;0.8070134885364829;0.1668388971086201;0.8070134885364829;0.1668388971086201;
206;11;Anaplasma phagocytophilum str. MRK;strain;1392505;0;0;1;1;1;1.0;1;1;0;;8.364001338240215E-6;0.9999999999940279;1.0000000000059721;119560;948;;;;;;0.0;8.364001338240215E-6;0.0;8.364001338240215E-6;0.0;0;0.0;1;8.364001338240215E-6;0;0.0;1;8.364001338240215E-6;0;0.0;1184254x45184-NC-021881_1186674_aligned_114836_R_43_170_291;;;;;
207;11;Anaplasma phagocytophilum str. Norway variant1;strain;1392506;1;71;14;14;2;7.0;13;2;539;539.0;6.538695063285228E-5;13.999574992803074;1.0000303585785386;214110;948;0.8605108055009824;;0.8605108055009824;;8.48528137423857;4.670496473775162E-6;6.538695063285228E-5;0.0025173975993648123;9.340992947550324E-6;3.3160524963803654E-4;1;4.670496473775162E-6;14;6.538695063285228E-5;539;0.0025173975993648123;2;9.340992947550324E-6;71;3.3160524963803654E-4;948x12492-NZ-LASP01000002_869529_aligned_64463_R_17_301_224;0.8605108055009824;;0.8605108055009824;;
208;9;Anaplasma bovis;species;186733;1;193;193;193;10;19.3;98;1;1564;1564.0;1.8513970853446094E-4;192.98222766549765;1.000092093115088;1042456;768;0.8741851368970013;;0.8741851368970013;;29.649995315720073;9.592731012148234E-7;1.8513970853446094E-4;0.0015003031302999838;9.592731012148234E-7;1.8513970853446094E-4;1;9.592731012148234E-7;193;1.8513970853446094E-4;1564;0.0015003031302999838;1;9.592731012148234E-7;193;1.8513970853446094E-4;186733x78890-NZ-JAWLNY010000059_4760_aligned_22321_R_14_1305_244;0.8741851368970013;;0.8741851368970013;;
209;8;Ehrlichia;genus;943;19;868;934;934;51;18.313725490196077;148;25;9684;509.6842105263158;8.932226017833849E-4;933.5834354382336;1.000446199606756;1045652;942;0.8660549605303219;0.151162129612894;0.8660549605303219;0.151162129612894;26.45032339770418;1.8170481192595624E-5;8.932226017833849E-4;0.00926120736153137;2.3908527884994244E-5;8.301040881670001E-4;299;2.678329948968558E-4;9515;0.008784118819500614;144284;0.12813655595973517;352;3.606732592030254E-4;16771;0.014634839570672818;1359167x228878-NZ-LANU01000001_252285_aligned_103056_R_2_397_2;0.8499730334858954;0.12662309658613402;0.8500058608405787;0.12662595998785736;
210;9;canis group;species group;106178;3;46;173;173;22;7.863636363636363;26;18;1045;348.3333333333333;6.843760507941532E-4;172.94115693117527;1.0003402490758642;252785;943;0.953167797399895;0.006260116840615529;0.953167797399895;0.006260116840615529;6.998608395996984;1.1867792788337916E-5;6.843760507941532E-4;0.0041339478212710406;7.12067567300275E-5;1.8197282275451472E-4;280;2.4966251370426017E-4;8581;0.007890896217717228;134600;0.11887534859820378;327;3.367647313180312E-4;15903;0.013804735482505817;1242993x111312-NZ-QOHL01000002_69144_aligned_195029_F_101_189_103;0.8488817598650236;0.1250291516512225;0.8489168147902034;0.12503255577860978;
211;10;Ehrlichia canis;species;944;1;6;8;8;2;4.0;6;2;173;173.0;7.036072183064526E-6;7.999975373296546;1.0000030783474079;1136998;106178;0.958041958041958;;0.958041958041958;;2.8284271247461903;8.795090228830657E-7;7.036072183064526E-6;1.5215506095877038E-4;1.7590180457661315E-6;5.277054137298394E-6;1;8.795090228830657E-7;8;7.036072183064526E-6;173;1.5215506095877038E-4;2;1.7590180457661315E-6;6;5.277054137298394E-6;1242993x111312-NZ-QOHL01000002_86082_aligned_25398_F_0_170_0;0.958041958041958;;0.958041958041958;;
212;10;Ehrlichia chaffeensis;species;945;1;35;24;24;1;24.0;24;1;82;82.0;2.0173475074410703E-5;23.99976800653695;1.0000096664877338;1189681;106178;0.3269230769230769;;0.3269230769230769;;;8.405614614337793E-7;2.0173475074410703E-5;6.89260398375699E-5;8.405614614337793E-7;2.9419651150182277E-5;1;8.405614614337793E-7;24;2.0173475074410703E-5;82;6.89260398375699E-5;1;8.405614614337793E-7;35;2.9419651150182277E-5;1242993x95039-NZ-QOHL01000013_31821_aligned_162813_F_1_81_0;0.3269230769230769;;0.3269230769230769;;
213;10;Ehrlichia muris;species;35795;1;73;14;14;1;14.0;14;1;612;612.0;2.171774991700717E-5;13.99985883513917;1.000010083306017;644634;106178;0.872852233676976;;0.8745704467353952;;;1.5512678512147978E-6;2.171774991700717E-5;9.493759249434563E-4;1.5512678512147978E-6;1.1324255313868024E-4;1;1.5512678512147978E-6;14;2.171774991700717E-5;612;9.493759249434563E-4;1;1.5512678512147978E-6;73;1.1324255313868024E-4;1359167x228878-NZ-LANU01000001_54214_aligned_56363_F_313_299_2;0.872852233676976;;0.8745704467353952;;
214;10;Ehrlichia japonica;species;391036;0;0;1;1;1;1.0;1;1;0;;1.20600203090742E-6;0.9999999999994995;1.0000000000005005;829186;106178;;;;;;0.0;1.20600203090742E-6;0.0;1.20600203090742E-6;0.0;0;0.0;1;1.20600203090742E-6;0;0.0;1;1.20600203090742E-6;0;0.0;1359167x228878-NZ-LANU01000001_54214_aligned_56363_F_313_299_2;;;;;
215;10;Ehrlichia minasensis;species;1242993;274;15743;8361;2678;498;16.789156626506024;143;304;132688;484.26277372262774;0.002292166491059438;8331.157516595405;0.3214439283695582;1168327;106178;0.8491590222677551;0.12170568882470069;0.8491885739684556;0.1217079127815346;19.26553105973589;2.345233825803906E-4;0.007156386867717685;0.11357094375119295;2.6020112519868155E-4;0.013474823401325142;274;2.345233825803906E-4;8361;0.007156386867717685;132688;0.11357094375119295;304;2.6020112519868155E-4;15743;0.013474823401325142;1242993x135453-NZ-QOHL01000049_2159_aligned_66599_R_33_294_366;0.8491590222677551;0.12170568882470069;0.8491885739684556;0.1217079127815346;
216;4;Spirochaetota;phylum;203691;0;0;0;0;0;;0;0;0;;;0.0;;0;3379134;;;;;;;;;;;5077;0.005001879248790481;284511;0.27730744649371625;2609981;2.7520142259720357;10326;0.020075271700450557;287091;0.32321368999439265;;0.8467384462460308;0.14723287450171926;0.8474435830548923;0.1471337626234392;
217;5;Spirochaetia;class;203692;1;48;89;76;7;12.714285714285714;22;5;616;616.0;0.06534823731728288;85.71527803894269;0.8866564017382201;1163;203691;0.9180887372013652;;0.9180887372013652;;7.499206307209798;8.598452278589854E-4;0.0765262252794497;0.529664660361135;0.004299226139294927;0.0412725709372313;5077;0.005001879248790481;284511;0.27730744649371625;2609981;2.7520142259720357;10326;0.020075271700450557;287091;0.32321368999439265;139x182215-NZ-CM135764_302970_aligned_85378_R_55_500_74;0.8467384462460308;0.14723287450171926;0.8474435830548923;0.1471337626234392;
218;6;Spirochaetales;order;136;0;0;69;67;13;5.3076923076923075;18;9;0;;0.04536222071767095;67.43539636922533;0.9935435039657596;1477;203692;;;;;5.218310955737424;0.0;0.046716316858496955;0.0;0.006093432633716994;0.0;5076;0.004142034020931496;284422;0.20078122121426623;2609365;2.2223495656109007;10321;0.01577604556115563;287043;0.28194111905716135;139x231692-NZ-PHQB01000001_438593_aligned_30928_R_2_772_98;0.8467243898451332;0.14724397251800772;0.8474296655698358;0.14714491563404952;
219;7;Borreliaceae;family;1643685;73;1378;20532;18696;2364;8.685279187817258;108;1538;28021;383.8493150684931;0.03908378052375109;20097.621395930153;0.9302593392363344;478357;136;0.9133711781314116;0.10847456042802449;0.9140083237191784;0.10857303254486765;8.88097453686199;1.526056898926952E-4;0.042921918148997505;0.05857758954086592;0.0032151719322597977;0.002880693707837452;5076;0.004142034020931496;284353;0.1540649043557693;2609365;2.2223495656109007;10312;0.00968261292743864;287043;0.28194111905716135;139x199749-NZ-CP124096_440172_aligned_19214_F_333_450_115;0.8467243898451332;0.14724397251800772;0.8474296655698358;0.14714491563404952;
220;8;Borrelia;genus;138;18;681;2611;2335;170;15.358823529411765;215;89;8772;487.3333333333333;4.389619217922129E-4;2610.359548823991;0.8945127888807329;5319368;1643685;0.8600402066421547;0.15330695033494074;0.8604057037181781;0.1535848081609253;21.538888974427106;3.38386063908344E-6;4.908477849248256E-4;0.0016490680847799965;1.6731310937690342E-5;1.2802272751199015E-4;64;2.7010846115704844E-4;3995;0.007994130582013056;45490;0.20433901534384458;158;3.5102972836056407E-4;3926;0.018242734390973157;1653839x5947-NZ-CP073224_4236_aligned_47910_F_3_700_274;0.8746968941706282;0.11330128616422479;0.8753729538138376;0.11328704923541164;
221;9;Borrelia hermsii;species;140;0;0;3;3;1;3.0;3;1;0;;3.5975234648467994E-6;2.999996402393389;1.0000011992036417;833907;138;;;;;;0.0;3.5975234648467994E-6;0.0;1.1991744882822664E-6;0.0;0;0.0;3;3.5975234648467994E-6;0;0.0;1;1.1991744882822664E-6;0;0.0;139x182215-NZ-CM135764_400357_aligned_68635_R_84_531_185;;;;;
222;9;Borrelia parkeri;species;141;0;0;2;2;1;2.0;2;1;0;;3.457432096033634E-6;1.9999982712155884;1.000000864392953;578464;138;;;;;;0.0;3.457432096033634E-6;0.0;1.728716048016817E-6;0.0;0;0.0;2;3.457432096033634E-6;0;0.0;1;1.728716048016817E-6;0;0.0;139x185365-NZ-CM135763_741217_aligned_55099_R_9_662_26;;;;;
223;9;Borrelia turicatae;species;142;0;0;1;1;1;1.0;1;1;0;;2.2068819406437032E-6;0.9999999999966134;1.0000000000033866;453128;138;;;;;;0.0;2.2068819406437032E-6;0.0;2.2068819406437032E-6;0.0;0;0.0;1;2.2068819406437032E-6;0;0.0;1;2.2068819406437032E-6;0;0.0;1653839x5947-NZ-CP073224_14996_aligned_34325_R_14_716_321;;;;;
224;9;Borrelia coriaceae;species;144;0;0;3;3;2;1.5;2;2;0;;2.0600433982475897E-6;2.9999979398095755;1.000000686730613;1456280;138;;;;;0.7071067811865476;0.0;2.0600433982475897E-6;0.0;1.3733622654983932E-6;0.0;0;0.0;3;2.0600433982475897E-6;0;0.0;2;1.3733622654983932E-6;0;0.0;139x199676-NZ-PHPZ01000001_218669_aligned_34368_R_14_483_183;;;;;
225;9;Borrelia crocidurae;species;29520;0;0;0;0;0;;0;0;0;;0.0;0.0;;236309;138;;;;;;0.0;0.0;0.0;0.0;0.0;1;4.155930512841825E-6;141;5.84362808563958E-4;2785;0.011574266478264483;2;6.688467278944328E-6;176;7.314437702601612E-4;;0.9361161524500907;;0.9361161524500907;;
226;10;Borrelia crocidurae str. Achema;strain;1155096;1;176;140;140;9;15.555555555555555;31;1;2785;2785.0;5.818302717978556E-4;139.95957052541038;1.0002888653804656;240620;29520;0.9361161524500907;;0.9361161524500907;;10.393641218445909;4.155930512841825E-6;5.818302717978556E-4;0.011574266478264483;4.155930512841825E-6;7.314437702601612E-4;1;4.155930512841825E-6;140;5.818302717978556E-4;2785;0.011574266478264483;1;4.155930512841825E-6;176;7.314437702601612E-4;1155096x48965-NC-017784_6960_aligned_52492_R_188_2392_177;0.9361161524500907;;0.9361161524500907;;
227;10;Borrelia crocidurae DOU;strain;1293575;0;0;1;1;1;1.0;1;1;0;;2.532536766102502E-6;0.9999999999893641;1.000000000010636;394861;29520;;;;;;0.0;2.532536766102502E-6;0.0;2.532536766102502E-6;0.0;0;0.0;1;2.532536766102502E-6;0;0.0;1;2.532536766102502E-6;0;0.0;139x182215-NZ-CM135764_735668_aligned_701_F_1_1502_0;;;;;
228;9;Borrelia duttonii;species;40834;1;19;5;5;1;5.0;5;1;135;135.0;1.0627218431847649E-4;4.999787460157036;1.0000425097755972;47049;138;0.819047619047619;;0.819047619047619;;;2.1254436863695298E-5;1.0627218431847649E-4;0.002869348976598865;2.1254436863695298E-5;4.0383430041021065E-4;4;3.294323432021297E-5;68;3.517369309053476E-4;864;0.0057097267585326595;6;4.073576595789142E-5;141;8.79178730308596E-4;412419x159301-NC-011264_1059_aligned_171071_R_7_68_60;0.7983257606525198;0.05158961220609145;0.7983257606525198;0.05158961220609145;
229;10;Borrelia duttonii Ly;strain;412419;3;122;63;63;5;12.6;45;5;729;243.0;2.4546474658687114E-4;62.99239119616031;1.0001207892524033;256656;40834;0.79141847452082;0.060876666475188704;0.79141847452082;0.060876666475188704;18.297540818372287;1.1688797456517674E-5;2.4546474658687114E-4;0.0028403777819337945;1.9481329094196124E-5;4.753444298983854E-4;3;1.1688797456517674E-5;63;2.4546474658687114E-4;729;0.0028403777819337945;5;1.9481329094196124E-5;122;4.753444298983854E-4;412419x159301-NC-011264_25861_aligned_108146_F_160_169_236;0.79141847452082;0.060876666475188704;0.79141847452082;0.060876666475188704;
230;9;Borrelia persica;species;44448;0;0;0;0;0;;0;0;0;;;0.0;;0;138;;;;;;;;;;;0;0.0;1;6.94456018711423E-7;0;0.0;1;6.94456018711423E-7;0;0.0;;;;;;
231;10;Borrelia persica No12;strain;1417230;0;0;1;1;1;1.0;1;1;0;;6.94456018711423E-7;0.9999999999699565;1.0000000000300435;1439976;44448;;;;;;0.0;6.94456018711423E-7;0.0;6.94456018711423E-7;0.0;0;0.0;1;6.94456018711423E-7;0;0.0;1;6.94456018711423E-7;0;0.0;1653839x5947-NZ-CP073224_2220_aligned_193059_F_186_39_381;;;;;
232;9;Borrelia miyamotoi;species;47466;1;79;9;9;2;4.5;8;2;902;902.0;2.9383389569876148E-6;8.999988247124826;1.0000013058767248;3062955;138;0.9094036697247706;;0.9094036697247706;;4.949747468305833;3.264821063319572E-7;2.9383389569876148E-6;2.9448685991142543E-4;6.529642126639144E-7;2.579208640022462E-5;1;3.264821063319572E-7;9;2.9383389569876148E-6;902;2.9448685991142543E-4;2;6.529642126639144E-7;79;2.579208640022462E-5;139x231692-NZ-PHQB01000001_438593_aligned_30928_R_2_772_98;0.9094036697247706;;0.9094036697247706;;
233;9;Borrelia venezuelensis;species;1653839;39;2811;1105;956;92;12.01086956521739;61;42;31525;808.3333333333334;0.005585612956752398;1101.4438353044943;0.8679516552341624;171154;138;0.8852926697359146;0.09747617852693323;0.8861496157856777;0.09712830530049765;11.270397445352422;2.2786496371688655E-4;0.0064561739719784525;0.18419084567114996;2.4539303784895476E-4;0.0164238054617479;39;2.2786496371688655E-4;1105;0.0064561739719784525;31525;0.18419084567114996;42;2.4539303784895476E-4;2811;0.0164238054617479;1653839x5947-NZ-CP073224_3931_aligned_3389_F_31_437_10;0.8852926697359146;0.09747617852693323;0.8861496157856777;0.09712830530049765;
234;9;Candidatus Borrelia fainii;species;2518322;0;0;1;1;1;1.0;1;1;0;;1.729672884264128E-6;0.9999999999942517;1.0000000000057483;578144;138;;;;;;0.0;1.729672884264128E-6;0.0;1.729672884264128E-6;0.0;0;0.0;1;1.729672884264128E-6;0;0.0;1;1.729672884264128E-6;0;0.0;139x144021-NZ-PHQC01000001_49350_aligned_57805_R_35_517_22;;;;;
235;9;unclassified Borrelia;no rank;2649934;0;0;4;4;1;4.0;4;1;0;;4.757673830534037E-6;3.999992863405336;1.0000017841518491;840747;138;;;;;;0.0;4.757673830534037E-6;0.0;1.1894184576335092E-6;0.0;0;0.0;18;4.843706130660211E-5;0;0.0;7;2.7593948893927525E-5;0;0.0;139x185365-NZ-CM135763_303213_aligned_30043_R_16_1143_0;;;;;
236;10;Borrelia sp. HM;species;1882662;0;0;2;2;2;1.0;1;2;0;;2.493849543563187E-6;1.999998753018915;1.0000006234909313;801973;2649934;;;;;0.0;0.0;2.493849543563187E-6;0.0;2.493849543563187E-6;0.0;0;0.0;2;2.493849543563187E-6;0;0.0;2;2.493849543563187E-6;0;0.0;139x103558-NZ-PHOQ01000001_180052_aligned_1838_R_25_940_123;;;;;
237;10;Borrelia sp. A-FGy1;species;2608247;0;0;8;8;1;8.0;8;1;0;;7.149642920021413E-6;7.999974976729353;1.0000031279186148;1118937;2649934;;;;;;0.0;7.149642920021413E-6;0.0;8.937053650026766E-7;0.0;0;0.0;8;7.149642920021413E-6;0;0.0;1;8.937053650026766E-7;0;0.0;139x220549-NZ-PHOR01000001_386650_aligned_24404_R_2_551_2;;;;;
238;10;Borrelia sp. P9F1;species;3058374;0;0;1;1;1;1.0;1;1;0;;9.791365582175015E-7;0.9999999999471227;1.0000000000528773;1021308;2649934;;;;;;0.0;9.791365582175015E-7;0.0;9.791365582175015E-7;0.0;0;0.0;1;9.791365582175015E-7;0;0.0;1;9.791365582175015E-7;0;0.0;139x137415-NZ-PHON01000001_869225_aligned_161155_F_194_124_70;;;;;
239;10;Borrelia sp. MN22-0132;species;3085635;0;0;3;3;2;1.5;2;2;0;;3.3056758454265975E-5;2.9999669433599125;1.0000110190014462;90753;2649934;;;;;0.7071067811865476;0.0;3.3056758454265975E-5;0.0;2.203783896951065E-5;0.0;0;0.0;3;3.3056758454265975E-5;0;0.0;2;2.203783896951065E-5;0;0.0;1653839x5947-NZ-CP073224_4862_aligned_54611_R_0_571_3;;;;;
240;9;Borrelia puertoricensis;species;2756107;1;38;32;32;3;10.666666666666666;22;3;642;642.0;4.588767557413369E-5;31.9992887524133;1.000022226981112;697355;138;0.934640522875817;;0.9379084967320261;;10.598742063723098;1.433989861691678E-6;4.588767557413369E-5;9.206214912060572E-4;4.301969585075033E-6;5.4491614744283755E-5;1;1.433989861691678E-6;32;4.588767557413369E-5;642;9.206214912060572E-4;3;4.301969585075033E-6;38;5.4491614744283755E-5;1653839x5947-NZ-CP073224_16741_aligned_360_F_32_472_322;0.934640522875817;;0.9379084967320261;;
241;8;Borreliella;genus;64895;2069;74666;181687;160953;12155;14.947511312217195;209;4688;897533;433.80038666022233;0.025032006778345127;179144.0898126563;0.8984555402766565;6429888;1643685;0.8630413186228045;0.14910619094693153;0.8632884425045886;0.14903594856209493;16.24869081754849;3.217785441985926E-4;0.028256635263320295;0.1395876568923129;7.290951257626883E-4;0.011612332905332099;4939;0.0037193198698817517;259826;0.10314885562475877;2535854;1.9594329607261898;8616;0.0061164112668182806;281739;0.2608176909583507;139x137831-NZ-PHON01000003_10062_aligned_28356_F_39_411_76;0.8453768588020618;0.14788282578120165;0.8460835200965581;0.1477810829356712;
242;9;Borreliella burgdorferi;species;139;2588;189221;67835;61496;5500;12.333636363636364;129;3044;1478605;571.33114374034;0.03503426745133338;66540.97978341664;0.9241823640133121;1755310;64895;0.8313474832551008;0.14512539746983255;0.8322023132589879;0.1451276230930987;11.95159645426298;0.0014743834422409716;0.0386455953649213;0.8423611783673539;0.0017341666144441723;0.10779919216548643;2599;0.0030751210574260757;67978;0.06256164589955313;1484298;1.6281933470584269;3064;0.003940052117365121;190044;0.22935495740092904;139x91700-NZ-PHPM01000009_8427_aligned_117471_R_3_399_314;0.831362630021937;0.14495608900787163;0.8322138420458153;0.14495822944519712;
243;10;Borreliella burgdorferi ZS7;strain;445985;1;33;7;7;2;3.5;6;2;643;643.0;0.002139364303178484;6.993585175292134;1.0009172440954217;3272;139;0.9461663947797716;;0.9461663947797716;;3.5355339059327378;3.056234718826406E-4;0.002139364303178484;0.1965158924205379;6.112469437652812E-4;0.010085574572127139;1;3.056234718826406E-4;7;0.002139364303178484;643;0.1965158924205379;2;6.112469437652812E-4;33;0.010085574572127139;139x204785-NZ-CP031398_8691_aligned_111326_F_400_85_158;0.9461663947797716;;0.9461663947797716;;
244;10;Borreliella burgdorferi 118a;strain;476210;1;53;25;25;2;12.5;24;2;228;228.0;0.0030233401862377555;24.963753532751014;1.0014519638323394;8269;139;0.7323232323232324;;0.7323232323232324;;16.263455967290593;1.2093360744951022E-4;0.0030233401862377555;0.02757286249848833;2.4186721489902045E-4;0.006409481194824041;1;1.2093360744951022E-4;25;0.0030233401862377555;228;0.02757286249848833;2;2.4186721489902045E-4;53;0.006409481194824041;139x163115-NZ-PHOU01000002_50761_aligned_107398_R_1_216_1;0.7323232323232324;;0.7323232323232324;;
245;10;Borreliella burgdorferi WI91-23;strain;498737;1;93;5;5;1;5.0;5;1;401;401.0;8.827683615819209E-4;4.998234774961734;1.00035316969245;5664;139;0.7493261455525606;;0.7493261455525606;;;1.7655367231638418E-4;8.827683615819209E-4;0.07079802259887005;1.7655367231638418E-4;0.01641949152542373;1;1.7655367231638418E-4;5;8.827683615819209E-4;401;0.07079802259887005;1;1.7655367231638418E-4;93;0.01641949152542373;521007x131146-NC-017418_48624_aligned_8643_F_3_389_0;0.7493261455525606;;0.7493261455525606;;
246;10;Borreliella burgdorferi 29805;strain;498738;1;65;12;12;1;12.0;12;1;464;464.0;0.004782781984854523;11.973729615686596;1.0021940017986533;2509;139;0.8502304147465438;;0.8502304147465438;;;3.9856516540454366E-4;0.004782781984854523;0.18493423674770826;3.9856516540454366E-4;0.025906735751295335;1;3.9856516540454366E-4;12;0.004782781984854523;464;0.18493423674770826;1;3.9856516540454366E-4;65;0.025906735751295335;139x22532-NZ-PHPP01000001_166755_aligned_36135_R_4_478_0;0.8502304147465438;;0.8502304147465438;;
247;10;Borreliella burgdorferi JD1;strain;521008;1;178;12;12;3;4.0;9;3;560;560.0;4.5641259698767686E-4;11.997490048928979;1.000209206347393;26292;139;0.6641509433962264;;0.6641509433962264;;4.358898943540674;3.8034383082306405E-5;4.5641259698767686E-4;0.021299254526091587;1.1410314924691921E-4;0.00677012018865054;1;3.8034383082306405E-5;12;4.5641259698767686E-4;560;0.021299254526091587;3;1.1410314924691921E-4;178;0.00677012018865054;139x22945-NZ-PHOM01000002_13261_aligned_1817_F_2_571_0;0.6641509433962264;;0.6641509433962264;;
248;10;Borreliella burgdorferi 297;strain;521009;1;109;25;25;1;25.0;25;1;491;491.0;0.011462631820265932;24.86293072346214;1.005512997565026;2181;139;0.7635574837310195;;0.7635574837310195;;;4.585052728106373E-4;0.011462631820265932;0.22512608895002292;4.585052728106373E-4;0.04997707473635947;1;4.585052728106373E-4;25;0.011462631820265932;491;0.22512608895002292;1;4.585052728106373E-4;109;0.04997707473635947;139x22945-NZ-PHOM01000002_7973_aligned_424_F_58_446_1;0.7635574837310195;;0.7635574837310195;;
249;10;Borreliella burgdorferi CA8;strain;747491;5;292;57;57;10;5.7;13;10;2906;581.2;0.001168751281525528;56.96728726249187;1.0005742372347377;48770;139;0.8956868296568448;0.07203885884309127;0.8956868296568448;0.07203885884309127;4.762119042797837;1.025220422390814E-4;0.001168751281525528;0.05958581094935411;2.050440844781628E-4;0.0059872872667623535;5;1.025220422390814E-4;57;0.001168751281525528;2906;0.05958581094935411;10;2.050440844781628E-4;292;0.0059872872667623535;139x107172-NZ-PHPO01000001_220739_aligned_1602_F_0_506_1;0.8956868296568448;0.07203885884309127;0.8956868296568448;0.07203885884309127;
250;9;Borreliella afzelii;species;29518;3;125;110;110;31;3.5483870967741935;13;31;1512;504.0;1.169851854215189E-4;109.99362454687596;1.0000579620241654;940290;64895;0.9035651005257589;0.01858199083825064;0.9061403890143601;0.020813784634367675;3.4335473364769498;3.1905050569505153E-6;1.169851854215189E-4;0.0016080145487030596;3.296855225515532E-5;1.3293771070627147E-4;3;3.1905050569505153E-6;112;1.8432565614838456E-4;1512;0.0016080145487030596;33;1.0030902298202098E-4;125;1.3293771070627147E-4;498737x91010-NZ-ABJW02000006_25050_aligned_202555_R_37_65_174;0.9035651005257589;0.01858199083825064;0.9061403890143601;0.020813784634367675;
251;10;Borreliella afzelii PKo;strain;390236;0;0;1;1;1;1.0;1;1;0;;2.905709719599012E-5;1.0000000000013038;0.9999999999986962;34415;29518;;;;;;0.0;2.905709719599012E-5;0.0;2.905709719599012E-5;0.0;0;0.0;1;2.905709719599012E-5;0;0.0;1;2.905709719599012E-5;0;0.0;139x5321-NZ-CP161095_9261_aligned_123302_F_207_577_145;;;;;
252;10;Borreliella afzelii K78;strain;411555;0;0;1;1;1;1.0;1;1;0;;3.828337353087554E-5;0.9999999999992077;1.0000000000007923;26121;29518;;;;;;0.0;3.828337353087554E-5;0.0;3.828337353087554E-5;0.0;0;0.0;1;3.828337353087554E-5;0;0.0;1;3.828337353087554E-5;0;0.0;139x3525-NZ-CP161091_207890_aligned_8043_F_76_541_227;;;;;
253;9;Borreliella garinii;species;29519;36;1927;915;891;97;9.43298969072165;52;80;14076;391.0;4.087011605553382E-4;914.8082193597065;0.9739746333101703;2180077;64895;0.7617461037778165;0.2583793622131335;0.7630771904224624;0.25755189358690816;11.12514720548194;1.651317820425609E-5;4.197099460248422E-4;0.0064566526778641305;3.669595156501353E-5;8.839137333222634E-4;37;2.8855047997529773E-5;938;0.0015994380613623081;15418;0.02301944194043741;87;3.298271424468919E-4;1946;0.0011184092593944633;29519x44722-NZ-JAEIQJ010000010_5614_aligned_192704_R_1_280_0;0.7677940007752518;0.25740785622109813;0.7690891121051776;0.25656908164632114;
254;10;Borreliella garinii BgVir;strain;1081646;1;19;10;10;4;2.5;4;4;1342;1342.0;1.234186979327368E-4;9.99944463412965;1.0000555396715187;81025;29519;0.9855182926829268;;0.9855182926829268;;1.0;1.2341869793273682E-5;1.234186979327368E-4;0.01656278926257328;4.936747917309473E-5;2.3449552607219995E-4;1;1.2341869793273682E-5;10;1.234186979327368E-4;1342;0.01656278926257328;4;4.936747917309473E-5;19;2.3449552607219995E-4;139x48375-NZ-PHQD01000001_101526_aligned_34057_F_284_370_681;0.9855182926829268;;0.9855182926829268;;
255;10;Borreliella garinii IPT108;strain;1408841;0;0;13;12;3;4.333333333333333;11;3;0;;9.750548468351345E-4;12.993664031375827;0.9235270337160923;12307;29519;;;;;5.773502691896257;0.0;0.0010563094174047291;0.0;2.4376371170878363E-4;0.0;0;0.0;13;0.0010563094174047291;0;0.0;3;2.4376371170878363E-4;0;0.0;139x65225-NZ-PHOJ01000001_667866_aligned_81614_R_0_680_1;;;;;
256;9;Borreliella japonica;species;34095;7;267;178;178;42;4.238095238095238;26;42;3201;457.2857142857143;1.910957948189421E-4;177.98308909639496;1.000095014103255;931470;64895;0.9161893079490059;0.04785683492272179;0.9168889062149898;0.047067832445929526;4.972164095802403;7.515003167037049E-6;1.910957948189421E-4;0.003436503591097942;4.509001900222229E-5;2.8664369222841315E-4;7;7.515003167037049E-6;178;1.910957948189421E-4;3201;0.003436503591097942;42;4.509001900222229E-5;267;2.8664369222841315E-4;139x64442-NZ-CP077727_365681_aligned_7288_R_457_903_163;0.9161893079490059;0.04785683492272179;0.9168889062149898;0.047067832445929526;
257;9;Borreliella andersonii;species;42109;106;7606;6390;5966;397;16.095717884130984;136;152;72947;688.1792452830189;0.006119620841996642;6369.107184814312;0.9367089965489308;974897;64895;0.8728314864089866;0.10290789496915094;0.8740742509765148;0.10222681383816495;20.14984038338183;1.0872943500698022E-4;0.006554538582024563;0.0748253405231527;1.559139068024622E-4;0.007801849836444261;106;1.0872943500698022E-4;6390;0.006554538582024563;72947;0.0748253405231527;152;1.559139068024622E-4;7606;0.007801849836444261;42109x2856-NZ-CP179270_11273_aligned_123966_F_146_560_122;0.8728314864089866;0.10290789496915094;0.8740742509765148;0.10222681383816495;
258;9;Borreliella tanukii;species;56146;3;204;68;68;20;3.4;12;20;2158;719.3333333333334;8.18197678965702E-5;67.99725910839558;1.000040308854215;831095;64895;0.8970450288211352;0.023370856177297356;0.9018205455161019;0.02410164354341875;3.6186650635428066;3.6096956424957434E-6;8.18197678965702E-5;0.0025965743988352716;2.406463761663829E-5;2.4545930368971054E-4;3;3.6096956424957434E-6;68;8.18197678965702E-5;2158;0.0025965743988352716;20;2.406463761663829E-5;204;2.4545930368971054E-4;139x188243-NZ-JAJNFJ010000020_6850_aligned_49972_R_625_1806_1009;0.8970450288211352;0.023370856177297356;0.9018205455161019;0.02410164354341875;
259;9;Borreliella turdi;species;57863;7;425;167;167;33;5.0606060606060606;29;32;3745;535.0;1.191971678181922E-4;166.99010702614558;1.000059242873908;1401040;64895;0.8797657894217955;0.09669600871935881;0.8932082665917104;0.09325333751042371;6.234678189065746;4.99628847142123E-6;1.191971678181922E-4;0.002673014332210358;2.2840175869354194E-5;3.033460857648604E-4;7;4.99628847142123E-6;167;1.191971678181922E-4;3745;0.002673014332210358;32;2.2840175869354194E-5;425;3.033460857648604E-4;139x144021-NZ-PHQC01000001_768644_aligned_46757_F_86_655_11;0.8797657894217955;0.09669600871935881;0.8932082665917104;0.09325333751042371;
260;9;Borreliella valaisiana;species;62088;4;291;123;123;28;4.392857142857143;18;27;1742;435.5;1.0714808387865611E-4;122.99346419360627;1.0000531394609997;1147944;64895;0.8220468781082434;0.1050492212935206;0.8277613787819458;0.0975995138452157;4.763590971294549;3.484490532639223E-6;1.0714808387865611E-4;0.0015174956269643815;2.3520311095314753E-5;2.534966862495035E-4;4;3.484490532639223E-6;123;1.0714808387865611E-4;1742;0.0015174956269643815;27;2.3520311095314753E-5;291;2.534966862495035E-4;139x243106-NZ-PHQG01000001_599280_aligned_25575_F_201_490_4;0.8220468781082434;0.1050492212935206;0.8277613787819458;0.0975995138452157;
261;9;Borreliella bissettiae;species;64897;6;251;118;118;24;4.916666666666667;23;24;3995;665.8333333333334;2.573901511185565E-4;117.98494394539105;1.0001276099653522;458448;64895;0.9316289744671638;0.0319114297196634;0.9345652680965265;0.03537691985460152;5.123828957762525;1.3087634802638468E-5;2.573901511185565E-4;0.008714183506090113;5.235053921055387E-5;5.474993892437092E-4;6;1.3087634802638468E-5;119;2.7415180046485216E-4;3995;0.008714183506090113;25;6.911218855684955E-5;251;5.474993892437092E-4;139x48375-NZ-PHQD01000001_267585_aligned_331_F_2_471_27;0.9316289744671638;0.0319114297196634;0.9345652680965265;0.03537691985460152;
262;10;Borreliella bissettiae DN127;strain;521010;0;0;1;1;1;1.0;1;1;0;;1.6761649346295674E-5;0.9999999999987796;1.0000000000012204;59660;64897;;;;;;0.0;1.6761649346295674E-5;0.0;1.6761649346295674E-5;0.0;0;0.0;1;1.6761649346295674E-5;0;0.0;1;1.6761649346295674E-5;0;0.0;139x137831-NZ-PHON01000003_502_aligned_54991_F_0_421_7;;;;;
263;9;Borreliella sinica;species;87162;7;327;121;121;26;4.653846153846154;20;26;2276;325.14285714285717;1.5583345138897833E-4;120.99065046634338;1.0000772748441353;776470;64895;0.7391023721161429;0.2303897429994209;0.7467554333406328;0.22518398949262627;4.774451237093601;9.015158344816928E-6;1.5583345138897833E-4;0.002931214341829047;3.348487385217716E-5;4.211366826793051E-4;7;9.015158344816928E-6;121;1.5583345138897833E-4;2276;0.002931214341829047;26;3.348487385217716E-5;327;4.211366826793051E-4;139x119248-NZ-JAJNFH010000010_24735_aligned_17791_F_0_198_0;0.7391023721161429;0.2303897429994209;0.7467554333406328;0.22518398949262627;
264;9;Borreliella spielmanii;species;88916;1;42;72;72;26;2.769230769230769;13;26;817;817.0;9.144784805432003E-5;71.99675369735542;1.000045089569708;787334;64895;0.9466327827191868;;0.9466327827191868;;2.9025188000451236;1.2701090007544448E-6;9.144784805432003E-5;0.0010376790536163814;3.302283401961557E-5;5.334457803168668E-5;1;1.2701090007544448E-6;72;9.144784805432003E-5;817;0.0010376790536163814;26;3.302283401961557E-5;42;5.334457803168668E-5;139x48375-NZ-PHQD01000001_637281_aligned_31633_F_197_377_249;0.9466327827191868;;0.9466327827191868;;
265;9;Borreliella lusitaniae;species;100177;4;176;121;121;36;3.361111111111111;17;36;1389;347.25;1.0194444280621877E-4;120.99388353854656;1.000050551823568;1186921;64895;0.8302674865738732;0.08838946230293111;0.8345593320674354;0.09340104814018063;3.742823821492291;3.3700642249989677E-6;1.0194444280621877E-4;0.0011702548021308916;3.033057802499071E-5;1.482828258999546E-4;4;3.3700642249989677E-6;121;1.0194444280621877E-4;1389;0.0011702548021308916;36;3.033057802499071E-5;176;1.482828258999546E-4;139x181898-NZ-PHOZ01000001_174752_aligned_56500_F_9_273_1;0.8302674865738732;0.08838946230293111;0.8345593320674354;0.09340104814018063;
266;9;Borreliella lanei;species;373540;8;707;178;178;36;4.944444444444445;31;34;3388;423.5;4.1234247590808004E-4;177.9635126511876;1.0002050271331961;431680;64895;0.7810856527769715;0.18337851505533465;0.7823877361103049;0.18438615755542898;5.894037880747166;1.8532246108228318E-5;4.1234247590808004E-4;0.007848406226834692;7.876204595997034E-5;0.0016377872498146775;8;1.8532246108228318E-5;178;4.1234247590808004E-4;3388;0.007848406226834692;34;7.876204595997034E-5;707;0.0016377872498146775;139x3525-NZ-CP161091_49071_aligned_8854_F_0_386_0;0.7810856527769715;0.18337851505533465;0.7823877361103049;0.18438615755542898;
267;9;Borreliella californiensis;species;373543;7;410;159;159;28;5.678571428571429;31;28;3960;565.7142857142857;2.8283511068814317E-4;158.97765810403416;1.000140534816227;562165;64895;0.8392767883087614;0.15672592036738797;0.8423494219758897;0.15651979806759456;7.458793326242382;1.2451860218974857E-5;2.8283511068814317E-4;0.00704419520959149;4.9807440875899427E-5;7.293232413970987E-4;7;1.2451860218974857E-5;159;2.8283511068814317E-4;3960;0.00704419520959149;28;4.9807440875899427E-5;410;7.293232413970987E-4;139x35039-NZ-JBTFXX010000009_20193_aligned_175541_F_0_132_0;0.8392767883087614;0.15672592036738797;0.8423494219758897;0.15651979806759456;
268;9;Borreliella carolinensis;species;478174;8;460;113;113;30;3.7666666666666666;24;30;4714;589.25;1.848577004683607E-4;112.98964859614654;1.0000916137361437;611281;64895;0.8454449614850736;0.09456987928625152;0.850420273459163;0.09095904957931886;4.746565606569793;1.3087270829618457E-5;1.848577004683607E-4;0.007711674336352676;4.9077265611069215E-5;7.525180727030613E-4;8;1.3087270829618457E-5;113;1.848577004683607E-4;4714;0.007711674336352676;30;4.9077265611069215E-5;460;7.525180727030613E-4;139x144021-NZ-PHQC01000001_138706_aligned_77754_R_18_404_73;0.8454449614850736;0.09456987928625152;0.850420273459163;0.09095904957931886;
269;9;Borreliella americana;species;478807;20;1301;409;409;77;5.311688311688312;28;74;10937;546.85;4.010259990351844E-4;408.91820158843996;1.0002000361227315;1019884;64895;0.8238360097102644;0.18122148117298958;0.8282911620631964;0.18167209375365548;5.8202453833687064;1.9610073302454005E-5;4.010259990351844E-4;0.010723768585446972;7.255727121907982E-5;0.001275635268324633;20;1.9610073302454005E-5;409;4.010259990351844E-4;10937;0.010723768585446972;74;7.255727121907982E-5;1301;0.001275635268324633;139x152178-NZ-JBTFXU010000010_9483_aligned_24598_F_4_518_9;0.8238360097102644;0.18122148117298958;0.8282911620631964;0.18167209375365548;
270;9;Borreliella finlandensis;species;498741;10;642;251;251;47;5.340425531914893;31;47;5951;595.1;5.008230657953808E-4;250.93740747958933;1.0002494347934785;501175;64895;0.8695316988576346;0.09273565779704136;0.8738238815035821;0.09165396880012126;6.434541961147564;1.995311019105103E-5;5.008230657953808E-4;0.011874095874694467;9.377961789793984E-5;0.001280989674265476;10;1.995311019105103E-5;251;5.008230657953808E-4;5951;0.011874095874694467;47;9.377961789793984E-5;642;0.001280989674265476;139x3525-NZ-CP161091_857165_aligned_55632_F_56_415_916;0.8695316988576346;0.09273565779704136;0.8738238815035821;0.09165396880012126;
271;9;Borreliella bavariensis;species;664662;4;235;101;101;32;3.15625;19;31;2023;505.75;6.706030846413966E-5;100.99664705344344;1.000033198592769;1506107;64895;0.8415244214156168;0.08672883221623626;0.843717403871757;0.08431187438120782;3.4182562523092987;2.6558538005599866E-6;6.706030846413966E-5;0.0013431980596332134;2.05828669543399E-5;1.5603141078289923E-4;4;2.6558538005599866E-6;101;6.706030846413966E-5;2023;0.0013431980596332134;31;2.05828669543399E-5;235;1.5603141078289923E-4;139x48375-NZ-PHQD01000001_138775_aligned_6621_R_19_1295_10;0.8415244214156168;0.08672883221623626;0.843717403871757;0.08431187438120782;
272;9;Borreliella yangtzensis;species;683292;9;455;110;110;25;4.4;24;25;5560;617.7777777777778;9.138588353949158E-5;109.99501961289289;1.0000452782964595;1203687;64895;0.9073567151257469;0.03993511669931266;0.9108024336882122;0.03820046342829562;4.873397172404482;7.477026835049311E-6;9.138588353949158E-5;0.004619141022541575;2.0769518986248085E-5;3.7800524554971516E-4;9;7.477026835049311E-6;110;9.138588353949158E-5;5560;0.004619141022541575;25;2.0769518986248085E-5;455;3.7800524554971516E-4;139x199676-NZ-PHPZ01000001_898326_aligned_171_F_264_523_7;0.9073567151257469;0.03993511669931266;0.9108024336882122;0.03820046342829562;
273;9;Borreliella kurtenbachii;species;1196056;6;222;184;184;43;4.27906976744186;19;42;2079;346.5;4.629408316329483E-4;183.95764737473812;1.0002302303049984;397459;64895;0.8163887967411291;0.1532700535756256;0.822635092531661;0.15706828773126494;4.366133635562251;1.5095896683683097E-5;4.629408316329483E-4;0.005230728200896193;1.0567127678578168E-4;5.585481772962746E-4;6;1.5095896683683097E-5;184;4.629408316329483E-4;2079;0.005230728200896193;42;1.0567127678578168E-4;222;5.585481772962746E-4;498737x179941-NC-012195_22703_aligned_3181_F_111_471_166;0.8163887967411291;0.1532700535756256;0.822635092531661;0.15706828773126494;
274;9;Borreliella mayonii;species;1674146;14;937;247;247;49;5.040816326530612;51;47;6211;443.64285714285717;4.6636242969161546E-4;246.94264625805616;1.0002322553143936;529631;64895;0.8043620784119978;0.17678844215084533;0.8096244674681611;0.17434983504764473;7.713514070754515;2.6433498039200876E-5;4.6636242969161546E-4;0.011727032594391189;8.874102913160294E-5;0.0017691562616236587;14;2.6433498039200876E-5;247;4.6636242969161546E-4;6211;0.011727032594391189;47;8.874102913160294E-5;937;0.0017691562616236587;1674146x25799-NZ-CP015800_29696_aligned_54465_R_0_230_1;0.8043620784119978;0.17678844215084533;0.8096244674681611;0.17434983504764473;
275;4;PVC group;clade;1783257;0;0;0;0;0;;0;0;0;;0.0;0.0;;321;3379134;;;;;;0.0;0.0;0.0;0.0;0.0;194;1.6233052897010272E-4;7915;0.006583688845932643;126356;0.10602757659362592;222;1.8584952964642015E-4;14706;0.012317138783618781;;0.8506649172592289;0.13615981845818179;0.8506649172592289;0.13615981845818179;
276;5;Chlamydiota;phylum;204428;0;0;0;0;0;;0;0;0;;;0.0;;0;1783257;;;;;;;;;;;194;1.6233052897010272E-4;7915;0.006583688845932643;126356;0.10602757659362592;222;1.8584952964642015E-4;14706;0.012317138783618781;;0.8506649172592289;0.13615981845818179;0.8506649172592289;0.13615981845818179;
277;6;Chlamydiia;class;204429;0;0;0;0;0;;0;0;0;;0.0;0.0;;1701;204428;;;;;;0.0;0.0;0.0;0.0;0.0;194;1.6233052897010272E-4;7915;0.006583688845932643;126356;0.10602757659362592;222;1.8584952964642015E-4;14706;0.012317138783618781;;0.8506649172592289;0.13615981845818179;0.8506649172592289;0.13615981845818179;
278;7;Chlamydiales;order;51291;0;0;0;0;0;;0;0;0;;0.0;0.0;;1052;204429;;;;;;0.0;0.0;0.0;0.0;0.0;194;1.6233052897010272E-4;7915;0.006583688845932643;126356;0.10602757659362592;222;1.8584952964642015E-4;14706;0.012317138783618781;;0.8506649172592289;0.13615981845818179;0.8506649172592289;0.13615981845818179;
279;8;Chlamydiaceae;family;809;0;0;0;0;0;;0;0;0;;0.0;0.0;;3216;51291;;;;;;0.0;0.0;0.0;0.0;0.0;194;1.6233052897010272E-4;7915;0.006583688845932643;126356;0.10602757659362592;222;1.8584952964642015E-4;14706;0.012317138783618781;;0.8506649172592289;0.13615981845818179;0.8506649172592289;0.13615981845818179;
280;9;Chlamydia/Chlamydophila group;no rank;1113537;0;0;0;0;0;;0;0;0;;;0.0;;0;809;;;;;;;;;;;194;1.6233052897010272E-4;7915;0.006583688845932643;126356;0.10602757659362592;222;1.8584952964642015E-4;14706;0.012317138783618781;;0.8506649172592289;0.13615981845818179;0.8506649172592289;0.13615981845818179;
281;10;Chlamydia;genus;810;0;0;14;14;2;7.0;12;1;0;;3.3416739924912586E-6;13.999978276225725;1.0000015517005703;4189517;1113537;;;;;7.0710678118654755;0.0;3.3416739924912586E-6;0.0;2.3869099946366133E-7;0.0;194;1.6233052897010272E-4;7915;0.006583688845932643;126356;0.10602757659362592;222;1.8584952964642015E-4;14706;0.012317138783618781;813x24649-NZ-CP018053_3049_aligned_58549_F_3_4757_17;0.8506649172592289;0.13615981845818179;0.8506649172592289;0.13615981845818179;
282;11;Chlamydia trachomatis;species;813;1;652;241;241;20;12.05;50;1;4843;4843.0;1.514862942618123E-4;240.98182254795216;1.0000754308016084;1590903;810;0.8645335549553294;;0.8645335549553294;;10.826259498868577;6.285738351112545E-7;1.514862942618123E-4;0.003044183083443805;6.285738351112545E-7;4.098301404925379E-4;1;6.285738351112545E-7;241;1.514862942618123E-4;4843;0.003044183083443805;1;6.285738351112545E-7;652;4.098301404925379E-4;813x24649-NZ-CP018053_3049_aligned_58549_F_3_4757_17;0.8645335549553294;;0.8645335549553294;;
283;11;Chlamydia psittaci;species;83554;0;0;1;1;1;1.0;1;1;0;;1.6086273904203022E-6;0.9999999999896687;1.0000000000103313;621648;810;;;;;;0.0;1.6086273904203022E-6;0.0;1.6086273904203022E-6;0.0;0;0.0;1;1.6086273904203022E-6;0;0.0;1;1.6086273904203022E-6;0;0.0;948x161176-NZ-FLME02000279_1992_aligned_44636_F_2_141_0;;;;;
284;11;Chlamydia abortus;species;83555;0;0;3;2;2;1.5;2;2;0;;1.1088078707617897E-6;2.9999983371274457;0.6666670361941058;1803739;810;;;;;0.7071067811865476;0.0;1.6632118061426847E-6;0.0;1.1088078707617897E-6;0.0;0;0.0;3;1.6632118061426847E-6;0;0.0;2;1.1088078707617897E-6;0;0.0;1242993x135453-NZ-QOHL01000049_802_aligned_66948_F_300_498_26;;;;;
285;11;Chlamydia pecorum;species;85991;16;586;586;572;20;29.3;112;16;4931;308.1875;3.5931453841901603E-4;585.8923413116495;0.9762885767024221;1591920;810;0.8482046715287163;0.15473999154109822;0.8482046715287163;0.15473999154109822;31.153440293252736;1.0050756319413036E-5;3.681089501985024E-4;0.003097517463189105;1.0050756319413036E-5;3.681089501985024E-4;16;1.0050756319413036E-5;586;3.681089501985024E-4;4931;0.003097517463189105;16;1.0050756319413036E-5;586;3.681089501985024E-4;85991x74631-NZ-JBEQPC010000002_12843_aligned_134248_R_2_240_237;0.8482046715287163;0.15473999154109822;0.8482046715287163;0.15473999154109822;
286;11;Chlamydia ibidis;species;1405396;177;13468;7070;909;363;19.47658402203857;178;201;116582;658.6553672316384;7.788188684935639E-4;7048.632989900184;0.12896117606101554;1167152;810;0.8508089584682238;0.13523260533860923;0.8508089584682238;0.13523260533860923;23.0480252245588;1.5165119881557844E-4;0.006057480088283274;0.09988587604699302;1.722140732312501E-4;0.011539199692927741;177;1.5165119881557844E-4;7070;0.006057480088283274;116582;0.09988587604699302;201;1.722140732312501E-4;13468;0.011539199692927741;1405396x144292-NZ-KE360154_1025_aligned_8790_R_3_485_0;0.8508089584682238;0.13523260533860923;0.8508089584682238;0.13523260533860923;
