pos;level;name;rank;taxid;reads;kmers from reads;kmers;unique kmers;contigs;average contig length;max contig length;reads >=1 kmer;reads bps;avg. read length;db coverage;exp. unique kmers;unique kmers / exp.;db kmers;parent taxid;mean error;kmer error std. dev.;mean class error;class error std. dev.;contig len std. dev.;norm. reads;norm. kmers;norm. reads bps;norm. read >=1 kmer;norm. reads kmers;acc. reads;acc. norm. reads;acc. kmers;acc. norm. kmers;acc. reads bps;acc. norm. reads bps;acc. read >=1 kmer;acc. norm. read >=1 kmer;acc. reads kmers;acc. norm. reads kmers;max contig desc.;acc. mean error;acc. error std. dev.;acc. class mean error;acc. class error std. dev.;
0;0;TOTAL;;;116315;0;625757587;0;0;;0;0;677953267;5828.59705970855;;;;524530554;;;;;;;;;;;;;;;;;;;;;;;;;;;
1;0;root;no rank;1;0;0;0;0;0;;0;0;0;;0.0;0.0;;2945;;;;;;;0.0;0.0;0.0;0.0;0.0;78742;0.439053352349772;2157030;10.072351618145186;36730174;206.04907890351657;109185;0.617616855558718;2155263;12.958078530560785;;0.9334756243079675;0.060547049194503925;0.9335170172166574;0.06050821770000101;
2;1;cellular organisms;cellular root;131567;25367;572654;906881;66550;76846;11.801277880436198;212;44821;11178746;440.6806480860961;0.5088231696128204;130664.56938950573;0.5093193993669177;130792;1;0.941222124989514;0.0566618964881738;0.941222124989514;0.0566618964881738;12.956137213789182;0.19394917120313168;6.933765062083308;85.46964646155728;0.34268915530001837;4.378356474402104;78742;0.439053352349772;2157030;10.072351618145186;36730174;206.04907890351657;109185;0.617616855558718;2155263;12.958078530560785;444612x27314-NZ-GG688306_585_aligned_40701_F_146_458_3;0.9334756243079675;0.060547049194503925;0.9335170172166574;0.06050821770000101;
3;2;Bacteria;domain;2;538;17057;18263;6605;1880;9.71436170212766;122;1174;308828;574.0297397769517;0.004615643712836381;18146.960849222003;0.3639727916359708;1431003;131567;0.9399002414564541;0.05124720351955153;0.9399002414564541;0.05124720351955153;10.577110158496605;3.759600783506394E-4;0.01276237715783964;0.2158122659421399;8.204035910476777E-4;0.0119196116290462;53375;0.24510418114664037;1250149;3.1385865560618766;25551428;120.57943244195911;64364;0.27492770025870045;1582609;8.579722056158682;1405396x3190-NZ-KE360087_386_aligned_7721_R_131_449_1;0.9297940227568892;0.06197060756637823;0.9298550880574243;0.061918250662862905;
4;3;Bacillati;kingdom;1783272;1;3;43;40;5;8.6;34;4;503;503.0;1.6949439821013917E-4;42.99617388549706;0.9303153370465903;235996;2;0.9936575052854123;;0.9936575052854123;;14.223220451079285;4.237359955253479E-6;1.8220647807589958E-4;0.0021313920574924997;1.6949439821013915E-5;1.2712079865760436E-5;44;5.6489450676986114E-5;6764;0.007761115140085029;94198;0.13064766401208458;59;1.3516202604533443E-4;6949;0.009611919011935732;2104x178739-NZ-JBLTZR010000055_1032_aligned_27591_F_112_510_3;0.9134004131152565;0.07547623294930723;0.913549001698074;0.07552884806427505;
5;4;Mycoplasmatota;phylum;544448;0;0;30;30;6;5.0;17;1;0;;4.520107699099444E-5;29.9993445938248;1.0000218473498028;663701;1783272;;;;;5.932958789676531;0.0;4.520107699099444E-5;0.0;1.5067025663664812E-6;0.0;43;5.225209072173263E-5;6721;0.0075789086620091295;93695;0.12851627195459206;55;1.1821258622432054E-4;6946;0.00959920693206997;1408471x162995-NZ-JHXT01000002_99148_aligned_3_F_67_3820_1;0.9115339691112995;0.0753350387423866;0.9116860132425545;0.07539285723114984;
6;5;Mollicutes;class;31969;0;0;0;0;0;;0;0;0;;0.0;0.0;;52572;544448;;;;;;0.0;0.0;0.0;0.0;0.0;20;3.480629461720428E-5;443;6.667657701765876E-4;7199;0.04444838932315236;28;4.121346598135834E-5;476;0.003297622962738682;;0.9099962310205884;0.08060049795755136;0.9099962310205884;0.08060049795755136;
7;6;Mycoplasmatales;order;2085;0;0;0;0;0;;0;0;0;;0.0;0.0;;241;31969;;;;;;0.0;0.0;0.0;0.0;0.0;20;3.480629461720428E-5;443;6.667657701765876E-4;7199;0.04444838932315236;28;4.121346598135834E-5;476;0.003297622962738682;;0.9099962310205884;0.08060049795755136;0.9099962310205884;0.08060049795755136;
8;7;Mycoplasmataceae;family;2092;0;0;0;0;0;;0;0;0;;0.0;0.0;;1514;2085;;;;;;0.0;0.0;0.0;0.0;0.0;20;3.480629461720428E-5;443;6.667657701765876E-4;7199;0.04444838932315236;28;4.121346598135834E-5;476;0.003297622962738682;;0.9099962310205884;0.08060049795755136;0.9099962310205884;0.08060049795755136;
9;8;Mycoplasma;genus;2093;0;0;18;18;4;4.5;9;3;0;;7.929396652208733E-6;17.999932598261374;1.0000037445550565;2270034;2092;;;;;3.696845502136472;0.0;7.929396652208733E-6;0.0;1.3215661087014556E-6;0.0;20;3.480629461720428E-5;443;6.667657701765876E-4;7199;0.04444838932315236;28;4.121346598135834E-5;476;0.003297622962738682;1179777x171088-NZ-CP104009_287811_aligned_72533_F_35_96_47;0.9099962310205884;0.08060049795755136;0.9099962310205884;0.08060049795755136;
10;9;Mycoplasma mycoides group;species group;656088;0;0;11;11;1;11.0;11;1;0;;1.4801896795793031E-5;10.999925990480904;1.0000067281833678;743148;2093;;;;;;0.0;1.4801896795793031E-5;0.0;1.34562698143573E-6;0.0;8;2.4593464336018867E-5;141;4.3498446409454726E-4;3444;0.04102400367189311;10;2.688393690134082E-5;210;0.003080531178265571;2103x44838-NZ-VCPG01000001_983887_aligned_9242_F_205_1610_117;0.9393839854871491;0.04524349271304823;0.9393839854871491;0.04524349271304823;
11;10;Mycoplasma mycoides;species;2102;0;0;57;57;4;14.25;21;1;0;;5.385619828151485E-5;56.99849205234933;1.0000264559218388;1058374;656088;;;;;6.701989754294367;0.0;5.385619828151485E-5;0.0;9.448455838862255E-7;0.0;2;2.1578846453908514E-5;84;3.9707049686924157E-4;2286;0.04044218242064581;3;2.252369203779474E-5;155;0.0030528971810128928;2103x44838-NZ-VCPG01000001_983887_aligned_9242_F_205_1610_117;0.9459782597187709;0.0323292999043934;0.9459782597187709;0.0323292999043934;
12;11;Mycoplasma mycoides subsp. mycoides;subspecies;2103;1;144;16;16;1;16.0;16;1;1903;1903.0;3.3871036030314576E-4;15.997459923245087;1.0001587800042695;47238;2102;0.9231179925253604;;0.9231179925253604;;;2.116939751894661E-5;3.3871036030314576E-4;0.0402853634785554;2.116939751894661E-5;0.0030483932427283118;1;2.116939751894661E-5;16;3.3871036030314576E-4;1903;0.0402853634785554;1;2.116939751894661E-5;144;0.0030483932427283118;2103x44838-NZ-VCPG01000001_983887_aligned_9242_F_205_1610_117;0.9231179925253604;;0.9231179925253604;;
13;11;Mycoplasma mycoides subsp. capri;subspecies;40477;1;11;11;11;1;11.0;11;1;383;383.0;4.503938284580931E-6;10.999977480872067;1.0000020471976394;2442307;2102;0.9688385269121813;;0.9688385269121813;;;4.0944893496190285E-7;4.503938284580931E-6;1.5681894209040878E-4;4.0944893496190285E-7;4.503938284580931E-6;1;4.0944893496190285E-7;11;4.503938284580931E-6;383;1.5681894209040878E-4;1;4.0944893496190285E-7;11;4.503938284580931E-6;1179777x171088-NZ-CP104009_67437_aligned_110176_F_170_82_125;0.9688385269121813;;0.9688385269121813;;
14;10;Mycoplasma feriruminatoris;species;1179777;6;55;46;46;6;7.666666666666667;19;6;1158;193.0;2.3112070429512708E-5;45.99947998047676;1.0000113049000436;1990302;656088;0.9371858940766084;0.0513179759098985;0.9371858940766084;0.0513179759098985;5.853773711604051;3.014617882110353E-6;2.3112070429512708E-5;5.818212512472982E-4;3.014617882110353E-6;2.7633997252678238E-5;6;3.014617882110353E-6;46;2.3112070429512708E-5;1158;5.818212512472982E-4;6;3.014617882110353E-6;55;2.7633997252678238E-5;1179777x171088-NZ-CP104009_778840_aligned_113344_F_36_92_32;0.9371858940766084;0.0513179759098985;0.9371858940766084;0.0513179759098985;
15;9;unclassified Asterococcus (in: mycoplasmas, genus);no rank;2683645;0;0;20;20;5;4.0;9;1;0;;1.4280595712194016E-6;19.99998642503728;1.0000006787485967;14005018;2093;;;;;3.7416573867739413;0.0;1.4280595712194016E-6;0.0;7.140297856097008E-8;0.0;2;2.3216963646972827E-6;40;3.130824186752115E-5;1387;0.001555765139834864;5;5.116829054827927E-6;22;2.4548116910800434E-5;536372x108364-NZ-JAOPHP010000035_3567_aligned_5755_R_71_1145_54;0.9869888075764098;0.006103095550066092;0.9869888075764098;0.006103095550066092;
16;10;Mycoplasma sp. OR1901;species;2742195;1;21;1;1;1;1.0;1;1;1242;1242.0;1.1113210273051576E-6;1.0000000000078912;0.9999999999921088;899830;2683645;0.9826732673267327;;0.9826732673267327;;;1.1113210273051576E-6;1.1113210273051576E-6;0.0013802607159130059;1.1113210273051576E-6;2.333774157340831E-5;1;1.1113210273051576E-6;1;1.1113210273051576E-6;1242;0.0013802607159130059;1;1.1113210273051576E-6;21;2.333774157340831E-5;536372x108364-NZ-JAOPHP010000035_3567_aligned_5755_R_71_1145_54;0.9826732673267327;;0.9826732673267327;;
17;10;Mycoplasma sp. 'Moose RK';species;2780095;1;1;1;1;1;1.0;1;1;145;145.0;1.2103753373921253E-6;1.0000000000077758;0.9999999999922242;826190;2683645;0.991304347826087;;0.991304347826087;;;1.2103753373921253E-6;1.2103753373921253E-6;1.7550442392185817E-4;1.2103753373921253E-6;1.2103753373921253E-6;1;1.2103753373921253E-6;1;1.2103753373921253E-6;145;1.7550442392185817E-4;1;1.2103753373921253E-6;1;1.2103753373921253E-6;2780095x227530-NZ-JADDYD010000001_317102_aligned_107836_R_14_74_54;0.991304347826087;;0.991304347826087;;
18;10;Mycoplasma sp. E35C;species;2801918;0;0;3;3;1;3.0;3;1;0;;3.324364935485158E-6;2.9999966754685787;1.0000011081783684;902428;2683645;;;;;;0.0;3.324364935485158E-6;0.0;1.1081216451617192E-6;0.0;0;0.0;3;3.324364935485158E-6;0;0.0;1;1.1081216451617192E-6;0;0.0;1408471x162995-NZ-JHXT01000002_99148_aligned_3_F_67_3820_1;;;;;
19;10;Mycoplasma sp. SG1;species;2810348;0;0;15;15;1;15.0;15;1;0;;2.4234120996119308E-5;14.999830362634324;1.0000113092856102;618962;2683645;;;;;;0.0;2.4234120996119308E-5;0.0;1.615608066407954E-6;0.0;0;0.0;15;2.4234120996119308E-5;0;0.0;1;1.615608066407954E-6;0;0.0;1408471x162995-NZ-JHXT01000002_99148_aligned_3_F_67_3820_1;;;;;
20;9;Candidatus Mycoplasma pogonae;species;3472838;10;244;244;244;12;20.333333333333332;42;10;2368;236.8;1.9254366756231038E-4;243.976607427859;1.0000958803894668;1267245;2093;0.8710875121361754;0.09138598439908881;0.8710875121361754;0.09138598439908881;11.749919406557906;7.89113391648813E-6;1.9254366756231038E-4;0.001868620511424389;7.89113391648813E-6;1.9254366756231038E-4;10;7.89113391648813E-6;244;1.9254366756231038E-4;2368;0.001868620511424389;10;7.89113391648813E-6;244;1.9254366756231038E-4;3472838x164245-NZ-JBSWZS010000002_43394_aligned_87202_R_74_105_117;0.8710875121361754;0.09138598439908881;0.8710875121361754;0.09138598439908881;
21;5;Mycoplasmoidales;order;2790996;0;0;0;0;0;;0;0;0;;0.0;0.0;;51948;544448;;;;;;0.0;0.0;0.0;0.0;0.0;23;1.7445796104528352E-5;6248;0.006866941814841548;86496;0.0840678826314397;26;7.549241767659572E-5;6470;0.006301583969331289;;0.9128711326684393;0.07225103854327596;0.9131553890877424;0.07236032054622539;
22;6;Mycoplasmoidaceae;family;2790998;0;0;0;0;0;;0;0;0;;0.0;0.0;;2088;2790996;;;;;;0.0;0.0;0.0;0.0;0.0;20;1.6308245195956513E-5;5901;0.006674002389769671;80745;0.08172636460638417;22;6.19807731703799E-5;6111;0.006152861219498463;;0.9077211718575565;0.07594385565368043;0.908048066739755;0.07608743284577418;
23;7;Malacoplasma;genus;2791001;0;0;0;0;0;;0;0;0;;0.0;0.0;;3325;2790998;;;;;;0.0;0.0;0.0;0.0;0.0;9;5.183370365634945E-6;215;1.2382495873461259E-4;1896;0.0010919633570270952;9;5.183370365634945E-6;215;1.2382495873461259E-4;;0.8832368819796428;0.10804703368569861;0.8832368819796428;0.10804703368569861;
24;8;Malacoplasma iowae;species;2116;9;215;215;215;10;21.5;81;9;1896;210.66666666666666;1.2382495873461259E-4;214.9867512832049;1.000061625736079;1736322;2791001;0.8832368819796428;0.10804703368569861;0.8832368819796428;0.10804703368569861;25.16721853699548;5.183370365634945E-6;1.2382495873461259E-4;0.0010919633570270952;5.183370365634945E-6;1.2382495873461259E-4;9;5.183370365634945E-6;215;1.2382495873461259E-4;1896;0.0010919633570270952;9;5.183370365634945E-6;215;1.2382495873461259E-4;2116x149700-NZ-CP129194_456075_aligned_68847_F_138_142_30;0.8832368819796428;0.10804703368569861;0.8832368819796428;0.10804703368569861;
25;7;Mycoplasmoides;genus;2995234;0;0;33;33;3;11.0;24;2;0;;7.535967115779858E-4;32.98794529745622;1.0003654275049592;43790;2790998;;;;;11.789826122551595;0.0;7.535967115779858E-4;0.0;4.567252797442338E-5;0.0;11;1.1124874830321568E-5;5686;0.006550177431035057;78849;0.08063440124935708;13;5.679740280474495E-5;5896;0.00602903626076385;1408471x162995-NZ-JHXT01000002_99148_aligned_3_F_67_3820_1;0.9277537726667585;0.025256569459749967;0.9283481269980285;0.02555384214502258;
26;8;Mycoplasmoides pneumoniae;species;2104;10;5608;5437;5398;355;15.315492957746478;192;10;75021;7502.1;0.0055900807651720775;5421.725057957105;0.995624075787044;965639;2995234;0.9285860219713491;0.026463292667390486;0.9287658780864569;0.026896492391759265;18.172172864983352;1.0355836912137973E-5;0.005630468529129416;0.07769052409855029;1.0355836912137973E-5;0.005807553340326975;10;1.0355836912137973E-5;5437;0.005630468529129416;75021;0.07769052409855029;10;1.0355836912137973E-5;5608;0.005807553340326975;2104x197975-NZ-JAFFNC010000009_3332_aligned_9394_R_116_8699_2;0.9285860219713491;0.026463292667390486;0.9287658780864569;0.026896492391759265;
27;8;[Mycoplasma] testudinis;species;33924;0;0;0;0;0;;0;0;0;;;0.0;;0;2995234;;;;;;;;;;;1;7.690379181835939E-7;216;1.661121903276563E-4;3828;0.0029438771508067977;1;7.690379181835939E-7;288;2.2148292043687505E-4;;0.919431279620853;;0.9241706161137441;;
28;9;Mycoplasma testudinis ATCC 43263;strain;1408471;1;288;216;216;16;13.5;54;1;3828;3828.0;1.661121903276563E-4;215.98214393369105;1.0000826738080462;1300326;33924;0.919431279620853;;0.9241706161137441;;14.710540438746634;7.690379181835939E-7;1.661121903276563E-4;0.0029438771508067977;7.690379181835939E-7;2.2148292043687505E-4;1;7.690379181835939E-7;216;1.661121903276563E-4;3828;0.0029438771508067977;1;7.690379181835939E-7;288;2.2148292043687505E-4;1408471x162995-NZ-JHXT01000002_99148_aligned_3_F_67_3820_1;0.919431279620853;;0.9241706161137441;;
29;6;Metamycoplasmataceae;family;2895623;0;0;0;0;0;;0;0;0;;0.0;0.0;;127497;2790996;;;;;;0.0;0.0;0.0;0.0;0.0;3;1.137550908571838E-6;347;1.9293942507187748E-4;5751;0.002341518025055528;4;1.351164450621581E-5;359;1.4872274983282658E-4;;0.9472042047409922;0.024454448394062446;0.9472042047409922;0.024454448394062446;
30;7;Metamycoplasma;genus;2895509;0;0;4;4;1;4.0;4;1;0;;4.949637439057589E-5;3.9999257560595796;1.0000185613296217;80814;2895623;;;;;;0.0;4.949637439057589E-5;0.0;1.2374093597643972E-5;0.0;3;1.137550908571838E-6;347;1.9293942507187748E-4;5751;0.002341518025055528;4;1.351164450621581E-5;359;1.4872274983282658E-4;29559x58116-NZ-JAQRAK010000056_2785_aligned_15835_F_113_2035_2;0.9472042047409922;0.024454448394062446;0.9472042047409922;0.024454448394062446;
31;8;Metamycoplasma hominis;species;2098;1;13;1;1;1;1.0;1;1;555;555.0;3.004597334381337E-7;0.9999999999617061;1.000000000038294;3328233;2895509;0.9752380952380952;;0.9752380952380952;;;3.004597334381337E-7;3.004597334381337E-7;1.667551520581642E-4;3.004597334381337E-7;3.905976534695738E-6;1;3.004597334381337E-7;1;3.004597334381337E-7;555;1.667551520581642E-4;1;3.004597334381337E-7;13;3.905976534695738E-6;29519x235571-NZ-JAEIPN010000064_40_aligned_7411_R_38_509_38;0.9752380952380952;;0.9752380952380952;;
32;8;Metamycoplasma hyosynoviae;species;29559;2;346;342;342;30;11.4;40;2;5196;2598.0;1.4314259094786344E-4;341.975595308981;1.0000713638381036;2389226;2895509;0.9331872594924406;0.0041462715673671645;0.9331872594924406;0.0041462715673671645;9.957149571348564;8.370911751337044E-7;1.4314259094786344E-4;0.002174762872997364;8.370911751337044E-7;1.4481677329813086E-4;2;8.370911751337044E-7;342;1.4314259094786344E-4;5196;0.002174762872997364;2;8.370911751337044E-7;346;1.4481677329813086E-4;29559x213156-NZ-JAQTIQ010000030_7761_aligned_481_R_93_2993_29;0.9331872594924406;0.0041462715673671645;0.9331872594924406;0.0041462715673671645;
33;3;Pseudomonadati;kingdom;3379134;117;3869;3571;1807;400;8.9275;69;298;68501;585.4786324786324;0.004038232474361581;3556.7928367432664;0.5080419588492416;447473;2;0.9382158406270735;0.053763834047802495;0.9382158406270735;0.053763834047802495;9.684612695283384;2.61468289706865E-4;0.007980369765326623;0.15308409669410222;6.659619686550921E-4;0.008646331733981716;52793;0.24467173161761274;1225122;3.118063063763952;25148402;120.23297251200486;63131;0.27397213464160747;1558603;8.5581905255177;1405396x3190-NZ-KE360087_656_aligned_4182_F_22_452_54;0.9297046960121288;0.06204890401096101;0.9297663106678297;0.06199610548324401;
34;4;Pseudomonadota;phylum;1224;35;566;3372;1426;455;7.410989010989011;78;320;18803;537.2285714285714;0.003513596089214788;3358.034792039391;0.4246531344405655;405852;3379134;0.9667101406994947;0.024192474064011142;0.9667101406994947;0.024192474064011142;9.256518723988203;8.623833318549618E-5;0.008308447414328375;0.046329696539625286;7.88464760553108E-4;0.0013945970452283098;50020;0.24016958743316213;1150134;2.9734295732456806;23871870;117.79060466395563;58652;0.26165434671239923;1480469;8.37887055214484;948x92810-NZ-FLLZ01000149_128_aligned_5553_F_29_557_115;0.9298157984557834;0.06165695269337832;0.9298620540574133;0.06161901248401035;
35;5;Gammaproteobacteria;class;1236;1;50;4934;4919;400;12.335;108;58;544;544.0;0.011574226580956056;4905.475563240676;1.002757008282881;424996;1224;0.9027237354085603;;0.9027237354085603;;13.569011392707967;2.3529633220077367E-6;0.011609521030786172;0.0012800120471722087;1.3647187267644872E-4;1.1764816610038683E-4;110;0.0014509276218681332;29013;0.041632106650261375;428903;8.103856836340292;410;0.0028842342917342048;30048;0.5057101655138275;119856x234732-NZ-JACVMC010000030_16916_aligned_31243_R_135_9494_38;0.9314158497597981;0.037159070584706445;0.9318962291771438;0.03718664696533018;
36;6;Thiotrichales;order;72273;0;0;2;2;1;2.0;2;1;0;;6.88089176357256E-5;1.9999655955397488;1.0000172025260474;29066;1236;;;;;;0.0;6.88089176357256E-5;0.0;3.44044588178628E-5;0.0;109;0.0014485746585461254;24079;0.030022585619475215;428359;8.10257682429312;352;0.0027477624190577563;29998;0.5055925173477271;119856x220628-NZ-JACVKB010000039_8995_aligned_8976_F_52_1810_31;0.9316790801666901;0.03722753254195125;0.9321638667346538;0.03725182690243679;
37;7;Francisellaceae;family;34064;0;0;472;472;91;5.186813186813187;24;35;0;;5.325877105385793E-4;471.8745977626288;1.0002657533123542;886239;72273;;;;;4.289294393958801;0.0;5.325877105385793E-4;0.0;3.949273277298787E-5;0.0;109;0.0014485746585461254;24077;0.029953776701839487;428359;8.10257682429312;351;0.0027133579602398937;29998;0.5055925173477271;263x18371-NZ-JACTQI010000009_22478_aligned_446_F_70_9494_3;0.9316790801666901;0.03722753254195125;0.9321638667346538;0.03725182690243679;
38;8;Francisella;genus;262;19;393;13786;13742;1215;11.346502057613169;75;106;7706;405.57894736842104;0.0014185836523047547;13776.195761305644;0.9975177645630086;9687127;34064;0.943476171944659;0.06369788707188732;0.943476171944659;0.06369788707188732;11.00303697157348;1.9613658414925294E-6;0.0014231257626745267;7.954886933969174E-4;1.094235679990569E-5;4.0569303984555996E-5;109;0.0014485746585461254;23605;0.029421188991300907;428359;8.10257682429312;316;0.0026738652274669057;29998;0.5055925173477271;119856x234732-NZ-JACVMC010000030_16916_aligned_31243_R_135_9494_38;0.9316790801666901;0.03722753254195125;0.9321638667346538;0.03725182690243679;
39;9;Francisella tularensis;species;263;20;4066;8521;8480;838;10.168257756563246;58;79;58755;2937.75;0.004201626544766646;8503.03980979128;0.9972904031609084;2018266;262;0.9295070364206846;0.0325084573311573;0.9296907422189615;0.03249053099088234;9.872259122752387;9.909496567845865E-6;0.00422194101273073;0.029111623542189186;3.914251144299116E-5;0.002014600652243064;80;0.0014331105417305333;9373;0.0275693303857205;401378;8.08115069130247;163;0.0026132421099054376;28363;0.5044084694015267;263x112394-NZ-VJGF01000010_5115_aligned_10100_R_54_8069_2;0.9304059117822179;0.024523364360435184;0.9310279663595498;0.024578388249718943;
40;10;Francisella tularensis subsp. novicida;subspecies;264;3;831;46;46;11;4.181818181818182;11;10;13102;4367.333333333333;4.689202703019541E-5;45.99894494737921;1.0000229364526076;980977;263;0.9373564458490856;0.019996318241757058;0.9377951204646834;0.0196508910000547;3.2501748204729486;3.058175675882309E-6;4.689202703019541E-5;0.013356072568470006;1.0193918919607697E-5;8.471146622193996E-4;5;1.601689013817314E-5;87;3.2422454832198966E-4;21004;0.06387775236182841;15;4.693375945864604E-5;1393;0.004564987134704136;263x202652-NZ-VJDU01000057_3335_aligned_5307_R_77_8208_2;0.9328257602491682;0.019323873611258542;0.9334619236929548;0.018862305218469818;
41;11;Francisella cf. novicida Fx1;strain;984129;0;0;7;7;2;3.5;6;2;0;;5.703437543285017E-5;6.9998288992341005;1.0000244435640302;122733;264;;;;;3.5355339059327378;0.0;5.703437543285017E-5;0.0;1.629553583795719E-5;0.0;0;0.0;7;5.703437543285017E-5;0;0.0;2;1.629553583795719E-5;0;0.0;263x147277-NZ-JPMR01000050_6405_aligned_15377_F_41_12415_18;;;;;
42;11;Francisella tularensis subsp. novicida FSC595;strain;1088885;1;319;17;17;2;8.5;12;2;3614;3614.0;1.2725503405943558E-4;16.99898199779431;1.0000598860688141;133590;264;0.9095982142857143;;0.9109933035714286;;4.949747468305833;7.485590238790329E-6;1.2725503405943558E-4;0.027052923122988248;1.4971180477580657E-5;0.002387903286174115;1;7.485590238790329E-6;17;1.2725503405943558E-4;3614;0.027052923122988248;2;1.4971180477580657E-5;319;0.002387903286174115;119857x156585-NZ-MQVD01000051_11795_aligned_22369_F_113_3465_86;0.9095982142857143;;0.9109933035714286;;
43;11;Francisella tularensis subsp. novicida PA10-7858;strain;1386968;1;243;17;17;1;17.0;17;1;4288;4288.0;9.304311179950852E-5;16.99925567547824;1.0000437857125024;182711;264;0.9424612494128699;;0.9429309534992955;;;5.4731242235005E-6;9.304311179950852E-5;0.02346875667037015;5.4731242235005E-6;0.0013299691863106217;1;5.4731242235005E-6;17;9.304311179950852E-5;4288;0.02346875667037015;1;5.4731242235005E-6;243;0.0013299691863106217;263x30837-NZ-VJDJ01000009_33601_aligned_21945_F_46_4248_32;0.9424612494128699;;0.9429309534992955;;
44;10;Francisella tularensis subsp. tularensis;subspecies;119856;1;592;28;28;2;14.0;14;2;8779;8779.0;0.0015825467699090035;27.978646079948536;1.0007632220655154;17693;263;0.928220368042062;;0.9323351240141731;;0.0;5.651952749675013E-5;0.0015825467699090035;0.49618493189396934;1.1303905499350026E-4;0.033459560278076075;2;6.611144488994103E-4;60;0.01937958772062489;16931;5.4248427311684555;5;0.0017792051016615532;1163;0.378683260398995;263x202652-NZ-VJDU01000057_3335_aligned_5307_R_77_8208_2;0.9277275196526489;6.969928764774778E-4;0.9310161214751979;0.0018653512794081575;
45;11;Francisella tularensis subsp. tularensis FSC033;strain;430557;0;0;21;21;2;10.5;20;2;0;;0.011146496815286623;20.888908843772462;1.0053181885687943;1884;119856;;;;;13.435028842544403;0.0;0.011146496815286623;0.0;0.0010615711252653928;0.0;0;0.0;21;0.011146496815286623;0;0.0;2;0.0010615711252653928;0;0.0;263x147277-NZ-JPMR01000050_6405_aligned_15377_F_41_12415_18;;;;;
46;11;Francisella tularensis subsp. tularensis 80700069;strain;1292391;1;571;11;11;1;11.0;11;1;8152;8152.0;0.006650544135429262;10.96680751973195;1.0030266310599807;1654;119856;0.9272346712632357;;0.9296971189362226;;;6.045949214026602E-4;0.006650544135429262;4.928657799274486;6.045949214026602E-4;0.34522370012091896;1;6.045949214026602E-4;11;0.006650544135429262;8152;4.928657799274486;1;6.045949214026602E-4;571;0.34522370012091896;263x202652-NZ-VJDU01000057_3335_aligned_5307_R_77_8208_2;0.9272346712632357;;0.9296971189362226;;
47;10;Francisella tularensis subsp. holarctica;subspecies;119857;51;21427;696;696;140;4.9714285714285715;31;62;297895;5841.078431372549;1.1965070246652358E-4;695.9584229224662;1.0000597407491085;5816932;263;0.929736684664907;0.02227322067031806;0.930443479078069;0.02242716002806028;6.339260852838356;8.767508370391815E-6;1.1965070246652358E-4;0.05121170403917392;1.0658539587535147E-5;0.0036835568990663805;52;3.4798053415058174E-4;697;4.5886372824671353E-4;301158;1.1580638071599338;63;3.498715653677251E-4;21589;0.058636067075457154;263x4304-NZ-JPMU01000017_27772_aligned_11571_F_35_8201_55;0.9301242819101326;0.022230182723365133;0.9308174841230415;0.02236937529519935;
48;11;Francisella tularensis subsp. holarctica F92;strain;1232394;1;162;1;1;1;1.0;1;1;3263;3263.0;3.3921302578018993E-4;1.0000000000000773;0.9999999999999227;2948;119857;0.9498917414166409;;0.9498917414166409;;;3.3921302578018993E-4;3.3921302578018993E-4;1.1068521031207599;3.3921302578018993E-4;0.05495251017639077;1;3.3921302578018993E-4;1;3.3921302578018993E-4;3263;1.1068521031207599;1;3.3921302578018993E-4;162;0.05495251017639077;263x120011-NZ-VJAW01000059_11422_aligned_10663_R_36_3163_37;0.9498917414166409;;0.9498917414166409;;
49;10;Francisella tularensis 99A-2628;strain;1367846;1;152;8;8;1;8.0;8;1;3530;3530.0;0.0031847133757961785;7.988862373368445;1.001394144261226;2512;263;0.9562857142857143;;0.9565714285714285;;;3.980891719745223E-4;0.0031847133757961785;1.4052547770700636;3.980891719745223E-4;0.06050955414012739;1;3.980891719745223E-4;8;0.0031847133757961785;3530;1.4052547770700636;1;3.980891719745223E-4;152;0.06050955414012739;119857x129448-NZ-JACCMA010000004_19701_aligned_33315_R_56_3360_166;0.9562857142857143;;0.9565714285714285;;
50;9;Francisella persica;species;954;0;0;0;0;0;;0;0;0;;;0.0;;0;262;;;;;;;;;;;0;0.0;6;5.362452642840098E-6;0;0.0;2;1.7874842142800326E-6;0;0.0;;;;;;
51;10;Francisella persica ATCC VR-331;strain;1086726;0;0;6;6;2;3.0;5;2;0;;5.362452642840098E-6;5.999986593583226;1.0000022344077883;1118891;954;;;;;2.8284271247461903;0.0;5.362452642840098E-6;0.0;1.7874842142800326E-6;0.0;0;0.0;6;5.362452642840098E-6;0;0.0;2;1.7874842142800326E-6;0;0.0;263x18371-NZ-JACTQI010000009_22478_aligned_446_F_70_9494_3;;;;;
52;9;Francisella philomiragia;species;28110;2;624;127;127;19;6.684210526315789;21;8;7873;3936.5;1.979277432824181E-5;126.99875308944266;1.0000098182897628;6416483;262;0.9201413729416454;3.170133738935271E-4;0.9204677436988256;7.785713252087206E-4;5.92595638393732;3.1169723351561906E-7;1.979277432824181E-5;0.0012269961597342345;1.2467889340624763E-6;9.724953685687316E-5;2;3.1169723351561906E-7;127;1.979277432824181E-5;7873;0.0012269961597342345;8;1.2467889340624763E-6;624;9.724953685687316E-5;28110x114825-NZ-JACTSL010000005_11420_aligned_20748_R_100_1427_50;0.9201413729416454;3.170133738935271E-4;0.9204677436988256;7.785713252087206E-4;
53;9;Francisella orientalis;species;299583;1;91;55;55;7;7.857142857142857;20;2;2077;2077.0;7.61450133322996E-5;54.99794413301479;1.0000373807970029;722306;262;0.9550561797752809;;0.9555446995603322;;8.029706749078105;1.3844547878599928E-6;7.61450133322996E-5;0.0028755125943852053;2.7689095757199856E-6;1.2598538569525935E-4;1;1.3844547878599928E-6;55;7.61450133322996E-5;2077;0.0028755125943852053;2;2.7689095757199856E-6;91;1.2598538569525935E-4;299583x152702-NZ-JACVJT010000086_12341_aligned_1330_F_132_1978_8;0.9550561797752809;;0.9555446995603322;;
54;9;Francisella halioticida;species;549298;0;0;2;2;1;2.0;2;1;0;;1.0477858451466821E-6;1.999999476237773;1.000000261881182;1908787;262;;;;;;0.0;1.0477858451466821E-6;0.0;5.238929225733411E-7;0.0;0;0.0;2;1.0477858451466821E-6;0;0.0;1;5.238929225733411E-7;0;0.0;263x91787-NZ-JACTPT010000077_2069_aligned_16067_F_120_4958_17;;;;;
55;9;Francisella salina;species;573569;0;0;2;2;1;2.0;2;1;0;;7.2243373476567865E-6;1.9999963878308713;1.0000018060878264;276842;262;;;;;;0.0;7.2243373476567865E-6;0.0;3.6121686738283932E-6;0.0;0;0.0;2;7.2243373476567865E-6;0;0.0;1;3.6121686738283932E-6;0;0.0;119857x159617-NZ-PKAJ01000039_14059_aligned_1109_F_75_3470_42;;;;;
56;9;Francisella hispaniensis;species;622488;0;0;78;78;12;6.5;23;11;0;;3.801632752528329E-5;77.99853638820747;1.0000187646058543;2051750;262;;;;;7.354652207338502;0.0;3.801632752528329E-5;0.0;5.361276958693798E-6;0.0;0;0.0;84;5.4382091438228336E-5;0;0.0;13;1.0816531596342147E-5;0;0.0;263x97171-NZ-VJCG01000051_5872_aligned_11528_F_103_1349_18;;;;;
57;10;Francisella hispaniensis FSC454;strain;1088883;0;0;6;6;2;3.0;5;2;0;;1.6365763912945047E-5;5.999959085665216;1.0000068191022973;366619;622488;;;;;2.8284271247461903;0.0;1.6365763912945047E-5;0.0;5.4552546376483484E-6;0.0;0;0.0;6;1.6365763912945047E-5;0;0.0;2;5.4552546376483484E-6;0;0.0;263x6349-NZ-JACTPT010000029_16802_aligned_14728_F_61_6233_1;;;;;
58;9;Francisella noatunensis;species;657445;3;368;86;86;11;7.818181818181818;18;5;7621;2540.3333333333335;1.5589990500982533E-4;85.99337458868071;1.000077045602071;551636;262;0.9436993522215834;0.026802308957802886;0.944344721695607;0.027235579900791576;5.7064556743776045;5.438368779412511E-6;1.5589990500982533E-4;0.013815269489300916;9.063947965687518E-6;6.671065702746014E-4;3;5.438368779412511E-6;86;1.5589990500982533E-4;7621;0.013815269489300916;5;9.063947965687518E-6;368;6.671065702746014E-4;657445x246220-NZ-JACVKY010000076_1661_aligned_1227_F_43_3052_26;0.9436993522215834;0.026802308957802886;0.944344721695607;0.027235579900791576;
59;9;Francisella adeliensis;species;2007306;0;0;7;7;1;7.0;7;1;0;;5.561182943057459E-6;6.999983316332489;1.0000023833867535;1258725;262;;;;;;0.0;5.561182943057459E-6;0.0;7.944547061510656E-7;0.0;0;0.0;7;5.561182943057459E-6;0;0.0;1;7.944547061510656E-7;0;0.0;263x18371-NZ-JACTQI010000009_22478_aligned_446_F_70_9494_3;;;;;
60;9;Francisella salimarina;species;2599927;4;159;52;52;7;7.428571428571429;30;5;1704;426.0;8.2786992253048E-5;51.99788898855367;1.0000405980221003;628118;262;0.8920156365799886;0.07611946159004475;0.8920156365799886;0.07611946159004475;10.814452411120083;6.368230173311384E-6;8.2786992253048E-5;0.0027128660538306495;7.96028771663923E-6;2.5313714938912755E-4;4;6.368230173311384E-6;52;8.2786992253048E-5;1704;0.0027128660538306495;5;7.96028771663923E-6;159;2.5313714938912755E-4;2599927x232579-NZ-OZ220197_252669_aligned_67585_F_320_241_6;0.8920156365799886;0.07611946159004475;0.8920156365799886;0.07611946159004475;
61;9;unclassified Francisella;no rank;2610885;0;0;8;8;3;2.6666666666666665;6;2;0;;3.520457377822527E-6;7.999987678915039;1.0000015401379923;2272432;262;;;;;2.886751345948129;0.0;3.520457377822527E-6;0.0;8.801143444556317E-7;0.0;0;0.0;25;2.0530307765538418E-5;0;0.0;9;1.1106294456278206E-5;0;0.0;263x18371-NZ-JACTQI010000009_22478_aligned_446_F_70_9494_3;;;;;
62;10;Francisella sp. TX07-6608;species;573568;0;0;3;3;2;1.5;2;2;0;;7.541990029489181E-6;2.9999924580304445;1.000002513996172;397773;2610885;;;;;0.7071067811865476;0.0;7.541990029489181E-6;0.0;5.027993352992787E-6;0.0;0;0.0;3;7.541990029489181E-6;0;0.0;2;5.027993352992787E-6;0;0.0;263x20823-NZ-VJDM01000036_18140_aligned_2_F_43_4938_27;;;;;
63;10;Francisella sp. LA112445;species;1395624;0;0;1;1;1;1.0;1;1;0;;5.80212659543976E-7;1.0000000000696907;0.9999999999303093;1723506;2610885;;;;;;0.0;5.80212659543976E-7;0.0;5.80212659543976E-7;0.0;0;0.0;1;5.80212659543976E-7;0;0.0;1;5.80212659543976E-7;0;0.0;28110x114825-NZ-JACTSL010000005_11420_aligned_20748_R_100_1427_50;;;;;
64;10;Francisella sp. SYW-2;species;2610886;0;0;1;1;1;1.0;1;1;0;;3.2066493080050793E-6;0.999999999990338;1.000000000009662;311852;2610885;;;;;;0.0;3.2066493080050793E-6;0.0;3.2066493080050793E-6;0.0;0;0.0;1;3.2066493080050793E-6;0;0.0;1;3.2066493080050793E-6;0;0.0;263x84243-NZ-JACTQH010000080_2324_aligned_10380_R_300_4237_29;;;;;
65;10;Francisella sp. SYW-9;species;2610888;0;0;2;2;1;2.0;2;1;0;;9.170837104840093E-7;1.9999995415193395;1.000000229240383;2180826;2610885;;;;;;0.0;9.170837104840093E-7;0.0;4.5854185524200465E-7;0.0;0;0.0;2;9.170837104840093E-7;0;0.0;1;4.5854185524200465E-7;0;0.0;263x84243-NZ-JACTQH010000080_2324_aligned_10380_R_300_4237_29;;;;;
66;10;Francisella sp. 19X1-34;species;3087177;0;0;10;10;2;5.0;7;2;0;;4.763914680193644E-6;9.999978563015599;1.0000021437030355;2099114;2610885;;;;;2.8284271247461903;0.0;4.763914680193644E-6;0.0;9.527829360387287E-7;0.0;0;0.0;10;4.763914680193644E-6;0;0.0;2;9.527829360387287E-7;0;0.0;263x18371-NZ-JACTQI010000009_22478_aligned_446_F_70_9494_3;;;;;
67;5;Alphaproteobacteria;class;28211;3;24;223;208;61;3.6557377049180326;21;60;899;299.6666666666667;0.0022192347907731046;222.73610784447754;0.9338405075535987;93726;1224;0.9690668437256692;0.004593802269632294;0.9690668437256692;0.004593802269632294;4.210642254659176;3.200819409768901E-5;0.0023792757612615496;0.00959178883127414;6.401638819537802E-4;2.5606555278151206E-4;49875;0.23863242147810848;1117749;2.923489019181091;23424164;109.64041813107573;57922;0.2579816476601119;1449855;7.871765789585783;1933912x59330-NZ-CP019786_541967_aligned_8707_R_73_984_42;0.9297863787540898;0.06171105055667406;0.9298317093497314;0.06167298780674347;
68;6;Hyphomicrobiales;order;356;1;33;2;2;2;1.0;1;2;729;729.0;2.0866589460285663E-5;1.9999895667131884;1.0000052166706193;95847;28211;0.9527896995708155;;0.9527896995708155;;0.0;1.0433294730142832E-5;2.0866589460285663E-5;0.007605871858274125;2.0866589460285663E-5;3.442987260947134E-4;263;0.002455912279524207;8426;0.04570609080468077;187467;1.6092081779761331;363;0.002569527597153294;12802;0.14020691946188468;3243581x174678-NZ-JBHILQ010000091_52_aligned_40061_F_200_358_176;0.9273363668617499;0.05538411797006697;0.9273920251695326;0.05539773833795713;
69;7;Bartonellaceae;family;772;0;0;0;0;0;;0;0;0;;0.0;0.0;;190;356;;;;;;0.0;0.0;0.0;0.0;0.0;262;0.002445478984794064;8424;0.04568522421522048;186738;1.6016023061178588;361;0.0025486610076930084;12769;0.13986262073578995;;0.9272392167369061;0.0554676597007847;0.927295087480978;0.055481409759347323;
70;8;Bartonella;genus;773;32;858;3252;3242;262;12.412213740458014;62;65;17778;555.5625;8.360520497845528E-5;3251.863677806603;0.9969667615915387;38777490;772;0.9480597931698193;0.06357658409498383;0.9480597931698193;0.06357658409498383;12.231715718168024;8.252210238465666E-7;8.386308654840734E-5;4.5846185506075816E-4;1.6762302046883386E-6;2.2126238701886068E-5;262;0.002445478984794064;8424;0.04568522421522048;186738;1.6016023061178588;361;0.0025486610076930084;12769;0.13986262073578995;3243535x121698-NZ-JBHINN010000024_10140_aligned_495_F_54_8207_40;0.9272392167369061;0.0554676597007847;0.927295087480978;0.055481409759347323;
71;9;Bartonella quintana;species;803;1;23;14;14;1;14.0;14;1;155;155.0;9.158072251956884E-6;13.999940472298471;1.00000425199676;1528706;773;0.816;;0.816;;;6.541480179969203E-7;9.158072251956884E-6;1.0139294278952265E-4;6.541480179969203E-7;1.5045404413929166E-5;1;6.541480179969203E-7;14;9.158072251956884E-6;155;1.0139294278952265E-4;1;6.541480179969203E-7;23;1.5045404413929166E-5;803x128473-NZ-CP076598_837662_aligned_71031_F_75_81_2;0.816;;0.816;;
72;9;Bartonella doshiae;species;33044;0;0;14;14;1;14.0;14;1;0;;7.22314833302635E-6;13.999953048787717;1.0000033536692674;1938213;773;;;;;;0.0;7.22314833302635E-6;0.0;5.159391666447392E-7;0.0;0;0.0;14;7.22314833302635E-6;0;0.0;1;5.159391666447392E-7;0;0.0;3243535x121698-NZ-JBHINN010000024_10140_aligned_495_F_54_8207_40;;;;;
73;9;Bartonella grahamii;species;33045;0;0;0;0;0;;0;0;0;;0.0;0.0;;583446;773;;;;;;0.0;0.0;0.0;0.0;0.0;0;0.0;2;1.8774600593840618E-6;0;0.0;1;9.387300296920309E-7;0;0.0;;;;;;
74;10;Bartonella grahamii subsp. shimonis;subspecies;3004106;0;0;2;2;1;2.0;2;1;0;;1.8774600593840618E-6;1.9999990613386376;1.0000004693309015;1065269;33045;;;;;;0.0;1.8774600593840618E-6;0.0;9.387300296920309E-7;0.0;0;0.0;2;1.8774600593840618E-6;0;0.0;1;9.387300296920309E-7;0;0.0;3243525x114850-NZ-JBHINX010000015_27112_aligned_31113_F_74_2702_55;;;;;
75;9;Bartonella taylorii;species;33046;0;0;2;2;1;2.0;2;1;0;;9.978989238159056E-7;1.9999995009272409;1.0000002495364417;2004211;773;;;;;;0.0;9.978989238159056E-7;0.0;4.989494619079528E-7;0.0;0;0.0;2;9.978989238159056E-7;0;0.0;1;4.989494619079528E-7;0;0.0;3243535x121698-NZ-JBHINN010000024_10140_aligned_495_F_54_8207_40;;;;;
76;9;Bartonella henselae;species;38323;2;305;169;169;20;8.45;23;2;4810;2405.0;1.2264346745739048E-4;168.98969836109003;1.0000609601591688;1377978;773;0.9470464119362415;0.042530171567710835;0.9470464119362415;0.042530171567710835;6.931810730249349;1.451401981744266E-6;1.2264346745739048E-4;0.0034906217660949593;1.451401981744266E-6;2.2133880221600054E-4;2;1.451401981744266E-6;169;1.2264346745739048E-4;4810;0.0034906217660949593;2;1.451401981744266E-6;305;2.2133880221600054E-4;38323x245608-NZ-JAUDYQ010000015_14384_aligned_21581_F_100_3201_17;0.9470464119362415;0.042530171567710835;0.9470464119362415;0.042530171567710835;
77;9;Bartonella queenslandensis;species;481138;0;0;0;0;0;;0;0;0;;0.0;0.0;;1180837;773;;;;;;0.0;0.0;0.0;0.0;0.0;0;0.0;1;8.640854131149156E-7;0;0.0;1;8.640854131149156E-7;0;0.0;;;;;;
78;10;Bartonella queenslandensis AUST/NH15;strain;1221525;0;0;1;1;1;1.0;1;1;0;;8.640854131149156E-7;0.9999999999947026;1.0000000000052975;1157293;481138;;;;;;0.0;8.640854131149156E-7;0.0;8.640854131149156E-7;0.0;0;0.0;1;8.640854131149156E-7;0;0.0;1;8.640854131149156E-7;0;0.0;3243464x196471-NZ-JBHIQG010000109_3304_aligned_18695_F_40_1274_30;;;;;
79;9;Bartonella callosciuri;species;686223;0;0;5;5;1;5.0;5;1;0;;3.56955710363281E-6;4.999992861096054;1.0000014277828277;1400734;773;;;;;;0.0;3.56955710363281E-6;0.0;7.13911420726562E-7;0.0;0;0.0;5;3.56955710363281E-6;0;0.0;1;7.13911420726562E-7;0;0.0;1461000x84679-NZ-JBNPXP010000029_928_aligned_4638_R_204_1069_10;;;;;
80;9;Bartonella fuyuanensis;species;1460968;0;0;15;15;1;15.0;15;1;0;;1.0747664890674753E-5;14.999924767624421;1.0000050155168605;1395652;773;;;;;;0.0;1.0747664890674753E-5;0.0;7.165109927116502E-7;0.0;0;0.0;15;1.0747664890674753E-5;0;0.0;1;7.165109927116502E-7;0;0.0;3243525x129939-NZ-JBHINX010000029_9653_aligned_30076_F_87_6243_74;;;;;
81;9;Bartonella heixiaziensis;species;1461000;1;38;40;40;6;6.666666666666667;12;3;1257;1257.0;2.3635186174361497E-5;39.99953911449411;1.0000115222704085;1692392;773;0.9649551752241239;;0.9690301548492257;;5.278888771954441;5.908796543590374E-7;2.3635186174361497E-5;7.4273572552931E-4;1.7726389630771122E-6;2.2453426865643422E-5;1;5.908796543590374E-7;40;2.3635186174361497E-5;1257;7.4273572552931E-4;3;1.7726389630771122E-6;38;2.2453426865643422E-5;1461000x84679-NZ-JBNPXP010000029_928_aligned_4638_R_204_1069_10;0.9649551752241239;;0.9690301548492257;;
82;9;unclassified Bartonella;no rank;2645622;139;5622;3597;2041;337;10.673590504451038;60;194;89673;645.1294964028777;9.06593426118277E-5;3596.7127414324273;0.5674626100907773;22512848;773;0.9322053754123568;0.0472770170003337;0.9322378457042291;0.04727475845191491;10.541597725469506;6.17425214259875E-6;1.5977543134480365E-4;0.003983192175419121;8.617301551540702E-6;2.4972406867403005E-4;223;0.0024395371398345097;4855;0.04536822886519651;158208;1.5928624341770645;279;0.0025336812438055793;11341;0.13940093995545882;3243525x114850-NZ-JBHINX010000015_27112_aligned_31113_F_74_2702_55;0.9239618114117768;0.05375392893368482;0.923996559826171;0.0537543809804975;
83;10;Bartonella sp. 1-1C;species;515256;1;6;1;1;1;1.0;1;1;394;394.0;1.2782525775963228E-6;0.9999999999742606;1.0000000000257394;782318;2645622;0.9835164835164835;;0.9835164835164835;;;1.2782525775963228E-6;1.2782525775963228E-6;5.036315155729511E-4;1.2782525775963228E-6;7.669515465577937E-6;1;1.2782525775963228E-6;1;1.2782525775963228E-6;394;5.036315155729511E-4;1;1.2782525775963228E-6;6;7.669515465577937E-6;1933912x59330-NZ-CP019786_1122286_aligned_35173_F_40_373_36;0.9835164835164835;;0.9835164835164835;;
84;10;Bartonella sp. Raccoon60;species;1933912;3;215;20;20;3;6.666666666666667;9;3;1912;637.3333333333334;8.927774305865548E-4;19.991520885552475;1.0004241355370642;22402;2645622;0.8850767112280223;0.06551355559671361;0.8850767112280223;0.06551355559671361;4.04145188432738;1.3391661458798322E-4;8.927774305865548E-4;0.08534952236407464;1.3391661458798322E-4;0.009597357378805463;3;1.3391661458798322E-4;20;8.927774305865548E-4;1912;0.08534952236407464;3;1.3391661458798322E-4;215;0.009597357378805463;1933912x59330-NZ-CP019786_195422_aligned_35381_F_67_528_1;0.8850767112280223;0.06551355559671361;0.8850767112280223;0.06551355559671361;
85;10;Bartonella sp. MM73XJBT;species;3019095;1;113;12;12;2;6.0;11;1;1727;1727.0;2.8676781604800492E-5;11.999842279202182;1.0000131435725694;418457;2645622;0.9334119033588686;;0.9334119033588686;;7.0710678118654755;2.3897318004000413E-6;2.8676781604800492E-5;0.004127066819290871;2.3897318004000413E-6;2.7003969344520465E-4;1;2.3897318004000413E-6;12;2.8676781604800492E-5;1727;0.004127066819290871;1;2.3897318004000413E-6;113;2.7003969344520465E-4;3019095x51154-NZ-JAQISY010000021_17852_aligned_16645_F_262_1349_143;0.9334119033588686;;0.9334119033588686;;
86;10;Bartonella sp. AA89HNZF;species;3243442;1;219;6;6;2;3.0;4;1;2873;2873.0;7.502719735904265E-5;5.999812435115051;1.0000312617914273;79971;2645622;0.9229686950404502;;0.9229686950404502;;1.4142135623730951;1.2504532893173776E-5;7.502719735904265E-5;0.035925523002088254;1.2504532893173776E-5;0.002738492703605057;1;1.2504532893173776E-5;6;7.502719735904265E-5;2873;0.035925523002088254;1;1.2504532893173776E-5;219;0.002738492703605057;3243442x245832-NZ-JBHIRD010000027_1318_aligned_15131_F_115_2818_3;0.9229686950404502;;0.9229686950404502;;
87;10;Bartonella sp. CL1QHWL;species;3243517;2;99;4;3;2;2.0;3;2;1083;541.5;2.1367521367521368E-4;3.99957266986243;0.7500801329616017;14040;2645622;0.9054006968641115;0.07317446481268403;0.9054006968641115;0.07317446481268403;1.4142135623730951;1.4245014245014244E-4;2.849002849002849E-4;0.07713675213675214;1.4245014245014244E-4;0.007051282051282051;2;1.4245014245014244E-4;4;2.849002849002849E-4;1083;0.07713675213675214;2;1.4245014245014244E-4;99;0.007051282051282051;3243522x30644-NZ-JBHIOA010000283_405_aligned_40552_F_75_433_1;0.9054006968641115;0.07317446481268403;0.9054006968641115;0.07317446481268403;
88;10;Bartonella sp. CL26QHWL;species;3243520;0;0;1;1;1;1.0;1;1;0;;9.170105456212746E-5;1.0000000000000515;0.9999999999999485;10905;2645622;;;;;;0.0;9.170105456212746E-5;0.0;9.170105456212746E-5;0.0;0;0.0;1;9.170105456212746E-5;0;0.0;1;9.170105456212746E-5;0;0.0;3243522x30644-NZ-JBHIOA010000283_900_aligned_37335_R_303_519_3;;;;;
89;10;Bartonella sp. CL29QHWL;species;3243522;40;2137;483;49;42;11.5;38;40;24229;605.725;0.0011494792155390824;480.27957182444754;0.10202391039423711;42628;2645622;0.9063004245380398;0.05606852274096465;0.9063321907388021;0.056069430223898535;9.845761747586822;9.38350380031904E-4;0.01133058083888524;0.568382283944825;9.38350380031904E-4;0.050131369053204464;40;9.38350380031904E-4;483;0.01133058083888524;24229;0.568382283944825;40;9.38350380031904E-4;2137;0.050131369053204464;3243522x30644-NZ-JBHIOA010000283_770_aligned_12884_F_99_600_6;0.9063004245380398;0.05606852274096465;0.9063321907388021;0.056069430223898535;
90;10;Bartonella sp. CL45QHWL;species;3243533;20;832;244;163;26;9.384615384615385;45;20;12760;638.0;0.0045143600963802035;243.18077164484964;0.670283258406842;36107;2645622;0.9324525276112778;0.041762972707968374;0.9324525276112778;0.041762972707968374;8.85924115520928;5.539092142797796E-4;0.00675769241421331;0.3533940787104993;5.539092142797796E-4;0.023042623314038828;20;5.539092142797796E-4;244;0.00675769241421331;12760;0.3533940787104993;20;5.539092142797796E-4;832;0.023042623314038828;3243533x135413-NZ-JBHINP010000243_1012_aligned_69379_F_137_315_4;0.9324525276112778;0.041762972707968374;0.9324525276112778;0.041762972707968374;
91;10;Bartonella sp. CL50QHWL;species;3243536;1;58;1;1;1;1.0;1;1;931;931.0;5.870267097152921E-5;0.9999999999998799;1.0000000000001201;17035;2645622;0.9356270810210877;;0.9356270810210877;;;5.870267097152921E-5;5.870267097152921E-5;0.05465218667449369;5.870267097152921E-5;0.003404754916348694;1;5.870267097152921E-5;1;5.870267097152921E-5;931;0.05465218667449369;1;5.870267097152921E-5;58;0.003404754916348694;1242993x135453-NZ-QOHL01000049_1934_aligned_26100_F_121_803_2;0.9356270810210877;;0.9356270810210877;;
92;10;Bartonella sp. CL9QHWL;species;3243542;10;586;475;305;21;22.61904761904762;156;10;4697;469.7;0.016397849462365593;468.99856136402417;0.6503218242566572;18600;2645622;0.8689540171567653;0.1044764483391569;0.8689540171567653;0.1044764483391569;34.95493697673648;5.376344086021505E-4;0.025537634408602152;0.2525268817204301;5.376344086021505E-4;0.03150537634408602;10;5.376344086021505E-4;475;0.025537634408602152;4697;0.2525268817204301;10;5.376344086021505E-4;586;0.03150537634408602;3243542x76561-NZ-JBHING010000075_1271_aligned_5977_R_38_414_28;0.8689540171567653;0.1044764483391569;0.8689540171567653;0.1044764483391569;
93;10;Bartonella sp. MR30HLJHH;species;3243557;1;635;1;1;1;1.0;1;1;6212;6212.0;2.6711970168071717E-6;0.9999999999978422;1.0000000000021578;374364;2645622;0.8972824328696215;;0.8972824328696215;;;2.6711970168071717E-6;2.6711970168071717E-6;0.01659347586840615;2.6711970168071717E-6;0.001696210105672554;1;2.6711970168071717E-6;1;2.6711970168071717E-6;6212;0.01659347586840615;1;2.6711970168071717E-6;635;0.001696210105672554;3243536x49531-NZ-JBHINM010000017_35509_aligned_13652_F_62_6321_3;0.8972824328696215;;0.8972824328696215;;
94;10;Bartonella sp. TS82HLJMH;species;3243577;1;597;1;1;1;1.0;1;1;8173;8173.0;1.0324925402413968E-5;1.0000000000012965;0.9999999999987035;96853;2645622;0.9247206189365099;;0.9266854967456711;;;1.0324925402413968E-5;1.0324925402413968E-5;0.08438561531392935;1.0324925402413968E-5;0.0061639804652411385;1;1.0324925402413968E-5;1;1.0324925402413968E-5;8173;0.08438561531392935;1;1.0324925402413968E-5;597;0.0061639804652411385;3243535x121698-NZ-JBHINN010000024_10140_aligned_495_F_54_8207_40;0.9247206189365099;;0.9266854967456711;;
95;10;Bartonella sp. TT119HLJHH;species;3243579;1;176;6;6;1;6.0;6;1;2707;2707.0;1.0351966873706004E-4;5.9997412067866;1.0000431340627005;57960;2645622;0.9342547627941726;;0.9342547627941726;;;1.725327812284334E-5;1.0351966873706004E-4;0.046704623878536924;1.725327812284334E-5;0.003036576949620428;1;1.725327812284334E-5;6;1.0351966873706004E-4;2707;0.046704623878536924;1;1.725327812284334E-5;176;0.003036576949620428;3243467x190843-NZ-JBHIQD010000071_1722_aligned_15503_F_44_2690_30;0.9342547627941726;;0.9342547627941726;;
96;10;Bartonella sp. TT29SHDZB;species;3243581;2;46;3;3;2;1.5;2;2;837;418.5;3.29663084327817E-5;2.9999670338043;1.0000109888526536;91002;2645622;0.9392577761221829;0.03453878811066439;0.9392577761221829;0.03453878811066439;0.7071067811865476;2.1977538955187797E-5;3.29663084327817E-5;0.009197600052746094;2.1977538955187797E-5;5.054833959693193E-4;2;2.1977538955187797E-5;3;3.29663084327817E-5;837;0.009197600052746094;2;2.1977538955187797E-5;46;5.054833959693193E-4;3243581x174678-NZ-JBHILQ010000091_92_aligned_47090_F_71_355_11;0.9392577761221829;0.03453878811066439;0.9392577761221829;0.03453878811066439;
97;9;Bartonella refiksaydamii;species;2654951;0;0;3;3;1;3.0;3;1;0;;5.640953321111268E-6;2.9999943590751337;1.0000018803118242;531825;773;;;;;;0.0;5.640953321111268E-6;0.0;1.8803177737037559E-6;0.0;0;0.0;3;5.640953321111268E-6;0;0.0;1;1.8803177737037559E-6;0;0.0;3243525x129939-NZ-JBHINX010000029_9653_aligned_30076_F_87_6243_74;;;;;
98;9;Bartonella eidoli;species;3112254;1;24;2;2;1;2.0;2;1;653;653.0;1.4964918489830216E-6;1.9999992516045846;1.0000003741978478;1336459;773;0.9614767255216693;;0.9614767255216693;;;7.482459244915108E-7;1.4964918489830216E-6;4.886045886929565E-4;7.482459244915108E-7;1.795790218779626E-5;1;7.482459244915108E-7;2;1.4964918489830216E-6;653;4.886045886929565E-4;1;7.482459244915108E-7;24;1.795790218779626E-5;1933912x59330-NZ-CP019786_763445_aligned_10298_F_22_587_51;0.9614767255216693;;0.9614767255216693;;
99;9;Bartonella occidentalis;species;3112256;1;17;2;2;1;2.0;2;1;649;649.0;1.5036791269037517E-6;1.9999992483401443;1.000000375830069;1330071;773;0.9725363489499192;;0.9725363489499192;;;7.518395634518759E-7;1.5036791269037517E-6;4.8794387668026746E-4;7.518395634518759E-7;1.278127257868189E-5;1;7.518395634518759E-7;2;1.5036791269037517E-6;649;4.8794387668026746E-4;1;7.518395634518759E-7;17;1.278127257868189E-5;1933912x59330-NZ-CP019786_507364_aligned_38553_R_100_500_64;0.9725363489499192;;0.9725363489499192;;
100;9;Bartonella rhinolophi;species;3113620;1;163;39;39;8;4.875;10;1;3228;3228.0;3.588424295288675E-5;38.99931820913451;1.0000174821226833;1086828;773;0.9462163852407754;;0.9490306441525954;;3.563204817496262;9.201087936637628E-7;3.588424295288675E-5;0.0029701111859466263;9.201087936637628E-7;1.4997773336719334E-4;1;9.201087936637628E-7;39;3.588424295288675E-5;3228;0.0029701111859466263;1;9.201087936637628E-7;163;1.4997773336719334E-4;3113620x237586-NZ-JBAFWY010000015_27_aligned_10904_F_81_3217_0;0.9462163852407754;;0.9490306441525954;;
101;9;Bartonella propinqua;species;3385560;0;0;9;9;1;9.0;9;1;0;;7.890355618327717E-6;8.999968438072043;1.0000035068931823;1140633;773;;;;;;0.0;7.890355618327717E-6;0.0;8.767061798141909E-7;0.0;0;0.0;9;7.890355618327717E-6;0;0.0;1;8.767061798141909E-7;0;0.0;3113620x237586-NZ-JBAFWY010000015_27_aligned_10904_F_81_3217_0;;;;;
102;6;Rickettsiales;order;766;24;315;1378;445;199;6.924623115577889;41;189;8095;337.2916666666667;0.010982502036081839;1354.8478044696158;0.3284501761245462;40519;28211;0.9545433689161126;0.036044591984369274;0.9545433689161126;0.036044591984369274;7.963258224443054;5.923147165527283E-4;0.03400873664206915;0.199782817937264;0.004664478392852736;0.007774130654754559;49609;0.23614450100448658;1109100;2.8754036526151485;23235798;108.02161816426832;57499;0.25477195618100484;1437029;7.731302804571117;444612x54001-NZ-CM000770_964512_aligned_47882_R_80_278_36;0.9297969919842047;0.06174421009455687;0.9298422705691928;0.061705903100721264;
103;7;Rickettsiaceae;family;775;2;21;165;144;27;6.111111111111111;28;26;777;388.5;0.06047879042419151;159.44500922054777;0.9031326894704875;2381;766;0.9704515754319734;0.0019507810138180831;0.9704515754319734;0.0019507810138180831;5.852897594902054;8.399832003359933E-4;0.06929861402771945;0.32633347333053336;0.010919781604367913;0.00881982360352793;20264;0.21143359409888132;441915;2.5605020646509096;8504029;95.94185526900864;27871;0.22576694558680854;531658;6.891109048225592;783x27228-NZ-CP130471_689615_aligned_25881_F_99_332_70;0.9274261886894685;0.06649030398618329;0.927536694471801;0.06640694699402752;
104;8;Rickettsieae;tribe;33988;150;2403;7991;4076;969;8.246646026831785;100;772;61503;410.02;0.002487584961462573;7971.548365222859;0.5113184808339363;1638537;775;0.9534377048656822;0.04764221260704517;0.9534377048656822;0.04764221260704517;9.584662528472117;9.154507954351962E-5;0.004876911537548435;0.03753531351443391;4.7115200938398097E-4;0.0014665521742871842;20262;0.21059361089854534;441750;2.4912034506231904;8503252;95.6155217956781;27845;0.21484716398244064;531637;6.882289224622064;444612x44192-NZ-GG688316_30715_aligned_15925_F_126_378_4;0.9274219417852396;0.06649220996188353;0.9275324584752596;0.06640885418779134;
105;9;Rickettsia;genus;780;5149;94191;182295;152427;15494;11.765522137601652;160;10082;1940368;376.8436589629054;0.03473666794893065;178560.34726652913;0.8536441731516066;4388072;33988;0.9423041230771925;0.05756538114247675;0.9423132211428116;0.05756575768895441;12.459637647913304;0.0011734082758897302;0.04154330193305853;0.4421914681436403;0.002297592199945671;0.02146523575729842;20112;0.21050206581900183;433759;2.486326539085642;8441749;95.57798648216368;27073;0.21437601197305664;529234;6.880822672447777;444612x54001-NZ-CM000770_85729_aligned_63052_R_187_282_6;0.9272279101393532;0.06657542908873844;0.9273392510886962;0.06649188054207042;
106;10;spotted fever group;species group;114277;7477;205635;157433;99036;14063;11.194837516888288;160;9145;3224330;431.23311488564934;0.03137996962002214;153570.86982459537;0.6448879277242899;3156026;780;0.9252023876692269;0.06751381971941339;0.9253273978399077;0.06742132578957112;11.605655298294849;0.002369118632102524;0.04988330260904061;1.0216424072552;0.00289763138833457;0.06515630733080145;14451;0.20627227947244137;245485;2.4184557213693516;6277218;93.87948649224346;16243;0.20778142290052087;420823;6.789227645216809;1462938x86281-NZ-JFKF01000199_24716_aligned_24268_F_68_493_2;0.9219321889870641;0.06862283606961048;0.9220598721617753;0.06853812008881358;
107;11;Rickettsia conorii;species;781;0;0;0;0;0;;0;0;0;;0.0;0.0;;1602;114277;;;;;;0.0;0.0;0.0;0.0;0.0;61;2.3828929475988906E-4;546;0.0015599770987702593;50232;0.168232740442521;73;2.859356057508699E-4;3395;0.011321245432742388;;0.9196631378437335;0.06586395201357018;0.9199529789039053;0.06573350842588117;
108;12;Rickettsia conorii subsp. heilongjiangensis;subspecies;226665;12;299;23;23;13;1.7692307692307692;6;13;4675;389.5833333333333;1.565872156750611E-4;22.99827762254712;1.0000748915845414;146883;781;0.9331848728200907;0.051787803230745263;0.9335379801647234;0.05220301525443714;1.4232501627054275;8.169767774351014E-5;1.565872156750611E-4;0.03182805362090916;8.850581755546932E-5;0.0020356338037757944;12;8.169767774351014E-5;23;1.565872156750611E-4;4675;0.03182805362090916;13;8.850581755546932E-5;299;0.0020356338037757944;1462938x212560-NZ-CP113531_725965_aligned_103184_F_27_159_68;0.9331848728200907;0.051787803230745263;0.9335379801647234;0.05220301525443714;
109;12;Rickettsia conorii str. Malish 7;strain;272944;5;222;12;12;7;1.7142857142857142;3;7;3231;646.2;1.0815487778498811E-4;11.999405165974194;1.0000495719594078;110952;781;0.9221677147357538;0.03541991277848421;0.922328357306035;0.03555762425507682;0.7559289460184543;4.506453241041171E-5;1.0815487778498811E-4;0.029120700843608047;6.30903453745764E-5;0.00200086523902228;5;4.506453241041171E-5;12;1.0815487778498811E-4;3231;0.029120700843608047;7;6.30903453745764E-5;222;0.00200086523902228;1462938x212560-NZ-CP113531_1157403_aligned_26283_F_179_711_5;0.9221677147357538;0.03541991277848421;0.922328357306035;0.03555762425507682;
110;12;Rickettsia conorii subsp. raoultii;subspecies;369822;44;2874;511;510;91;5.615384615384615;23;53;42326;961.9545454545455;0.0012927002988418926;510.66985705940345;0.9986882776609125;394523;781;0.9156907809306337;0.07198899654676001;0.9159780491961673;0.07173619699884277;5.74218160394197;1.115270846059672E-4;0.00129523500531021;0.10728398597800382;1.3433944282082415E-4;0.007284746389944313;44;1.115270846059672E-4;511;0.00129523500531021;42326;0.10728398597800382;53;1.3433944282082415E-4;2874;0.007284746389944313;369822x207581-NZ-JBGCYW010000046_3530_aligned_1_F_23_4959_102;0.9156907809306337;0.07198899654676001;0.9159780491961673;0.07173619699884277;
111;11;Rickettsia rickettsii;species;783;4;61;10;10;5;2.0;6;5;5072;1268.0;8.531913622906481E-5;9.999616072655751;1.0000383942084836;117207;114277;0.945060209167285;0.05255881178121225;0.945060209167285;0.05255881178121225;2.23606797749979;3.412765449162593E-5;8.531913622906481E-5;0.04327386589538167;4.265956811453241E-5;5.204467309972954E-4;7;1.0505634751224254E-4;22;3.6903390831153124E-4;6161;0.0690209814618655;9;1.3723115880868788E-4;156;0.0027665220099834876;33989x87443-NZ-CP012420_698454_aligned_115309_F_104_78_100;0.9285206790269821;0.049352493616294;0.9285206790269821;0.049352493616294;
112;12;Rickettsia rickettsii str. Hlp#2;strain;1105101;3;95;12;12;4;3.0;9;4;1089;363.0;2.8371477208246644E-4;11.99843969172394;1.0001300425985502;42296;783;0.9064679721732452;0.043436941659952724;0.9064679721732452;0.043436941659952724;4.0;7.092869302061661E-5;2.8371477208246644E-4;0.02574711556648383;9.457159069415548E-5;0.0022460752789861924;3;7.092869302061661E-5;12;2.8371477208246644E-4;1089;0.02574711556648383;4;9.457159069415548E-5;95;0.0022460752789861924;369822x184560-NZ-JBGCYD010000005_76912_aligned_22578_F_38_8717_33;0.9064679721732452;0.043436941659952724;0.9064679721732452;0.043436941659952724;
113;11;Rickettsia akari;species;786;0;0;0;0;0;;0;0;0;;;0.0;;0;114277;;;;;;;;;;;30;4.7734215885947046E-5;109;1.7343431771894093E-4;12318;0.019599669042769857;34;5.409877800407332E-5;1082;0.0017216140529531568;;0.9071141419137351;0.07873389397825702;0.9075429063552382;0.07863129357598285;
114;12;Rickettsia akari str. Hartford;strain;293614;30;1082;109;109;34;3.2058823529411766;19;34;12318;410.6;1.7343431771894093E-4;108.99063507998292;1.0000859240797175;628480;786;0.9071141419137351;0.07873389397825702;0.9075429063552382;0.07863129357598285;3.6662210067845384;4.7734215885947046E-5;1.7343431771894093E-4;0.019599669042769857;5.409877800407332E-5;0.0017216140529531568;30;4.7734215885947046E-5;109;1.7343431771894093E-4;12318;0.019599669042769857;34;5.409877800407332E-5;1082;0.0017216140529531568;1462938x212560-NZ-CP113531_1324075_aligned_73440_R_14_331_64;0.9071141419137351;0.07873389397825702;0.9075429063552382;0.07863129357598285;
115;11;Rickettsia australis;species;787;30;925;160;160;34;4.705882352941177;31;34;12318;410.6;3.1894938073984293E-4;159.97464618504029;1.0001584864574753;501647;114277;0.9108298139747827;0.05772291783633126;0.9109333336435198;0.057810405351428826;7.056178946077904;5.980300888872055E-5;3.1894938073984293E-4;0.024555115449708658;6.777674340721663E-5;0.0018439261074022172;31;1.9991790310197542E-4;163;7.392940633796075E-4;12441;0.041789247437939006;35;2.0789163762047148E-4;945;0.004646223991667315;1462938x212560-NZ-CP113531_299248_aligned_24612_R_89_339_50;0.9067690534129877;0.0610905377449639;0.9068692337375721;0.061177329821412656;
116;12;Rickettsia australis str. Cutlack;strain;1105110;1;20;3;3;1;3.0;3;1;123;123.0;4.203446826397646E-4;2.9995796749503842;1.0001401279829725;7137;787;0.7849462365591398;;0.7849462365591398;;;1.4011489421325487E-4;4.203446826397646E-4;0.017234131988230348;1.4011489421325487E-4;0.0028022978842650974;1;1.4011489421325487E-4;3;4.203446826397646E-4;123;0.017234131988230348;1;1.4011489421325487E-4;20;0.0028022978842650974;1196662x120167-NZ-AKVZ01000016_13044_aligned_111134_F_71_50_2;0.7849462365591398;;0.7849462365591398;;
117;11;Rickettsia amblyommatis;species;33989;56;1467;291;290;69;4.217391304347826;23;63;20548;366.92857142857144;5.89918896322771E-4;290.91418361562114;0.996857548833614;491593;114277;0.9142714927387722;0.08206159162171146;0.9156163172419743;0.08214315803479247;4.448626903879811;1.1391537308301786E-4;5.919530994135392E-4;0.041798805109104484;1.281547947183951E-4;0.0029841759341569145;1374;0.10341803313588228;12602;0.9662584414821802;662666;50.3792538832688;1381;0.10343227255751766;49756;3.7910514405764544;1359164x31536-NZ-LANR01000001_398516_aligned_104854_F_123_159_44;0.9152261840696343;0.06834056366329751;0.9152809949664169;0.06834424037923359;
118;12;Rickettsia amblyommatis str. Ac/Pa;strain;1359164;3;49;14;14;3;4.666666666666667;10;3;1298;432.6666666666667;3.630893718553867E-4;13.997640163872985;1.0001685881405284;38558;33989;0.9605590350253391;0.010762381648302911;0.9605590350253391;0.010762381648302911;4.725815626252609;7.780486539758286E-5;3.630893718553867E-4;0.03366357176202085;7.780486539758286E-5;0.0012708128014938533;3;7.780486539758286E-5;14;3.630893718553867E-4;1298;0.03366357176202085;3;7.780486539758286E-5;49;0.0012708128014938533;1462938x212560-NZ-CP113531_1674118_aligned_81843_F_27_220_94;0.9605590350253391;0.010762381648302911;0.9605590350253391;0.010762381648302911;
119;12;Rickettsia amblyommatis str. Darkwater;strain;1359166;1315;48240;12297;948;1484;8.286388140161725;39;1315;640820;487.31558935361215;0.07441714420284166;7887.311127781248;0.12019305244101339;12739;33989;0.9151634191735591;0.0677743321628332;0.9151634191735591;0.0677743321628332;7.082467932611783;0.10322631289740168;0.9653033990109113;50.30379150639768;0.10322631289740168;3.7867964518408037;1315;0.10322631289740168;12297;0.9653033990109113;640820;50.30379150639768;1315;0.10322631289740168;48240;3.7867964518408037;1359166x139103-NZ-LAOH01000004_1806_aligned_44667_F_67_399_0;0.9151634191735591;0.0677743321628332;0.9151634191735591;0.0677743321628332;
120;11;Rickettsia montanensis;species;33991;0;0;0;0;0;;0;0;0;;;0.0;;0;114277;;;;;;;;;;;14;5.4185647770067075E-5;43;1.6642734672234888E-4;5991;0.02318758684217656;16;6.192645459436237E-5;352;0.001362382001075972;;0.9362359417123677;0.049036086793182464;0.9365681676259889;0.049380132325652935;
121;12;Rickettsia montanensis str. OSU 85-930;strain;1105114;14;352;43;43;16;2.6875;7;16;5991;427.92857142857144;1.6642734672234888E-4;42.99650521003167;1.0000812807913402;258371;33991;0.9362359417123677;0.049036086793182464;0.9365681676259889;0.049380132325652935;2.023816526598529;5.4185647770067075E-5;1.6642734672234888E-4;0.02318758684217656;6.192645459436237E-5;0.001362382001075972;14;5.4185647770067075E-5;43;1.6642734672234888E-4;5991;0.02318758684217656;16;6.192645459436237E-5;352;0.001362382001075972;444612x54001-NZ-CM000770_873966_aligned_29149_R_40_317_23;0.9362359417123677;0.049036086793182464;0.9365681676259889;0.049380132325652935;
122;11;Rickettsia rhipicephali;species;33992;36;1089;233;224;43;5.4186046511627906;29;41;14921;414.47222222222223;6.011437833950132E-4;232.9274805510819;0.9616727037532865;372623;114277;0.9153706956407875;0.07552797328397487;0.9154564295228176;0.07556005996765579;7.2513793700612075;9.661239375991283E-5;6.252968818349914E-4;0.04004315353587943;1.1003078178212295E-4;0.002922524911237363;40;1.6458527258126311E-4;248;8.801951774150549E-4;16829;0.07246621673366352;46;1.949968803088108E-4;1219;0.005131643472931247;33992x178934-NZ-CP013133_227821_aligned_80309_F_137_230_14;0.9162776549569053;0.07209671456304238;0.9166259651253525;0.07215932123634955;
123;12;Rickettsia rhipicephali str. 3-7-female6-CWPP;strain;1105113;4;130;15;15;5;3.0;11;5;1908;477.0;2.5489829558006356E-4;14.998215843356936;1.0001189579255092;58847;33992;0.9244402888019642;0.030368681865460934;0.927151785548168;0.030293189333948013;4.47213595499958;6.797287882135028E-5;2.5489829558006356E-4;0.03242306319778408;8.496609852668785E-5;0.002209118561693884;4;6.797287882135028E-5;15;2.5489829558006356E-4;1908;0.03242306319778408;5;8.496609852668785E-5;130;0.002209118561693884;1462938x212560-NZ-CP113531_1599893_aligned_5387_F_67_412_14;0.9244402888019642;0.030368681865460934;0.927151785548168;0.030293189333948013;
124;11;Rickettsia africae;species;35788;0;0;0;0;0;;0;0;0;;;0.0;;0;114277;;;;;;;;;;;9;6.89137659075943E-5;66;5.053676166556915E-4;2902;0.02222086096264874;12;9.188502121012573E-5;191;0.0014625032542611679;;0.905770358218627;0.08277587292962353;0.905770358218627;0.08277587292962353;
125;12;Rickettsia africae ESF-5;strain;347255;9;191;66;66;12;5.5;24;12;2902;322.44444444444446;5.053676166556915E-4;65.98357823526749;1.0002488765412807;130598;35788;0.905770358218627;0.08277587292962353;0.905770358218627;0.08277587292962353;7.763551202428388;6.89137659075943E-5;5.053676166556915E-4;0.02222086096264874;9.188502121012573E-5;0.0014625032542611679;9;6.89137659075943E-5;66;5.053676166556915E-4;2902;0.02222086096264874;12;9.188502121012573E-5;191;0.0014625032542611679;444612x54001-NZ-CM000770_860995_aligned_94781_R_96_264_26;0.905770358218627;0.08277587292962353;0.905770358218627;0.08277587292962353;
126;11;Rickettsia helvetica;species;35789;18;566;142;142;22;6.454545454545454;41;21;7408;411.55555555555554;5.370630216981025E-4;141.9621437372473;1.0002666644906602;264401;114277;0.9058143790935548;0.08405449734562281;0.906026693318608;0.08421907275882803;9.085452908108355;6.807841120116792E-5;5.370630216981025E-4;0.02801804834323622;7.942481306802925E-5;0.002140687818881169;18;6.807841120116792E-5;142;5.370630216981025E-4;7408;0.02801804834323622;21;7.942481306802925E-5;566;0.002140687818881169;35789x222294-NZ-OY974080_189755_aligned_115442_R_36_130_32;0.9058143790935548;0.08405449734562281;0.906026693318608;0.08421907275882803;
127;11;Rickettsia japonica;species;35790;10;465;88;88;12;7.333333333333333;22;11;4596;459.6;9.936092857304158E-4;87.95679198295853;1.0004912413932723;88566;114277;0.8702251376146822;0.09867983381569974;0.8709102042070995;0.09919782321785106;6.5551275326798155;1.1291014610572907E-4;9.936092857304158E-4;0.051893503150193074;1.2420116071630197E-4;0.005250321793916401;10;1.1291014610572907E-4;88;9.936092857304158E-4;4596;0.051893503150193074;11;1.2420116071630197E-4;465;0.005250321793916401;652620x90159-NZ-AMRT02000009_21435_aligned_37665_R_271_521_9;0.8702251376146822;0.09867983381569974;0.8709102042070995;0.09919782321785106;
128;11;Rickettsia massiliae;species;35791;0;0;0;0;0;;0;0;0;;0.0;0.0;;1397;114277;;;;;;0.0;0.0;0.0;0.0;0.0;15;1.1721222445359569E-4;95;7.42344088206106E-4;5409;0.0422667281379666;18;1.4065466934431482E-4;293;0.002289545450993569;;0.931296989922519;0.0685516433683277;0.9318525454780746;0.06816786520751693;
129;12;Rickettsia massiliae MTU5;strain;416276;15;293;95;92;19;5.0;30;18;5409;360.6;7.189016433153868E-4;94.965118277635;0.9687767642328804;127973;35791;0.931296989922519;0.0685516433683277;0.9318525454780746;0.06816786520751693;6.69991708074726;1.1721222445359569E-4;7.42344088206106E-4;0.0422667281379666;1.4065466934431482E-4;0.002289545450993569;15;1.1721222445359569E-4;95;7.42344088206106E-4;5409;0.0422667281379666;18;1.4065466934431482E-4;293;0.002289545450993569;416276x180227-NC-009900_717067_aligned_115009_F_174_106_101;0.931296989922519;0.0685516433683277;0.9318525454780746;0.06816786520751693;
130;11;Rickettsia parkeri;species;35792;13;364;46;46;16;2.875;14;16;5124;394.15384615384613;2.4107498480179442E-4;45.994576230046555;1.000117921946412;190812;114277;0.9299955063401824;0.05536474039746647;0.9299955063401824;0.05536474039746647;3.364025366531392;6.812988700920278E-5;2.4107498480179442E-4;0.026853657002704232;8.385216862671111E-5;0.0019076368362576778;14;0.001158642427903423;47;0.0013315875256960147;5542;0.48268789909648835;17;0.0011743647095209314;376;0.014993787326988322;444612x54001-NZ-CM000770_1562106_aligned_0_F_1190_26443_550;0.9327866962407733;0.05420826549555689;0.9327866962407733;0.05420826549555689;
131;12;Rickettsia parkeri str. Grand Bay;strain;1359203;1;12;1;1;1;1.0;1;1;418;418.0;0.0010905125408942203;0.9999999999999871;1.0000000000000129;917;35792;0.9690721649484536;;0.9690721649484536;;;0.0010905125408942203;0.0010905125408942203;0.4558342420937841;0.0010905125408942203;0.013086150490730643;1;0.0010905125408942203;1;0.0010905125408942203;418;0.4558342420937841;1;0.0010905125408942203;12;0.013086150490730643;1462938x23889-NZ-JFKF01000150_5939_aligned_116146_R_312_79_33;0.9690721649484536;;0.9690721649484536;;
132;11;Rickettsia slovaca;species;35794;9;382;45;45;10;4.5;10;9;7731;859.0;6.561871154014407E-4;44.98556690011416;1.0003208384573188;68578;114277;0.9222041266743273;0.08435695404228478;0.9236205157473252;0.08128209106955839;3.719318934070233;1.3123742308028815E-4;6.561871154014407E-4;0.11273294642596751;1.3123742308028815E-4;0.005570299512963341;9;1.3123742308028815E-4;45;6.561871154014407E-4;7731;0.11273294642596751;9;1.3123742308028815E-4;382;0.005570299512963341;1462938x212560-NZ-CP113531_330750_aligned_44683_F_50_118_126;0.9222041266743273;0.08435695404228478;0.9236205157473252;0.08128209106955839;
133;11;Rickettsia honei;species;37816;0;0;0;0;0;;0;0;0;;;0.0;;0;114277;;;;;;;;;;;6;3.696447713747089E-5;15;9.241119284367723E-5;5586;0.0344139282149854;7;4.312522332704937E-5;261;0.0016079547554799837;;0.9518846737910626;0.03479123338545109;0.9519335496463901;0.03479196995269109;
134;12;Rickettsia honei RB;strain;1175313;6;261;15;15;7;2.142857142857143;7;7;5586;931.0;9.241119284367723E-5;14.999353138797396;1.00004312593994;162318;37816;0.9518846737910626;0.03479123338545109;0.9519335496463901;0.03479196995269109;2.193062655175134;3.696447713747089E-5;9.241119284367723E-5;0.0344139282149854;4.312522332704937E-5;0.0016079547554799837;6;3.696447713747089E-5;15;9.241119284367723E-5;5586;0.0344139282149854;7;4.312522332704937E-5;261;0.0016079547554799837;444612x54001-NZ-CM000770_1009893_aligned_85203_R_333_177_4;0.9518846737910626;0.03479123338545109;0.9519335496463901;0.03479196995269109;
135;11;Rickettsia felis;species;42862;36;1050;205;205;46;4.456521739130435;18;40;18605;516.8055555555555;3.863113858214299E-4;204.96060126630252;1.0001922258885565;530660;114277;0.9420707554766184;0.04464033513976172;0.942217204679066;0.04441474775250124;4.375215660661162;6.784004824181209E-5;3.863113858214299E-4;0.03506011382052538;7.53778313797912E-5;0.001978668073719519;41;1.760932741879453E-4;230;9.275775155520959E-4;20195;0.06948463967139573;45;1.836310573259244E-4;1150;0.0041437325926421825;42862x66326-NZ-JSEL01000012_182590_aligned_98989_F_32_143_35;0.9401475251049466;0.04481178213374727;0.9403859806120836;0.04452699475356863;
136;12;Rickettsia felis str. LSU;strain;1359195;5;100;25;25;5;5.0;9;5;1590;318.0;5.41266129730666E-4;24.99350588443378;1.0002598321178409;46188;42862;0.926300266428909;0.04869640455153107;0.92720116732981;0.04814760793846607;3.7416573867739413;1.0825322594613319E-4;5.41266129730666E-4;0.03442452585087036;1.0825322594613319E-4;0.002165064518922664;5;1.0825322594613319E-4;25;5.41266129730666E-4;1590;0.03442452585087036;5;1.0825322594613319E-4;100;0.002165064518922664;1462938x212560-NZ-CP113531_1463822_aligned_66723_F_41_304_38;0.926300266428909;0.04869640455153107;0.92720116732981;0.04814760793846607;
137;11;Rickettsia peacockii;species;47589;0;0;0;0;0;;0;0;0;;;0.0;;0;114277;;;;;;;;;;;10;8.527184664711098E-5;30;2.5581553994133297E-4;3437;0.02930793369261205;13;1.1085340064124429E-4;135;0.0011511699297359983;;0.9560104724902023;0.04244765842147037;0.9560104724902023;0.04244765842147037;
138;12;Rickettsia peacockii str. Rustic;strain;562019;10;135;30;29;13;2.3076923076923075;15;13;3437;343.7;2.472883552766219E-4;29.996290969855817;0.9667861946379631;117272;47589;0.9560104724902023;0.04244765842147037;0.9560104724902023;0.04244765842147037;3.838068424451189;8.527184664711098E-5;2.5581553994133297E-4;0.02930793369261205;1.1085340064124429E-4;0.0011511699297359983;10;8.527184664711098E-5;30;2.5581553994133297E-4;3437;0.02930793369261205;13;1.1085340064124429E-4;135;0.0011511699297359983;444612x27776-NZ-GG688305_1755_aligned_95670_F_94_209_1;0.9560104724902023;0.04244765842147037;0.9560104724902023;0.04244765842147037;
139;11;Rickettsia monacensis;species;109232;47;1821;586;584;66;8.878787878787879;37;50;23623;502.6170212765957;0.004168242842970016;584.7783116076832;0.9986690484372728;140107;114277;0.9211834897720933;0.05525884510222449;0.9213899788815898;0.05520393107515469;8.57817472339434;3.354579000335458E-4;0.004182517647226763;0.1686068504785628;3.568701064186657E-4;0.012997209275767805;47;3.354579000335458E-4;586;0.004182517647226763;23623;0.1686068504785628;50;3.568701064186657E-4;1821;0.012997209275767805;109232x175602-NZ-LN794217_951718_aligned_55022_R_132_252_77;0.9211834897720933;0.05525884510222449;0.9213899788815898;0.05520393107515469;
140;11;Rickettsia asiatica;species;238800;17;524;118;118;23;5.130434782608695;25;22;6530;384.11764705882354;5.120238828767064E-4;117.97005162673027;1.0002538642041499;230458;114277;0.9174394964108364;0.06749322336768629;0.9174394964108364;0.06749322336768629;7.040818313920924;7.376615261783058E-5;5.120238828767064E-4;0.02833488097614316;9.546207985836898E-5;0.002273733174808425;17;7.376615261783058E-5;118;5.120238828767064E-4;6530;0.02833488097614316;22;9.546207985836898E-5;524;0.002273733174808425;444612x54001-NZ-CM000770_523234_aligned_40087_R_59_284_46;0.9174394964108364;0.06749322336768629;0.9174394964108364;0.06749322336768629;
141;11;Rickettsia sibirica subgroup;;266068;0;0;0;0;0;;0;0;0;;;0.0;;0;114277;;;;;;;;;;;10;1.0770386815028915E-4;92;0.0010336141240755341;4991;0.055913296716999454;10;1.0770386815028915E-4;450;0.0054735059441251635;;0.9069708683179438;0.0842078496150928;0.9069708683179438;0.0842078496150928;
142;12;Rickettsia sibirica;species;35793;5;93;37;37;5;7.4;16;5;2041;408.2;3.1065287479849544E-4;36.99440879602122;1.000151136459826;119104;266068;0.95605801356947;0.03303581310655446;0.95605801356947;0.03303581310655446;6.4265076052238514;4.1980118216012894E-5;3.1065287479849544E-4;0.017136284255776464;4.1980118216012894E-5;7.808301988178398E-4;10;1.0770386815028915E-4;92;0.0010336141240755341;4991;0.055913296716999454;10;1.0770386815028915E-4;450;0.0054735059441251635;1462938x212560-NZ-CP113531_1431061_aligned_65405_F_83_346_1;0.9069708683179438;0.0842078496150928;0.9069708683179438;0.0842078496150928;
143;13;Rickettsia sibirica subsp. mongolitimonae;subspecies;45261;0;0;0;0;0;;0;0;0;;;0.0;;0;35793;;;;;;;;;;;5;6.572374993427625E-5;55;7.229612492770387E-4;2950;0.03877701246122299;5;6.572374993427625E-5;357;0.004692675745307324;;0.8578837230664179;0.09401824204814155;0.8578837230664179;0.09401824204814155;
144;14;Rickettsia sibirica subsp. mongolitimonae HA-91;strain;1144280;5;357;55;55;5;11.0;18;5;2950;590.0;7.229612492770387E-4;54.98048457833138;1.000354951794592;76076;45261;0.8578837230664179;0.09401824204814155;0.8578837230664179;0.09401824204814155;4.527692569068709;6.572374993427625E-5;7.229612492770387E-4;0.03877701246122299;6.572374993427625E-5;0.004692675745307324;5;6.572374993427625E-5;55;7.229612492770387E-4;2950;0.03877701246122299;5;6.572374993427625E-5;357;0.004692675745307324;1133329x83198-NZ-LAOP01000001_420680_aligned_9625_F_61_1429_0;0.8578837230664179;0.09401824204814155;0.8578837230664179;0.09401824204814155;
145;11;Rickettsia tamurae;species;334545;42;953;231;231;47;4.914893617021277;21;46;15026;357.76190476190476;8.865486392821642E-4;230.8980767707014;1.0004414208672678;260561;114277;0.9288809873416918;0.05208648314704074;0.9295553677538132;0.05140816379967324;5.4526809809249785;1.6119066168766624E-4;8.865486392821642E-4;0.05766787815521125;1.7654215327696777E-4;0.003657492871151093;301;0.007036140891295077;3655;0.09177392155887976;128821;3.0782661846346526;317;0.007370022895453062;10077;0.24584685926087316;1462938x212560-NZ-CP113531_958341_aligned_22501_F_20_196_51;0.9099483400292111;0.07375353926602828;0.9102742527680083;0.07349331815934189;
146;12;Rickettsia tamurae subsp. buchneri;subspecies;1462938;259;9124;3424;3214;320;10.7;124;271;113795;439.36293436293437;0.08531308894964564;3273.05112125799;0.9819583871225043;37673;334545;0.9068781810055655;0.07632921093063319;0.907147585473013;0.07609356739162111;13.074083579433255;0.0068749502296074115;0.09088737291959759;3.0205983064794415;0.007193480742176094;0.24218936638972208;259;0.0068749502296074115;3424;0.09088737291959759;113795;3.0205983064794415;271;0.007193480742176094;9124;0.24218936638972208;1462938x212560-NZ-CP113531_257992_aligned_80186_R_191_335_2;0.9068781810055655;0.07632921093063319;0.907147585473013;0.07609356739162111;
147;11;Rickettsia gravesii;species;354585;0;0;0;0;0;;0;0;0;;;0.0;;0;114277;;;;;;;;;;;16;5.219530177039939E-5;100;3.262206360649962E-4;6436;0.020995560137143154;18;5.871971449169932E-5;437;0.0014255841796040334;;0.9190719270223142;0.06667211563558492;0.9192422267498347;0.06663624372184097;
148;12;Rickettsia gravesii BWI-1;strain;1397702;16;437;100;100;18;5.555555555555555;24;18;6436;402.25;3.262206360649962E-4;99.9838537976226;1.000161488097969;306541;354585;0.9190719270223142;0.06667211563558492;0.9192422267498347;0.06663624372184097;6.363704269224316;5.219530177039939E-5;3.262206360649962E-4;0.020995560137143154;5.871971449169932E-5;0.0014255841796040334;16;5.219530177039939E-5;100;3.262206360649962E-4;6436;0.020995560137143154;18;5.871971449169932E-5;437;0.0014255841796040334;1462938x27441-NZ-JFKF01000157_789_aligned_75420_R_38_288_34;0.9190719270223142;0.06667211563558492;0.9192422267498347;0.06663624372184097;
149;11;Rickettsia hoogstraalii;species;467174;44;1465;180;180;49;3.673469387755102;24;46;17080;388.1818181818182;3.1301898112321645E-4;179.9719876869369;1.0001556481840486;575045;114277;0.8964778109134074;0.08183522957570123;0.8965757732958526;0.08184317938883663;4.806192858793576;7.651575094123069E-5;3.1301898112321645E-4;0.029702023319914093;7.999373962037753E-5;0.002547626707475067;44;7.651575094123069E-5;180;3.1301898112321645E-4;17080;0.029702023319914093;46;7.999373962037753E-5;1465;0.002547626707475067;444612x54001-NZ-CM000770_489161_aligned_71972_R_61_228_2;0.8964778109134074;0.08183522957570123;0.8965757732958526;0.08184317938883663;
150;11;Rickettsia asembonensis;species;1068590;19;434;50;50;24;2.0833333333333335;11;22;6615;348.1578947368421;1.0259419686184871E-4;49.997486523872354;1.0000502720497049;487357;114277;0.9308371997650025;0.050941697775931626;0.9316140496387645;0.0505025041836028;2.465706824609839;3.898579480750251E-5;1.0259419686184871E-4;0.013573212244822584;4.514144661921343E-5;8.905176287608467E-4;19;3.898579480750251E-5;50;1.0259419686184871E-4;6615;0.013573212244822584;22;4.514144661921343E-5;434;8.905176287608467E-4;444612x54001-NZ-CM000770_1127397_aligned_42875_F_140_428_17;0.9308371997650025;0.050941697775931626;0.9316140496387645;0.0505025041836028;
151;11;Rickettsia fournieri;species;1436798;8;309;40;40;9;4.444444444444445;16;9;2981;372.625;3.6736680657219217E-4;39.99283718040845;1.0001791025617721;108883;114277;0.8859175471599161;0.06187999453442665;0.8859175471599161;0.06187999453442665;5.150512380120815;7.347336131443843E-5;3.6736680657219217E-4;0.027378011259792622;8.265753147874324E-5;0.0028379085807701846;8;7.347336131443843E-5;40;3.6736680657219217E-4;2981;0.027378011259792622;9;8.265753147874324E-5;309;0.0028379085807701846;1462938x212560-NZ-CP113531_1572750_aligned_7688_F_119_376_2;0.8859175471599161;0.06187999453442665;0.8859175471599161;0.06187999453442665;
152;11;Rickettsia argasii;species;1441385;0;0;0;0;0;;0;0;0;;;0.0;;0;114277;;;;;;;;;;;13;8.887430438765605E-5;64;4.375350369853836E-4;6056;0.041401752874741925;22;1.5040266896372562E-4;273;0.001866360392140777;;0.950503507871058;0.05050430940253252;0.950503507871058;0.05050430940253252;
153;12;Rickettsia argasii T170-B;strain;1268837;13;273;64;54;22;2.909090909090909;18;22;6056;465.84615384615387;3.691701874564174E-4;63.98621959362681;0.8439317144058709;146274;1441385;0.950503507871058;0.05050430940253252;0.950503507871058;0.05050430940253252;3.8780099328084554;8.887430438765605E-5;4.375350369853836E-4;0.041401752874741925;1.5040266896372562E-4;0.001866360392140777;13;8.887430438765605E-5;64;4.375350369853836E-4;6056;0.041401752874741925;22;1.5040266896372562E-4;273;0.001866360392140777;444612x27776-NZ-GG688305_1654_aligned_88777_R_87_275_2;0.950503507871058;0.05050430940253252;0.950503507871058;0.05050430940253252;
154;11;Rickettsia koreansis;species;2358204;14;344;58;58;16;3.625;12;16;5045;360.35714285714283;3.682679975110163E-4;57.989505606106874;1.000180970570165;157494;114277;0.9266339542644004;0.057579496550777175;0.9266339542644004;0.057579496550777175;3.5189960689567887;8.88922752612798E-5;3.682679975110163E-4;0.03203296633522547;1.0159117172717691E-4;0.0021842101921343035;14;8.88922752612798E-5;58;3.682679975110163E-4;5045;0.03203296633522547;16;1.0159117172717691E-4;344;0.0021842101921343035;444612x54001-NZ-CM000770_1478061_aligned_30621_F_278_215_9;0.9266339542644004;0.057579496550777175;0.9266339542644004;0.057579496550777175;
155;11;unclassified spotted fever group;no rank;2750824;0;0;0;0;0;;0;0;0;;;0.0;;0;114277;;;;;;;;;;;4745;0.08965069770826012;68340;1.2924318627733793;1994148;37.6745701120672;4757;0.08986352944585817;136913;2.5864013035926483;;0.9198348670922705;0.07014176127282575;0.919936315857238;0.07006900547221441;
156;12;Rickettsia endosymbiont of Ixodes scapularis;species;444612;4734;136568;68268;12469;6509;10.488247042556461;101;4745;1989364;420.2289818335446;0.23599886438913598;38321.727421432486;0.3253767728911502;52835;2750824;0.9198826870318035;0.07015499595396318;0.9199797192625274;0.07008159921344881;10.18008068999242;0.08959969717043627;1.2920980410712595;37.652389514526355;0.08980789249550487;2.5848017412699913;4734;0.08959969717043627;68268;1.2920980410712595;1989364;37.652389514526355;4745;0.08980789249550487;136568;2.5848017412699913;444612x47268-NZ-CM000772_7246_aligned_7873_F_82_487_3;0.9198826870318035;0.07015499595396318;0.9199797192625274;0.07008159921344881;
157;12;Rickettsia sp. Tenjiku01;species;1736693;11;345;72;72;12;6.0;10;12;4784;434.90909090909093;3.338217021197678E-4;71.98815061175351;1.000164601926092;215684;2750824;0.8992549040241232;0.0637657204685691;0.9012570685262878;0.06465717574984715;2.6628760937957834;5.100053782385342E-5;3.338217021197678E-4;0.022180597540846794;5.5636950353294636E-5;0.0015995623226572207;11;5.100053782385342E-5;72;3.338217021197678E-4;4784;0.022180597540846794;12;5.5636950353294636E-5;345;0.0015995623226572207;35790x22921-NZ-AP017584_300540_aligned_103381_F_108_148_2;0.8992549040241232;0.0637657204685691;0.9012570685262878;0.06465717574984715;
158;11;Rickettsia tillamookensis;species;2761623;26;648;114;113;34;3.3529411764705883;14;34;9502;365.46153846153845;2.0735428773802162E-4;113.98818161355624;0.9913308414998111;544961;114277;0.9179924497130997;0.05684463566206797;0.9182810157503847;0.057150268518164654;3.7649286921588563;4.770983611671294E-5;2.0918928143481827E-4;0.01743611010696178;6.238978569108615E-5;0.0011890759155242302;26;4.770983611671294E-5;114;2.0918928143481827E-4;9502;0.01743611010696178;34;6.238978569108615E-5;648;0.0011890759155242302;444612x54001-NZ-CM000770_394684_aligned_102417_R_126_215_2;0.9179924497130997;0.05684463566206797;0.9182810157503847;0.057150268518164654;
159;11;Candidatus Rickettsia kedanie;species;3115352;25;769;164;162;28;5.857142857142857;21;28;11616;464.64;3.2154979059566106E-4;163.97347300188295;0.9879646813246415;503810;114277;0.9201722976173622;0.04699678613735815;0.9250765270839801;0.04215185279388106;5.854496756778697;4.962188126476251E-5;3.2551954109684205E-4;0.023056310910859253;5.5576507016534013E-5;0.0015263690677040948;25;4.962188126476251E-5;164;3.2551954109684205E-4;11616;0.023056310910859253;28;5.5576507016534013E-5;769;0.0015263690677040948;444612x54001-NZ-CM000770_482967_aligned_96560_F_115_194_22;0.9201722976173622;0.04699678613735815;0.9250765270839801;0.04215185279388106;
160;10;typhus group;species group;114292;6;230;38;38;8;4.75;17;8;2613;435.5;2.650373842205111E-4;37.99509721877699;1.0001290372069527;143376;780;0.9108607145152892;0.05699409574403847;0.9108607145152892;0.05699409574403847;5.444525428617001;4.1848008034817545E-5;2.650373842205111E-4;0.01822480749916304;5.579734404642339E-5;0.0016041736413346724;28;6.71551432585053E-5;128;3.685720272934224E-4;10382;0.027147633024966363;39;9.140695315173808E-5;701;0.002145566022497289;1462938x212560-NZ-CP113531_551049_aligned_54739_R_108_404_22;0.9237577647977927;0.0608213003112739;0.9242572022100263;0.0603650162826747;
161;11;Rickettsia prowazekii;species;782;13;292;53;53;20;2.65;8;20;5059;389.15384615384613;6.0316856968247155E-5;52.99843179453427;1.0000295896578941;878693;114292;0.935184990551178;0.04121691688194971;0.9357945014344035;0.040137940505842185;2.300457620378584;1.4794700765796473E-5;6.0316856968247155E-5;0.005757414705704951;2.276107810122534E-5;3.3231174027789E-4;13;1.4794700765796473E-5;53;6.0316856968247155E-5;5059;0.005757414705704951;20;2.276107810122534E-5;292;3.3231174027789E-4;444612x54001-NZ-CM000770_990379_aligned_68752_R_51_191_47;0.935184990551178;0.04121691688194971;0.9357945014344035;0.040137940505842185;
162;11;Rickettsia typhi;species;785;9;179;37;37;11;3.3636363636363638;13;11;2710;301.1111111111111;4.3217786104664134E-5;36.999222090561545;1.0000210250214598;856129;114292;0.915849805564572;0.08659762892108047;0.9165232062379727;0.08621659939804038;3.7489392439122637;1.0512434457891275E-5;4.3217786104664134E-5;0.003165410820098373;1.2848531004089337E-5;2.090806408847265E-4;9;1.0512434457891275E-5;37;4.3217786104664134E-5;2710;0.003165410820098373;11;1.2848531004089337E-5;179;2.090806408847265E-4;1462938x212560-NZ-CP113531_763597_aligned_36993_F_109_195_2;0.915849805564572;0.08659762892108047;0.9165232062379727;0.08621659939804038;
163;10;unclassified Rickettsia;no rank;114295;65;1466;701;699;124;5.653225806451613;32;117;26821;412.6307692307692;1.707113117857722E-4;700.9400833887613;0.9972321694325401;4094632;780;0.9145456365967789;0.09328507625251517;0.9148128050257571;0.09339073593905371;7.492049286924279;1.5874442440737043E-5;1.7119975616856412E-4;0.006550283395430896;2.8573996393326678E-5;3.580297325864693E-4;354;0.0025884345865469735;4030;0.021633517634064642;152020;1.0528001172814678;532;0.0035289330015193096;9423;0.05880533865742428;3066265x73211-NZ-CAXIPY010000004_505652_aligned_94664_F_123_174_2;0.9252145440312692;0.07186107496608302;0.9259072135120229;0.07162733904347458;
164;11;Rickettsia sp.;species;789;17;316;94;93;30;3.1333333333333333;22;30;5930;348.8235294117647;1.8020252438547064E-4;93.99153098511447;0.989450847595285;516086;114295;0.9365993028400027;0.05056467194907566;0.9365993028400027;0.05056467194907566;4.599350278953077;3.294024639304302E-5;1.8214018593800259E-4;0.011490333006514418;5.812984657595827E-5;6.123010506000938E-4;17;3.294024639304302E-5;94;1.8214018593800259E-4;5930;0.011490333006514418;30;5.812984657595827E-5;316;6.123010506000938E-4;789x187231-NZ-JBHEQR010000328_1423_aligned_113839_R_112_72_14;0.9365993028400027;0.05056467194907566;0.9365993028400027;0.05056467194907566;
165;11;Rickettsia endosymbiont of Oedothorax gibbosus;species;931099;1;1;1;1;1;1.0;1;1;246;246.0;2.3037228160707703E-6;0.9999999999979536;1.0000000000020464;434080;114295;0.9953703703703703;;0.9953703703703703;;;2.3037228160707703E-6;2.3037228160707703E-6;5.667158127534095E-4;2.3037228160707703E-6;2.3037228160707703E-6;1;2.3037228160707703E-6;1;2.3037228160707703E-6;246;5.667158127534095E-4;1;2.3037228160707703E-6;1;2.3037228160707703E-6;1462938x212560-NZ-CP113531_884144_aligned_103943_R_72_125_59;0.9953703703703703;;0.9953703703703703;;
166;11;Rickettsia endosymbiont of Ixodes pacificus;species;1133329;91;3567;1736;1710;162;10.716049382716049;67;116;51261;563.3076923076923;0.009225540179655257;1727.9004354004242;0.9896403548296602;185355;114295;0.9255570602590811;0.06438943998353923;0.9264317856348804;0.06431019916932126;12.72180557510269;4.909497990342855E-4;0.00936581155080791;0.2765557983329287;6.258261174502981E-4;0.019244153111596666;91;4.909497990342855E-4;1736;0.00936581155080791;51261;0.2765557983329287;116;6.258261174502981E-4;3567;0.019244153111596666;1133329x66257-NZ-KR611317_15160_aligned_15591_F_126_526_1;0.9255570602590811;0.06438943998353923;0.9264317856348804;0.06431019916932126;
167;11;Rickettsia sp. MEAM1 (Bemisia tabaci);species;1182263;12;210;54;52;14;3.857142857142857;20;14;4392;366.0;0.007114516349705842;53.80467748151759;0.9664587250404482;7309;114295;0.9457087810799827;0.07079233322296795;0.9483579533557697;0.06673830798130825;5.517205854375967;0.0016418114653167328;0.007388151593925298;0.6009029963059243;0.0019154467095361882;0.028731700643042823;12;0.0016418114653167328;54;0.007388151593925298;4392;0.6009029963059243;14;0.0019154467095361882;210;0.028731700643042823;444612x54001-NZ-CM000770_1685722_aligned_30279_F_73_405_43;0.9457087810799827;0.07079233322296795;0.9483579533557697;0.06673830798130825;
168;11;Rickettsia endosymbiont of Proechinophthirus fluctus;species;1462733;14;402;108;108;21;5.142857142857143;24;21;5171;369.35714285714283;4.7095966753736064E-4;107.97480754031122;1.0002333179401999;229319;114295;0.897343365731488;0.0929085583059936;0.8976363234461353;0.0928473412306812;6.544354164359645;6.105032727336156E-5;4.7095966753736064E-4;0.02254937445218233;9.157549091004234E-5;0.0017530165402779535;14;6.105032727336156E-5;108;4.7095966753736064E-4;5171;0.02254937445218233;21;9.157549091004234E-5;402;0.0017530165402779535;1462938x212560-NZ-CP113531_778682_aligned_8207_R_42_347_37;0.897343365731488;0.0929085583059936;0.8976363234461353;0.0928473412306812;
169;11;Rickettsia sp. TH2014;species;1967503;32;738;300;299;49;6.122448979591836;35;48;10152;317.25;5.282190890252326E-4;299.92078103955345;0.9969299191727831;566053;114295;0.9074632262067337;0.08678269275325635;0.9077376422235717;0.08673142447127642;7.46556721740224;5.653180885888777E-5;5.299857080520729E-4;0.017934716360482144;8.479771328833166E-5;0.0013037648418080991;32;5.653180885888777E-5;300;5.299857080520729E-4;10152;0.017934716360482144;48;8.479771328833166E-5;738;0.0013037648418080991;1967503x198198-NZ-MXAX01000308_8204_aligned_65950_F_57_118_35;0.9074632262067337;0.08678269275325635;0.9077376422235717;0.08673142447127642;
170;11;Rickettsia endosymbiont of Cardiosporidium cionae;species;2777155;3;11;11;11;3;3.6666666666666665;6;3;709;236.33333333333334;1.0705450242040497E-5;10.999946472943957;1.000004866119683;1027514;114295;0.9783092195866366;0.01895835609523745;0.9783092195866366;0.01895835609523745;2.0816659994661326;2.9196682478292265E-6;1.0705450242040497E-5;6.900149292369739E-4;2.9196682478292265E-6;1.0705450242040497E-5;3;2.9196682478292265E-6;11;1.0705450242040497E-5;709;6.900149292369739E-4;3;2.9196682478292265E-6;11;1.0705450242040497E-5;2777155x23546-NZ-JADAQY010000006_20582_aligned_67192_R_57_77_41;0.9783092195866366;0.01895835609523745;0.9783092195866366;0.01895835609523745;
171;11;Rickettsia endosymbiont of Halotydeus destructor;species;2996754;1;2;3;3;2;1.5;2;2;378;378.0;2.3371220678856057E-6;2.9999976627964875;1.0000007790684444;1283630;114295;0.9913793103448276;;0.9942528735632183;;0.7071067811865476;7.790406892952019E-7;2.3371220678856057E-6;2.9447738055358633E-4;1.5580813785904037E-6;1.5580813785904037E-6;1;7.790406892952019E-7;3;2.3371220678856057E-6;378;2.9447738055358633E-4;2;1.5580813785904037E-6;2;1.5580813785904037E-6;444612x54001-NZ-CM000770_104728_aligned_77625_R_40_171_160;0.9913793103448276;;0.9942528735632183;;
172;11;Rickettsia endosymbiont of Cantharis rufa;species;3066248;40;934;222;222;58;3.8275862068965516;22;57;15075;376.875;2.314028222805478E-4;221.9744319323698;1.0001151847418084;959366;114295;0.926595028311513;0.05191286503219935;0.9271276333111891;0.05139696740847495;4.472677015549015;4.169420221271131E-5;2.314028222805478E-4;0.015713502458915576;5.941423815311362E-5;9.735596216668091E-4;40;4.169420221271131E-5;222;2.314028222805478E-4;15075;0.015713502458915576;57;5.941423815311362E-5;934;9.735596216668091E-4;1462938x212560-NZ-CP113531_1708631_aligned_29094_R_45_207_27;0.926595028311513;0.05191286503219935;0.9271276333111891;0.05139696740847495;
173;11;Rickettsia endosymbiont of Orchestes rusci;species;3066250;1;4;9;9;2;4.5;5;2;183;183.0;2.174758783004985E-5;8.999913009941537;1.0000096656554756;413839;114295;0.9738562091503268;;0.9738562091503268;;0.7071067811865476;2.4163986477833167E-6;2.174758783004985E-5;4.4220095254434696E-4;4.8327972955666334E-6;9.665594591133267E-6;1;2.4163986477833167E-6;9;2.174758783004985E-5;183;4.4220095254434696E-4;2;4.8327972955666334E-6;4;9.665594591133267E-6;1462938x212560-NZ-CP113531_1059038_aligned_53653_R_43_401_123;0.9738562091503268;;0.9738562091503268;;
174;11;Rickettsia endosymbiont of Polydrusus tereticollis;species;3066251;5;23;69;69;18;3.8333333333333335;15;18;2243;448.6;5.607121206457453E-5;68.99809361610882;1.0000276295154151;1230578;114295;0.9878582570415617;0.016889066763494227;0.9878582570415617;0.016889066763494227;3.899472060797612;4.06313130902714E-6;5.607121206457453E-5;0.001822720705229575;1.4627272712497705E-5;1.8690404021524846E-5;5;4.06313130902714E-6;69;5.607121206457453E-5;2243;0.001822720705229575;18;1.4627272712497705E-5;23;1.8690404021524846E-5;444612x44192-NZ-GG688316_26640_aligned_39506_F_64_410_43;0.9878582570415617;0.016889066763494227;0.9878582570415617;0.016889066763494227;
175;11;Rickettsia endosymbiont of Rhinocyllus conicus;species;3066252;8;237;54;54;15;3.6;27;14;3264;408.0;5.085559835378545E-4;53.98652546581168;1.0002495906908633;106183;114295;0.9187866467732249;0.09151125398710871;0.9209041983393057;0.08721458738800271;6.620315055083967;7.534162719079325E-5;5.085559835378545E-4;0.030739383893843647;1.3184784758388818E-4;0.00223199570552725;8;7.534162719079325E-5;54;5.085559835378545E-4;3264;0.030739383893843647;14;1.3184784758388818E-4;237;0.00223199570552725;444612x54001-NZ-CM000770_1467474_aligned_41090_R_49_314_39;0.9187866467732249;0.09151125398710871;0.9209041983393057;0.08721458738800271;
176;11;Rickettsia endosymbiont of Urophora cardui;species;3066265;26;491;145;139;39;3.717948717948718;27;38;9563;367.8076923076923;2.7674964510342274E-4;144.97921588502305;0.9587581168202419;502259;114295;0.9432935437661916;0.04904843790235203;0.9434248118155484;0.04906834249034669;5.31110414701678;5.176612066682728E-5;2.886956729496136E-4;0.019039977382187278;7.56581763592091E-5;9.775832787466228E-4;26;5.176612066682728E-5;145;2.886956729496136E-4;9563;0.019039977382187278;38;7.56581763592091E-5;491;9.775832787466228E-4;3066265x73211-NZ-CAXIPY010000004_353965_aligned_91770_R_66_150_337;0.9432935437661916;0.04904843790235203;0.9434248118155484;0.04906834249034669;
177;11;Rickettsia endosymbiont of Gonocerus acuteangulatus;species;3066266;19;631;403;403;39;10.333333333333334;57;22;8985;472.89473684210526;5.845603540434025E-4;402.88252614187957;1.0002915834033443;689407;114295;0.9256511602217598;0.05850707226523658;0.9277414573884576;0.0584642777046308;11.662655952211276;2.755991743628945E-5;5.845603540434025E-4;0.013032939903424247;3.191148334728252E-5;9.152793632788759E-4;19;2.755991743628945E-5;403;5.845603540434025E-4;8985;0.013032939903424247;22;3.191148334728252E-5;631;9.152793632788759E-4;3066266x73572-NZ-OZ032147_1630805_aligned_5824_F_36_377_31;0.9256511602217598;0.05850707226523658;0.9277414573884576;0.0584642777046308;
178;11;Rickettsia endosymbiont of Pantilius tunicatus;species;3066267;11;222;68;68;12;5.666666666666667;25;11;3634;330.3636363636364;2.119674318275333E-4;67.99289957717549;1.0001044288869672;320804;114295;0.9104260429120745;0.0778380336841624;0.9118576821389893;0.07851768775341056;6.786796450506385;3.4288849266218623E-5;2.119674318275333E-4;0.01132778893031259;3.4288849266218623E-5;6.920113215545941E-4;11;3.4288849266218623E-5;68;2.119674318275333E-4;3634;0.01132778893031259;11;3.4288849266218623E-5;222;6.920113215545941E-4;3066267x246428-NZ-OZ198175_1742257_aligned_106953_R_50_68_56;0.9104260429120745;0.0778380336841624;0.9118576821389893;0.07851768775341056;
179;11;Rickettsia endosymbiont of Nabis limbatus;species;3066268;8;168;47;46;17;2.764705882352941;7;17;4013;501.625;2.653269577957098E-4;46.99376535620338;0.9788532510925473;173371;114295;0.9507320062449172;0.04016708175394358;0.9511784348163458;0.040358631774507894;1.8884322785284717;4.614381874707996E-5;2.710949351390948E-4;0.023146893079003986;9.805561483754491E-5;9.690201936886792E-4;8;4.614381874707996E-5;47;2.710949351390948E-4;4013;0.023146893079003986;17;9.805561483754491E-5;168;9.690201936886792E-4;444612x54001-NZ-CM000770_1562106_aligned_0_F_1190_26443_550;0.9507320062449172;0.04016708175394358;0.9511784348163458;0.040358631774507894;
180;11;Rickettsia sp. R1;species;3405422;0;0;5;5;1;5.0;5;1;0;;0.0013358268768367619;4.997329059923384;1.0005344735246746;3743;114295;;;;;;0.0;0.0013358268768367619;0.0;2.671653753673524E-4;0.0;0;0.0;5;0.0013358268768367619;0;0.0;1;2.671653753673524E-4;0;0.0;1462938x212560-NZ-CP113531_1346325_aligned_106340_F_30_152_33;;;;;
181;10;belli group;species group;1129742;5;68;73;73;17;4.294117647058823;11;15;1672;334.4;0.0010307531557990455;72.96290528323952;1.0005084051493904;70822;780;0.955718086474939;0.016575641205802075;0.955718086474939;0.016575641205802075;3.2932640700821603;7.05995312191127E-5;0.0010307531557990455;0.02360848323967129;2.1179859365733813E-4;9.601536245799327E-4;103;2.579077625693622E-4;1618;0.0032511758480193755;47549;0.10115266855378968;139;4.755657336507028E-4;3636;0.006744625089446008;1462938x212560-NZ-CP113531_950909_aligned_84186_F_80_274_49;0.920414980518914;0.0671767471633624;0.9210630566742446;0.0653735969900764;
182;11;Rickettsia canadensis;species;788;21;546;134;134;29;4.620689655172414;18;29;7397;352.23809523809524;2.177771132505997E-4;133.98551885888463;1.0001080798972808;615308;1129742;0.9184683286112774;0.07920442134227484;0.9208385074520445;0.07131234217540937;5.1714449010438095;3.4129249091511894E-5;2.177771132505997E-4;0.012021621691900642;4.713086779304023E-5;8.873604763793092E-4;31;7.502965392465085E-5;175;3.86440669471189E-4;10748;0.025713679289388752;45;1.1311282491603295E-4;820;0.002006260010803777;444612x54001-NZ-CM000770_1562106_aligned_0_F_1190_26443_550;0.9162695114957211;0.0701320405058341;0.917875116516886;0.06430506236554104;
183;12;Rickettsia canadensis str. McKiel;strain;293613;9;261;29;29;10;2.9;9;10;3127;347.44444444444446;1.1825440191816796E-4;28.99834449896811;1.0000570895015042;245234;788;0.9092811405343204;0.05156022556148325;0.9092811405343204;0.05156022556148325;2.8460498941515415;3.669964197460385E-5;1.1825440191816796E-4;0.012751086717176247;4.077737997178205E-5;0.0010642896172635115;9;3.669964197460385E-5;29;1.1825440191816796E-4;3127;0.012751086717176247;10;4.077737997178205E-5;261;0.0010642896172635115;1462938x212560-NZ-CP113531_1458463_aligned_102956_F_154_173_5;0.9092811405343204;0.05156022556148325;0.9092811405343204;0.05156022556148325;
184;12;Rickettsia canadensis str. CA410;strain;1105107;1;13;12;12;6;2.0;3;6;224;224.0;5.040915430242132E-5;11.999722753602935;1.000023104400223;238052;788;0.9329896907216495;;0.9329896907216495;;0.8944271909999159;4.20076285853511E-6;5.040915430242132E-5;9.409708803118646E-4;2.520457715121066E-5;5.4609917160956426E-5;1;4.20076285853511E-6;12;5.040915430242132E-5;224;9.409708803118646E-4;6;2.520457715121066E-5;13;5.4609917160956426E-5;444612x54001-NZ-CM000770_1140310_aligned_13768_F_65_403_12;0.9329896907216495;;0.9329896907216495;;
185;11;Rickettsia bellii;species;33990;25;1572;561;561;49;11.448979591836734;60;31;14551;582.04;8.575739370898435E-4;560.7599476878461;1.0004280839120978;654171;1129742;0.8860201974150443;0.08264565115759241;0.8860856638634895;0.082640413392184;13.290129834595605;3.8216307356944896E-5;8.575739370898435E-4;0.022243419534036208;4.738822112261167E-5;0.002403041406604695;26;6.523676184098931E-5;563;9.080614086813434E-4;14782;0.02848514451985047;33;9.787569271411156E-5;1573;0.0024300618610887397;33990x220621-NZ-CP015010_357133_aligned_39842_R_104_482_0;0.8902126850383846;0.08375017775097769;0.890275633546505;0.08374193933248149;
186;12;Rickettsia bellii OSU 85-389;strain;391896;1;1;1;1;1;1.0;1;1;231;231.0;2.7020454484044422E-5;0.99999999999816;1.00000000000184;37009;33990;0.9950248756218906;;0.9950248756218906;;;2.7020454484044422E-5;2.7020454484044422E-5;0.0062417249858142615;2.7020454484044422E-5;2.7020454484044422E-5;1;2.7020454484044422E-5;1;2.7020454484044422E-5;231;0.0062417249858142615;1;2.7020454484044422E-5;1;2.7020454484044422E-5;1462938x212560-NZ-CP113531_993133_aligned_112416_R_43_154_38;0.9950248756218906;;0.9950248756218906;;
187;12;Rickettsia bellii str. RML Mogi;strain;1359194;0;0;1;1;1;1.0;1;1;0;;2.346701710745547E-5;0.9999999999987367;1.0000000000012634;42613;33990;;;;;;0.0;2.346701710745547E-5;0.0;2.346701710745547E-5;0.0;0;0.0;1;2.346701710745547E-5;0;0.0;1;2.346701710745547E-5;0;0.0;1462938x86281-NZ-JFKF01000199_7837_aligned_64224_R_70_383_53;;;;;
188;11;Rickettsia oklahomensis;species;3141789;41;1175;807;807;79;10.215189873417721;51;46;20347;496.2682926829268;9.259206140677976E-4;806.6269688344349;1.0004624580877877;871565;1129742;0.9383967778953193;0.04810210205939488;0.9387709590448757;0.04786081732111786;10.993787156991418;4.7041815584609294E-5;9.259206140677976E-4;0.023345361504879154;5.2778622363220186E-5;0.001348149592973559;41;4.7041815584609294E-5;807;9.259206140677976E-4;20347;0.023345361504879154;46;5.2778622363220186E-5;1175;0.001348149592973559;3141789x170156-NZ-CP157197_146307_aligned_6078_R_49_548_27;0.9383967778953193;0.04810210205939488;0.9387709590448757;0.04786081732111786;
189;10;Rickettsia incertae sedis;no rank;2749451;0;0;0;0;0;;0;0;0;;;0.0;;0;780;;;;;;;;;;;27;1.4288057829591098E-4;203;0.0010742502738544416;14212;0.07520810291635135;38;2.0109118426831914E-4;460;0.0024342617043007055;;0.9425121093070287;0.048237274554304016;0.9433029458929852;0.04865602342963643;
190;11;Candidatus Rickettsia colombianensi;species;1090944;27;460;203;202;38;5.342105263157895;24;38;14212;526.3703703703703;0.0010689584005842228;202.89153918245074;0.9956058336092122;188969;2749451;0.9425121093070287;0.048237274554304016;0.9433029458929852;0.04865602342963643;6.304337056213756;1.4288057829591098E-4;0.0010742502738544416;0.07520810291635135;2.0109118426831914E-4;0.0024342617043007055;27;1.4288057829591098E-4;203;0.0010742502738544416;14212;0.07520810291635135;38;2.0109118426831914E-4;460;0.0024342617043007055;1090944x246258-NZ-RAQN01000013_105348_aligned_114020_F_32_119_50;0.9425121093070287;0.048237274554304016;0.9433029458929852;0.04865602342963643;
191;7;Anaplasmataceae;family;942;1;1;51;49;9;5.666666666666667;21;6;190;190.0;3.9389067524115757E-4;50.98975214962258;0.9609774108376931;124400;766;0.99375;;0.99375;;6.422616289332565;8.038585209003215E-6;4.0996784565916397E-4;0.001527331189710611;4.823151125401929E-5;8.038585209003215E-6;29321;0.024118592189052546;665807;0.2808928513221705;14723674;11.879980077322424;29439;0.024340532201343527;905056;0.8324196256907701;1184254x45184-NC-021881_92390_aligned_57988_F_233_348_228;0.9314152193611084;0.05819761925715735;0.9314154559202121;0.05819771450584299;
192;8;Anaplasma;genus;768;5;104;229;225;32;7.15625;33;27;2511;502.2;3.408383411322195E-4;228.9604581915939;0.9827024359451632;660137;942;0.9555864609741238;0.03548185123647955;0.9555864609741238;0.03548185123647955;7.198160047159005;7.5741853584937676E-6;3.4689768941901453E-4;0.00380375588703557;4.090060093586634E-5;1.5754305545667035E-4;29166;0.023958446849562377;663269;0.277639548705031;14642227;11.802079387972423;29263;0.02409330783351885;900475;0.8278846709495917;1184254x45184-NC-021881_1457284_aligned_6901_R_42_467_35;0.9313745245841568;0.05823671324903997;0.9313746620007308;0.05823670846197039;
193;9;phagocytophilum group;species group;106179;0;0;0;0;0;;0;0;0;;;0.0;;0;768;;;;;;;;;;;29161;0.023950872664203884;663039;0.2772917565772298;14639716;11.798275632085389;29235;0.02405151279420084;900371;0.8277271278941352;;0.9313703731599275;0.058239360176058616;0.9313705106000633;0.058239355398183076;
194;10;Anaplasma phagocytophilum;species;948;28760;884913;659490;138849;57341;11.501194607697808;211;28831;14450900;502.4652294853964;0.0260309873154969;620350.2091917858;0.22382357246384652;5333989;106179;0.9316974286144836;0.057933864418837765;0.9316974790437965;0.057933861878169846;12.13135091669486;0.005391837141021476;0.12363917510891005;2.7092106864112395;0.005405148004617183;0.16590079207137473;29161;0.023950872664203884;663039;0.2772917565772298;14639716;11.798275632085389;29235;0.02405151279420084;900371;0.8277271278941352;1359155x119229-NZ-LAOF01000001_403030_aligned_12784_F_45_3319_68;0.9313703731599275;0.058239360176058616;0.9313705106000633;0.058239355398183076;
195;11;Anaplasma phagocytophilum str. CRT38;strain;1269275;3;156;5;5;3;1.6666666666666667;3;3;1664;554.6666666666666;2.202546143341703E-4;4.999559510177414;1.0000881057264523;22701;948;0.9007451333039239;0.07020656772674261;0.9007451333039239;0.07020656772674261;1.1547005383792515;1.321527686005022E-4;2.202546143341703E-4;0.07330073565041188;1.321527686005022E-4;0.006871943967226114;3;1.321527686005022E-4;5;2.202546143341703E-4;1664;0.07330073565041188;3;1.321527686005022E-4;156;0.006871943967226114;1184254x45184-NC-021881_175088_aligned_2321_F_120_491_3;0.9007451333039239;0.07020656772674261;0.9007451333039239;0.07020656772674261;
196;11;Anaplasma phagocytophilum str. Annie;strain;1359151;7;160;23;23;7;3.2857142857142856;13;7;3853;550.4285714285714;0.006442577030812325;22.929270415793233;1.0030846853355635;3570;948;0.9592058040236021;0.03032912165897898;0.9592058040236021;0.03032912165897898;4.347960660443228;0.00196078431372549;0.006442577030812325;1.0792717086834733;0.00196078431372549;0.04481792717086835;7;0.00196078431372549;23;0.006442577030812325;3853;1.0792717086834733;7;0.00196078431372549;160;0.04481792717086835;1359155x119229-NZ-LAOF01000001_1134765_aligned_14342_F_94_486_30;0.9592058040236021;0.03032912165897898;0.9592058040236021;0.03032912165897898;
197;11;Anaplasma phagocytophilum str. ApNYW;strain;1359154;3;82;7;7;3;2.3333333333333335;5;3;1233;411.0;0.0012594458438287153;6.99622279526657;1.0005398920022937;5558;948;0.9216502697863912;0.09399743604124093;0.9216502697863912;0.09399743604124093;2.3094010767585034;5.397625044980209E-4;0.0012594458438287153;0.22184238934868658;5.397625044980209E-4;0.014753508456279237;3;5.397625044980209E-4;7;0.0012594458438287153;1233;0.22184238934868658;3;5.397625044980209E-4;82;0.014753508456279237;1359159x188929-NZ-LAOE01000001_1464620_aligned_55934_F_109_355_1;0.9216502697863912;0.09399743604124093;0.9216502697863912;0.09399743604124093;
198;11;Anaplasma phagocytophilum str. ApWI1;strain;1359155;3;195;45;45;3;15.0;18;3;1983;661.0;0.033632286995515695;44.26795415740508;1.016536699211171;1338;948;0.896250768023366;0.01706187321077412;0.896250768023366;0.01706187321077412;3.605551275463989;0.002242152466367713;0.033632286995515695;1.4820627802690582;0.002242152466367713;0.14573991031390135;3;0.002242152466367713;45;0.033632286995515695;1983;1.4820627802690582;3;0.002242152466367713;195;0.14573991031390135;1359155x119229-NZ-LAOF01000001_1496255_aligned_9357_R_144_656_6;0.896250768023366;0.01706187321077412;0.896250768023366;0.01706187321077412;
199;11;Anaplasma phagocytophilum str. CRT53-1;strain;1359157;330;11944;3300;314;354;9.322033898305085;45;331;142967;433.23333333333335;0.010238351429782517;3128.7076276199105;0.10036092769680367;30669;948;0.9059528724254123;0.07581574461678596;0.9059528724254123;0.07581574461678596;8.272156809913572;0.010760050865695002;0.10760050865695002;4.661612703381264;0.010792657080439532;0.38944862890867;330;0.010760050865695002;3300;0.10760050865695002;142967;4.661612703381264;331;0.010792657080439532;11944;0.38944862890867;1359157x118545-NZ-LAOD01000041_7704_aligned_80055_R_65_238_44;0.9059528724254123;0.07581574461678596;0.9059528724254123;0.07581574461678596;
200;11;Anaplasma phagocytophilum str. HGE2;strain;1359159;1;14;1;1;1;1.0;1;1;503;503.0;0.0019455252918287938;0.9999999999999964;1.0000000000000036;514;948;0.9704016913319239;;0.9704016913319239;;;0.0019455252918287938;0.0019455252918287938;0.9785992217898832;0.0019455252918287938;0.027237354085603113;1;0.0019455252918287938;1;0.0019455252918287938;503;0.9785992217898832;1;0.0019455252918287938;14;0.027237354085603113;1184254x45184-NC-021881_1329668_aligned_17811_F_29_430_40;0.9704016913319239;;0.9704016913319239;;
201;11;Anaplasma phagocytophilum str. NCH-1;strain;1359161;2;26;4;4;2;2.0;3;2;1066;533.0;0.0010669511869831954;3.9983998577968958;1.0004001956432607;3749;948;0.9747122302158273;0.007478035743487282;0.9747122302158273;0.007478035743487282;1.4142135623730951;5.334755934915977E-4;0.0010669511869831954;0.28434249133102163;5.334755934915977E-4;0.006935182715390771;2;5.334755934915977E-4;4;0.0010669511869831954;1066;0.28434249133102163;2;5.334755934915977E-4;26;0.006935182715390771;1173064x44808-NC-021880_1238190_aligned_13386_F_101_468_23;0.9747122302158273;0.007478035743487282;0.9747122302158273;0.007478035743487282;
202;11;Anaplasma phagocytophilum str. MRK;strain;1392505;21;1315;73;73;21;3.4761904761904763;14;21;18108;862.2857142857143;6.105720976915356E-4;72.9780237544258;1.0003011351149784;119560;948;0.9189676343382518;0.04278751811581637;0.9189676343382518;0.04278751811581637;3.8680621455587763;1.756440281030445E-4;6.105720976915356E-4;0.1514553362328538;1.756440281030445E-4;0.010998661759785882;21;1.756440281030445E-4;73;6.105720976915356E-4;18108;0.1514553362328538;21;1.756440281030445E-4;1315;0.010998661759785882;1359159x188929-NZ-LAOE01000001_1090844_aligned_27091_F_34_490_141;0.9189676343382518;0.04278751811581637;0.9189676343382518;0.04278751811581637;
203;11;Anaplasma phagocytophilum str. Norway variant1;strain;1392506;18;1014;55;55;19;2.8947368421052633;8;19;9745;541.3888888888889;2.568773060576339E-4;54.99306488516969;1.0001261088983637;214110;948;0.8897858794946747;0.0774340119031178;0.8897858794946747;0.0774340119031178;2.1831357885722613;8.406893652795292E-5;2.568773060576339E-4;0.04551398813693896;8.873943300172808E-5;0.004735883424408015;18;8.406893652795292E-5;55;2.568773060576339E-4;9745;0.04551398813693896;19;8.873943300172808E-5;1014;0.004735883424408015;948x12492-NZ-LASP01000002_572852_aligned_15330_F_88_471_74;0.8897858794946747;0.0774340119031178;0.8897858794946747;0.0774340119031178;
204;11;Anaplasma phagocytophilum str. Norway variant2;strain;1392507;11;410;28;28;11;2.5454545454545454;7;11;6479;589.0;2.1716200285412917E-4;27.997068510094554;1.000104707030466;128936;948;0.9306870331280019;0.047341968852700506;0.9309195371968232;0.047335832731494436;2.46429041972071;8.531364397840789E-5;2.1716200285412917E-4;0.05024973630328225;8.531364397840789E-5;0.003179872184649749;11;8.531364397840789E-5;28;2.1716200285412917E-4;6479;0.05024973630328225;11;8.531364397840789E-5;410;0.003179872184649749;1392507x124255-NZ-CP015376_693242_aligned_85571_R_46_162_21;0.9306870331280019;0.047341968852700506;0.9309195371968232;0.047335832731494436;
205;11;Anaplasma phagocytophilum str. CRT35;strain;1392508;2;142;8;8;3;2.6666666666666665;6;3;1215;607.5;4.004204414635367E-4;7.9985986687462125;1.0001751970953692;19979;948;0.8833640270104359;0.14932150566493071;0.8833640270104359;0.14932150566493071;2.886751345948129;1.0010511036588417E-4;4.004204414635367E-4;0.060813854547274636;1.5015766554882628E-4;0.007107462835977777;2;1.0010511036588417E-4;8;4.004204414635367E-4;1215;0.060813854547274636;3;1.5015766554882628E-4;142;0.007107462835977777;1359159x188929-NZ-LAOE01000001_1288026_aligned_18257_R_146_411_3;0.8833640270104359;0.14932150566493071;0.8833640270104359;0.14932150566493071;
206;9;unclassified Anaplasma;no rank;2617684;0;0;0;0;0;;0;0;0;;;0.0;;0;768;;;;;;;;;;;0;0.0;1;8.944383821398544E-7;0;0.0;1;8.944383821398544E-7;0;0.0;;;;;;
207;10;Candidatus Anaplasma sp. TIGMIC;species;3020713;0;0;1;1;1;1.0;1;1;0;;8.944383821398544E-7;0.9999999999972897;1.0000000000027103;1118020;2617684;;;;;;0.0;8.944383821398544E-7;0.0;8.944383821398544E-7;0.0;0;0.0;1;8.944383821398544E-7;0;0.0;1;8.944383821398544E-7;0;0.0;1359162x189685-NZ-LANS01000001_414480_aligned_22417_F_52_755_164;;;;;
208;8;Ehrlichia;genus;943;23;444;525;525;45;11.666666666666666;39;33;9384;408.0;5.020790855848791E-4;524.8684772139462;1.0002505823682761;1045652;942;0.9404207331270229;0.05152538930608515;0.9404207331270229;0.05152538930608515;10.615169248854123;2.1995845654194703E-5;5.020790855848791E-4;0.008974305026911438;3.15592568081924E-5;4.2461545523749775E-4;154;1.5210675428116487E-4;2487;0.0028433347714803634;81257;0.07637335816029239;170;1.9899285657066162E-4;4580;0.004526916155969305;1359167x229926-NZ-LANU01000003_223730_aligned_89504_F_84_221_55;0.9387176160099796;0.049841422323987195;0.9387366306702827;0.04986101150971358;
209;9;canis group;species group;106178;0;0;15;15;3;5.0;6;3;0;;5.933896394168958E-5;14.99958463458068;1.000027691794769;252785;943;;;;;1.7320508075688772;0.0;5.933896394168958E-5;0.0;1.1867792788337916E-5;0.0;131;1.3011090862697015E-4;1962;0.0023412556858954845;71873;0.06739905313338096;137;1.6743359976246922E-4;4136;0.004102300700731807;1423892x42175-NC-023063_375169_aligned_73203_F_100_228_147;0.9384185954474453;0.049737165762904066;0.9384409485595574;0.04976040283133044;
210;10;Ehrlichia canis;species;944;1;2;2;2;1;2.0;2;1;294;294.0;1.7590180457661315E-6;1.9999991204270178;1.0000004397866846;1136998;106178;0.9924242424242424;;0.9924242424242424;;;8.795090228830657E-7;1.7590180457661315E-6;2.5857565272762134E-4;8.795090228830657E-7;1.7590180457661315E-6;1;8.795090228830657E-7;14;2.699873697825447E-4;294;2.5857565272762134E-4;2;2.3231871667614612E-5;2;1.7590180457661315E-6;1359154x236898-NZ-LAOG01000004_60005_aligned_111402_F_226_61_8;0.9924242424242424;;0.9924242424242424;;
211;11;Ehrlichia canis str. Jake;strain;269484;0;0;12;12;1;12.0;12;1;0;;2.6822835173677856E-4;11.998524853956347;1.0001229439503279;44738;944;;;;;;0.0;2.6822835173677856E-4;0.0;2.2352362644731548E-5;0.0;0;0.0;12;2.6822835173677856E-4;0;0.0;1;2.2352362644731548E-5;0;0.0;263x84243-NZ-JACTQH010000080_2324_aligned_10380_R_300_4237_29;;;;;
212;10;Ehrlichia muris;species;35795;9;186;138;138;12;11.5;37;11;3067;340.77777777777777;2.140749634676421E-4;137.98533689257889;1.0001062656928;644634;106178;0.9370808790676803;0.04838389942270228;0.9370808790676803;0.04838389942270228;11.634587932696043;1.396141066093318E-5;2.140749634676421E-4;0.004757738499675785;1.7063946363362776E-5;2.885358203259524E-4;12;2.7882201361844992E-5;207;5.342531495886138E-4;4025;0.009203110996833623;14;3.098473706427459E-5;300;8.175258669606012E-4;1423892x42175-NC-023063_375169_aligned_73203_F_100_228_147;0.9208204147672839;0.053509654391082566;0.9208204147672839;0.053509654391082566;
213;11;Ehrlichia muris AS145;strain;1423892;3;114;69;69;4;17.25;25;3;958;319.3333333333333;3.2017818612097167E-4;68.9891150693681;1.0001577775076684;215505;35795;0.8720390218660944;0.04030882833384463;0.8720390218660944;0.04030882833384463;9.03234926989282;1.3920790700911812E-5;3.2017818612097167E-4;0.004445372497157839;1.3920790700911812E-5;5.289900466346488E-4;3;1.3920790700911812E-5;69;3.2017818612097167E-4;958;0.004445372497157839;3;1.3920790700911812E-5;114;5.289900466346488E-4;1423892x42175-NC-023063_1090490_aligned_71667_R_41_228_22;0.8720390218660944;0.04030882833384463;0.8720390218660944;0.04030882833384463;
214;10;Ehrlichia japonica;species;391036;1;4;1;1;1;1.0;1;1;332;332.0;1.20600203090742E-6;0.9999999999994995;1.0000000000005005;829186;106178;0.9867549668874173;;0.9867549668874173;;;1.20600203090742E-6;1.20600203090742E-6;4.003926742612635E-4;1.20600203090742E-6;4.82400812362968E-6;1;1.20600203090742E-6;1;1.20600203090742E-6;332;4.003926742612635E-4;1;1.20600203090742E-6;4;4.82400812362968E-6;1359167x229926-NZ-LANU01000003_170728_aligned_56920_R_59_237_32;0.9867549668874173;;0.9867549668874173;;
215;10;Ehrlichia minasensis;species;1242993;117;3830;1725;479;158;10.917721518987342;41;117;67222;574.5470085470085;4.0998795713871204E-4;1723.727908144731;0.2778860850002443;1168327;106178;0.9393488189495408;0.04922024859296016;0.9393738467930166;0.04924608522291858;8.596373987378142;1.0014319621133468E-4;0.001476470200551729;0.05753697380955845;1.0014319621133468E-4;0.0032781918076018103;117;1.0014319621133468E-4;1725;0.001476470200551729;67222;0.05753697380955845;117;1.0014319621133468E-4;3830;0.0032781918076018103;1242993x138247-NZ-QOHL01000046_11_aligned_237_F_176_479_36;0.9393488189495408;0.04922024859296016;0.9393738467930166;0.04924608522291858;
216;4;Spirochaetota;phylum;203691;0;0;0;0;0;;0;0;0;;;0.0;;0;3379134;;;;;;;;;;;2409;0.0032200188861732895;62925;0.10062942164171108;1024808;1.5806990634291547;3919;0.009138211329605213;63756;0.0803135488631205;;0.9258097977376482;0.07115379210336169;0.9261982238192086;0.0708452486010894;
217;5;Spirochaetia;class;203692;1;11;53;53;6;8.833333333333334;29;4;514;514.0;0.04557179707652623;51.8322683153061;1.022529048460514;1163;203691;0.9772727272727273;;0.9772727272727273;;10.264826674945205;8.598452278589854E-4;0.04557179707652623;0.4419604471195185;0.0034393809114359416;0.009458297506448839;2409;0.0032200188861732895;62925;0.10062942164171108;1024808;1.5806990634291547;3919;0.009138211329605213;63756;0.0803135488631205;139x14393-NZ-PHQI01000001_303283_aligned_20730_R_249_254_31;0.9258097977376482;0.07115379210336169;0.9261982238192086;0.0708452486010894;
218;6;Spirochaetales;order;136;0;0;24;24;3;8.0;13;3;0;;0.016249153689911984;23.8140592332858;1.0078080248685324;1477;203692;;;;;6.244997998398398;0.0;0.016249153689911984;0.0;0.002031144211238998;0.0;2408;0.002360173658314304;62872;0.055057624565184905;1024294;1.138738616309636;3915;0.0056988304181692755;63745;0.07085525135667166;139x5220-NZ-PHPW01000001_438547_aligned_89399_R_38_269_27;0.9257884260891702;0.07116083726440915;0.9261770134772427;0.07085231280808908;
219;7;Borreliaceae;family;1643685;36;407;4577;4450;620;7.382258064516129;45;497;12279;341.0833333333333;0.009302675616746489;4555.177657289461;0.9769103062048194;478357;136;0.9603394142226267;0.04321125428341331;0.9603394142226267;0.04321125428341331;7.297332245262917;7.525760049502777E-5;0.009568167707381725;0.025669113235512388;0.001038972984611911;8.508289833743418E-4;2408;0.002360173658314304;62848;0.03880847087527293;1024294;1.138738616309636;3912;0.003667686206930275;63745;0.07085525135667166;139x24741-NZ-PHOH01000001_110319_aligned_12944_F_110_1533_23;0.9257884260891702;0.07116083726440915;0.9261770134772427;0.07085231280808908;
220;8;Borrelia;genus;138;9;149;238;238;33;7.212121212121212;37;26;2599;288.77777777777777;4.474215733899215E-5;237.9946981754158;1.00002227707014;5319368;1643685;0.9074280385074207;0.09992417538802073;0.9074280385074207;0.09992417538802073;8.271780248824825;1.69193031954172E-6;4.474215733899215E-5;4.885918778321034E-4;4.887798700898302E-6;2.801084640130181E-5;64;3.922707626451203E-5;1656;6.823337572911069E-4;26985;0.013615417597788008;86;4.945005988900981E-5;1765;7.223405001623709E-4;1653839x5947-NZ-CP073224_561_aligned_107949_F_41_108_28;0.9153266480029855;0.07804349314876168;0.915331466072674;0.07804326278243824;
221;9;Borrelia hermsii;species;140;0;0;0;0;0;;0;0;0;;0.0;0.0;;833907;138;;;;;;0.0;0.0;0.0;0.0;0.0;1;2.4360417245226577E-6;8;1.948833379618126E-5;178;4.3361542696503303E-4;1;2.4360417245226577E-6;8;1.948833379618126E-5;;0.9459459459459459;;0.9459459459459459;;
222;10;Borrelia hermsii YBT;strain;1313295;1;8;8;8;1;8.0;8;1;178;178.0;1.948833379618126E-5;7.999931791312202;1.0000085261586695;410502;140;0.9459459459459459;;0.9459459459459459;;;2.4360417245226577E-6;1.948833379618126E-5;4.3361542696503303E-4;2.4360417245226577E-6;1.948833379618126E-5;1;2.4360417245226577E-6;8;1.948833379618126E-5;178;4.3361542696503303E-4;1;2.4360417245226577E-6;8;1.948833379618126E-5;1653839x5947-NZ-CP073224_1295_aligned_99976_R_112_64_4;0.9459459459459459;;0.9459459459459459;;
223;9;Borrelia parkeri;species;141;0;0;1;1;1;1.0;1;1;0;;1.728716048016817E-6;0.9999999999771454;1.0000000000228546;578464;138;;;;;;0.0;1.728716048016817E-6;0.0;1.728716048016817E-6;0.0;0;0.0;1;1.728716048016817E-6;0;0.0;1;1.728716048016817E-6;0;0.0;47466x74440-NZ-CP117143_27907_aligned_32789_R_33_3220_36;;;;;
224;9;Borrelia miyamotoi;species;47466;50;1580;1375;1370;107;12.850467289719626;54;50;22764;455.28;4.4728048567478136E-4;1374.6916429916223;0.9965871306372298;3062955;138;0.9134999430007811;0.07601991302547058;0.9135061101299824;0.07601976011657134;11.069935264522208;1.632410531659786E-5;4.489128962064412E-4;0.0074320386685406735;1.632410531659786E-5;5.158417280044924E-4;50;1.632410531659786E-5;1375;4.489128962064412E-4;22764;0.0074320386685406735;50;1.632410531659786E-5;1580;5.158417280044924E-4;47466x105990-NZ-CP115599_7363_aligned_32282_R_44_8709_24;0.9134999430007811;0.07601991302547058;0.9135061101299824;0.07601976011657134;
225;9;Borrelia turcica;species;229155;0;0;0;0;0;;0;0;0;;;0.0;;0;138;;;;;;;;;;;0;0.0;1;8.878116773869926E-7;0;0.0;1;8.878116773869926E-7;0;0.0;;;;;;
226;10;Borrelia turcica IST7;strain;1104446;0;0;1;1;1;1.0;1;1;0;;8.878116773869926E-7;1.000000000011196;0.9999999999888041;1126365;229155;;;;;;0.0;8.878116773869926E-7;0.0;8.878116773869926E-7;0.0;0;0.0;1;8.878116773869926E-7;0;0.0;1;8.878116773869926E-7;0;0.0;139x184812-NZ-CM135762_701432_aligned_104012_F_54_146_22;;;;;
227;9;Borrelia venezuelensis;species;1653839;3;27;27;27;3;9.0;16;3;753;251.0;1.5775266718861375E-4;26.997949315274205;1.0000759570551765;171154;138;0.9315409629811252;0.0751606803881061;0.9315409629811252;0.0751606803881061;6.082762530298219;1.7528074132068196E-5;1.5775266718861375E-4;0.004399546607149117;1.7528074132068196E-5;1.5775266718861375E-4;3;1.7528074132068196E-5;27;1.5775266718861375E-4;753;0.004399546607149117;3;1.7528074132068196E-5;27;1.5775266718861375E-4;1653839x5947-NZ-CP073224_3074_aligned_108275_R_27_46_61;0.9315409629811252;0.0751606803881061;0.9315409629811252;0.0751606803881061;
228;9;Candidatus Borrelia fainii;species;2518322;0;0;2;2;1;2.0;2;1;0;;3.459345768528256E-6;1.999998270344701;1.0000008648283973;578144;138;;;;;;0.0;3.459345768528256E-6;0.0;1.729672884264128E-6;0.0;0;0.0;2;3.459345768528256E-6;0;0.0;1;1.729672884264128E-6;0;0.0;139x180647-NZ-CP161174_127180_aligned_90487_R_130_142_239;;;;;
229;9;unclassified Borrelia;no rank;2649934;0;0;0;0;0;;0;0;0;;0.0;0.0;;840747;138;;;;;;0.0;0.0;0.0;0.0;0.0;1;1.2469247717815936E-6;2;2.493849543563187E-6;691;8.616250173010812E-4;2;2.493849543563187E-6;1;1.2469247717815936E-6;;0.9984871406959153;;0.9984871406959153;;
230;10;Borrelia sp. HM;species;1882662;1;1;2;2;2;1.0;1;2;691;691.0;2.493849543563187E-6;1.999998753018915;1.0000006234909313;801973;2649934;0.9984871406959153;;0.9984871406959153;;0.0;1.2469247717815936E-6;2.493849543563187E-6;8.616250173010812E-4;2.493849543563187E-6;1.2469247717815936E-6;1;1.2469247717815936E-6;2;2.493849543563187E-6;691;8.616250173010812E-4;2;2.493849543563187E-6;1;1.2469247717815936E-6;139x5220-NZ-PHPW01000001_93566_aligned_52606_R_415_284_8;0.9984871406959153;;0.9984871406959153;;
231;9;Borrelia puertoricensis;species;2756107;0;0;2;2;1;2.0;2;1;0;;2.867979723383356E-6;1.9999985660624364;1.000000716969296;697355;138;;;;;;0.0;2.867979723383356E-6;0.0;1.433989861691678E-6;0.0;0;0.0;2;2.867979723383356E-6;0;0.0;1;1.433989861691678E-6;0;0.0;445985x72642-NC-011728_725409_aligned_166_F_67_519_0;;;;;
232;8;Borreliella;genus;64895;1031;19066;39371;38423;3563;11.049957900645524;110;1901;384350;372.79340446168766;0.005975687290354047;39250.711921164526;0.978912180680264;6429888;1643685;0.9374428142653639;0.06229822449078685;0.937578264056322;0.06197933038182398;11.161178249360809;1.603449391342431E-4;0.006123123762031313;0.05977553574805657;2.956505618760389E-4;0.00296521494620124;2308;0.002245688981554764;56615;0.028557969410600098;985030;1.0994540854763355;3329;0.0025792631624293534;61573;0.06928208187313495;139x141496-NZ-CP147139_603167_aligned_689_F_299_624_214;0.925539603829513;0.0711827355478579;0.9259448941562105;0.07086230977127513;
233;9;Borreliella burgdorferi;species;139;1074;33788;14580;14339;1548;9.418604651162791;79;1103;469100;436.7783985102421;0.008168927425924765;14519.619043005418;0.9875603455937484;1755310;64895;0.9139518347142817;0.07816322744936417;0.91450024607031;0.07791824162760165;9.383061944024893;6.118577345312224E-4;0.008306225111233913;0.2672462414046522;6.283790327634435E-4;0.019249021540354697;1088;0.00183112314918244;14685;0.019810976182010425;480250;0.9118625312725956;1117;0.0018476444474146612;34632;0.05770615957249153;139x244485-NZ-PHQG01000002_53792_aligned_112137_F_258_116_6;0.9141246321391785;0.07798204477704325;0.9146703833350623;0.07773941038667907;
234;10;Borreliella burgdorferi 118a;strain;476210;6;102;85;85;6;14.166666666666666;33;6;1794;299.0;0.01027935663320837;84.56970795232078;1.005088016242433;8269;139;0.9364565170777399;0.03664160510662835;0.9364565170777399;0.03664160510662835;11.143009766964518;7.256016446970613E-4;0.01027935663320837;0.21695489176442134;7.256016446970613E-4;0.012335227959850042;6;7.256016446970613E-4;85;0.01027935663320837;1794;0.21695489176442134;6;7.256016446970613E-4;102;0.012335227959850042;476210x24076-NC-012229_14825_aligned_30410_F_23_223_44;0.9364565170777399;0.03664160510662835;0.9364565170777399;0.03664160510662835;
235;10;Borreliella burgdorferi WI91-23;strain;498737;2;69;5;5;2;2.5;4;2;1462;731.0;8.827683615819209E-4;4.998234774961734;1.00035316969245;5664;139;0.9347095417114215;0.07217590565038155;0.9352577873254565;0.07295124203326307;2.1213203435596424;3.5310734463276836E-4;8.827683615819209E-4;0.2581214689265537;3.5310734463276836E-4;0.012182203389830509;2;3.5310734463276836E-4;5;8.827683615819209E-4;1462;0.2581214689265537;2;3.5310734463276836E-4;69;0.012182203389830509;139x190168-NZ-JAJNFO010000001_415734_aligned_45143_F_27_396_104;0.9347095417114215;0.07217590565038155;0.9352577873254565;0.07295124203326307;
236;10;Borreliella burgdorferi JD1;strain;521008;1;8;2;2;1;2.0;2;1;438;438.0;7.606876616461281E-5;1.9999619656147156;1.0000190175543027;26292;139;0.9803921568627451;;0.9803921568627451;;;3.8034383082306405E-5;7.606876616461281E-5;0.016659059790050206;3.8034383082306405E-5;3.0427506465845124E-4;1;3.8034383082306405E-5;2;7.606876616461281E-5;438;0.016659059790050206;1;3.8034383082306405E-5;8;3.0427506465845124E-4;498739x120805-NC-012152_27199_aligned_26306_R_48_343_40;0.9803921568627451;;0.9803921568627451;;
237;10;Borreliella burgdorferi CA8;strain;747491;5;665;13;13;6;2.1666666666666665;7;5;7456;1491.2;2.665573098216116E-4;12.998400776371769;1.0001230323372656;48770;139;0.9029557883071522;0.09215668887859442;0.903693191010962;0.09227128613978909;2.401388487243717;1.025220422390814E-4;2.665573098216116E-4;0.1528808693869182;1.025220422390814E-4;0.013635431617797827;5;1.025220422390814E-4;13;2.665573098216116E-4;7456;0.1528808693869182;5;1.025220422390814E-4;665;0.013635431617797827;521007x131146-NC-017418_544195_aligned_1786_F_56_530_9;0.9029557883071522;0.09215668887859442;0.903693191010962;0.09227128613978909;
238;9;Borreliella afzelii;species;29518;5;293;43;43;11;3.909090909090909;8;11;2493;498.6;4.5730572482957386E-5;42.99903967015458;1.0000223337510044;940290;64895;0.889447257991905;0.07340590136142745;0.8901486480194141;0.07334761316213738;2.2115399817568506;5.317508428250859E-6;4.5730572482957386E-5;0.002651309702325878;1.1698518542151889E-5;3.116059938955003E-4;5;5.317508428250859E-6;43;4.5730572482957386E-5;2493;0.002651309702325878;11;1.1698518542151889E-5;293;3.116059938955003E-4;521007x131146-NC-017418_149080_aligned_36920_F_36_447_118;0.889447257991905;0.07340590136142745;0.8901486480194141;0.07334761316213738;
239;9;Borreliella garinii;species;29519;13;2756;817;817;91;8.978021978021978;35;20;35886;2760.4615384615386;3.7475740535770067E-4;816.8471180588842;1.0001871610216109;2180077;64895;0.9190615548262441;0.058140694766216874;0.9193341886551802;0.058117770320232666;8.581605679822164;5.9630921293146984E-6;3.7475740535770067E-4;0.016460886473275944;9.173987891253383E-6;0.001264175531414716;13;5.9630921293146984E-6;821;4.241248845307954E-4;35886;0.016460886473275944;22;3.385772747780075E-5;2756;0.001264175531414716;29519x222644-NZ-JAEIOV010000013_6956_aligned_8637_R_39_3326_28;0.9190615548262441;0.058140694766216874;0.9193341886551802;0.058117770320232666;
240;10;Borreliella garinii BgVir;strain;1081646;0;0;4;4;2;2.0;3;2;0;;4.936747917309473E-5;3.999925949390942;1.0000185129949892;81025;29519;;;;;1.4142135623730951;0.0;4.936747917309473E-5;0.0;2.4683739586547364E-5;0.0;0;0.0;4;4.936747917309473E-5;0;0.0;2;2.4683739586547364E-5;0;0.0;139x191004-NZ-PHOK01000001_820291_aligned_83454_R_75_307_49;;;;;
241;9;Borreliella japonica;species;34095;8;138;49;49;14;3.5;15;14;3574;446.75;5.2605022169259343E-5;48.99873750327513;1.0000257659031477;931470;64895;0.9450973375392403;0.04853801678758173;0.9467610720696941;0.047686563834205185;4.345643264767069;8.588575048042341E-6;5.2605022169259343E-5;0.003836945902712916;1.5030006334074097E-5;1.4815291957873038E-4;8;8.588575048042341E-6;49;5.2605022169259343E-5;3574;0.003836945902712916;14;1.5030006334074097E-5;138;1.4815291957873038E-4;139x6319-NZ-CP132442_1969_aligned_37406_F_144_421_1;0.9450973375392403;0.04853801678758173;0.9467610720696941;0.047686563834205185;
242;9;Borreliella andersonii;species;42109;38;1122;790;790;82;9.634146341463415;43;51;20703;544.8157894736842;8.103420156180602E-4;789.6804062007105;1.0004047128392448;974897;64895;0.9407529964054154;0.05031353178754124;0.9423104943042179;0.049518501904793934;10.506332241248845;3.897847670061555E-5;8.103420156180602E-4;0.021236089556127467;5.23132187297735E-5;0.001150890812055017;38;3.897847670061555E-5;790;8.103420156180602E-4;20703;0.021236089556127467;51;5.23132187297735E-5;1122;0.001150890812055017;42109x2856-NZ-CP179270_33408_aligned_25942_F_69_495_3;0.9407529964054154;0.05031353178754124;0.9423104943042179;0.049518501904793934;
243;9;Borreliella tanukii;species;56146;3;89;15;15;7;2.142857142857143;5;7;696;232.0;1.8048478212478718E-5;14.999873660885724;1.0000084226785593;831095;64895;0.8287089423228037;0.11574157927242253;0.8303591073393054;0.11499107351180549;1.4638501094227996;3.6096956424957434E-6;1.8048478212478718E-5;8.374493890590125E-4;8.422623165823402E-6;1.070876373940404E-4;3;3.6096956424957434E-6;15;1.8048478212478718E-5;696;8.374493890590125E-4;7;8.422623165823402E-6;89;1.070876373940404E-4;139x24741-NZ-PHOH01000001_311735_aligned_93964_R_64_158_11;0.8287089423228037;0.11574157927242253;0.8303591073393054;0.11499107351180549;
244;9;Borreliella turdi;species;57863;5;154;39;39;7;5.571428571428571;19;7;1568;313.6;2.7836464340775424E-5;38.999471112511586;1.0000135614015608;1401040;64895;0.876589167846752;0.09406016409104051;0.8850836801001319;0.08698058737293132;6.604471789556499;3.568777479586593E-6;2.7836464340775424E-5;0.0011191686175983555;4.99628847142123E-6;1.0991834637126706E-4;5;3.568777479586593E-6;39;2.7836464340775424E-5;1568;0.0011191686175983555;7;4.99628847142123E-6;154;1.0991834637126706E-4;139x125003-NZ-PHOS01000002_17789_aligned_47713_F_74_160_59;0.876589167846752;0.09406016409104051;0.8850836801001319;0.08698058737293132;
245;9;Borreliella valaisiana;species;62088;10;228;51;51;19;2.6842105263157894;15;19;4661;466.1;4.442725429115009E-5;50.99888933319032;1.000021778254864;1147944;64895;0.9482713528744917;0.04178701583104374;0.948424962705521;0.04157393829887497;3.2154597317568303;8.711226331598057E-6;4.442725429115009E-5;0.0040603025931578544;1.6551330030036307E-5;1.986159603604357E-4;10;8.711226331598057E-6;51;4.442725429115009E-5;4661;0.0040603025931578544;19;1.6551330030036307E-5;228;1.986159603604357E-4;139x90338-NZ-CP019916_217263_aligned_12195_F_75_406_1;0.9482713528744917;0.04178701583104374;0.948424962705521;0.04157393829887497;
246;9;Borreliella bissettiae;species;64897;11;365;88;88;16;5.5;21;16;4273;388.45454545454544;1.919519771053642E-4;87.99165061061936;1.0000948884277394;458448;64895;0.8989599000395951;0.11447675953205169;0.9002730206717388;0.11329296461048416;5.773502691896258;2.3993997138170524E-5;1.919519771053642E-4;0.009320577251945695;3.4900359473702576E-5;7.961644504938401E-4;12;4.07556464844662E-5;91;2.4223692514425122E-4;4561;0.01414793226367885;17;5.166200881999825E-5;415;0.0016342469178086238;139x60172-NZ-PHQI01000013_7456_aligned_99524_F_63_168_44;0.8912300375685952;0.11238585598241775;0.8924337314813936;0.11138179480900402;
247;10;Borreliella bissettiae DN127;strain;521010;1;50;3;3;1;3.0;3;1;288;288.0;5.028494803888703E-5;2.9999497153261734;1.0000167618388967;59660;64897;0.8062015503875969;;0.8062015503875969;;;1.6761649346295674E-5;5.028494803888703E-5;0.0048273550117331546;1.6761649346295674E-5;8.380824673147837E-4;1;1.6761649346295674E-5;3;5.028494803888703E-5;288;0.0048273550117331546;1;1.6761649346295674E-5;50;8.380824673147837E-4;139x122149-NZ-CP161130_5917_aligned_75807_F_19_200_68;0.8062015503875969;;0.8062015503875969;;
248;9;Borreliella sinica;species;87162;10;196;34;34;11;3.090909090909091;8;11;3703;370.3;4.3787911960539365E-5;33.999277508222725;1.000021250209717;776470;64895;0.909049711639849;0.06833442895531786;0.9096521212784031;0.06866100320567083;2.3432688900143512;1.2878797635452755E-5;4.3787911960539365E-5;0.004769018764408155;1.4166677398998029E-5;2.52424433654874E-4;10;1.2878797635452755E-5;34;4.3787911960539365E-5;3703;0.004769018764408155;11;1.4166677398998029E-5;196;2.52424433654874E-4;521009x154487-NZ-CP161158_794531_aligned_14438_F_13_639_65;0.909049711639849;0.06833442895531786;0.9096521212784031;0.06866100320567083;
249;9;Borreliella spielmanii;species;88916;3;48;25;25;7;3.5714285714285716;12;7;1616;538.6666666666666;3.175272501886112E-5;24.999618970951754;1.0000152413942265;787334;64895;0.9655155579824793;0.02957768525807245;0.9655155579824793;0.02957768525807245;3.866830866792722;3.810327002263334E-6;3.175272501886112E-5;0.0020524961452191826;8.890763005281113E-6;6.0965232036213347E-5;3;3.810327002263334E-6;25;3.175272501886112E-5;1616;0.0020524961452191826;7;8.890763005281113E-6;48;6.0965232036213347E-5;139x95058-NZ-CP161126_817728_aligned_9367_R_65_647_6;0.9655155579824793;0.02957768525807245;0.9655155579824793;0.02957768525807245;
250;9;Borreliella lusitaniae;species;100177;5;93;16;16;13;1.2307692307692308;3;13;1715;343.0;1.3480256899995871E-5;15.999898898579529;1.0000063188787074;1186921;64895;0.920398979678718;0.053408506059305194;0.920398979678718;0.053408506059305194;0.599144689515278;4.21258028124871E-6;1.3480256899995871E-5;0.0014449150364683075;1.0952708731246646E-5;7.8353993231226E-5;5;4.21258028124871E-6;16;1.3480256899995871E-5;1715;0.0014449150364683075;13;1.0952708731246646E-5;93;7.8353993231226E-5;139x137415-NZ-PHON01000001_502268_aligned_10427_R_139_505_151;0.920398979678718;0.053408506059305194;0.920398979678718;0.053408506059305194;
251;9;Borreliella lanei;species;373540;5;161;27;27;13;2.076923076923077;5;12;1798;359.6;6.254633061527057E-5;26.99918691361745;1.0000301152173638;431680;64895;0.9102538365094445;0.09207857100170698;0.9102538365094445;0.09207857100170698;1.3204505835470495;1.1582653817642698E-5;6.254633061527057E-5;0.0041651223128243145;2.7798369162342477E-5;3.729614529280949E-4;5;1.1582653817642698E-5;27;6.254633061527057E-5;1798;0.0041651223128243145;12;2.7798369162342477E-5;161;3.729614529280949E-4;139x42881-NZ-PHPF01000015_1172_aligned_413_F_61_3892_4;0.9102538365094445;0.09207857100170698;0.9102538365094445;0.09207857100170698;
252;9;Borreliella californiensis;species;373543;6;184;59;59;16;3.6875;17;16;3223;537.1666666666666;1.0495139327421665E-4;58.996956511663875;1.0000515872091729;562165;64895;0.9468313977291046;0.03672970690831345;0.9470150524582138;0.03666132473805824;4.3927022814360335;1.067302304483559E-5;1.0495139327421665E-4;0.005733192212250851;2.8461394786228242E-5;3.273060400416248E-4;6;1.067302304483559E-5;59;1.0495139327421665E-4;3223;0.005733192212250851;16;2.8461394786228242E-5;184;3.273060400416248E-4;139x190168-NZ-JAJNFO010000001_327283_aligned_14735_R_41_405_32;0.9468313977291046;0.03672970690831345;0.9470150524582138;0.03666132473805824;
253;9;Borreliella carolinensis;species;478174;10;208;72;72;14;5.142857142857143;25;13;4259;425.9;1.1778543746656612E-4;71.9958187771323;1.0000580759124449;611281;64895;0.9494270997840124;0.05045346866917566;0.9496728000297125;0.05001326509142724;8.08471628213615;1.635908853702307E-5;1.1778543746656612E-4;0.006967335807918126;2.1266815098129992E-5;3.402690415700799E-4;10;1.635908853702307E-5;72;1.1778543746656612E-4;4259;0.006967335807918126;13;2.1266815098129992E-5;208;3.402690415700799E-4;139x64442-NZ-CP077727_97080_aligned_90452_R_73_259_55;0.9494270997840124;0.05045346866917566;0.9496728000297125;0.05001326509142724;
254;9;Borreliella americana;species;478807;10;340;47;47;16;2.9375;11;16;5550;555.0;4.608367226076691E-5;46.99894009233747;1.0000225517354315;1019884;64895;0.9350515603476841;0.05805202777787416;0.9350515603476841;0.05805202777787416;2.79210195611359;9.805036651227003E-6;4.608367226076691E-5;0.005441795341430986;1.5688058641963203E-5;3.3337124614171807E-4;10;9.805036651227003E-6;47;4.608367226076691E-5;5550;0.005441795341430986;16;1.5688058641963203E-5;340;3.3337124614171807E-4;139x82279-NZ-JAJNGA010000002_72323_aligned_87506_F_44_256_13;0.9350515603476841;0.05805202777787416;0.9350515603476841;0.05805202777787416;
255;9;Borreliella finlandensis;species;498741;11;305;87;87;20;4.35;17;20;4364;396.72727272727275;1.7359205866214396E-4;86.99253596221452;1.0000858008989268;501175;64895;0.9187762179230979;0.06112252266881246;0.9219331416699252;0.06285866342538624;3.9506828190633207;2.1948421210156134E-5;1.7359205866214396E-4;0.008707537287374669;3.990622038210206E-5;6.085698608270564E-4;11;2.1948421210156134E-5;87;1.7359205866214396E-4;4364;0.008707537287374669;20;3.990622038210206E-5;305;6.085698608270564E-4;139x113640-NZ-CP147394_21438_aligned_104_F_77_555_0;0.9187762179230979;0.06112252266881246;0.9219331416699252;0.06285866342538624;
256;9;Borreliella bavariensis;species;664662;15;686;153;153;34;4.5;32;22;11736;782.4;1.015864078714195E-4;152.99227968399975;1.0000504621279989;1506107;64895;0.9305699892671476;0.061644120516405554;0.9313757799116138;0.061920616405245675;5.609785822087771;9.95945175209995E-6;1.015864078714195E-4;0.007792275050843001;1.4607195903079927E-5;4.5547892679603775E-4;15;9.95945175209995E-6;153;1.015864078714195E-4;11736;0.007792275050843001;22;1.4607195903079927E-5;686;4.5547892679603775E-4;664662x93885-NZ-JACGTQ010000009_12617_aligned_114475_F_61_88_11;0.9305699892671476;0.061644120516405554;0.9313757799116138;0.061920616405245675;
257;9;Borreliella yangtzensis;species;683292;5;103;31;31;10;3.1;16;9;1440;288.0;2.5754203542947628E-5;30.99961368856635;1.0000124618144448;1203687;64895;0.9001563551888226;0.10071438485761416;0.9001563551888226;0.10071438485761416;4.794672969962487;4.1539037972496175E-6;2.5754203542947628E-5;0.0011963242936078899;7.477026835049311E-6;8.557041822334212E-5;5;4.1539037972496175E-6;31;2.5754203542947628E-5;1440;0.0011963242936078899;9;7.477026835049311E-6;103;8.557041822334212E-5;139x44210-NZ-CP147359_94035_aligned_19398_F_137_537_0;0.9001563551888226;0.10071438485761416;0.9001563551888226;0.10071438485761416;
258;9;Borreliella kurtenbachii;species;1196056;8;157;50;50;12;4.166666666666667;14;11;3501;437.625;1.2579913903069248E-4;49.99691804408014;1.0000616429180123;397459;64895;0.9452424498269733;0.04737031526751283;0.9452424498269733;0.04737031526751283;4.549392233801092;2.0127862244910795E-5;1.2579913903069248E-4;0.008808455714929086;2.7675810586752344E-5;3.950092965563744E-4;8;2.0127862244910795E-5;50;1.2579913903069248E-4;3501;0.008808455714929086;11;2.7675810586752344E-5;157;3.950092965563744E-4;139x85744-NZ-PHPC01000001_531560_aligned_9267_R_93_442_77;0.9452424498269733;0.04737031526751283;0.9452424498269733;0.04737031526751283;
259;9;Borreliella mayonii;species;1674146;7;199;59;59;13;4.538461538461538;17;13;3383;483.2857142857143;1.113983131652037E-4;58.996769563098866;1.0000547561658895;529631;64895;0.9327708830871185;0.02842058110207839;0.9331478148624671;0.028294082035633113;4.5573271518765;1.3216749019600438E-5;1.113983131652037E-4;0.006387465990472612;2.4545391036400817E-5;3.7573329355721245E-4;7;1.3216749019600438E-5;59;1.113983131652037E-4;3383;0.006387465990472612;13;2.4545391036400817E-5;199;3.7573329355721245E-4;498739x150530-NZ-ABJY02000011_56372_aligned_57237_R_80_196_116;0.9327708830871185;0.02842058110207839;0.9331478148624671;0.028294082035633113;
260;4;PVC group;clade;1783257;0;0;0;0;0;;0;0;0;;0.0;0.0;;321;3379134;;;;;;0.0;0.0;0.0;0.0;0.0;247;0.001020657008570386;8492;0.03602369911123286;183223;0.7085846879260067;262;0.002513614630947987;10509;0.09036009277575863;;0.9411608166262265;0.04493711056639498;0.9411745773323623;0.04494242198515067;
261;5;Chlamydiota;phylum;204428;0;0;0;0;0;;0;0;0;;;0.0;;0;1783257;;;;;;;;;;;247;0.001020657008570386;8492;0.03602369911123286;183223;0.7085846879260067;262;0.002513614630947987;10509;0.09036009277575863;;0.9411608166262265;0.04493711056639498;0.9411745773323623;0.04494242198515067;
262;6;Chlamydiia;class;204429;0;0;3;3;2;1.5;2;2;0;;0.001763668430335097;2.9982366771837015;1.0005881199538773;1701;204428;;;;;0.7071067811865476;0.0;0.001763668430335097;0.0;0.0011757789535567313;0.0;247;0.001020657008570386;8492;0.03602369911123286;183223;0.7085846879260067;262;0.002513614630947987;10509;0.09036009277575863;596780x105845-NZ-CP166118_43015_aligned_53853_R_33_446_74;0.9411608166262265;0.04493711056639498;0.9411745773323623;0.04494242198515067;
263;7;Chlamydiales;order;51291;0;0;0;0;0;;0;0;0;;0.0;0.0;;1052;204429;;;;;;0.0;0.0;0.0;0.0;0.0;247;0.001020657008570386;8489;0.034260030680897766;183223;0.7085846879260067;260;0.0013378356773912552;10509;0.09036009277575863;;0.9411608166262265;0.04493711056639498;0.9411745773323623;0.04494242198515067;
264;8;Chlamydiaceae;family;809;0;0;24;24;1;24.0;24;1;0;;0.007462686567164179;23.914374479824538;1.0035805042798716;3216;51291;;;;;;0.0;0.007462686567164179;0.0;3.109452736318408E-4;0.0;247;0.001020657008570386;8489;0.034260030680897766;183223;0.7085846879260067;260;0.0013378356773912552;10509;0.09036009277575863;596780x105845-NZ-CP166118_43015_aligned_53853_R_33_446_74;0.9411608166262265;0.04493711056639498;0.9411745773323623;0.04494242198515067;
265;9;Chlamydia/Chlamydophila group;no rank;1113537;0;0;0;0;0;;0;0;0;;;0.0;;0;809;;;;;;;;;;;247;0.001020657008570386;8465;0.026797344113733596;183223;0.7085846879260067;259;0.0010268904037594145;10509;0.09036009277575863;;0.9411608166262265;0.04493711056639498;0.9411745773323623;0.04494242198515067;
266;10;Chlamydia;genus;810;2;30;785;785;81;9.691358024691358;43;7;1143;571.5;1.8737243457897415E-4;784.926554405122;1.0000935700218903;4189517;1113537;0.9715725406838858;0.02271222476905758;0.9715725406838858;0.02271222476905758;9.248840434493184;4.773819989273227E-7;1.8737243457897415E-4;2.728238123869649E-4;1.6708369962456293E-6;7.1607299839098395E-6;247;0.001020657008570386;8465;0.026797344113733596;183223;0.7085846879260067;259;0.0010268904037594145;10509;0.09036009277575863;83555x149538-NZ-FPIM01000002_202502_aligned_7031_R_31_26410_34;0.9411608166262265;0.04493711056639498;0.9411745773323623;0.04494242198515067;
267;11;Chlamydia trachomatis;species;813;105;3472;3577;3574;261;13.704980842911878;140;108;66979;637.8952380952381;0.0022465228866876234;3572.982854913645;1.0002846767330429;1590903;810;0.9446904243788996;0.04038539989868982;0.9447198733879406;0.040398105972328416;15.087218676862802;6.600025268668171E-5;0.0022484086081929573;0.04210124690191671;6.788597419201547E-5;0.0021824083555062753;108;9.034046501125438E-4;3639;0.023545004676137703;69031;0.6194703841059246;111;9.052903716178775E-4;3728;0.08518713903958117;596780x105845-NZ-CP166118_971174_aligned_25967_F_357_998_3;0.9427185975027733;0.042324738297596094;0.9427472284837853;0.04233786867527958;
268;12;Chlamydia trachomatis B/Jali20/OT;strain;580049;1;40;5;5;1;5.0;5;1;666;666.0;5.466870763175158E-4;4.99890674538894;1.0002186987408934;9146;813;0.9371069182389937;;0.9371069182389937;;;1.0933741526350318E-4;5.466870763175158E-4;0.07281871856549312;1.0933741526350318E-4;0.004373496610540126;1;1.0933741526350318E-4;5;5.466870763175158E-4;666;0.07281871856549312;1;1.0933741526350318E-4;40;0.004373496610540126;596780x105845-NZ-CP166118_83614_aligned_5375_R_118_547_0;0.9371069182389937;;0.9371069182389937;;
269;12;Chlamydia trachomatis I/UW-12/UR;strain;596780;2;216;57;57;2;28.5;31;2;1386;693.0;0.02074990899162723;56.42286111191251;1.0102288128732564;2747;813;0.8420035261380292;0.036459074711639956;0.8420035261380292;0.036459074711639956;3.5355339059327378;7.280669821623589E-4;0.02074990899162723;0.5045504186385148;7.280669821623589E-4;0.07863123407353477;2;7.280669821623589E-4;57;0.02074990899162723;1386;0.5045504186385148;2;7.280669821623589E-4;216;0.07863123407353477;596780x105845-NZ-CP166118_110761_aligned_35252_R_103_686_25;0.8420035261380292;0.036459074711639956;0.8420035261380292;0.036459074711639956;
270;11;Chlamydia abortus;species;83555;2;2045;1314;1314;127;10.346456692913385;56;2;26514;13257.0;7.284867710904959E-4;1313.5218644784782;1.0003640103255622;1803739;810;0.9092489993766608;0.019130171853646665;0.9094023736097897;0.019347075774247022;10.535938460815617;1.1088078707617897E-6;7.284867710904959E-4;0.014699465942689048;1.1088078707617897E-6;0.00113375604785393;2;1.1088078707617897E-6;1314;7.284867710904959E-4;26514;0.014699465942689048;2;1.1088078707617897E-6;2045;0.00113375604785393;83555x149538-NZ-FPIM01000002_202502_aligned_7031_R_31_26410_34;0.9092489993766608;0.019130171853646665;0.9094023736097897;0.019347075774247022;
271;11;Chlamydia caviae;species;83557;0;0;7;7;1;7.0;7;1;0;;6.6923077658495355E-6;6.999979923067494;1.0000028681414412;1045977;810;;;;;;0.0;6.6923077658495355E-6;0.0;9.560439665499337E-7;0.0;0;0.0;7;6.6923077658495355E-6;0;0.0;1;9.560439665499337E-7;0;0.0;83555x149538-NZ-FPIM01000002_202502_aligned_7031_R_31_26410_34;;;;;
272;11;Chlamydia suis;species;83559;0;0;2;2;1;2.0;2;1;0;;7.258029103970904E-7;1.99999963728449;1.000000181357788;2755569;810;;;;;;0.0;7.258029103970904E-7;0.0;3.629014551985452E-7;0.0;0;0.0;2;7.258029103970904E-7;0;0.0;1;3.629014551985452E-7;0;0.0;596780x105845-NZ-CP166118_77656_aligned_12925_F_67_1558_43;;;;;
273;11;Chlamydia ibidis;species;1405396;135;4706;2714;408;202;13.435643564356436;71;135;86535;641.0;3.495688650664181E-4;2710.848147422684;0.15050640161747994;1167152;810;0.9399368155278321;0.047304030229785965;0.9399368155278321;0.047304030229785965;12.428034303478606;1.1566616858815304E-4;0.0023253183818388694;0.0741420140650061;1.1566616858815304E-4;0.004032036958339616;135;1.1566616858815304E-4;2714;0.0023253183818388694;86535;0.0741420140650061;135;1.1566616858815304E-4;4706;0.004032036958339616;1405396x144292-NZ-KE360154_947_aligned_14276_F_137_458_4;0.9399368155278321;0.047304030229785965;0.9399368155278321;0.047304030229785965;
274;11;Candidatus Chlamydia corallus;species;2038470;0;0;1;1;1;1.0;1;1;0;;8.810401912914464E-7;0.9999999999499507;1.0000000000500493;1135022;810;;;;;;0.0;8.810401912914464E-7;0.0;8.810401912914464E-7;0.0;0;0.0;1;8.810401912914464E-7;0;0.0;1;8.810401912914464E-7;0;0.0;83555x149538-NZ-FPIM01000002_202502_aligned_7031_R_31_26410_34;;;;;
275;11;unclassified Chlamydia;no rank;2641215;0;0;0;0;0;;0;0;0;;0.0;0.0;;178;810;;;;;;0.0;0.0;0.0;0.0;0.0;0;0.0;3;2.862699220009886E-6;0;0.0;1;9.542330733366286E-7;0;0.0;;;;;;
276;12;Chlamydia sp. 12-01;species;3002742;0;0;3;3;1;3.0;3;1;0;;2.862699220009886E-6;2.9999971372758685;1.0000009542422879;1047962;2641215;;;;;;0.0;2.862699220009886E-6;0.0;9.542330733366286E-7;0.0;0;0.0;3;2.862699220009886E-6;0;0.0;1;9.542330733366286E-7;0;0.0;596780x105845-NZ-CP166118_77656_aligned_12925_F_67_1558_43;;;;;
