pos;level;name;rank;taxid;reads;kmers from reads;kmers;unique kmers;contigs;average contig length;max contig length;reads >=1 kmer;reads bps;avg. read length;db coverage;exp. unique kmers;unique kmers / exp.;db kmers;parent taxid;mean error;kmer error std. dev.;mean class error;class error std. dev.;contig len std. dev.;norm. reads;norm. kmers;norm. reads bps;norm. read >=1 kmer;norm. reads kmers;acc. reads;acc. norm. reads;acc. kmers;acc. norm. kmers;acc. reads bps;acc. norm. reads bps;acc. read >=1 kmer;acc. norm. read >=1 kmer;acc. reads kmers;acc. norm. reads kmers;max contig desc.;acc. mean error;acc. error std. dev.;acc. class mean error;acc. class error std. dev.;
0;0;TOTAL;;;212613;0;704298613;0;0;;0;0;762872683;3588.0810815895547;;;;524530554;;;;;;;;;;;;;;;;;;;;;;;;;;;
1;0;root;no rank;1;1;18;18;18;1;18.0;18;1;180;180.0;0.006112054329371817;17.948141503334703;1.0028893518950506;2945;;0.88;;0.88;;;3.3955857385398983E-4;0.006112054329371817;0.06112054329371817;3.3955857385398983E-4;0.006112054329371817;151429;0.7145737817696732;7255256;29.419269919361426;65515408;314.4774390243106;228490;1.135078186791162;7250997;39.190613307054;83560x68273-NZ-JBEQOX010000002_15453_aligned_182277_F_48_67_64;0.8438292864675451;0.16095833097682657;0.8438934622287328;0.16092122306646503;
2;1;cellular organisms;cellular root;131567;34268;1319955;2669571;70037;160903;16.59118226509139;444;80958;14445841;421.55483249679;0.5354838216404673;130791.99982125084;0.5354838223722956;130792;1;0.8720862965166029;0.1407249884682881;0.8720862965166029;0.1407249884682881;21.832053554650592;0.26200379228087345;20.410812587925868;110.44896476848737;0.6189828124044284;10.092016331274085;151428;0.7142342231958193;7255238;29.413157865032055;65515228;314.4163184810169;228489;1.1347386282173082;7250979;39.18450125272463;1359166x139103-NZ-LAOH01000004_1915_aligned_81347_F_73_515_40;0.8438290476034411;0.16095883560849633;0.8438932237884326;0.16092172766459434;
3;2;Bacteria;domain;2;1489;65369;124349;13175;10692;11.630097268986157;202;7190;675201;453.4593687038281;0.009206829056263334;119099.45144271737;0.1106218361243814;1431003;131567;0.8841007014357889;0.12262763087503464;0.8841007014357889;0.12262763087503464;13.921886235352328;0.0010405289157325317;0.08689639364837111;0.47183758524615255;0.00502444788725111;0.04568054714071179;117160;0.45223043091494614;4585667;9.002345277106178;51069387;203.96735371252979;147531;0.5157558158128803;5931024;29.092484921450506;948x181097-NZ-FLMB01000190_144_aligned_45615_R_7_645_286;0.8355641158370001;0.16550375531245845;0.8356470628440066;0.16546124815631783;
4;3;Bacillati;kingdom;1783272;1;24;22;22;5;4.4;10;4;688;688.0;9.322191901557654E-5;21.99902119747953;1.000044493003197;235996;2;0.9635258358662614;;0.9635258358662614;;3.2093613071762426;4.237359955253479E-6;9.322191901557654E-5;0.0029153036492143933;1.6949439821013915E-5;1.0169663892608349E-4;139;3.771030276631397E-4;19648;0.019595279504183723;143457;0.552776034875072;183;5.679452559642456E-4;20069;0.085065724435999;2104x178739-NZ-JBLTZR010000055_1397_aligned_341_R_33_478_161;0.8395970645493429;0.15046880855607522;0.8397505522481208;0.15026060792114665;
5;4;Mycoplasmatota;phylum;544448;1;53;153;153;16;9.5625;35;10;144;144.0;2.3052549265407165E-4;152.9824813923579;1.0001145138154557;663701;1783272;0.5350877192982456;;0.5350877192982456;;9.993122635092597;1.5067025663664812E-6;2.3052549265407165E-4;2.169651695567733E-4;1.5067025663664814E-5;7.985523601742351E-5;138;3.728656677078862E-4;19626;0.019502057585168146;142769;0.5498607312258577;179;5.509958161432316E-4;20045;0.08496402779707292;3401667x159231-NZ-JBLVZQ010000015_3896_aligned_1887_F_42_6418_5;0.8386990299745827;0.1506426469841041;0.8388536299030619;0.15043409699394297;
6;5;Mollicutes;class;31969;0;0;1;1;1;1.0;1;1;0;;1.9021532374648102E-5;1.0000000000002216;0.9999999999997784;52572;544448;;;;;;0.0;1.9021532374648102E-5;0.0;1.9021532374648102E-5;0.0;64;3.117958553095034E-4;7108;0.010168395328838094;49703;0.48174406100808614;87;3.7076178935517714E-4;7206;0.07580361276621372;29559x190374-NZ-JFKG01000031_11038_aligned_20917_R_197_13198_141;0.8123460181352977;0.18374283053847718;0.8126782265154942;0.18341900956406249;
7;6;Mycoplasmatales;order;2085;0;0;0;0;0;;0;0;0;;0.0;0.0;;241;31969;;;;;;0.0;0.0;0.0;0.0;0.0;64;3.117958553095034E-4;7107;0.010149373796463445;49703;0.48174406100808614;86;3.5174025698052905E-4;7206;0.07580361276621372;;0.8123460181352977;0.18374283053847718;0.8126782265154942;0.18341900956406249;
8;7;Mycoplasmataceae;family;2092;0;0;0;0;0;;0;0;0;;0.0;0.0;;1514;2085;;;;;;0.0;0.0;0.0;0.0;0.0;64;3.117958553095034E-4;7107;0.010149373796463445;49703;0.48174406100808614;86;3.5174025698052905E-4;7206;0.07580361276621372;;0.8123460181352977;0.18374283053847718;0.8126782265154942;0.18341900956406249;
9;8;Mycoplasma;genus;2093;1;166;774;774;57;13.578947368421053;61;8;1179;1179.0;3.4096405604497554E-4;773.8682322400028;1.000170271571448;2270034;2092;0.855526544821584;;0.855526544821584;;12.603779717128301;4.405220362338185E-7;3.4096405604497554E-4;5.193754807196721E-4;3.524176289870548E-6;7.312665801481388E-5;64;3.117958553095034E-4;7107;0.010149373796463445;49703;0.48174406100808614;86;3.5174025698052905E-4;7206;0.07580361276621372;3401677x146654-NZ-JBLWAA010000004_76993_aligned_23002_R_1888_3460_316;0.8123460181352977;0.18374283053847718;0.8126782265154942;0.18341900956406249;
10;9;Mycoplasma mycoides group;species group;656088;2;24;25;25;4;6.25;8;3;300;150.0;3.3640674535893256E-5;24.99959631531955;1.0000161476479603;743148;2093;0.9039848197343454;0.019321323812305;0.9039848197343454;0.019321323812305;1.707825127659933;2.69125396287146E-6;3.3640674535893256E-5;4.03688094430719E-4;4.036880944307191E-6;3.2295047554457525E-5;17;1.2580764529770262E-5;434;3.7082602664432183E-4;6747;0.0048401965319201335;22;1.7705773846750894E-5;446;3.303653139566721E-4;40477x218895-NZ-LS483514_103007_aligned_162147_F_0_97_1;0.8367926873970467;0.22081918198688394;0.8367926873970467;0.22081918198688394;
11;10;Mycoplasma mycoides;species;2102;7;234;317;317;23;13.782608695652174;37;11;3356;479.42857142857144;2.995160500919335E-4;316.95268115770955;1.000149293080966;1058374;656088;0.8528677165944556;0.1820710534348771;0.8528677165944556;0.1820710534348771;11.556015834892431;6.613919087203578E-6;2.995160500919335E-4;0.0031709017795221728;1.0393301422748481E-5;2.2109386662937677E-4;15;9.8895105668988E-6;409;3.371853521084285E-4;6447;0.004436508437489414;19;1.3668892902443703E-5;422;2.980702664022145E-4;2102x117831-NZ-JAUYZB010000015_15473_aligned_60058_F_36_2085_63;0.8278337364187404;0.2344554415851308;0.8278337364187404;0.2344554415851308;
12;11;Mycoplasma mycoides subsp. capri;subspecies;40477;8;188;92;92;9;10.222222222222221;31;8;3091;386.375;3.766930201649506E-5;91.99828607160747;1.0000186300035112;2442307;2102;0.8059290037649893;0.28345982497042904;0.8059290037649893;0.28345982497042904;8.814445214784902;3.2755914796952228E-6;3.766930201649506E-5;0.0012656066579672415;3.2755914796952228E-6;7.697639977283773E-5;8;3.2755914796952228E-6;92;3.766930201649506E-5;3091;0.0012656066579672415;8;3.2755914796952228E-6;188;7.697639977283773E-5;40477x218895-NZ-LS483514_72527_aligned_135655_R_3_140_1;0.8059290037649893;0.28345982497042904;0.8059290037649893;0.28345982497042904;
13;9;Mycoplasma miroungigenitalium;species;754515;1;1;1;1;1;1.0;1;1;182;182.0;1.4743347801471976E-6;1.0000000000014637;0.9999999999985363;678272;2093;0.993421052631579;;0.993421052631579;;;1.4743347801471976E-6;1.4743347801471976E-6;2.6832892998678997E-4;1.4743347801471976E-6;1.4743347801471976E-6;1;1.4743347801471976E-6;1;1.4743347801471976E-6;182;2.6832892998678997E-4;1;1.4743347801471976E-6;1;1.4743347801471976E-6;444612x54001-NZ-CM000770_1244394_aligned_32598_F_1_176_8;0.993421052631579;;0.993421052631579;;
14;9;unclassified Asterococcus (in: mycoplasmas, genus);no rank;2683645;16;735;4377;4376;205;21.351219512195122;145;24;3975;248.4375;3.1245943418280506E-4;4376.316251818208;0.9999277356114114;14005018;2093;0.7757645929899881;0.1783261615758274;0.7757645929899881;0.1783261615758274;24.3836485104664;1.1424476569755212E-6;3.1253083716136605E-4;2.8382683977985605E-4;1.7136714854632817E-6;5.2481189242313004E-5;24;2.8072885273872707E-4;5013;0.008737744027384803;35356;0.47119288161496264;34;3.1246459083913536E-4;5698;0.0746923899739364;3568888x55503-NZ-JBTKTI010000005_39998_aligned_12163_R_16_3304_316;0.7876379343963817;0.1492171022637487;0.7880964729828882;0.14920776956244539;
15;10;Mycoplasma sp. CSL7503-lung;species;536372;1;442;348;348;17;20.470588235294116;58;1;2463;2463.0;5.104847404669176E-4;347.9114458847447;1.0002545306177844;681705;2683645;0.8183312782572956;;0.8183312782572956;;17.223231574891887;1.46691017375551E-6;5.104847404669176E-4;0.003612999757959821;1.46691017375551E-6;6.483742967999355E-4;1;1.46691017375551E-6;348;5.104847404669176E-4;2463;0.003612999757959821;1;1.46691017375551E-6;442;6.483742967999355E-4;536372x92908-NZ-JAOPHP010000007_27091_aligned_42380_R_341_2053_39;0.8183312782572956;;0.8183312782572956;;
16;10;Mycoplasma sp. 1654_15;species;2725994;0;0;3;3;1;3.0;3;1;0;;3.6247512514453694E-6;2.9999963752813317;1.000001208241016;827643;2683645;;;;;;0.0;3.6247512514453694E-6;0.0;1.2082504171484565E-6;0.0;0;0.0;3;3.6247512514453694E-6;0;0.0;1;1.2082504171484565E-6;0;0.0;3401667x159231-NZ-JBLVZQ010000015_3896_aligned_1887_F_42_6418_5;;;;;
17;10;Mycoplasma sp. 4079;species;3398615;1;528;14;14;1;14.0;14;1;4481;4481.0;2.076042469897384E-4;13.998650652440991;1.0000963912588798;67436;2683645;0.8813749719164232;;0.8813749719164232;;;1.4828874784981316E-5;2.076042469897384E-4;0.06644818791150127;1.4828874784981316E-5;0.007829645886470135;1;1.4828874784981316E-5;14;2.076042469897384E-4;4481;0.06644818791150127;1;1.4828874784981316E-5;528;0.007829645886470135;3398615x38368-NZ-JBLNNG010000005_755_aligned_25775_F_1_4421_1;0.8813749719164232;;0.8813749719164232;;
18;10;Mycoplasma sp. Z473B;species;3401667;1;1241;34;34;4;8.5;13;1;6524;6524.0;2.2052003813699482E-4;33.996361671134316;1.0001070211248155;154181;2683645;0.8084385586695411;;0.8089005235602095;;4.203173404306164;6.485883474617495E-6;2.2052003813699482E-4;0.042313903788404536;6.485883474617495E-6;0.008048981392000311;1;6.485883474617495E-6;34;2.2052003813699482E-4;6524;0.042313903788404536;1;6.485883474617495E-6;1241;0.008048981392000311;3401667x159231-NZ-JBLVZQ010000015_3896_aligned_1887_F_42_6418_5;0.8084385586695411;;0.8089005235602095;;
19;10;Mycoplasma sp. 653B;species;3401677;1;812;17;17;4;4.25;9;1;5676;5676.0;3.367136745365235E-4;16.997306557316083;1.0001584629114522;50488;2683645;0.8561813673397095;;0.8561813673397095;;3.4034296427770228;1.980668673744256E-5;3.367136745365235E-4;0.11242275392172398;1.980668673744256E-5;0.01608302963080336;1;1.980668673744256E-5;17;3.367136745365235E-4;5676;0.11242275392172398;1;1.980668673744256E-5;812;0.01608302963080336;3401677x146654-NZ-JBLWAA010000004_76993_aligned_23002_R_1888_3460_316;0.8561813673397095;;0.8561813673397095;;
20;10;Mycoplasma sp. Z407A;species;3401678;1;1102;116;116;8;14.5;52;1;7948;7948.0;0.00222849787716366;115.87195486592283;1.0011050571661222;52053;2683645;0.8606971457438747;;0.8608234402626926;;17.29574679344194;1.921118859623845E-5;0.00222849787716366;0.1526905269629032;1.921118859623845E-5;0.02117072983305477;1;1.921118859623845E-5;116;0.00222849787716366;7948;0.1526905269629032;1;1.921118859623845E-5;1102;0.02117072983305477;3401678x204436-NZ-JBLWAB010000012_10856_aligned_57350_F_8_7682_10;0.8606971457438747;;0.8608234402626926;;
21;10;Mycoplasma sp. Sp48II;species;3401682;0;0;1;1;1;1.0;1;1;0;;2.9956263854772032E-5;1.0000000000017524;0.9999999999982476;33382;2683645;;;;;;0.0;2.9956263854772032E-5;0.0;2.9956263854772032E-5;0.0;0;0.0;1;2.9956263854772032E-5;0;0.0;1;2.9956263854772032E-5;0;0.0;3401678x204436-NZ-JBLWAB010000012_10856_aligned_57350_F_8_7682_10;;;;;
22;10;Mycoplasma sp. 128;species;3458463;2;147;42;42;2;21.0;25;2;615;307.5;0.00440852314474651;41.9097516284391;1.0021533979098949;9527;2683645;0.7278401997503121;0.07062240011850784;0.7330485330836454;0.07798809575586706;5.656854249492381;2.0992967355935762E-4;0.00440852314474651;0.06455337461950246;2.0992967355935762E-4;0.015429831006612785;2;2.0992967355935762E-4;42;0.00440852314474651;615;0.06455337461950246;2;2.0992967355935762E-4;147;0.015429831006612785;3458463x7971-NZ-JBSQBH010000002_79088_aligned_183229_R_64_165_71;0.7278401997503121;0.07062240011850784;0.7330485330836454;0.07798809575586706;
23;10;Mycoplasma sp. HF14;species;3568888;1;691;61;61;2;30.5;51;1;3674;3674.0;4.792884530768747E-4;60.98562356764755;1.0002357347766806;127272;2683645;0.8103732162458837;;0.8103732162458837;;28.991378028648448;7.857187755358601E-6;4.792884530768747E-4;0.028867307813187505;7.857187755358601E-6;0.005429316738952794;1;7.857187755358601E-6;61;4.792884530768747E-4;3674;0.028867307813187505;1;7.857187755358601E-6;691;0.005429316738952794;3568888x55503-NZ-JBTKTI010000005_39998_aligned_12163_R_16_3304_316;0.8103732162458837;;0.8103732162458837;;
24;9;Candidatus Mycoplasma pogonae;species;3472838;21;895;885;885;35;25.285714285714285;131;21;6239;297.0952380952381;6.983653516091995E-4;884.6913941757535;1.0003488287851312;1267245;2093;0.8101148310449018;0.19686431635171925;0.8106032315333023;0.19599380974512468;30.727044447915937;1.6571381224625074E-5;6.983653516091995E-4;0.004923278450496944;1.6571381224625074E-5;7.062564855256876E-4;21;1.6571381224625074E-5;885;6.983653516091995E-4;6239;0.004923278450496944;21;1.6571381224625074E-5;895;7.062564855256876E-4;3472838x164245-NZ-JBSWZS010000002_61066_aligned_18761_R_4_202_1;0.8101148310449018;0.19686431635171925;0.8106032315333023;0.19599380974512468;
25;5;Mycoplasmoidales;order;2790996;0;0;0;0;0;;0;0;0;;0.0;0.0;;51948;544448;;;;;;0.0;0.0;0.0;0.0;0.0;73;5.956310983201636E-5;12365;0.009103136763675988;92922;0.06789970504821463;82;1.6516700112438986E-4;12786;0.009080559794841748;;0.8659620994045905;0.10482218561703024;0.8659631056209953;0.10482225373595536;
26;6;Mycoplasmoidaceae;family;2790998;0;0;0;0;0;;0;0;0;;0.0;0.0;;2088;2790996;;;;;;0.0;0.0;0.0;0.0;0.0;47;3.350386301765463E-5;5720;0.005648928275700563;49609;0.04512619926498677;49;7.9176390992078E-5;6106;0.005913722615877813;;0.872102685674986;0.09844830672203402;0.872102685674986;0.09844830672203402;
27;7;Malacoplasma;genus;2791001;0;0;0;0;0;;0;0;0;;0.0;0.0;;3325;2790998;;;;;;0.0;0.0;0.0;0.0;0.0;33;1.9005691340661468E-5;882;5.079702958322247E-4;13593;0.007828617042230646;33;1.9005691340661468E-5;891;5.131536661978596E-4;;0.8769138022588638;0.11026302523188698;0.8769138022588638;0.11026302523188698;
28;8;Malacoplasma iowae;species;2116;33;891;882;882;45;19.6;86;33;13593;411.90909090909093;5.079702958322247E-4;881.7762769311895;1.0002537186298424;1736322;2791001;0.8769138022588638;0.11026302523188698;0.8769138022588638;0.11026302523188698;18.940576932750876;1.9005691340661468E-5;5.079702958322247E-4;0.007828617042230646;1.9005691340661468E-5;5.131536661978596E-4;33;1.9005691340661468E-5;882;5.079702958322247E-4;13593;0.007828617042230646;33;1.9005691340661468E-5;891;5.131536661978596E-4;2116x149700-NZ-CP129194_1026027_aligned_138081_R_42_138_294;0.8769138022588638;0.11026302523188698;0.8769138022588638;0.11026302523188698;
29;7;Mycoplasmoides;genus;2995234;0;0;6;6;2;3.0;4;2;0;;1.3701758392327016E-4;5.999657466479044;1.0000570921794902;43790;2790998;;;;;1.4142135623730951;0.0;1.3701758392327016E-4;0.0;4.567252797442338E-5;0.0;14;1.4498171676993162E-5;4838;0.005140957979868339;36016;0.03729758222275612;16;6.017069965141654E-5;5215;0.005400568949679953;2104x130852-NZ-JBLTZD010000008_13100_aligned_26481_F_384_2260_5;0.8607621965844169;0.06457966306435788;0.8607621965844169;0.06457966306435788;
30;8;Mycoplasmoides pneumoniae;species;2104;14;5215;4832;4769;216;22.37037037037037;155;14;36016;2572.5714285714284;0.004938698623398599;4819.933109507877;0.9894328181842595;965639;2995234;0.8607621965844169;0.06457966306435788;0.8607621965844169;0.06457966306435788;25.349498446519505;1.4498171676993162E-5;0.0050039403959450685;0.03729758222275612;1.4498171676993162E-5;0.005400568949679953;14;1.4498171676993162E-5;4832;0.0050039403959450685;36016;0.03729758222275612;14;1.4498171676993162E-5;5215;0.005400568949679953;2104x130852-NZ-JBLTZD010000008_13100_aligned_26481_F_384_2260_5;0.8607621965844169;0.06457966306435788;0.8607621965844169;0.06457966306435788;
31;6;Metamycoplasmataceae;family;2895623;0;0;9;9;2;4.5;5;1;0;;7.058989623285254E-5;8.999717645648797;1.0000313736899669;127497;2790996;;;;;0.7071067811865476;0.0;7.058989623285254E-5;0.0;7.843321803650282E-6;0.0;26;2.605924681436173E-5;6645;0.0034542084879754234;43313;0.02277350578322787;33;8.599061013231184E-5;6680;0.003166837178963933;29559x199656-NZ-JAQRAO010000006_17574_aligned_0_R_102_13296_532;0.8548618088388754;0.11667093850338185;0.8548646339849355;0.1166713942796885;
32;7;Metamycoplasma;genus;2895509;0;0;20;20;6;3.3333333333333335;8;4;0;;2.4748187195287945E-4;19.997649096797254;1.0001175589786262;80814;2895623;;;;;2.503331114069145;0.0;2.4748187195287945E-4;0.0;4.949637439057589E-5;0.0;26;2.605924681436173E-5;6636;0.003383618591742571;43313;0.02277350578322787;32;7.814728832866155E-5;6680;0.003166837178963933;92400x102205-NZ-CP030140_731968_aligned_200357_F_250_99_84;0.8548618088388754;0.11667093850338185;0.8548646339849355;0.1166713942796885;
33;8;Metamycoplasma hominis;species;2098;4;430;430;430;20;21.5;72;4;4125;1031.25;1.2919768537839749E-4;429.9722882679222;1.0000644500420932;3328233;2895509;0.9022999635381845;0.01796834503887316;0.9022999635381845;0.01796834503887316;20.337934480850517;1.2018389337525347E-6;1.2919768537839749E-4;0.0012393964004323015;1.2018389337525347E-6;1.2919768537839749E-4;4;1.2018389337525347E-6;430;1.2919768537839749E-4;4125;0.0012393964004323015;4;1.2018389337525347E-6;430;1.2919768537839749E-4;2098x65939-NZ-JADMIW010000005_22008_aligned_2115_R_71_2059_493;0.9022999635381845;0.01796834503887316;0.9022999635381845;0.01796834503887316;
34;8;Metamycoplasma hyosynoviae;species;29559;5;5274;5217;5217;208;25.08173076923077;296;5;32269;6453.8;0.002183552330336268;5211.30943600667;1.0010919643255134;2389226;2895509;0.7964305011532442;0.052498963252344856;0.7964451919127564;0.052525723458291124;34.90010662448748;2.092727937834261E-6;0.002183552330336268;0.013506047565194754;2.092727937834261E-6;0.0022074094288275785;5;2.092727937834261E-6;5217;0.002183552330336268;32269;0.013506047565194754;5;2.092727937834261E-6;5274;0.0022074094288275785;29559x199656-NZ-JAQRAO010000006_17574_aligned_0_R_102_13296_532;0.7964305011532442;0.052498963252344856;0.7964451919127564;0.052525723458291124;
35;8;Metamycoplasma auris;species;51363;1;39;39;39;1;39.0;39;1;107;107.0;5.4543013459537476E-5;38.9989637005347;1.0000265724872397;715032;2895509;0.4935064935064935;;0.4935064935064935;;;1.398538806654807E-6;5.4543013459537476E-5;1.4964365231206437E-4;1.398538806654807E-6;5.4543013459537476E-5;1;1.398538806654807E-6;41;5.730588706912133E-5;107;1.4964365231206437E-4;2;2.779975611446735E-6;39;5.4543013459537476E-5;51363x191361-NZ-QKUB01000023_1669_aligned_134127_F_0_114_1;0.4935064935064935;;0.4935064935064935;;
36;9;Metamycoplasma auris 15026;strain;1188233;0;0;2;2;1;2.0;2;1;0;;2.762873609583856E-6;1.999998618632341;1.0000006906843064;723884;51363;;;;;;0.0;2.762873609583856E-6;0.0;1.381436804791928E-6;0.0;0;0.0;2;2.762873609583856E-6;0;0.0;1;1.381436804791928E-6;0;0.0;3472838x164245-NZ-JBSWZS010000002_77470_aligned_138537_F_3_219_1;;;;;
37;8;[Mycoplasma] anseris;species;92400;15;324;316;316;19;16.63157894736842;86;15;4966;331.06666666666666;4.3892180802449074E-4;315.9308798589548;1.0002187824788638;719946;2895509;0.8986068828309737;0.08698544854320832;0.8986068828309737;0.08698544854320832;19.80799649500673;2.0834895950529622E-5;4.3892180802449074E-4;0.006897739552688674;2.0834895950529622E-5;4.5003375253143985E-4;15;2.0834895950529622E-5;316;4.3892180802449074E-4;4966;0.006897739552688674;15;2.0834895950529622E-5;324;4.5003375253143985E-4;92400x102205-NZ-CP030140_640420_aligned_178426_F_402_143_4;0.8986068828309737;0.08698544854320832;0.8986068828309737;0.08698544854320832;
38;8;Metamycoplasma equirhinis;species;92402;1;613;609;609;15;40.6;153;1;1846;1846.0;3.235283180246179E-4;608.901657995869;1.0001615072037326;1882370;2895509;0.6624449339207048;;0.6624449339207048;;40.98396899137166;5.312451855905056E-7;3.235283180246179E-4;9.806786126000733E-4;5.312451855905056E-7;3.256532987669799E-4;1;5.312451855905056E-7;609;3.235283180246179E-4;1846;9.806786126000733E-4;1;5.312451855905056E-7;613;3.256532987669799E-4;92402x74729-NZ-JAXIHL010000004_5513_aligned_20236_F_1_1842_0;0.6624449339207048;;0.6624449339207048;;
39;8;[Mycoplasma] gypis;species;92404;0;0;3;3;1;3.0;3;1;0;;3.630690956795988E-6;2.9999963694132665;1.0000012101970424;826289;2895509;;;;;;0.0;3.630690956795988E-6;0.0;1.210230318931996E-6;0.0;0;0.0;3;3.630690956795988E-6;0;0.0;1;1.210230318931996E-6;0;0.0;3458463x7971-NZ-JBSQBH010000002_31632_aligned_182870_R_64_162_91;;;;;
40;3;Pseudomonadati;kingdom;3379134;192;11687;12251;5787;1033;11.859632139399807;193;769;106090;552.5520833333334;0.012932623867808784;12084.828296581027;0.47886489224155765;447473;2;0.8665621577351938;0.1325342390969274;0.8665621577351938;0.1325342390969274;18.070668947804247;4.2907616772408616E-4;0.027378188181186352;0.23708693038462655;0.0017185394426032408;0.02611777693849685;115532;0.4508127989715504;4441670;8.895853603953622;50250729;202.94274009240854;140158;0.510163422669665;5845586;28.961738649873794;1405396x3190-NZ-KE360087_525_aligned_37278_F_27_557_173;0.8349337142527843;0.16590954540297645;0.8350176454281362;0.16586708430661412;
41;4;Pseudomonadota;phylum;1224;1192;21652;68932;2476;4743;14.533417668142526;127;3503;331711;278.28104026845637;0.0061007460847796735;63395.998509473764;0.03905609278525666;405852;3379134;0.8622150859849282;0.16946203021481415;0.8622150859849282;0.16946203021481415;15.968775239334084;0.0029370312330603272;0.1698451652326464;0.8173201068369751;0.008631225175679805;0.053349496860924675;108944;0.43698683815187195;4115058;8.482319489526377;47298908;197.78808512697174;127895;0.4785836236764035;5506403;28.34406419074514;263x62188-NZ-VIZG01000101_5338_aligned_12147_R_6_4463_9;0.8349472038158868;0.1656457166944273;0.8350043851737201;0.16561619178804454;
42;5;Gammaproteobacteria;class;1236;1;26;11104;10854;534;20.794007490636705;187;99;488;488.0;0.025539063897071973;10960.209053568587;0.9903095777599237;424996;1224;0.9432314410480349;;0.9432314410480349;;24.51646231867137;2.3529633220077367E-6;0.026127304727573908;0.0011482461011397755;2.329433688787659E-4;6.117704637220115E-5;245;3.2458332734577156E-4;76523;0.048234007997841465;556369;1.213750839561219;767;0.0017368434193782705;78550;0.1588175237127883;263x128977-NZ-VJGH01000012_17498_aligned_12303_F_1_1654_0;0.8479776410027235;0.10913313223949646;0.8485245354607507;0.10920776502149288;
43;6;Thiotrichales;order;72273;0;0;15;15;4;3.75;10;4;0;;5.160668822679419E-4;14.99638807033656;1.000240853307243;29066;1236;;;;;4.272001872658765;0.0;5.160668822679419E-4;0.0;1.376178352714512E-4;0.0;244;3.2223036402376383E-4;65419;0.022106703270267578;555881;1.2126025934600795;668;0.0015039000504995046;78524;0.1587563466664161;2599927x232579-NZ-OZ220197_122323_aligned_61212_R_0_732_4;0.8475872565763083;0.10918590298453562;0.8481363924050652;0.10926277103849823;
44;7;Francisellaceae;family;34064;0;0;1608;1530;223;7.210762331838565;64;80;0;;0.001726396604076327;1606.5430026156394;0.9523554598345526;886239;72273;;;;;8.453128364455498;0.0;0.0018144089799704143;0.0;9.026910348111514E-5;0.0;244;3.2223036402376383E-4;65404;0.02159063638799964;555881;1.2126025934600795;664;0.0013662822152280536;78524;0.1587563466664161;263x87284-NZ-VJBI01000043_10753_aligned_1_R_20_12555_32;0.8475872565763083;0.10918590298453562;0.8481363924050652;0.10926277103849823;
45;8;Francisella;genus;262;60;4299;42901;41801;2481;17.291817815397017;256;239;38692;644.8666666666667;0.0043151080810646955;42806.14531161689;0.9765186679552734;9687127;34064;0.8606989296958648;0.1486729483524805;0.8610098749694968;0.14876252995216185;20.567363003751495;6.193786867871145E-6;0.0044286608403089995;0.003994166691527839;2.4671917690353394E-5;4.4378482908296755E-4;244;3.2223036402376383E-4;63796;0.01977622740802922;555881;1.2126025934600795;584;0.0012760131117469384;78524;0.1587563466664161;2599927x232579-NZ-OZ220197_37675_aligned_81163_F_21_620_54;0.8475872565763083;0.10918590298453562;0.8481363924050652;0.10926277103849823;
46;9;Francisella tularensis;species;263;57;11322;17450;17012;1312;13.300304878048781;125;137;87517;1535.3859649122808;0.008429017780609692;17374.78456392809;0.9791200539728551;2018266;262;0.8429317706362033;0.10709592533760445;0.8431775819563198;0.10713693369880473;12.916787008953397;2.8242065218360712E-5;0.008646035755445517;0.04336247055640832;6.788005148974417E-5;0.005609766007057543;141;2.476066725768321E-4;19244;0.012902596381745174;473201;1.1367009949354436;244;0.0010715512749636465;66947;0.1465699466003359;264x156885-NZ-JBKJFO010000031_5870_aligned_11390_F_23_9348_37;0.8534354882922741;0.07773189324219539;0.8539761757148396;0.07770262284841618;
47;10;Francisella tularensis subsp. novicida;subspecies;264;3;2329;565;565;52;10.865384615384615;38;15;16290;5430.0;5.759564189578349E-4;564.8376113844141;1.00028749610917;980977;263;0.87495569368751;0.06025725562292332;0.8761859780429085;0.059046407908310984;9.715620828565951;3.058175675882309E-6;5.759564189578349E-4;0.01660589392004094;1.5290878379411545E-5;0.002374163716376633;6;3.9210346608456365E-5;601;8.994614776121724E-4;28967;0.13859420870842692;22;8.003512193204535E-5;3826;0.01733466494453822;264x156885-NZ-JBKJFO010000031_5870_aligned_11390_F_23_9348_37;0.8846378606992991;0.05338399716173118;0.8855560025739987;0.05264727570847283;
48;11;Francisella cf. novicida Fx1;strain;984129;2;1261;9;9;3;3.0;5;3;11080;5540.0;7.332991127080736E-5;8.999706685974465;1.0000325915094537;122733;264;0.9167831685608887;0.05828687438105515;0.9176921676518895;0.05700135553837738;1.7320508075688772;1.629553583795719E-5;7.332991127080736E-5;0.09027726854228284;2.4443303756935786E-5;0.01027433534583201;2;1.629553583795719E-5;9;7.332991127080736E-5;11080;0.09027726854228284;3;2.4443303756935786E-5;1261;0.01027433534583201;263x181315-NZ-VJJO01000089_910_aligned_13211_F_8_1097_4;0.9167831685608887;0.05828687438105515;0.9176921676518895;0.05700135553837738;
49;11;Francisella tularensis subsp. novicida FSC159;strain;1088879;1;236;6;6;1;6.0;6;1;1597;1597.0;1.191398105677012E-4;5.999702158364586;1.000049642736848;50361;264;0.8493937460114869;;0.8493937460114869;;;1.9856635094616865E-5;1.191398105677012E-4;0.03171104624610314;1.9856635094616865E-5;0.00468616588232958;1;1.9856635094616865E-5;6;1.191398105677012E-4;1597;0.03171104624610314;1;1.9856635094616865E-5;236;0.00468616588232958;119857x204165-NZ-PKBM01000067_1825_aligned_63532_R_38_1232_319;0.8493937460114869;;0.8493937460114869;;
50;11;Francisella tularensis subsp. novicida FSC595;strain;1088885;0;0;8;8;2;4.0;7;2;0;;5.988472191032263E-5;7.9997904065982475;1.0000261998616338;133590;264;;;;;4.242640687119285;0.0;5.988472191032263E-5;0.0;1.4971180477580657E-5;0.0;0;0.0;8;5.988472191032263E-5;0;0.0;2;1.4971180477580657E-5;0;0.0;263x166079-NZ-JACTRD010000063_8727_aligned_4244_R_1_8441_2;;;;;
51;11;Francisella tularensis subsp. novicida PA10-7858;strain;1386968;0;0;13;13;1;13.0;13;1;0;;7.115061490550651E-5;12.99957310487304;1.0000328391650646;182711;264;;;;;;0.0;7.115061490550651E-5;0.0;5.4731242235005E-6;0.0;0;0.0;13;7.115061490550651E-5;0;0.0;1;5.4731242235005E-6;0;0.0;263x57501-NZ-VJIV01000013_13314_aligned_1831_F_6_12564_0;;;;;
52;10;Francisella tularensis subsp. tularensis;subspecies;119856;0;0;0;0;0;;0;0;0;;0.0;0.0;;17693;263;;;;;;0.0;0.0;0.0;0.0;0.0;0;0.0;2;0.0011514104778353484;0;0.0;1;5.757052389176742E-4;0;0.0;;;;;;
53;11;Francisella tularensis subsp. tularensis 80700075;strain;1210520;0;0;2;2;1;2.0;2;1;0;;0.0011514104778353484;1.9994242947611767;1.0002879355024004;1737;119856;;;;;;0.0;0.0011514104778353484;0.0;5.757052389176742E-4;0.0;0;0.0;2;0.0011514104778353484;0;0.0;1;5.757052389176742E-4;0;0.0;263x116194-NZ-VJBS01000093_2040_aligned_6158_R_0_1125_1;;;;;
54;10;Francisella tularensis subsp. holarctica;subspecies;119857;77;51111;1179;1179;202;5.836633663366337;31;82;351359;4563.103896103896;2.02684164091999E-4;1178.8806268885348;1.0001012597109007;5816932;263;0.8585556178645204;0.04797545266612702;0.8592897625710036;0.04778556761536197;7.093409775505659;1.3237218520003328E-5;2.02684164091999E-4;0.060402803402205836;1.4096778164159388E-5;0.00878659059449208;77;1.3237218520003328E-5;1179;2.02684164091999E-4;351359;0.060402803402205836;82;1.4096778164159388E-5;51111;0.00878659059449208;263x91994-NZ-VFRW01000042_14056_aligned_12687_R_1_4158_16;0.8585556178645204;0.04797545266612702;0.8592897625710036;0.04778556761536197;
55;10;Francisella tularensis subsp. mediasiatica;subspecies;135248;1;688;12;12;2;6.0;11;2;5358;5358.0;0.00200300450676014;11.988989602399126;1.0009183757736073;5991;263;0.8706831831831832;;0.8708708708708709;;7.0710678118654755;1.6691704223001168E-4;0.00200300450676014;0.8943415122684026;3.3383408446002337E-4;0.11483892505424804;1;1.6691704223001168E-4;12;0.00200300450676014;5358;0.8943415122684026;2;3.3383408446002337E-4;688;0.11483892505424804;135248x44941-NZ-SGWN01000019_15478_aligned_22515_R_0_5330_0;0.8706831831831832;;0.8708708708708709;;
56;9;Francisella persica;species;954;0;0;0;0;0;;0;0;0;;;0.0;;0;262;;;;;;;;;;;0;0.0;22;1.966232635708036E-5;0;0.0;7;6.256194749980114E-6;0;0.0;;;;;;
57;10;Francisella persica ATCC VR-331;strain;1086726;0;0;22;22;7;3.142857142857143;10;7;0;;1.966232635708036E-5;21.999793545765314;1.0000093843714604;1118891;954;;;;;3.532165125838609;0.0;1.966232635708036E-5;0.0;6.256194749980114E-6;0.0;0;0.0;22;1.966232635708036E-5;0;0.0;7;6.256194749980114E-6;0;0.0;263x144225-NZ-JACTOX010000042_3144_aligned_14500_R_2_571_0;;;;;
58;9;Francisella philomiragia;species;28110;1;103;86;86;11;7.818181818181818;21;9;546;546.0;1.340298104117162E-5;85.99943039365134;1.0000066233735043;6416483;262;0.8003875968992248;;0.8003875968992248;;6.337478707154475;1.5584861675780953E-7;1.340298104117162E-5;8.509334474976401E-5;1.4026375508202857E-6;1.605240752605438E-5;1;1.5584861675780953E-7;86;1.340298104117162E-5;546;8.509334474976401E-5;9;1.4026375508202857E-6;103;1.605240752605438E-5;2599927x232579-NZ-OZ220197_306519_aligned_16998_R_1_539_5;0.8003875968992248;;0.8003875968992248;;
59;9;Francisella orientalis;species;299583;0;0;9;9;3;3.0;6;3;0;;1.2460093090739936E-5;8.999950159509298;1.000005537862968;722306;262;;;;;2.6457513110645907;0.0;1.2460093090739936E-5;0.0;4.153364363579978E-6;0.0;0;0.0;9;1.2460093090739936E-5;0;0.0;3;4.153364363579978E-6;0;0.0;657445x209015-NZ-JACVLE010000141_4841_aligned_59613_F_122_2527_7;;;;;
60;9;Francisella halioticida;species;549298;0;0;3;3;2;1.5;2;2;0;;1.5716787677200232E-6;2.999998428564984;1.0000005238119463;1908787;262;;;;;0.7071067811865476;0.0;1.5716787677200232E-6;0.0;1.0477858451466821E-6;0.0;0;0.0;3;1.5716787677200232E-6;0;0.0;2;1.0477858451466821E-6;0;0.0;263x45639-NZ-VJJD01000074_3426_aligned_12451_R_3_1262_1;;;;;
61;9;Francisella salina;species;573569;0;0;1;1;1;1.0;1;1;0;;3.6121686738283932E-6;1.0000000000028935;0.9999999999971065;276842;262;;;;;;0.0;3.6121686738283932E-6;0.0;3.6121686738283932E-6;0.0;0;0.0;1;3.6121686738283932E-6;0;0.0;1;3.6121686738283932E-6;0;0.0;2599927x232579-NZ-OZ220197_71581_aligned_15334_F_37_565_0;;;;;
62;9;Francisella hispaniensis;species;622488;1;44;166;166;26;6.384615384615385;27;20;866;866.0;8.090654319483368E-5;165.9933253852687;1.000040210139268;2051750;262;0.9473684210526315;;0.9473684210526315;;7.77213959255454;4.873888144267089E-7;8.090654319483368E-5;4.220787132935299E-4;9.747776288534178E-6;2.1445107834775193E-5;1;4.873888144267089E-7;174;1.0272756174542708E-4;866;4.220787132935299E-4;24;2.0658285563830874E-5;44;2.1445107834775193E-5;263x144225-NZ-JACTOX010000042_10010_aligned_65902_F_308_558_1;0.9473684210526315;;0.9473684210526315;;
63;10;Francisella hispaniensis FSC454;strain;1088883;0;0;8;8;4;2.0;3;4;0;;2.1821018550593394E-5;7.9999236267502685;1.000009546747356;366619;622488;;;;;0.816496580927726;0.0;2.1821018550593394E-5;0.0;1.0910509275296697E-5;0.0;0;0.0;8;2.1821018550593394E-5;0;0.0;4;1.0910509275296697E-5;0;0.0;263x57501-NZ-VJIV01000013_13314_aligned_1831_F_6_12564_0;;;;;
64;9;Candidatus Francisella endociliophora;species;653937;0;0;11;11;1;11.0;11;1;0;;5.862483198656105E-6;10.999970687347785;1.0000026647936662;1876338;262;;;;;;0.0;5.862483198656105E-6;0.0;5.32953018059646E-7;0.0;0;0.0;11;5.862483198656105E-6;0;0.0;1;5.32953018059646E-7;0;0.0;263x151685-NZ-VJJA01000083_49_aligned_40003_R_23_3485_300;;;;;
65;9;Francisella noatunensis;species;657445;5;1455;378;378;27;14.0;74;6;12882;2576.4;6.852344662059764E-4;377.87086263802007;1.0003417499859035;551636;262;0.8757381493570859;0.05233354875212954;0.8794101349136746;0.051288012889525156;17.65045216243656;9.063947965687518E-6;6.852344662059764E-4;0.023352355538797324;1.0876737558825022E-5;0.002637608858015068;5;9.063947965687518E-6;378;6.852344662059764E-4;12882;0.023352355538797324;6;1.0876737558825022E-5;1455;0.002637608858015068;657445x215054-NZ-JACVKY010000050_205_aligned_12899_R_18_2159_0;0.8757381493570859;0.05233354875212954;0.8794101349136746;0.051288012889525156;
66;9;Francisella frigiditurris;species;1542390;0;0;12;12;1;12.0;12;1;0;;8.501539841403775E-6;11.999953241700892;1.0000038965401086;1411509;262;;;;;;0.0;8.501539841403775E-6;0.0;7.084616534503145E-7;0.0;0;0.0;12;8.501539841403775E-6;0;0.0;1;7.084616534503145E-7;0;0.0;264x156885-NZ-JBKJFO010000031_5870_aligned_11390_F_23_9348_37;;;;;
67;9;Francisella opportunistica;species;2016517;0;0;1;1;1;1.0;1;1;0;;5.879240402140044E-5;1.0000000000000202;0.9999999999999798;17009;262;;;;;;0.0;5.879240402140044E-5;0.0;5.879240402140044E-5;0.0;0;0.0;1;5.879240402140044E-5;0;0.0;1;5.879240402140044E-5;0;0.0;263x141673-NZ-VIZJ01000198_12_aligned_48034_F_0_1102_1;;;;;
68;9;Francisella marina;species;2249302;0;0;6;6;1;6.0;6;1;0;;2.365725370827452E-5;5.99994085710882;1.0000098572456944;253622;262;;;;;;0.0;2.365725370827452E-5;0.0;3.942875618045753E-6;0.0;0;0.0;6;2.365725370827452E-5;0;0.0;1;3.942875618045753E-6;0;0.0;2599927x232579-NZ-OZ220197_12915_aligned_30822_F_60_561_98;;;;;
69;9;Francisella salimarina;species;2599927;35;5654;886;855;62;14.290322580645162;68;35;29145;832.7142857142857;0.0013612091995453084;885.3761186077855;0.9656912830949737;628118;262;0.7928826691125348;0.13148750335426582;0.7934751140106512;0.13186493684925996;13.814208765928726;5.572201401647461E-5;0.0014105629833884715;0.04640051710029007;5.572201401647461E-5;0.009001493349975642;35;5.572201401647461E-5;886;0.0014105629833884715;29145;0.04640051710029007;35;5.572201401647461E-5;5654;0.009001493349975642;2599927x232579-NZ-OZ220197_314476_aligned_54303_F_6_435_0;0.7928826691125348;0.13148750335426582;0.7934751140106512;0.13186493684925996;
70;9;unclassified Francisella;no rank;2610885;0;0;23;23;4;5.75;14;4;0;;1.0121314961239764E-5;22.99988866745438;1.0000048405688928;2272432;262;;;;;5.737304826019502;0.0;1.0121314961239764E-5;0.0;1.7602286889112634E-6;0.0;1;3.000705165713943E-6;59;9.520673056194562E-5;549;0.0016473871359769547;9;1.0845531335181333E-5;22;6.601551364570673E-5;2599927x232579-NZ-OZ220197_141150_aligned_44064_R_2_1351_69;0.9576107899807321;;0.9576107899807321;;
71;10;Francisella sp. TX07-6608;species;573568;0;0;32;32;2;16.0;29;2;0;;8.04478936478846E-5;31.9987530890442;1.0000389674857746;397773;2610885;;;;;18.384776310850235;0.0;8.04478936478846E-5;0.0;5.027993352992787E-6;0.0;0;0.0;32;8.04478936478846E-5;0;0.0;2;5.027993352992787E-6;0;0.0;263x246982-NZ-VJHC01000033_20482_aligned_1730_F_42_13212_101;;;;;
72;10;Francisella sp. LA112445;species;1395624;0;0;2;2;1;2.0;2;1;0;;1.160425319087952E-6;1.9999994199734448;1.0000002900133618;1723506;2610885;;;;;;0.0;1.160425319087952E-6;0.0;5.80212659543976E-7;0.0;0;0.0;2;1.160425319087952E-6;0;0.0;1;5.80212659543976E-7;0;0.0;119857x97727-NZ-JAMKWE010000042_10937_aligned_1946_F_3_4149_0;;;;;
73;10;Francisella sp. XLW-1;species;2610887;1;22;1;1;1;1.0;1;1;549;549.0;3.000705165713943E-6;0.9999999999883058;1.0000000000116942;333255;2610885;0.9576107899807321;;0.9576107899807321;;;3.000705165713943E-6;3.000705165713943E-6;0.0016473871359769547;3.000705165713943E-6;6.601551364570673E-5;1;3.000705165713943E-6;1;3.000705165713943E-6;549;0.0016473871359769547;1;3.000705165713943E-6;22;6.601551364570673E-5;2599927x232579-NZ-OZ220197_262829_aligned_8497_F_3_517_58;0.9576107899807321;;0.9576107899807321;;
74;10;Francisella sp. 19X1-34;species;3087177;0;0;1;1;1;1.0;1;1;0;;4.7639146801936436E-7;1.0000000000678204;0.9999999999321796;2099114;2610885;;;;;;0.0;4.7639146801936436E-7;0.0;4.7639146801936436E-7;0.0;0;0.0;1;4.7639146801936436E-7;0;0.0;1;4.7639146801936436E-7;0;0.0;263x30984-NZ-JPML01000064_7177_aligned_27927_F_121_1115_208;;;;;
75;9;Francisella sciaenopsi;species;3055034;0;0;3;3;1;3.0;3;1;0;;3.7155153729448556E-6;2.999996284585435;1.0000012384730554;807425;262;;;;;;0.0;3.7155153729448556E-6;0.0;1.2385051243149519E-6;0.0;0;0.0;3;3.7155153729448556E-6;0;0.0;1;1.2385051243149519E-6;0;0.0;263x37944-NZ-JPPJ01000006_5929_aligned_2_R_57_9894_0;;;;;
76;5;Alphaproteobacteria;class;28211;2;11;455;364;144;3.1597222222222223;21;120;559;279.5;0.003883660883852933;453.89978447480775;0.8019391338138048;93726;1224;0.9399687411196362;0.08148104568660117;0.9399687411196362;0.08148104568660117;3.306410798713973;2.1338796065126004E-5;0.004854576104816166;0.005964193500202718;0.0012803277639075604;1.1736337835819304E-4;107507;0.4337252235914658;3969603;8.264240316295888;46410828;195.75701418057352;123625;0.46821555508134544;5406201;28.13189717017143;33990x219763-NZ-CP015011_16344_aligned_159867_R_26_169_286;0.8346151717374523;0.16568448517095302;0.8346718710845235;0.16565447479856216;
77;6;Hyphomicrobiales;order;356;2;131;70;69;12;5.833333333333333;16;5;1174;587.0;7.198973363798554E-4;69.97480955095082;0.9860691360618704;95847;28211;0.8684245136415709;0.07543323994321308;0.8684245136415709;0.07543323994321308;4.7065396154197146;2.0866589460285663E-5;7.303306311099982E-4;0.012248688013187684;5.216647365071416E-5;0.001366761609648711;598;0.00681776055575541;35274;0.14581134489966074;406713;6.568872609094544;875;0.008135448738685859;53694;1.075064590506187;774x200963-NZ-JBLKQX010000012_1034_aligned_73340_F_17_7358_125;0.8402017788221238;0.1393211591407418;0.84028550448406;0.13927467466692006;
78;7;Bartonellaceae;family;772;0;0;0;0;0;;0;0;0;;0.0;0.0;;190;356;;;;;;0.0;0.0;0.0;0.0;0.0;596;0.006796893966295125;35204;0.14508101426855075;405539;6.556623921081356;870;0.008083282265035144;53563;1.0736978288965384;;0.8401070716583001;0.13951122065315327;0.8401910782788334;0.1394647005225915;
79;8;Bartonella;genus;773;87;3440;15019;14996;830;18.095180722891566;172;179;33937;390.08045977011494;3.867192023000973E-4;15016.092016832625;0.9986619676537609;38777490;772;0.8086905963162958;0.19261636078189687;0.8086905963162958;0.19261636078189687;20.42366353608217;2.243569658582853E-6;3.87312329910987E-4;8.751726839462792E-4;4.616080102141732E-6;8.871126006350591E-5;596;0.006796893966295125;35204;0.14508101426855075;405539;6.556623921081356;870;0.008083282265035144;53563;1.0736978288965384;85701x151613-NZ-JAQNDQ010000028_464_aligned_42145_F_12_9893_71;0.8401070716583001;0.13951122065315327;0.8401910782788334;0.1394647005225915;
80;9;Bartonella bacilliformis;species;774;1;1087;589;589;24;24.541666666666668;113;1;7537;7537.0;2.1682830621752407E-4;588.9362571066325;1.0001082339431446;2716435;773;0.8541361396030371;;0.855201811642467;;26.83440226514346;3.681295521519933E-7;2.1682830621752407E-4;0.0027745924345695737;3.681295521519933E-7;4.0015682318921675E-4;1;3.681295521519933E-7;589;2.1682830621752407E-4;7537;0.0027745924345695737;1;3.681295521519933E-7;1087;4.0015682318921675E-4;774x200963-NZ-JBLKQX010000012_1034_aligned_73340_F_17_7358_125;0.8541361396030371;;0.855201811642467;;
81;9;Bartonella quintana;species;803;13;128;109;109;15;7.266666666666667;19;13;4831;371.61538461538464;7.130213396166431E-5;108.99614977104449;1.0000353244491993;1528706;773;0.8483313925482322;0.17242748509393957;0.8483313925482322;0.17242748509393957;6.029293569928483;8.503924233959964E-6;7.130213396166431E-5;0.003160189074943122;8.503924233959964E-6;8.37309463036058E-5;13;8.503924233959964E-6;109;7.130213396166431E-5;4831;0.003160189074943122;13;8.503924233959964E-6;128;8.37309463036058E-5;803x186498-NZ-CP076601_1097319_aligned_161777_F_6_66_8;0.8483313925482322;0.17242748509393957;0.8483313925482322;0.17242748509393957;
82;9;Bartonella doshiae;species;33044;0;0;2;2;1;2.0;2;1;0;;1.0318783332894785E-6;1.999999483860074;1.0000002580700296;1938213;773;;;;;;0.0;1.0318783332894785E-6;0.0;5.159391666447392E-7;0.0;0;0.0;2;1.0318783332894785E-6;0;0.0;1;5.159391666447392E-7;0;0.0;3243469x51367-NZ-JBHIQB010000021_20357_aligned_17837_F_1_5311_289;;;;;
83;9;Bartonella grahamii;species;33045;0;0;2;2;1;2.0;2;1;0;;3.427909352365086E-6;1.9999982860435122;1.0000008569789782;583446;773;;;;;;0.0;3.427909352365086E-6;0.0;1.713954676182543E-6;0.0;0;0.0;3;4.3925216281454305E-5;0;0.0;2;4.221126160527176E-5;0;0.0;3243557x53268-NZ-JBHIMO010000016_23215_aligned_41272_F_275_9897_48;;;;;
84;10;Bartonella grahamii as4aup;strain;634504;0;0;1;1;1;1.0;1;1;0;;4.0497306929089216E-5;1.0000000000007963;0.9999999999992037;24693;33045;;;;;;0.0;4.0497306929089216E-5;0.0;4.0497306929089216E-5;0.0;0;0.0;1;4.0497306929089216E-5;0;0.0;1;4.0497306929089216E-5;0;0.0;3243463x211017-NZ-JBHIQH010000093_2178_aligned_12209_F_0_2083_0;;;;;
85;9;Bartonella vinsonii;species;33047;0;0;1;1;1;1.0;1;1;0;;7.623735127045734E-7;0.9999999999320058;1.0000000000679943;1311693;773;;;;;;0.0;7.623735127045734E-7;0.0;7.623735127045734E-7;0.0;0;0.0;1;7.623735127045734E-7;0;0.0;1;7.623735127045734E-7;0;0.0;3243485x213466-NZ-JBHIPL010000017_1053_aligned_6574_F_9_1247_2;;;;;
86;9;Bartonella henselae;species;38323;15;664;368;368;21;17.523809523809526;86;15;4966;331.06666666666666;2.6705796464094494E-4;367.9509991934896;1.0001331720979636;1377978;773;0.8321238865805859;0.194424463684216;0.8324296969781394;0.19364260234115546;22.67954816044413;1.0885514863081993E-5;2.6705796464094494E-4;0.0036038311206710123;1.0885514863081993E-5;4.8186545793909625E-4;15;1.0885514863081993E-5;368;2.6705796464094494E-4;4966;0.0036038311206710123;15;1.0885514863081993E-5;664;4.8186545793909625E-4;38323x128719-NZ-LNZZ01000053_16472_aligned_143366_F_37_253_27;0.8321238865805859;0.194424463684216;0.8324296969781394;0.19364260234115546;
87;9;Bartonella clarridgeiae;species;56426;1;51;31;31;1;31.0;31;1;88;88.0;2.6859104933324438E-5;30.99959711642418;1.0000129964132858;1154171;773;0.1206896551724138;;0.1206896551724138;;;8.664227397846593E-7;2.6859104933324438E-5;7.624520110105002E-5;8.664227397846593E-7;4.418755972901763E-5;1;8.664227397846593E-7;31;2.6859104933324438E-5;88;7.624520110105002E-5;1;8.664227397846593E-7;51;4.418755972901763E-5;56426x51040-NZ-CP116497_1292173_aligned_114687_F_0_83_3;0.1206896551724138;;0.1206896551724138;;
88;9;Bartonella tribocorum;species;85701;0;0;1;1;1;1.0;1;1;0;;2.8685070625512386E-7;1.0000000001536238;0.9999999998463762;3486134;773;;;;;;0.0;2.8685070625512386E-7;0.0;2.8685070625512386E-7;0.0;0;0.0;1;2.8685070625512386E-7;0;0.0;1;2.8685070625512386E-7;0;0.0;85701x151613-NZ-JAQNDQ010000028_464_aligned_42145_F_12_9893_71;;;;;
89;9;environmental samples;no rank;104107;0;0;0;0;0;;0;0;0;;;0.0;;0;773;;;;;;;;;;;2;2.081854349306014E-7;306;3.185237154438201E-5;3384;3.522497559025775E-4;2;2.081854349306014E-7;306;3.185237154438201E-5;;0.8675889328063241;0.058692657726947574;0.8675889328063241;0.058692657726947574;
90;10;uncultured Bartonella sp.;species;104108;2;306;306;306;12;25.5;66;2;3384;1692.0;3.185237154438201E-5;305.99514250666266;1.0000158744132261;9606820;104107;0.8675889328063241;0.058692657726947574;0.8675889328063241;0.058692657726947574;21.601767604443012;2.081854349306014E-7;3.185237154438201E-5;3.522497559025775E-4;2.081854349306014E-7;3.185237154438201E-5;2;2.081854349306014E-7;306;3.185237154438201E-5;3384;3.522497559025775E-4;2;2.081854349306014E-7;306;3.185237154438201E-5;104108x64197-NZ-CALYQK010000002_64630_aligned_58362_R_6_3296_6;0.8675889328063241;0.058692657726947574;0.8675889328063241;0.058692657726947574;
91;9;Bartonella birtlesii;species;111504;1;487;103;103;6;17.166666666666668;31;2;2243;2243.0;8.415754619473076E-5;102.99570807943735;1.000041670868065;1223895;773;0.7799367374604609;;0.7799367374604609;;15.171244730300367;8.170635552886481E-7;8.415754619473076E-5;0.0018326735545124376;1.6341271105772962E-6;3.9790995142557163E-4;1;8.170635552886481E-7;103;8.415754619473076E-5;2243;0.0018326735545124376;2;1.6341271105772962E-6;487;3.9790995142557163E-4;1202451x71024-NZ-KE007221_2014_aligned_76894_F_4_2256_28;0.7799367374604609;;0.7799367374604609;;
92;9;Bartonella bovis;species;155194;1;264;264;264;16;16.5;42;1;2578;2578.0;1.6627679796235343E-4;263.9781358208417;1.0000828257199799;1587714;773;0.8963893249607535;;0.8963893249607535;;10.327955589886445;6.298363559180054E-7;1.6627679796235343E-4;0.001623718125556618;6.298363559180054E-7;1.6627679796235343E-4;1;6.298363559180054E-7;264;1.6627679796235343E-4;2578;0.001623718125556618;1;6.298363559180054E-7;264;1.6627679796235343E-4;155194x64018-NZ-CACVBI010000023_809_aligned_59672_R_321_2255_12;0.8963893249607535;;0.8963893249607535;;
93;9;Candidatus Bartonella washoeensis;species;186739;1;383;246;246;22;11.181818181818182;45;1;3249;3249.0;1.806581243280399E-4;245.9778707190498;1.0000899645195136;1361688;773;0.8810189499844673;;0.8810189499844673;;12.707839214011857;7.343826192196744E-7;1.806581243280399E-4;0.0023860091298447223;7.343826192196744E-7;2.812685431611353E-4;1;7.343826192196744E-7;246;1.806581243280399E-4;3249;0.0023860091298447223;1;7.343826192196744E-7;383;2.812685431611353E-4;186739x885-NZ-UAQI01000004_129040_aligned_5_R_35_2833_368;0.8810189499844673;;0.8810189499844673;;
94;9;Bartonella phoceensis;species;270249;2;40;2;2;2;1.0;1;2;398;199.0;1.4454104604355022E-6;1.9999992773648745;1.0000003613176933;1383690;773;0.9118589743589745;0.11105202653250097;0.9118589743589745;0.11105202653250097;0.0;1.4454104604355022E-6;1.4454104604355022E-6;2.876366816266649E-4;1.4454104604355022E-6;2.8908209208710043E-5;2;1.4454104604355022E-6;2;1.4454104604355022E-6;398;2.876366816266649E-4;2;1.4454104604355022E-6;40;2.8908209208710043E-5;2133959x84476-NZ-CP031843_1507985_aligned_155399_F_17_105_16;0.9118589743589745;0.11105202653250097;0.9118589743589745;0.11105202653250097;
95;9;Bartonella silvatica;species;357760;2;17;17;17;2;8.5;10;2;457;228.5;1.0608119829321591E-5;16.999915135996606;1.00000499202512;1602546;773;0.9330437929786464;0.062444464209018204;0.9330437929786464;0.062444464209018204;2.1213203435596424;1.248014097567246E-6;1.0608119829321591E-5;2.8517122129411576E-4;1.248014097567246E-6;1.0608119829321591E-5;2;1.248014097567246E-6;17;1.0608119829321591E-5;457;2.8517122129411576E-4;2;1.248014097567246E-6;17;1.0608119829321591E-5;357760x123527-NZ-JBEPLI010000021_12964_aligned_196134_R_14_40_66;0.9330437929786464;0.062444464209018204;0.9330437929786464;0.062444464209018204;
96;9;Bartonella rochalimae;species;395923;1;43;20;20;3;6.666666666666667;17;3;486;486.0;1.1467232383464251E-4;19.99891065035451;1.0000544704491428;174410;773;0.9057017543859649;;0.9057017543859649;;8.962886439832502;5.733616191732126E-6;1.1467232383464251E-4;0.002786537469181813;1.7200848575196376E-5;2.465454962444814E-4;1;5.733616191732126E-6;20;1.1467232383464251E-4;486;0.002786537469181813;3;1.7200848575196376E-5;43;2.465454962444814E-4;1933912x59330-NZ-CP019786_74619_aligned_28775_R_0_502_1;0.9057017543859649;;0.9057017543859649;;
97;9;Bartonella queenslandensis;species;481138;0;0;2;2;1;2.0;2;1;0;;1.693713865673247E-6;1.999999153015441;1.0000004234924589;1180837;773;;;;;;0.0;1.693713865673247E-6;0.0;8.468569328366235E-7;0.0;0;0.0;12;1.0334567996822402E-5;0;0.0;3;2.5750277590664547E-6;0;0.0;3243557x53268-NZ-JBHIMO010000016_23215_aligned_41272_F_275_9897_48;;;;;
98;10;Bartonella queenslandensis AUST/NH15;strain;1221525;0;0;10;10;2;5.0;8;2;0;;8.640854131149155E-6;9.999961116173584;1.0000038883977613;1157293;481138;;;;;4.242640687119285;0.0;8.640854131149155E-6;0.0;1.7281708262298312E-6;0.0;0;0.0;10;8.640854131149155E-6;0;0.0;2;1.7281708262298312E-6;0;0.0;3243482x147964-NZ-JBHIPO010000054_229_aligned_19880_F_3_3584_48;;;;;
99;9;Bartonella jaculi;species;686226;0;0;1;1;1;1.0;1;1;0;;6.9557475341875E-7;1.0000000000622467;0.9999999999377533;1437660;773;;;;;;0.0;6.9557475341875E-7;0.0;6.9557475341875E-7;0.0;0;0.0;1;6.9557475341875E-7;0;0.0;1;6.9557475341875E-7;0;0.0;85701x151613-NZ-JAQNDQ010000028_464_aligned_42145_F_12_9893_71;;;;;
100;9;Bartonella acomydis;species;686234;0;0;9;9;2;4.5;8;1;0;;6.436166104574827E-6;8.999974256106343;1.0000028604408107;1398348;773;;;;;4.949747468305833;0.0;6.436166104574827E-6;0.0;7.151295671749807E-7;0.0;0;0.0;9;6.436166104574827E-6;0;0.0;1;7.151295671749807E-7;0;0.0;931097x34704-NZ-BAABJA010000028_1142_aligned_5135_R_13_3491_364;;;;;
101;9;Bartonella florencae;species;928210;1;67;19;19;2;9.5;14;2;811;811.0;1.3762979757554246E-5;18.99987613355144;1.0000065193292678;1380515;773;0.912932138284251;;0.9142125480153649;;6.363961030678928;7.243673556607498E-7;1.3762979757554246E-5;5.874619254408681E-4;1.4487347113214996E-6;4.8532612829270236E-5;1;7.243673556607498E-7;19;1.3762979757554246E-5;811;5.874619254408681E-4;2;1.4487347113214996E-6;67;4.8532612829270236E-5;1933912x59330-NZ-CP019786_116114_aligned_48286_R_218_510_73;0.912932138284251;;0.9142125480153649;;
102;9;Bartonella massiliensis;species;929795;0;0;4;4;1;4.0;4;1;0;;2.578140206998877E-6;3.9999961329309057;1.0000009667682082;1551506;773;;;;;;0.0;2.578140206998877E-6;0.0;6.445350517497193E-7;0.0;0;0.0;4;2.578140206998877E-6;0;0.0;1;6.445350517497193E-7;0;0.0;2699889x189998-NZ-CAHOYM010000015_35121_aligned_40844_R_1_2966_1;;;;;
103;9;Bartonella pachyuromydis;species;931097;1;600;116;116;12;9.666666666666666;39;1;3877;3877.0;8.262755629002272E-5;115.9952490483807;1.0000409581569787;1403890;773;0.8416948271380297;;0.8440343124512607;;11.146408580454255;7.123065197415752E-7;8.262755629002272E-5;0.002761612377038087;7.123065197415752E-7;4.2738391184494513E-4;1;7.123065197415752E-7;116;8.262755629002272E-5;3877;0.002761612377038087;1;7.123065197415752E-7;600;4.2738391184494513E-4;931097x34704-NZ-BAABJA010000028_1142_aligned_5135_R_13_3491_364;0.8416948271380297;;0.8440343124512607;;
104;9;Bartonella saheliensis;species;1457016;1;1883;23;23;1;23.0;23;1;9903;9903.0;5.8712261417620315E-5;22.99935417712449;1.0000280800439236;391741;773;0.806846956345589;;0.809277828420946;;;2.552707018157405E-6;5.8712261417620315E-5;0.025279457600812783;2.552707018157405E-6;0.004806747315190394;1;2.552707018157405E-6;23;5.8712261417620315E-5;9903;0.025279457600812783;1;2.552707018157405E-6;1883;0.004806747315190394;85701x151613-NZ-JAQNDQ010000028_464_aligned_42145_F_12_9893_71;0.806846956345589;;0.809277828420946;;
105;9;Bartonella raoultii;species;1457020;5;188;45;45;5;9.0;19;5;1599;319.8;1.4036580576678876E-5;44.999691200459196;1.000006862259108;3205909;773;0.8125999238136978;0.12094307025305659;0.8125999238136978;0.12094307025305659;5.958187643906492;1.5596200640754306E-6;1.4036580576678876E-5;4.987664964913228E-4;1.5596200640754306E-6;5.864171440923619E-5;5;1.5596200640754306E-6;45;1.4036580576678876E-5;1599;4.987664964913228E-4;5;1.5596200640754306E-6;188;5.864171440923619E-5;1457020x8343-NZ-CADDYC010000001_22430_aligned_179413_F_35_83_206;0.8125999238136978;0.12094307025305659;0.8125999238136978;0.12094307025305659;
106;9;Bartonella heixiaziensis;species;1461000;0;0;2;2;1;2.0;2;1;0;;1.1817593087180748E-6;1.9999994089312798;1.0000002955344474;1692392;773;;;;;;0.0;1.1817593087180748E-6;0.0;5.908796543590374E-7;0.0;0;0.0;2;1.1817593087180748E-6;0;0.0;1;5.908796543590374E-7;0;0.0;3243468x175190-NZ-JBHIQC010000078_1145_aligned_12299_R_4_1954_70;;;;;
107;9;Bartonella apis;species;1686310;1;412;147;147;9;16.333333333333332;46;1;2952;2952.0;2.7732275255849104E-5;146.9979755324194;1.000013772077971;5300683;773;0.8590006844626967;;0.8590006844626967;;15.992185591719476;1.8865493371325922E-7;2.7732275255849104E-5;5.569093643215412E-4;1.8865493371325922E-7;7.77258326898628E-5;1;1.8865493371325922E-7;147;2.7732275255849104E-5;2952;5.569093643215412E-4;1;1.8865493371325922E-7;412;7.77258326898628E-5;1686310x198912-NZ-LXYS01000009_2765_aligned_12078_F_20_2744_197;0.8590006844626967;;0.8590006844626967;;
108;9;Bartonella kosoyi;species;2133959;2;39;18;18;3;6.0;10;2;205;102.5;3.100379968789508E-5;17.9997364699067;1.000014640775088;580574;773;0.7280952380952381;0.12054487031656362;0.7280952380952381;0.12054487031656362;3.605551275463989;3.4448666319883426E-6;3.100379968789508E-5;3.530988297788051E-4;3.4448666319883426E-6;6.717489932377268E-5;2;3.4448666319883426E-6;18;3.100379968789508E-5;205;3.530988297788051E-4;2;3.4448666319883426E-6;39;6.717489932377268E-5;2133959x84476-NZ-CP031843_1230096_aligned_206889_F_1_98_0;0.7280952380952381;0.12054487031656362;0.7280952380952381;0.12054487031656362;
109;9;Bartonella krasnovii;species;2267275;1;2;3;3;2;1.5;2;2;522;522.0;2.0456716656063267E-6;2.9999979545670272;1.0000006818114557;1466511;773;0.9959349593495935;;0.9959349593495935;;0.7071067811865476;6.81890555202109E-7;2.0456716656063267E-6;3.5594686981550087E-4;1.363781110404218E-6;1.363781110404218E-6;1;6.81890555202109E-7;3;2.0456716656063267E-6;522;3.5594686981550087E-4;2;1.363781110404218E-6;2;1.363781110404218E-6;2133959x84476-NZ-CP031843_189271_aligned_118128_R_7_94_417;0.9959349593495935;;0.9959349593495935;;
110;9;unclassified Bartonella;no rank;2645622;251;18299;12459;6092;901;13.827968923418425;197;399;150249;598.601593625498;2.706010363504431E-4;12455.553407441756;0.4890991030844317;22512848;773;0.8629818456182032;0.10894133737485363;0.863017125539658;0.10890966188242862;14.813144882657049;1.1149189120807816E-5;5.534173197455959E-4;0.006673922375347623;1.7723212984869795E-5;8.128247478950687E-4;456;0.006752495377530733;17309;0.14287283453487437;318487;6.503611670323141;619;0.007972322430885687;42749;1.0653421117693;3243491x218956-NZ-JBHIPF010000090_1931_aligned_5032_R_4_1693_2;0.8471239633255626;0.12110855722283441;0.8471825023471922;0.12109134197654571;
111;10;Bartonella sp. 1-1C;species;515256;2;124;4;4;3;1.3333333333333333;2;3;2813;1406.5;5.113010310385291E-6;3.9999923303624403;1.0000019174130663;782318;2645622;0.9549611104425428;4.4898725537924453E-4;0.9549611104425428;4.4898725537924453E-4;0.5773502691896258;2.5565051551926455E-6;5.113010310385291E-6;0.003595724500778456;3.8347577327889685E-6;1.58503319621944E-4;2;2.5565051551926455E-6;4;5.113010310385291E-6;2813;0.003595724500778456;3;3.8347577327889685E-6;124;1.58503319621944E-4;1933912x59330-NZ-CP019786_1535368_aligned_13368_F_26_1070_284;0.9549611104425428;4.4898725537924453E-4;0.9549611104425428;4.4898725537924453E-4;
112;10;Bartonella sp. DB5-6;species;1094755;1;680;3;3;1;3.0;3;1;4170;4170.0;5.159381906047655E-6;2.9999948406482977;1.0000017197868585;581465;2645622;0.8357487922705314;;0.8357487922705314;;;1.7197939686825518E-6;5.159381906047655E-6;0.007171540849406241;1.7197939686825518E-6;0.0011694598987041353;1;1.7197939686825518E-6;3;5.159381906047655E-6;4170;0.007171540849406241;1;1.7197939686825518E-6;680;0.0011694598987041353;3243520x181371-NZ-JBHIOC010000030_2245_aligned_2000_F_0_4145_0;0.8357487922705314;;0.8357487922705314;;
113;10;Bartonella sp. WD16.2;species;1933904;0;0;2;2;1;2.0;2;1;0;;1.927435893482183E-6;1.9999990364114364;1.0000004817945138;1037648;2645622;;;;;;0.0;1.927435893482183E-6;0.0;9.637179467410914E-7;0.0;0;0.0;2;1.927435893482183E-6;0;0.0;1;9.637179467410914E-7;0;0.0;3243581x117237-NZ-JBHILQ010000049_439_aligned_76344_F_6_2607_327;;;;;
114;10;Bartonella sp. CDC_skunk;species;1933905;1;36;20;20;1;20.0;20;1;195;195.0;8.339240295209107E-4;19.9920797033649;1.0003961717216325;23983;2645622;0.7818181818181819;;0.7818181818181819;;;4.169620147604553E-5;8.339240295209107E-4;0.008130759287828878;4.169620147604553E-5;0.001501063253137639;1;4.169620147604553E-5;20;8.339240295209107E-4;195;0.008130759287828878;1;4.169620147604553E-5;36;0.001501063253137639;1933905x3345-NZ-CP019782_1005617_aligned_195244_R_2_105_66;0.7818181818181819;;0.7818181818181819;;
115;10;Bartonella sp. JB15;species;1933906;2;126;36;36;2;18.0;24;2;536;268.0;0.010535557506584723;35.81623778655359;1.0051306955951524;3417;2645622;0.7840787119856887;0.10802668893261481;0.7840787119856887;0.10802668893261481;8.48528137423857;5.85308750365818E-4;0.010535557506584723;0.1568627450980392;5.85308750365818E-4;0.03687445127304653;2;5.85308750365818E-4;36;0.010535557506584723;536;0.1568627450980392;2;5.85308750365818E-4;126;0.03687445127304653;1933906x60789-NZ-CP019787_727883_aligned_57401_F_26_262_134;0.7840787119856887;0.10802668893261481;0.7840787119856887;0.10802668893261481;
116;10;Bartonella sp. Raccoon60;species;1933912;2;226;28;28;2;14.0;22;2;1562;781.0;0.0012498884028211766;27.983133032561454;1.0006027547887122;22402;2645622;0.8043143365491938;0.14379221012465476;0.8043143365491938;0.14379221012465476;11.313708498984761;8.927774305865548E-5;0.0012498884028211766;0.06972591732880992;8.927774305865548E-5;0.01008838496562807;2;8.927774305865548E-5;28;0.0012498884028211766;1562;0.06972591732880992;2;8.927774305865548E-5;226;0.01008838496562807;1933912x59330-NZ-CP019786_1009817_aligned_8485_R_4_454_3;0.8043143365491938;0.14379221012465476;0.8043143365491938;0.14379221012465476;
117;10;Bartonella sp. B1099;species;2911422;0;0;31;31;1;31.0;31;1;0;;4.844703801060834E-5;30.999273304449492;1.0000234423414824;639874;2645622;;;;;;0.0;4.844703801060834E-5;0.0;1.5628076777615594E-6;0.0;0;0.0;31;4.844703801060834E-5;0;0.0;1;1.5628076777615594E-6;0;0.0;2699889x189998-NZ-CAHOYM010000015_35121_aligned_40844_R_1_2966_1;;;;;
118;10;Bartonella sp. AU18XJBT;species;3019089;1;1274;1;1;1;1.0;1;1;8658;8658.0;1.6836434043269636E-6;1.0000000000195575;0.9999999999804425;593950;2645622;0.8523412146499768;;0.8523412146499768;;;1.6836434043269636E-6;1.6836434043269636E-6;0.01457698459466285;1.6836434043269636E-6;0.0021449616971125516;1;1.6836434043269636E-6;1;1.6836434043269636E-6;8658;0.01457698459466285;1;1.6836434043269636E-6;1274;0.0021449616971125516;3243466x210643-NZ-JBHIQE010000033_8258_aligned_12176_R_9_8463_0;0.8523412146499768;;0.8523412146499768;;
119;10;Bartonella sp. AU55XJBT;species;3019091;0;0;2;2;1;2.0;2;1;0;;2.6231400297726395E-6;1.9999986885212384;1.000000655739811;762445;2645622;;;;;;0.0;2.6231400297726395E-6;0.0;1.3115700148863197E-6;0.0;0;0.0;2;2.6231400297726395E-6;0;0.0;1;1.3115700148863197E-6;0;0.0;3243557x53268-NZ-JBHIMO010000016_23215_aligned_41272_F_275_9897_48;;;;;
120;10;Bartonella sp. ML69XJBT;species;3019092;0;0;12;12;2;6.0;10;1;0;;2.9478235236317184E-4;11.99837882979202;1.000135115771137;40708;2645622;;;;;5.656854249492381;0.0;2.9478235236317184E-4;0.0;2.456519603026432E-5;0.0;0;0.0;12;2.9478235236317184E-4;0;0.0;1;2.456519603026432E-5;0;0.0;85701x151613-NZ-JAQNDQ010000028_464_aligned_42145_F_12_9893_71;;;;;
121;10;Bartonella sp. ML70XJBT;species;3019096;0;0;1;1;1;1.0;1;1;0;;2.8147606046105777E-6;0.9999999999951603;1.0000000000048397;355270;2645622;;;;;;0.0;2.8147606046105777E-6;0.0;2.8147606046105777E-6;0.0;0;0.0;1;2.8147606046105777E-6;0;0.0;1;2.8147606046105777E-6;0;0.0;3243468x175190-NZ-JBHIQC010000078_1145_aligned_12299_R_4_1954_70;;;;;
122;10;Bartonella sp. B41;species;3239296;1;200;2;2;1;2.0;2;1;918;918.0;1.5649195122771849E-6;1.9999992173819567;1.0000003913091748;1278021;2645622;0.7747747747747747;;0.7747747747747747;;;7.824597561385924E-7;1.5649195122771849E-6;7.182980561352278E-4;7.824597561385924E-7;1.5649195122771848E-4;1;7.824597561385924E-7;2;1.5649195122771849E-6;918;7.182980561352278E-4;1;7.824597561385924E-7;200;1.5649195122771848E-4;1933912x59330-NZ-CP019786_1343510_aligned_62850_F_211_716_5;0.7747747747747747;;0.7747747747747747;;
123;10;Bartonella sp. AA56HLJMS;species;3243434;0;0;14;14;1;14.0;14;1;0;;2.61433026460757E-4;13.998300812253465;1.0001213852859232;53551;2645622;;;;;;0.0;2.61433026460757E-4;0.0;1.8673787604339788E-5;0.0;0;0.0;14;2.61433026460757E-4;0;0.0;1;1.8673787604339788E-5;0;0.0;3243469x51367-NZ-JBHIQB010000021_20357_aligned_17837_F_1_5311_289;;;;;
124;10;Bartonella sp. AA83SXKL;species;3243439;0;0;3;3;1;3.0;3;1;0;;6.985191394244202E-5;2.999930148625493;1.00002328433365;42948;2645622;;;;;;0.0;6.985191394244202E-5;0.0;2.3283971314147342E-5;0.0;0;0.0;3;6.985191394244202E-5;0;0.0;1;2.3283971314147342E-5;0;0.0;3243459x109374-NZ-JBHIQL010000067_3649_aligned_43528_R_249_1578_2834;;;;;
125;10;Bartonella sp. AC130YNZD;species;3243445;2;35;10;6;2;5.0;6;2;900;450.0;4.241181876016117E-4;9.996819713107397;0.6001908779182102;14147;2645622;0.956474493899413;0.03345740284376362;0.956474493899413;0.03345740284376362;1.4142135623730951;1.413727292005372E-4;7.068636460026861E-4;0.06361772814024175;1.413727292005372E-4;0.002474022761009401;2;1.413727292005372E-4;10;7.068636460026861E-4;900;0.06361772814024175;2;1.413727292005372E-4;35;0.002474022761009401;1405396x144292-NZ-KE360154_400_aligned_51411_R_219_214_60;0.956474493899413;0.03345740284376362;0.956474493899413;0.03345740284376362;
126;10;Bartonella sp. AC70YNML;species;3243460;1;299;1;1;1;1.0;1;1;1805;1805.0;3.4209085933223865E-5;0.9999999999996607;1.0000000000003393;29232;2645622;0.8315492957746479;;0.8315492957746479;;;3.4209085933223865E-5;3.4209085933223865E-5;0.061747400109469074;3.4209085933223865E-5;0.010228516694033936;1;3.4209085933223865E-5;1;3.4209085933223865E-5;1805;0.061747400109469074;1;3.4209085933223865E-5;299;0.010228516694033936;3243525x147084-NZ-JBHINX010000039_2990_aligned_77799_F_1_1789_4;0.8315492957746479;;0.8315492957746479;;
127;10;Bartonella sp. AD13SXNS;species;3243462;0;0;2;2;1;2.0;2;1;0;;1.1788490896337905E-5;1.9999941057595683;1.0000029471289014;169657;2645622;;;;;;0.0;1.1788490896337905E-5;0.0;5.8942454481689525E-6;0.0;0;0.0;2;1.1788490896337905E-5;0;0.0;1;5.8942454481689525E-6;0;0.0;3243482x147964-NZ-JBHIPO010000054_229_aligned_19880_F_3_3584_48;;;;;
128;10;Bartonella sp. AD24XZML;species;3243463;1;391;30;30;3;10.0;15;1;2082;2082.0;4.865075246497146E-4;29.99294670850345;1.0002351650061296;61664;2645622;0.8089668615984406;;0.8094541910331384;;7.810249675906654;1.621691748832382E-5;4.865075246497146E-4;0.033763622210690195;1.621691748832382E-5;0.006340814737934614;1;1.621691748832382E-5;30;4.865075246497146E-4;2082;0.033763622210690195;1;1.621691748832382E-5;391;0.006340814737934614;3243463x211017-NZ-JBHIQH010000093_2178_aligned_12209_F_0_2083_0;0.8089668615984406;;0.8094541910331384;;
129;10;Bartonella sp. AP150HLJHH;species;3243468;1;295;15;15;1;15.0;15;1;2084;2084.0;0.006957328385899814;14.951396449726012;1.0032507699489754;2156;2645622;0.8544303797468354;;0.8563777994157741;;;4.6382189239332097E-4;0.006957328385899814;0.9666048237476809;4.6382189239332097E-4;0.13682745825602968;1;4.6382189239332097E-4;15;0.006957328385899814;2084;0.9666048237476809;1;4.6382189239332097E-4;295;0.13682745825602968;3243468x175190-NZ-JBHIQC010000078_1145_aligned_12299_R_4_1954_70;0.8544303797468354;;0.8563777994157741;;
130;10;Bartonella sp. AP152HLJHH;species;3243469;1;816;31;31;1;31.0;31;1;5643;5643.0;0.0019174862373971672;30.971254896689352;1.0009281220088282;16167;2645622;0.8510600391947265;;0.8546231961517905;;;6.185439475474733E-5;0.0019174862373971672;0.34904434960103914;6.185439475474733E-5;0.050473186119873815;1;6.185439475474733E-5;31;0.0019174862373971672;5643;0.34904434960103914;1;6.185439475474733E-5;816;0.050473186119873815;3243469x51367-NZ-JBHIQB010000021_20357_aligned_17837_F_1_5311_289;0.8510600391947265;;0.8546231961517905;;
131;10;Bartonella sp. AP282QHHD;species;3243482;1;761;6;6;1;6.0;6;1;3693;3693.0;0.002894356005788712;5.992768762356399;1.0012066605487975;2073;2645622;0.7884247884247885;;0.7922467922467923;;;4.82392667631452E-4;0.002894356005788712;1.7814761215629522;4.82392667631452E-4;0.36710082006753497;1;4.82392667631452E-4;6;0.002894356005788712;3693;1.7814761215629522;1;4.82392667631452E-4;761;0.36710082006753497;3243482x147964-NZ-JBHIPO010000054_229_aligned_19880_F_3_3584_48;0.7884247884247885;;0.7922467922467923;;
132;10;Bartonella sp. AP35XZML;species;3243492;0;0;1;1;1;1.0;1;1;0;;9.578544061302681E-4;1.0000000000000084;0.9999999999999916;1044;2645622;;;;;;0.0;9.578544061302681E-4;0.0;9.578544061302681E-4;0.0;0;0.0;1;9.578544061302681E-4;0;0.0;1;9.578544061302681E-4;0;0.0;3243468x175190-NZ-JBHIQC010000078_1145_aligned_12299_R_4_1954_70;;;;;
133;10;Bartonella sp. AP58NXGY;species;3243498;1;107;8;8;1;8.0;8;1;4666;4666.0;4.09242747451185E-5;7.999856766477351;1.0000179045108968;195483;2645622;0.9760569456427955;;0.9769197584124245;;;5.115534343139812E-6;4.09242747451185E-5;0.023869083245090367;5.115534343139812E-6;5.473621747159599E-4;1;5.115534343139812E-6;8;4.09242747451185E-5;4666;0.023869083245090367;1;5.115534343139812E-6;107;5.473621747159599E-4;3243459x109374-NZ-JBHIQL010000067_3649_aligned_43528_R_249_1578_2834;0.9760569456427955;;0.9769197584124245;;
134;10;Bartonella sp. AP72JLCBS;species;3243502;0;0;1;1;1;1.0;1;1;0;;2.3040412884198886E-5;0.9999999999976825;1.0000000000023175;43402;2645622;;;;;;0.0;2.3040412884198886E-5;0.0;2.3040412884198886E-5;0.0;0;0.0;1;2.3040412884198886E-5;0;0.0;1;2.3040412884198886E-5;0;0.0;3243581x174678-NZ-JBHILQ010000091_923_aligned_15000_F_38_557_263;;;;;
135;10;Bartonella sp. AP7XZML;species;3243503;0;0;6;6;1;6.0;6;1;0;;1.4662039978495674E-4;5.999633460931964;1.00006109357687;40922;2645622;;;;;;0.0;1.4662039978495674E-4;0.0;2.443673329749279E-5;0.0;0;0.0;6;1.4662039978495674E-4;0;0.0;1;2.443673329749279E-5;0;0.0;3243581x117237-NZ-JBHILQ010000049_439_aligned_76344_F_6_2607_327;;;;;
136;10;Bartonella sp. CL27QHWL;species;3243521;1;17;17;17;1;17.0;17;1;66;66.0;6.34044457705505E-4;16.99492859010839;1.0002984072492402;26812;2645622;0.5277777777777778;;0.5277777777777778;;;3.7296732806206175E-5;6.34044457705505E-4;0.0024615843652096075;3.7296732806206175E-5;6.34044457705505E-4;1;3.7296732806206175E-5;17;6.34044457705505E-4;66;0.0024615843652096075;1;3.7296732806206175E-5;17;6.34044457705505E-4;3243521x204762-NZ-JBHIOB010000207_888_aligned_178579_F_1_64_0;0.5277777777777778;;0.5277777777777778;;
137;10;Bartonella sp. CL29QHWL;species;3243522;98;9606;1835;49;102;17.99019607843137;49;98;56065;572.0918367346939;0.0011494792155390824;1796.0858274700977;0.027281547045566106;42628;2645622;0.8109215384879589;0.1415835429866323;0.8109215384879589;0.1415835429866323;15.173906144560961;0.0022989584310781647;0.04304682368396359;1.3152153514122173;0.0022989584310781647;0.2253448437646617;98;0.0022989584310781647;1835;0.04304682368396359;56065;1.3152153514122173;98;0.0022989584310781647;9606;0.2253448437646617;3243522x30644-NZ-JBHIOA010000283_57_aligned_42874_F_2_376_17;0.8109215384879589;0.1415835429866323;0.8109215384879589;0.1415835429866323;
138;10;Bartonella sp. CL2QHWL;species;3243523;0;0;6;6;1;6.0;6;1;0;;4.868549172346641E-4;5.9987829943843165;1.000202875419368;12324;2645622;;;;;;0.0;4.868549172346641E-4;0.0;8.114248620577734E-5;0.0;0;0.0;6;4.868549172346641E-4;0;0.0;1;8.114248620577734E-5;0;0.0;948x79739-NZ-FLME02000092_3956_aligned_42255_F_1_255_0;;;;;
139;10;Bartonella sp. CL34QHWL;species;3243526;2;106;18;11;2;9.0;11;2;811;405.5;6.955422067657287E-4;17.990328901948267;0.6114396273660541;15815;2645622;0.8382139454702173;0.1172309455086081;0.8382139454702173;0.1172309455086081;2.8284271247461903;1.2646221941195067E-4;0.0011381599747075561;0.051280429971546;1.2646221941195067E-4;0.006702497628833386;2;1.2646221941195067E-4;18;0.0011381599747075561;811;0.051280429971546;2;1.2646221941195067E-4;106;0.006702497628833386;1242993x135453-NZ-QOHL01000049_785_aligned_22290_R_68_404_18;0.8382139454702173;0.1172309455086081;0.8382139454702173;0.1172309455086081;
140;10;Bartonella sp. CL436QHHD;species;3243531;0;0;2;2;1;2.0;2;1;0;;8.330556481172943E-5;1.999958347217409;1.0000208268250432;24008;2645622;;;;;;0.0;8.330556481172943E-5;0.0;4.165278240586471E-5;0.0;0;0.0;2;8.330556481172943E-5;0;0.0;1;4.165278240586471E-5;0;0.0;3243469x51367-NZ-JBHIQB010000021_20357_aligned_17837_F_1_5311_289;;;;;
141;10;Bartonella sp. CL45QHWL;species;3243533;56;5789;1801;209;86;20.941860465116278;108;56;42277;754.9464285714286;0.005788351289223696;1756.84479901766;0.11896326876276286;36107;2645622;0.8304805394090279;0.1344452825716573;0.8304805394090279;0.1344452825716573;22.525987424286743;0.0015509457999833827;0.04987952474589415;1.170880992605312;0.0015509457999833827;0.1603290220732822;56;0.0015509457999833827;1801;0.04987952474589415;42277;1.170880992605312;56;0.0015509457999833827;5789;0.1603290220732822;3243533x135413-NZ-JBHINP010000243_958_aligned_26693_R_696_658_16;0.8304805394090279;0.1344452825716573;0.8304805394090279;0.1344452825716573;
142;10;Bartonella sp. CL9QHWL;species;3243542;11;338;288;168;13;22.153846153846153;72;11;3872;352.0;0.00903225806451613;285.7894094386229;0.5878454360152917;18600;2645622;0.8672079599419196;0.13443820142507107;0.8672079599419196;0.13443820142507107;24.687534485532552;5.913978494623656E-4;0.015483870967741935;0.20817204301075268;5.913978494623656E-4;0.01817204301075269;11;5.913978494623656E-4;288;0.015483870967741935;3872;0.20817204301075268;11;5.913978494623656E-4;338;0.01817204301075269;3243542x76561-NZ-JBHING010000075_1190_aligned_76827_R_77_208_9;0.8672079599419196;0.13443820142507107;0.8672079599419196;0.13443820142507107;
143;10;Bartonella sp. MR100HLJHH;species;3243554;1;253;1;1;1;1.0;1;1;1379;1379.0;2.414234325583641E-5;1.0000000000015132;0.9999999999984868;41421;2645622;0.8124536693847294;;0.8124536693847294;;;2.414234325583641E-5;2.414234325583641E-5;0.033292291349798414;2.414234325583641E-5;0.006108012843726612;1;2.414234325583641E-5;1;2.414234325583641E-5;1379;0.033292291349798414;1;2.414234325583641E-5;253;0.006108012843726612;3243441x57218-NZ-JBHIRE010000034_7153_aligned_60483_F_0_1367_0;0.8124536693847294;;0.8124536693847294;;
144;10;Bartonella sp. MR30HLJHH;species;3243557;1;1313;316;316;25;12.64;37;1;10295;10295.0;8.440982573110663E-4;315.8670916856135;1.0004207729069756;374364;2645622;0.8713102776424744;;0.8720896249391135;;10.144292319657724;2.6711970168071717E-6;8.440982573110663E-4;0.027499973288029833;2.6711970168071717E-6;0.0035072816830678164;1;2.6711970168071717E-6;316;8.440982573110663E-4;10295;0.027499973288029833;1;2.6711970168071717E-6;1313;0.0035072816830678164;3243557x53268-NZ-JBHIMO010000016_23215_aligned_41272_F_275_9897_48;0.8713102776424744;;0.8720896249391135;;
145;10;Bartonella sp. MU70NMGDW;species;3243561;0;0;2;2;1;2.0;2;1;0;;9.555798697544638E-6;1.9999952220836326;1.000002388963891;209297;2645622;;;;;;0.0;9.555798697544638E-6;0.0;4.777899348772319E-6;0.0;0;0.0;2;9.555798697544638E-6;0;0.0;1;4.777899348772319E-6;0;0.0;3243557x53268-NZ-JBHIMO010000016_23215_aligned_41272_F_275_9897_48;;;;;
146;10;Bartonella sp. TT110JLCBS;species;3243578;4;429;25;17;4;6.25;10;4;2876;719.0;1.6408949634176946E-4;24.997104517171838;0.6800787662555796;103602;2645622;0.8532506143080518;0.07721780365753103;0.8532506143080518;0.07721780365753103;3.774917217635375;3.860929325688693E-5;2.4130808285554334E-4;0.027760081851701705;3.860929325688693E-5;0.004140846701801123;4;3.860929325688693E-5;25;2.4130808285554334E-4;2876;0.027760081851701705;4;3.860929325688693E-5;429;0.004140846701801123;3243522x30644-NZ-JBHIOA010000283_186_aligned_6568_R_424_818_10;0.8532506143080518;0.07721780365753103;0.8532506143080518;0.07721780365753103;
147;10;Bartonella sp. TT29SHDZB;species;3243581;13;1229;269;137;18;14.944444444444445;105;13;10872;836.3076923076923;0.0015054614184303642;268.604285919358;0.5100439835912781;91002;2645622;0.885213448890303;0.09008922506556126;0.8857039460925283;0.0897166111053154;22.992255018803032;1.4285400320872068E-4;0.0029559789894727587;0.11946990176040087;1.4285400320872068E-4;0.013505197687962902;13;1.4285400320872068E-4;269;0.0029559789894727587;10872;0.11946990176040087;13;1.4285400320872068E-4;1229;0.013505197687962902;3243581x174678-NZ-JBHILQ010000091_1192_aligned_13145_F_54_632_393;0.885213448890303;0.09008922506556126;0.8857039460925283;0.0897166111053154;
148;9;Bartonella gabonensis;species;2699889;1;713;411;411;29;14.172413793103448;47;2;3029;3029.0;3.4939353443439055E-4;410.9283826324493;1.0001742818714343;1176324;773;0.7505835278426142;;0.7622540846948983;;12.784111135974445;8.501059231980305E-7;3.4939353443439055E-4;0.0025749708413668345;1.700211846396061E-6;6.061255232401957E-4;1;8.501059231980305E-7;411;3.4939353443439055E-4;3029;0.0025749708413668345;2;1.700211846396061E-6;713;6.061255232401957E-4;2699889x189998-NZ-CAHOYM010000015_35121_aligned_40844_R_1_2966_1;0.7505835278426142;;0.7622540846948983;;
149;9;Bartonella gliris;species;3004109;0;0;4;4;1;4.0;4;1;0;;2.6020135681997515E-6;3.9999960968628137;1.0000009757852488;1537271;773;;;;;;0.0;2.6020135681997515E-6;0.0;6.505033920499379E-7;0.0;0;0.0;4;2.6020135681997515E-6;0;0.0;1;6.505033920499379E-7;0;0.0;3243482x147964-NZ-JBHIPO010000054_229_aligned_19880_F_3_3584_48;;;;;
150;6;Rickettsiales;order;766;40;1100;3891;541;469;8.296375266524521;41;423;12857;321.425;0.013351760902292752;3710.0584899669702;0.14581980350525858;40519;28211;0.8532902526603214;0.21236553752319354;0.8532902526603214;0.21236553752319354;9.33170817329409;9.871911942545472E-4;0.09602902342111108;0.31730792961326787;0.010439546879241837;0.02714775784200005;106907;0.4268861242396453;3933874;8.113574395291412;46003556;189.18217737797877;122630;0.458799778578752;5352496;27.056715216286886;444612x44192-NZ-GG688316_24250_aligned_22184_R_4_574_1;0.8345819512918743;0.16582091860457687;0.8346385005240083;0.1657909782628408;
151;7;Rickettsiaceae;family;775;1;25;239;186;38;6.2894736842105265;30;35;503;503.0;0.07811843763124737;227.441715397368;0.8177919326498029;2381;766;0.9471458773784355;;0.9471458773784355;;5.351978137639881;4.1999160016799666E-4;0.10037799244015119;0.2112557748845023;0.014699706005879883;0.010499790004199917;32853;0.37756778594844426;1249496;7.064982945583636;13459249;166.74597667780014;48075;0.39985373572362576;1589714;23.715561510619;1462938x212560-NZ-CP113531_457160_aligned_94577_R_57_292_290;0.8290781131000144;0.17450826129084465;0.8292601146985266;0.1744237491863236;
152;8;Rickettsieae;tribe;33988;150;3815;20701;6869;2020;10.248019801980199;142;1449;50523;336.82;0.004192154342562909;20570.78872735737;0.33392010831674257;1638537;775;0.8914489805227688;0.12497434471490301;0.8918790880496504;0.12332709594911573;13.14834667729422;9.154507954351962E-5;0.012633831277535998;0.030834213691848276;8.843254683903995E-4;0.002328296523056849;32852;0.3771477943482762;1249257;6.964604953143485;13458746;166.53472090291567;48040;0.38515402971774587;1589689;23.705061720614804;444612x44192-NZ-GG688316_32624_aligned_3600_F_290_477_69;0.8290745191707475;0.17450970148827646;0.8292565263093057;0.17442519125574105;
153;9;Rickettsia;genus;780;6752;201424;488682;351693;27974;17.469149924930292;302;16147;2401642;355.69342417061614;0.08014749985870788;462453.3998072768;0.7604939225153601;4388072;33988;0.8682464038455165;0.1510588406713435;0.8682767339007795;0.15103839026674099;21.52979351023769;0.0015387167758414175;0.11136599399462907;0.5473114388278041;0.003679748190093508;0.04590261964707963;32702;0.3770562492687327;1228556;6.951971121865949;13408223;166.50388668922383;46591;0.38426970424935547;1585874;23.702733424091743;42862x66326-NZ-JSEL01000012_22616_aligned_28900_R_7_775_37;0.8287884152871073;0.17465461389582296;0.8289692844200925;0.17457471484880152;
154;10;spotted fever group;species group;114277;11925;603114;459465;222238;28139;16.328405415970717;363;15787;5126155;429.86624737945493;0.0704170371220009;427585.45585408;0.5197510742176462;3156026;780;0.8294578478331078;0.17251182007300475;0.829690144719195;0.17237507948791742;19.74661996712855;0.003778485982054647;0.14558340140417095;1.6242435898817056;0.005002176788150668;0.1910991861283779;25361;0.37215425344165187;729890;6.803320383776109;10760161;164.40047847832017;29429;0.3748427967660694;1357706;23.54411734740238;1462938x148930-NZ-JFKF01000207_42523_aligned_8492_R_9_408_27;0.8176357614305532;0.1795439165607122;0.8178205981206222;0.17946828645108484;
155;11;Rickettsia conorii;species;781;0;0;0;0;0;;0;0;0;;0.0;0.0;;1602;114277;;;;;;0.0;0.0;0.0;0.0;0.0;98;3.7948950085750716E-4;593;0.001928872836664864;38462;0.1553331767816124;115;4.3760457751995197E-4;4012;0.016072433464092224;;0.8295708399298606;0.16617058325991477;0.830395499119255;0.16600278738373184;
156;12;Rickettsia conorii subsp. heilongjiangensis;subspecies;226665;14;537;39;39;16;2.4375;7;16;6200;442.85714285714283;2.6551745266640794E-4;38.99495559169104;1.0001293605347774;146883;781;0.8466542903518944;0.1294274526722373;0.8513294068549966;0.129447778701536;2.0320351046836436;9.53139573674285E-5;2.6551745266640794E-4;0.042210466834146906;1.0893023699134685E-4;0.003655971079022079;14;9.53139573674285E-5;39;2.6551745266640794E-4;6200;0.042210466834146906;16;1.0893023699134685E-4;537;0.003655971079022079;1462938x212560-NZ-CP113531_1311597_aligned_156052_F_1_137_19;0.8466542903518944;0.1294274526722373;0.8513294068549966;0.129447778701536;
157;12;Rickettsia conorii str. Malish 7;strain;272944;11;557;40;40;12;3.3333333333333335;14;12;4839;439.90909090909093;3.605162592832937E-4;39.9929707352293;1.0001757625062973;110952;781;0.8381181597164841;0.0937620411967482;0.8381181597164841;0.0937620411967482;3.773913650631694;9.914197130290576E-5;3.605162592832937E-4;0.04361345446679645;1.0815487778498811E-4;0.0050201889105198644;11;9.914197130290576E-5;40;3.605162592832937E-4;4839;0.04361345446679645;12;1.0815487778498811E-4;557;0.0050201889105198644;1462938x85312-NZ-JFKF01000055_629_aligned_212530_F_22_59_7;0.8381181597164841;0.0937620411967482;0.8381181597164841;0.0937620411967482;
158;12;Rickettsia conorii subsp. raoultii;subspecies;369822;73;2918;514;510;91;5.648351648351649;32;87;27423;375.6575342465753;0.0012927002988418926;513.6659662705027;0.9928631318576162;394523;781;0.8250066094701164;0.18128920406297855;0.8252170885045989;0.18098965244380943;6.568229300324109;1.8503357218717286E-4;0.0013028391247151623;0.06950925548066907;2.2051946274361696E-4;0.007396273474550279;73;1.8503357218717286E-4;514;0.0013028391247151623;27423;0.06950925548066907;87;2.2051946274361696E-4;2918;0.007396273474550279;369822x156056-NZ-JBGCYB010000078_3468_aligned_44973_F_0_1152_2;0.8250066094701164;0.18128920406297855;0.8252170885045989;0.18098965244380943;
159;11;Rickettsia rickettsii;species;783;10;487;43;43;11;3.909090909090909;12;11;4040;404.0;3.668722857849787E-4;42.99229658040578;1.0001791813931087;117207;114277;0.8549262449184274;0.15115922696530587;0.8549262449184274;0.15115922696530587;3.9863403129824593;8.531913622906481E-5;3.668722857849787E-4;0.03446893103654219;9.38510498519713E-5;0.004155041934355457;12;1.3260493157614254E-4;46;4.378009788055953E-4;5097;0.059459473877472774;13;1.4113684519904903E-4;563;0.005951902157544411;444612x54001-NZ-CM000770_549825_aligned_135104_R_1_179_197;0.866949708917364;0.14050839264645004;0.866949708917364;0.14050839264645004;
160;12;Rickettsia rickettsii str. Hlp#2;strain;1105101;2;76;3;3;2;1.5;2;2;1057;528.5;7.092869302061661E-5;2.9999290718671476;1.0000236432699419;42296;783;0.9270670289120473;0.05341221004802677;0.9270670289120473;0.05341221004802677;0.7071067811865476;4.728579534707774E-5;7.092869302061661E-5;0.024990542840930583;4.728579534707774E-5;0.001796860223188954;2;4.728579534707774E-5;3;7.092869302061661E-5;1057;0.024990542840930583;2;4.728579534707774E-5;76;0.001796860223188954;1462938x212560-NZ-CP113531_200696_aligned_187911_F_36_92_353;0.9270670289120473;0.05341221004802677;0.9270670289120473;0.05341221004802677;
161;11;Rickettsia akari;species;786;0;0;0;0;0;;0;0;0;;;0.0;;0;114277;;;;;;;;;;;52;8.273930753564155E-5;255;4.057408350305499E-4;20468;0.03256746435845214;57;9.069501018329939E-5;2595;0.00412900967413442;;0.8645740251123974;0.09940959171931954;0.8648411191294916;0.09949482375874887;
162;12;Rickettsia akari str. Hartford;strain;293614;52;2595;255;255;57;4.473684210526316;23;57;20468;393.61538461538464;4.057408350305499E-4;254.94847783155933;1.000202088550906;628480;786;0.8645740251123974;0.09940959171931954;0.8648411191294916;0.09949482375874887;4.97531500495157;8.273930753564155E-5;4.057408350305499E-4;0.03256746435845214;9.069501018329939E-5;0.00412900967413442;52;8.273930753564155E-5;255;4.057408350305499E-4;20468;0.03256746435845214;57;9.069501018329939E-5;2595;0.00412900967413442;444612x54001-NZ-CM000770_361372_aligned_188301_R_288_164_26;0.8645740251123974;0.09940959171931954;0.8648411191294916;0.09949482375874887;
163;11;Rickettsia australis;species;787;40;1745;215;215;52;4.134615384615385;31;51;16551;413.775;4.28588230369164E-4;214.95414754776868;1.0002133127122896;501647;114277;0.8580755183601096;0.13418894220041552;0.8584073767671893;0.1330905892773386;5.509453003537651;7.973734518496073E-5;4.28588230369164E-4;0.03299332000390713;1.0166511511082495E-4;0.003478541683693912;41;6.349844301377648E-4;228;0.007646800334755616;16974;0.26786283693894325;52;6.56912200063629E-4;1760;0.011807247957985972;1462938x212560-NZ-CP113531_39099_aligned_39146_R_130_333_234;0.8606061657432461;0.13348811417850498;0.8609299300428359;0.1324053307329496;
164;12;Rickettsia australis str. Phillips;strain;1196662;1;15;13;13;1;13.0;13;1;423;423.0;0.007218212104386452;12.956778778707513;1.0033357998952266;1801;787;0.9618320610687023;;0.9618320610687023;;;5.55247084952804E-4;0.007218212104386452;0.2348695169350361;5.55247084952804E-4;0.00832870627429206;1;5.55247084952804E-4;13;0.007218212104386452;423;0.2348695169350361;1;5.55247084952804E-4;15;0.00832870627429206;444612x54001-NZ-CM000770_166873_aligned_23870_R_72_323_19;0.9618320610687023;;0.9618320610687023;;
165;11;Rickettsia amblyommatis;species;33989;76;3684;939;937;106;8.858490566037736;97;87;26874;353.60526315789474;0.001906048296049781;938.1047241621621;0.9988223871666899;491593;114277;0.8173890181912795;0.16426108295591918;0.8191666881605536;0.16284483755217077;13.387583927437985;1.545994348983814E-4;0.0019101167022313173;0.054667173861303965;1.7697566889683132E-4;0.007494004186389961;2254;0.17086281255737001;29826;2.267253281151374;1089294;83.33798440841241;2267;0.1709896228437614;171106;13.130573697268803;33989x219258-NZ-CP015012_745574_aligned_190788_F_3_162_0;0.7979964199950705;0.1717299525699196;0.7980617995593504;0.1716914665681218;
166;12;Rickettsia amblyommatis str. Ac/Pa;strain;1359164;5;369;43;43;6;7.166666666666667;24;6;2201;440.2;0.0011152030706986877;42.97658903411016;1.0005447376447503;38558;33989;0.7902011851867983;0.09898634471264867;0.7905269180858209;0.09920193702622432;8.565434412022933;1.296747756626381E-4;0.0011152030706986877;0.057082836246693296;1.5560973079516572E-4;0.009569998443902692;5;1.296747756626381E-4;43;0.0011152030706986877;2201;0.057082836246693296;6;1.5560973079516572E-4;369;0.009569998443902692;1359164x31536-NZ-LANR01000001_107170_aligned_19667_R_246_366_5;0.7902011851867983;0.09898634471264867;0.7905269180858209;0.09920193702622432;
167;12;Rickettsia amblyommatis str. Darkwater;strain;1359166;2173;167053;28844;951;2626;10.984006092916983;39;2174;1060219;487.9056603773585;0.0746526414946228;11415.405266453778;0.08330847462723769;12739;33989;0.7973361064705098;0.1721264567074779;0.7973410001454877;0.1721256066095785;8.66377962732317;0.170578538346809;2.264227961378444;83.22623439830441;0.1706570374440694;13.11350969463851;2173;0.170578538346809;28844;2.264227961378444;1060219;83.22623439830441;2174;0.1706570374440694;167053;13.11350969463851;1359166x139103-NZ-LAOH01000004_1625_aligned_82085_R_2_318_4;0.7973361064705098;0.1721264567074779;0.7973410001454877;0.1721256066095785;
168;11;Rickettsia montanensis;species;33991;0;0;0;0;0;;0;0;0;;;0.0;;0;114277;;;;;;;;;;;43;1.6642734672234888E-4;330;0.0012772331260087239;17527;0.06783656060471183;47;1.8190896037093945E-4;2596;0.010047567257935295;;0.8313814453300966;0.1479457648818673;0.8318023166927841;0.1480829628557032;
169;12;Rickettsia montanensis str. OSU 85-930;strain;1105114;43;2596;330;330;51;6.470588235294118;39;47;17527;407.6046511627907;0.0012772331260087239;329.78998402727404;1.0006368173167703;258371;33991;0.8313814453300966;0.1479457648818673;0.8318023166927841;0.1480829628557032;7.923011905018118;1.6642734672234888E-4;0.0012772331260087239;0.06783656060471183;1.8190896037093945E-4;0.010047567257935295;43;1.6642734672234888E-4;330;0.0012772331260087239;17527;0.06783656060471183;47;1.8190896037093945E-4;2596;0.010047567257935295;1105114x157121-NC-017043_1155594_aligned_74798_F_218_364_378;0.8313814453300966;0.1479457648818673;0.8318023166927841;0.1480829628557032;
170;11;Rickettsia rhipicephali;species;33992;62;2694;941;941;91;10.340659340659341;58;72;26804;432.3225806451613;0.002525340625779944;939.8140862845096;1.0012618599069725;372623;114277;0.8610229968232385;0.13326365829915826;0.8616882916127423;0.13352532621653332;13.058177327483156;1.6638801147540543E-4;0.002525340625779944;0.071933294509464;1.9322478751982567E-4;0.00722982746636681;67;2.513541100020933E-4;967;0.002967164338118721;29105;0.11103469305144574;77;2.781908860465135E-4;2936;0.011342186635058503;33992x184994-NZ-CP013134_14377_aligned_95637_F_0_309_0;0.8609548879194165;0.1312071710777986;0.8617097630710313;0.13127392507615307;
171;12;Rickettsia rhipicephali str. 3-7-female6-CWPP;strain;1105113;5;242;26;25;5;5.2;12;5;2301;460.2;4.2483049263343926E-4;25.994477954393968;0.9617427225836683;58847;33992;0.8601103375120243;0.11499567495565784;0.8619760091538152;0.11157677232503681;5.761944116355173;8.496609852668785E-5;4.418237123387768E-4;0.03910139854198175;8.496609852668785E-5;0.004112359168691692;5;8.496609852668785E-5;26;4.418237123387768E-4;2301;0.03910139854198175;5;8.496609852668785E-5;242;0.004112359168691692;1462938x212560-NZ-CP113531_1006120_aligned_2073_F_94_381_73;0.8601103375120243;0.11499567495565784;0.8619760091538152;0.11157677232503681;
172;11;Rickettsia africae;species;35788;0;0;0;0;0;;0;0;0;;;0.0;;0;114277;;;;;;;;;;;14;1.0719919141181335E-4;90;6.89137659075943E-4;4821;0.03691480727116801;15;1.1485627651265716E-4;674;0.005160875357968728;;0.8273777040981372;0.12108274515736703;0.8304172177759488;0.11760575797261351;
173;12;Rickettsia africae ESF-5;strain;347255;14;674;90;83;15;6.0;26;15;4821;344.35714285714283;6.355380633700363E-4;89.96934026123125;0.9225364969777997;130598;35788;0.8273777040981372;0.12108274515736703;0.8304172177759488;0.11760575797261351;7.511895328648518;1.0719919141181335E-4;6.89137659075943E-4;0.03691480727116801;1.1485627651265716E-4;0.005160875357968728;14;1.0719919141181335E-4;90;6.89137659075943E-4;4821;0.03691480727116801;15;1.1485627651265716E-4;674;0.005160875357968728;1462938x212560-NZ-CP113531_793291_aligned_194608_R_4_132_64;0.8273777040981372;0.12108274515736703;0.8304172177759488;0.11760575797261351;
174;11;Rickettsia helvetica;species;35789;24;2864;104;104;27;3.8518518518518516;19;27;17032;709.6666666666666;3.933419313845258E-4;103.97974549399218;1.0001947928023058;264401;114277;0.7949489572671716;0.200478346345045;0.7966762266453031;0.20044052094999193;4.382690635668597;9.077121493489057E-5;3.933419313845258E-4;0.06441730553212734;1.0211761680175188E-4;0.01083203164889694;24;9.077121493489057E-5;104;3.933419313845258E-4;17032;0.06441730553212734;27;1.0211761680175188E-4;2864;0.01083203164889694;444612x54001-NZ-CM000770_518163_aligned_101346_R_0_164_2;0.7949489572671716;0.200478346345045;0.7966762266453031;0.20044052094999193;
175;11;Rickettsia japonica;species;35790;10;193;36;36;11;3.272727272727273;12;11;3365;336.5;4.0647652598062463E-4;35.9928875711047;1.0001976065099318;88566;114277;0.8952801422064548;0.06164683338303545;0.8952801422064548;0.06164683338303545;3.495451590021212;1.1291014610572907E-4;4.0647652598062463E-4;0.03799426416457783;1.2420116071630197E-4;0.0021791658198405707;10;1.1291014610572907E-4;36;4.0647652598062463E-4;3365;0.03799426416457783;11;1.2420116071630197E-4;193;0.0021791658198405707;35790x222536-NZ-AP017576_11030_aligned_207074_F_518_60_388;0.8952801422064548;0.06164683338303545;0.8952801422064548;0.06164683338303545;
176;11;Rickettsia massiliae;species;35791;0;0;0;0;0;;0;0;0;;0.0;0.0;;1397;114277;;;;;;0.0;0.0;0.0;0.0;0.0;15;1.1721222445359569E-4;61;4.766630461112891E-4;5119;0.040000625131863754;18;1.4065466934431482E-4;375;0.002930305611339892;;0.9020880547334137;0.09220116747096412;0.9020880547334137;0.09220116747096412;
177;12;Rickettsia massiliae MTU5;strain;416276;15;375;61;60;18;3.388888888888889;11;18;5119;341.26666666666665;4.6884889781438274E-4;60.985702305666244;0.9838371574254272;127973;35791;0.9020880547334137;0.09220116747096412;0.9020880547334137;0.09220116747096412;2.9533408577782247;1.1721222445359569E-4;4.766630461112891E-4;0.040000625131863754;1.4065466934431482E-4;0.002930305611339892;15;1.1721222445359569E-4;61;4.766630461112891E-4;5119;0.040000625131863754;18;1.4065466934431482E-4;375;0.002930305611339892;1462938x212560-NZ-CP113531_1058907_aligned_32717_F_51_371_296;0.9020880547334137;0.09220116747096412;0.9020880547334137;0.09220116747096412;
178;11;Rickettsia parkeri;species;35792;28;1060;146;145;31;4.709677419354839;24;31;9932;354.7142857142857;7.599102781795694E-4;145.94454050276403;0.993528086083178;190812;114277;0.8557006365099188;0.11558955745193483;0.856347830530894;0.11586970727730954;5.311581988994093;1.4674129509674444E-4;7.651510387187389E-4;0.05205123367503092;1.6246357671425278E-4;0.005555206171519611;28;1.4674129509674444E-4;146;7.651510387187389E-4;9932;0.05205123367503092;31;1.6246357671425278E-4;1060;0.005555206171519611;1462938x212560-NZ-CP113531_1319303_aligned_135996_R_22_269_23;0.8557006365099188;0.11558955745193483;0.856347830530894;0.11586970727730954;
179;11;Rickettsia slovaca;species;35794;8;282;38;38;8;4.75;16;8;5026;628.25;5.541135641167721E-4;37.98975069247696;1.0002697913867877;68578;114277;0.8497893640953598;0.15685786620188424;0.8497893640953598;0.15685786620188424;5.230405611149374;1.1665548718247835E-4;5.541135641167721E-4;0.07328880982239203;1.1665548718247835E-4;0.004112105923182362;8;1.1665548718247835E-4;38;5.541135641167721E-4;5026;0.07328880982239203;8;1.1665548718247835E-4;282;0.004112105923182362;444612x54001-NZ-CM000770_1142872_aligned_129991_R_7_223_285;0.8497893640953598;0.15685786620188424;0.8497893640953598;0.15685786620188424;
180;11;Rickettsia honei;species;37816;0;0;0;0;0;;0;0;0;;;0.0;;0;114277;;;;;;;;;;;11;6.77682080853633E-5;32;1.9714387806651142E-4;3895;0.023996106408408185;13;8.008970046452026E-5;782;0.004817703520250373;;0.7142013015814827;0.18131505817968852;0.7142013015814827;0.18131505817968852;
181;12;Rickettsia honei RB;strain;1175313;11;782;32;32;13;2.4615384615384617;9;13;3895;354.09090909090907;1.9714387806651142E-4;31.99694445789111;1.0000954948092906;162318;37816;0.7142013015814827;0.18131505817968852;0.7142013015814827;0.18131505817968852;2.3669736167866557;6.77682080853633E-5;1.9714387806651142E-4;0.023996106408408185;8.008970046452026E-5;0.004817703520250373;11;6.77682080853633E-5;32;1.9714387806651142E-4;3895;0.023996106408408185;13;8.008970046452026E-5;782;0.004817703520250373;1462938x212560-NZ-CP113531_714402_aligned_62390_F_13_309_0;0.7142013015814827;0.18131505817968852;0.7142013015814827;0.18131505817968852;
182;11;Rickettsia felis;species;42862;251;21609;7865;7496;571;13.774080560420316;154;262;150112;598.0557768924302;0.014125805600572871;7807.00994904352;0.9601627318174966;530660;114277;0.8376223246341219;0.12960790656347598;0.8383665292983951;0.12949076355287803;15.77650131273381;4.729958919081898E-4;0.014821166095051446;0.2828779256020804;4.937247955376324E-4;0.0407209889571477;258;6.245504082327763E-4;7888;0.015319130934403659;154089;0.3689825415196348;269;6.452793118622189E-4;22214;0.05381962929662982;42862x66326-NZ-JSEL01000012_53483_aligned_9967_R_3_384_0;0.8387426617859127;0.12868726942578848;0.83950005452294;0.12854290101734384;
183;12;Rickettsia felis str. LSU;strain;1359195;7;605;23;23;7;3.2857142857142856;10;7;3977;568.1428571428571;4.979648393522127E-4;22.994523216826373;1.0002381777226683;46188;42862;0.8789147510858422;0.08646987819538239;0.880145030431623;0.08429237581288238;3.450327796711771;1.5155451632458647E-4;4.979648393522127E-4;0.08610461591755435;1.5155451632458647E-4;0.013098640339482116;7;1.5155451632458647E-4;23;4.979648393522127E-4;3977;0.08610461591755435;7;1.5155451632458647E-4;605;0.013098640339482116;1462938x212560-NZ-CP113531_1243579_aligned_80154_F_113_251_0;0.8789147510858422;0.08646987819538239;0.880145030431623;0.08429237581288238;
184;11;Rickettsia peacockii;species;47589;0;0;0;0;0;;0;0;0;;;0.0;;0;114277;;;;;;;;;;;33;2.8139709393546625E-4;291;0.00248141073743093;10764;0.09178661573095027;37;3.1550583259431066E-4;1201;0.01024114878231803;;0.8566397230621812;0.12363757337186393;0.8575436706994468;0.12183137610367012;
185;12;Rickettsia peacockii str. Rustic;strain;562019;33;1201;291;291;37;7.864864864864865;72;37;10764;326.1818181818182;0.00248141073743093;290.64049082381786;1.0012369548894;117272;47589;0.8566397230621812;0.12363757337186393;0.8575436706994468;0.12183137610367012;13.464278175482962;2.8139709393546625E-4;0.00248141073743093;0.09178661573095027;3.1550583259431066E-4;0.01024114878231803;33;2.8139709393546625E-4;291;0.00248141073743093;10764;0.09178661573095027;37;3.1550583259431066E-4;1201;0.01024114878231803;562019x219394-NC-012732_24812_aligned_149024_F_738_130_108;0.8566397230621812;0.12363757337186393;0.8575436706994468;0.12183137610367012;
186;11;Rickettsia monacensis;species;109232;59;4141;1333;1317;106;12.575471698113208;90;62;27659;468.79661016949154;0.009399958603067655;1326.6835889840088;0.992700905427326;140107;114277;0.8298355907056761;0.12103251487154328;0.8300514634497975;0.12114000538611498;13.778484340730762;4.211067255740256E-4;0.00951415703712163;0.1974134054686775;4.425189319591455E-4;0.029555982213593898;59;4.211067255740256E-4;1333;0.00951415703712163;27659;0.1974134054686775;62;4.425189319591455E-4;4141;0.029555982213593898;109232x175602-NZ-LN794217_141678_aligned_2600_R_128_634_63;0.8298355907056761;0.12103251487154328;0.8300514634497975;0.12114000538611498;
187;11;Rickettsia asiatica;species;238800;33;1245;152;152;38;4.0;13;38;17238;522.3636363636364;6.595561881123675E-4;151.95021430838509;1.0003276447607627;230458;114277;0.8712863509608797;0.10761225411927647;0.8715556064067;0.10756660636898309;3.883436761565853;1.4319311978755348E-4;6.595561881123675E-4;0.07479887875448021;1.6488904702809188E-4;0.005402285882894063;33;1.4319311978755348E-4;152;6.595561881123675E-4;17238;0.07479887875448021;38;1.6488904702809188E-4;1245;0.005402285882894063;1462938x212560-NZ-CP113531_1209628_aligned_79266_F_83_96_149;0.8712863509608797;0.10761225411927647;0.8715556064067;0.10756660636898309;
188;11;Rickettsia sibirica subgroup;;266068;0;0;0;0;0;;0;0;0;;;0.0;;0;114277;;;;;;;;;;;24;2.2999692549877793E-4;179;0.0017213296439412846;8964;0.09060983948035335;26;2.5153769912883574E-4;1037;0.01095757280489244;;0.8110755669218447;0.20112889841202836;0.8111880781729696;0.20113012392965424;
189;12;Rickettsia sibirica;species;35793;18;563;133;133;20;6.65;31;19;5732;318.44444444444446;0.001116671144545943;132.92632671783824;1.0005542414657869;119104;266068;0.8204709078182211;0.19481598898646724;0.8204709078182211;0.19481598898646724;8.719457974462692;1.5112842557764641E-4;0.001116671144545943;0.04812600752283718;1.59524449220849E-4;0.004726961311123052;24;2.2999692549877793E-4;179;0.0017213296439412846;8964;0.09060983948035335;26;2.5153769912883574E-4;1037;0.01095757280489244;35793x101787-NZ-CP170627_641766_aligned_153914_F_3_130_6;0.8110755669218447;0.20112889841202836;0.8111880781729696;0.20113012392965424;
190;13;Rickettsia sibirica subsp. mongolitimonae;subspecies;45261;0;0;0;0;0;;0;0;0;;;0.0;;0;35793;;;;;;;;;;;6;7.88684999211315E-5;46;6.046584993953415E-4;3232;0.04248383195751617;7;9.201324990798675E-5;474;0.006230611493769389;;0.7828895442327152;0.2361584126202555;0.7833395892372156;0.23622727446500125;
191;14;Rickettsia sibirica subsp. mongolitimonae HA-91;strain;1144280;6;474;46;46;7;6.571428571428571;23;7;3232;538.6666666666666;6.046584993953415E-4;45.986397806121715;1.0002957873311937;76076;45261;0.7828895442327152;0.2361584126202555;0.7833395892372156;0.23622727446500125;7.807200583588266;7.88684999211315E-5;6.046584993953415E-4;0.04248383195751617;9.201324990798675E-5;0.006230611493769389;6;7.88684999211315E-5;46;6.046584993953415E-4;3232;0.04248383195751617;7;9.201324990798675E-5;474;0.006230611493769389;1462938x212560-NZ-CP113531_695142_aligned_92882_F_3_176_14;0.7828895442327152;0.2361584126202555;0.7833395892372156;0.23622727446500125;
192;11;Rickettsia tamurae;species;334545;92;3885;592;583;109;5.431192660550459;56;105;32611;354.4673913043478;0.0022374798991407004;591.3291243346907;0.9859145711044388;260561;114277;0.8248645003661403;0.1847744876121585;0.825582296711894;0.18452811444312395;7.379108362875337;3.5308430655393554E-4;0.002272020755216629;0.12515687305467818;4.029766542191656E-4;0.014910136206109125;560;0.012775774296732578;10137;0.2556364992942234;246027;5.790115862251184;586;0.013170741366347216;34427;0.8256233791121692;334545x209044-NZ-CCMG01000008_200214_aligned_158800_R_9_149_0;0.8056869417388497;0.18857446820324003;0.8062343995975039;0.18846973777035692;
193;12;Rickettsia tamurae subsp. buchneri;subspecies;1462938;468;30542;9545;8335;642;14.867601246105918;184;481;213416;456.017094017094;0.22124598518833116;8431.883556226254;0.9885098560030856;37673;334545;0.8019169943163909;0.1892781892684656;0.8024309668314271;0.18919605815951912;18.074803231728644;0.012422689990178643;0.25336447853900673;5.664958989196506;0.01276776471212805;0.8107132429060601;468;0.012422689990178643;9545;0.25336447853900673;213416;5.664958989196506;481;0.01276776471212805;30542;0.8107132429060601;1462938x212560-NZ-CP113531_255331_aligned_79109_R_318_434_3;0.8019169943163909;0.1892781892684656;0.8024309668314271;0.18919605815951912;
194;11;Rickettsia gravesii;species;354585;0;0;0;0;0;;0;0;0;;;0.0;;0;114277;;;;;;;;;;;37;1.207016353440486E-4;278;9.068933682606894E-4;22052;0.07193817466505296;40;1.3048825442599847E-4;1756;0.005728434369301334;;0.8356352104677786;0.19810087487180442;0.8358455939605454;0.19808344749420234;
195;12;Rickettsia gravesii BWI-1;strain;1397702;37;1756;278;278;40;6.95;31;40;22052;596.0;9.068933682606894E-4;277.87443295257987;1.0004518841337287;306541;354585;0.8356352104677786;0.19810087487180442;0.8358455939605454;0.19808344749420234;8.031827712934113;1.207016353440486E-4;9.068933682606894E-4;0.07193817466505296;1.3048825442599847E-4;0.005728434369301334;37;1.207016353440486E-4;278;9.068933682606894E-4;22052;0.07193817466505296;40;1.3048825442599847E-4;1756;0.005728434369301334;1462938x212560-NZ-CP113531_1000832_aligned_111201_R_0_117_1;0.8356352104677786;0.19810087487180442;0.8358455939605454;0.19808344749420234;
196;11;Rickettsia hoogstraalii;species;467174;63;2857;815;811;89;9.157303370786517;80;75;20413;324.015873015873;0.0014103244093940474;814.4234386083438;0.995796488109191;575045;114277;0.7821670178356231;0.22329963621082521;0.7833654198332068;0.22254047575390562;14.213389075417343;1.0955664339312576E-4;0.001417280386752341;0.03549809145371232;1.3042457546800685E-4;0.004968306828161274;63;1.0955664339312576E-4;815;0.001417280386752341;20413;0.03549809145371232;75;1.3042457546800685E-4;2857;0.004968306828161274;467174x113389-NZ-JAPJZU010000049_5888_aligned_96431_F_0_216_0;0.7821670178356231;0.22329963621082521;0.7833654198332068;0.22254047575390562;
197;11;Rickettsia asembonensis;species;1068590;49;2248;191;190;59;3.23728813559322;25;58;21752;443.9183673469388;3.898579480750251E-4;190.96277337529082;0.9949583190573027;487357;114277;0.8539148413555517;0.1371459939785025;0.8540224395935624;0.13718469770227648;4.3720861549815035;1.0054231292461173E-4;3.9190983201226206E-4;0.04463257940277866;1.190092683597445E-4;0.0046126350909087175;49;1.0054231292461173E-4;191;3.9190983201226206E-4;21752;0.04463257940277866;58;1.190092683597445E-4;2248;0.0046126350909087175;1462938x212560-NZ-CP113531_1326725_aligned_148262_F_19_176_28;0.8539148413555517;0.1371459939785025;0.8540224395935624;0.13718469770227648;
198;11;Rickettsia fournieri;species;1436798;19;897;96;94;25;3.84;25;24;6425;338.1578947368421;8.633119954446516E-4;95.95813223286085;0.9795938896756654;108883;114277;0.7820168170934272;0.21025892076836863;0.7820168170934272;0.21025892076836863;5.520265694088766;1.744992331217913E-4;8.816803357732612E-4;0.05900829330565837;2.204200839433153E-4;0.00823820063738141;19;1.744992331217913E-4;96;8.816803357732612E-4;6425;0.05900829330565837;24;2.204200839433153E-4;897;0.00823820063738141;1436798x7717-NZ-LT978483_145770_aligned_171797_R_1_116_2;0.7820168170934272;0.21025892076836863;0.7820168170934272;0.21025892076836863;
199;11;Rickettsia argasii;species;1441385;0;0;0;0;0;;0;0;0;;;0.0;;0;114277;;;;;;;;;;;28;1.9142157868110534E-4;188;0.0012852591711445644;11277;0.07709504081381517;38;2.597864282100715E-4;1367;0.009345474930609677;;0.8679254715912846;0.09748102213901588;0.8691363671337122;0.09686175330088019;
200;12;Rickettsia argasii T170-B;strain;1268837;28;1367;188;180;38;4.947368421052632;31;38;11277;402.75;0.0012305672915213913;187.87987918831254;0.9580589511641397;146274;1441385;0.8679254715912846;0.09748102213901588;0.8691363671337122;0.09686175330088019;6.0847499600898685;1.9142157868110534E-4;0.0012852591711445644;0.07709504081381517;2.597864282100715E-4;0.009345474930609677;28;1.9142157868110534E-4;188;0.0012852591711445644;11277;0.07709504081381517;38;2.597864282100715E-4;1367;0.009345474930609677;444612x47268-NZ-CM000772_10949_aligned_51985_R_0_442_1;0.8679254715912846;0.09748102213901588;0.8691363671337122;0.09686175330088019;
201;11;Rickettsia koreansis;species;2358204;21;967;131;115;24;5.458333333333333;22;24;6324;301.14285714285717;7.30186546789084E-4;130.94594920699757;0.878224952329068;157494;114277;0.7884778385233194;0.21609890034774323;0.7921579991121451;0.21312307451465357;5.978069825669462;1.333384128919197E-4;8.317777185162609E-4;0.040153910625166676;1.5238675759076536E-4;0.006139916441261255;21;1.333384128919197E-4;131;8.317777185162609E-4;6324;0.040153910625166676;24;1.5238675759076536E-4;967;0.006139916441261255;444612x54001-NZ-CM000770_569625_aligned_62435_F_47_248_38;0.7884778385233194;0.21609890034774323;0.7921579991121451;0.21312307451465357;
202;11;unclassified spotted fever group;no rank;2750824;0;0;0;0;0;;0;0;0;;;0.0;;0;114277;;;;;;;;;;;9514;0.17968418758610413;215700;4.080734751717595;3782476;71.41235993718924;9536;0.1800719973658332;483890;9.144379109351323;;0.806033153220439;0.19093746257935482;0.8061058061396317;0.1909300458526029;
203;12;Rickettsia endosymbiont of Ixodes scapularis;species;444612;9487;482901;215575;19876;14639;14.726074185395177;217;9507;3770021;397.38811004532516;0.3761900255512444;51941.86716966095;0.3826585581738482;52835;2750824;0.805898471393544;0.19095916265144072;0.8059711004321644;0.19095168933033627;14.954354097786853;0.17955900444780923;4.080155200151415;71.35461341913505;0.17993754140247942;9.139793697359705;9487;0.17955900444780923;215575;4.080155200151415;3770021;71.35461341913505;9507;0.17993754140247942;482901;9.139793697359705;444612x44192-NZ-GG688316_27516_aligned_110005_R_1_320_17;0.805898471393544;0.19095916265144072;0.8059711004321644;0.19095168933033627;
204;12;Rickettsia sp. Tenjiku01;species;1736693;27;989;125;125;29;4.310344827586207;24;29;12455;461.2962962962963;5.795515661801524E-4;124.96407463282976;1.0002874855615567;215684;2750824;0.8533563566186835;0.1802873419340422;0.8534374004634034;0.18029908612401715;5.298944964234876;1.2518313829491294E-4;5.795515661801524E-4;0.05774651805419039;1.3445596335379538E-4;0.0045854119916173665;27;1.2518313829491294E-4;125;5.795515661801524E-4;12455;0.05774651805419039;29;1.3445596335379538E-4;989;0.0045854119916173665;444612x54001-NZ-CM000770_654164_aligned_189061_R_35_146_306;0.8533563566186835;0.1802873419340422;0.8534374004634034;0.18029908612401715;
205;11;Rickettsia tillamookensis;species;2761623;35;3540;181;181;42;4.309523809523809;28;42;21801;622.8857142857142;3.321338591201939E-4;180.97011122259042;1.0001651586397757;544961;114277;0.7750178407753032;0.19023184791502223;0.7753387767123296;0.19004696156033463;5.357866772613688;6.42247793878828E-5;3.321338591201939E-4;0.040004697583863796;7.706973526545936E-5;0.006495877686660146;35;6.42247793878828E-5;181;3.321338591201939E-4;21801;0.040004697583863796;42;7.706973526545936E-5;3540;0.006495877686660146;1462938x212560-NZ-CP113531_298738_aligned_165195_F_7_135_204;0.7750178407753032;0.19023184791502223;0.7753387767123296;0.19004696156033463;
206;11;Candidatus Rickettsia kedanie;species;3115352;26;1007;113;105;36;3.138888888888889;10;36;10628;408.7692307692308;2.0841190131200255E-4;112.98744063258067;0.9293068274857671;503810;114277;0.8633036621496946;0.1295701542276637;0.8645737112176127;0.1287323935930651;3.015699660848945;5.160675651535301E-5;2.2429090331672655E-4;0.021095254163275838;7.145550902125802E-5;0.001998769377344634;26;5.160675651535301E-5;113;2.2429090331672655E-4;10628;0.021095254163275838;36;7.145550902125802E-5;1007;0.001998769377344634;444612x54001-NZ-CM000770_257207_aligned_53077_R_180_281_57;0.8633036621496946;0.1295701542276637;0.8645737112176127;0.1287323935930651;
207;10;typhus group;species group;114292;4;89;40;40;9;4.444444444444445;15;9;2103;525.75;2.7898672023211695E-4;39.99456023959238;1.0001360125070768;143376;780;0.952918149170605;0.039671658711359754;0.952918149170605;0.039671658711359754;4.419024527854284;2.7898672023211696E-5;2.7898672023211695E-4;0.014667726816203548;6.277201205222631E-5;6.207454525164602E-4;40;6.940851123009706E-5;294;5.709918601853796E-4;15365;0.02997115816875117;72;1.3536923911221905E-4;1525;0.0022703179822517365;444612x54001-NZ-CM000770_1146668_aligned_48386_F_60_303_197;0.849004561665182;0.16845904040678186;0.8496733937729184;0.16826507736464885;
208;11;Rickettsia prowazekii;species;782;18;925;156;156;33;4.7272727272727275;23;33;6242;346.77777777777777;1.7753640918955767E-4;155.9862417393613;1.0000882017573172;878693;114292;0.8014376126414763;0.19605560716729753;0.8020460531919011;0.1953121884263349;5.287205826761944;2.0484970291102807E-5;1.7753640918955767E-4;0.007103732475392429;3.755577886702182E-5;0.001052699862181672;18;2.0484970291102807E-5;156;1.7753640918955767E-4;6242;0.007103732475392429;33;3.755577886702182E-5;925;0.001052699862181672;444612x54001-NZ-CM000770_496113_aligned_12169_R_3_9884_0;0.8014376126414763;0.19605560716729753;0.8020460531919011;0.1953121884263349;
209;11;Rickettsia typhi;species;785;18;511;98;98;30;3.2666666666666666;18;30;7020;390.0;1.14468730763705E-4;97.99444847442157;1.0000566514293907;856129;114292;0.8734796023543493;0.14428192336493179;0.8743574553766718;0.14482411483427757;3.7502490338765444;2.102486891578255E-5;1.14468730763705E-4;0.008199698877155196;3.504144819297092E-5;5.968726675536047E-4;18;2.102486891578255E-5;98;1.14468730763705E-4;7020;0.008199698877155196;30;3.504144819297092E-5;511;5.968726675536047E-4;785x207223-NZ-LS992663_168583_aligned_181783_R_265_69_89;0.8734796023543493;0.14428192336493179;0.8743574553766718;0.14482411483427757;
210;10;unclassified Rickettsia;no rank;114295;112;4153;2440;2436;268;9.104477611940299;56;201;38602;344.6607142857143;5.949252582405452E-4;2439.2734411710226;0.9986580261500116;4094632;780;0.8607284220144115;0.14390673824335265;0.8629631354462999;0.1428039287067902;10.686032506843905;2.7352885436346904E-5;5.95902147006129E-4;0.009427465032266637;4.9088660470586854E-5;0.001014254760867399;415;0.0028125859934783008;6912;0.02727355428220113;178484;1.31685340970027;716;0.004662960180539651;19758;0.09391136652435093;3348345x74198-NZ-CP170741_322336_aligned_86741_R_45_348_30;0.8566970139558611;0.13917487133665069;0.8588261785437257;0.13787203705898096;
211;11;Rickettsia sp.;species;789;24;884;295;293;57;5.175438596491228;31;56;8913;371.375;5.677348348918591E-4;294.9159892077474;0.99350327117599;516086;114295;0.8731556143388614;0.11127721091665994;0.8748671197865541;0.1103254254011502;6.403466714593923;4.650387726076662E-5;5.71610157996923E-4;0.0172703774177172;1.0850904694178877E-4;0.001712892812438237;24;4.650387726076662E-5;295;5.71610157996923E-4;8913;0.0172703774177172;56;1.0850904694178877E-4;884;0.001712892812438237;444612x54001-NZ-CM000770_335876_aligned_92193_F_196_358_251;0.8731556143388614;0.11127721091665994;0.8748671197865541;0.1103254254011502;
212;11;Rickettsia endosymbiont of Ixodes pacificus;species;1133329;89;6572;1842;1806;170;10.83529411764706;89;126;52581;590.7977528089888;0.009743465242372745;1832.882553295683;0.9853331828341397;185355;114295;0.837851255883273;0.1363391458774718;0.8405699354508894;0.13523351921999224;12.829189220945691;4.8015969356100455E-4;0.009937687140891802;0.2836772679452942;6.797766448167031E-4;0.03545628658520137;89;4.8015969356100455E-4;1842;0.009937687140891802;52581;0.2836772679452942;126;6.797766448167031E-4;6572;0.03545628658520137;1133329x66257-NZ-KR611317_78808_aligned_56581_F_0_304_4;0.837851255883273;0.1363391458774718;0.8405699354508894;0.13523351921999224;
213;11;Rickettsia sp. MEAM1 (Bemisia tabaci);species;1182263;13;262;67;63;20;3.35;9;20;4586;352.7692307692308;0.008619510192912848;66.6983910145069;0.9445505212606629;7309;114295;0.8901287585032662;0.14149151891047443;0.8987501640882345;0.12168647489844554;2.888725816360089;0.0017786290874264605;0.009166780681351757;0.6274456149952113;0.0027363524421945545;0.03584621699274867;13;0.0017786290874264605;67;0.009166780681351757;4586;0.6274456149952113;20;0.0027363524421945545;262;0.03584621699274867;1462938x212560-NZ-CP113531_1083049_aligned_21975_F_47_423_49;0.8901287585032662;0.14149151891047443;0.8987501640882345;0.12168647489844554;
214;11;Rickettsia endosymbiont of Proechinophthirus fluctus;species;1462733;11;388;85;85;15;5.666666666666667;15;15;3899;354.45454545454544;3.7066270130255234E-4;84.98443404514991;1.0001831624229187;229319;114295;0.8820731650837491;0.1757476151091012;0.886915507865715;0.1672511902442957;4.908690058991104;4.7968114286212654E-5;3.7066270130255234E-4;0.017002516145631193;6.541106493574453E-5;0.0016919662130045919;11;4.7968114286212654E-5;85;3.7066270130255234E-4;3899;0.017002516145631193;15;6.541106493574453E-5;388;0.0016919662130045919;1462938x212560-NZ-CP113531_446320_aligned_110380_R_233_124_151;0.8820731650837491;0.1757476151091012;0.886915507865715;0.1672511902442957;
215;11;Rickettsia endosymbiont of Culicoides newsteadi;species;1961830;1;258;45;45;4;11.25;22;1;2211;2211.0;2.8901734104046245E-4;44.99364220366774;1.0001413043270309;155700;114295;0.8817056396148556;;0.8817056396148556;;10.242883708539635;6.422607578676943E-6;2.8901734104046245E-4;0.014200385356454721;6.422607578676943E-6;0.0016570327552986512;1;6.422607578676943E-6;45;2.8901734104046245E-4;2211;0.014200385356454721;1;6.422607578676943E-6;258;0.0016570327552986512;1961830x18260-NZ-MWZE01000139_817_aligned_2043_R_45_2074_53;0.8817056396148556;;0.8817056396148556;;
216;11;Rickettsia sp. TH2014;species;1967503;20;1002;147;147;41;3.5853658536585367;12;40;7007;350.35;2.596929969455157E-4;146.98104403017868;1.0001289688064634;566053;114295;0.8148728357945878;0.15980894352289274;0.8159836694917211;0.16023898847292567;2.8633512686718823;3.533238053680486E-5;2.596929969455157E-4;0.012378699521069582;7.066476107360972E-5;0.0017701522648939233;20;3.533238053680486E-5;147;2.596929969455157E-4;7007;0.012378699521069582;40;7.066476107360972E-5;1002;0.0017701522648939233;444612x46767-NZ-CM000771_17411_aligned_96779_F_17_404_14;0.8148728357945878;0.15980894352289274;0.8159836694917211;0.16023898847292567;
217;11;Rickettsia endosymbiont of Cardiosporidium cionae;species;2777155;1;8;8;8;1;8.0;8;1;66;66.0;7.785781994211272E-6;7.999972749882524;1.0000034062762873;1027514;114295;0.7777777777777778;;0.7777777777777778;;;9.73222749276409E-7;7.785781994211272E-6;6.423270145224299E-5;9.73222749276409E-7;7.785781994211272E-6;1;9.73222749276409E-7;8;7.785781994211272E-6;66;6.423270145224299E-5;1;9.73222749276409E-7;8;7.785781994211272E-6;2777155x23546-NZ-JADAQY010000006_5050_aligned_212580_F_18_43_8;0.7777777777777778;;0.7777777777777778;;
218;11;Rickettsia endosymbiont of Halotydeus destructor;species;2996754;2;103;3;3;3;1.0;1;3;718;359.0;2.3371220678856057E-6;2.9999976627964875;1.0000007790684444;1283630;114295;0.8452380952380952;0.016835875742541525;0.8452380952380952;0.016835875742541525;0.0;1.5580813785904037E-6;2.3371220678856057E-6;5.593512149139549E-4;2.3371220678856057E-6;8.024119099740579E-5;2;1.5580813785904037E-6;3;2.3371220678856057E-6;718;5.593512149139549E-4;3;2.3371220678856057E-6;103;8.024119099740579E-5;1462938x212560-NZ-CP113531_1388630_aligned_59776_R_10_494_294;0.8452380952380952;0.016835875742541525;0.8452380952380952;0.016835875742541525;
219;11;Rickettsia endosymbiont of Aspidapion aeneum;species;3066247;1;32;15;15;1;15.0;15;1;2348;2348.0;0.0012965684155933962;14.990927419747614;1.0006052047347274;11569;114295;0.9857635893011216;;0.9861949956859362;;;8.643789437289307E-5;0.0012965684155933962;0.20295617598755294;8.643789437289307E-5;0.0027660126199325783;1;8.643789437289307E-5;15;0.0012965684155933962;2348;0.20295617598755294;1;8.643789437289307E-5;32;0.0027660126199325783;1462938x212560-NZ-CP113531_1043378_aligned_201060_R_183_107_2058;0.9857635893011216;;0.9861949956859362;;
220;11;Rickettsia endosymbiont of Cantharis rufa;species;3066248;48;1895;358;358;74;4.837837837837838;29;73;17600;366.6666666666667;3.7316310980376626E-4;357.9333986067509;1.0001860720276685;959366;114295;0.848930190475003;0.15535450712329776;0.8492632244466196;0.15545755945068146;5.7624838323893535;5.003304265525358E-5;3.7316310980376626E-4;0.018345448973592977;7.609191903819814E-5;0.0019752628298271985;48;5.003304265525358E-5;358;3.7316310980376626E-4;17600;0.018345448973592977;73;7.609191903819814E-5;1895;0.0019752628298271985;1462938x212560-NZ-CP113531_1702358_aligned_167933_F_7_124_10;0.848930190475003;0.15535450712329776;0.8492632244466196;0.15545755945068146;
221;11;Rickettsia endosymbiont of Ceutorhynchus obstrictus;species;3066249;1;2;2;2;1;2.0;2;1;143;143.0;1.8183967196123178E-5;1.9999909080219798;1.0000045460096763;109987;114295;0.9823008849557522;;0.9823008849557522;;;9.091983598061589E-6;1.8183967196123178E-5;0.0013001536545228073;9.091983598061589E-6;1.8183967196123178E-5;1;9.091983598061589E-6;2;1.8183967196123178E-5;143;0.0013001536545228073;1;9.091983598061589E-6;2;1.8183967196123178E-5;1462938x212560-NZ-CP113531_1575073_aligned_105474_R_1_133_0;0.9823008849557522;;0.9823008849557522;;
222;11;Rickettsia endosymbiont of Orchestes rusci;species;3066250;2;19;5;5;3;1.6666666666666667;3;3;422;211.0;1.2081993238916583E-5;4.9999758359412185;1.0000048328351125;413839;114295;0.9478123756161783;0.007642408185885186;0.9478123756161783;0.007642408185885186;1.1547005383792515;4.8327972955666334E-6;1.2081993238916583E-5;0.0010197202293645597;7.24919594334995E-6;4.591157430788302E-5;2;4.8327972955666334E-6;5;1.2081993238916583E-5;422;0.0010197202293645597;3;7.24919594334995E-6;19;4.591157430788302E-5;444612x54001-NZ-CM000770_1392952_aligned_57308_R_4_351_5;0.9478123756161783;0.007642408185885186;0.9478123756161783;0.007642408185885186;
223;11;Rickettsia endosymbiont of Polydrusus tereticollis;species;3066251;9;448;73;67;30;2.433333333333333;9;28;3695;410.55555555555554;5.444595954096368E-5;72.99786446207858;0.9178350694739242;1230578;114295;0.8864455476260382;0.07392131726914952;0.8864455476260382;0.07392131726914952;1.977168531587242;7.313636356248852E-6;5.9321717111796245E-5;0.0030026540373710563;2.2753535330551986E-5;3.640565652888318E-4;9;7.313636356248852E-6;73;5.9321717111796245E-5;3695;0.0030026540373710563;28;2.2753535330551986E-5;448;3.640565652888318E-4;444612x47268-NZ-CM000772_14170_aligned_47208_F_126_289_55;0.8864455476260382;0.07392131726914952;0.8864455476260382;0.07392131726914952;
224;11;Rickettsia endosymbiont of Rhinocyllus conicus;species;3066252;7;258;121;108;17;7.117647058823529;28;17;4640;662.8571428571429;0.001017111967075709;120.93165300739264;0.8930664330983542;106183;114295;0.9234726327246997;0.06019188401225496;0.9237366939869126;0.06036032872322194;7.192725082863035;6.592392379194409E-5;0.001139542111260748;0.043698143770660086;1.6010095778043565E-4;0.0024297674769030823;7;6.592392379194409E-5;121;0.001139542111260748;4640;0.043698143770660086;17;1.6010095778043565E-4;258;0.0024297674769030823;444612x54001-NZ-CM000770_1632175_aligned_52753_F_0_282_7;0.9234726327246997;0.06019188401225496;0.9237366939869126;0.06036032872322194;
225;11;Rickettsia endosymbiont of Urophora cardui;species;3066265;20;521;190;172;48;3.9583333333333335;29;45;6505;325.25;3.4245279825747274E-4;189.96425597278224;0.9054334938918397;502259;114295;0.9009563773252254;0.09255873623593457;0.9021496915867214;0.09303118884241807;5.849016405157487;3.9820092820636365E-5;3.7829088179604546E-4;0.012951485189911977;8.959520884643182E-5;0.0010373134179775772;20;3.9820092820636365E-5;190;3.7829088179604546E-4;6505;0.012951485189911977;45;8.959520884643182E-5;521;0.0010373134179775772;1462938x212560-NZ-CP113531_1662353_aligned_17183_F_0_479_1;0.9009563773252254;0.09255873623593457;0.9021496915867214;0.09303118884241807;
226;11;Rickettsia endosymbiont of Gonocerus acuteangulatus;species;3066266;36;2169;918;918;83;11.060240963855422;61;46;17878;496.6111111111111;0.0013315791687638797;917.3897412496652;1.000665212093503;689407;114295;0.8574004699563271;0.13236957915920664;0.8596836105761407;0.13188251638676488;12.60598908919241;5.221879093191685E-5;0.0013315791687638797;0.02593243178557804;6.672401063522708E-5;0.00314618215364799;36;5.221879093191685E-5;918;0.0013315791687638797;17878;0.02593243178557804;46;6.672401063522708E-5;2169;0.00314618215364799;3066266x73572-NZ-OZ032147_1459283_aligned_24376_F_0_528_2;0.8574004699563271;0.13236957915920664;0.8596836105761407;0.13188251638676488;
227;11;Rickettsia endosymbiont of Pantilius tunicatus;species;3066267;12;615;195;194;29;6.724137931034483;28;23;4848;404.0;6.047306143314921E-4;194.94105058501196;0.9951726402305318;320804;114295;0.8126505581642921;0.17066187228870258;0.8158498295626022;0.17190378070195508;6.712975451233752;3.740601738132941E-5;6.07847782446603E-4;0.015112031022057082;7.169486664754803E-5;0.0019170583907931324;12;3.740601738132941E-5;195;6.07847782446603E-4;4848;0.015112031022057082;23;7.169486664754803E-5;615;0.0019170583907931324;3066267x246428-NZ-OZ198175_1361335_aligned_41227_R_0_157_4;0.8126505581642921;0.17066187228870258;0.8158498295626022;0.17190378070195508;
228;11;Rickettsia endosymbiont of Nabis limbatus;species;3066268;6;169;102;102;15;6.8;64;15;1822;303.6666666666667;5.883336890252695E-4;101.9702948608688;1.0002913116920151;173371;114295;0.8315463531999464;0.2038655332554642;0.8315463531999464;0.2038655332554642;16.049922118191105;3.460786406030997E-5;5.883336890252695E-4;0.01050925471964746;8.651966015077492E-5;9.747881710320641E-4;6;3.460786406030997E-5;102;5.883336890252695E-4;1822;0.01050925471964746;15;8.651966015077492E-5;169;9.747881710320641E-4;3066268x143941-NZ-OZ239771_1119519_aligned_158408_R_2_110_31;0.8315463531999464;0.2038655332554642;0.8315463531999464;0.2038655332554642;
229;11;Rickettsia sp. R1;species;3405422;0;0;1;1;1;1.0;1;1;0;;2.671653753673524E-4;0.999999999999828;1.000000000000172;3743;114295;;;;;;0.0;2.671653753673524E-4;0.0;2.671653753673524E-4;0.0;0;0.0;1;2.671653753673524E-4;0;0.0;1;2.671653753673524E-4;0;0.0;444612x44192-NZ-GG688316_10433_aligned_7683_R_23_390_12;;;;;
230;10;belli group;species group;1129742;2;28;118;116;21;5.619047619047619;17;17;1740;870.0;0.0016379091242834148;117.9025834807739;0.9838630891316801;70822;780;0.9645085684716769;0.04007648697438144;0.9645085684716769;0.04007648697438144;5.093880549013596;2.8239812487645084E-5;0.00166614893677106;0.02456863686425122;2.4003840614498319E-4;3.9535737482703116E-4;109;3.4898771477547897E-4;2334;0.007090606220845038;44006;0.16394730964737267;173;6.630687169487164E-4;4379;0.010805965657303818;3141789x170156-NZ-CP157197_418079_aligned_79501_F_23_378_2;0.8674837768084317;0.1255656500880974;0.8679387414118942;0.12540996092026171;
231;11;Rickettsia canadensis;species;788;24;968;155;145;44;3.522727272727273;14;42;8281;345.0416666666667;2.3565433896520117E-4;154.9806048192398;0.9356009428993997;615308;1129742;0.8591612946177006;0.14538226752449512;0.8596195581808028;0.14533285301248253;3.460666936418513;3.900485610458502E-5;2.519063623421116E-4;0.013458300558419524;6.825849818302379E-5;0.0015731958628849292;30;6.384035867172497E-5;193;4.0907485373930765E-4;12335;0.030147414320962233;52;1.0977402732294727E-4;1158;0.0023538712756939195;444612x46767-NZ-CM000771_44113_aligned_18683_R_98_336_207;0.875701138934971;0.13477445449366154;0.8760677497854528;0.13468574320104781;
232;12;Rickettsia canadensis str. McKiel;strain;293613;3;142;20;20;4;5.0;13;4;2770;923.3333333333334;8.15547599435641E-5;19.999225248623766;1.0000387390694692;245234;788;0.9411886327965905;0.03610420126392025;0.9411886327965905;0.03610420126392025;5.477225575051661;1.2233213991534616E-5;8.15547599435641E-5;0.011295334252183629;1.631095198871282E-5;5.790387955993051E-4;3;1.2233213991534616E-5;20;8.15547599435641E-5;2770;0.011295334252183629;4;1.631095198871282E-5;142;5.790387955993051E-4;444612x54001-NZ-CM000770_507312_aligned_50450_R_956_217_4;0.9411886327965905;0.03610420126392025;0.9411886327965905;0.03610420126392025;
233;12;Rickettsia canadensis str. CA410;strain;1105107;3;48;18;18;6;3.0;10;6;1284;428.0;7.561373145363198E-5;17.99935729780716;1.000035706952321;238052;788;0.9425323996115149;0.050964003612635894;0.9425323996115149;0.050964003612635894;3.63318042491699;1.260228857560533E-5;7.561373145363198E-5;0.005393779510359081;2.520457715121066E-5;2.016366172096853E-4;3;1.260228857560533E-5;18;7.561373145363198E-5;1284;0.005393779510359081;6;2.520457715121066E-5;48;2.016366172096853E-4;42862x66326-NZ-JSEL01000012_210044_aligned_61775_F_0_390_6;0.9425323996115149;0.050964003612635894;0.9425323996115149;0.050964003612635894;
234;11;Rickettsia bellii;species;33990;23;775;667;667;37;18.027027027027028;104;31;7895;343.2608695652174;0.00101961108028329;666.6605845421784;1.0005091278316007;654171;1129742;0.8538889442569217;0.14305663323089338;0.8538889442569217;0.14305663323089338;22.723563988960013;3.5159002768389305E-5;0.00101961108028329;0.012068709863323198;4.738822112261167E-5;0.0011847055280652919;30;2.0298155989716658E-4;776;0.0035846228197491145;11093;0.08761726524306485;39;2.386777953588444E-4;957;0.0054912370153880775;33990x219763-NZ-CP015011_7898_aligned_149288_F_322_211_24;0.8638608559515142;0.14910243215109256;0.8641611562518146;0.14918865261002626;
235;12;Rickettsia bellii OSU 85-389;strain;391896;1;10;2;2;1;2.0;2;1;141;141.0;5.4040908968088844E-5;1.9999729795412455;1.000013510411906;37009;33990;0.9009009009009009;;0.9099099099099099;;;2.7020454484044422E-5;5.4040908968088844E-5;0.0038098840822502634;2.7020454484044422E-5;2.702045448404442E-4;1;2.7020454484044422E-5;2;5.4040908968088844E-5;141;0.0038098840822502634;1;2.7020454484044422E-5;10;2.702045448404442E-4;1462938x212560-NZ-CP113531_1403501_aligned_73780_R_1_99_0;0.9009009009009009;;0.9099099099099099;;
236;12;Rickettsia bellii str. RML Mogi;strain;1359194;6;172;107;107;10;10.7;37;7;3057;509.5;0.0025109708304977356;106.86702778505595;1.0012442772827135;42613;33990;0.8959131766225541;0.1921754126105619;0.8959131766225541;0.1921754126105619;12.614365708279676;1.4080210264473284E-4;0.0025109708304977356;0.07173867129749138;1.642691197521883E-4;0.004036326942482341;6;1.4080210264473284E-4;107;0.0025109708304977356;3057;0.07173867129749138;7;1.642691197521883E-4;172;0.004036326942482341;1359194x184381-NZ-LAOJ01000002_25361_aligned_189694_R_12_213_55;0.8959131766225541;0.1921754126105619;0.8959131766225541;0.1921754126105619;
237;11;Rickettsia oklahomensis;species;3141789;47;2236;1247;1216;105;11.876190476190477;73;65;18838;400.8085106382979;0.0013951914085581683;1246.1090610165702;0.9758375394590203;871565;1129742;0.8604224401825775;0.10489490929275505;0.8610518828901081;0.10448239136403588;15.23135382013494;5.392598371894236E-5;0.0014307596105855558;0.021613993219094386;7.457848812194156E-5;0.0025654999913947898;47;5.392598371894236E-5;1247;0.0014307596105855558;18838;0.021613993219094386;65;7.457848812194156E-5;2236;0.0025654999913947898;3141789x170156-NZ-CP157197_1147091_aligned_35029_F_5_333_3;0.8604224401825775;0.10489490929275505;0.8610518828901081;0.10448239136403588;
238;10;Rickettsia incertae sedis;no rank;2749451;0;0;0;0;0;;0;0;0;;;0.0;;0;780;;;;;;;;;;;25;1.3229683175547313E-4;444;0.0023495917319772026;8565;0.045324894559425094;54;2.8576115659182196E-4;1082;0.005725806878376876;;0.821332695335801;0.2004543220983563;0.8238288084100059;0.20120477815763294;
239;11;Candidatus Rickettsia colombianensi;species;1090944;25;1082;444;441;57;7.7894736842105265;120;54;8565;342.6;0.002333716112166546;443.47997096440696;0.9944079301732298;188969;2749451;0.821332695335801;0.2004543220983563;0.8238288084100059;0.20120477815763294;17.36554145643573;1.3229683175547313E-4;0.0023495917319772026;0.045324894559425094;2.8576115659182196E-4;0.005725806878376876;25;1.3229683175547313E-4;444;0.0023495917319772026;8565;0.045324894559425094;54;2.8576115659182196E-4;1082;0.005725806878376876;1090944x246258-NZ-RAQN01000013_104302_aligned_107676_F_0_288_10;0.821332695335801;0.2004543220983563;0.8238288084100059;0.20120477815763294;
240;7;Anaplasmataceae;family;942;0;0;27;27;10;2.7;7;10;0;;2.170418006430868E-4;26.997178645705098;1.000104505523778;124400;766;;;;;2.1108186931983415;0.0;2.170418006430868E-4;0.0;8.038585209003216E-5;0.0;74014;0.04833114709694642;2680487;0.9525624262866658;32531450;22.118892770565395;74132;0.048506495975884446;3761682;3.314005947825886;1184253x25152-NC-021879_313657_aligned_92573_F_1_415_0;0.8370148594452292;0.16172869144982022;0.8370157540090125;0.16172752592709017;
241;8;Anaplasma;genus;768;1;52;238;224;34;7.0;32;28;753;753.0;3.393235040605208E-4;237.95728213626168;0.941345429688219;660137;942;0.9280774550484094;;0.9280774550484094;;7.773303186177831;1.5148370716987535E-6;3.6053122306430334E-4;0.0011406723149891614;4.24154380075651E-5;7.877152772833517E-5;73785;0.04813068677742009;2671878;0.9457904229241038;32398036;22.010062931742606;73885;0.048200078368553126;3744235;3.3000356379384863;212042x124275-NC-007797_278019_aligned_73929_R_313_435_31;0.8369776728220093;0.1618179790737559;0.8369783442806688;0.1618178977135792;
242;9;Anaplasma platys;species;949;0;0;2;2;1;2.0;2;1;0;;1.7086963245087712E-6;1.9999991456203612;1.0000004271900018;1170483;768;;;;;;0.0;1.7086963245087712E-6;0.0;8.543481622543856E-7;0.0;0;0.0;2;1.7086963245087712E-6;0;0.0;1;8.543481622543856E-7;0;0.0;1173064x44808-NC-021880_956140_aligned_9902_R_53_412_50;;;;;
243;9;phagocytophilum group;species group;106179;0;0;0;0;0;;0;0;0;;;0.0;;0;768;;;;;;;;;;;73783;0.04812821266724718;2671421;0.9452201504111895;32396093;22.007780724437172;73853;0.04815399559779874;3743964;3.299746785601592;;0.8369767874011678;0.1618197968804354;0.836977458878028;0.1618197155226414;
244;10;Anaplasma phagocytophilum;species;948;73014;3688186;2660692;208387;160285;16.59975668340768;450;73082;32061603;439.11582710165175;0.03906775960730328;2094936.36581999;0.09947175646952607;5333989;106179;0.837454126307395;0.1616178539572968;0.8374547391061322;0.16161782625707702;19.37612204888164;0.013688442177139848;0.49881842650969094;6.010811608347899;0.013701190609879397;0.6914498698816214;73783;0.04812821266724718;2671421;0.9452201504111895;32396093;22.007780724437172;73853;0.04815399559779874;3743964;3.299746785601592;1359155x119229-NZ-LAOF01000001_1476741_aligned_23454_F_30_927_2;0.8369767874011678;0.1618197968804354;0.836977458878028;0.1618197155226414;
245;11;Anaplasma phagocytophilum str. JM;strain;1173064;1;52;16;16;1;16.0;16;1;398;398.0;0.05333333333333334;15.606155350794083;1.0252364942135397;300;948;0.8586956521739131;;0.8586956521739131;;;0.0033333333333333335;0.05333333333333334;1.3266666666666667;0.0033333333333333335;0.17333333333333334;1;0.0033333333333333335;16;0.05333333333333334;398;1.3266666666666667;1;0.0033333333333333335;52;0.17333333333333334;1173064x44808-NC-021880_435570_aligned_1525_F_8_402_1;0.8586956521739131;;0.8586956521739131;;
246;11;Anaplasma phagocytophilum str. CRT38;strain;1269275;2;146;20;20;2;10.0;18;2;1422;711.0;8.810184573366812E-4;19.99163253640341;1.000418548289208;22701;948;0.8859153581003447;0.09119808830508067;0.8865855993872079;0.09214595262302666;11.313708498984761;8.810184573366812E-5;8.810184573366812E-4;0.06264041231663803;8.810184573366812E-5;0.006431434738557773;2;8.810184573366812E-5;20;8.810184573366812E-4;1422;0.06264041231663803;2;8.810184573366812E-5;146;0.006431434738557773;1184253x25152-NC-021879_132083_aligned_56083_F_167_476_2;0.8859153581003447;0.09119808830508067;0.8865855993872079;0.09214595262302666;
247;11;Anaplasma phagocytophilum str. Annie;strain;1359151;1;209;1;1;1;1.0;1;1;816;816.0;2.8011204481792715E-4;0.9999999999999964;1.0000000000000036;3570;948;0.7340966921119593;;0.7340966921119593;;;2.8011204481792715E-4;2.8011204481792715E-4;0.22857142857142856;2.8011204481792715E-4;0.05854341736694678;1;2.8011204481792715E-4;1;2.8011204481792715E-4;816;0.22857142857142856;1;2.8011204481792715E-4;209;0.05854341736694678;1173064x44808-NC-021880_1424802_aligned_13691_R_94_715_2;0.7340966921119593;;0.7340966921119593;;
248;11;Anaplasma phagocytophilum str. ApWI1;strain;1359155;1;126;1;1;1;1.0;1;1;503;503.0;7.473841554559044E-4;1.0000000000000524;0.9999999999999476;1338;948;0.733615221987315;;0.733615221987315;;;7.473841554559044E-4;7.473841554559044E-4;0.3759342301943199;7.473841554559044E-4;0.09417040358744394;1;7.473841554559044E-4;1;7.473841554559044E-4;503;0.3759342301943199;1;7.473841554559044E-4;126;0.09417040358744394;1173064x44808-NC-021880_563763_aligned_16940_F_0_517_9;0.733615221987315;;0.733615221987315;;
249;11;Anaplasma phagocytophilum str. CRT53-1;strain;1359157;705;48247;10412;350;767;13.57496740547588;45;705;289764;411.0127659574468;0.011412175160585607;8828.830112803962;0.03964285137760375;30669;948;0.7902338904952264;0.17598076956688855;0.7902338904952264;0.17598076956688855;10.534503757557651;0.022987381394893865;0.3394959079200496;9.44810720923408;0.022987381394893865;1.5731520427793537;705;0.022987381394893865;10412;0.3394959079200496;289764;9.44810720923408;705;0.022987381394893865;48247;1.5731520427793537;1359157x118545-NZ-LAOD01000041_7756_aligned_103907_R_6_176_1;0.7902338904952264;0.17598076956688855;0.7902338904952264;0.17598076956688855;
250;11;Anaplasma phagocytophilum str. HGE2;strain;1359159;1;22;6;6;1;6.0;6;1;466;466.0;0.011673151750972763;5.97089271162252;1.004874863740362;514;948;0.9495412844036697;;0.9495412844036697;;;0.0019455252918287938;0.011673151750972763;0.9066147859922179;0.0019455252918287938;0.042801556420233464;1;0.0019455252918287938;6;0.011673151750972763;466;0.9066147859922179;1;0.0019455252918287938;22;0.042801556420233464;1359159x188929-NZ-LAOE01000001_6640_aligned_52405_F_1_481_0;0.9495412844036697;;0.9495412844036697;;
251;11;Anaplasma phagocytophilum str. NCH-1;strain;1359161;3;520;11;11;3;3.6666666666666665;8;3;2826;942.0;0.0029341157642037877;10.985341154512108;1.0013344005690594;3749;948;0.7894509736516054;0.08758845650341054;0.7894509736516054;0.08758845650341054;3.7859388972001824;8.002133902373967E-4;0.0029341157642037877;0.7538010136036276;8.002133902373967E-4;0.13870365430781542;3;8.002133902373967E-4;11;0.0029341157642037877;2826;0.7538010136036276;3;8.002133902373967E-4;520;0.13870365430781542;1359162x189685-NZ-LANS01000001_753328_aligned_37093_F_8_453_0;0.7894509736516054;0.08758845650341054;0.7894509736516054;0.08758845650341054;
252;11;Anaplasma phagocytophilum str. Webster;strain;1359162;2;256;19;19;2;9.5;16;2;1370;685.0;0.03460837887067395;18.69171627933298;1.016493066557397;549;948;0.8051200607155156;0.010872220805151796;0.8051200607155156;0.010872220805151796;9.192388155425117;0.0036429872495446266;0.03460837887067395;2.495446265938069;0.0036429872495446266;0.4663023679417122;2;0.0036429872495446266;19;0.03460837887067395;1370;2.495446265938069;2;0.0036429872495446266;256;0.4663023679417122;1359162x189685-NZ-LANS01000001_1103778_aligned_24899_F_247_487_5;0.8051200607155156;0.010872220805151796;0.8051200607155156;0.010872220805151796;
253;11;Anaplasma phagocytophilum str. MRK;strain;1392505;14;2178;88;88;15;5.866666666666666;24;15;9875;705.3571428571429;7.360321177651389E-4;87.96799027773528;1.0003638792038292;119560;948;0.7487516185741688;0.20466226285650288;0.7487516185741688;0.20466226285650288;6.906173911453294;1.17096018735363E-4;7.360321177651389E-4;0.08259451321512211;1.2546002007360322E-4;0.018216794914687185;14;1.17096018735363E-4;88;7.360321177651389E-4;9875;0.08259451321512211;15;1.2546002007360322E-4;2178;0.018216794914687185;1173064x44808-NC-021880_649735_aligned_2398_R_6_823_0;0.7487516185741688;0.20466226285650288;0.7487516185741688;0.20466226285650288;
254;11;Anaplasma phagocytophilum str. Norway variant1;strain;1392506;19;2484;54;54;20;2.7;15;20;16369;861.5263157894736;2.5220680958385876E-4;53.99331706075606;1.0001237734521184;214110;948;0.8344791684678395;0.1251364852181068;0.8346612846579688;0.1247761529098037;3.686390332589663;8.873943300172808E-5;2.5220680958385876E-4;0.07645135677922563;9.340992947550325E-5;0.011601513240857503;19;8.873943300172808E-5;54;2.5220680958385876E-4;16369;0.07645135677922563;20;9.340992947550325E-5;2484;0.011601513240857503;1184253x25152-NC-021879_1407013_aligned_32312_F_0_391_0;0.8344791684678395;0.1251364852181068;0.8346612846579688;0.1247761529098037;
255;11;Anaplasma phagocytophilum str. Norway variant2;strain;1392507;14;1228;85;85;14;6.071428571428571;21;14;6962;497.2857142857143;6.592417943786065E-4;84.97231778519759;1.0003257792128537;128936;948;0.7733434178342655;0.18410895260281365;0.7733434178342655;0.18410895260281365;7.518840803805267;1.0858100142706458E-4;6.592417943786065E-4;0.053995780852515975;1.0858100142706458E-4;0.009524104982316808;14;1.0858100142706458E-4;85;6.592417943786065E-4;6962;0.053995780852515975;14;1.0858100142706458E-4;1228;0.009524104982316808;1392507x124255-NZ-CP015376_719179_aligned_191280_F_0_62_0;0.7733434178342655;0.18410895260281365;0.7733434178342655;0.18410895260281365;
256;11;Anaplasma phagocytophilum str. CRT35;strain;1392508;6;310;16;16;6;2.6666666666666665;8;6;3719;619.8333333333334;8.008408829270734E-4;15.993995096104882;1.0003754474012925;19979;948;0.9128377488690544;0.03798238304694919;0.9128377488690544;0.03798238304694919;2.7325202042558927;3.0031533109765255E-4;8.008408829270734E-4;0.18614545272536162;3.0031533109765255E-4;0.015516292106712048;6;3.0031533109765255E-4;16;8.008408829270734E-4;3719;0.18614545272536162;6;3.0031533109765255E-4;310;0.015516292106712048;212042x124275-NC-007797_1327222_aligned_37390_F_47_415_355;0.9128377488690544;0.03798238304694919;0.9128377488690544;0.03798238304694919;
257;9;Anaplasma bovis;species;186733;1;219;215;215;12;17.916666666666668;99;2;1190;1190.0;2.0624371676118705E-4;214.97793341643862;1.000102645807459;1042456;768;0.8112068965517242;;0.8112068965517242;;26.414384281479986;9.592731012148234E-7;2.0624371676118705E-4;0.0011415349904456398;1.918546202429647E-6;2.1008080916604634E-4;1;9.592731012148234E-7;215;2.0624371676118705E-4;1190;0.0011415349904456398;2;1.918546202429647E-6;219;2.1008080916604634E-4;186733x58166-NZ-JAWLNY010000040_2422_aligned_25320_R_0_1158_1;0.8112068965517242;;0.8112068965517242;;
258;9;unclassified Anaplasma;no rank;2617684;0;0;0;0;0;;0;0;0;;;0.0;;0;768;;;;;;;;;;;0;0.0;2;1.7888767642797088E-6;0;0.0;1;8.944383821398544E-7;0;0.0;;;;;;
259;10;Candidatus Anaplasma sp. TIGMIC;species;3020713;0;0;2;2;1;2.0;2;1;0;;1.7888767642797088E-6;1.9999991055487154;1.0000004472258424;1118020;2617684;;;;;;0.0;1.7888767642797088E-6;0.0;8.944383821398544E-7;0.0;0;0.0;2;1.7888767642797088E-6;0;0.0;1;8.944383821398544E-7;0;0.0;1184253x25152-NC-021879_12805_aligned_66254_F_1_551_0;;;;;
260;8;Ehrlichia;genus;943;2;17;23;23;3;7.666666666666667;11;3;750;375.0;2.1995845654194703E-5;22.99975804750956;1.0000105197841622;1045652;942;0.939573330423396;0.060841739083978094;0.939573330423396;0.060841739083978094;2.886751345948128;1.9126822307995394E-6;2.1995845654194703E-5;7.172558365498273E-4;2.869023346199309E-6;1.6257798961796086E-5;229;2.0046031952633133E-4;8582;0.006554961561919009;133414;0.10882983882279013;237;2.2603175524129E-4;17447;0.013970309887399945;1242993x110803-NZ-QOHL01000001_12740_aligned_141161_R_14_66_582;0.8489965843110896;0.12952782578602115;0.849069364514874;0.1290808207679322;
261;9;canis group;species group;106178;2;10;65;65;9;7.222222222222222;20;8;145;72.5;2.5713551041398817E-4;64.99177234806741;1.0001265952848388;252785;943;0.8043032786885246;0.2535731284992745;0.8043032786885246;0.2535731284992745;6.704061787039588;7.911861858891943E-6;2.5713551041398817E-4;5.73609984769666E-4;3.1647447435567774E-5;3.955930929445972E-5;227;1.9854763729553178E-4;8559;0.006532965716264814;132664;0.1081125829862403;234;2.2316273189509068E-4;17430;0.013954052088438149;1242993x110803-NZ-QOHL01000001_28409_aligned_209118_R_176_214_5;0.8481985513056949;0.12975480224198188;0.8482719727447551;0.1293050810896833;
262;10;Ehrlichia ruminantium;species;779;3;1534;1532;1532;75;20.426666666666666;132;3;9070;3023.3333333333335;3.1685848463050206E-4;1531.757470521362;1.0001583341248896;4834966;106178;0.8361256584675475;0.04685084647145451;0.8361256584675475;0.04685084647145451;20.354409398997113;6.204800612868839E-7;3.1685848463050206E-4;0.0018759180519573456;6.204800612868839E-7;3.172721380046933E-4;3;6.204800612868839E-7;1532;3.1685848463050206E-4;9070;0.0018759180519573456;3;6.204800612868839E-7;1534;3.172721380046933E-4;779x177385-NZ-BDDM01000346_1162_aligned_11772_F_0_4019_1;0.8361256584675475;0.04685084647145451;0.8361256584675475;0.04685084647145451;
263;10;Ehrlichia canis;species;944;0;0;1;1;1;1.0;1;1;0;;8.795090228830657E-7;0.9999999999431541;1.0000000000568459;1136998;106178;;;;;;0.0;8.795090228830657E-7;0.0;8.795090228830657E-7;0.0;0;0.0;1;8.795090228830657E-7;0;0.0;1;8.795090228830657E-7;0;0.0;1242993x111312-NZ-QOHL01000002_91396_aligned_161601_F_0_86_4;;;;;
264;10;Ehrlichia minasensis;species;1242993;222;15886;6961;1738;387;17.987080103359173;138;222;123449;556.0765765765766;0.0014875972223529885;6940.306944884143;0.2504212009356616;1168327;106178;0.8487571514126714;0.12994875959295088;0.8488322264877464;0.1294892087366025;19.970115976771172;1.9001529537535295E-4;0.005958092212197441;0.10566305494951328;1.9001529537535295E-4;0.013597220641138996;222;1.9001529537535295E-4;6961;0.005958092212197441;123449;0.10566305494951328;222;1.9001529537535295E-4;15886;0.013597220641138996;1242993x135453-NZ-QOHL01000049_1852_aligned_114892_F_0_572_1;0.8487571514126714;0.12994875959295088;0.8488322264877464;0.1294892087366025;
265;4;Spirochaetota;phylum;203691;0;0;0;0;0;;0;0;0;;;0.0;;0;3379134;;;;;;;;;;;6174;0.013220965475395025;305049;0.3786535948949005;2712459;4.807126493761108;11268;0.029684385610100984;309309;0.5764738318737489;;0.8337673508278824;0.17149156681469815;0.834328926905454;0.17122894349006093;
266;5;Spirochaetia;class;203692;1;76;157;151;11;14.272727272727273;35;8;502;502.0;0.1298366294067068;146.92303243160734;1.0277490023239924;1163;203691;0.8389830508474576;;0.8389830508474576;;10.649797266529623;8.598452278589854E-4;0.1349957007738607;0.4316423043852107;0.006878761822871883;0.06534823731728288;6174;0.013220965475395025;305049;0.3786535948949005;2712459;4.807126493761108;11268;0.029684385610100984;309309;0.5764738318737489;139x122022-NZ-PHOL01000001_303438_aligned_26488_F_3_442_44;0.8337673508278824;0.17149156681469815;0.834328926905454;0.17122894349006093;
267;6;Spirochaetales;order;136;0;0;80;66;12;6.666666666666667;16;9;0;;0.04468517264725796;77.89770391387026;0.8472650243064253;1477;203692;;;;;5.565042405022352;0.0;0.05416384563303995;0.0;0.006093432633716994;0.0;6173;0.01236112024753604;304892;0.24365789412103972;2711957;4.375484189375897;11260;0.0228056237872291;309233;0.511125594556466;139x85362-NZ-PHPT01000001_468322_aligned_5913_R_2_868_13;0.8337665059064472;0.1715054461065988;0.8343281729569781;0.17124280411025652;
268;7;Borreliaceae;family;1643685;74;1026;20619;18611;2329;8.853155860884499;79;1575;19644;265.4594594594595;0.03890608896702672;20180.958699084218;0.9222059406347499;478357;136;0.9109672971275886;0.10493328779733793;0.9121590506788927;0.10452039622063486;9.2111490067329;1.5469617879533486E-4;0.043103790683527154;0.041065564003453486;0.003292520021657465;0.0021448416141082913;6173;0.01236112024753604;304812;0.18949404848799978;2711957;4.375484189375897;11251;0.016712191153512104;309233;0.511125594556466;139x85744-NZ-PHPC01000001_258120_aligned_29672_F_114_656_140;0.8337665059064472;0.1715054461065988;0.8343281729569781;0.17124280411025652;
269;8;Borrelia;genus;138;12;420;1788;1742;119;15.025210084033613;100;70;4616;384.6666666666667;3.2748251296018624E-4;1787.6997016374012;0.9744365893245137;5319368;1643685;0.8920508460769102;0.08209308942549844;0.8920508460769102;0.08209308942549844;19.149041744787812;2.255907092722293E-6;3.361301568156217E-4;8.677722616671755E-4;1.3159458040880045E-5;7.895674824528026E-5;43;1.5604320569590283E-4;3177;0.003879239887613955;26431;0.08784738286735459;122;1.9896666675662923E-4;3057;0.01110262413480258;1653839x5947-NZ-CP073224_1307_aligned_75501_F_19_420_1;0.8333984827479333;0.16529444966070145;0.8342325530283442;0.16293444331040188;
270;9;Borrelia parkeri;species;141;0;0;1;1;1;1.0;1;1;0;;1.728716048016817E-6;0.9999999999771454;1.0000000000228546;578464;138;;;;;;0.0;1.728716048016817E-6;0.0;1.728716048016817E-6;0.0;0;0.0;1;1.728716048016817E-6;0;0.0;1;1.728716048016817E-6;0;0.0;139x21603-NZ-PHOM01000001_82946_aligned_103691_F_138_201_140;;;;;
271;9;Borrelia turicatae;species;142;0;0;1;1;1;1.0;1;1;0;;2.2068819406437032E-6;0.9999999999966134;1.0000000000033866;453128;138;;;;;;0.0;2.2068819406437032E-6;0.0;2.2068819406437032E-6;0.0;0;0.0;1;2.2068819406437032E-6;0;0.0;1;2.2068819406437032E-6;0;0.0;139x124274-NZ-CP161147_29222_aligned_54187_F_3_216_6;;;;;
272;9;Borrelia anserina;species;143;0;0;4;4;3;1.3333333333333333;2;3;0;;4.3992881951700216E-6;3.999993400985389;1.0000016497563744;909238;138;;;;;0.5773502691896258;0.0;4.3992881951700216E-6;0.0;3.299466146377516E-6;0.0;0;0.0;4;4.3992881951700216E-6;0;0.0;3;3.299466146377516E-6;0;0.0;139x48119-NZ-PHPR01000001_688357_aligned_67724_F_31_495_309;;;;;
273;9;Borrelia crocidurae;species;29520;0;0;1;1;1;1.0;1;1;0;;4.231747415460266E-6;1.000000000005619;0.9999999999943809;236309;138;;;;;;0.0;4.231747415460266E-6;0.0;4.231747415460266E-6;0.0;2;6.688467278944328E-6;31;8.345463789201398E-5;547;0.0021320587345581574;4;1.5076145207246419E-5;125;4.6267253296935183E-4;139x122022-NZ-PHOL01000001_172074_aligned_83_R_210_671_202;0.5707874337005303;0.3110000449282327;0.5883312933496532;0.28618928067607313;
274;10;Borrelia crocidurae str. Achema;strain;1155096;1;90;2;2;2;1.0;1;2;460;460.0;8.31186102568365E-6;1.999995844072724;1.000002077967956;240620;29520;0.7906976744186046;;0.7906976744186046;;0.0;4.155930512841825E-6;8.31186102568365E-6;0.0019117280359072395;8.31186102568365E-6;3.7403374615576425E-4;1;4.155930512841825E-6;2;8.31186102568365E-6;460;0.0019117280359072395;2;8.31186102568365E-6;90;3.7403374615576425E-4;139x28987-NZ-JAJNFK010000013_2838_aligned_195677_F_138_85_74;0.7906976744186046;;0.7906976744186046;;
275;10;Borrelia crocidurae DOU;strain;1293575;1;35;28;28;1;28.0;28;1;87;87.0;7.091102945087006E-5;27.999042721834897;1.0000341896747904;394861;29520;0.3508771929824561;;0.38596491228070173;;;2.532536766102502E-6;7.091102945087006E-5;2.2033069865091766E-4;2.532536766102502E-6;8.863878681358756E-5;1;2.532536766102502E-6;28;7.091102945087006E-5;87;2.2033069865091766E-4;1;2.532536766102502E-6;35;8.863878681358756E-5;412419x159301-NC-011264_9516_aligned_200341_F_4_86_0;0.3508771929824561;;0.38596491228070173;;
276;9;Borrelia duttonii;species;40834;1;8;5;5;1;5.0;5;1;99;99.0;1.0627218431847649E-4;4.999787460157036;1.0000425097755972;47049;138;0.8840579710144928;;0.8840579710144928;;;2.1254436863695298E-5;1.0627218431847649E-4;0.002104189249505834;2.1254436863695298E-5;1.7003549490956238E-4;9;5.242456341440909E-5;114;5.30965158571952E-4;1842;0.008895380571742603;10;5.6320829233248314E-5;248;0.0011051392914309763;412419x159301-NC-011264_14785_aligned_208916_R_0_82_4;0.7807415993061771;0.20348671913076932;0.7807415993061771;0.20348671913076932;
277;10;Borrelia duttonii Ly;strain;412419;8;240;109;109;9;12.11111111111111;25;9;1743;217.875;4.246929742534755E-4;108.9770697669065;1.0002104133754244;256656;40834;0.7678270528426376;0.21355701886816142;0.7678270528426376;0.21355701886816142;8.535872018201252;3.11701265507138E-5;4.246929742534755E-4;0.006791191322236768;3.506639236955302E-5;9.351037965214139E-4;8;3.11701265507138E-5;109;4.246929742534755E-4;1743;0.006791191322236768;9;3.506639236955302E-5;240;9.351037965214139E-4;412419x159301-NC-011264_2323_aligned_211828_F_209_63_9;0.7678270528426376;0.21355701886816142;0.7678270528426376;0.21355701886816142;
278;9;Borrelia hispanica;species;40835;0;0;0;0;0;;0;0;0;;;0.0;;0;138;;;;;;;;;;;1;1.0678193420524341E-6;242;2.584122807766891E-4;1356;0.0014479630278231008;2;2.1356386841048683E-6;270;2.8831122235415725E-4;;0.7963800904977375;;0.7963800904977375;;
279;10;Borrelia hispanica CRI;strain;1417229;1;270;242;242;11;22.0;100;2;1356;1356.0;2.584122807766891E-4;241.968863981774;1.0001286777881817;936488;40835;0.7963800904977375;;0.7963800904977375;;29.842922108935646;1.0678193420524341E-6;2.584122807766891E-4;0.0014479630278231008;2.1356386841048683E-6;2.8831122235415725E-4;1;1.0678193420524341E-6;242;2.584122807766891E-4;1356;0.0014479630278231008;2;2.1356386841048683E-6;270;2.8831122235415725E-4;1417229x55424-NZ-AYOU01000135_1337_aligned_13706_R_3_1341_11;0.7963800904977375;;0.7963800904977375;;
280;9;Borrelia miyamotoi;species;47466;2;458;456;456;35;13.028571428571428;47;7;5591;2795.5;1.488758404873725E-4;455.9661324445507;1.0000742764715171;3062955;138;0.9322815350215272;0.02597601397203555;0.9326701864012397;0.025426377919813888;11.880497400672876;6.529642126639144E-7;1.488758404873725E-4;0.0018253614565019727;2.2853747443237005E-6;1.495288047000364E-4;2;6.529642126639144E-7;456;1.488758404873725E-4;5591;0.0018253614565019727;7;2.2853747443237005E-6;458;1.495288047000364E-4;47466x103881-NZ-CP044634_1855_aligned_42708_F_6_4403_586;0.9322815350215272;0.02597601397203555;0.9326701864012397;0.025426377919813888;
281;9;Borrelia venezuelensis;species;1653839;14;1094;397;370;25;15.88;65;14;8659;618.5;0.002161795809621744;396.5410825110645;0.9330685175341853;171154;138;0.8383902506951977;0.1766499356847804;0.8383902506951977;0.1766499356847804;14.154857823376398;8.179767928298491E-5;0.002319548476810358;0.05059186463652617;8.179767928298491E-5;0.006391904366827536;14;8.179767928298491E-5;397;0.002319548476810358;8659;0.05059186463652617;14;8.179767928298491E-5;1094;0.006391904366827536;1653839x5947-NZ-CP073224_3648_aligned_91434_F_1_437_3;0.8383902506951977;0.1766499356847804;0.8383902506951977;0.1766499356847804;
282;9;unclassified Borrelia;no rank;2649934;1;77;1;1;1;1.0;1;1;361;361.0;1.1894184576335092E-6;0.9999999999839709;1.0000000000160292;840747;138;0.7673716012084593;;0.7673716012084593;;;1.1894184576335092E-6;1.1894184576335092E-6;4.2938006320569685E-4;1.1894184576335092E-6;9.158522123778021E-5;2;2.083123822636186E-6;132;1.2427372188292295E-4;1550;0.0014919957421938794;8;1.0449806317621637E-5;172;1.7648723091303448E-4;139x64442-NZ-CP077727_445124_aligned_9697_F_0_344_5;0.8427021940468526;0.10653354605365997;0.8427021940468526;0.10653354605365997;
283;10;Borrelia sp. HM;species;1882662;0;0;4;4;3;1.3333333333333333;2;2;0;;4.987699087126374E-6;3.9999925184584204;1.0000018703888933;801973;2649934;;;;;0.5773502691896258;0.0;4.987699087126374E-6;0.0;2.493849543563187E-6;0.0;0;0.0;4;4.987699087126374E-6;0;0.0;2;2.493849543563187E-6;0;0.0;139x45972-NZ-CP031412_494980_aligned_203_R_223_563_218;;;;;
284;10;Borrelia sp. A-FGy1;species;2608247;1;95;125;125;9;13.88888888888889;28;4;1189;1189.0;1.1171317062533459E-4;124.99307404322182;1.0000554107244037;1118937;2649934;0.9180327868852459;;0.9180327868852459;;9.930312739844155;8.937053650026766E-7;1.1171317062533459E-4;0.0010626156789881826;3.5748214600107065E-6;8.490200967525429E-5;1;8.937053650026766E-7;125;1.1171317062533459E-4;1189;0.0010626156789881826;4;3.5748214600107065E-6;95;8.490200967525429E-5;139x45972-NZ-CP031412_435782_aligned_12290_F_0_1823_0;0.9180327868852459;;0.9180327868852459;;
285;10;Borrelia sp. RT5S;species;2898581;0;0;2;2;1;2.0;2;1;0;;6.383433712828468E-6;1.9999968082473343;1.0000015958788797;313311;2649934;;;;;;0.0;6.383433712828468E-6;0.0;3.191716856414234E-6;0.0;0;0.0;2;6.383433712828468E-6;0;0.0;1;3.191716856414234E-6;0;0.0;139x151645-NZ-PHPQ01000001_749795_aligned_66160_R_18_512_3;;;;;
286;9;Borrelia puertoricensis;species;2756107;0;0;4;4;1;4.0;4;1;0;;5.735959446766712E-6;3.999991396241712;1.0000021509441985;697355;138;;;;;;0.0;5.735959446766712E-6;0.0;1.433989861691678E-6;0.0;0;0.0;4;5.735959446766712E-6;0;0.0;1;1.433989861691678E-6;0;0.0;47466x103881-NZ-CP044634_1855_aligned_42708_F_6_4403_586;;;;;
287;9;Borrelia nietonii;species;3117462;0;0;0;0;0;;0;0;0;;;0.0;;0;138;;;;;;;;;;;1;9.072681249489662E-6;7;6.350876874642763E-5;2270;0.02059498643634153;1;9.072681249489662E-6;270;0.002449623937362209;;0.8794642857142857;;0.8794642857142857;;
288;10;Borrelia nietonii YOR;strain;1293576;1;270;7;7;1;7.0;7;1;2270;2270.0;6.350876874642763E-5;6.999809476584066;1.0000272183716672;110221;3117462;0.8794642857142857;;0.8794642857142857;;;9.072681249489662E-6;6.350876874642763E-5;0.02059498643634153;9.072681249489662E-6;0.002449623937362209;1;9.072681249489662E-6;7;6.350876874642763E-5;2270;0.02059498643634153;1;9.072681249489662E-6;270;0.002449623937362209;1293576x24592-NZ-CP004201_146_aligned_5549_R_92_2119_38;0.8794642857142857;;0.8794642857142857;;
289;8;Borreliella;genus;64895;2214;61125;191220;169995;12173;15.708535283003368;246;5235;836200;377.6874435411021;0.026438252112633998;188404.62359870752;0.9022867738218617;6429888;1643685;0.8659071561213635;0.15460526274407851;0.8660461834162999;0.15462159311471885;17.78027492485864;3.4432948132222523E-4;0.029739242736420913;0.1300489215364249;8.141665920152886E-4;0.009506386425393414;6056;0.012050380863044802;281016;0.14251101791685872;2665882;4.246571242505088;9554;0.013220704465098012;305150;0.4978781288075553;476212x61046-NC-012250_13327_aligned_199148_F_31_432_211;0.8328257804185759;0.1720072381763673;0.8333778140906487;0.17175545129753875;
290;9;Borreliella burgdorferi;species;139;3381;213786;78067;70265;6029;12.948581854370543;157;3466;1568433;463.89618456078085;0.04002996621679362;76356.46804312397;0.9202232869167851;1755310;64895;0.8100559846925988;0.18011177898134387;0.8107674418231495;0.17983484716157785;13.153943174234783;0.0019261554939013622;0.04447476514120013;0.8935361844916283;0.001974579988719941;0.12179387116805579;3427;0.010867982362313693;78524;0.0997139420550006;1590508;3.742280787662768;3513;0.01093691126558009;216804;0.45216232096773373;139x125003-NZ-PHOS01000002_30997_aligned_137473_F_36_219_0;0.8103363535092549;0.17965226999114414;0.8110408438527538;0.17937805759915604;
291;10;Borreliella burgdorferi 156a;strain;445983;5;113;14;13;5;2.8;6;5;1089;217.8;0.00634765625;13.955653074194743;0.9315221531293415;2048;139;0.8631853324553165;0.08265754894810118;0.8631853324553165;0.08265754894810118;1.9235384061671343;0.00244140625;0.0068359375;0.53173828125;0.00244140625;0.05517578125;5;0.00244140625;14;0.0068359375;1089;0.53173828125;5;0.00244140625;113;0.05517578125;445983x53130-NC-011864_11395_aligned_139001_R_119_147_42;0.8631853324553165;0.08265754894810118;0.8631853324553165;0.08265754894810118;
292;10;Borreliella burgdorferi 118a;strain;476210;2;76;13;13;2;6.5;10;2;475;237.5;0.0015721368968436328;12.990571360082031;1.0007258064065558;8269;139;0.8357114012653116;0.04787652590346635;0.8357114012653116;0.04787652590346635;4.949747468305833;2.4186721489902045E-4;0.0015721368968436328;0.057443463538517356;2.4186721489902045E-4;0.009190954166162777;2;2.4186721489902045E-4;13;0.0015721368968436328;475;0.057443463538517356;2;2.4186721489902045E-4;76;0.009190954166162777;139x96810-NZ-CP179304_43752_aligned_140998_R_6_113_0;0.8357114012653116;0.04787652590346635;0.8357114012653116;0.04787652590346635;
293;10;Borreliella burgdorferi 72a;strain;476211;2;25;16;16;2;8.0;13;2;276;138.0;0.01982651796778191;15.852157548688448;1.0093263299243316;807;139;0.8602649006622517;0.08522743985162406;0.8602649006622517;0.08522743985162406;7.0710678118654755;0.0024783147459727386;0.01982651796778191;0.3420074349442379;0.0024783147459727386;0.030978934324659233;2;0.0024783147459727386;16;0.01982651796778191;276;0.3420074349442379;2;0.0024783147459727386;25;0.030978934324659233;476211x7219-NC-011972_3633_aligned_161240_R_1_94_0;0.8602649006622517;0.08522743985162406;0.8602649006622517;0.08522743985162406;
294;10;Borreliella burgdorferi 94a;strain;476212;3;109;27;27;3;9.0;16;3;843;281.0;0.008656620711766592;26.8877640266761;1.0041742397475875;3119;139;0.6949745949832747;0.281481861716178;0.6949745949832747;0.281481861716178;6.244997998398398;9.618467457518436E-4;0.008656620711766592;0.27027893555626803;9.618467457518436E-4;0.03494709842898365;3;9.618467457518436E-4;27;0.008656620711766592;843;0.27027893555626803;3;9.618467457518436E-4;109;0.03494709842898365;476212x49698-NC-012259_11383_aligned_143527_R_7_234_241;0.6949745949832747;0.281481861716178;0.6949745949832747;0.281481861716178;
295;10;Borreliella burgdorferi WI91-23;strain;498737;1;444;6;6;1;6.0;6;1;2098;2098.0;0.001059322033898305;5.997352318256933;1.0004414751047737;5664;139;0.7838491295938105;;0.7852998065764023;;;1.7655367231638418E-4;0.001059322033898305;0.370409604519774;1.7655367231638418E-4;0.07838983050847458;1;1.7655367231638418E-4;6;0.001059322033898305;2098;0.370409604519774;1;1.7655367231638418E-4;444;0.07838983050847458;139x45972-NZ-CP031412_408733_aligned_59963_F_74_1980_69;0.7838491295938105;;0.7852998065764023;;
296;10;Borreliella burgdorferi 29805;strain;498738;2;94;3;3;2;1.5;2;2;718;359.0;0.0011956954962136308;2.9988044633583257;1.00039867108919;2509;139;0.8421354764638347;0.11446849155832839;0.8421354764638347;0.11446849155832839;0.7071067811865476;7.971303308090873E-4;0.0011956954962136308;0.28616978876046234;7.971303308090873E-4;0.037465125548027105;2;7.971303308090873E-4;3;0.0011956954962136308;718;0.28616978876046234;2;7.971303308090873E-4;94;0.037465125548027105;139x52956-NZ-PHOO01000001_167428_aligned_21503_F_151_208_59;0.8421354764638347;0.11446849155832839;0.8421354764638347;0.11446849155832839;
297;10;Borreliella burgdorferi JD1;strain;521008;19;1207;276;225;27;10.222222222222221;31;19;8742;460.10526315789474;0.00855773619351894;274.5615962824787;0.8194882425163059;26292;139;0.8073317044912693;0.1676717998495594;0.8075514605620308;0.16772157188667292;10.278182020232256;7.226532785638217E-4;0.010497489730716568;0.3324965769055226;7.226532785638217E-4;0.04590750038034383;19;7.226532785638217E-4;276;0.010497489730716568;8742;0.3324965769055226;19;7.226532785638217E-4;1207;0.04590750038034383;521008x112318-NC-017404_15799_aligned_70416_F_40_483_13;0.8073317044912693;0.1676717998495594;0.8075514605620308;0.16772157188667292;
298;10;Borreliella burgdorferi 297;strain;521009;2;43;8;8;2;4.0;5;2;1136;568.0;0.0036680421824850985;7.987173618333623;1.0016058723998356;2181;139;0.955350056799614;0.019812106246816757;0.955350056799614;0.019812106246816757;1.4142135623730951;9.170105456212746E-4;0.0036680421824850985;0.520861989912884;9.170105456212746E-4;0.019715726730857405;2;9.170105456212746E-4;8;0.0036680421824850985;1136;0.520861989912884;2;9.170105456212746E-4;43;0.019715726730857405;139x153661-NZ-CP161155_9568_aligned_37306_F_44_332_17;0.955350056799614;0.019812106246816757;0.955350056799614;0.019812106246816757;
299;10;Borreliella burgdorferi CA8;strain;747491;10;907;94;94;11;8.545454545454545;30;11;6698;669.8;0.0019274143940947303;93.9104315605796;1.0009537645385287;48770;139;0.8712473598003102;0.08724500745660883;0.8715699404454714;0.08748141843809068;10.745823713086274;2.050440844781628E-4;0.0019274143940947303;0.13733852778347344;2.255484929259791E-4;0.018597498462169366;10;2.050440844781628E-4;94;0.0019274143940947303;6698;0.13733852778347344;11;2.255484929259791E-4;907;0.018597498462169366;139x134991-NZ-CM135758_46049_aligned_51537_R_11_451_11;0.8712473598003102;0.08724500745660883;0.8715699404454714;0.08748141843809068;
300;9;Borreliella afzelii;species;29518;12;1114;356;356;46;7.739130434782608;31;25;9553;796.0833333333334;3.7860660009146114E-4;355.9328057461175;1.0001887835366612;940290;64895;0.8473947855411801;0.14264638415952158;0.8501450680693029;0.14478047248401624;7.93987064716547;1.2762020227802061E-5;3.7860660009146114E-4;0.01015963160301609;2.6587542141254295E-5;0.0011847408778142914;14;1.662660412987168E-4;364;0.0012234345064026108;9729;0.02459123274536655;28;2.9531221075220816E-4;1133;0.003296995907065872;29518x3601-NZ-CAXOVK010000001_29547_aligned_4793_R_5_2006_2;0.8492753884940372;0.13918234785092282;0.8516327735181424;0.14100425773273678;
301;10;Borreliella afzelii K78;strain;411555;1;1;1;1;1;1.0;1;1;76;76.0;3.828337353087554E-5;0.9999999999992077;1.0000000000007923;26121;29518;0.9782608695652174;;0.9782608695652174;;;3.828337353087554E-5;3.828337353087554E-5;0.002909536388346541;3.828337353087554E-5;3.828337353087554E-5;1;3.828337353087554E-5;1;3.828337353087554E-5;76;0.002909536388346541;1;3.828337353087554E-5;1;3.828337353087554E-5;139x132385-NZ-CP147280_11671_aligned_132718_F_8_60_8;0.9782608695652174;;0.9782608695652174;;
302;10;Borreliella afzelii ACA-1;strain;445986;1;18;7;7;2;3.5;6;2;100;100.0;8.065445327802742E-4;6.9975808309978165;1.0003457150493307;8679;29518;0.7428571428571429;;0.7428571428571429;;3.5355339059327378;1.1522064754003918E-4;8.065445327802742E-4;0.011522064754003917;2.3044129508007836E-4;0.002073971655720705;1;1.1522064754003918E-4;7;8.065445327802742E-4;100;0.011522064754003917;2;2.3044129508007836E-4;18;0.002073971655720705;664662x184748-NZ-JACGTR010000010_6582_aligned_41662_F_49_9926_1;0.7428571428571429;;0.7428571428571429;;
303;9;Borreliella garinii;species;29519;64;4079;1545;1471;145;10.655172413793103;100;84;36028;562.9375;6.747468094016862E-4;1544.4530199918183;0.9524407547260924;2180077;64895;0.8372933454427309;0.15660524110775262;0.8393037643221294;0.15649788994867936;13.665334950536149;2.9356761252010825E-5;7.086905645993238E-4;0.016526021787303842;3.8530749143264206E-5;0.0018710348304211274;66;2.0647042211465342E-4;1549;9.104879650485137E-4;37011;0.10380603098320683;86;2.156444100059068E-4;4142;0.005849600974195369;29519x241198-NZ-JAEIPA010000008_4118_aligned_207987_R_13_327_1;0.8401532331669457;0.15508892061306925;0.8421027302621199;0.1549477133977266;
304;10;Borreliella garinii Far04;strain;519049;1;21;1;1;1;1.0;1;1;493;493.0;1.6477179106936892E-4;0.9999999999997586;1.0000000000002414;6069;29519;0.9546436285097192;;0.9546436285097192;;;1.6477179106936892E-4;1.6477179106936892E-4;0.08123249299719888;1.6477179106936892E-4;0.0034602076124567475;1;1.6477179106936892E-4;1;1.6477179106936892E-4;493;0.08123249299719888;1;1.6477179106936892E-4;21;0.0034602076124567475;139x134991-NZ-CM135758_881088_aligned_78386_R_26_409_29;0.9546436285097192;;0.9546436285097192;;
305;10;Borreliella garinii BgVir;strain;1081646;1;42;3;3;1;3.0;3;1;490;490.0;3.7025609379821044E-5;2.999962974541781;1.0000123419717286;81025;29519;0.908695652173913;;0.908695652173913;;;1.2341869793273682E-5;3.7025609379821044E-5;0.006047516198704104;1.2341869793273682E-5;5.183585313174946E-4;1;1.2341869793273682E-5;3;3.7025609379821044E-5;490;0.006047516198704104;1;1.2341869793273682E-5;42;5.183585313174946E-4;139x64442-NZ-CP077727_310654_aligned_33499_R_112_351_3;0.908695652173913;;0.908695652173913;;
306;9;Borreliella japonica;species;34095;11;548;109;109;39;2.7948717948717947;12;38;4518;410.72727272727275;1.170193350295769E-4;108.99368120349615;1.0000579739709134;931470;64895;0.7854256173828951;0.19463791433009614;0.7860292634048677;0.195067152841954;2.5358429220352288;1.180929069105822E-5;1.170193350295769E-4;0.004850397758381912;4.079573147820112E-5;5.883173907909004E-4;11;1.180929069105822E-5;109;1.170193350295769E-4;4518;0.004850397758381912;38;4.079573147820112E-5;548;5.883173907909004E-4;139x162499-NZ-PHQJ01000001_161107_aligned_64862_R_0_784_12;0.7854256173828951;0.19463791433009614;0.7860292634048677;0.195067152841954;
307;9;Borreliella andersonii;species;42109;87;7675;6228;5694;320;19.4625;227;123;55890;642.4137931034483;0.005840617008771183;6208.152093027908;0.9171811377486501;974897;64895;0.8556421852940737;0.11011034100007186;0.8562142577812838;0.10994135999928276;26.201626573739993;8.924019665667245E-5;0.006388367181353517;0.057329133231510614;1.261671745835714E-4;0.007872626544137484;87;8.924019665667245E-5;6228;0.006388367181353517;55890;0.057329133231510614;123;1.261671745835714E-4;7675;0.007872626544137484;42109x2856-NZ-CP179270_30349_aligned_61744_F_299_900_1;0.8556421852940737;0.11011034100007186;0.8562142577812838;0.10994135999928276;
308;9;Borreliella tanukii;species;56146;6;363;85;84;16;5.3125;17;16;3138;523.0;1.0107147798988083E-4;84.995704602769;0.9882852362078477;831095;64895;0.8867214733515976;0.08417409499406213;0.8872280589645661;0.08446667922140946;5.147410352141486;7.219391284991487E-6;1.0227470987071274E-4;0.0037757416420505477;1.925171009331063E-5;4.36773172741985E-4;6;7.219391284991487E-6;85;1.0227470987071274E-4;3138;0.0037757416420505477;16;1.925171009331063E-5;363;4.36773172741985E-4;139x85744-NZ-PHPC01000001_33908_aligned_45456_R_65_660_287;0.8867214733515976;0.08417409499406213;0.8872280589645661;0.08446667922140946;
309;9;Borreliella turdi;species;57863;13;740;125;125;33;3.787878787878788;27;33;6432;494.7692307692308;8.921943698966482E-5;124.99446855890027;1.0000442534870824;1401040;64895;0.8884923047363114;0.08372972349867704;0.8903567222861668;0.08062330741165433;5.301872167909038;9.278821446925141E-6;8.921943698966482E-5;0.004590875349740193;2.3553931365271513E-5;5.281790669788158E-4;13;9.278821446925141E-6;125;8.921943698966482E-5;6432;0.004590875349740193;33;2.3553931365271513E-5;740;5.281790669788158E-4;139x137415-NZ-PHON01000001_80118_aligned_73514_F_32_213_3;0.8884923047363114;0.08372972349867704;0.8903567222861668;0.08062330741165433;
310;9;Borreliella valaisiana;species;62088;24;2015;262;262;49;5.346938775510204;29;44;17629;734.5416666666666;2.282341298878691E-4;261.97021768835464;1.0001136858682187;1147944;64895;0.8060090900718446;0.2251599338464894;0.8071411871560853;0.22394948791849917;6.549653363627229;2.0906943195835338E-5;2.282341298878691E-4;0.015357020899974214;3.832939585903145E-5;0.0017553121058170086;24;2.0906943195835338E-5;262;2.282341298878691E-4;17629;0.015357020899974214;44;3.832939585903145E-5;2015;0.0017553121058170086;62088x61340-NZ-CP116883_5014_aligned_3_R_472_9884_98;0.8060090900718446;0.2251599338464894;0.8071411871560853;0.22394948791849917;
311;9;Borreliella bissettiae;species;64897;22;880;157;157;41;3.8292682926829267;29;39;11479;521.7727272727273;3.424597773357066E-4;156.97329114667366;1.0001701490306487;458448;64895;0.8783786764809178;0.14870676524658394;0.879018083653076;0.14878685850163179;5.009503164109143;4.798799427634105E-5;3.424597773357066E-4;0.025038826649914494;8.506962621715004E-5;0.001919519771053642;24;8.15112929689324E-5;192;9.291175044560552E-4;12009;0.0339225008034512;42;1.3535457425603706E-4;971;0.003444829861566548;139x123762-NZ-PHPE01000001_568055_aligned_4103_R_227_440_17;0.8726861223750816;0.1489471871252326;0.8734423136434376;0.14880791262943047;
312;10;Borreliella bissettiae DN127;strain;521010;2;91;35;35;3;11.666666666666666;27;3;530;265.0;5.866577271203486E-4;34.99002865718682;1.0002849766975292;59660;64897;0.8100680272108843;0.19317964852008018;0.812108843537415;0.19029349839278814;13.613718571108091;3.352329869259135E-5;5.866577271203486E-4;0.008883674153536709;5.028494803888703E-5;0.0015253100905129064;2;3.352329869259135E-5;35;5.866577271203486E-4;530;0.008883674153536709;3;5.028494803888703E-5;91;0.0015253100905129064;476212x49698-NC-012259_265_aligned_94205_F_3_225_48;0.8100680272108843;0.19317964852008018;0.812108843537415;0.19029349839278814;
313;9;Borreliella sinica;species;87162;11;403;72;72;21;3.4285714285714284;12;21;4677;425.1818181818182;9.272734297525983E-5;71.99670827572336;1.000045720482998;776470;64895;0.8858774933411943;0.09574622701238492;0.886730756463162;0.09578708030635918;3.3551665915633544;1.4166677398998029E-5;9.272734297525983E-5;0.006023413654101253;2.7045475034450784E-5;5.190155447087459E-4;11;1.4166677398998029E-5;72;9.272734297525983E-5;4677;0.006023413654101253;21;2.7045475034450784E-5;403;5.190155447087459E-4;139x45972-NZ-CP031412_803259_aligned_51529_F_1_558_0;0.8858774933411943;0.09574622701238492;0.886730756463162;0.09578708030635918;
314;9;Borreliella spielmanii;species;88916;8;221;88;88;30;2.933333333333333;17;28;3442;430.25;1.1176959206639113E-4;87.99513819946405;1.0000552507858438;787334;64895;0.8624366628708519;0.13281143744255414;0.8625695002778656;0.1328732351800318;3.039207398187133;1.0160872006035558E-5;1.1176959206639113E-4;0.004371715180596799;3.556305202112445E-5;2.8069408916673227E-4;8;1.0160872006035558E-5;88;1.1176959206639113E-4;3442;0.004371715180596799;28;3.556305202112445E-5;221;2.8069408916673227E-4;139x68186-NZ-CP161107_658296_aligned_62567_F_21_687_272;0.8624366628708519;0.13281143744255414;0.8625695002778656;0.1328732351800318;
315;9;Borreliella lusitaniae;species;100177;18;1679;168;168;33;5.090909090909091;18;31;11898;661.0;1.4154269744995666E-4;167.98818173663895;1.0000703517547418;1186921;64895;0.8089458658797433;0.2030879027632779;0.813075592993163;0.20420580963132318;4.745811550486099;1.5165289012495356E-5;1.4154269744995666E-4;0.01002425603725943;2.6117997743742E-5;0.0014145844584433167;18;1.5165289012495356E-5;168;1.4154269744995666E-4;11898;0.01002425603725943;31;2.6117997743742E-5;1679;0.0014145844584433167;139x232204-NZ-PHOF01000001_561700_aligned_69696_R_2_537_0;0.8089458658797433;0.2030879027632779;0.813075592993163;0.20420580963132318;
316;9;Borreliella lanei;species;373540;9;595;160;160;32;5.0;31;30;5625;625.0;3.7064492216456633E-4;159.97053732459887;1.0001841756356757;431680;64895;0.8646007385831971;0.08001797100773368;0.8654849118811635;0.07839838608971489;7.273460373608398;2.0848776871756857E-5;3.7064492216456633E-4;0.013030485544848036;6.949592290585619E-5;0.001378335804299481;9;2.0848776871756857E-5;160;3.7064492216456633E-4;5625;0.013030485544848036;30;6.949592290585619E-5;595;0.001378335804299481;139x150298-NZ-PHQO01000001_171585_aligned_45918_F_0_398_0;0.8646007385831971;0.08001797100773368;0.8654849118811635;0.07839838608971489;
317;9;Borreliella californiensis;species;373543;13;683;230;226;41;5.609756097560975;29;32;8837;679.7692307692307;4.020172013554739E-4;229.9531606524876;0.9828088440216669;562165;64895;0.8979406888809083;0.09266842863705402;0.899551861696929;0.09206139550705394;6.487981383991818;2.3124883263810447E-5;4.09132550052031E-4;0.015719584107868688;5.6922789572456484E-5;0.0012149457899371181;13;2.3124883263810447E-5;230;4.09132550052031E-4;8837;0.015719584107868688;32;5.6922789572456484E-5;683;0.0012149457899371181;373543x121939-NZ-CP179443_11281_aligned_12602_R_93_1245_701;0.8979406888809083;0.09266842863705402;0.899551861696929;0.09206139550705394;
318;9;Borreliella carolinensis;species;478174;15;824;153;153;35;4.371428571428571;22;34;7192;479.46666666666664;2.50294054616453E-4;152.98097921919512;1.0001243342858828;611281;64895;0.8582818472764784;0.11324697175237487;0.860243686796396;0.11295678166049575;5.000504176261302;2.4538632805534608E-5;2.50294054616453E-4;0.011765456475826993;5.562090102587844E-5;0.001347988895450701;15;2.4538632805534608E-5;153;2.50294054616453E-4;7192;0.011765456475826993;34;5.562090102587844E-5;824;0.001347988895450701;478174x153295-NZ-CP179469_24019_aligned_189902_R_222_174_9;0.8582818472764784;0.11324697175237487;0.860243686796396;0.11295678166049575;
319;9;Borreliella americana;species;478807;14;484;176;176;54;3.259259259259259;14;52;9290;663.5714285714286;1.7256864506159524E-4;175.9849011069297;1.0000857965255845;1019884;64895;0.890924903108874;0.11980905072580741;0.890924903108874;0.11980905072580741;3.1989690862112576;1.3727051311717803E-5;1.7256864506159524E-4;0.009108879048989885;5.0986190586380414E-5;4.745637739193869E-4;14;1.3727051311717803E-5;176;1.7256864506159524E-4;9290;0.009108879048989885;52;5.0986190586380414E-5;484;4.745637739193869E-4;139x45972-NZ-CP031412_266794_aligned_7032_R_206_591_120;0.890924903108874;0.11980905072580741;0.890924903108874;0.11980905072580741;
320;9;Borreliella finlandensis;species;498741;22;1059;249;249;44;5.659090909090909;30;43;11803;536.5;4.968324437571707E-4;248.93840289302955;1.0002474391506277;501175;64895;0.8282992621754034;0.2533321698861849;0.8311505645912203;0.25289663730645023;7.451995773938627;4.389684242031227E-5;4.968324437571707E-4;0.02355065595849753;8.579837382151943E-5;0.002113034369232304;22;4.389684242031227E-5;249;4.968324437571707E-4;11803;0.02355065595849753;43;8.579837382151943E-5;1059;0.002113034369232304;498741x22700-NZ-ABJZ02000005_343324_aligned_171174_R_1_166_1;0.8282992621754034;0.2533321698861849;0.8311505645912203;0.25289663730645023;
321;9;Borreliella bavariensis;species;664662;23;2291;759;759;79;9.60759493670886;49;42;17284;751.4782608695652;5.039482586562575E-4;758.8090355704193;1.0002516633574838;1506107;64895;0.7859082545643856;0.25101455799078704;0.786921247934705;0.25123930653343085;10.227436355114744;1.5271159353219923E-5;5.039482586562575E-4;0.011475944272219703;2.788646490587986E-5;0.0015211402642707325;23;1.5271159353219923E-5;759;5.039482586562575E-4;17284;0.011475944272219703;42;2.788646490587986E-5;2291;0.0015211402642707325;664662x184748-NZ-JACGTR010000010_6582_aligned_41662_F_49_9926_1;0.7859082545643856;0.25101455799078704;0.786921247934705;0.25123930653343085;
322;9;Borreliella yangtzensis;species;683292;10;543;89;89;27;3.2962962962962963;12;27;4129;412.9;7.393948759104318E-5;88.9967467365391;1.0000365548582415;1203687;64895;0.7337535065561096;0.28290113749862156;0.7342659126499111;0.28305275244336614;2.7289729656582247;8.307807594499235E-6;7.393948759104318E-5;0.003430293755768734;2.2431080505147934E-5;4.511139523813084E-4;10;8.307807594499235E-6;89;7.393948759104318E-5;4129;0.003430293755768734;27;2.2431080505147934E-5;543;4.511139523813084E-4;139x107172-NZ-PHPO01000001_834547_aligned_75512_R_0_220_0;0.7337535065561096;0.28290113749862156;0.7342659126499111;0.28305275244336614;
323;9;Borreliella kurtenbachii;species;1196056;10;190;76;76;23;3.3043478260869565;10;22;2432;243.2;1.9121469132665257E-4;75.99282989244222;1.0000943524220367;397459;64895;0.8073611799220043;0.2544080328216501;0.8147685873294115;0.2332828769708459;2.7868976333859723;2.5159827806138494E-5;1.9121469132665257E-4;0.006118870122452882;5.535162117350469E-5;4.780367283166314E-4;10;2.5159827806138494E-5;76;1.9121469132665257E-4;2432;0.006118870122452882;22;5.535162117350469E-5;190;4.780367283166314E-4;139x214374-NZ-PHPS01000013_551_aligned_210171_R_0_57_0;0.8073611799220043;0.2544080328216501;0.8147685873294115;0.2332828769708459;
324;9;Borreliella mayonii;species;1674146;16;656;133;133;32;4.15625;27;32;5914;369.625;2.511182313724083E-4;132.98342755925285;1.0001246203459433;529631;64895;0.8236188872954312;0.17799946139176437;0.824994192918903;0.17693553143949367;5.358799666993322;3.0209712044801E-5;2.511182313724083E-4;0.011166264814559571;6.0419424089602E-5;0.0012385981938368412;16;3.0209712044801E-5;133;2.511182313724083E-4;5914;0.011166264814559571;32;6.0419424089602E-5;656;0.0012385981938368412;139x232533-NZ-PHPN01000011_6652_aligned_74360_F_0_293_2;0.8236188872954312;0.17799946139176437;0.824994192918903;0.17693553143949367;
325;9;Candidatus Borreliella tachyglossi;species;1964448;1;6;5;5;2;2.5;3;2;295;295.0;3.945439308885287E-6;4.999992109484142;1.000001578105662;1267286;64895;0.9773584905660377;;0.9773584905660377;;0.7071067811865476;7.890878617770574E-7;3.945439308885287E-6;2.3278091922423195E-4;1.5781757235541149E-6;4.7345271706623444E-6;1;7.890878617770574E-7;5;3.945439308885287E-6;295;2.3278091922423195E-4;2;1.5781757235541149E-6;6;4.7345271706623444E-6;29518x3601-NZ-CAXOVK010000001_29547_aligned_4793_R_5_2006_2;0.9773584905660377;;0.9773584905660377;;
326;4;PVC group;clade;1783257;0;0;0;0;0;;0;0;0;;0.0;0.0;;321;3379134;;;;;;0.0;0.0;0.0;0.0;0.0;222;1.7591917655934816E-4;9312;0.007502331351160479;133272;0.11044154129108719;226;1.7687394055720279E-4;18187;0.015082850316406798;;0.8333970461178987;0.16159335627563215;0.8333970461178987;0.16159335627563215;
327;5;Chlamydiota;phylum;204428;0;0;0;0;0;;0;0;0;;;0.0;;0;1783257;;;;;;;;;;;222;1.7591917655934816E-4;9312;0.007502331351160479;133272;0.11044154129108719;226;1.7687394055720279E-4;18187;0.015082850316406798;;0.8333970461178987;0.16159335627563215;0.8333970461178987;0.16159335627563215;
328;6;Chlamydiia;class;204429;0;0;0;0;0;;0;0;0;;0.0;0.0;;1701;204428;;;;;;0.0;0.0;0.0;0.0;0.0;222;1.7591917655934816E-4;9312;0.007502331351160479;133272;0.11044154129108719;226;1.7687394055720279E-4;18187;0.015082850316406798;;0.8333970461178987;0.16159335627563215;0.8333970461178987;0.16159335627563215;
329;7;Chlamydiales;order;51291;0;0;0;0;0;;0;0;0;;0.0;0.0;;1052;204429;;;;;;0.0;0.0;0.0;0.0;0.0;222;1.7591917655934816E-4;9312;0.007502331351160479;133272;0.11044154129108719;226;1.7687394055720279E-4;18187;0.015082850316406798;;0.8333970461178987;0.16159335627563215;0.8333970461178987;0.16159335627563215;
330;8;Chlamydiaceae;family;809;0;0;0;0;0;;0;0;0;;0.0;0.0;;3216;51291;;;;;;0.0;0.0;0.0;0.0;0.0;222;1.7591917655934816E-4;9312;0.007502331351160479;133272;0.11044154129108719;226;1.7687394055720279E-4;18187;0.015082850316406798;;0.8333970461178987;0.16159335627563215;0.8333970461178987;0.16159335627563215;
331;9;Chlamydia/Chlamydophila group;no rank;1113537;0;0;0;0;0;;0;0;0;;;0.0;;0;809;;;;;;;;;;;222;1.7591917655934816E-4;9312;0.007502331351160479;133272;0.11044154129108719;226;1.7687394055720279E-4;18187;0.015082850316406798;;0.8333970461178987;0.16159335627563215;0.8333970461178987;0.16159335627563215;
332;10;Chlamydia;genus;810;4;65;122;122;10;12.2;30;8;1282;320.5;2.9120301934566683E-5;121.99823821108701;1.0000144411012717;4189517;1113537;0.8807081117818448;0.12609346391025622;0.8807081117818448;0.12609346391025622;7.524773898411979;9.547639978546453E-7;2.9120301934566683E-5;3.0600186131241383E-4;1.9095279957092907E-6;1.5514914965137984E-5;222;1.7591917655934816E-4;9312;0.007502331351160479;133272;0.11044154129108719;226;1.7687394055720279E-4;18187;0.015082850316406798;83559x242822-NZ-JASNMW010000001_46479_aligned_178943_F_18_95_1;0.8333970461178987;0.16159335627563215;0.8333970461178987;0.16159335627563215;
333;11;Chlamydia trachomatis;species;813;5;356;356;356;13;27.384615384615383;72;5;1931;386.2;2.2377228529960657E-4;355.9602833549566;1.0001115760575003;1590903;810;0.7658657750219461;0.2022419136746485;0.7658657750219461;0.2022419136746485;25.07833879911261;3.142869175556272E-6;2.2377228529960657E-4;0.0012137760755998323;3.142869175556272E-6;2.2377228529960657E-4;5;3.142869175556272E-6;356;2.2377228529960657E-4;1931;0.0012137760755998323;5;3.142869175556272E-6;356;2.2377228529960657E-4;813x118590-NZ-CP166128_80063_aligned_21472_F_35_1132_12;0.7658657750219461;0.2022419136746485;0.7658657750219461;0.2022419136746485;
334;11;Chlamydia abortus;species;83555;1;112;11;11;1;11.0;11;1;345;345.0;6.098443289189844E-6;10.999969508840028;1.0000027719313174;1803739;810;0.6444444444444445;;0.6444444444444445;;;5.544039353808949E-7;6.098443289189844E-6;1.9126935770640875E-4;5.544039353808949E-7;6.209324076266023E-5;1;5.544039353808949E-7;11;6.098443289189844E-6;345;1.9126935770640875E-4;1;5.544039353808949E-7;112;6.209324076266023E-5;1242993x135453-NZ-QOHL01000049_881_aligned_101854_R_0_339_1;0.6444444444444445;;0.6444444444444445;;
335;11;Chlamydia suis;species;83559;21;697;640;640;27;23.703703703703702;159;21;4873;232.04761904761904;2.3225693132706893E-4;639.925799674669;1.00011595145151;2755569;810;0.761927242583416;0.2779106666226785;0.761927242583416;0.2779106666226785;41.51720200926434;7.6209305591694495E-6;2.3225693132706893E-4;0.0017684187911825107;7.6209305591694495E-6;2.52942314273386E-4;21;7.6209305591694495E-6;640;2.3225693132706893E-4;4873;0.0017684187911825107;21;7.6209305591694495E-6;697;2.52942314273386E-4;83559x242822-NZ-JASNMW010000001_1057811_aligned_181392_R_3_255_1;0.761927242583416;0.2779106666226785;0.761927242583416;0.2779106666226785;
336;11;Chlamydia ibidis;species;1405396;191;16957;8183;1415;363;22.542699724517906;180;191;124841;653.6178010471205;0.0012123528040906412;8154.384555990993;0.1735262778305452;1167152;810;0.8430212899331948;0.14183818872820544;0.8430212899331948;0.14183818872820544;28.447299736611438;1.636462088913869E-4;0.007011083389310047;0.10696207520528603;1.636462088913869E-4;0.014528527561106008;191;1.636462088913869E-4;8183;0.007011083389310047;124841;0.10696207520528603;191;1.636462088913869E-4;16957;0.014528527561106008;1405396x144292-NZ-KE360154_962_aligned_22188_F_0_783_6;0.8430212899331948;0.14183818872820544;0.8430212899331948;0.14183818872820544;
