pos;level;name;rank;taxid;reads;kmers from reads;kmers;unique kmers;contigs;average contig length;max contig length;reads >=1 kmer;reads bps;avg. read length;db coverage;exp. unique kmers;unique kmers / exp.;db kmers;parent taxid;mean error;kmer error std. dev.;mean class error;class error std. dev.;contig len std. dev.;norm. reads;norm. kmers;norm. reads bps;norm. read >=1 kmer;norm. reads kmers;acc. reads;acc. norm. reads;acc. kmers;acc. norm. kmers;acc. reads bps;acc. norm. reads bps;acc. read >=1 kmer;acc. norm. read >=1 kmer;acc. reads kmers;acc. norm. reads kmers;max contig desc.;acc. mean error;acc. error std. dev.;acc. class mean error;acc. class error std. dev.;
0;0;TOTAL;;;1361189;0;471206057;0;0;;0;0;512041727;376.17239560413725;;;;524530554;;;;;;;;;;;;;;;;;;;;;;;;;;;
1;0;root;no rank;1;0;0;0;0;0;;0;0;0;;0.0;0.0;;2945;;;;;;;0.0;0.0;0.0;0.0;0.0;972743;3.4703056910168937;18921181;69.01857819048107;373560226;1415.4371503919454;1132749;8.343392637232123;18811612;79.26731698452807;;0.9397697497412033;0.03801236251723713;0.9397847242122969;0.038001116410770634;
2;1;cellular organisms;cellular root;131567;29252;972914;1527926;67679;119985;12.73430845522357;204;57252;17231195;589.0604061260768;0.5174551960364548;130790.89569855832;0.5174595650448321;130792;1;0.9379615170137044;0.04160841738813417;0.9379616294666542;0.04160826500019878;11.435401652259257;0.2236528228026179;11.682105939201174;131.7450226313536;0.4377331946908068;7.438635390543764;972743;3.4703056910168937;18921181;69.01857819048107;373560226;1415.4371503919454;1132749;8.343392637232123;18811612;79.26731698452807;1359166x125991-NZ-LAOH01000012_5644_aligned_186712_R_24_381_419;0.9397697497412033;0.03801236251723713;0.9397847242122969;0.038001116410770634;
3;2;Bacteria;domain;2;1815;55779;77630;12949;9934;7.8145762029394;109;7144;1001399;551.7349862258953;0.009048897870933884;75561.92942258684;0.17136936680880077;1431003;131567;0.942199028490875;0.03823559207477342;0.9422158211052647;0.03823893285162218;8.325433380376527;0.0012683411565174915;0.054248663350111775;0.6997881905209143;0.0049923026017415755;0.03897895392252847;943491;3.246652868214276;17393255;57.336472251280014;356329031;1283.6921277605916;1075497;7.905659442541314;17838698;71.82868159398431;1405396x3190-NZ-KE360087_229_aligned_10491_F_25_840_217;0.9398258121983383;0.03789406186067367;0.9398412474515218;0.03788241323716095;
4;3;Bacillati;kingdom;1783272;1;92;29;28;10;2.9;10;7;802;802.0;1.1864607874709741E-4;28.99827969744122;0.9655745200109471;235996;2;0.8808290155440415;;0.8808290155440415;;2.8067379246694513;4.237359955253479E-6;1.2288343870235088E-4;0.00339836268411329;2.9661519686774353E-5;3.8983711588332006E-4;89;0.0020736396345203832;14979;0.06723665667486102;205945;5.330424388140951;168;0.0033404277914186055;15499;0.3439104119749628;2104x178739-NZ-JBLTZR010000055_1111_aligned_37025_R_16_587_214;0.9304013436053746;0.030115215011388453;0.9305311062410209;0.030031873843051234;
5;4;Mycoplasmatota;phylum;544448;1;4;109;109;20;5.45;31;12;467;467.0;1.6423057973394647E-4;108.99113202610988;1.0000813641782158;663701;1783272;0.9908466819221968;;0.9908466819221968;;6.5331140314071074;1.5067025663664812E-6;1.6423057973394647E-4;7.036300984931468E-4;1.8080430796397774E-5;6.026810265465925E-6;88;0.00206940227456513;14950;0.06711377323615868;205143;5.3270260254568385;161;0.003310766271731831;15407;0.3435205748590795;3401674x1202-NZ-JBLVZX010000005_22658_aligned_119159_R_9_3869_182;0.9309646655151625;0.029812471842071774;0.9310959027262139;0.029724793998571707;
6;5;Mollicutes;class;31969;0;0;11;11;4;2.75;5;2;0;;2.092368561211291E-4;10.998953875418318;1.0000951112799936;52572;544448;;;;;2.0615528128088303;0.0;2.092368561211291E-4;0.0;3.8043064749296204E-5;0.0;25;0.002021592470793187;5995;0.05954244856293042;74214;5.224279730795354;76;0.0031623007886044823;6042;0.33638216230187;1188251x23455-NZ-LAUV01000012_13935_aligned_272978_R_21_2671_386;0.9301344394909146;0.03275023831902122;0.930596394473815;0.03246991104183973;
7;6;Mycoplasmatales;order;2085;0;0;0;0;0;;0;0;0;;0.0;0.0;;241;31969;;;;;;0.0;0.0;0.0;0.0;0.0;25;0.002021592470793187;5984;0.05933321170680929;74214;5.224279730795354;74;0.003124257723855186;6042;0.33638216230187;;0.9301344394909146;0.03275023831902122;0.930596394473815;0.03246991104183973;
8;7;Mycoplasmataceae;family;2092;0;0;0;0;0;;0;0;0;;0.0;0.0;;1514;2085;;;;;;0.0;0.0;0.0;0.0;0.0;25;0.002021592470793187;5984;0.05933321170680929;74214;5.224279730795354;74;0.003124257723855186;6042;0.33638216230187;;0.9301344394909146;0.03275023831902122;0.930596394473815;0.03246991104183973;
9;8;Mycoplasma;genus;2093;3;28;647;647;68;9.514705882352942;47;14;1145;381.6666666666667;2.850177574432806E-4;646.9079479076976;1.0001422955037114;2270034;2092;0.971437723145503;0.018162847535414733;0.971437723145503;0.018162847535414733;9.774307849768926;1.3215661087014556E-6;2.850177574432806E-4;5.043977314877222E-4;6.167308507273459E-6;1.2334617014546919E-5;25;0.002021592470793187;5984;0.05933321170680929;74214;5.224279730795354;74;0.003124257723855186;6042;0.33638216230187;3401674x1202-NZ-JBLVZX010000005_22658_aligned_119159_R_9_3869_182;0.9301344394909146;0.03275023831902122;0.930596394473815;0.03246991104183973;
10;9;Mycoplasma buteonis;species;171280;1;390;385;385;24;16.041666666666668;43;1;3581;3581.0;4.7086219147825047E-4;384.90960859077654;1.000234838017046;817649;2093;0.8901717825964517;;0.8901717825964517;;10.123065211454596;1.2230186791642868E-6;4.7086219147825047E-4;0.0043796298900873115;1.2230186791642868E-6;4.769772848740719E-4;1;1.2230186791642868E-6;385;4.7086219147825047E-4;3581;0.0043796298900873115;1;1.2230186791642868E-6;390;4.769772848740719E-4;171280x142765-NZ-JPOK01000005_134551_aligned_67366_R_10_3343_246;0.8901717825964517;;0.8901717825964517;;
11;9;Mycoplasma ovis;species;171632;0;0;0;0;0;;0;0;0;;;0.0;;0;2093;;;;;;;;;;;0;0.0;1;1.4665057421032331E-6;0;0.0;1;1.4665057421032331E-6;0;0.0;;;;;;
12;10;Mycoplasma ovis str. Michigan;strain;1415773;0;0;1;1;1;1.0;1;1;0;;1.4665057421032331E-6;0.9999999999738342;1.000000000026166;681893;171632;;;;;;0.0;1.4665057421032331E-6;0.0;1.4665057421032331E-6;0.0;0;0.0;1;1.4665057421032331E-6;0;0.0;1;1.4665057421032331E-6;0;0.0;2020671x138139-NZ-CP118226_951226_aligned_267726_R_40_314_380;;;;;
13;9;Candidatus Mycoplasma haematobovis;species;432608;0;0;3;3;2;1.5;2;2;0;;3.2711951638650697E-6;2.999996728678039;1.0000010904418426;917096;2093;;;;;0.7071067811865476;0.0;3.2711951638650697E-6;0.0;2.1807967759100465E-6;0.0;0;0.0;3;3.2711951638650697E-6;0;0.0;2;2.1807967759100465E-6;0;0.0;596780x105845-NZ-CP166118_857676_aligned_979230_F_9_47_220;;;;;
14;9;Mycoplasma tauri;species;547987;0;0;1;1;1;1.0;1;1;0;;8.904323048840212E-7;1.0000000000064013;0.9999999999935987;1123050;2093;;;;;;0.0;8.904323048840212E-7;0.0;8.904323048840212E-7;0.0;0;0.0;1;8.904323048840212E-7;0;0.0;1;8.904323048840212E-7;0;0.0;596780x105845-NZ-CP166118_320215_aligned_546796_F_5_76_246;;;;;
15;9;Mycoplasma mycoides group;species group;656088;0;0;241;241;29;8.310344827586206;27;7;0;;3.2429610252601097E-4;240.96108863229836;1.0001614840301498;743148;2093;;;;;6.579749497380266;0.0;3.2429610252601097E-4;0.0;9.419388870050111E-6;0.0;7;0.0019351002107073994;1226;0.05189573496337916;19131;4.893258120637739;28;0.002973679947216109;1459;0.3059064306652784;1188251x39357-NZ-LAUV01000026_1710_aligned_25_F_16_2417_166;0.9396460842181121;0.039843847173997395;0.9411448584344481;0.03848611137793287;
16;10;Mycoplasma capricolum;species;2095;0;0;0;0;0;;0;0;0;;0.0;0.0;;360209;656088;;;;;;0.0;0.0;0.0;0.0;0.0;0;0.0;14;6.4452864239249036E-6;0;0.0;1;4.6037760170892166E-7;0;0.0;;;;;;
17;11;Mycoplasma capricolum subsp. capricolum;subspecies;40479;0;0;14;14;1;14.0;14;1;0;;6.4452864239249036E-6;13.999958105570032;1.0000029924682383;2172130;2095;;;;;;0.0;6.4452864239249036E-6;0.0;4.6037760170892166E-7;0.0;0;0.0;14;6.4452864239249036E-6;0;0.0;1;4.6037760170892166E-7;0;0.0;1188251x23455-NZ-LAUV01000012_13935_aligned_272978_R_21_2671_386;;;;;
18;10;Mycoplasma mycoides;species;2102;4;662;631;631;62;10.17741935483871;53;13;7884;1971.0;5.961975634322082E-4;630.8122349642358;1.0002976559828058;1058374;656088;0.9456467218774754;0.05381728517247188;0.9468690165319735;0.05185049487461225;10.965705397758912;3.779382335544902E-6;5.961975634322082E-4;0.007449162583359001;1.228299259052093E-5;6.254877765326812E-4;7;0.0019351002107073994;971;0.05156499357442923;19131;4.893258120637739;20;0.0029638001807443496;1459;0.3059064306652784;1188251x23455-NZ-LAUV01000012_13935_aligned_272978_R_21_2671_386;0.9396460842181121;0.039843847173997395;0.9411448584344481;0.03848611137793287;
19;11;Mycoplasma mycoides subsp. mycoides;subspecies;2103;0;0;0;0;0;;0;0;0;;0.0;0.0;;47238;2102;;;;;;0.0;0.0;0.0;0.0;0.0;1;0.0019305019305019305;33;0.05083524952079047;2529;4.882239382239383;2;0.002941624276305773;158;0.305019305019305;;0.9311724689875951;;0.9367747098839536;;
20;12;Mycoplasma mycoides subsp. mycoides B345/93;strain;1188251;1;158;19;19;1;19.0;19;1;2529;2529.0;0.03667953667953668;18.673467749868337;1.017486428043552;518;2103;0.9311724689875951;;0.9367747098839536;;;0.0019305019305019305;0.03667953667953668;4.882239382239383;0.0019305019305019305;0.305019305019305;1;0.0019305019305019305;19;0.03667953667953668;2529;4.882239382239383;1;0.0019305019305019305;158;0.305019305019305;1188251x39357-NZ-LAUV01000026_1710_aligned_25_F_16_2417_166;0.9311724689875951;;0.9367747098839536;;
21;12;Mycoplasma mycoides subsp. mycoides C425/93;strain;1188255;0;0;14;14;1;14.0;14;1;0;;0.014155712841253791;13.908358975944408;1.0065889170831794;989;2103;;;;;;0.0;0.014155712841253791;0.0;0.0010111223458038423;0.0;0;0.0;14;0.014155712841253791;0;0.0;1;0.0010111223458038423;0;0.0;1188251x39357-NZ-LAUV01000026_1710_aligned_25_F_16_2417_166;;;;;
22;11;Mycoplasma mycoides subsp. capri;subspecies;40477;2;639;306;306;33;9.272727272727273;41;4;8718;4359.0;1.2529137409834226E-4;305.9808938713051;1.0000624422278566;2442307;2102;0.931881616514644;0.022358124115323386;0.931881616514644;0.022358124115323386;9.34502784664366;8.188978699238057E-7;1.2529137409834226E-4;0.003569575814997869;1.6377957398476114E-6;2.616378694406559E-4;2;8.188978699238057E-7;307;1.3354649020655033E-4;8718;0.003569575814997869;5;9.892911848055673E-6;639;2.616378694406559E-4;436113x139845-NZ-OZ345172_238522_aligned_66362_R_39_5601_297;0.931881616514644;0.022358124115323386;0.931881616514644;0.022358124115323386;
23;12;Mycoplasma mycoides subsp. capri LC;no rank;44100;0;0;0;0;0;;0;0;0;;;0.0;;0;40477;;;;;;;;;;;0;0.0;1;8.255116108208061E-6;0;0.0;1;8.255116108208061E-6;0;0.0;;;;;;
24;13;Mycoplasma mycoides subsp. capri LC str. 95010;strain;862259;0;0;1;1;1;1.0;1;1;0;;8.255116108208061E-6;1.00000000000468;0.99999999999532;121137;44100;;;;;;0.0;8.255116108208061E-6;0.0;8.255116108208061E-6;0.0;0;0.0;1;8.255116108208061E-6;0;0.0;1;8.255116108208061E-6;0;0.0;1188258x145158-NZ-LAUX01000079_7950_aligned_12352_R_212_2657_13;;;;;
25;9;Mycoplasma aquilae;species;1312741;0;0;0;0;0;;0;0;0;;;0.0;;0;2093;;;;;;;;;;;0;0.0;1;6.25148472762281E-6;0;0.0;1;6.25148472762281E-6;0;0.0;;;;;;
26;10;Mycoplasma aquilae ATCC BAA-1896;strain;547986;0;0;1;1;1;1.0;1;1;0;;6.25148472762281E-6;1.0000000000058806;0.9999999999941194;159962;1312741;;;;;;0.0;6.25148472762281E-6;0.0;6.25148472762281E-6;0.0;0;0.0;1;6.25148472762281E-6;0;0.0;1;6.25148472762281E-6;0;0.0;596780x105845-NZ-CP166118_878749_aligned_1171392_R_30_38_407;;;;;
27;9;unclassified Asterococcus (in: mycoplasmas, genus);no rank;2683645;6;1238;2286;2286;179;12.77094972067039;117;14;15776;2629.3333333333335;1.632272089903776E-4;2285.813522054156;1.0000815805594137;14005018;2093;0.9215867276111914;0.020983494697683902;0.9215867276111914;0.020983494697683902;14.889406712123584;4.2841787136582043E-7;1.632272089903776E-4;0.001126453389777864;9.99641699853581E-7;8.839688745848096E-5;12;8.255478703932925E-5;2726;0.005995093657072549;37739;0.31769103312793523;24;1.310053416435263E-4;3160;0.029305001675297745;3568887x116528-NZ-JBTKTJ010000011_21808_aligned_208682_R_209_2995_8;0.9198646090818037;0.024058403672258317;0.9199527303366503;0.024079125949017448;
28;10;Mycoplasma sp. 888;species;3108483;0;0;3;3;1;3.0;3;1;0;;8.428860418071477E-6;2.999991571123246;1.0000028096334785;355920;2683645;;;;;;0.0;8.428860418071477E-6;0.0;2.8096201393571587E-6;0.0;0;0.0;3;8.428860418071477E-6;0;0.0;1;2.8096201393571587E-6;0;0.0;3400998x79860-NZ-JBLWID010000016_12165_aligned_21_F_23_2551_339;;;;;
29;10;Mycoplasma sp. 4463;species;3400998;2;363;17;17;3;5.666666666666667;10;2;6043;3021.5;1.3455541308511818E-4;16.99892359922123;1.000063321702253;126342;2683645;0.9381264424043287;0.01917424201522638;0.9386551699334088;0.018426508372796236;3.785938897200183;1.5830048598249197E-5;1.3455541308511818E-4;0.04783049183960995;1.5830048598249197E-5;0.002873153820582229;2;1.5830048598249197E-5;17;1.3455541308511818E-4;6043;0.04783049183960995;2;1.5830048598249197E-5;363;0.002873153820582229;3400998x115488-NZ-JBLWID010000030_1608_aligned_12879_R_15_2972_193;0.9381264424043287;0.01917424201522638;0.9386551699334088;0.018426508372796236;
30;10;Mycoplasma sp. Z473B;species;3401667;1;184;144;144;6;24.0;58;1;2609;2609.0;9.339672203449192E-4;143.93324184022862;1.0004638133548434;154181;2683645;0.9286545172547499;;0.9286545172547499;;20.02997753368685;6.485883474617495E-6;9.339672203449192E-4;0.016921669985277044;6.485883474617495E-6;0.0011934025593296192;1;6.485883474617495E-6;144;9.339672203449192E-4;2609;0.016921669985277044;1;6.485883474617495E-6;184;0.0011934025593296192;3401667x161349-NZ-JBLVZQ010000010_12139_aligned_13290_R_4_2410_243;0.9286545172547499;;0.9286545172547499;;
31;10;Mycoplasma sp. MV126;species;3401676;0;0;1;1;1;1.0;1;1;0;;1.8170255292086855E-5;0.9999999999979331;1.000000000002067;55035;2683645;;;;;;0.0;1.8170255292086855E-5;0.0;1.8170255292086855E-5;0.0;0;0.0;1;1.8170255292086855E-5;0;0.0;1;1.8170255292086855E-5;0;0.0;3401676x107903-NZ-JBLVZZ010000009_15770_aligned_85406_R_20_2999_377;;;;;
32;10;Mycoplasma sp. 6243;species;3440865;0;0;1;1;1;1.0;1;1;0;;4.52108180445417E-6;1.0000000000073017;0.9999999999926983;221186;2683645;;;;;;0.0;4.52108180445417E-6;0.0;4.52108180445417E-6;0.0;0;0.0;1;4.52108180445417E-6;0;0.0;1;4.52108180445417E-6;0;0.0;596780x105845-NZ-CP166118_878753_aligned_670679_R_85_44_254;;;;;
33;10;Mycoplasma sp. 4013;species;3453137;1;226;20;20;5;4.0;9;1;3185;3185.0;5.600985773496135E-4;19.99467995746219;1.0002660729028485;35708;2683645;0.9283676703645007;;0.9283676703645007;;3.0;2.8004928867480675E-5;5.600985773496135E-4;0.08919569844292595;2.8004928867480675E-5;0.006329113924050633;1;2.8004928867480675E-5;20;5.600985773496135E-4;3185;0.08919569844292595;1;2.8004928867480675E-5;226;0.006329113924050633;3453137x191622-NZ-JBTHHK010000001_95693_aligned_33984_R_6_2784_421;0.9283676703645007;;0.9283676703645007;;
34;10;Mycoplasma sp. 332;species;3458236;1;416;90;90;6;15.0;31;1;4605;4605.0;0.0012754740511890252;89.94326499240546;1.0006307866141988;70562;2683645;0.9090710382513661;;0.9090710382513661;;11.983321743156194;1.4171933902100281E-5;0.0012754740511890252;0.06526175561917179;1.4171933902100281E-5;0.005895524503273717;1;1.4171933902100281E-5;90;0.0012754740511890252;4605;0.06526175561917179;1;1.4171933902100281E-5;416;0.005895524503273717;3458236x95526-NZ-CP198998_435678_aligned_441203_R_7_4552_133;0.9090710382513661;;0.9090710382513661;;
35;10;Mycoplasma sp. 773;species;3458462;0;0;1;1;1;1.0;1;1;0;;2.2378373539811128E-5;0.9999999999994924;1.0000000000005076;44686;2683645;;;;;;0.0;2.2378373539811128E-5;0.0;2.2378373539811128E-5;0.0;0;0.0;1;2.2378373539811128E-5;0;0.0;1;2.2378373539811128E-5;0;0.0;3458462x162172-NZ-JBSQAV010000015_2798_aligned_34859_R_25_1915_242;;;;;
36;10;Mycoplasma sp. VS1572C;species;3568892;1;733;163;163;11;14.818181818181818;31;1;5521;5521.0;0.0028742726150590724;162.76740408469422;1.001429007955332;56710;2683645;0.8665088326352213;;0.8665088326352213;;12.488540201466156;1.7633574325515784E-5;0.0028742726150590724;0.09735496385117264;1.7633574325515784E-5;0.012925409980603068;1;1.7633574325515784E-5;163;0.0028742726150590724;5521;0.09735496385117264;1;1.7633574325515784E-5;733;0.012925409980603068;3568892x85656-NZ-JBTKTE010000004_1094_aligned_228125_R_9_5352_217;0.8665088326352213;;0.8665088326352213;;
37;9;Mycoplasma bradburyae;species;2963128;1;620;609;609;43;14.162790697674419;68;1;8475;8475.0;3.761704367097873E-4;608.8856584459579;1.000187788220097;1618947;2093;0.9265837773830669;;0.9265837773830669;;16.441715575760245;6.176854461572861E-7;3.761704367097873E-4;0.005234884156183;6.176854461572861E-7;3.8296497661751745E-4;1;6.176854461572861E-7;609;3.761704367097873E-4;8475;0.005234884156183;1;6.176854461572861E-7;620;3.8296497661751745E-4;2963128x231814-NZ-JAJHZN010000020_31731_aligned_203374_R_21_8248_315;0.9265837773830669;;0.9265837773830669;;
38;9;Mycoplasma phocimorsus;species;3045839;1;385;385;385;23;16.73913043478261;81;1;4143;4143.0;2.9845308278778434E-4;384.942702654337;1.0001488464264108;1289985;2093;0.9063943593484075;;0.9063943593484075;;20.978814836323785;7.752028124358035E-7;2.9845308278778434E-4;0.003211665251921534;7.752028124358035E-7;2.9845308278778434E-4;1;7.752028124358035E-7;385;2.9845308278778434E-4;4143;0.003211665251921534;1;7.752028124358035E-7;385;2.9845308278778434E-4;3045839x161162-NZ-JASEJT010000004_4645_aligned_119277_R_20_3929_247;0.9063943593484075;;0.9063943593484075;;
39;5;Mycoplasmoidales;order;2790996;0;0;0;0;0;;0;0;0;;0.0;0.0;;51948;544448;;;;;;0.0;0.0;0.0;0.0;0.0;62;4.630310120557602E-5;8846;0.00740709409349432;130462;0.10204266456299098;73;1.3038505233095078E-4;9361;0.007132385746944044;;0.9303335950990197;0.028038179072286167;0.9303335950990197;0.028038179072286167;
40;6;Mycoplasmoidaceae;family;2790998;0;0;0;0;0;;0;0;0;;0.0;0.0;;2088;2790996;;;;;;0.0;0.0;0.0;0.0;0.0;44;3.775157035341631E-5;4827;0.005250323747018752;79208;0.07921113440381285;49;8.653084940148109E-5;5312;0.005381970272225479;;0.9329973550198577;0.029005197882728595;0.9329973550198577;0.029005197882728595;
41;7;Malacoplasma;genus;2791001;0;0;0;0;0;;0;0;0;;0.0;0.0;;3325;2790998;;;;;;0.0;0.0;0.0;0.0;0.0;17;9.790810690643786E-6;259;1.4916588052216122E-4;6125;0.0035275714988348937;17;9.790810690643786E-6;259;1.4916588052216122E-4;;0.9464395297726467;0.027656733769792396;0.9464395297726467;0.027656733769792396;
42;8;Malacoplasma iowae;species;2116;17;259;259;259;17;15.235294117647058;17;17;6125;360.29411764705884;1.4916588052216122E-4;258.9807585652131;1.000074296773604;1736322;2791001;0.9464395297726467;0.027656733769792396;0.9464395297726467;0.027656733769792396;0.7524469885568231;9.790810690643786E-6;1.4916588052216122E-4;0.0035275714988348937;9.790810690643786E-6;1.4916588052216122E-4;17;9.790810690643786E-6;259;1.4916588052216122E-4;6125;0.0035275714988348937;17;9.790810690643786E-6;259;1.4916588052216122E-4;2116x149700-NZ-CP129194_579835_aligned_788865_R_222_45_173;0.9464395297726467;0.027656733769792396;0.9464395297726467;0.027656733769792396;
43;7;Mycoplasmoides;genus;2995234;0;0;17;17;2;8.5;13;2;0;;3.8821648778259875E-4;16.99689462271137;1.0001827026264245;43790;2790998;;;;;6.363961030678928;0.0;3.8821648778259875E-4;0.0;4.567252797442338E-5;0.0;27;2.7960759662772527E-5;4568;0.00510115786649659;73083;0.07568356290497795;32;7.67400387108373E-5;5053;0.005232804391703318;2104x87974-NZ-BLHQ01000003_9016_aligned_162309_R_37_1151_438;0.9245337635088424;0.026984188081375666;0.9245337635088424;0.026984188081375666;
44;8;Mycoplasmoides pneumoniae;species;2104;27;5053;4551;4492;371;12.266846361185983;98;30;73083;2706.777777777778;0.0046518419409323775;4540.2948752508255;0.989363053154525;965639;2995234;0.9245337635088424;0.026984188081375666;0.9245337635088424;0.026984188081375666;12.100098526541302;2.7960759662772527E-5;0.004712941378713992;0.07568356290497795;3.106751073641392E-5;0.005232804391703318;27;2.7960759662772527E-5;4551;0.004712941378713992;73083;0.07568356290497795;30;3.106751073641392E-5;5053;0.005232804391703318;2104x164293-NZ-JBLTYZ010000013_12512_aligned_123107_F_24_4167_367;0.9245337635088424;0.026984188081375666;0.9245337635088424;0.026984188081375666;
45;6;Metamycoplasmataceae;family;2895623;0;0;12;12;1;12.0;12;1;0;;9.411986164380338E-5;11.999482354374688;1.0000431389963353;127497;2790996;;;;;;0.0;9.411986164380338E-5;0.0;7.843321803650282E-6;0.0;18;8.551530852159705E-6;4019;0.0021567703464755684;51254;0.022831530159178142;24;4.385420292946969E-5;4049;0.001750415474718565;92402x76180-NZ-JAXIHL010000005_27480_aligned_22391_R_47_2704_456;0.9238221819591943;0.025091788886647134;0.9238221819591943;0.025091788886647134;
46;7;Metamycoplasma;genus;2895509;0;0;28;28;6;4.666666666666667;13;2;0;;3.464746207340312E-4;27.995323094249077;1.0001670602527135;80814;2895623;;;;;4.226897995772629;0.0;3.464746207340312E-4;0.0;2.4748187195287945E-5;0.0;18;8.551530852159705E-6;4007;0.002062650484831765;51254;0.022831530159178142;23;3.6010881125819405E-5;4049;0.001750415474718565;92402x76180-NZ-JAXIHL010000005_27480_aligned_22391_R_47_2704_456;0.9238221819591943;0.025091788886647134;0.9238221819591943;0.025091788886647134;
47;8;Metamycoplasma hominis;species;2098;3;598;594;594;44;13.5;75;4;8038;2679.3333333333335;1.784730816622514E-4;593.9470858459144;1.0000890890036276;3328233;2895509;0.929656217474725;0.023142243812236764;0.929656217474725;0.023142243812236764;15.063431771817006;9.01379200314401E-7;1.784730816622514E-4;0.0024150953373757184;1.2018389337525347E-6;1.7967492059600394E-4;3;9.01379200314401E-7;594;1.784730816622514E-4;8038;0.0024150953373757184;4;1.2018389337525347E-6;598;1.7967492059600394E-4;2098x80217-NZ-JVJC01000039_18451_aligned_21566_R_12_3448_191;0.929656217474725;0.023142243812236764;0.929656217474725;0.023142243812236764;
48;8;Metamycoplasma hyosynoviae;species;29559;12;2807;2801;2801;191;14.664921465968586;67;12;34425;2868.75;0.001172346190774753;2799.3593557698014;1.000586078463566;2389226;2895509;0.9203039524189083;0.0267477395805016;0.9203039524189083;0.0267477395805016;12.565314617675451;5.022547050802227E-6;0.001172346190774753;0.014408431851988887;5.022547050802227E-6;0.0011748574643001542;12;5.022547050802227E-6;2801;0.001172346190774753;34425;0.014408431851988887;12;5.022547050802227E-6;2807;0.0011748574643001542;29559x75407-NZ-JAQRAV010000032_77_aligned_10045_F_27_2818_235;0.9203039524189083;0.0267477395805016;0.9203039524189083;0.0267477395805016;
49;8;Metamycoplasma alkalescens;species;45363;0;0;1;1;1;1.0;1;1;0;;1.1079669471300332E-6;0.9999999999531761;1.0000000000468239;902554;2895509;;;;;;0.0;1.1079669471300332E-6;0.0;1.1079669471300332E-6;0.0;0;0.0;1;1.1079669471300332E-6;0;0.0;1;1.1079669471300332E-6;0;0.0;596780x105845-NZ-CP166118_859793_aligned_1103727_R_13_45_359;;;;;
50;8;Metamycoplasma equirhinis;species;92402;2;592;530;530;42;12.619047619047619;56;2;7497;3748.5;2.81559948362968E-4;529.9255343856737;1.0001405209024559;1882370;2895509;0.918661217160375;0.015184313421181699;0.918661217160375;0.015184313421181699;12.51331462775898;1.0624903711810113E-6;2.81559948362968E-4;0.003982745156372021;1.0624903711810113E-6;3.144971498695793E-4;2;1.0624903711810113E-6;530;2.81559948362968E-4;7497;0.003982745156372021;2;1.0624903711810113E-6;592;3.144971498695793E-4;92402x241078-NZ-JAXIHT010000001_46823_aligned_117158_R_22_4163_246;0.918661217160375;0.015184313421181699;0.918661217160375;0.015184313421181699;
51;8;Metamycoplasma subdolum;species;92407;1;52;52;52;4;13.0;19;1;1294;1294.0;8.138593995282745E-5;51.99792471342918;1.0000399109499516;638931;2895509;0.9588607594936709;;0.9588607594936709;;8.286535263104035;1.5651142298620664E-6;8.138593995282745E-5;0.002025257813441514;1.5651142298620664E-6;8.138593995282745E-5;1;1.5651142298620664E-6;52;8.138593995282745E-5;1294;0.002025257813441514;1;1.5651142298620664E-6;52;8.138593995282745E-5;92407x45736-NZ-REFI01000002_1317_aligned_123199_R_20_1118_207;0.9588607594936709;;0.9588607594936709;;
52;8;[Mycoplasma] phocae;species;142651;0;0;1;1;1;1.0;1;1;0;;1.3027363978035863E-6;0.9999999999641701;1.00000000003583;767615;2895509;;;;;;0.0;1.3027363978035863E-6;0.0;1.3027363978035863E-6;0.0;0;0.0;1;1.3027363978035863E-6;0;0.0;1;1.3027363978035863E-6;0;0.0;1188251x23455-NZ-LAUV01000012_13935_aligned_272978_R_21_2671_386;;;;;
53;3;Pseudomonadati;kingdom;3379134;1017;21697;31611;6626;6084;5.195759368836292;113;5083;434979;427.7079646017699;0.014807597329894765;30520.313664643836;0.2171013074376057;447473;2;0.9441780009605703;0.03371432185756767;0.9441780009605703;0.03371432185756767;6.638202502648638;0.002272762825913519;0.07064336842669837;0.9720787622940379;0.011359344586153801;0.04848784172452863;941587;3.2433108874232377;17300646;57.21498693125504;355121687;1277.6619151819298;1068185;7.897326712148154;17767420;71.44579222808682;139x130186-NZ-CP147143_3343_aligned_138165_R_22_658_230;0.939822128407179;0.037893839353008274;0.9398375502375482;0.0378821692962769;
54;4;Pseudomonadota;phylum;1224;56;2093;5564;2925;972;5.724279835390947;104;721;38652;690.2142857142857;0.0072070607019307535;5526.040819373948;0.5293120509977299;405852;3379134;0.9421408067547432;0.035699013364362035;0.9421408067547432;0.035699013364362035;7.118542170432028;1.379813330967939E-4;0.013709431024117166;0.09523668726530854;0.0017765096636212215;0.005157052324492672;84312;0.38441332688904656;2659977;6.735776765669262;49505477;250.99889769876754;105060;0.5241373263370521;3198738;19.496284223626965;119857x27903-NZ-MQVE01000019_21418_aligned_121182_R_57_1250_3;0.9298040392742749;0.04394789737040595;0.9298440792907706;0.04393333103498601;
55;5;Gammaproteobacteria;class;1236;2;141;11251;11054;919;12.24265505984766;77;211;2087;1043.5;0.02600965656147352;11103.393479300099;0.9955514969912412;424996;1224;0.911909111909112;0.09710820273940125;0.911909111909112;0.09710820273940125;12.392232084522147;4.705926644015473E-6;0.026473190335909044;0.004910634453030146;4.964752609436324E-4;3.3176782840309087E-4;312;0.0023761314913360613;80295;0.12319130379836239;1036351;12.419403816718065;1283;0.017221793564121235;83238;1.1288277930428456;263x71424-NZ-JAIQZY010000033_18149_aligned_225229_R_14_8651_270;0.9202173277989457;0.027926262343105007;0.92061471139476;0.02783980205818295;
56;6;Thiotrichales;order;72273;0;0;12;12;3;4.0;8;3;0;;4.1285350581435354E-4;11.997729566103203;1.0001892386292164;29066;1236;;;;;3.4641016151377544;0.0;4.1285350581435354E-4;0.0;1.0321337645358838E-4;0.0;310;0.0023714255646920456;69044;0.09671811346245336;1034264;12.414493182265035;1072;0.016725318303177604;83097;1.1284960252144425;263x75243-NZ-VJGG01000057_6307_aligned_32775_R_30_5432_266;0.9202709291917835;0.027458266617615308;0.9206708765527319;0.027368953313358316;
57;7;Francisellaceae;family;34064;0;0;1936;1909;279;6.939068100358423;53;137;0;;0.00215404648181811;1933.888020915183;0.9871305780655256;886239;72273;;;;;6.556880113764542;0.0;0.0021845123042429863;0.0;1.5458583971140967E-4;0.0;310;0.0023714255646920456;69032;0.09630525995663901;1034264;12.414493182265035;1069;0.016622104926724016;83097;1.1284960252144425;263x142180-NZ-VIZB01000006_41048_aligned_21427_R_238_3705_195;0.9202709291917835;0.027458266617615308;0.9206708765527319;0.027368953313358316;
58;8;Francisella;genus;262;29;1907;39055;38314;3456;11.300636574074074;113;314;29048;1001.6551724137931;0.0039551458342602505;38976.379883054135;0.9830056078824776;9687127;34064;0.9354012212997782;0.03790167640510716;0.9354287854553502;0.03782953381597535;11.235006263046358;2.9936636528043866E-6;0.0040316391020784595;0.0029986186822986835;3.241415127519232E-5;1.9685919261717123E-4;310;0.0023714255646920456;67096;0.09412074765239602;1034264;12.414493182265035;932;0.016467519087012605;83097;1.1284960252144425;119857x80484-NZ-PKBP01000012_18334_aligned_119949_R_19_2843_299;0.9202709291917835;0.027458266617615308;0.9206708765527319;0.027368953313358316;
59;9;Francisella tularensis;species;263;128;31893;22629;22213;2108;10.73481973434535;119;266;405972;3171.65625;0.011005982363078008;22502.61903286778;0.9871295411238684;2018266;262;0.9203341530331158;0.02577945362135995;0.920581032991226;0.025796192068325514;10.993003000323244;6.342077803421353E-5;0.011212099891689203;0.20114890703207605;1.3179630435235E-4;0.015802178701915408;260;0.0023451094848698155;24926;0.08739884380289349;940203;12.345531422213776;505;0.016315833855551496;75917;1.1227475194584544;263x195198-NZ-JACTRF010000007_24337_aligned_123570_R_283_8608_234;0.9189232501195976;0.02520874791122503;0.9193040562502841;0.025201734740196744;
60;10;Francisella tularensis subsp. novicida;subspecies;264;5;1231;190;190;29;6.551724137931035;34;20;14436;2887.2;1.9368445947254626E-4;189.9816979968939;1.0000963356117936;980977;263;0.9199816463291466;0.028313129255933808;0.9209888022443593;0.02725976142781723;8.462464209236623;5.096959459803849E-6;1.9368445947254626E-4;0.014715941352345671;2.0387837839215395E-5;0.0012548714190037074;7;1.805567392209468E-5;232;5.049171307886981E-4;22863;0.0714617672784994;32;1.1652263453993136E-4;1981;0.006058040293934653;264x84432-NZ-JACTTQ010000083_1967_aligned_214339_R_12_1840_202;0.9146908957647675;0.030504198472756573;0.9156552374623631;0.03017624836105174;
61;11;Francisella cf. novicida Fx1;strain;984129;0;0;3;3;3;1.0;1;3;0;;2.4443303756935786E-5;2.9999755567808304;1.0000081478061094;122733;264;;;;;0.0;0.0;2.4443303756935786E-5;0.0;2.4443303756935786E-5;0.0;0;0.0;3;2.4443303756935786E-5;0;0.0;3;2.4443303756935786E-5;0;0.0;119857x230026-NZ-JAMKVN010000031_9336_aligned_415001_R_330_12882_10;;;;;
62;11;Francisella tularensis subsp. novicida FSC159;strain;1088879;0;0;3;3;1;3.0;3;1;0;;5.95699052838506E-5;2.9999404304908586;1.0000198568973357;50361;264;;;;;;0.0;5.95699052838506E-5;0.0;1.9856635094616865E-5;0.0;0;0.0;3;5.95699052838506E-5;0;0.0;1;1.9856635094616865E-5;0;0.0;119857x83991-NZ-JAACKK010000040_3231_aligned_9777_F_24_4792_565;;;;;
63;11;Francisella tularensis subsp. novicida FSC595;strain;1088885;1;347;15;15;4;3.75;9;4;5279;5279.0;1.1228385358185493E-4;14.999214038494875;1.0000524001793099;133590;264;0.9321775576300247;;0.9338921699371309;;3.593976442141304;7.485590238790329E-6;1.1228385358185493E-4;0.039516430870574146;2.9942360955161315E-5;0.002597499812860244;1;7.485590238790329E-6;15;1.1228385358185493E-4;5279;0.039516430870574146;4;2.9942360955161315E-5;347;0.002597499812860244;119857x83991-NZ-JAACKK010000040_3231_aligned_9777_F_24_4792_565;0.9321775576300247;;0.9338921699371309;;
64;11;Francisella tularensis subsp. novicida PA10-7858;strain;1386968;1;403;21;21;4;5.25;16;4;3148;3148.0;1.1493560869351052E-4;20.998850683748405;1.0000547323407794;182711;264;0.8707504810776139;;0.8707504810776139;;7.22841614740048;5.4731242235005E-6;1.1493560869351052E-4;0.017229395055579577;2.1892496894002E-5;0.002205669062070702;1;5.4731242235005E-6;21;1.1493560869351052E-4;3148;0.017229395055579577;4;2.1892496894002E-5;403;0.002205669062070702;263x4822-NZ-VJCE01000013_20624_aligned_422236_R_5_2801_369;0.8707504810776139;;0.8707504810776139;;
65;10;Francisella tularensis subsp. tularensis;subspecies;119856;0;0;1;1;1;1.0;1;1;0;;5.651952749675013E-5;0.99999999999992;1.0000000000000802;17693;263;;;;;;0.0;5.651952749675013E-5;0.0;5.651952749675013E-5;0.0;2;0.0017269854150882987;31;0.06619170608695442;11958;9.970818764799676;6;0.015011671924232634;1104;0.8797912908962382;1210519x27248-NZ-AMPX01000051_34469_aligned_152600_R_222_6401_2;0.9068952257905747;0.016298606839633894;0.9081297936918091;0.014552664170052486;
66;11;Francisella tularensis subsp. tularensis SCHU S4;strain;177416;0;0;4;4;1;4.0;4;1;0;;0.04938271604938271;3.9265337074106257;1.0187102156924617;81;119856;;;;;;0.0;0.04938271604938271;0.0;0.012345679012345678;0.0;1;5.293806246691371E-4;23;0.059440947918096315;6510;3.4462678665960826;3;0.013404440261683952;662;0.35044997353096874;263x180542-NZ-VJDL01000081_1693_aligned_131228_R_139_3755_110;0.8953703703703704;;0.8978395061728395;;
67;12;Francisella tularensis subsp. tularensis str. SCHU S4 substr. NR-28534;no rank;1341656;1;662;19;19;2;9.5;18;2;6510;6510.0;0.010058231868713605;18.909746895353035;1.0047728351493241;1889;177416;0.8953703703703704;;0.8978395061728395;;12.020815280171307;5.293806246691371E-4;0.010058231868713605;3.4462678665960826;0.0010587612493382743;0.35044997353096874;1;5.293806246691371E-4;19;0.010058231868713605;6510;3.4462678665960826;2;0.0010587612493382743;662;0.35044997353096874;119857x3916-NZ-JAACKU010000008_40908_aligned_265070_R_8_6393_198;0.8953703703703704;;0.8978395061728395;;
68;11;Francisella tularensis subsp. tularensis WY-00W4114;strain;1133671;0;0;2;2;1;2.0;2;1;0;;7.062146892655367E-4;1.9996468926555035;1.0001765848489517;2832;119856;;;;;;0.0;7.062146892655367E-4;0.0;3.5310734463276836E-4;0.0;0;0.0;2;7.062146892655367E-4;0;0.0;1;3.5310734463276836E-4;0;0.0;263x96996-NZ-VJKD01000086_2313_aligned_17_F_24_2787_271;;;;;
69;11;Francisella tularensis subsp. tularensis AS_713;strain;1210522;1;442;5;5;1;5.0;5;1;5448;5448.0;0.005988023952095809;4.988038286082007;1.0023980798125325;835;119856;0.9184200812107789;;0.9184200812107789;;;0.0011976047904191617;0.005988023952095809;6.524550898203593;0.0011976047904191617;0.5293413173652695;1;0.0011976047904191617;5;0.005988023952095809;5448;6.524550898203593;1;0.0011976047904191617;442;0.5293413173652695;119857x149948-NZ-JADPLG020000016_21228_aligned_124271_R_14_5333_179;0.9184200812107789;;0.9184200812107789;;
70;10;Francisella tularensis subsp. holarctica;subspecies;119857;121;40077;1994;1980;410;4.863414634146341;31;197;491877;4065.099173553719;3.403856190857999E-4;1993.6584460554936;0.9931490541509167;5816932;263;0.9184559203859628;0.024312072421261766;0.9189298642552586;0.024333166337990098;5.892756155555037;2.0801343388576657E-5;3.4279238608943686E-4;0.08455952381771009;3.386664997974877E-5;0.006889714371768486;123;5.366476178252087E-4;2032;0.009156286609001162;499410;2.102101983103526;200;8.889259501965707E-4;40939;0.2210960095663661;119857x188807-NZ-MRKM01000003_7737_aligned_33793_R_19_2878_365;0.9178914367554638;0.024551503449769477;0.918364521565665;0.02457024648125075;
71;11;Francisella tularensis subsp. holarctica OSU18;strain;393011;1;412;16;16;1;16.0;16;1;3941;3941.0;0.007547169811320755;15.94352063512019;1.0035424650660532;2120;119857;0.8946560981846076;;0.8946560981846076;;;4.716981132075472E-4;0.007547169811320755;1.8589622641509433;4.716981132075472E-4;0.19433962264150945;1;4.716981132075472E-4;16;0.007547169811320755;3941;1.8589622641509433;1;4.716981132075472E-4;412;0.19433962264150945;263x69370-NZ-JACTPJ010000076_2549_aligned_130843_R_15_3832_186;0.8946560981846076;;0.8946560981846076;;
72;11;Francisella tularensis subsp. holarctica F92;strain;1232394;0;0;1;1;1;1.0;1;1;0;;3.3921302578018993E-4;1.0000000000000773;0.9999999999999227;2948;119857;;;;;;0.0;3.3921302578018993E-4;0.0;3.3921302578018993E-4;0.0;0;0.0;1;3.3921302578018993E-4;0;0.0;1;3.3921302578018993E-4;0;0.0;263x210827-NZ-VJGW01000081_4711_aligned_118679_R_8_4102_213;;;;;
73;11;Francisella tularensis subsp. holarctica PHIT-FT049;strain;1432652;1;450;21;21;1;21.0;21;1;3592;3592.0;9.27111385810781E-4;20.990731477886488;1.0004415530789519;22651;119857;0.8728242560359348;;0.8736664795058956;;;4.414816122908481E-5;9.27111385810781E-4;0.15858019513487262;4.414816122908481E-5;0.019866672553088164;1;4.414816122908481E-5;21;9.27111385810781E-4;3592;0.15858019513487262;1;4.414816122908481E-5;450;0.019866672553088164;119857x189615-NZ-JAMKUO010000043_5427_aligned_11_F_237_3262_117;0.8728242560359348;;0.8736664795058956;;
74;10;Francisella tularensis subsp. mediasiatica;subspecies;135248;0;0;2;2;1;2.0;2;1;0;;3.3383408446002337E-4;1.9998330829584394;1.0000834654866864;5991;263;;;;;;0.0;3.3383408446002337E-4;0.0;1.6691704223001168E-4;0.0;0;0.0;2;3.3383408446002337E-4;0;0.0;1;1.6691704223001168E-4;0;0.0;263x177335-NZ-VJLD01000080_2663_aligned_12334_R_22_3991_234;;;;;
75;9;Francisella persica;species;954;0;0;0;0;0;;0;0;0;;;0.0;;0;262;;;;;;;;;;;0;0.0;24;2.1449810571360393E-5;0;0.0;7;6.256194749980114E-6;0;0.0;;;;;;
76;10;Francisella persica ATCC VR-331;strain;1086726;0;0;24;24;7;3.4285714285714284;9;7;0;;2.1449810571360393E-5;23.999753327731767;1.000010278116815;1118891;954;;;;;3.04724700110022;0.0;2.1449810571360393E-5;0.0;6.256194749980114E-6;0.0;0;0.0;24;2.1449810571360393E-5;0;0.0;7;6.256194749980114E-6;0;0.0;119857x72039-NZ-JAMKUM010000021_13719_aligned_120638_R_27_2262_289;;;;;
77;9;Francisella philomiragia;species;28110;5;1078;478;478;63;7.587301587301587;31;14;15772;3154.4;7.449563881023295E-5;477.98223332686973;1.000037170153808;6416483;262;0.9355060012934032;0.029444679239263135;0.9362870998990749;0.029855696721254432;7.083909346779118;7.792430837890477E-7;7.449563881023295E-5;0.002458044383504172;2.1818806346093336E-6;1.6800480886491867E-4;5;7.792430837890477E-7;478;7.449563881023295E-5;15772;0.002458044383504172;14;2.1818806346093336E-6;1078;1.6800480886491867E-4;28110x25912-NZ-JBGFDI010000020_26046_aligned_119370_R_15_3849_377;0.9355060012934032;0.029444679239263135;0.9362870998990749;0.029855696721254432;
78;9;Francisella orientalis;species;299583;1;144;71;71;11;6.454545454545454;13;5;1702;1702.0;9.829628993805949E-5;70.99655973688701;1.0000484567579857;722306;262;0.9138755980861244;;0.9138755980861244;;3.908033683673578;1.3844547878599928E-6;9.829628993805949E-5;0.002356342048937708;6.922273939299964E-6;1.9936148945183898E-4;1;1.3844547878599928E-6;71;9.829628993805949E-5;1702;0.002356342048937708;5;6.922273939299964E-6;144;1.9936148945183898E-4;299583x149998-NZ-QPQQ01000009_15576_aligned_23479_R_13_1462_248;0.9138755980861244;;0.9138755980861244;;
79;9;Francisella halioticida;species;549298;0;0;1;1;1;1.0;1;1;0;;5.238929225733411E-7;1.0000000000494451;0.9999999999505549;1908787;262;;;;;;0.0;5.238929225733411E-7;0.0;5.238929225733411E-7;0.0;0;0.0;1;5.238929225733411E-7;0;0.0;1;5.238929225733411E-7;0;0.0;263x30010-NZ-VJCA01000077_1722_aligned_121949_F_16_5639_199;;;;;
80;9;Francisella salina;species;573569;0;0;4;4;2;2.0;3;2;0;;1.4448674695313573E-5;3.9999783270542872;1.0000054182657856;276842;262;;;;;1.4142135623730951;0.0;1.4448674695313573E-5;0.0;7.2243373476567865E-6;0.0;0;0.0;4;1.4448674695313573E-5;0;0.0;2;7.2243373476567865E-6;0;0.0;28110x25912-NZ-JBGFDI010000020_26046_aligned_119370_R_15_3849_377;;;;;
81;9;Francisella uliginis;species;573570;0;0;8;8;2;4.0;6;2;0;;4.2839096887578965E-6;7.999985005565735;1.000001874307796;1867453;262;;;;;2.8284271247461903;0.0;4.2839096887578965E-6;0.0;1.0709774221894741E-6;0.0;0;0.0;8;4.2839096887578965E-6;0;0.0;2;1.0709774221894741E-6;0;0.0;263x38227-NZ-VFRS01000087_36920_aligned_421041_R_17_3000_237;;;;;
82;9;Francisella hispaniensis;species;622488;1;311;353;353;59;5.983050847457627;28;33;5659;5659.0;1.7204825149262824E-4;352.9697212285574;1.000085782914572;2051750;262;0.9442174453721798;;0.9447503997157577;;6.487365772775862;4.873888144267089E-7;1.7204825149262824E-4;0.002758133300840746;1.6083830876081395E-5;1.5157792128670647E-4;1;4.873888144267089E-7;365;2.0477977931851834E-4;5659;0.002758133300840746;39;3.244959478902644E-5;311;1.5157792128670647E-4;622488x160568-NZ-JACTTU010000004_45911_aligned_267567_R_9_5617_125;0.9442174453721798;;0.9447503997157577;;
83;10;Francisella hispaniensis FSC454;strain;1088883;0;0;12;12;6;2.0;3;6;0;;3.2731527825890094E-5;11.99981997806132;1.0000150020532816;366619;622488;;;;;0.8944271909999159;0.0;3.2731527825890094E-5;0.0;1.6365763912945047E-5;0.0;0;0.0;12;3.2731527825890094E-5;0;0.0;6;1.6365763912945047E-5;0;0.0;263x235800-NZ-VJAG01000043_11848_aligned_206437_R_21_2786_195;;;;;
84;9;Candidatus Francisella endociliophora;species;653937;0;0;12;12;5;2.4;5;3;0;;6.395436216715752E-6;11.999964824920369;1.0000029312652283;1876338;262;;;;;1.9493588689617927;0.0;6.395436216715752E-6;0.0;1.598859054178938E-6;0.0;0;0.0;12;6.395436216715752E-6;0;0.0;3;1.598859054178938E-6;0;0.0;263x76024-NZ-VJKN01000088_1574_aligned_233020_R_23_2399_141;;;;;
85;9;Francisella noatunensis;species;657445;8;2334;804;782;76;10.578947368421053;35;9;27526;3440.75;0.001417601461833528;803.4151041135121;0.9733449072542125;551636;262;0.9100884974292;0.031851611262402865;0.91157493616405;0.02977643114565191;8.272465425163547;1.450231674510003E-5;0.001457482832882553;0.04989884634070293;1.6315106338237534E-5;0.004231050910382934;8;1.450231674510003E-5;804;0.001457482832882553;27526;0.04989884634070293;9;1.6315106338237534E-5;2334;0.004231050910382934;657445x23242-NZ-JACVKZ010000058_2578_aligned_16_F_17_2880_309;0.9100884974292;0.031851611262402865;0.91157493616405;0.02977643114565191;
86;9;Francisella frigiditurris;species;1542390;0;0;1;1;1;1.0;1;1;0;;7.084616534503145E-7;1.000000000004663;0.9999999999953371;1411509;262;;;;;;0.0;7.084616534503145E-7;0.0;7.084616534503145E-7;0.0;0;0.0;1;7.084616534503145E-7;0;0.0;1;7.084616534503145E-7;0;0.0;360196x112073-NZ-WBSX01000065_1635_aligned_204665_R_32_5622_207;;;;;
87;9;Francisella salimarina;species;2599927;3;137;34;34;6;5.666666666666667;19;6;1691;563.6666666666666;5.412995647314677E-5;33.999106871451666;1.0000262691767672;628118;262;0.9127114728431378;0.010160134936188465;0.9149044552992782;0.007314703964250479;7.004760286167305;4.776172629983538E-6;5.412995647314677E-5;0.002692169305767388;9.552345259967076E-6;2.1811188343591492E-4;3;4.776172629983538E-6;34;5.412995647314677E-5;1691;0.002692169305767388;6;9.552345259967076E-6;137;2.1811188343591492E-4;2599927x232579-NZ-OZ220197_115038_aligned_26760_R_12_304_203;0.9127114728431378;0.010160134936188465;0.9149044552992782;0.007314703964250479;
88;9;unclassified Francisella;no rank;2610885;1;578;631;631;40;15.775;49;4;6411;6411.0;2.776760756757518E-4;630.9125401481227;1.0001386243675816;2272432;262;0.9094185864284595;;0.9094185864284595;;13.178240612503084;4.4005717222781586E-7;2.776760756757518E-4;0.0028212065311525275;1.7602286889112634E-6;2.543530455476776E-4;3;1.3928401082665446E-6;1310;7.495545488804349E-4;12663;0.005799605989209594;22;3.199014582612075E-5;1269;5.835395499490584E-4;3087176x38425-NZ-JAWRHS010000068_3664_aligned_204049_R_271_6036_200;0.8942807175918697;0.052299733160222794;0.8947026585201397;0.05282332680806271;
89;10;Francisella sp. TX07-6608;species;573568;0;0;67;67;9;7.444444444444445;21;9;0;;1.6843777732525837E-4;66.99444185621645;1.0000829642523998;397773;2610885;;;;;6.559556218051475;0.0;1.6843777732525837E-4;0.0;2.2625970088467544E-5;0.0;0;0.0;67;1.6843777732525837E-4;0;0.0;9;2.2625970088467544E-5;0;0.0;263x28279-NZ-VJLV01000051_5349_aligned_200969_R_22_5331_264;;;;;
90;10;Francisella sp. LA112445;species;1395624;0;0;10;10;4;2.5;5;4;0;;5.802126595439761E-6;9.999973891124935;1.0000026108943234;1723506;2610885;;;;;1.9148542155126762;0.0;5.802126595439761E-6;0.0;2.320850638175904E-6;0.0;0;0.0;10;5.802126595439761E-6;0;0.0;4;2.320850638175904E-6;0;0.0;119857x105392-NZ-JAMKVV010000022_11235_aligned_68732_R_20_1924_395;;;;;
91;10;Francisella sp. Scap27;species;2589986;0;0;2;2;1;2.0;2;1;0;;1.7064336815880073E-6;1.9999991469116258;1.000000426544369;1172035;2610885;;;;;;0.0;1.7064336815880073E-6;0.0;8.532168407940036E-7;0.0;0;0.0;2;1.7064336815880073E-6;0;0.0;1;8.532168407940036E-7;0;0.0;263x40037-NZ-JPMN01000063_3316_aligned_13180_R_18_3105_253;;;;;
92;10;Francisella sp. XLW-1;species;2610887;0;0;4;4;1;4.0;4;1;0;;1.2002820662855771E-5;3.999981995775621;1.0000045010763543;333255;2610885;;;;;;0.0;1.2002820662855771E-5;0.0;3.000705165713943E-6;0.0;0;0.0;4;1.2002820662855771E-5;0;0.0;1;3.000705165713943E-6;0;0.0;2599927x232579-NZ-OZ220197_248714_aligned_164473_F_18_323_293;;;;;
93;10;Francisella sp. 19X1-34;species;3087177;2;691;596;596;35;17.02857142857143;99;3;6252;3126.0;2.839293149395412E-4;595.9155390361877;1.0001417331119589;2099114;2610885;0.8867117831735747;0.07160161707594535;0.8873446945659798;0.07249668895086499;21.68285540438332;9.527829360387287E-7;2.839293149395412E-4;0.002978399458057066;1.429174404058093E-6;3.2918650440138077E-4;2;9.527829360387287E-7;596;2.839293149395412E-4;6252;0.002978399458057066;3;1.429174404058093E-6;691;3.2918650440138077E-4;3087177x103830-NZ-JAWRHT010000079_6759_aligned_234352_R_419_2669_1;0.8867117831735747;0.07160161707594535;0.8873446945659798;0.07249668895086499;
94;9;Francisella sciaenopsi;species;3055034;0;0;3;3;2;1.5;2;2;0;;3.7155153729448556E-6;2.999996284585435;1.0000012384730554;807425;262;;;;;0.7071067811865476;0.0;3.7155153729448556E-6;0.0;2.4770102486299038E-6;0.0;0;0.0;3;3.7155153729448556E-6;0;0.0;2;2.4770102486299038E-6;0;0.0;119857x161764-NZ-PKAY01000065_3297_aligned_14072_R_33_1361_226;;;;;
95;5;Alphaproteobacteria;class;28211;13;305;786;594;216;3.638888888888889;21;194;6050;465.38461538461536;0.006337622431342424;782.7175959835226;0.7588943995229981;93726;1224;0.9448026225371318;0.021492862982404874;0.9448026225371318;0.021492862982404874;3.942513266016131;1.3870217442331904E-4;0.00838614685359452;0.06454985809700617;0.0020698632183172227;0.003254166399931716;83944;0.38189921406461375;2574118;6.598876030846783;48430474;238.4842571947842;103056;0.5051390231093097;3113407;18.362299378259628;444612x54001-NZ-CM000770_145520_aligned_228650_F_16_396_320;0.9298314408157954;0.043996779809737416;0.9298701793818501;0.043982661314811794;
96;6;Hyphomicrobiales;order;356;2;196;101;92;15;6.733333333333333;17;11;1648;824.0;9.598631151731405E-4;100.94732999761378;0.9113663531484658;95847;28211;0.8894281551987497;0.02354551435585471;0.8894281551987497;0.02354551435585471;5.16121063686566;2.0866589460285663E-5;0.001053762767744426;0.017194069715275387;1.1476624203157115E-4;0.002044925767107995;525;0.004706146530242661;30453;0.08660583743629192;554175;4.149635005344384;914;0.006162884423718686;41094;0.3056030193593513;3243557x66169-NZ-JBHIMO010000026_3373_aligned_206007_R_8_2825_201;0.9249712678978408;0.04075714680941481;0.9250685283887055;0.04073939886656002;
97;7;Bartonellaceae;family;772;0;0;0;0;0;;0;0;0;;0.0;0.0;;190;356;;;;;;0.0;0.0;0.0;0.0;0.0;523;0.004685279940782375;30352;0.0855520746685475;552527;4.1324409356291065;903;0.006048118181687115;40898;0.3035580935922433;;0.9251071880228852;0.04076258965411038;0.9252048204467933;0.04074444931371921;
98;8;Bartonella;genus;773;30;1424;12381;12342;1059;11.691218130311615;108;127;21962;732.0666666666667;3.1827743363482266E-4;12379.023822500481;0.9970091484569902;38777490;772;0.9340379212643349;0.047151770110225116;0.9340379212643349;0.047151770110225116;11.833039369767866;7.736447098561562E-7;3.192831717576357E-4;5.663595039286967E-4;3.2750959383910612E-6;3.672233556117222E-5;523;0.004685279940782375;30352;0.0855520746685475;552527;4.1324409356291065;903;0.006048118181687115;40898;0.3035580935922433;1933912x59330-NZ-CP019786_983226_aligned_18987_R_7_459_169;0.9251071880228852;0.04076258965411038;0.9252048204467933;0.04074444931371921;
99;9;Bartonella bacilliformis;species;774;3;529;453;453;40;11.325;64;3;6974;2324.6666666666665;1.66762687124853E-4;452.9623137469038;1.0000831995332777;2716435;773;0.90869449529451;0.06335926802407983;0.9088783526212244;0.06355073478164708;11.145626945129646;1.10438865645598E-6;1.66762687124853E-4;0.0025673354967080016;1.10438865645598E-6;1.9474053308840447E-4;3;1.10438865645598E-6;453;1.66762687124853E-4;6974;0.0025673354967080016;3;1.10438865645598E-6;529;1.9474053308840447E-4;774x82258-NZ-JBLKQQ010000017_11660_aligned_281368_R_20_1155_398;0.90869449529451;0.06335926802407983;0.9088783526212244;0.06355073478164708;
100;9;Bartonella quintana;species;803;30;555;516;516;39;13.23076923076923;22;33;9134;304.46666666666664;3.375403772864109E-4;515.9130930765406;1.0001684526417836;1528706;773;0.9188754594965431;0.042509773642767354;0.9188754594965431;0.042509773642767354;6.200430963211724;1.9624440539907607E-5;3.375403772864109E-4;0.00597498799638387;2.158688459389837E-5;3.6305214998829077E-4;30;1.9624440539907607E-5;516;3.375403772864109E-4;9134;0.00597498799638387;33;2.158688459389837E-5;555;3.6305214998829077E-4;1134502x179917-NZ-KL446937_607123_aligned_609520_R_7_54_109;0.9188754594965431;0.042509773642767354;0.9188754594965431;0.042509773642767354;
101;9;Bartonella doshiae;species;33044;0;0;7;7;3;2.3333333333333335;4;3;0;;3.611574166513175E-6;6.9999891647834875;1.0000015478904691;1938213;773;;;;;1.5275252316519468;0.0;3.611574166513175E-6;0.0;1.5478174999342177E-6;0.0;0;0.0;7;3.611574166513175E-6;0;0.0;3;1.5478174999342177E-6;0;0.0;3243456x184171-NZ-JBHIQO010000010_15172_aligned_12537_R_36_8620_368;;;;;
102;9;Bartonella grahamii;species;33045;0;0;1;1;1;1.0;1;1;0;;1.713954676182543E-6;1.000000000001863;0.999999999998137;583446;773;;;;;;0.0;1.713954676182543E-6;0.0;1.713954676182543E-6;0.0;0;0.0;8;8.285064884026758E-6;0;0.0;6;6.407604824642697E-6;0;0.0;3243464x51057-NZ-JBHIQG010000029_179_aligned_155442_R_18_2943_210;;;;;
103;10;Bartonella grahamii subsp. shimonis;subspecies;3004106;0;0;7;7;6;1.1666666666666667;2;5;0;;6.571110207844216E-6;6.999980286878642;1.000002816168125;1065269;33045;;;;;0.4082482904638632;0.0;6.571110207844216E-6;0.0;4.6936501484601545E-6;0.0;0;0.0;7;6.571110207844216E-6;0;0.0;5;4.6936501484601545E-6;0;0.0;3243544x171462-NZ-JBHINE010000034_4879_aligned_84081_R_20_4264_408;;;;;
104;9;Bartonella taylorii;species;33046;0;0;1;1;1;1.0;1;1;0;;4.989494619079528E-7;0.9999999998997068;1.0000000001002933;2004211;773;;;;;;0.0;4.989494619079528E-7;0.0;4.989494619079528E-7;0.0;0;0.0;1;4.989494619079528E-7;0;0.0;1;4.989494619079528E-7;0;0.0;38323x80688-NZ-LOAA01000073_107840_aligned_12720_R_60_6402_270;;;;;
105;9;Bartonella vinsonii;species;33047;0;0;6;6;2;3.0;5;2;0;;4.574241076227441E-6;5.999988564072336;1.0000019059915768;1311693;773;;;;;2.8284271247461903;0.0;4.574241076227441E-6;0.0;1.5247470254091468E-6;0.0;0;0.0;12;1.989541725531336E-5;0;0.0;5;9.185335114952107E-6;0;0.0;3019092x222689-NZ-JAQITB010000036_2562_aligned_208231_R_43_3219_501;;;;;
106;10;Bartonella vinsonii subsp. berkhoffii;subspecies;40933;0;0;2;2;1;2.0;2;1;0;;2.040168885180315E-6;1.9999989798611262;1.0000005100696971;980311;33047;;;;;;0.0;2.040168885180315E-6;0.0;1.0200844425901576E-6;0.0;0;0.0;4;1.3168219362017278E-5;0;0.0;2;6.584109681008639E-6;0;0.0;3019092x222689-NZ-JAQITB010000036_2562_aligned_208231_R_43_3219_501;;;;;
107;11;Bartonella vinsonii subsp. berkhoffii str. Winnie;strain;1094497;0;0;2;2;1;2.0;2;1;0;;1.1128050476836963E-5;1.9999944359863924;1.0000027820145434;179726;40933;;;;;;0.0;1.1128050476836963E-5;0.0;5.5640252384184816E-6;0.0;0;0.0;2;1.1128050476836963E-5;0;0.0;1;5.5640252384184816E-6;0;0.0;3243552x6807-NZ-JBHIMT010000117_18511_aligned_20880_R_252_6392_2;;;;;
108;10;Bartonella vinsonii subsp. arupensis;subspecies;110578;0;0;2;2;1;2.0;2;1;0;;2.1529568170686418E-6;1.9999989234601445;1.0000005382702175;928955;33047;;;;;;0.0;2.1529568170686418E-6;0.0;1.0764784085343209E-6;0.0;0;0.0;2;2.1529568170686418E-6;0;0.0;1;1.0764784085343209E-6;0;0.0;3243471x198575-NZ-JBHIPZ010000034_86529_aligned_22508_R_12_2664_223;;;;;
109;9;Bartonella henselae;species;38323;9;3048;1105;1105;91;12.142857142857142;50;10;35802;3978.0;8.018995949137069E-4;1104.5574694806642;1.0004006405565695;1377978;773;0.9119549688229763;0.017339685097375365;0.9123590225000707;0.017235693704038022;10.843914246731952;6.531308917849197E-6;8.018995949137069E-4;0.025981546875204105;7.257009908721329E-6;0.002211936620178261;9;6.531308917849197E-6;1105;8.018995949137069E-4;35802;0.025981546875204105;10;7.257009908721329E-6;3048;0.002211936620178261;38323x95719-NZ-JAUDYS010000046_1466_aligned_13635_R_207_1892_30;0.9119549688229763;0.017339685097375365;0.9123590225000707;0.017235693704038022;
110;9;Bartonella alsatica;species;52764;0;0;6;6;2;3.0;5;2;0;;5.331347702500135E-6;5.999986671854757;1.0000022213624749;1125419;773;;;;;2.8284271247461903;0.0;5.331347702500135E-6;0.0;1.7771159008333785E-6;0.0;0;0.0;6;5.331347702500135E-6;0;0.0;2;1.7771159008333785E-6;0;0.0;38323x80688-NZ-LOAA01000073_107840_aligned_12720_R_60_6402_270;;;;;
111;9;Bartonella tribocorum;species;85701;0;0;10;10;3;3.3333333333333335;8;3;0;;2.8685070625512386E-6;9.999987093411109;1.0000012906605549;3486134;773;;;;;4.041451884327381;0.0;2.8685070625512386E-6;0.0;8.605521187653716E-7;0.0;0;0.0;10;2.8685070625512386E-6;0;0.0;3;8.605521187653716E-7;0;0.0;3243517x115444-NZ-JBHIOF010000060_2060_aligned_9888_F_6_3350_189;;;;;
112;9;environmental samples;no rank;104107;0;0;0;0;0;;0;0;0;;;0.0;;0;773;;;;;;;;;;;23;2.394132501701916E-6;850;8.847880984550559E-5;20854;0.0021707495300213805;24;2.4982252191672168E-6;1352;1.4073335401308654E-4;;0.9423949241706157;0.019217373329784012;0.9425647351465768;0.019077697243595107;
113;10;uncultured Bartonella sp.;species;104108;23;1352;850;840;74;11.486486486486486;43;24;20854;906.695652173913;8.743788267085258E-5;849.9624416899737;0.9882789624560757;9606820;104107;0.9423949241706157;0.019217373329784012;0.9425647351465768;0.019077697243595107;8.345687498036538;2.394132501701916E-6;8.847880984550559E-5;0.0021707495300213805;2.4982252191672168E-6;1.4073335401308654E-4;23;2.394132501701916E-6;850;8.847880984550559E-5;20854;0.0021707495300213805;24;2.4982252191672168E-6;1352;1.4073335401308654E-4;104108x90773-NZ-CALYQK010000011_7729_aligned_237178_R_7_1870_250;0.9423949241706157;0.019217373329784012;0.9425647351465768;0.019077697243595107;
114;9;Bartonella birtlesii;species;111504;0;0;9;9;2;4.5;8;2;0;;7.3535719975978335E-6;8.999970585393946;1.0000032683002433;1223895;773;;;;;4.949747468305833;0.0;7.3535719975978335E-6;0.0;1.6341271105772962E-6;0.0;0;0.0;9;7.3535719975978335E-6;0;0.0;2;1.6341271105772962E-6;0;0.0;3243524x197392-NZ-JBHINY010000049_1887_aligned_206938_R_17_3274_258;;;;;
115;9;Bartonella rattimassiliensis;species;270250;0;0;0;0;0;;0;0;0;;;0.0;;0;773;;;;;;;;;;;0;0.0;1;6.755843804891231E-7;0;0.0;1;6.755843804891231E-7;0;0.0;;;;;;
116;10;Bartonella rattimassiliensis 15908;strain;1094556;0;0;1;1;1;1.0;1;1;0;;6.755843804891231E-7;0.9999999999250164;1.0000000000749836;1480200;270250;;;;;;0.0;6.755843804891231E-7;0.0;6.755843804891231E-7;0.0;0;0.0;1;6.755843804891231E-7;0;0.0;1;6.755843804891231E-7;0;0.0;3243456x184171-NZ-JBHIQO010000010_15172_aligned_12537_R_36_8620_368;;;;;
117;9;Bartonella japonica;species;357761;0;0;4;4;2;2.0;3;2;0;;2.740717190874508E-6;3.9999958890205463;1.0000010277459197;1459472;773;;;;;1.4142135623730951;0.0;2.740717190874508E-6;0.0;1.370358595437254E-6;0.0;0;0.0;4;2.740717190874508E-6;0;0.0;2;1.370358595437254E-6;0;0.0;596780x105845-NZ-CP166118_139050_aligned_893988_R_19_68_296;;;;;
118;9;Bartonella rochalimae;species;395923;0;0;7;7;3;2.3333333333333335;5;3;0;;4.013531334212488E-5;6.9998795951855755;1.0000172009836437;174410;773;;;;;2.3094010767585034;0.0;4.013531334212488E-5;0.0;1.7200848575196376E-5;0.0;0;0.0;7;4.013531334212488E-5;0;0.0;3;1.7200848575196376E-5;0;0.0;3243560x178750-NZ-JBHIML010000037_4012_aligned_117639_R_34_3670_389;;;;;
119;9;Bartonella queenslandensis;species;481138;0;0;1;1;1;1.0;1;1;0;;8.468569328366235E-7;0.999999999958274;1.000000000041726;1180837;773;;;;;;0.0;8.468569328366235E-7;0.0;8.468569328366235E-7;0.0;0;0.0;1;8.468569328366235E-7;0;0.0;1;8.468569328366235E-7;0;0.0;3243522x95288-NZ-JBHIOA010000076_3579_aligned_12058_R_17_4234_446;;;;;
120;9;Bartonella rattaustraliani;species;481139;0;0;0;0;0;;0;0;0;;;0.0;;0;773;;;;;;;;;;;0;0.0;6;3.399346758864505E-6;0;0.0;1;5.665577931440841E-7;0;0.0;;;;;;
121;10;Bartonella rattaustraliani AUST/NH4;strain;1205681;0;0;6;6;1;6.0;6;1;0;;3.399346758864505E-6;5.999991501428612;1.0000014164305708;1765045;481139;;;;;;0.0;3.399346758864505E-6;0.0;5.665577931440841E-7;0.0;0;0.0;6;3.399346758864505E-6;0;0.0;1;5.665577931440841E-7;0;0.0;3243500x170040-NZ-JBHIOW010000011_23635_aligned_236065_R_7_1902_117;;;;;
122;9;Bartonella jaculi;species;686226;0;0;7;7;3;2.3333333333333335;4;3;0;;4.8690232739312495E-6;6.999985393354342;1.0000020866680197;1437660;773;;;;;1.5275252316519468;0.0;4.8690232739312495E-6;0.0;2.0867242602562497E-6;0.0;0;0.0;7;4.8690232739312495E-6;0;0.0;3;2.0867242602562497E-6;0;0.0;38323x205765-NZ-JAUDYP010000035_7988_aligned_120379_R_19_2563_368;;;;;
123;9;Bartonella massiliensis;species;929795;1;160;80;80;10;8.0;17;1;2513;2513.0;5.1562804139977546E-5;79.99796330646564;1.0000254593173399;1551506;773;0.9355618203785743;;0.9355618203785743;;5.497474167490214;6.445350517497193E-7;5.1562804139977546E-5;0.0016197165850470447;6.445350517497193E-7;1.0312560827995509E-4;1;6.445350517497193E-7;80;5.1562804139977546E-5;2513;0.0016197165850470447;1;6.445350517497193E-7;160;1.0312560827995509E-4;929795x223750-NZ-CABFVS010000031_12442_aligned_232520_R_9_2398_147;0.9355618203785743;;0.9355618203785743;;
124;9;Bartonella raoultii;species;1457020;0;0;1;1;1;1.0;1;1;0;;3.1192401281508615E-7;1.0000000000840474;0.9999999999159526;3205909;773;;;;;;0.0;3.1192401281508615E-7;0.0;3.1192401281508615E-7;0.0;0;0.0;1;3.1192401281508615E-7;0;0.0;1;3.1192401281508615E-7;0;0.0;33046x45631-NZ-CADDYH010000012_28936_aligned_420390_R_10_3233_117;;;;;
125;9;Bartonella fuyuanensis;species;1460968;1;242;140;140;11;12.727272727272727;39;2;3008;3008.0;1.0031153897963102E-4;139.99302858717712;1.0000497982856236;1395652;773;0.9170584284754869;;0.9187374076561451;;12.506725463452927;7.165109927116502E-7;1.0031153897963102E-4;0.0021552650660766437;1.4330219854233004E-6;1.7339566023621934E-4;1;7.165109927116502E-7;140;1.0031153897963102E-4;3008;0.0021552650660766437;2;1.4330219854233004E-6;242;1.7339566023621934E-4;1460968x53042-NZ-JACIFE010000017_22902_aligned_125947_F_19_2597_398;0.9170584284754869;;0.9187374076561451;;
126;9;Bartonella heixiaziensis;species;1461000;0;0;23;23;2;11.5;22;2;0;;1.359023205025786E-5;22.999850506330542;1.0000064997670057;1692392;773;;;;;14.849242404917497;0.0;1.359023205025786E-5;0.0;1.1817593087180748E-6;0.0;0;0.0;23;1.359023205025786E-5;0;0.0;2;1.1817593087180748E-6;0;0.0;3243522x95288-NZ-JBHIOA010000076_3579_aligned_12058_R_17_4234_446;;;;;
127;9;Bartonella apis;species;1686310;3;767;295;295;29;10.172413793103448;27;6;11228;3742.6666666666665;5.565320544541147E-5;294.99181906972825;1.0000277327361062;5300683;773;0.9332505178298418;0.011618849645502857;0.9332505178298418;0.011618849645502857;7.086551476046731;5.659648011397777E-7;5.565320544541147E-5;0.0021182175957324746;1.1319296022795553E-6;1.4469833415806983E-4;3;5.659648011397777E-7;295;5.565320544541147E-5;11228;0.0021182175957324746;6;1.1319296022795553E-6;767;1.4469833415806983E-4;1686310x88670-NZ-CAMLCQ010000018_30988_aligned_12166_R_34_5434_353;0.9332505178298418;0.011618849645502857;0.9332505178298418;0.011618849645502857;
128;9;Bartonella kosoyi;species;2133959;0;0;1;1;1;1.0;1;1;0;;1.7224333159941713E-6;0.9999999999894449;1.0000000000105551;580574;773;;;;;;0.0;1.7224333159941713E-6;0.0;1.7224333159941713E-6;0.0;0;0.0;1;1.7224333159941713E-6;0;0.0;1;1.7224333159941713E-6;0;0.0;596780x105845-NZ-CP166118_991266_aligned_947451_R_542_34_13;;;;;
129;9;unclassified Bartonella;no rank;2645622;244;17940;10811;7081;1029;10.50631681243926;93;411;247597;1014.7418032786885;3.1453150663123566E-4;10808.404862139401;0.6551383011940947;22512848;773;0.9271542521243363;0.038587940432943356;0.9272388177621669;0.03855014710618408;10.46929961258782;1.083825555966975E-5;4.8021467563766254E-4;0.010998030991014552;1.8256241946820766E-5;7.968782981167021E-4;419;0.004649394681813245;13981;0.08309330558644612;429455;4.07918835383672;644;0.0059454382700406564;31805;0.2993053489086749;3243522x110170-NZ-JBHIOA010000062_335_aligned_12409_R_14_2623_207;0.9244490707679769;0.041351413853250946;0.9245364947820862;0.04134043570766724;
130;10;Bartonella sp. AR 15-3;species;545617;1;120;99;99;12;8.25;22;3;2432;2432.0;1.2518604036554324E-4;98.99386613430443;1.0000619620784106;790823;2645622;0.9500416319733556;;0.9500416319733556;;6.268608661055063;1.2645054582378105E-6;1.2518604036554324E-4;0.003075277274434355;3.7935163747134314E-6;1.5174065498853726E-4;1;1.2645054582378105E-6;99;1.2518604036554324E-4;2432;0.003075277274434355;3;3.7935163747134314E-6;120;1.5174065498853726E-4;545617x32771-NZ-MUYE01000001_979364_aligned_205961_F_13_2235_180;0.9500416319733556;;0.9500416319733556;;
131;10;Bartonella sp. CR84HXZ;species;1460997;0;0;2;2;1;2.0;2;1;0;;3.5785857429144E-5;1.999982107070787;1.0000089465446464;55888;2645622;;;;;;0.0;3.5785857429144E-5;0.0;1.7892928714572E-5;0.0;0;0.0;2;3.5785857429144E-5;0;0.0;1;1.7892928714572E-5;0;0.0;3243548x161724-NZ-JBHINA010000019_75731_aligned_65700_R_20_12883_203;;;;;
132;10;Bartonella sp. MF74HXZ;species;1461006;0;0;4;4;2;2.0;3;2;0;;4.4648836897798814E-5;3.9999330272562417;1.0000167434662786;89588;2645622;;;;;1.4142135623730951;0.0;4.4648836897798814E-5;0.0;2.2324418448899407E-5;0.0;0;0.0;4;4.4648836897798814E-5;0;0.0;2;2.2324418448899407E-5;0;0.0;3243548x161724-NZ-JBHINA010000019_75731_aligned_65700_R_20_12883_203;;;;;
133;10;Bartonella sp. 220B;species;2967260;0;0;1;1;1;1.0;1;1;0;;8.367836713381509E-7;1.0000000000190492;0.9999999999809508;1195052;2645622;;;;;;0.0;8.367836713381509E-7;0.0;8.367836713381509E-7;0.0;0;0.0;1;8.367836713381509E-7;0;0.0;1;8.367836713381509E-7;0;0.0;596780x105845-NZ-CP166118_968987_aligned_413248_R_16_57_195;;;;;
134;10;Bartonella sp. A05;species;2967261;0;0;2;2;1;2.0;2;1;0;;1.3736961906030938E-6;1.999999313151638;1.000000343424299;1455926;2645622;;;;;;0.0;1.3736961906030938E-6;0.0;6.868480953015469E-7;0.0;0;0.0;2;1.3736961906030938E-6;0;0.0;1;6.868480953015469E-7;0;0.0;444612x47268-NZ-CM000772_30221_aligned_446063_R_28_2103_323;;;;;
135;10;Bartonella sp. AU18XJBT;species;3019089;2;883;13;13;2;6.5;8;2;12567;6283.5;2.1887364256250528E-5;12.999868676903981;1.0000101018786638;593950;2645622;0.9384511075973265;0.03198490832588454;0.9389268135307638;0.031705432614966195;2.1213203435596424;3.367286808653927E-6;2.1887364256250528E-5;0.02115834666217695;3.367286808653927E-6;0.0014866571260207088;2;3.367286808653927E-6;13;2.1887364256250528E-5;12567;0.02115834666217695;2;3.367286808653927E-6;883;0.0014866571260207088;3243456x184171-NZ-JBHIQO010000010_15172_aligned_12537_R_36_8620_368;0.9384511075973265;0.03198490832588454;0.9389268135307638;0.031705432614966195;
136;10;Bartonella sp. AU55XJBT;species;3019091;0;0;1;1;1;1.0;1;1;0;;1.3115700148863197E-6;1.0000000000317693;0.9999999999682307;762445;2645622;;;;;;0.0;1.3115700148863197E-6;0.0;1.3115700148863197E-6;0.0;0;0.0;1;1.3115700148863197E-6;0;0.0;1;1.3115700148863197E-6;0;0.0;3243450x226966-NZ-JBHIQU010000001_114147_aligned_202416_F_15_3355_347;;;;;
137;10;Bartonella sp. ML70XJBT.G;species;3019093;1;160;8;8;1;8.0;8;1;3507;3507.0;6.300363530975737E-6;7.999977949239964;1.000002756352602;1269768;2645622;0.9488064423353466;;0.9539833189531205;;;7.875454413719672E-7;6.300363530975737E-6;0.002761921862891489;7.875454413719672E-7;1.2600727061951475E-4;1;7.875454413719672E-7;8;6.300363530975737E-6;3507;0.002761921862891489;1;7.875454413719672E-7;160;1.2600727061951475E-4;3243517x115444-NZ-JBHIOF010000060_2060_aligned_9888_F_6_3350_189;0.9488064423353466;;0.9539833189531205;;
138;10;Bartonella sp. B17;species;3239291;0;0;3;3;1;3.0;3;1;0;;2.0809186007070963E-6;2.999997919176234;1.0000006936084032;1441671;2645622;;;;;;0.0;2.0809186007070963E-6;0.0;6.93639533569032E-7;0.0;0;0.0;3;2.0809186007070963E-6;0;0.0;1;6.93639533569032E-7;0;0.0;596780x105845-NZ-CP166118_695801_aligned_75030_R_23_67_214;;;;;
139;10;Bartonella sp. B23;species;3239292;1;657;4;4;1;4.0;4;1;8570;8570.0;3.115696724312249E-6;3.999995326315087;1.0000011684225933;1283822;2645622;0.9224824355971897;;0.9230679156908665;;;7.789241810780623E-7;3.115696724312249E-6;0.006675380231838993;7.789241810780623E-7;5.117531869682869E-4;1;7.789241810780623E-7;4;3.115696724312249E-6;8570;0.006675380231838993;1;7.789241810780623E-7;657;5.117531869682869E-4;3243521x90802-NZ-JBHIOB010000007_11745_aligned_200488_R_21_8265_397;0.9224824355971897;;0.9230679156908665;;
140;10;Bartonella sp. B39;species;3239295;0;0;2;2;1;2.0;2;1;0;;1.5846931320984349E-6;1.999999207570389;1.0000003962149626;1262074;2645622;;;;;;0.0;1.5846931320984349E-6;0.0;7.923465660492174E-7;0.0;0;0.0;2;1.5846931320984349E-6;0;0.0;1;7.923465660492174E-7;0;0.0;3243548x161724-NZ-JBHINA010000019_75731_aligned_65700_R_20_12883_203;;;;;
141;10;Bartonella sp. AA78NXGY;species;3243437;0;0;2;2;1;2.0;2;1;0;;1.0574177857671566E-4;1.9999471291118172;1.0000264361429425;18914;2645622;;;;;;0.0;1.0574177857671566E-4;0.0;5.287088928835783E-5;0.0;0;0.0;2;1.0574177857671566E-4;0;0.0;1;5.287088928835783E-5;0;0.0;1460967x51077-NZ-JBHIRT010000024_8611_aligned_418990_R_21_4734_204;;;;;
142;10;Bartonella sp. AA83SXKL;species;3243439;0;0;3;3;1;3.0;3;1;0;;6.985191394244202E-5;2.999930148625493;1.00002328433365;42948;2645622;;;;;;0.0;6.985191394244202E-5;0.0;2.3283971314147342E-5;0.0;0;0.0;3;6.985191394244202E-5;0;0.0;1;2.3283971314147342E-5;0;0.0;3243544x171462-NZ-JBHINE010000034_4879_aligned_84081_R_20_4264_408;;;;;
143;10;Bartonella sp. AC130YNZD;species;3243445;0;0;3;2;2;1.5;2;2;0;;1.413727292005372E-4;2.9997879459034706;0.6667137931303486;14147;2645622;;;;;0.7071067811865476;0.0;2.1205909380080584E-4;0.0;1.413727292005372E-4;0.0;0;0.0;3;2.1205909380080584E-4;0;0.0;2;1.413727292005372E-4;0;0.0;3243542x76561-NZ-JBHING010000075_349_aligned_37662_R_26_530_426;;;;;
144;10;Bartonella sp. AD13SXNS;species;3243462;0;0;3;3;1;3.0;3;1;0;;1.7682736344506858E-5;2.9999823172979854;1.000005894268747;169657;2645622;;;;;;0.0;1.7682736344506858E-5;0.0;5.8942454481689525E-6;0.0;0;0.0;3;1.7682736344506858E-5;0;0.0;1;5.8942454481689525E-6;0;0.0;33046x45631-NZ-CADDYH010000012_28936_aligned_420390_R_10_3233_117;;;;;
145;10;Bartonella sp. AP14QHHD;species;3243467;0;0;1;1;1;1.0;1;1;0;;6.750826976304597E-5;1.0000000000007212;0.9999999999992788;14813;2645622;;;;;;0.0;6.750826976304597E-5;0.0;6.750826976304597E-5;0.0;0;0.0;1;6.750826976304597E-5;0;0.0;1;6.750826976304597E-5;0;0.0;3243492x156599-NZ-JBHIPE010000088_2292_aligned_208159_F_90_1530_70;;;;;
146;10;Bartonella sp. AP65SXKL;species;3243500;1;200;14;14;2;7.0;10;1;1994;1994.0;5.679282787716522E-4;13.99630906512883;1.0002637077285157;24651;2645622;0.895112016293279;;0.8981670061099797;;4.242640687119285;4.056630562654659E-5;5.679282787716522E-4;0.0808892134193339;4.056630562654659E-5;0.008113261125309319;1;4.056630562654659E-5;14;5.679282787716522E-4;1994;0.0808892134193339;1;4.056630562654659E-5;200;0.008113261125309319;3243500x170040-NZ-JBHIOW010000011_23635_aligned_236065_R_7_1902_117;0.895112016293279;;0.8981670061099797;;
147;10;Bartonella sp. AP72JLCBS;species;3243502;0;0;2;1;2;1.0;1;2;0;;2.3040412884198886E-5;1.999976959584571;0.5000057601702156;43402;2645622;;;;;0.0;0.0;4.608082576839777E-5;0.0;4.608082576839777E-5;0.0;0;0.0;2;4.608082576839777E-5;0;0.0;2;4.608082576839777E-5;0;0.0;3243581x174678-NZ-JBHILQ010000091_1272_aligned_123801_R_15_687_202;;;;;
148;10;Bartonella sp. AP9QHHD;species;3243507;0;0;2;2;1;2.0;2;1;0;;8.33472245374229E-5;1.9999583263858756;1.0000208372412438;23996;2645622;;;;;;0.0;8.33472245374229E-5;0.0;4.167361226871145E-5;0.0;0;0.0;2;8.33472245374229E-5;0;0.0;1;4.167361226871145E-5;0;0.0;3243548x161724-NZ-JBHINA010000019_75731_aligned_65700_R_20_12883_203;;;;;
149;10;Bartonella sp. CL100XZDX;species;3243515;1;340;17;17;2;8.5;16;2;2799;2799.0;1.2711896091465832E-4;16.998983086223312;1.000059822035914;133733;2645622;0.8772119898880463;;0.8772119898880463;;10.606601717798213;7.477585936156372E-6;1.2711896091465832E-4;0.020929763035301682;1.4955171872312743E-5;0.002542379218293166;1;7.477585936156372E-6;17;1.2711896091465832E-4;2799;0.020929763035301682;2;1.4955171872312743E-5;340;0.002542379218293166;3243522x110170-NZ-JBHIOA010000062_335_aligned_12409_R_14_2623_207;0.8772119898880463;;0.8772119898880463;;
150;10;Bartonella sp. CL1QHWL;species;3243517;1;54;7;7;1;7.0;7;1;763;763.0;4.985754985754986E-4;6.998504451043459;1.0002136955069476;14040;2645622;0.9263301500682128;;0.9263301500682128;;;7.122507122507122E-5;4.985754985754986E-4;0.054344729344729344;7.122507122507122E-5;0.0038461538461538464;1;7.122507122507122E-5;7;4.985754985754986E-4;763;0.054344729344729344;1;7.122507122507122E-5;54;0.0038461538461538464;3243522x30644-NZ-JBHIOA010000283_422_aligned_45454_R_212_378_166;0.9263301500682128;;0.9263301500682128;;
151;10;Bartonella sp. CL26QHWL;species;3243520;1;45;17;17;1;17.0;17;1;921;921.0;0.0015589179275561668;16.987534372922674;1.0007338102636716;10905;2645622;0.9494949494949495;;0.9494949494949495;;;9.170105456212746E-5;0.0015589179275561668;0.08445667125171939;9.170105456212746E-5;0.0041265474552957355;1;9.170105456212746E-5;17;0.0015589179275561668;921;0.08445667125171939;1;9.170105456212746E-5;45;0.0041265474552957355;3243522x30644-NZ-JBHIOA010000283_827_aligned_242801_R_29_536_362;0.9494949494949495;;0.9494949494949495;;
152;10;Bartonella sp. CL29QHWL;species;3243522;95;5478;1482;49;126;11.761904761904763;46;120;68395;719.9473684210526;0.0011494792155390824;1456.5512348136479;0.03364110978648073;42628;2645622;0.9159251318713468;0.0438989453172;0.9159251318713468;0.0438989453172;9.282610470274896;0.0022285821525757717;0.03476588158018204;1.6044618560570516;0.0028150511400957118;0.12850708454536924;95;0.0022285821525757717;1482;0.03476588158018204;68395;1.6044618560570516;120;0.0028150511400957118;5478;0.12850708454536924;3243522x30644-NZ-JBHIOA010000283_106_aligned_145932_F_251_403_7;0.9159251318713468;0.0438989453172;0.9159251318713468;0.0438989453172;
153;10;Bartonella sp. CL32QHWL-2;species;3243525;0;0;1;1;1;1.0;1;1;0;;3.6730945821854914E-5;1.0000000000013802;0.9999999999986198;27225;2645622;;;;;;0.0;3.6730945821854914E-5;0.0;3.6730945821854914E-5;0.0;0;0.0;1;3.6730945821854914E-5;0;0.0;1;3.6730945821854914E-5;0;0.0;1405396x144292-NZ-KE360154_330_aligned_146461_R_32_437_255;;;;;
154;10;Bartonella sp. CL34QHWL;species;3243526;2;141;8;4;2;4.0;4;2;1712;856.0;2.5292443882390134E-4;7.998229752806525;0.5001106649376291;15815;2645622;0.9159172985444415;0.04004474118981764;0.9159172985444415;0.04004474118981764;0.0;1.2646221941195067E-4;5.058488776478027E-4;0.10825165981662978;1.2646221941195067E-4;0.008915586468542522;2;1.2646221941195067E-4;8;5.058488776478027E-4;1712;0.10825165981662978;2;1.2646221941195067E-4;141;0.008915586468542522;1242993x135453-NZ-QOHL01000049_755_aligned_15383_R_13_437_382;0.9159172985444415;0.04004474118981764;0.9159172985444415;0.04004474118981764;
155;10;Bartonella sp. CL435QHHD;species;3243530;1;476;8;8;1;8.0;8;1;4832;4832.0;3.626637653565438E-4;7.99873079189619;1.0001586761871142;22059;2645622;0.900249895876718;;0.9008746355685131;;;4.533297066956798E-5;3.626637653565438E-4;0.21904891427535247;4.533297066956798E-5;0.021578494038714358;1;4.533297066956798E-5;8;3.626637653565438E-4;4832;0.21904891427535247;1;4.533297066956798E-5;476;0.021578494038714358;1460967x51077-NZ-JBHIRT010000024_8611_aligned_418990_R_21_4734_204;0.900249895876718;;0.9008746355685131;;
156;10;Bartonella sp. CL43QHWL;species;3243532;1;64;12;12;1;12.0;12;1;527;527.0;6.481581505887436E-4;11.996435771923782;1.0002971072528526;18514;2645622;0.8712273641851107;;0.8712273641851107;;;5.4013179215728635E-5;6.481581505887436E-4;0.028464945446688993;5.4013179215728635E-5;0.0034568434698066326;1;5.4013179215728635E-5;12;6.481581505887436E-4;527;0.028464945446688993;1;5.4013179215728635E-5;64;0.0034568434698066326;3243533x135413-NZ-JBHINP010000243_205_aligned_21188_F_10_270_247;0.8712273641851107;;0.8712273641851107;;
157;10;Bartonella sp. CL45QHWL;species;3243533;29;1604;691;194;46;15.021739130434783;58;30;22526;776.7586206896551;0.005372919378513861;684.4393377703175;0.28344367322893715;36107;2645622;0.9248046217080549;0.045881673059906064;0.9248046217080549;0.045881673059906064;13.3441441679442;8.031683607056803E-4;0.019137563353366385;0.6238679480433157;8.308638214196693E-4;0.04442351898523832;29;8.031683607056803E-4;691;0.019137563353366385;22526;0.6238679480433157;30;8.308638214196693E-4;1604;0.04442351898523832;3243533x135413-NZ-JBHINP010000243_810_aligned_153647_R_28_382_230;0.9248046217080549;0.045881673059906064;0.9248046217080549;0.045881673059906064;
158;10;Bartonella sp. CL50QHWL;species;3243536;1;23;5;5;1;5.0;5;1;828;828.0;2.93513354857646E-4;4.99941300774797;1.0001174122344203;17035;2645622;0.9711779448621554;;0.9711779448621554;;;5.870267097152921E-5;2.93513354857646E-4;0.04860581156442618;5.870267097152921E-5;0.0013501614323451717;1;5.870267097152921E-5;5;2.93513354857646E-4;828;0.04860581156442618;1;5.870267097152921E-5;23;0.0013501614323451717;1242993x135453-NZ-QOHL01000049_1620_aligned_16393_R_16_464_369;0.9711779448621554;;0.9711779448621554;;
159;10;Bartonella sp. CL5QHWL;species;3243537;1;59;5;5;1;5.0;5;1;1158;1158.0;3.0328763799587527E-4;4.999393461518883;1.0001213224135659;16486;2645622;0.9476950354609929;;0.9476950354609929;;;6.0657527599175054E-5;3.0328763799587527E-4;0.07024141695984472;6.0657527599175054E-5;0.0035787941283513284;1;6.0657527599175054E-5;5;3.0328763799587527E-4;1158;0.07024141695984472;1;6.0657527599175054E-5;59;0.0035787941283513284;3243522x30644-NZ-JBHIOA010000283_488_aligned_124674_R_35_575_579;0.9476950354609929;;0.9476950354609929;;
160;10;Bartonella sp. CL63NXGY;species;3243538;1;177;11;11;1;11.0;11;1;2258;2258.0;1.2458659901236804E-4;10.999377088146028;1.0000566315573127;88292;2645622;0.920556552962298;;0.920556552962298;;;1.1326054455669823E-5;1.2458659901236804E-4;0.02557423096090246;1.1326054455669823E-5;0.0020047116386535586;1;1.1326054455669823E-5;11;1.2458659901236804E-4;2258;0.02557423096090246;1;1.1326054455669823E-5;177;0.0020047116386535586;3243538x227277-NZ-JBHINK010000033_2528_aligned_13788_R_21_1986_265;0.920556552962298;;0.920556552962298;;
161;10;Bartonella sp. CL9QHWL;species;3243542;15;533;338;231;30;11.266666666666667;47;17;12165;811.0;0.012419354838709677;334.95636581477487;0.689642065580981;18600;2645622;0.9499092591231802;0.052467264541257656;0.9499092591231802;0.052467264541257656;10.754095718034302;8.064516129032258E-4;0.01817204301075269;0.6540322580645161;9.139784946236559E-4;0.028655913978494624;15;8.064516129032258E-4;338;0.01817204301075269;12165;0.6540322580645161;17;9.139784946236559E-4;533;0.028655913978494624;3243542x76561-NZ-JBHING010000075_1007_aligned_457106_R_18_543_271;0.9499092591231802;0.052467264541257656;0.9499092591231802;0.052467264541257656;
162;10;Bartonella sp. CM120XJJH;species;3243544;1;323;57;57;8;7.125;22;1;4603;4603.0;2.6476777079472135E-4;56.99258713353127;1.0001300672042026;215283;2645622;0.9271812814345068;;0.929368029739777;;7.2197645390968255;4.645048610433708E-6;2.6476777079472135E-4;0.02138115875382636;4.645048610433708E-6;0.0015003507011700878;1;4.645048610433708E-6;57;2.6476777079472135E-4;4603;0.02138115875382636;1;4.645048610433708E-6;323;0.0015003507011700878;3243544x171462-NZ-JBHINE010000034_4879_aligned_84081_R_20_4264_408;0.9271812814345068;;0.929368029739777;;
163;10;Bartonella sp. MM55XZML;species;3243552;1;204;46;46;4;11.5;12;1;2569;2569.0;0.0011108427915962327;45.97501488729671;1.000543449801257;41410;2645622;0.9196534068530917;;0.9196534068530917;;1.0;2.414875633904854E-5;0.0011108427915962327;0.062038155035015696;2.414875633904854E-5;0.004926346293165902;1;2.414875633904854E-5;46;0.0011108427915962327;2569;0.062038155035015696;1;2.414875633904854E-5;204;0.004926346293165902;3243552x239538-NZ-JBHIMT010000104_1772_aligned_22785_R_17_2251_300;0.9196534068530917;;0.9196534068530917;;
164;10;Bartonella sp. MR168JLCBS;species;3243556;1;1188;16;16;2;8.0;15;2;13003;13003.0;2.2018247622717326E-4;15.998348737434922;1.0001032145624638;72667;2645622;0.9074231095351885;;0.9084251907808525;;9.899494936611665;1.3761404764198329E-5;2.2018247622717326E-4;0.17893954614887086;2.7522809528396657E-5;0.016348548859867616;1;1.3761404764198329E-5;16;2.2018247622717326E-4;13003;0.17893954614887086;2;2.7522809528396657E-5;1188;0.016348548859867616;3243548x161724-NZ-JBHINA010000019_75731_aligned_65700_R_20_12883_203;0.9074231095351885;;0.9084251907808525;;
165;10;Bartonella sp. MU70NMGDW;species;3243561;0;0;1;1;1;1.0;1;1;0;;4.777899348772319E-6;0.9999999999886257;1.0000000000113745;209297;2645622;;;;;;0.0;4.777899348772319E-6;0.0;4.777899348772319E-6;0.0;0;0.0;1;4.777899348772319E-6;0;0.0;1;4.777899348772319E-6;0;0.0;33046x45631-NZ-CADDYH010000012_28936_aligned_420390_R_10_3233_117;;;;;
166;10;Bartonella sp. PS17NMGDW;species;3243573;0;0;2;2;1;2.0;2;1;0;;5.1275477502884244E-5;1.9999743622586137;1.0000128190350186;39005;2645622;;;;;;0.0;5.1275477502884244E-5;0.0;2.5637738751442122E-5;0.0;0;0.0;2;5.1275477502884244E-5;0;0.0;1;2.5637738751442122E-5;0;0.0;3243521x90802-NZ-JBHIOB010000007_11745_aligned_200488_R_21_8265_397;;;;;
167;10;Bartonella sp. TT110JLCBS;species;3243578;2;94;16;12;4;4.0;9;4;1402;701.0;1.158278797706608E-4;15.998841773309392;0.7500542958065505;103602;2645622;0.9271508214912123;0.046688865885609256;0.9271508214912123;0.046688865885609256;3.559026084010437;1.9304646628443465E-5;1.5443717302754772E-4;0.01353255728653887;3.860929325688693E-5;9.073183915368429E-4;2;1.9304646628443465E-5;16;1.5443717302754772E-4;1402;0.01353255728653887;4;3.860929325688693E-5;94;9.073183915368429E-4;3243522x30644-NZ-JBHIOA010000283_644_aligned_244254_R_6_491_158;0.9271508214912123;0.046688865885609256;0.9271508214912123;0.046688865885609256;
168;10;Bartonella sp. TT29SHDZB;species;3243581;15;1042;260;114;24;10.833333333333334;34;18;12327;821.8;0.0012527197204457044;259.630357539646;0.4390857875030735;91002;2645622;0.9093320018132374;0.050451049317812136;0.9094929563894664;0.050607399183292844;8.323182223094758;1.648315421639085E-4;0.0028570800641744137;0.1354585613503;1.977978505966902E-4;0.011450297795652842;15;1.648315421639085E-4;260;0.0028570800641744137;12327;0.1354585613503;18;1.977978505966902E-4;1042;0.011450297795652842;3243581x174678-NZ-JBHILQ010000091_1069_aligned_24857_R_124_565_20;0.9093320018132374;0.050451049317812136;0.9094929563894664;0.050607399183292844;
169;10;Bartonella sp. DGB2;species;3388426;0;0;1;1;1;1.0;1;1;0;;5.256531897949689E-7;0.9999999999211201;1.00000000007888;1902395;2645622;;;;;;0.0;5.256531897949689E-7;0.0;5.256531897949689E-7;0.0;0;0.0;1;5.256531897949689E-7;0;0.0;1;5.256531897949689E-7;0;0.0;2020671x138139-NZ-CP118226_923809_aligned_50828_R_22_76_256;;;;;
170;9;Bartonella refiksaydamii;species;2654951;0;0;7;7;3;2.3333333333333335;5;3;0;;1.316222441592629E-5;6.999960513450948;1.0000056409673992;531825;773;;;;;2.3094010767585034;0.0;1.316222441592629E-5;0.0;5.640953321111268E-6;0.0;0;0.0;7;1.316222441592629E-5;0;0.0;3;5.640953321111268E-6;0;0.0;3243544x171462-NZ-JBHINE010000034_4879_aligned_84081_R_20_4264_408;;;;;
171;9;Bartonella apihabitans;species;2750929;1;289;68;68;9;7.555555555555555;23;2;3115;3115.0;2.818351446767558E-5;67.99905585292836;1.0000138847085418;2412758;773;0.9059967585089141;;0.9063209076175041;;7.907450776184305;4.1446344805405265E-7;2.818351446767558E-5;0.001291053640688374;8.289268961081053E-7;1.1977993648762122E-4;1;4.1446344805405265E-7;68;2.818351446767558E-5;3115;0.001291053640688374;2;8.289268961081053E-7;289;1.1977993648762122E-4;104108x25984-NZ-CAMKYV010000041_1005_aligned_200304_F_456_8642_2;0.9059967585089141;;0.9063209076175041;;
172;9;Bartonella machadoae;species;2893471;0;0;7;7;1;7.0;7;1;0;;4.294407393251769E-6;6.999987117144542;1.0000018404113096;1630027;773;;;;;;0.0;4.294407393251769E-6;0.0;6.134867704645383E-7;0.0;0;0.0;7;4.294407393251769E-6;0;0.0;1;6.134867704645383E-7;0;0.0;3243522x95288-NZ-JBHIOA010000076_3579_aligned_12058_R_17_4234_446;;;;;
173;9;Bartonella bilalgolemii;species;2942911;1;269;122;122;9;13.555555555555555;40;2;2821;2821.0;1.5562951500995646E-4;121.99058489065618;1.000077178983544;783913;773;0.9000358294518094;;0.9036187746327481;;13.323955035115429;1.2756517623766923E-6;1.5562951500995646E-4;0.003598613621664649;2.5513035247533847E-6;3.4315032407933023E-4;1;1.2756517623766923E-6;122;1.5562951500995646E-4;2821;0.003598613621664649;2;2.5513035247533847E-6;269;3.4315032407933023E-4;2942911x201041-NZ-JAMCOF010000020_3616_aligned_121056_R_17_2614_210;0.9000358294518094;;0.9036187746327481;;
174;9;Bartonella gliris;species;3004109;0;0;12;12;3;4.0;9;3;0;;7.806040704599254E-6;11.999957066774058;1.000003577781629;1537271;773;;;;;4.358898943540674;0.0;7.806040704599254E-6;0.0;1.9515101761498134E-6;0.0;0;0.0;12;7.806040704599254E-6;0;0.0;3;1.9515101761498134E-6;0;0.0;3243533x224507-NZ-JBHINP010000021_3287_aligned_67135_R_39_3440_408;;;;;
175;9;Bartonella eidoli;species;3112254;0;0;2;2;1;2.0;2;1;0;;1.4964918489830216E-6;1.9999992516045846;1.0000003741978478;1336459;773;;;;;;0.0;1.4964918489830216E-6;0.0;7.482459244915108E-7;0.0;0;0.0;2;1.4964918489830216E-6;0;0.0;1;7.482459244915108E-7;0;0.0;3113620x187681-NZ-JBAFWY010000001_51831_aligned_274042_R_149_2470_125;;;;;
176;9;Bartonella numerosa;species;3112255;0;0;2;2;1;2.0;2;1;0;;1.8492406555558124E-6;1.9999990753677255;1.000000462316351;1081525;773;;;;;;0.0;1.8492406555558124E-6;0.0;9.246203277779062E-7;0.0;0;0.0;2;1.8492406555558124E-6;0;0.0;1;9.246203277779062E-7;0;0.0;774x203819-NZ-LQXX01000007_12392_aligned_67565_R_26_3202_415;;;;;
177;9;Bartonella vaga;species;3112257;0;0;1;1;1;1.0;1;1;0;;7.750069556874273E-7;1.0000000000448555;0.9999999999551445;1290311;773;;;;;;0.0;7.750069556874273E-7;0.0;7.750069556874273E-7;0.0;0;0.0;1;7.750069556874273E-7;0;0.0;1;7.750069556874273E-7;0;0.0;3243456x184171-NZ-JBHIQO010000010_15172_aligned_12537_R_36_8620_368;;;;;
178;9;Bartonella rhinolophi;species;3113620;2;458;226;226;16;14.125;38;2;5661;2830.5;2.079445873680104E-4;225.97660785272424;1.0001035157908513;1086828;773;0.9161657049206646;0.04878723692166145;0.9165413623211154;0.04825597713113946;10.410731642556797;1.8402175873275255E-6;2.079445873680104E-4;0.005208735880930561;1.8402175873275255E-6;4.2140982749800336E-4;2;1.8402175873275255E-6;226;2.079445873680104E-4;5661;0.005208735880930561;2;1.8402175873275255E-6;458;4.2140982749800336E-4;3113620x187681-NZ-JBAFWY010000001_51831_aligned_274042_R_149_2470_125;0.9161657049206646;0.04878723692166145;0.9165413623211154;0.04825597713113946;
179;6;Rickettsiales;order;766;37;903;2134;509;344;6.203488372093023;41;322;21343;576.8378378378378;0.012562007946889114;2078.803352821893;0.2448524047784764;40519;28211;0.9524225914032345;0.027158822681268478;0.952513436513962;0.027090749737602362;6.8020224684774435;9.131518546854562E-4;0.0526666502134801;0.52674054147437;0.007946889113749106;0.022285841210296402;83406;0.3770543653599477;2542879;6.5038840465568954;47870249;234.2700723313428;101948;0.4969062754672738;3072008;18.053442192500345;444612x54001-NZ-CM000770_1512799_aligned_194253_R_18_445_376;0.9298596997590314;0.04401722043418709;0.929898075996127;0.044003163434906394;
180;7;Rickettsiaceae;family;775;1;47;149;106;30;4.966666666666667;13;28;757;757.0;0.044519109617807646;144.46302982623936;0.7337517434564205;2381;766;0.9353507565337001;;0.9353507565337001;;3.899454721680556;4.1999160016799666E-4;0.0625787484250315;0.31793364132717344;0.011759764804703907;0.019739605207895843;20213;0.23048364360326054;680531;4.113188349180355;12304123;144.7980584221307;33056;0.3084513009316273;812889;10.664764541149815;1462938x212560-NZ-CP113531_456744_aligned_164659_R_8_327_428;0.9284819583804357;0.046089843684177456;0.9286211898170004;0.046041360537461336;
181;8;Rickettsieae;tribe;33988;73;2030;10248;4473;1219;8.406890894175554;80;880;42452;581.5342465753424;0.002729874271987755;10216.022476167276;0.4378416365503266;1638537;775;0.9468899280124989;0.034210373413804646;0.9468899280124989;0.034210373413804646;8.549584061003493;4.455193871117955E-5;0.00625435983441326;0.02590847811187663;5.37064466655315E-4;0.0012389100764889655;20212;0.23006365200309253;680382;4.050609600755323;12303366;144.48012478080352;33028;0.29669153612692345;812842;10.645024935941919;444612x44192-NZ-GG688316_28226_aligned_22931_R_16_1993_383;0.928481618542807;0.04609095856188346;0.9286208568679247;0.046042475206437;
182;9;Rickettsia;genus;780;4440;133234;253140;197768;20105;12.590897786620245;201;10351;2475377;557.5173423423423;0.04506945191418919;245976.8346142334;0.8040106716153188;4388072;33988;0.9407035603872711;0.038514097986098755;0.9407442730738619;0.03850410204541174;11.255705840245845;0.0010118338988056713;0.05768820566298821;0.5641149461540285;0.002358894749220159;0.030362765241773608;20139;0.23001910006438137;670134;4.04435524092091;12260914;144.45421630269166;32148;0.2961544716602681;810812;10.643786025865431;444612x54001-NZ-CM000770_1192084_aligned_12142_R_47_3967_396;0.9284148919629723;0.04611572482134491;0.9285546350002275;0.04606729343826953;
183;10;spotted fever group;species group;114277;7531;326249;261580;146583;21737;12.033859318213185;168;10858;4837739;642.3767096003187;0.04644543486016909;251033.19311051318;0.5839187964894718;3156026;780;0.9278584381203073;0.045698964062995416;0.928021804359653;0.045654818287208805;10.801678343648652;0.0023862287573042807;0.082882713893992;1.5328577774707812;0.003440402582234747;0.10337335623977749;15525;0.22842007823844082;412432;3.9701167985322767;9661821;143.40281475830272;21032;0.2901968727646836;668472;10.580218024792384;444612x46767-NZ-CM000771_45734_aligned_275828_R_33_2087_293;0.9249835801572863;0.0474423386256919;0.9251275973469727;0.04739959525747155;
184;11;Rickettsia conorii;species;781;0;0;0;0;0;;0;0;0;;0.0;0.0;;1602;114277;;;;;;0.0;0.0;0.0;0.0;0.0;41;1.2322146524570504E-4;869;0.0025694675218135695;58332;0.15901314063597183;106;3.8474208590299824E-4;4092;0.010998662136458736;;0.9278487822730389;0.03803845881553645;0.9296700910339685;0.035768709808469024;
185;12;Rickettsia conorii subsp. heilongjiangensis;subspecies;226665;3;86;54;54;12;4.5;15;12;1929;643.0;3.6763954984579564E-4;53.99025870111404;1.0001804269718337;146883;781;0.9539346976101827;0.012452177197124941;0.9539346976101827;0.012452177197124941;5.351295510095068;2.0424419435877536E-5;3.6763954984579564E-4;0.013132901697269255;8.169767774351014E-5;5.855000238284894E-4;3;2.0424419435877536E-5;54;3.6763954984579564E-4;1929;0.013132901697269255;12;8.169767774351014E-5;86;5.855000238284894E-4;444612x54001-NZ-CM000770_1711762_aligned_24770_R_24_368_391;0.9539346976101827;0.012452177197124941;0.9539346976101827;0.012452177197124941;
186;12;Rickettsia conorii str. Malish 7;strain;272944;1;40;21;21;10;2.1;10;10;450;450.0;1.8927103612372917E-4;20.998107397551195;1.0000901320491877;110952;781;0.9023809523809524;;0.9047619047619048;;2.8460498941515415;9.012906482082342E-6;1.8927103612372917E-4;0.004055807916937054;9.012906482082342E-5;3.605162592832937E-4;1;9.012906482082342E-6;21;1.8927103612372917E-4;450;0.004055807916937054;10;9.012906482082342E-5;40;3.605162592832937E-4;1462938x212560-NZ-CP113531_1017144_aligned_312457_R_16_190_246;0.9023809523809524;;0.9047619047619048;;
187;12;Rickettsia conorii subsp. raoultii;subspecies;369822;37;3966;794;785;118;6.728813559322034;31;84;55953;1512.2432432432433;0.001989744577629188;793.2025548704706;0.9896589404306569;394523;781;0.9264220277833269;0.039016202824513395;0.9283758847243312;0.036673183357026205;7.24263376676418;9.378413932774515E-5;0.0020125569358440446;0.14182443102176553;2.1291534333866467E-4;0.010052645853346953;37;9.378413932774515E-5;794;0.0020125569358440446;55953;0.14182443102176553;84;2.1291534333866467E-4;3966;0.010052645853346953;444612x54001-NZ-CM000770_1558130_aligned_506182_R_14_336_201;0.9264220277833269;0.039016202824513395;0.9283758847243312;0.036673183357026205;
188;11;Rickettsia rickettsii;species;783;4;292;74;74;13;5.6923076923076925;21;13;2696;674.0;6.313616080950796E-4;73.9769600195886;1.0003114480563313;117207;114277;0.889227599515346;0.02541305526558096;0.889227599515346;0.02541305526558096;7.145915096340185;3.412765449162593E-5;6.313616080950796E-4;0.023002039127355874;1.1091487709778426E-4;0.0024913187778886924;5;1.811864780210377E-4;95;0.003472765050500981;3252;0.10476674500970883;17;4.523183195036855E-4;375;0.014697201130829868;1462938x212560-NZ-CP113531_366242_aligned_187118_R_51_267_347;0.8798231442510602;0.03043988218666719;0.8798231442510602;0.03043988218666719;
189;12;Rickettsia rickettsii str. Hlp#2;strain;1105101;0;0;2;2;2;1.0;1;2;0;;4.728579534707774E-5;1.9999763571011382;1.0000118215891791;42296;783;;;;;0.0;0.0;4.728579534707774E-5;0.0;4.728579534707774E-5;0.0;0;0.0;2;4.728579534707774E-5;0;0.0;2;4.728579534707774E-5;0;0.0;789x174775-NZ-JBHEQR010000045_1001_aligned_12972_R_277_1323_53;;;;;
190;12;Rickettsia rickettsii str. Colombia;strain;1105102;1;83;19;19;2;9.5;18;2;556;556.0;0.0027941176470588237;18.974873884734265;1.0013241782484756;6800;783;0.8422053231939164;;0.8422053231939164;;12.020815280171307;1.4705882352941175E-4;0.0027941176470588237;0.08176470588235295;2.941176470588235E-4;0.012205882352941176;1;1.4705882352941175E-4;19;0.0027941176470588237;556;0.08176470588235295;2;2.941176470588235E-4;83;0.012205882352941176;1462938x212560-NZ-CP113531_17955_aligned_206685_R_30_178_350;0.8422053231939164;;0.8422053231939164;;
191;11;Rickettsia akari;species;786;0;0;0;0;0;;0;0;0;;;0.0;;0;114277;;;;;;;;;;;11;1.750254582484725E-5;163;2.593559063136456E-4;6922;0.011013874745417516;33;5.250763747454175E-5;363;5.775840122199592E-4;;0.9377623610613519;0.03018527047157635;0.939547546259965;0.029308337861546997;
192;12;Rickettsia akari str. Hartford;strain;293614;11;363;163;163;34;4.794117647058823;20;33;6922;629.2727272727273;2.593559063136456E-4;162.9789939678338;1.0001288879729517;628480;786;0.9377623610613519;0.03018527047157635;0.939547546259965;0.029308337861546997;4.854110484094934;1.750254582484725E-5;2.593559063136456E-4;0.011013874745417516;5.250763747454175E-5;5.775840122199592E-4;11;1.750254582484725E-5;163;2.593559063136456E-4;6922;0.011013874745417516;33;5.250763747454175E-5;363;5.775840122199592E-4;1462938x212560-NZ-CP113531_931277_aligned_155102_R_455_323_8;0.9377623610613519;0.03018527047157635;0.939547546259965;0.029308337861546997;
193;11;Rickettsia australis;species;787;9;732;135;135;32;4.21875;26;30;10535;1170.5555555555557;2.691135399992425E-4;134.98197098522618;1.0001335660951032;501647;114277;0.9242798499672582;0.037934935132695816;0.9242992580216006;0.037938548440075354;5.751489989278795;1.7940902666616168E-5;2.691135399992425E-4;0.021000823288089034;5.980300888872055E-5;0.0014591934168847816;9;1.7940902666616168E-5;138;6.894582226390071E-4;10535;0.021000823288089034;31;1.9991790310197542E-4;732;0.0014591934168847816;444612x54001-NZ-CM000770_600889_aligned_459989_R_18_412_210;0.9242798499672582;0.037934935132695816;0.9242992580216006;0.037938548440075354;
194;12;Rickettsia australis str. Cutlack;strain;1105110;0;0;3;3;1;3.0;3;1;0;;4.203446826397646E-4;2.9995796749503842;1.0001401279829725;7137;787;;;;;;0.0;4.203446826397646E-4;0.0;1.4011489421325487E-4;0.0;0;0.0;3;4.203446826397646E-4;0;0.0;1;1.4011489421325487E-4;0;0.0;444612x54001-NZ-CM000770_1777678_aligned_182785_R_6_197_257;;;;;
195;11;Rickettsia amblyommatis;species;33989;19;548;342;329;62;5.516129032258065;19;57;8839;465.2105263157895;6.6925281686273E-4;341.8814109220867;0.962321990870038;491593;114277;0.9293201735480451;0.041892862573082626;0.9309727095978974;0.04127121300474917;5.693660367155768;3.864985872459535E-5;6.956974570427162E-4;0.017980321119299907;1.1594957617378603E-4;0.0011147432937409604;1332;0.1030028362773498;18663;1.4379315038061908;907035;70.4432400374327;1833;0.13932008974209992;71254;5.5454796019837005;1105111x147544-NC-017028_980520_aligned_44456_R_30_132_526;0.9155783745248954;0.05035610654521699;0.9156045728862348;0.05035646304579429;
196;12;Rickettsia amblyommatis str. Ac/Pa;strain;1359164;2;114;18;18;4;4.5;10;4;1566;783.0;4.6682919238549717E-4;17.996032500636336;1.000220465225517;38558;33989;0.9249162135994637;0.0037759407321903363;0.9249162135994637;0.0037759407321903363;4.358898943540674;5.186991026505524E-5;4.6682919238549717E-4;0.04061413973753825;1.0373982053011048E-4;0.0029565848851081486;2;5.186991026505524E-5;18;4.6682919238549717E-4;1566;0.04061413973753825;4;1.0373982053011048E-4;114;0.0029565848851081486;1462938x212560-NZ-CP113531_1410684_aligned_255436_R_17_335_264;0.9249162135994637;0.0037759407321903363;0.9249162135994637;0.0037759407321903363;
197;12;Rickettsia amblyommatis str. Darkwater;strain;1359166;1311;70592;18303;979;2059;8.88926663428849;39;1772;896630;683.9282990083906;0.07685061621791349;9711.180324416211;0.10081163847185103;12739;33989;0.9153649726487787;0.0504910248056498;0.9153676408656793;0.05049152330376868;7.014449642452384;0.10291231650836015;1.4367689771567627;70.38464557657586;0.13910040034539603;5.541408273804851;1311;0.10291231650836015;18303;1.4367689771567627;896630;70.38464557657586;1772;0.13910040034539603;70592;5.541408273804851;1359166x139103-NZ-LAOH01000004_1748_aligned_146462_F_4_380_70;0.9153649726487787;0.0504910248056498;0.9153676408656793;0.05049152330376868;
198;11;Rickettsia montanensis;species;33991;0;0;0;0;0;;0;0;0;;;0.0;;0;114277;;;;;;;;;;;9;3.4833630709328836E-5;157;6.076533357071808E-4;5411;0.020942752863130923;34;1.3159371601302003E-4;458;0.0017726447627636227;;0.9040794519840512;0.05434608332635908;0.9054759808983184;0.05331829936646736;
199;12;Rickettsia montanensis str. OSU 85-930;strain;1105114;9;458;157;157;34;4.617647058823529;21;34;5411;601.2222222222222;6.076533357071808E-4;156.9526125144255;1.0003019222478386;258371;33991;0.9040794519840512;0.05434608332635908;0.9054759808983184;0.05331829936646736;6.305431549321022;3.4833630709328836E-5;6.076533357071808E-4;0.020942752863130923;1.3159371601302003E-4;0.0017726447627636227;9;3.4833630709328836E-5;157;6.076533357071808E-4;5411;0.020942752863130923;34;1.3159371601302003E-4;458;0.0017726447627636227;1462938x212560-NZ-CP113531_96581_aligned_499610_R_10_361_188;0.9040794519840512;0.05434608332635908;0.9054759808983184;0.05331829936646736;
200;11;Rickettsia rhipicephali;species;33992;23;592;402;402;58;6.931034482758621;21;57;9757;424.2173913043478;0.0010788383969856934;401.7837702855439;1.0005381743376605;372623;114277;0.9247991904770541;0.0506911026963667;0.9249500835535183;0.05076378818414005;7.2906141751859055;6.172458490216653E-5;0.0010788383969856934;0.02618464238654082;1.5296962345319533E-4;0.0015887371418296778;26;1.1270424401817924E-4;452;0.0019284993822525718;11777;0.06051094619132271;66;3.0590860080123344E-4;707;0.0035429574079434987;33992x184994-NZ-CP013134_25891_aligned_148940_R_25_56_183;0.9255667432722964;0.04814941770871552;0.9259190056914299;0.048357778580468656;
201;12;Rickettsia rhipicephali str. 3-7-female6-CWPP;strain;1105113;3;115;50;50;9;5.555555555555555;23;9;2020;673.3333333333334;8.496609852668785E-4;49.97918896475369;1.0004163940167374;58847;33992;0.9314513147024881;0.025600706094645053;0.9333474087487527;0.028120849780810735;7.073031724640981;5.097965911601271E-5;8.496609852668785E-4;0.03432630380478189;1.5293897734803814E-4;0.0019542202661138207;3;5.097965911601271E-5;50;8.496609852668785E-4;2020;0.03432630380478189;9;1.5293897734803814E-4;115;0.0019542202661138207;444612x47268-NZ-CM000772_3291_aligned_2066_F_34_315_349;0.9314513147024881;0.025600706094645053;0.9333474087487527;0.028120849780810735;
202;11;Rickettsia africae;species;35788;0;0;0;0;0;;0;0;0;;;0.0;;0;114277;;;;;;;;;;;1;7.657085100843811E-6;22;1.6845587221856384E-4;541;0.004142483039556502;9;6.89137659075943E-5;45;3.445688295379715E-4;;0.9119373776908023;;0.9119373776908023;;
203;12;Rickettsia africae ESF-5;strain;347255;1;45;22;22;9;2.4444444444444446;12;9;541;541.0;1.6845587221856384E-4;21.99823130368424;1.0000804017510019;130598;35788;0.9119373776908023;;0.9119373776908023;;3.6094013046179527;7.657085100843811E-6;1.6845587221856384E-4;0.004142483039556502;6.89137659075943E-5;3.445688295379715E-4;1;7.657085100843811E-6;22;1.6845587221856384E-4;541;0.004142483039556502;9;6.89137659075943E-5;45;3.445688295379715E-4;444612x54001-NZ-CM000770_302679_aligned_39731_R_7_328_208;0.9119373776908023;;0.9119373776908023;;
204;11;Rickettsia helvetica;species;35789;5;235;55;55;20;2.75;9;19;3032;606.4;2.080173675591242E-4;54.99438390569719;1.000102121233187;264401;114277;0.9178993936025437;0.041810521598312285;0.918167490117289;0.04142893885782594;2.692582403567252;1.8910669778102202E-5;2.080173675591242E-4;0.011467430153441175;7.186054515678836E-5;8.888014795708035E-4;5;1.8910669778102202E-5;55;2.080173675591242E-4;3032;0.011467430153441175;19;7.186054515678836E-5;235;8.888014795708035E-4;1462938x212560-NZ-CP113531_1168096_aligned_534964_R_43_301_342;0.9178993936025437;0.041810521598312285;0.918167490117289;0.04142893885782594;
205;11;Rickettsia japonica;species;35790;12;872;169;153;21;8.047619047619047;31;20;9308;775.6666666666666;0.0017275252354176547;168.83981345586668;0.9061843700744963;88566;114277;0.9070321712949605;0.04852488675652193;0.9082650623296432;0.048078367822307795;8.411160386511426;1.3549217532687487E-4;0.0019081814691868212;0.10509676399521262;2.2582029221145813E-4;0.009845764740419575;12;1.3549217532687487E-4;169;0.0019081814691868212;9308;0.10509676399521262;20;2.2582029221145813E-4;872;0.009845764740419575;652620x90159-NZ-AMRT02000009_27110_aligned_218095_R_14_654_282;0.9070321712949605;0.04852488675652193;0.9082650623296432;0.048078367822307795;
206;11;Rickettsia massiliae;species;35791;0;0;0;0;0;;0;0;0;;0.0;0.0;;1397;114277;;;;;;0.0;0.0;0.0;0.0;0.0;3;2.3442444890719137E-5;38;5.808387728665162E-4;1879;0.014682784649887086;9;3.5422847225623113E-4;141;0.0011017949098637994;;0.9210887395482746;0.0065389741157668236;0.9210887395482746;0.0065389741157668236;
207;12;Rickettsia massiliae MTU5;strain;416276;3;141;37;36;8;4.625;23;8;1879;626.3333333333334;2.8130933868862965E-4;36.994796251476956;0.9731098329420522;127973;35791;0.9210887395482746;0.0065389741157668236;0.9210887395482746;0.0065389741157668236;7.539183358579741;2.3442444890719137E-5;2.89123486985536E-4;0.014682784649887086;6.251318637525102E-5;0.0011017949098637994;3;2.3442444890719137E-5;37;2.89123486985536E-4;1879;0.014682784649887086;8;6.251318637525102E-5;141;0.0011017949098637994;1462938x212560-NZ-CP113531_1151432_aligned_267382_R_16_380_280;0.9210887395482746;0.0065389741157668236;0.9210887395482746;0.0065389741157668236;
208;12;Rickettsia massiliae str. AZT80;strain;1105112;0;0;1;1;1;1.0;1;1;0;;2.9171528588098014E-4;1.0000000000001066;0.9999999999998934;3428;35791;;;;;;0.0;2.9171528588098014E-4;0.0;2.9171528588098014E-4;0.0;0;0.0;1;2.9171528588098014E-4;0;0.0;1;2.9171528588098014E-4;0;0.0;444612x44192-NZ-GG688316_287_aligned_205343_R_10_4776_196;;;;;
209;11;Rickettsia parkeri;species;35792;2;42;58;58;16;3.625;21;16;1409;704.5;3.039641112718278E-4;57.99133787062767;1.000149369366019;190812;114277;0.962552422469926;0.042560242885953906;0.962552422469926;0.042560242885953906;5.818075283115543;1.048152107833889E-5;3.039641112718278E-4;0.007384231599689747;8.385216862671111E-5;2.2011194264511666E-4;2;1.048152107833889E-5;58;3.039641112718278E-4;1409;0.007384231599689747;16;8.385216862671111E-5;42;2.2011194264511666E-4;369822x82091-NZ-JBGCZD010000052_568_aligned_233719_R_345_3038_5;0.962552422469926;0.042560242885953906;0.962552422469926;0.042560242885953906;
210;11;Rickettsia slovaca;species;35794;2;161;30;30;7;4.285714285714286;13;7;2165;1082.5;4.374580769342938E-4;29.993657720992204;1.000211454003603;68578;114277;0.9327671175422041;0.035084715199481475;0.9327671175422041;0.035084715199481475;4.785891965429423;2.9163871795619587E-5;4.374580769342938E-4;0.0315698912187582;1.0207355128466855E-4;0.0023476916795473765;2;2.9163871795619587E-5;30;4.374580769342938E-4;2165;0.0315698912187582;7;1.0207355128466855E-4;161;0.0023476916795473765;35794x142661-NZ-JBGCZE010000063_1754_aligned_451280_R_23_1168_323;0.9327671175422041;0.035084715199481475;0.9327671175422041;0.035084715199481475;
211;11;Rickettsia honei;species;37816;0;0;0;0;0;;0;0;0;;;0.0;;0;114277;;;;;;;;;;;2;1.2321492379156964E-5;51;3.141980556685026E-4;1700;0.010473268522283419;10;6.160746189578481E-5;147;9.056296898680369E-4;;0.9052703316674239;0.04729037627926232;0.9058079660760261;0.04805070615150497;
212;12;Rickettsia honei RB;strain;1175313;2;147;51;51;10;5.1;19;10;1700;850.0;3.141980556685026E-4;50.992145838577535;1.0001540268857743;162318;37816;0.9052703316674239;0.04729037627926232;0.9058079660760261;0.04805070615150497;6.4713041790490555;1.2321492379156964E-5;3.141980556685026E-4;0.010473268522283419;6.160746189578481E-5;9.056296898680369E-4;2;1.2321492379156964E-5;51;3.141980556685026E-4;1700;0.010473268522283419;10;6.160746189578481E-5;147;9.056296898680369E-4;444612x54001-NZ-CM000770_308368_aligned_442493_R_15_476_258;0.9052703316674239;0.04729037627926232;0.9058079660760261;0.04805070615150497;
213;11;Rickettsia felis;species;42862;68;3966;1545;1532;170;9.088235294117647;28;101;56057;824.3676470588235;0.002886970941846003;1542.7545230813728;0.9930290121205462;530660;114277;0.9240895303113739;0.04970120616320538;0.9248166162217208;0.04980026631324466;7.209328469818059;1.2814231334564504E-4;0.0029114687370444354;0.10563637734142389;1.9032902423397278E-4;0.007473711981306298;68;1.2814231334564504E-4;1549;0.002998071317801342;56057;0.10563637734142389;104;2.552809598016527E-4;3966;0.007473711981306298;444612x54001-NZ-CM000770_1013206_aligned_284421_R_393_803_10;0.9240895303113739;0.04970120616320538;0.9248166162217208;0.04980026631324466;
214;12;Rickettsia felis str. LSU;strain;1359195;0;0;4;4;3;1.3333333333333333;2;3;0;;8.660258075690655E-5;3.9998700980019395;1.0000324765542075;46188;42862;;;;;0.5773502691896258;0.0;8.660258075690655E-5;0.0;6.495193556767992E-5;0.0;0;0.0;4;8.660258075690655E-5;0;0.0;3;6.495193556767992E-5;0;0.0;1462938x212560-NZ-CP113531_1391184_aligned_205906_R_8_259_149;;;;;
215;11;Rickettsia peacockii;species;47589;0;0;0;0;0;;0;0;0;;;0.0;;0;114277;;;;;;;;;;;13;1.1085340064124429E-4;245;0.0020891602428542194;5437;0.04636230302203424;32;2.7286990927075517E-4;287;0.0024473019987720853;;0.9424337822174453;0.021169931637031715;0.9424337822174453;0.021169931637031715;
216;12;Rickettsia peacockii str. Rustic;strain;562019;13;287;245;245;33;7.424242424242424;24;32;5437;418.2307692307692;0.0020891602428542194;244.74529840393566;1.0010406802407454;117272;47589;0.9424337822174453;0.021169931637031715;0.9424337822174453;0.021169931637031715;7.786327371707019;1.1085340064124429E-4;0.0020891602428542194;0.04636230302203424;2.7286990927075517E-4;0.0024473019987720853;13;1.1085340064124429E-4;245;0.0020891602428542194;5437;0.04636230302203424;32;2.7286990927075517E-4;287;0.0024473019987720853;562019x219394-NC-012732_22490_aligned_5339_F_185_89_36;0.9424337822174453;0.021169931637031715;0.9424337822174453;0.021169931637031715;
217;11;Rickettsia monacensis;species;109232;13;853;280;280;42;6.666666666666667;42;39;8340;641.5384615384615;0.001998472595944528;279.72139736919155;1.000996000425526;140107;114277;0.8837056589595338;0.05464514843498946;0.8851000177821258;0.054574861146988785;9.377364200541296;9.278622766885309E-5;0.001998472595944528;0.05952593375063345;2.783586830065593E-4;0.006088204015502438;13;9.278622766885309E-5;280;0.001998472595944528;8340;0.05952593375063345;39;2.783586830065593E-4;853;0.006088204015502438;109232x175602-NZ-LN794217_1108868_aligned_1250_F_15_373_396;0.8837056589595338;0.05464514843498946;0.8851000177821258;0.054574861146988785;
218;11;Rickettsia asiatica;species;238800;9;420;108;108;23;4.695652173913044;18;22;5528;614.2222222222222;4.6863202839562957E-4;107.9749320289435;1.0002321647310672;230458;114277;0.9196201096937967;0.040347339602093;0.9201338522836723;0.040240322218060086;5.085047444211452;3.905266903296913E-5;4.6863202839562957E-4;0.023987017157139263;9.546207985836898E-5;0.0018224578882052261;9;3.905266903296913E-5;108;4.6863202839562957E-4;5528;0.023987017157139263;22;9.546207985836898E-5;420;0.0018224578882052261;238800x60302-NZ-AP019563_770327_aligned_233655_R_7_79_170;0.9196201096937967;0.040347339602093;0.9201338522836723;0.040240322218060086;
219;11;Rickettsia sibirica subgroup;;266068;0;0;0;0;0;;0;0;0;;;0.0;;0;114277;;;;;;;;;;;13;1.2339448639259155E-4;182;0.0017037791777780183;7625;0.08225953816538957;22;2.2270233089967812E-4;767;0.008681148968540438;;0.8826468334084913;0.09600719548555567;0.8837444314831828;0.09566290543102705;
220;12;Rickettsia sibirica;species;35793;10;295;145;145;14;10.357142857142858;21;14;3784;378.4;0.001217423428264374;144.91238058325246;1.0006046372048742;119104;266068;0.8923463075691849;0.1001181270208024;0.8923463075691849;0.1001181270208024;6.845629069898351;8.396023643202579E-5;0.001217423428264374;0.03177055346587856;1.1754433100483611E-4;0.0024768269747447607;13;1.2339448639259155E-4;182;0.0017037791777780183;7625;0.08225953816538957;22;2.2270233089967812E-4;767;0.008681148968540438;35793x245395-NZ-JBGDDU010000003_32610_aligned_86851_R_5_111_65;0.8826468334084913;0.09600719548555567;0.8837444314831828;0.09566290543102705;
221;13;Rickettsia sibirica subsp. mongolitimonae;subspecies;45261;0;0;0;0;0;;0;0;0;;;0.0;;0;35793;;;;;;;;;;;3;3.943424996056575E-5;37;4.8635574951364424E-4;3841;0.05048898469951101;8;1.05157999894842E-4;472;0.006204321993795678;;0.8503152528728456;0.0903300434708707;0.8550715111965091;0.09054725751616684;
222;14;Rickettsia sibirica subsp. mongolitimonae HA-91;strain;1144280;3;472;37;37;9;4.111111111111111;11;8;3841;1280.3333333333333;4.8635574951364424E-4;36.99124693878117;1.0002366252003703;76076;45261;0.8503152528728456;0.0903300434708707;0.8550715111965091;0.09054725751616684;3.9510898637098992;3.943424996056575E-5;4.8635574951364424E-4;0.05048898469951101;1.05157999894842E-4;0.006204321993795678;3;3.943424996056575E-5;37;4.8635574951364424E-4;3841;0.05048898469951101;8;1.05157999894842E-4;472;0.006204321993795678;444612x54001-NZ-CM000770_1116030_aligned_205933_F_14_2405_282;0.8503152528728456;0.0903300434708707;0.8550715111965091;0.09054725751616684;
223;11;Rickettsia tamurae;species;334545;17;1262;222;214;61;3.639344262295082;18;59;15120;889.4117647058823;8.213048000276327E-4;221.90587963415322;0.9643728248787851;260561;114277;0.9067729919337156;0.05035405063144476;0.9099311208869296;0.04664069639421682;4.219134140576105;6.524383925453156E-5;8.520077832062358E-4;0.058028638207559845;2.264345009421978E-4;0.0048433955964246374;247;0.006170411996820959;4729;0.12048675946212749;173778;4.2694798101344045;387;0.008932935177819538;12890;0.31349946227547865;334545x209044-NZ-CCMG01000008_256301_aligned_368086_R_30_97_328;0.9186284082338911;0.04914355360752747;0.9191547257521541;0.048845224776360496;
224;12;Rickettsia tamurae subsp. buchneri;subspecies;1462938;230;11628;4507;4121;446;10.105381165919283;119;328;158658;689.8173913043478;0.10938868685796194;4247.8932068596905;0.9701279668107528;37673;334545;0.9195046781343389;0.049051145339042326;0.9198364704595837;0.04903263895796047;10.000679424694587;0.006105168157566427;0.11963475167892125;4.211451171926845;0.00870650067687734;0.308656066679054;230;0.006105168157566427;4507;0.11963475167892125;158658;4.211451171926845;328;0.00870650067687734;11628;0.308656066679054;1462938x212560-NZ-CP113531_259186_aligned_173135_F_177_345_133;0.9195046781343389;0.049051145339042326;0.9198364704595837;0.04903263895796047;
225;11;Rickettsia gravesii;species;354585;0;0;0;0;0;;0;0;0;;;0.0;;0;114277;;;;;;;;;;;7;2.2835444524549735E-5;97;3.164340169830463E-4;3839;0.012523610218535205;26;8.481736537689901E-5;247;8.057649710805406E-4;;0.9266203842963445;0.03895855617022792;0.9271269699093131;0.03888433469666829;
226;12;Rickettsia gravesii BWI-1;strain;1397702;7;247;97;97;26;3.730769230769231;20;26;3839;548.4285714285714;3.164340169830463E-4;96.9848127346183;1.0001565942641273;306541;354585;0.9266203842963445;0.03895855617022792;0.9271269699093131;0.03888433469666829;4.804645188212693;2.2835444524549735E-5;3.164340169830463E-4;0.012523610218535205;8.481736537689901E-5;8.057649710805406E-4;7;2.2835444524549735E-5;97;3.164340169830463E-4;3839;0.012523610218535205;26;8.481736537689901E-5;247;8.057649710805406E-4;1462938x212560-NZ-CP113531_963408_aligned_2789_F_29_263_333;0.9266203842963445;0.03895855617022792;0.9271269699093131;0.03888433469666829;
227;11;Rickettsia hoogstraalii;species;467174;22;959;366;366;68;5.382352941176471;20;60;13064;593.8181818181819;6.364719282838735E-4;365.8838683685026;1.0003174002505637;575045;114277;0.9143202214548682;0.05386468986196625;0.9159910091883664;0.05303270232708776;5.784770049906023;3.8257875470615344E-5;6.364719282838735E-4;0.02271822205218722;1.0433966037440549E-4;0.0016676955716509142;22;3.8257875470615344E-5;366;6.364719282838735E-4;13064;0.02271822205218722;60;1.0433966037440549E-4;959;0.0016676955716509142;467174x143355-NZ-CCXM01000001_715689_aligned_31789_R_16_262_268;0.9143202214548682;0.05386468986196625;0.9159910091883664;0.05303270232708776;
228;11;Rickettsia asembonensis;species;1068590;14;647;187;187;43;4.348837209302325;23;43;6963;497.35714285714283;3.8370229626331415E-4;186.96432019823956;1.000190837490932;487357;114277;0.8981139565583126;0.057070832256145246;0.8991070494868894;0.05743055254277982;5.515707962719842;2.8726375121317637E-5;3.8370229626331415E-4;0.01428726785498105;8.82310093011899E-5;0.0013275689073923222;14;2.8726375121317637E-5;187;3.8370229626331415E-4;6963;0.01428726785498105;43;8.82310093011899E-5;647;0.0013275689073923222;1462938x212560-NZ-CP113531_34949_aligned_157864_F_12_336_209;0.8981139565583126;0.057070832256145246;0.8991070494868894;0.05743055254277982;
229;11;Rickettsia fournieri;species;1436798;4;142;55;44;24;2.2916666666666665;8;24;2800;700.0;4.041034872294114E-4;54.986363719713204;0.8001983950836438;108883;114277;0.9353061860039691;0.05466613012717517;0.935799282650912;0.05533044494803046;2.1157621027332723;3.6736680657219215E-5;5.051293590367642E-4;0.025715676460053453;2.204200839433153E-4;0.0013041521633312821;4;3.6736680657219215E-5;55;5.051293590367642E-4;2800;0.025715676460053453;24;2.204200839433153E-4;142;0.0013041521633312821;444612x46237-NZ-GG688312_9719_aligned_225234_R_32_71_467;0.9353061860039691;0.05466613012717517;0.935799282650912;0.05533044494803046;
230;11;Rickettsia argasii;species;1441385;0;0;0;0;0;;0;0;0;;;0.0;;0;114277;;;;;;;;;;;2;1.3672969905793237E-5;97;6.63139040430972E-4;2315;0.015826462665955672;28;1.9142157868110534E-4;190;0.0012989321410503576;;0.9028621713566554;0.05259535130352558;0.9028621713566554;0.05259535130352558;
231;12;Rickettsia argasii T170-B;strain;1268837;2;190;97;92;28;3.4642857142857144;18;28;2315;1157.5;6.289566156664889E-4;96.96817621628908;0.948764879260929;146274;1441385;0.9028621713566554;0.05259535130352558;0.9028621713566554;0.05259535130352558;4.962691495378983;1.3672969905793237E-5;6.63139040430972E-4;0.015826462665955672;1.9142157868110534E-4;0.0012989321410503576;2;1.3672969905793237E-5;97;6.63139040430972E-4;2315;0.015826462665955672;28;1.9142157868110534E-4;190;0.0012989321410503576;1462938x86281-NZ-JFKF01000199_13342_aligned_136404_R_28_1178_365;0.9028621713566554;0.05259535130352558;0.9028621713566554;0.05259535130352558;
232;11;Rickettsia koreansis;species;2358204;2;92;31;31;14;2.2142857142857144;7;14;1388;694.0;1.9683289522140525E-4;30.997047687880332;1.0000952449455638;157494;114277;0.9296473168970427;0.043913272910754385;0.9296473168970427;0.043913272910754385;2.1187286256174924;1.2698896465897114E-5;1.9683289522140525E-4;0.008813034147332597;8.88922752612798E-5;5.841492374312672E-4;2;1.2698896465897114E-5;31;1.9683289522140525E-4;1388;0.008813034147332597;14;8.88922752612798E-5;92;5.841492374312672E-4;1133329x83198-NZ-LAOP01000001_386534_aligned_130841_R_8_445_274;0.9296473168970427;0.043913272910754385;0.9296473168970427;0.043913272910754385;
233;11;unclassified spotted fever group;no rank;2750824;0;0;0;0;0;;0;0;0;;;0.0;;0;114277;;;;;;;;;;;6104;0.11545802638932459;121742;2.3029776097806267;3497277;66.14665699694797;7091;0.13396733987985013;239701;4.53296878237059;;0.9240831989890211;0.048388834725498174;0.924172203027387;0.04836406359124162;
234;12;Rickettsia endosymbiont of Ixodes scapularis;species;444612;6099;239434;121657;14180;10819;11.244754598391719;132;7074;3494074;572.8929332677488;0.26838270086117155;47551.606790724625;0.2982023312567839;52835;2750824;0.9240961129977584;0.04839737383821523;0.9241801480341735;0.048375658983073444;8.92178524574029;0.11543484432667739;2.302583514715624;66.13180656761617;0.13388852086684963;4.531730860225229;6099;0.11543484432667739;121657;2.302583514715624;3494074;66.13180656761617;7074;0.13388852086684963;239434;4.531730860225229;444612x38930-NZ-GG688311_7246_aligned_20628_R_76_601_437;0.9240961129977584;0.04839737383821523;0.9241801480341735;0.048375658983073444;
235;12;Rickettsia sp. Tenjiku01;species;1736693;5;267;85;85;17;5.0;16;17;3203;640.6;3.9409506500250366E-4;84.98345013056023;1.0001947422635153;215684;2750824;0.9083306911311743;0.03683024574827314;0.9144808837493127;0.03310996805223677;5.303300858899107;2.3182062647206097E-5;3.9409506500250366E-4;0.014850429331800226;7.881901300050073E-5;0.0012379221453608057;5;2.3182062647206097E-5;85;3.9409506500250366E-4;3203;0.014850429331800226;17;7.881901300050073E-5;267;0.0012379221453608057;444612x54001-NZ-CM000770_1711762_aligned_24770_R_24_368_391;0.9083306911311743;0.03683024574827314;0.9144808837493127;0.03310996805223677;
236;11;Rickettsia tillamookensis;species;2761623;8;1075;97;97;34;2.8529411764705883;12;33;10934;1366.75;1.779943885892752E-4;96.99145676434227;1.000088082352227;544961;114277;0.9182861884087906;0.03152387062103309;0.9206478936164101;0.029879568381086255;2.8191160546824374;1.4679949574373211E-5;1.779943885892752E-4;0.020063821080774587;6.05547919942895E-5;0.0019726182240564004;8;1.4679949574373211E-5;97;1.779943885892752E-4;10934;0.020063821080774587;33;6.05547919942895E-5;1075;0.0019726182240564004;1133329x83198-NZ-LAOP01000001_821998_aligned_283872_R_29_875_374;0.9182861884087906;0.03152387062103309;0.9206478936164101;0.029879568381086255;
237;11;Candidatus Rickettsia kedanie;species;3115352;8;363;127;126;39;3.2564102564102564;20;39;5439;679.875;2.5009428157440303E-4;126.98412032733788;0.9922500520159447;503810;114277;0.9162227695239036;0.03094985175322079;0.9165254329621602;0.031139710856096275;4.024385855192191;1.5879002004724E-5;2.520791568249935E-4;0.010795736487961732;7.741013477302952E-5;7.205097159643516E-4;8;1.5879002004724E-5;127;2.520791568249935E-4;5439;0.010795736487961732;39;7.741013477302952E-5;363;7.205097159643516E-4;1462938x212560-NZ-CP113531_466485_aligned_97294_R_14_405_157;0.9162227695239036;0.03094985175322079;0.9165254329621602;0.031139710856096275;
238;10;typhus group;species group;114292;2;46;16;16;10;1.6;4;10;949;474.5;1.1159468809284678E-4;15.99916306709303;1.0000523110429878;143376;780;0.9446254900962371;0.025167658233583873;0.947064514486481;0.021718356861943535;1.2649110640673518;1.3949336011605848E-5;1.1159468809284678E-4;0.006618959937506975;6.974668005802924E-5;3.208347282669345E-4;12;2.5449852534369573E-5;139;2.5277509313689317E-4;7975;0.014705809609621862;48;1.1350263270699937E-4;398;7.246990889646168E-4;1462938x212560-NZ-CP113531_1686433_aligned_36516_R_248_193_5;0.9393922680544038;0.025328064782156202;0.9443942791029635;0.022391914703082366;
239;11;Rickettsia prowazekii;species;782;6;243;83;83;21;3.9523809523809526;14;21;3996;666.0;9.445847412008517E-5;82.9961273254026;1.0000466609072278;878693;114292;0.9246533198431884;0.019275986081593685;0.9328091371228558;0.01808982784713145;4.271723194171065;6.828323430367603E-6;9.445847412008517E-5;0.004547663404624824;2.389913200628661E-5;2.765470989298879E-4;6;6.828323430367603E-6;83;9.445847412008517E-5;3996;0.004547663404624824;21;2.389913200628661E-5;243;2.765470989298879E-4;1462938x212560-NZ-CP113531_1707678_aligned_286468_R_39_256_322;0.9246533198431884;0.019275986081593685;0.9328091371228558;0.01808982784713145;
240;11;Rickettsia typhi;species;785;4;109;40;40;17;2.3529411764705883;5;17;3030;757.5;4.6721930923961224E-5;39.999088935945885;1.0000227771201382;856129;114292;0.9588840793503102;0.023716904527865863;0.960436874381366;0.022792301675693377;1.4552137502179976;4.6721930923961224E-6;4.6721930923961224E-5;0.003539186267490063;1.9856820642683522E-5;1.2731726176779434E-4;4;4.6721930923961224E-6;40;4.6721930923961224E-5;3030;0.003539186267490063;17;1.9856820642683522E-5;109;1.2731726176779434E-4;42862x66326-NZ-JSEL01000012_83307_aligned_95522_R_23_417_458;0.9588840793503102;0.023716904527865863;0.960436874381366;0.022792301675693377;
241;10;unclassified Rickettsia;no rank;114295;38;1406;1338;1327;202;6.623762376237623;49;155;19788;520.7368421052631;3.240828479824316E-4;1337.7815782820699;0.9919407035818842;4094632;780;0.918197415936818;0.0561028624060928;0.9200902184213163;0.055023611986323495;7.413650828702461;9.28044327304627E-6;3.2676929208778715E-4;0.0048326687233431476;3.785443966637295E-5;3.43376401102712E-4;137;4.931183660762928E-4;3931;0.014511710713380978;101307;0.43297151401356676;585;0.003005822057186927;7665;0.029776236650958816;3066267x246428-NZ-OZ198175_307454_aligned_193205_F_10_232_224;0.9203720983957696;0.05295046204338238;0.9223166395869842;0.052909608547288274;
242;11;Rickettsia sp.;species;789;11;534;200;197;53;3.7735849056603774;16;53;7271;661.0;3.8171932584879265E-4;199.96144546689334;0.985189917686489;516086;114295;0.9159194936976175;0.06469089652645707;0.9168903781618983;0.06532246636763667;3.6723578122653353;2.1314277077851365E-5;3.8753231050638845E-4;0.014088737148459754;1.0269606228419295E-4;0.0010347112690520571;11;2.1314277077851365E-5;200;3.8753231050638845E-4;7271;0.014088737148459754;53;1.0269606228419295E-4;534;0.0010347112690520571;1462938x212560-NZ-CP113531_1323833_aligned_159563_R_28_288_342;0.9159194936976175;0.06469089652645707;0.9168903781618983;0.06532246636763667;
243;11;Rickettsia endosymbiont of Ixodes pacificus;species;1133329;37;3349;831;807;120;6.925;41;101;39304;1062.2702702702702;0.004353807558468884;829.1422058385085;0.9732950443451178;185355;114295;0.9083013252539944;0.045666671348257894;0.9108296681035326;0.04694788517134338;8.104529805074723;1.9961695125569851E-4;0.004483288824148256;0.21204715276091823;5.449003264006906E-4;0.018068031615009035;37;1.9961695125569851E-4;831;0.004483288824148256;39304;0.21204715276091823;101;5.449003264006906E-4;3349;0.018068031615009035;1133329x83198-NZ-LAOP01000001_2613_aligned_135071_R_6_553_513;0.9083013252539944;0.045666671348257894;0.9108296681035326;0.04694788517134338;
244;11;Rickettsia sp. MEAM1 (Bemisia tabaci);species;1182263;1;21;41;39;11;3.727272727272727;19;11;687;687.0;0.0053358872622793815;40.888008835961855;0.9538248770309081;7309;114295;0.9680365296803652;;0.9680365296803652;;5.386852682056733;1.3681762210972773E-4;0.005609522506498837;0.09399370638938295;0.0015049938432070051;0.0028731700643042824;1;1.3681762210972773E-4;41;0.005609522506498837;687;0.09399370638938295;11;0.0015049938432070051;21;0.0028731700643042824;444612x44192-NZ-GG688316_24792_aligned_294875_R_228_465_2;0.9680365296803652;;0.9680365296803652;;
245;11;Rickettsia endosymbiont of Proechinophthirus fluctus;species;1462733;4;58;96;96;25;3.84;15;25;1848;462.0;4.18630815588765E-4;95.98011775364908;1.000207149634906;229319;114295;0.9615204632348548;0.01277086994072838;0.9615204632348548;0.01277086994072838;4.552288801617636;1.7442950649531876E-5;4.18630815588765E-4;0.008058643200083726;1.0901844155957422E-4;2.529227844182122E-4;4;1.7442950649531876E-5;96;4.18630815588765E-4;1848;0.008058643200083726;25;1.0901844155957422E-4;58;2.529227844182122E-4;444612x54001-NZ-CM000770_877312_aligned_118512_R_14_251_296;0.9615204632348548;0.01277086994072838;0.9615204632348548;0.01277086994072838;
246;11;Rickettsia sp. TH2014;species;1967503;11;817;586;586;76;7.7105263157894735;57;59;9563;869.3636363636364;0.0010352387497283824;585.6972967761384;1.0005168253729833;566053;114295;0.918633017386795;0.04266412589529378;0.921675727584896;0.04145284007968198;10.68184227490581;1.943280929524267E-5;0.0010352387497283824;0.01689417775367324;1.0423052258357432E-4;0.0014433277449284784;11;1.943280929524267E-5;586;0.0010352387497283824;9563;0.01689417775367324;59;1.0423052258357432E-4;817;0.0014433277449284784;1967503x199439-NZ-MXAX01000053_1180_aligned_276767_R_23_1731_168;0.918633017386795;0.04266412589529378;0.921675727584896;0.04145284007968198;
247;11;Rickettsia endosymbiont of Halotydeus destructor;species;2996754;0;0;3;3;2;1.5;2;2;0;;2.3371220678856057E-6;2.9999976627964875;1.0000007790684444;1283630;114295;;;;;0.7071067811865476;0.0;2.3371220678856057E-6;0.0;1.5580813785904037E-6;0.0;0;0.0;3;2.3371220678856057E-6;0;0.0;2;1.5580813785904037E-6;0;0.0;2020671x138139-NZ-CP118226_727667_aligned_200188_R_9_200_251;;;;;
248;11;Rickettsia endosymbiont of Aspidapion aeneum;species;3066247;0;0;1;1;1;1.0;1;1;0;;8.643789437289307E-5;1.0000000000001243;0.9999999999998757;11569;114295;;;;;;0.0;8.643789437289307E-5;0.0;8.643789437289307E-5;0.0;0;0.0;1;8.643789437289307E-5;0;0.0;1;8.643789437289307E-5;0;0.0;444612x54001-NZ-CM000770_733369_aligned_185797_F_23_204_214;;;;;
249;11;Rickettsia endosymbiont of Cantharis rufa;species;3066248;6;163;154;154;47;3.276595744680851;20;47;3401;566.8333333333334;1.6052267851893854E-4;153.9877206564517;1.000079742355403;959366;114295;0.948225076343427;0.028046195176277676;0.9526239033228991;0.026865156772875973;3.524461893306949;6.254130331906697E-6;1.6052267851893854E-4;0.003545049543135779;4.8990687599935794E-5;1.6990387401679858E-4;6;6.254130331906697E-6;154;1.6052267851893854E-4;3401;0.003545049543135779;47;4.8990687599935794E-5;163;1.6990387401679858E-4;444612x54001-NZ-CM000770_1477469_aligned_143469_R_21_369_320;0.948225076343427;0.028046195176277676;0.9526239033228991;0.026865156772875973;
250;11;Rickettsia endosymbiont of Ceutorhynchus obstrictus;species;3066249;0;0;1;1;1;1.0;1;1;0;;9.091983598061589E-6;1.0000000000051572;0.9999999999948428;109987;114295;;;;;;0.0;9.091983598061589E-6;0.0;9.091983598061589E-6;0.0;0;0.0;1;9.091983598061589E-6;0;0.0;1;9.091983598061589E-6;0;0.0;1462938x212560-NZ-CP113531_1066573_aligned_3049_F_20_256_485;;;;;
251;11;Rickettsia endosymbiont of Orchestes rusci;species;3066250;1;74;7;7;4;1.75;4;4;672;672.0;1.6914790534483216E-5;6.999949255680952;1.0000072492409866;413839;114295;0.8847352024922118;;0.8847352024922118;;1.5;2.4163986477833167E-6;1.6914790534483216E-5;0.0016238198913103889;9.665594591133267E-6;1.7881349993596543E-4;1;2.4163986477833167E-6;7;1.6914790534483216E-5;672;0.0016238198913103889;4;9.665594591133267E-6;74;1.7881349993596543E-4;1462938x212560-NZ-CP113531_1041196_aligned_2653_F_25_296_347;0.8847352024922118;;0.8847352024922118;;
252;11;Rickettsia endosymbiont of Polydrusus tereticollis;species;3066251;1;30;64;64;17;3.764705882352941;12;17;433;433.0;5.200808075554739E-5;63.998361775431356;1.0000255979141215;1230578;114295;0.9255583126550868;;0.9255583126550868;;3.7337884876607883;8.12626261805428E-7;5.200808075554739E-5;3.518671713617503E-4;1.3814646450692276E-5;2.437878785416284E-5;1;8.12626261805428E-7;64;5.200808075554739E-5;433;3.518671713617503E-4;17;1.3814646450692276E-5;30;2.437878785416284E-5;444612x47268-NZ-CM000772_45530_aligned_50734_R_3_351_79;0.9255583126550868;;0.9255583126550868;;
253;11;Rickettsia endosymbiont of Rhinocyllus conicus;species;3066252;2;348;47;45;20;2.35;8;20;4697;2348.5;4.2379665294821204E-4;46.989820900361785;0.9576542139928338;106183;114295;0.9354416842411617;0.01836894989266427;0.9354416842411617;0.01836894989266427;1.954078056944394;1.8835406797698312E-5;4.4263205974591035E-4;0.04423495286439449;1.8835406797698313E-4;0.0032773607827995066;2;1.8835406797698312E-5;47;4.4263205974591035E-4;4697;0.04423495286439449;20;1.8835406797698313E-4;348;0.0032773607827995066;444612x47268-NZ-CM000772_53791_aligned_444819_R_9_448_289;0.9354416842411617;0.01836894989266427;0.9354416842411617;0.01836894989266427;
254;11;Rickettsia endosymbiont of Urophora cardui;species;3066265;16;561;345;330;53;6.509433962264151;24;50;8736;546.0;6.570315315405001E-4;344.88188067678567;0.9568493402796867;502259;114295;0.9334988205252402;0.03805781006548043;0.9349776382791862;0.03802375686352614;6.832114892491856;3.185607425650909E-5;6.868966011559773E-4;0.017393416544053963;9.955023205159091E-5;0.00111695360361885;16;3.185607425650909E-5;345;6.868966011559773E-4;8736;0.017393416544053963;50;9.955023205159091E-5;561;0.00111695360361885;444612x54001-NZ-CM000770_746401_aligned_29388_R_34_274_426;0.9334988205252402;0.03805781006548043;0.9349776382791862;0.03802375686352614;
255;11;Rickettsia endosymbiont of Gonocerus acuteangulatus;species;3066266;1;6;17;17;10;1.7;6;10;834;834.0;2.4658873495627402E-5;16.999802730281758;1.0000116042357299;689407;114295;0.9875621890547264;;0.9925373134328358;;1.636391694484477;1.4505219703310236E-6;2.4658873495627402E-5;0.0012097353232560738;1.4505219703310236E-5;8.703131821986142E-6;1;1.4505219703310236E-6;17;2.4658873495627402E-5;834;0.0012097353232560738;10;1.4505219703310236E-5;6;8.703131821986142E-6;444612x38930-NZ-GG688311_5153_aligned_430814_R_14_614_249;0.9875621890547264;;0.9925373134328358;;
256;11;Rickettsia endosymbiont of Pantilius tunicatus;species;3066267;7;277;145;145;15;9.666666666666666;27;14;3318;474.0;4.519893766910637E-4;144.9674615980753;1.0002244531398012;320804;114295;0.9047179276811261;0.10833009089290199;0.9049676779308763;0.10838617406830983;9.068522219088138;2.182017680577549E-5;4.519893766910637E-4;0.010342763805937582;4.364035361155098E-5;8.634555678856872E-4;7;2.182017680577549E-5;145;4.519893766910637E-4;3318;0.010342763805937582;14;4.364035361155098E-5;277;8.634555678856872E-4;3066267x246428-NZ-OZ198175_1650683_aligned_131955_R_5_178_69;0.9047179276811261;0.10833009089290199;0.9049676779308763;0.10838617406830983;
257;11;Rickettsia endosymbiont of Nabis limbatus;species;3066268;1;21;55;55;15;3.6666666666666665;16;15;755;755.0;3.1723875388617475E-4;54.99143542672555;1.0001557437664246;173371;114295;0.9710344827586207;;0.9710344827586207;;5.10834984072529;5.767977343384995E-6;3.1723875388617475E-4;0.004354822894255672;8.651966015077492E-5;1.211275242110849E-4;1;5.767977343384995E-6;55;3.1723875388617475E-4;755;0.004354822894255672;15;8.651966015077492E-5;21;1.211275242110849E-4;444612x44192-NZ-GG688316_21224_aligned_233030_R_26_3480_415;0.9710344827586207;;0.9710344827586207;;
258;10;belli group;species group;1129742;0;0;32;32;9;3.5555555555555554;16;9;0;;4.5183699980232134E-4;31.992997515191938;1.0002188755462735;70822;780;;;;;4.772607021092118;0.0;4.5183699980232134E-4;0.0;1.2707915619440286E-4;0.0;17;2.6284722362427627E-5;358;0.0010766399009178407;9630;0.014187115421623474;96;2.888720187425563E-4;752;0.0011643649697129824;1462938x212560-NZ-CP113531_748354_aligned_557855_R_16_207_173;0.9061932066890902;0.04692242292600113;0.909422206034558;0.04267991879058729;
259;11;Rickettsia canadensis;species;788;7;306;133;133;33;4.03030303030303;22;33;4090;584.2857142857143;2.1615191091290864E-4;132.98573498760368;1.0001072672373292;615308;1129742;0.91706688569569;0.031663774966684766;0.918154630438257;0.030414537403802896;5.01550625862465;1.1376416363837297E-5;2.1615191091290864E-4;0.006647077561156364;5.36316771438044E-5;4.97311915333459E-4;8;1.5577179222372406E-5;192;4.6190549692341277E-4;4380;0.007865298790131547;47;1.117042079951545E-4;353;6.947477696846092E-4;1462938x212560-NZ-CP113531_1297502_aligned_137361_R_25_391_319;0.9048373711375748;0.04534153779162583;0.905789147787321;0.04490140554528733;
260;12;Rickettsia canadensis str. McKiel;strain;293613;0;0;17;17;6;2.8333333333333335;7;6;0;;6.932154595202948E-5;16.999445438853154;1.0000326223081124;245234;788;;;;;2.8577380332470415;0.0;6.932154595202948E-5;0.0;2.446642798306923E-5;0.0;0;0.0;17;6.932154595202948E-5;0;0.0;6;2.446642798306923E-5;0;0.0;1462938x212560-NZ-CP113531_23774_aligned_29326_F_41_166_485;;;;;
261;12;Rickettsia canadensis str. CA410;strain;1105107;1;47;42;42;8;5.25;19;8;290;290.0;1.7643204005847462E-4;41.99638334603151;1.0000861182244836;238052;788;0.8192307692307692;;0.8192307692307692;;6.341473465550866;4.20076285853511E-6;1.7643204005847462E-4;0.001218221228975182;3.360610286828088E-5;1.9743585435115017E-4;1;4.20076285853511E-6;42;1.7643204005847462E-4;290;0.001218221228975182;8;3.360610286828088E-5;47;1.9743585435115017E-4;444612x54001-NZ-CM000770_1010572_aligned_27422_F_18_211_383;0.8192307692307692;;0.8192307692307692;;
262;11;Rickettsia bellii;species;33990;1;31;24;24;11;2.1818181818181817;13;11;782;782.0;3.6687655062667104E-5;23.99957809709873;1.0000175795965898;654171;1129742;0.9521276595744681;;0.9587765957446809;;3.6005050150827955;1.528652294277796E-6;3.6687655062667104E-5;0.0011954060941252365;1.6815175237055756E-5;4.738822112261167E-5;1;1.528652294277796E-6;24;3.6687655062667104E-5;782;0.0011954060941252365;11;1.6815175237055756E-5;31;4.738822112261167E-5;444612x47881-NZ-CM000773_11791_aligned_465211_R_13_460_311;0.9521276595744681;;0.9587765957446809;;
263;11;Rickettsia oklahomensis;species;3141789;8;368;110;110;29;3.793103448275862;20;29;4468;558.5;1.2620974912943956E-4;109.99312185090686;1.0000625325381933;871565;1129742;0.9018072356299334;0.05148905682279178;0.9068859655680297;0.04215506263584935;4.89445247444804;9.178890845777423E-6;1.2620974912943956E-4;0.005126410537366691;3.327347931594316E-5;4.222289789057615E-4;8;9.178890845777423E-6;110;1.2620974912943956E-4;4468;0.005126410537366691;29;3.327347931594316E-5;368;4.222289789057615E-4;1462938x212560-NZ-CP113531_1605162_aligned_2581_F_6_284_159;0.9018072356299334;0.05148905682279178;0.9068859655680297;0.04215506263584935;
264;10;Rickettsia incertae sedis;no rank;2749451;0;0;0;0;0;;0;0;0;;;0.0;;0;780;;;;;;;;;;;8;4.23349861617514E-5;134;7.09111018209336E-4;4804;0.025422159190131716;36;1.9050743772788128E-4;291;0.001539935121633707;;0.9355812462959734;0.027061667934234597;0.9376230668309445;0.026429527360250633;
265;11;Candidatus Rickettsia colombianensi;species;1090944;8;291;134;132;37;3.6216216216216215;19;36;4804;600.5;6.985272716688981E-4;133.95285509612646;0.9854213253258017;188969;2749451;0.9355812462959734;0.027061667934234597;0.9376230668309445;0.026429527360250633;4.105222631338385;4.23349861617514E-5;7.09111018209336E-4;0.025422159190131716;1.9050743772788128E-4;0.001539935121633707;8;4.23349861617514E-5;134;7.09111018209336E-4;4804;0.025422159190131716;36;1.9050743772788128E-4;291;0.001539935121633707;1462938x212560-NZ-CP113531_1495224_aligned_45472_R_28_240_358;0.9355812462959734;0.027061667934234597;0.9376230668309445;0.026429527360250633;
266;7;Anaplasmataceae;family;942;29;540;1747;1176;367;4.760217983651226;44;326;11470;395.51724137931035;0.009453376205787782;1734.797228696108;0.6778890238854567;124400;766;0.941405685097861;0.03554626991368025;0.9416318015478328;0.035693647245395636;5.056754175741921;2.3311897106109326E-4;0.014043408360128618;0.09220257234726688;0.0026205787781350483;0.004340836012861737;63156;0.14565756990200165;1860214;2.3380290471630616;35544783;88.94527336773766;68570;0.18050808542189728;2258216;7.3663918101402315;1359167x228351-NZ-LANU01000002_348470_aligned_166175_R_10_556_259;0.9302874256994759;0.04332900480314203;0.9302934926152846;0.04332794913815182;
267;8;Anaplasma;genus;768;1;55;27;26;5;5.4;13;5;556;556.0;3.938576386416759E-5;26.999468298417288;0.9629819266301671;660137;942;0.8954372623574145;;0.8954372623574145;;5.683308895353129;1.5148370716987535E-6;4.090060093586634E-5;8.422494118645069E-4;7.5741853584937676E-6;8.331603894343143E-5;30587;0.02483237025155562;946621;0.44268643067318697;20126749;14.776480100742273;32697;0.03089645809317012;1334902;1.1437690582108602;1392505x68704-NZ-JFBH01000009_40852_aligned_118187_R_23_3001_340;0.9285398452345487;0.044820796765538684;0.9285398452345487;0.044820796765538684;
268;9;Anaplasma centrale;species;769;0;0;0;0;0;;0;0;0;;;0.0;;0;768;;;;;;;;;;;0;0.0;2;2.5224084460324406E-6;0;0.0;1;1.2612042230162203E-6;0;0.0;;;;;;
269;10;Anaplasma centrale str. Israel;strain;574556;0;0;2;2;1;2.0;2;1;0;;2.5224084460324406E-6;1.9999987388768021;1.0000006305619966;792893;769;;;;;;0.0;2.5224084460324406E-6;0.0;1.2612042230162203E-6;0.0;0;0.0;2;2.5224084460324406E-6;0;0.0;1;1.2612042230162203E-6;0;0.0;2020671x138139-NZ-CP118226_919506_aligned_267794_R_68_147_119;;;;;
270;9;Anaplasma marginale;species;770;1;583;583;557;34;17.147058823529413;70;1;4323;4323.0;4.045325071283421E-4;582.8768034254541;0.9556050210380973;1376898;768;0.8641975308641975;;0.8641975308641975;;16.43745234433221;7.262702102842767E-7;4.234155325957333E-4;0.0031396661190589282;7.262702102842767E-7;4.234155325957333E-4;1;7.262702102842767E-7;584;6.062977564435753E-4;4323;0.0031396661190589282;2;1.836084940581263E-4;583;4.234155325957333E-4;770x57421-NZ-PKOF01000027_2889_aligned_269312_R_5_4229_147;0.8641975308641975;;0.8641975308641975;;
271;10;Anaplasma marginale str. Florida;strain;320483;0;0;1;1;1;1.0;1;1;0;;1.82882223847842E-4;1.0000000000002078;0.9999999999997922;5468;770;;;;;;0.0;1.82882223847842E-4;0.0;1.82882223847842E-4;0.0;0;0.0;1;1.82882223847842E-4;0;0.0;1;1.82882223847842E-4;0;0.0;2020671x138139-NZ-CP118226_200336_aligned_91287_R_22_313_225;;;;;
272;9;Anaplasma platys;species;949;0;0;1;1;1;1.0;1;1;0;;8.543481622543856E-7;0.9999999999549025;1.0000000000450975;1170483;768;;;;;;0.0;8.543481622543856E-7;0.0;8.543481622543856E-7;0.0;0;0.0;1;8.543481622543856E-7;0;0.0;1;8.543481622543856E-7;0;0.0;2020671x138139-NZ-CP118226_951269_aligned_69739_R_9_69_98;;;;;
273;9;phagocytophilum group;species group;106179;0;0;0;0;0;;0;0;0;;;0.0;;0;768;;;;;;;;;;;30583;0.024828244184382252;945688;0.4417343480055915;20117368;14.768238045063518;32686;0.03070127490147684;1333945;1.1429608190857132;;0.9285431333744799;0.04482179606608683;0.9285431333744799;0.04482179606608683;
274;10;Anaplasma phagocytophilum;species;948;29994;1306403;937531;53095;78688;11.91453588857259;204;31928;19778160;659.4038807761552;0.009954088769211935;859760.6876688089;0.06175555682124058;5333989;106179;0.9289031947709269;0.04441429512583227;0.9289031947709269;0.04441429512583227;10.677272414948417;0.005623183699853899;0.17576545433445775;3.70794915400088;0.005985764125122868;0.2449204525918595;30583;0.024828244184382252;945688;0.4417343480055915;20117368;14.768238045063518;32686;0.03070127490147684;1333945;1.1429608190857132;948x109553-NZ-FLME02000224_2436_aligned_554689_R_10_419_255;0.9285431333744799;0.04482179606608683;0.9285431333744799;0.04482179606608683;
275;11;Anaplasma phagocytophilum str. CRT53-1;strain;1359157;589;27542;8157;270;822;9.923357664233576;45;758;339208;575.9049235993209;0.008803677981023182;7162.449134022962;0.037696602788765354;30669;948;0.910207511090899;0.05936238401460337;0.910207511090899;0.05936238401460337;7.428602222349021;0.01920506048452835;0.26596889367113374;11.060288891062637;0.024715510776353974;0.8980403664938538;589;0.01920506048452835;8157;0.26596889367113374;339208;11.060288891062637;758;0.024715510776353974;27542;0.8980403664938538;1359157x118545-NZ-LAOD01000041_7668_aligned_555733_R_10_282_307;0.910207511090899;0.05936238401460337;0.910207511090899;0.05936238401460337;
276;9;Anaplasma bovis;species;186733;1;185;185;185;16;11.5625;42;1;2760;2760.0;1.7746552372474233E-4;184.9836741195934;1.000088255790595;1042456;768;0.9322344322344323;;0.9322344322344323;;11.91060451866319;9.592731012148234E-7;1.7746552372474233E-4;0.0026475937593529127;9.592731012148234E-7;1.7746552372474233E-4;1;9.592731012148234E-7;185;1.7746552372474233E-4;2760;0.0026475937593529127;1;9.592731012148234E-7;185;1.7746552372474233E-4;186733x45133-NZ-JAWLNY010000056_616_aligned_34456_R_11_2654_151;0.9322344322344323;;0.9322344322344323;;
277;9;Anaplasma capra;species;1562740;1;134;134;134;11;12.181818181818182;48;1;1742;1742.0;1.2404202988302096E-4;133.99175154804595;1.000061559400924;1080279;768;0.9217289719626168;;0.9217289719626168;;13.984406900674635;9.256867901717982E-7;1.2404202988302096E-4;0.0016125463884792725;9.256867901717982E-7;1.2404202988302096E-4;1;9.256867901717982E-7;134;1.2404202988302096E-4;1742;0.0016125463884792725;1;9.256867901717982E-7;134;1.2404202988302096E-4;1562740x235226-NZ-JAOTBF010000018_6819_aligned_236512_R_389_1351_14;0.9217289719626168;;0.9217289719626168;;
278;8;Ehrlichia;genus;943;29646;825452;836744;575445;51805;16.151800019303156;215;30906;13876759;468.0820009444782;0.5503217131512205;575910.369893398;0.9991919404169017;1045652;942;0.932112695414509;0.04166399204930375;0.9321150162941406;0.041663357825280294;11.317818213939384;0.028351688707141574;0.8002126902640649;13.270915180193793;0.029556678512545283;0.7894136863889707;32540;0.12059208067938494;911846;1.8812992081297466;15406564;74.07659069464812;35547;0.14699104855059214;922774;6.21828191591651;1359167x229926-NZ-LANU01000003_195717_aligned_230911_R_9_464_83;0.9319202104000958;0.041818546025909197;0.9319317839943723;0.04181580822218814;
279;9;canis group;species group;106178;220;5749;11103;7719;1255;8.847011952191234;85;1009;107704;489.56363636363636;0.030535830844393458;10862.715274952676;0.7105958137187416;252785;943;0.9410392556279108;0.03690798303446492;0.9412321165722997;0.03696214710324434;7.707606502815863;8.703048044781138E-4;0.043922701109638626;0.426069584825049;0.003991534307810986;0.022742646913384894;2894;0.09224039197224337;75102;1.0810865178656814;1529805;60.805675514454315;4641;0.11743437003804685;97322;5.428868229527539;2020671x138139-NZ-CP118226_1058220_aligned_45843_R_183_468_152;0.9299484029580459;0.04332828944916462;0.9300547609263242;0.043309437549323815;
280;10;Ehrlichia ruminantium;species;779;20;1932;1559;1557;143;10.902097902097902;125;55;23326;1166.3;3.2202915180789274E-4;1558.7488441255762;0.9988780462406327;4834966;106178;0.9214233872922362;0.04348194490958061;0.9215389067589083;0.04351007976371546;15.448831801094757;4.13653374191256E-6;3.22442805182084E-4;0.004824439303192618;1.1375467790259539E-5;3.9958915946875325E-4;20;4.13653374191256E-6;1561;3.310282648475945E-4;23326;0.004824439303192618;57;1.9960927455770032E-5;1932;3.9958915946875325E-4;779x96009-NZ-LUFS01000243_1734_aligned_12971_R_8_3318_354;0.9214233872922362;0.04348194490958061;0.9215389067589083;0.04351007976371546;
281;11;Ehrlichia ruminantium str. Gardel;strain;302409;0;0;2;2;2;1.0;1;2;0;;8.585459665510492E-6;1.9999957072607089;1.0000021463742526;232952;779;;;;;0.0;0.0;8.585459665510492E-6;0.0;8.585459665510492E-6;0.0;0;0.0;2;8.585459665510492E-6;0;0.0;2;8.585459665510492E-6;0;0.0;2020671x138139-NZ-CP118226_767997_aligned_351083_R_421_163_4;;;;;
282;10;Ehrlichia canis;species;944;10;367;131;128;42;3.119047619047619;17;42;4952;495.2;1.1257715492903242E-4;130.99251125645065;0.9771550966711977;1136998;106178;0.9205438059755846;0.03686385561915099;0.9222939479275967;0.036933086348944835;3.755986317492293;8.795090228830658E-6;1.1521568199768161E-4;0.0043553286813169416;3.693937896108876E-5;3.2277981139808515E-4;10;8.795090228830658E-6;131;1.1521568199768161E-4;4952;0.0043553286813169416;42;3.693937896108876E-5;367;3.2277981139808515E-4;1359167x229926-NZ-LANU01000003_217442_aligned_151770_F_11_349_167;0.9205438059755846;0.03686385561915099;0.9222939479275967;0.036933086348944835;
283;10;Ehrlichia chaffeensis;species;945;49;1997;834;834;136;6.132352941176471;115;129;27438;559.9591836734694;7.01028258835772E-4;833.7080897841522;1.0003501348006871;1189681;106178;0.9211440827113045;0.06238179488144829;0.9211440827113045;0.06238179488144829;11.159987271683576;4.118751161025519E-5;7.01028258835772E-4;0.023063325378820037;1.0843242852495752E-4;0.0016786012384832573;49;4.118751161025519E-5;834;7.01028258835772E-4;27438;0.023063325378820037;129;1.0843242852495752E-4;1997;0.0016786012384832573;1249655x209288-NZ-CP007478_553983_aligned_59678_F_9_179_152;0.9211440827113045;0.06238179488144829;0.9211440827113045;0.06238179488144829;
284;10;Ehrlichia muris;species;35795;2174;63758;51782;35150;3964;13.063067608476286;210;2573;1034807;475.99218031278747;0.05452706497020014;49756.8582894106;0.7064352776365047;644634;106178;0.9302793398645135;0.04313701163646891;0.9303695481802129;0.04311626110148361;10.64254424200071;0.0033724563085409704;0.08032775187160467;1.6052628313120314;0.003991412181175675;0.09890573565775308;2227;0.09097718246789965;52641;1.0280302729229174;1073952;60.07989335280195;2707;0.11256189716762786;67063;5.385106308789936;1359167x228351-NZ-LANU01000002_413643_aligned_132293_R_14_502_218;0.9297329621617973;0.04354491336817985;0.9298229784547567;0.043525421042504495;
285;11;Ehrlichia cf. muris str. EmCRT;strain;1359167;4;280;49;49;7;7.0;23;7;2468;617.0;0.2;44.493045241472;1.1012957133877423;245;35795;0.8783473039485649;0.0347473818658895;0.8783473039485649;0.0347473818658895;8.621678104251709;0.0163265306122449;0.2;10.073469387755102;0.02857142857142857;1.1428571428571428;4;0.0163265306122449;49;0.2;2468;10.073469387755102;7;0.02857142857142857;280;1.1428571428571428;1359167x228878-NZ-LANU01000001_35236_aligned_54129_R_12_324_170;0.8783473039485649;0.0347473818658895;0.8783473039485649;0.0347473818658895;
286;11;Ehrlichia muris AS145;strain;1423892;32;2037;632;626;126;5.015873015873016;31;108;25137;785.53125;0.002904804992923598;631.075650959782;0.9919571434073512;215505;35795;0.9172517501907532;0.03969904063425412;0.9173877941310705;0.03970123219314391;6.759862870779705;1.4848843414305932E-4;0.0029326465743254215;0.11664230528294008;5.011484652328252E-4;0.00945221688591912;32;1.4848843414305932E-4;632;0.0029326465743254215;25137;0.11664230528294008;108;5.011484652328252E-4;2037;0.00945221688591912;1423892x42175-NC-023063_854512_aligned_26056_R_325_578_10;0.9172517501907532;0.03969904063425412;0.9173877941310705;0.03970123219314391;
287;11;Ehrlichia muris subsp. eauclairensis;subspecies;2020671;17;988;178;149;19;9.368421052631579;28;19;11540;678.8235294117648;0.6234309623430963;125.68956984579683;1.1854603383781308;239;35795;0.8954456851159979;0.07444324994997349;0.8954456851159979;0.07444324994997349;6.775860144790061;0.07112970711297072;0.7447698744769874;48.28451882845188;0.0794979079497908;4.133891213389122;17;0.07112970711297072;178;0.7447698744769874;11540;48.28451882845188;19;0.0794979079497908;988;4.133891213389122;2020671x138139-NZ-CP118226_549945_aligned_256_F_10_509_276;0.8954456851159979;0.07444324994997349;0.8954456851159979;0.07444324994997349;
288;10;Ehrlichia japonica;species;391036;68;3761;1219;1203;342;3.564327485380117;31;340;49043;721.2205882352941;0.0014508204431816264;1218.1051369175184;0.9875994801600273;829186;106178;0.9126826370742663;0.052893960534473705;0.9132706272425165;0.05277293448702758;5.028973180210601;8.200813810170457E-5;0.001470116475676145;0.0591459576017926;4.1004069050852284E-4;0.004535773638242807;68;8.200813810170457E-5;1219;0.001470116475676145;49043;0.0591459576017926;340;4.1004069050852284E-4;3761;0.004535773638242807;2020671x138139-NZ-CP118226_283600_aligned_239856_R_16_132_293;0.9126826370742663;0.052893960534473705;0.9132706272425165;0.05277293448702758;
289;10;Ehrlichia minasensis;species;1242993;300;16453;7613;1602;635;11.988976377952756;103;357;243390;811.3;0.0013711914558167363;7588.253279865626;0.21111577868001377;1168327;106178;0.9296478333620564;0.03818538118290029;0.9296648637877799;0.03817620774986339;10.354057315553304;2.567774261829094E-4;0.006516155151768298;0.2083235258621944;3.055651371576622E-4;0.014082529976624694;300;2.567774261829094E-4;7613;0.006516155151768298;243390;0.2083235258621944;357;3.055651371576622E-4;16453;0.014082529976624694;1242993x138247-NZ-QOHL01000046_1938_aligned_225717_R_13_468_246;0.9296478333620564;0.03818538118290029;0.9296648637877799;0.03817620774986339;
290;4;Spirochaetota;phylum;203691;0;0;0;0;0;;0;0;0;;;0.0;;0;3379134;;;;;;;;;;;5876;0.007702944796400262;225410;0.20188706328146785;3538812;5.25927375924522;11371;0.022028002808659426;227057;0.3969080060614421;;0.9330482249224297;0.04397005859596091;0.9334999588824466;0.043617884882201426;
291;5;Spirochaetia;class;203692;0;0;7;7;1;7.0;7;1;0;;0.0060189165950128975;6.9819691046600605;1.002582494289169;1163;203691;;;;;;0.0;0.0060189165950128975;0.0;8.598452278589854E-4;0.0;5876;0.007702944796400262;225410;0.20188706328146785;3538812;5.25927375924522;11371;0.022028002808659426;227057;0.3969080060614421;139x85140-NZ-PHOV01000001_303511_aligned_10513_F_27_773_289;0.9330482249224297;0.04397005859596091;0.9334999588824466;0.043617884882201426;
292;6;Spirochaetales;order;136;1;9;58;55;9;6.444444444444445;13;8;387;387.0;0.037237643872714964;56.894853030482466;0.9666955281619717;1477;203692;0.9747899159663865;;0.9747899159663865;;4.0034707164881045;6.770480704129993E-4;0.03926878808395396;0.26201760324983076;0.005416384563303994;0.006093432633716994;5876;0.007702944796400262;225403;0.195868146686455;3538812;5.25927375924522;11370;0.02116815758080044;227057;0.3969080060614421;139x183957-NZ-CM135760_440087_aligned_271601_R_192_2960_162;0.9330482249224297;0.04397005859596091;0.9334999588824466;0.043617884882201426;
293;7;Borreliaceae;family;1643685;82;1273;16598;15456;2172;7.641804788213628;114;1517;36011;439.1585365853659;0.03231059647919859;16313.360423114646;0.9474442787459144;478357;136;0.9583710604457728;0.025913099410316224;0.9583932737826603;0.025940507293512913;7.40483378561274;1.7142009001645215E-4;0.03469793480601308;0.07528059587295681;0.003171271665304365;0.0026611923730602877;5875;0.007025896725987263;225345;0.156599358602501;3538425;4.997256155995389;11362;0.015751773017496445;227048;0.39081457342772513;139x183957-NZ-CM135760_440087_aligned_271601_R_192_2960_162;0.9330411199537413;0.04397042776859666;0.9334929308046451;0.04361827004894556;
294;8;Borrelia;genus;138;1;7;454;454;68;6.676470588235294;25;43;497;497.0;8.534848500799343E-5;453.9806691974811;1.0000425806732103;5319368;1643685;0.9850107066381156;;0.9850107066381156;;6.896767957010978;1.8799225772685778E-7;8.534848500799343E-5;9.343215209024831E-5;8.083667082254885E-6;1.3159458040880045E-6;10;3.3703518158204534E-5;1417;0.001980304075345787;19347;0.04185806962333748;72;1.1083564741225558E-4;1187;0.0028963014664300265;1432657x56690-NZ-AZIT01000065_5934_aligned_12095_R_31_5433_449;0.9455705176140731;0.0340729949077121;0.946715555782012;0.03458372726747925;
295;9;Borrelia hermsii;species;140;0;0;6;6;2;3.0;5;2;0;;7.195046929693599E-6;5.999982012285796;1.0000029979613552;833907;138;;;;;2.8284271247461903;0.0;7.195046929693599E-6;0.0;2.398348976564533E-6;0.0;0;0.0;6;7.195046929693599E-6;0;0.0;2;2.398348976564533E-6;0;0.0;139x85140-NZ-PHOV01000001_508460_aligned_454386_R_447_608_1;;;;;
296;9;Borrelia parkeri;species;141;1;8;8;8;1;8.0;8;1;442;442.0;1.3829728384134536E-5;7.9999515959041645;1.0000060505485884;578464;138;0.9805825242718447;;0.9805825242718447;;;1.728716048016817E-6;1.3829728384134536E-5;7.640924932234331E-4;1.728716048016817E-6;1.3829728384134536E-5;1;1.728716048016817E-6;8;1.3829728384134536E-5;442;7.640924932234331E-4;1;1.728716048016817E-6;8;1.3829728384134536E-5;139x21257-NZ-PHOM01000006_11336_aligned_3435_F_15_214_203;0.9805825242718447;;0.9805825242718447;;
297;9;Borrelia anserina;species;143;1;9;6;6;2;3.0;5;2;292;292.0;6.598932292755032E-6;5.999983502506501;1.00000274958981;909238;138;0.9541984732824428;;0.9656488549618321;;2.8284271247461903;1.0998220487925054E-6;6.598932292755032E-6;3.211480382474116E-4;2.1996440975850108E-6;9.898398439132549E-6;1;1.0998220487925054E-6;6;6.598932292755032E-6;292;3.211480382474116E-4;2;2.1996440975850108E-6;9;9.898398439132549E-6;139x228897-NZ-CP132429_406511_aligned_372885_R_23_81_190;0.9541984732824428;;0.9656488549618321;;
298;9;Borrelia coriaceae;species;144;1;297;298;298;29;10.275862068965518;41;3;4195;4195.0;2.046309775592606E-4;297.9696143517183;1.0001019756606653;1456280;138;0.9286914765906362;;0.9286914765906362;;9.945912842268921;6.866811327491966E-7;2.046309775592606E-4;0.00288062735188288;2.0600433982475897E-6;2.0394429642651139E-4;1;6.866811327491966E-7;298;2.046309775592606E-4;4195;0.00288062735188288;3;2.0600433982475897E-6;297;2.0394429642651139E-4;1408429x179236-NZ-KI912385_8556_aligned_12505_R_37_3754_526;0.9286914765906362;;0.9286914765906362;;
299;9;Borrelia duttonii;species;40834;1;32;26;26;4;6.5;14;3;281;281.0;5.526153584560777E-4;25.993093482483108;1.0002657058699669;47049;138;0.8725099601593626;;0.8725099601593626;;5.446711546122731;2.1254436863695298E-5;5.526153584560777E-4;0.005972496758698378;6.376331059108588E-5;6.801419796382495E-4;3;2.836820590003774E-5;258;0.0013228327959635845;8421;0.03373905970947677;5;7.087707962742833E-5;542;0.0024133803343465874;412419x143222-NC-011250_13683_aligned_32_F_24_2042_288;0.9161855628671836;0.03791618798807739;0.9161855628671836;0.03791618798807739;
300;10;Borrelia duttonii Ly;strain;412419;1;136;35;35;6;5.833333333333333;15;1;2322;2322.0;1.3636930365937286E-4;34.997681821471694;1.0000662380594272;256656;40834;0.9406631762652705;;0.9406631762652705;;6.735478206235001;3.896265818839225E-6;1.3636930365937286E-4;0.009047129231344679;3.896265818839225E-6;5.298921513621345E-4;1;3.896265818839225E-6;35;1.3636930365937286E-4;2322;0.009047129231344679;1;3.896265818839225E-6;136;5.298921513621345E-4;412419x143222-NC-011250_13683_aligned_32_F_24_2042_288;0.9406631762652705;;0.9406631762652705;;
301;10;Borrelia duttonii CR2A;strain;1432657;1;374;197;197;17;11.588235294117647;29;1;5818;5818.0;6.338481338481339E-4;196.93789587309772;1.0003153487886471;310800;40834;0.9353835521769177;;0.9353835521769177;;8.711047752203891;3.2175032175032174E-6;6.338481338481339E-4;0.018719433719433718;3.2175032175032174E-6;0.0012033462033462033;1;3.2175032175032174E-6;197;6.338481338481339E-4;5818;0.018719433719433718;1;3.2175032175032174E-6;374;0.0012033462033462033;1432657x56690-NZ-AZIT01000065_5934_aligned_12095_R_31_5433_449;0.9353835521769177;;0.9353835521769177;;
302;9;Borrelia persica;species;44448;0;0;0;0;0;;0;0;0;;;0.0;;0;138;;;;;;;;;;;0;0.0;14;9.722384261959921E-6;0;0.0;3;2.083368056134269E-6;0;0.0;;;;;;
303;10;Borrelia persica No12;strain;1417230;0;0;14;14;3;4.666666666666667;11;3;0;;9.722384261959921E-6;13.999936804304493;1.0000045139986267;1439976;44448;;;;;5.507570547286102;0.0;9.722384261959921E-6;0.0;2.083368056134269E-6;0.0;0;0.0;14;9.722384261959921E-6;0;0.0;3;2.083368056134269E-6;0;0.0;664662x200922-NZ-JACFAW010000010_823_aligned_118214_R_61_4818_579;;;;;
304;9;Borrelia miyamotoi;species;47466;2;97;112;112;8;14.0;62;5;2031;1015.5;3.656599590917921E-5;111.99797061768852;1.0000181198132456;3062955;138;0.9623364335467246;0.033853552100053405;0.9623364335467246;0.033853552100053405;19.78455385973036;6.529642126639144E-7;3.656599590917921E-5;6.630851579602051E-4;1.6324105316597862E-6;3.166876431419985E-5;2;6.529642126639144E-7;112;3.656599590917921E-5;2031;6.630851579602051E-4;5;1.6324105316597862E-6;97;3.166876431419985E-5;47466x139815-NZ-CP044677_997_aligned_237766_R_10_1118_385;0.9623364335467246;0.033853552100053405;0.9623364335467246;0.033853552100053405;
305;9;Candidatus Borrelia fainii;species;2518322;0;0;2;2;1;2.0;2;1;0;;3.459345768528256E-6;1.999998270344701;1.0000008648283973;578144;138;;;;;;0.0;3.459345768528256E-6;0.0;1.729672884264128E-6;0.0;0;0.0;2;3.459345768528256E-6;0;0.0;1;1.729672884264128E-6;0;0.0;139x24741-NZ-PHOH01000001_419657_aligned_238446_R_33_989_408;;;;;
306;9;unclassified Borrelia;no rank;2649934;0;0;11;11;1;11.0;11;1;0;;1.3083603033968602E-5;10.999934582062586;1.0000059471205875;840747;138;;;;;;0.0;1.3083603033968602E-5;0.0;1.1894184576335092E-6;0.0;1;9.791365582175015E-7;259;2.901203832686974E-4;3469;0.0033966247204565126;7;1.804269671010023E-5;227;2.2226399871537282E-4;139x134991-NZ-CM135758_853108_aligned_122881_R_293_1091_9;0.9339924396626926;;0.9339924396626926;;
307;10;Borrelia sp. HM;species;1882662;0;0;7;7;2;3.5;5;2;0;;8.728473402471155E-6;6.9999738145390085;1.0000037407941351;801973;2649934;;;;;2.1213203435596424;0.0;8.728473402471155E-6;0.0;2.493849543563187E-6;0.0;0;0.0;7;8.728473402471155E-6;0;0.0;2;2.493849543563187E-6;0;0.0;139x243106-NZ-PHQG01000001_680406_aligned_35790_R_40_1325_357;;;;;
308;10;Borrelia sp. BU AG58;species;2887345;0;0;11;11;2;5.5;9;2;0;;1.298754966261888E-5;10.999935062057023;1.0000059034842124;846965;2649934;;;;;4.949747468305833;0.0;1.298754966261888E-5;0.0;2.3613726659307056E-6;0.0;0;0.0;11;1.298754966261888E-5;0;0.0;2;2.3613726659307056E-6;0;0.0;139x182791-NZ-CP124088_784901_aligned_10816_F_17_541_203;;;;;
309;10;Borrelia sp. P9F1;species;3058374;1;227;227;227;19;11.947368421052632;41;1;3469;3469.0;2.2226399871537282E-4;226.97488600042843;1.000110646600662;1021308;2649934;0.9339924396626926;;0.9339924396626926;;10.695137442421238;9.791365582175015E-7;2.2226399871537282E-4;0.0033966247204565126;9.791365582175015E-7;2.2226399871537282E-4;1;9.791365582175015E-7;227;2.2226399871537282E-4;3469;0.0033966247204565126;1;9.791365582175015E-7;227;2.2226399871537282E-4;3058374x75720-NZ-CP129412_3096_aligned_124926_F_20_3198_319;0.9339924396626926;;0.9339924396626926;;
310;10;Borrelia sp. MN22-0132;species;3085635;0;0;3;3;1;3.0;3;1;0;;3.3056758454265975E-5;2.9999669433599125;1.0000110190014462;90753;2649934;;;;;;0.0;3.3056758454265975E-5;0.0;1.1018919484755325E-5;0.0;0;0.0;3;3.3056758454265975E-5;0;0.0;1;1.1018919484755325E-5;0;0.0;139x134991-NZ-CM135758_529722_aligned_216169_R_37_575_373;;;;;
311;8;Borreliella;genus;64895;2620;71279;143342;132627;12430;11.531938857602574;143;5277;1374077;524.4568702290077;0.020626642330317416;141756.05077380626;0.935600274387066;6429888;1643685;0.9429139490143921;0.036837306829137946;0.9429964920370729;0.03682060942228508;10.141126699834574;4.0747210526839657E-4;0.022293078821901718;0.213701545034688;8.20698587595927E-4;0.011085574118864901;5783;0.0068207731178126065;207330;0.11992111972114215;3483067;4.880117490499096;9773;0.012469665704779826;224588;0.3852570795882348;139x221052-NZ-PHPU01000001_793974_aligned_127059_R_10_472_184;0.9326602883616697;0.04408437266718851;0.9331169919538805;0.043729857709080285;
312;9;Borreliella burgdorferi;species;139;2919;137507;57459;53802;5723;10.04001397868251;83;3528;1888767;647.059609455293;0.030650996120343416;56528.75138796272;0.9517634598144802;1755310;64895;0.9241698049955562;0.04822602939727318;0.9247964071069168;0.04789765138145285;8.335836197820619;0.001662954122063909;0.0327343887974204;1.0760304447647424;0.002009901384940552;0.07833772951786294;2951;0.005820985071143567;57871;0.08805684434435174;1914616;4.0883618230704935;3585;0.010025214584830803;139514;0.33475555346661057;139x99682-NZ-PHQA01000005_2674_aligned_1300541_R_3_121_60;0.9240633515655184;0.04821849054181742;0.9246886145894242;0.04789207570586849;
313;10;Borreliella burgdorferi 156a;strain;445983;1;64;13;13;3;4.333333333333333;10;3;792;792.0;0.00634765625;12.961982167049882;1.0029330261730156;2048;139;0.916010498687664;;0.916010498687664;;4.932882862316247;4.8828125E-4;0.00634765625;0.38671875;0.00146484375;0.03125;1;4.8828125E-4;13;0.00634765625;792;0.38671875;3;0.00146484375;64;0.03125;139x214257-NZ-CP094582_24017_aligned_243486_R_16_514_275;0.916010498687664;;0.916010498687664;;
314;10;Borreliella burgdorferi ZS7;strain;445985;1;75;21;21;1;21.0;21;1;478;478.0;0.006418092909535452;20.935943129820675;1.0030596601157216;3272;139;0.8325892857142857;;0.8325892857142857;;;3.056234718826406E-4;0.006418092909535452;0.1460880195599022;3.056234718826406E-4;0.022921760391198046;1;3.056234718826406E-4;21;0.006418092909535452;478;0.1460880195599022;1;3.056234718826406E-4;75;0.022921760391198046;521008x144337-NC-017428_1808_aligned_244980_R_14_177_288;0.8325892857142857;;0.8325892857142857;;
315;10;Borreliella burgdorferi 118a;strain;476210;6;144;63;63;11;5.7272727272727275;16;9;2924;487.3333333333333;0.007618817269319144;62.764396383500014;1.0037537780983412;8269;139;0.9489893432711737;0.030451366774255022;0.9489893432711737;0.030451366774255022;5.368256869616228;7.256016446970613E-4;0.007618817269319144;0.3536098681823679;0.001088402467045592;0.01741443947272947;6;7.256016446970613E-4;63;0.007618817269319144;2924;0.3536098681823679;9;0.001088402467045592;144;0.01741443947272947;476210x24076-NC-012229_15200_aligned_42937_R_9_139_214;0.9489893432711737;0.030451366774255022;0.9489893432711737;0.030451366774255022;
316;10;Borreliella burgdorferi 94a;strain;476212;0;0;1;1;1;1.0;1;1;0;;3.206155819172812E-4;1.0000000000001092;0.9999999999998908;3119;139;;;;;;0.0;3.206155819172812E-4;0.0;3.206155819172812E-4;0.0;0;0.0;1;3.206155819172812E-4;0;0.0;1;3.206155819172812E-4;0;0.0;521009x219022-NZ-JALGSQ010000017_86_aligned_210635_R_25_100_459;;;;;
317;10;Borreliella burgdorferi WI91-23;strain;498737;3;221;26;26;5;5.2;12;5;2419;806.3333333333334;0.004590395480225989;25.942701019404527;1.0022086744380476;5664;139;0.8998104772027619;0.03027929401059852;0.9020596899782903;0.027089983808033343;3.9623225512317903;5.296610169491525E-4;0.004590395480225989;0.4270833333333333;8.827683615819209E-4;0.0390183615819209;3;5.296610169491525E-4;26;0.004590395480225989;2419;0.4270833333333333;5;8.827683615819209E-4;221;0.0390183615819209;139x83936-NZ-JALGSN010000002_200167_aligned_14767_R_26_453_291;0.8998104772027619;0.03027929401059852;0.9020596899782903;0.027089983808033343;
318;10;Borreliella burgdorferi 29805;strain;498738;0;0;1;1;1;1.0;1;1;0;;3.9856516540454366E-4;1.0000000000001321;0.9999999999998679;2509;139;;;;;;0.0;3.9856516540454366E-4;0.0;3.9856516540454366E-4;0.0;0;0.0;1;3.9856516540454366E-4;0;0.0;1;3.9856516540454366E-4;0;0.0;139x183957-NZ-CM135760_181272_aligned_130775_R_19_4052_252;;;;;
319;10;Borreliella burgdorferi CA-11.2A;strain;498739;1;59;18;18;2;9.0;17;2;470;470.0;0.010707911957168352;17.909270877006147;1.0050660422535873;1681;139;0.865909090909091;;0.865909090909091;;11.313708498984761;5.94883997620464E-4;0.010707911957168352;0.27959547888161806;0.001189767995240928;0.03509815585960738;1;5.94883997620464E-4;18;0.010707911957168352;470;0.27959547888161806;2;0.001189767995240928;59;0.03509815585960738;139x14393-NZ-PHQI01000001_889404_aligned_178489_R_19_220_234;0.865909090909091;;0.865909090909091;;
320;10;Borreliella burgdorferi JD1;strain;521008;13;654;190;156;23;8.26086956521739;24;19;8539;656.8461538461538;0.005933363760839799;189.31871746282755;0.8240072724485383;26292;139;0.9161714837709491;0.05070813075224071;0.9167017119066846;0.05059680118120749;6.8967541199686355;4.944469800699832E-4;0.007226532785638217;0.3247755971398144;7.226532785638217E-4;0.02487448653582839;13;4.944469800699832E-4;190;0.007226532785638217;8539;0.3247755971398144;19;7.226532785638217E-4;654;0.02487448653582839;521008x126553-NC-017410_1318_aligned_4313_F_17_168_198;0.9161714837709491;0.05070813075224071;0.9167017119066846;0.05059680118120749;
321;10;Borreliella burgdorferi 297;strain;521009;2;159;23;23;3;7.666666666666667;15;3;2020;1010.0;0.01054562127464466;22.88436962609769;1.005052810096654;2181;139;0.9336991010047594;0.04244136418015283;0.9336991010047594;0.04244136418015283;6.429100507328636;9.170105456212746E-4;0.01054562127464466;0.9261806510774874;0.001375515818431912;0.07290233837689133;2;9.170105456212746E-4;23;0.01054562127464466;2020;0.9261806510774874;3;0.001375515818431912;159;0.07290233837689133;139x3220-NZ-PHPB01000054_276_aligned_206510_R_15_308_205;0.9336991010047594;0.04244136418015283;0.9336991010047594;0.04244136418015283;
322;10;Borreliella burgdorferi CA8;strain;747491;5;631;56;56;13;4.3076923076923075;18;13;8207;1641.4;0.0011482468730777118;55.96843486214108;1.000563981071414;48770;139;0.8947571660475375;0.05128976236568782;0.895248969326226;0.05186872390344784;4.625736254634055;1.025220422390814E-4;0.0011482468730777118;0.1682796801312282;2.665573098216116E-4;0.012938281730572073;5;1.025220422390814E-4;56;0.0011482468730777118;8207;0.1682796801312282;13;2.665573098216116E-4;631;0.012938281730572073;139x83936-NZ-JALGSN010000002_225435_aligned_244482_R_5_529_70;0.8947571660475375;0.05128976236568782;0.895248969326226;0.05186872390344784;
323;9;Borreliella afzelii;species;29518;9;1527;447;447;53;8.433962264150944;49;30;18104;2011.5555555555557;4.753852534856268E-4;446.89400579120934;1.0002371797504936;940290;64895;0.9095367074664051;0.03186648709023008;0.9110087555570021;0.03290908620866616;9.235194875213192;9.571515170851545E-6;4.753852534856268E-4;0.01925363451701071;3.1905050569505154E-5;0.0016239670739878122;10;6.6855126329699E-5;452;7.61803309279864E-4;18972;0.0689758090028903;31;8.918866172835262E-5;1617;0.006779492078284083;29518x226699-NZ-CBCXTO010000001_189878_aligned_10255_F_31_1382_365;0.9078431799178552;0.03051758545124492;0.9091680231993926;0.03156828620594826;
324;10;Borreliella afzelii Tom3107;strain;1398490;1;90;5;5;1;5.0;5;1;868;868.0;2.8641805579423727E-4;4.999427196703947;1.000114573784859;17457;29518;0.8926014319809069;;0.8926014319809069;;;5.7283611158847455E-5;2.8641805579423727E-4;0.04972217448587959;5.7283611158847455E-5;0.005155525004296271;1;5.7283611158847455E-5;5;2.8641805579423727E-4;868;0.04972217448587959;1;5.7283611158847455E-5;90;0.005155525004296271;139x134991-NZ-CM135758_444602_aligned_13369_R_14_690_183;0.8926014319809069;;0.8926014319809069;;
325;9;Borreliella garinii;species;29519;20;2600;1002;1002;149;6.724832214765101;47;69;36478;1823.9;4.5961679335179445E-4;1001.7699969988817;1.0002295966157975;2180077;64895;0.916326277026721;0.03871507240939466;0.9194556949871254;0.035214690578804886;8.113934510993106;9.173987891253383E-6;4.5961679335179445E-4;0.016732436514857046;3.165025822482417E-5;0.0011926184258629396;24;2.798840891167642E-4;1035;0.002858982095001571;47347;0.33973350926351187;76;4.082986696064769E-4;3422;0.021139238742974974;29519x59314-NZ-JAEIPL010000016_8546_aligned_20_F_9_2606_166;0.9183745937522637;0.037460734109766775;0.9210071994302994;0.03434790694789213;
326;10;Borreliella garinii Far04;strain;519049;1;53;9;9;1;9.0;9;1;866;866.0;0.0014829461196243204;8.994070495534208;1.0006592681777107;6069;29519;0.9366028708133971;;0.9366028708133971;;;1.6477179106936892E-4;0.0014829461196243204;0.1426923710660735;1.6477179106936892E-4;0.008732904926676553;1;1.6477179106936892E-4;9;0.0014829461196243204;866;0.1426923710660735;1;1.6477179106936892E-4;53;0.008732904926676553;139x14393-NZ-PHQI01000001_86116_aligned_14951_R_39_449_390;0.9366028708133971;;0.9366028708133971;;
327;10;Borreliella garinii BgVir;strain;1081646;2;744;15;15;4;3.75;8;4;9178;4589.0;1.851280468991052E-4;14.998704172962803;1.0000863959327588;81025;29519;0.9046541897935086;0.02207198195553711;0.9049512783258913;0.022492128587261268;3.095695936834452;2.4683739586547364E-5;1.851280468991052E-4;0.11327368096266584;4.936747917309473E-5;0.009182351126195618;2;2.4683739586547364E-5;15;1.851280468991052E-4;9178;0.11327368096266584;4;4.936747917309473E-5;744;0.009182351126195618;29519x11848-NZ-JAEIQX010000001_628638_aligned_152254_R_27_8269_223;0.9046541897935086;0.02207198195553711;0.9049512783258913;0.022492128587261268;
328;10;Borreliella garinii IPT108;strain;1408841;1;25;9;9;2;4.5;8;2;825;825.0;7.312911351263509E-4;8.997075389988977;1.000325062299053;12307;29519;0.9685534591194969;;0.9685534591194969;;4.949747468305833;8.125457056959453E-5;7.312911351263509E-4;0.06703502071991549;1.6250914113918907E-4;0.0020313642642398634;1;8.125457056959453E-5;9;7.312911351263509E-4;825;0.06703502071991549;2;1.6250914113918907E-4;25;0.0020313642642398634;521009x12001-NZ-CP152378_11586_aligned_37451_R_19_530_273;0.9685534591194969;;0.9685534591194969;;
329;9;Borreliella japonica;species;34095;3;224;87;87;31;2.806451612903226;13;31;2429;809.6666666666666;9.340075364746047E-5;86.99598389428475;1.000046164265699;931470;64895;0.8900768174549621;0.07574484132970398;0.8988835891351615;0.07081106546127146;2.833364958710281;3.220715643015878E-6;9.340075364746047E-5;0.002607706098961856;3.328072831116408E-5;2.4048010134518555E-4;3;3.220715643015878E-6;87;9.340075364746047E-5;2429;0.002607706098961856;31;3.328072831116408E-5;224;2.4048010134518555E-4;139x124165-NZ-PHOS01000001_694080_aligned_14929_R_81_549_38;0.8900768174549621;0.07574484132970398;0.8988835891351615;0.07081106546127146;
330;9;Borreliella andersonii;species;42109;46;2023;1543;1515;175;8.817142857142857;95;112;32316;702.5217391304348;0.0015540103210903305;1541.7803568943461;0.9826302386234246;974897;64895;0.9343389279646338;0.03198371130248268;0.935006410798306;0.03141459064610644;10.347454729353798;4.718447179548198E-5;0.0015827313039223632;0.03314811718571295;1.1488393132813004E-4;0.002075091009614349;46;4.718447179548198E-5;1543;0.0015827313039223632;32316;0.03314811718571295;112;1.1488393132813004E-4;2023;0.002075091009614349;42109x2856-NZ-CP179270_20158_aligned_126384_R_41_555_431;0.9343389279646338;0.03198371130248268;0.935006410798306;0.03141459064610644;
331;9;Borreliella tanukii;species;56146;1;90;87;87;23;3.782608695652174;18;23;1058;1058.0;1.0468117363237657E-4;86.99549886045499;1.0000517399130298;831095;64895;0.9046692607003891;;0.9124513618677043;;4.451317698054348;1.2032318808319145E-6;1.0468117363237657E-4;0.0012730193299201656;2.7674333259134034E-5;1.0829086927487231E-4;1;1.2032318808319145E-6;87;1.0468117363237657E-4;1058;0.0012730193299201656;23;2.7674333259134034E-5;90;1.0829086927487231E-4;139x14393-NZ-PHQI01000001_590032_aligned_10708_F_23_568_327;0.9046692607003891;;0.9124513618677043;;
332;9;Borreliella turdi;species;57863;2;249;240;239;47;5.1063829787234045;27;32;3424;1712.0;1.7058756352423914E-4;239.97953065543672;0.9959182741429596;1401040;64895;0.9031701708278581;0.03983863763912129;0.9031701708278581;0.03983863763912129;6.531642188318778;1.427510991834637E-6;1.7130131902015646E-4;0.0024438988180208988;2.2840175869354194E-5;1.7772511848341231E-4;2;1.427510991834637E-6;240;1.7130131902015646E-4;3424;0.0024438988180208988;32;2.2840175869354194E-5;249;1.7772511848341231E-4;57863x4944-NZ-QBLO01000009_16425_aligned_118441_R_14_2914_170;0.9031701708278581;0.03983863763912129;0.9031701708278581;0.03983863763912129;
333;9;Borreliella valaisiana;species;62088;6;753;223;223;52;4.288461538461538;18;38;10202;1700.3333333333333;1.9426034719463667E-4;222.97843847988304;1.0000966977805745;1147944;64895;0.9349385870119648;0.01966498673020336;0.9368835306682617;0.018324794718882445;4.4118225235024875;5.2267357989588344E-6;1.9426034719463667E-4;0.008887193103496338;3.3102660060072615E-5;6.559553427693337E-4;6;5.2267357989588344E-6;223;1.9426034719463667E-4;10202;0.008887193103496338;38;3.3102660060072615E-5;753;6.559553427693337E-4;62088x62574-NZ-JAEIPV010000010_16199_aligned_119034_R_8_4030_117;0.9349385870119648;0.01966498673020336;0.9368835306682617;0.018324794718882445;
334;9;Borreliella bissettiae;species;64897;5;94;113;113;33;3.4242424242424243;19;29;2071;414.2;2.4648378878302444E-4;112.9861980211395;1.0001221563261906;458448;64895;0.9464366844832414;0.03899962632331672;0.9464366844832414;0.03899962632331672;4.183526495600804;1.0906362335532057E-5;2.4648378878302444E-4;0.0045174152793773775;6.325690154608592E-5;2.0503961190800266E-4;5;1.0906362335532057E-5;121;3.8057698355338987E-4;2071;0.0045174152793773775;32;1.1354184958497295E-4;94;2.0503961190800266E-4;139x24741-NZ-PHOH01000001_279213_aligned_22_F_2_2496_100;0.9464366844832414;0.03899962632331672;0.9464366844832414;0.03899962632331672;
335;10;Borreliella bissettiae DN127;strain;521010;0;0;8;8;3;2.6666666666666665;5;3;0;;1.340931947703654E-4;7.999530689541022;1.0000586672490166;59660;64897;;;;;2.081665999466133;0.0;1.340931947703654E-4;0.0;5.028494803888703E-5;0.0;0;0.0;8;1.340931947703654E-4;0;0.0;3;5.028494803888703E-5;0;0.0;476210x46930-NC-012253_4605_aligned_130817_F_43_554_342;;;;;
336;9;Borreliella sinica;species;87162;5;177;127;127;34;3.735294117647059;31;34;3096;619.2;1.6356072997024998E-4;126.98969622251259;1.0000811386891528;776470;64895;0.9426115535896761;0.04244329186531492;0.9444822463891451;0.04199894179279375;5.610103566966082;6.439398817726377E-6;1.6356072997024998E-4;0.003987275747936172;4.3787911960539365E-5;2.2795471814751375E-4;5;6.439398817726377E-6;127;1.6356072997024998E-4;3096;0.003987275747936172;34;4.3787911960539365E-5;177;2.2795471814751375E-4;139x183957-NZ-CM135760_72869_aligned_139649_R_36_483_477;0.9426115535896761;0.04244329186531492;0.9444822463891451;0.04199894179279375;
337;9;Borreliella spielmanii;species;88916;2;113;74;74;25;2.96;10;24;1772;886.0;9.39880660558289E-5;73.99656953991841;1.000046359717794;787334;64895;0.9280725541142107;0.03985966589964475;0.9350472290599154;0.03858780593979926;2.684523545560118;2.5402180015088896E-6;9.39880660558289E-5;0.002250633149336876;3.0482616018106673E-5;1.4352231708525225E-4;2;2.5402180015088896E-6;74;9.39880660558289E-5;1772;0.002250633149336876;24;3.0482616018106673E-5;113;1.4352231708525225E-4;139x85140-NZ-PHOV01000001_501575_aligned_89998_R_33_535_346;0.9280725541142107;0.03985966589964475;0.9350472290599154;0.03858780593979926;
338;9;Borreliella lusitaniae;species;100177;5;251;126;126;44;2.8636363636363638;15;44;2799;559.8;1.0615702308746749E-4;125.9933654177061;1.0000526581877698;1186921;64895;0.8982933447571744;0.037638421501051726;0.9027610565484459;0.03353061274762267;3.6637184636612727;4.21258028124871E-6;1.0615702308746749E-4;0.0023582024414430277;3.707070647498865E-5;2.1147153011868525E-4;5;4.21258028124871E-6;126;1.0615702308746749E-4;2799;0.0023582024414430277;44;3.707070647498865E-5;251;2.1147153011868525E-4;139x24741-NZ-PHOH01000001_98857_aligned_11822_F_9_421_251;0.8982933447571744;0.037638421501051726;0.9027610565484459;0.03353061274762267;
339;9;Borreliella lanei;species;373540;5;303;108;108;26;4.153846153846154;24;26;3491;698.2;2.501853224610823E-4;107.98661618159076;1.0001239396036516;431680;64895;0.9015074275737524;0.047321387317408446;0.908049973165992;0.045386938940505224;5.724979005671952;1.1582653817642698E-5;2.501853224610823E-4;0.008087008895478132;6.022979985174203E-5;7.019088213491476E-4;5;1.1582653817642698E-5;108;2.501853224610823E-4;3491;0.008087008895478132;26;6.022979985174203E-5;303;7.019088213491476E-4;139x243106-NZ-PHQG01000001_680406_aligned_35790_R_40_1325_357;0.9015074275737524;0.047321387317408446;0.908049973165992;0.045386938940505224;
340;9;Borreliella californiensis;species;373543;18;664;270;269;53;5.09433962264151;20;52;9278;515.4444444444445;4.7850719984346234E-4;269.9354117885212;0.9965346829364721;562165;64895;0.9305776765435119;0.04475775387959281;0.9321995570534484;0.04412289529513665;4.942998743146311;3.2019069134506774E-5;4.802860370176016E-4;0.016504051301664102;9.249953305524179E-5;0.001181147883628472;18;3.2019069134506774E-5;270;4.802860370176016E-4;9278;0.016504051301664102;52;9.249953305524179E-5;664;0.001181147883628472;139x221052-NZ-PHPU01000001_817309_aligned_15934_R_9_485_102;0.9305776765435119;0.04475775387959281;0.9321995570534484;0.04412289529513665;
341;9;Borreliella carolinensis;species;478174;5;182;127;127;34;3.735294117647059;17;33;2871;574.2;2.07760424420193E-4;126.98691198629685;1.0001030658474832;611281;64895;0.92359236972363;0.016054230294070247;0.934743412950145;0.013844483420213683;4.666507509381708;8.179544268511535E-6;2.07760424420193E-4;0.004696694318979323;5.3984992172176134E-5;2.977354113738199E-4;5;8.179544268511535E-6;127;2.07760424420193E-4;2871;0.004696694318979323;33;5.3984992172176134E-5;182;2.977354113738199E-4;139x85140-NZ-PHOV01000001_283210_aligned_210389_R_23_1457_395;0.92359236972363;0.016054230294070247;0.934743412950145;0.013844483420213683;
342;9;Borreliella americana;species;478807;20;721;453;453;118;3.8389830508474576;20;106;13674;683.7;4.441681603005832E-4;452.8996328027883;1.0002216102419659;1019884;64895;0.9406818933050942;0.024718058684478388;0.9412208118762967;0.024727978967052748;4.683067040486734;1.9610073302454005E-5;4.441681603005832E-4;0.013407407116887803;1.0393338850300622E-4;7.069431425534669E-4;20;1.9610073302454005E-5;453;4.441681603005832E-4;13674;0.013407407116887803;106;1.0393338850300622E-4;721;7.069431425534669E-4;478807x7463-NZ-JAJNFG010000002_38657_aligned_583247_R_240_95_292;0.9406818933050942;0.024718058684478388;0.9412208118762967;0.024727978967052748;
343;9;Borreliella finlandensis;species;498741;16;662;337;337;74;4.554054054054054;28;73;9670;604.375;6.724198134384198E-4;336.8870586323291;1.000335249944386;501175;64895;0.9101267305471143;0.056037413491501875;0.9211599949053445;0.03466137512702293;5.389339786977983;3.1924976305681646E-5;6.724198134384198E-4;0.019294657554746346;1.4565770439467252E-4;0.0013208958946475781;16;3.1924976305681646E-5;337;6.724198134384198E-4;9670;0.019294657554746346;73;1.4565770439467252E-4;662;0.0013208958946475781;139x85140-NZ-PHOV01000001_398154_aligned_891_F_184_404_196;0.9101267305471143;0.056037413491501875;0.9211599949053445;0.03466137512702293;
344;9;Borreliella bavariensis;species;664662;16;982;282;282;45;6.266666666666667;16;44;12112;757.0;1.8723769293947905E-4;281.9736947212769;1.0000932898324049;1506107;64895;0.9291973821946907;0.035157968027366496;0.9296512749327391;0.03472659866956573;5.793413187718994;1.0623415202239946E-5;1.8723769293947905E-4;0.00804192530809564;2.9214391806159855E-5;6.520121080374767E-4;16;1.0623415202239946E-5;282;1.8723769293947905E-4;12112;0.00804192530809564;44;2.9214391806159855E-5;982;6.520121080374767E-4;664662x93885-NZ-JACGTQ010000009_21650_aligned_980336_R_35_45_398;0.9291973821946907;0.035157968027366496;0.9296512749327391;0.03472659866956573;
345;9;Borreliella yangtzensis;species;683292;1;40;65;64;28;2.3214285714285716;10;26;725;725.0;5.31699686047951E-5;64.99827200300147;0.9846415608871052;1203687;64895;0.9424460431654677;;0.9424460431654677;;2.178235293697399;8.307807594499234E-7;5.4000749364245025E-5;6.023160506011944E-4;2.160029974569801E-5;3.323123037799694E-5;1;8.307807594499234E-7;65;5.4000749364245025E-5;725;6.023160506011944E-4;26;2.160029974569801E-5;40;3.323123037799694E-5;139x85140-NZ-PHOV01000001_262137_aligned_208643_R_32_2990_418;0.9424460431654677;;0.9424460431654677;;
346;9;Borreliella kurtenbachii;species;1196056;11;381;146;146;38;3.8421052631578947;14;38;7984;725.8181818181819;3.6733348596962203E-4;145.9733715350651;1.0001824200171228;397459;64895;0.9394007041299136;0.035924701268464025;0.9423173963456098;0.032423314841305326;3.0449454421018705;2.7675810586752344E-5;3.6733348596962203E-4;0.020087606520420975;9.560734566332629E-5;9.585894394138766E-4;11;2.7675810586752344E-5;146;3.6733348596962203E-4;7984;0.020087606520420975;38;9.560734566332629E-5;381;9.585894394138766E-4;139x154173-NZ-PHOS01000006_24767_aligned_36502_R_17_619_240;0.9394007041299136;0.035924701268464025;0.9423173963456098;0.032423314841305326;
347;9;Borreliella mayonii;species;1674146;11;847;207;207;35;5.914285714285715;19;35;9083;825.7272727272727;3.90838149579613E-4;206.9597488580109;1.000194487779441;529631;64895;0.9046944318518169;0.048421968758580666;0.9080340725563968;0.04999907022143575;5.878032026469547;2.076917703080069E-5;3.90838149579613E-4;0.01714967590643297;6.608374509800219E-5;0.0015992266313716531;11;2.076917703080069E-5;207;3.90838149579613E-4;9083;0.01714967590643297;35;6.608374509800219E-5;847;0.0015992266313716531;498737x134954-NC-012160_24658_aligned_187232_R_20_173_436;0.9046944318518169;0.048421968758580666;0.9080340725563968;0.04999907022143575;
348;9;Candidatus Borreliella tachyglossi;species;1964448;0;0;7;7;1;7.0;7;1;0;;5.523615032439402E-6;6.99998342959762;1.0000023672059437;1267286;64895;;;;;;0.0;5.523615032439402E-6;0.0;7.890878617770574E-7;0.0;0;0.0;7;5.523615032439402E-6;0;0.0;1;7.890878617770574E-7;0;0.0;139x134991-NZ-CM135758_776178_aligned_43_F_19_1394_218;;;;;
349;4;PVC group;clade;1783257;25;341;1143;70;312;3.6634615384615383;16;268;8554;342.16;0.21806853582554517;311.928518623993;0.22441038834406762;321;3379134;0.9516660931775249;0.02858127483092895;0.9516660931775249;0.02858127483092895;3.212547476866366;0.0778816199376947;3.560747663551402;26.64797507788162;0.8348909657320872;1.0623052959501558;850382;2.848921852911878;14383648;50.20667973387761;301642419;1020.4316649616238;946671;7.3398020384162885;14319928;51.50411215667387;596780x105845-NZ-CP166118_69731_aligned_1032593_R_501_58_3;0.9408569794099791;0.03704570375000192;0.9408669640432048;0.0370384231815556;
350;5;Chlamydiota;phylum;204428;0;0;0;0;0;;0;0;0;;;0.0;;0;1783257;;;;;;;;;;;850357;2.7710402329741832;14382505;46.645932070326204;301633865;993.7836898837421;946403;6.504911072684202;14319587;50.441806860723716;;0.9408566616283365;0.037045890773191606;0.9408666465551047;0.03703861011307106;
351;6;Chlamydiia;class;204429;378;5548;10072;469;1889;5.331921651667549;34;1739;130498;345.23280423280426;0.2757201646090535;1696.445992622972;0.2764603188309298;1701;204428;0.9464397211225273;0.03206736374279897;0.9464397211225273;0.03206736374279897;4.388501269472686;0.2222222222222222;5.921222810111699;76.71840094062317;1.0223398001175779;3.261610817166373;850357;2.7710402329741832;14382505;46.645932070326204;301633865;993.7836898837421;946403;6.504911072684202;14319587;50.441806860723716;596780x105845-NZ-CP166118_364350_aligned_646257_F_15_198_210;0.9408566616283365;0.037045890773191606;0.9408666465551047;0.03703861011307106;
352;7;Chlamydiales;order;51291;500;7822;9308;411;1448;6.428176795580111;27;1322;173048;346.096;0.3906844106463878;1051.8494813524703;0.3907403172092031;1052;204429;0.9420917965568586;0.034756465047503515;0.9420917965568586;0.034756465047503515;5.1962541919469;0.4752851711026616;8.847908745247148;164.49429657794676;1.2566539923954372;7.435361216730038;849979;2.5488180107519613;14372433;40.72470926021451;301503367;917.0652889431188;944664;5.4825712725666245;14314039;47.18019604355734;596780x105845-NZ-CP166118_877406_aligned_311756_F_10_103_168;0.9408541787475961;0.03704778514409794;0.9408641681148298;0.037040502287349335;
353;8;Chlamydiaceae;family;809;1142;18920;20589;1051;2951;6.976956963741105;51;2638;402701;352.6278458844133;0.32680348258706465;3210.672693085453;0.3273457310872726;3216;51291;0.9409724968310247;0.03482850520753258;0.9409773639942429;0.03482605284983312;5.476186755476763;0.35509950248756217;6.40205223880597;125.21797263681592;0.820273631840796;5.883084577114428;849479;2.0735328396493;14363125;31.876800514967343;301330319;752.5709923651722;943342;4.225917280171181;14306217;39.74483482682731;596780x105845-NZ-CP166118_881818_aligned_64036_R_223_278_4;0.9408534502906188;0.03704909909622332;0.9408634455375546;0.03704181240664884;
354;9;Chlamydia/Chlamydophila group;no rank;1113537;0;0;0;0;0;;0;0;0;;;0.0;;0;809;;;;;;;;;;;848337;1.7184333371617377;14342536;25.474748276161375;300927618;627.3530197283562;940704;3.405643648330385;14287297;33.861750249712884;;0.9408532900345542;0.03705201772213808;0.9408632921847273;0.03704472492006286;
355;10;Chlamydia;genus;810;39835;631693;825700;58378;82079;10.05982041691541;177;77444;14042040;352.50508346931093;0.01393430316668962;749424.8077734739;0.0778970743888768;4189517;1113537;0.9434078864301794;0.035439342293024215;0.9434316249374937;0.035432476975572585;7.407522801934048;0.009508255963634948;0.19708715825714515;3.351708562108711;0.018485185762463788;0.15077943352419862;848337;1.7184333371617377;14342536;25.474748276161375;300927618;627.3530197283562;940704;3.405643648330385;14287297;33.861750249712884;596780x105845-NZ-CP166118_857403_aligned_647165_R_115_255_5;0.9408532900345542;0.03705201772213808;0.9408632921847273;0.03704472492006286;
356;11;Chlamydia trachomatis;species;813;805038;13580267;13466277;998165;923049;14.588908064468951;223;856126;285531667;354.68098027670743;0.6274204021238253;1590567.6213141559;0.6275526966752272;1590903;810;0.9407546932344674;0.03709226478455564;0.9407633445017767;0.03708566819588289;7.520478298439186;0.5060258230702941;8.464549378560477;179.4777349718996;0.5381384031584578;8.536200510024809;808158;1.7082385871772552;13505767;25.252788090426115;286663134;623.6828625044541;860729;3.375820298079902;13641800;33.68419776257475;596780x105845-NZ-CP166118_712813_aligned_414192_R_26_304_351;0.9407303790931169;0.03712230370008219;0.9407390992207927;0.037115553387518006;
357;12;Chlamydia trachomatis D/UW-3/CX;strain;272561;0;0;13;13;9;1.4444444444444444;3;9;0;;0.035326086956521736;12.790141086767001;1.016407865387046;368;813;;;;;0.7264831572567788;0.0;0.035326086956521736;0.0;0.024456521739130436;0.0;0;0.0;13;0.035326086956521736;0;0.0;9;0.024456521739130436;0;0.0;596780x105845-NZ-CP166118_31200_aligned_156744_R_15_80_406;;;;;
358;12;Chlamydia trachomatis A/HAR-13;strain;315277;18;351;433;408;159;2.7232704402515724;28;159;5838;324.3333333333333;0.05252993433758208;421.1779723172412;0.9687116298016762;7767;813;0.9321419100086905;0.028143117168938452;0.9321419100086905;0.028143117168938452;4.511464930463744;0.002317497103128621;0.055748680314149604;0.7516415604480494;0.020471224410969487;0.04519119351100811;18;0.002317497103128621;433;0.055748680314149604;5838;0.7516415604480494;159;0.020471224410969487;351;0.04519119351100811;596780x105845-NZ-CP166118_1036469_aligned_128425_R_16_63_210;0.9321419100086905;0.028143117168938452;0.9321419100086905;0.028143117168938452;
359;12;Chlamydia trachomatis L2/434/Bu;strain;471472;0;0;0;0;0;;0;0;0;;0.0;0.0;;62;813;;;;;;0.0;0.0;0.0;0.0;0.0;0;0.0;1;0.008064516129032258;0;0.0;1;0.008064516129032258;0;0.0;;;;;;
360;13;Chlamydia trachomatis L2/434/Bu(f);no rank;1262673;0;0;1;1;1;1.0;1;1;0;;0.008064516129032258;0.9999999999999991;1.0000000000000009;124;471472;;;;;;0.0;0.008064516129032258;0.0;0.008064516129032258;0.0;0;0.0;1;0.008064516129032258;0;0.0;1;0.008064516129032258;0;0.0;596780x105845-NZ-CP166118_262336_aligned_603595_R_163_54_210;;;;;
361;12;Chlamydia trachomatis 6276s;strain;564417;5;116;92;89;17;5.411764705882353;21;17;2033;406.6;0.10840438489646773;87.08270614618651;1.0220169300962572;821;813;0.9271516360751875;0.05767789695323964;0.9271516360751875;0.05767789695323964;7.483806046469702;0.0060901339829476245;0.1120584652862363;2.476248477466504;0.020706455542021926;0.14129110840438489;5;0.0060901339829476245;92;0.1120584652862363;2033;2.476248477466504;17;0.020706455542021926;116;0.14129110840438489;596780x105845-NZ-CP166118_484468_aligned_399513_R_10_69_180;0.9271516360751875;0.05767789695323964;0.9271516360751875;0.05767789695323964;
362;12;Chlamydia trachomatis D(s)2923;strain;573237;2;52;38;35;14;2.7142857142857144;10;14;811;405.5;0.06352087114337568;36.75148853729328;0.9523423783089502;551;813;0.9299512083773218;0.015051264266993724;0.9299512083773218;0.015051264266993724;2.4939487203589854;0.003629764065335753;0.06896551724137931;1.471869328493648;0.025408348457350273;0.09437386569872959;2;0.003629764065335753;38;0.06896551724137931;811;1.471869328493648;14;0.025408348457350273;52;0.09437386569872959;596780x105845-NZ-CP166118_214502_aligned_186210_R_10_58_309;0.9299512083773218;0.015051264266993724;0.9299512083773218;0.015051264266993724;
363;12;Chlamydia trachomatis A2497;strain;580047;0;0;9;6;9;1.0;1;9;0;;0.011428571428571429;8.931732464241241;0.671762172011016;525;813;;;;;0.0;0.0;0.017142857142857144;0.0;0.017142857142857144;0.0;0;0.0;9;0.017142857142857144;0;0.0;9;0.017142857142857144;0;0.0;596780x105845-NZ-CP166118_550190_aligned_1224472_R_3_47_71;;;;;
364;12;Chlamydia trachomatis B/Jali20/OT;strain;580049;27;877;611;569;181;3.3756906077348066;31;181;9929;367.74074074074076;0.0622129892849333;591.0692546034951;0.9626621509550523;9146;813;0.9018353181567098;0.05292663333437172;0.9018353181567098;0.05292663333437172;6.081142545550152;0.0029521102121145854;0.06680516072600044;1.085611196151323;0.019790072162694072;0.09588891318609229;27;0.0029521102121145854;611;0.06680516072600044;9929;1.085611196151323;181;0.019790072162694072;877;0.09588891318609229;596780x105845-NZ-CP166118_955391_aligned_827175_R_12_115_176;0.9018353181567098;0.05292663333437172;0.9018353181567098;0.05292663333437172;
365;12;Chlamydia trachomatis E/Bour;strain;596777;0;0;1;1;1;1.0;1;1;0;;0.004739336492890996;1.0000000000000102;0.9999999999999898;211;813;;;;;;0.0;0.004739336492890996;0.0;0.004739336492890996;0.0;0;0.0;1;0.004739336492890996;0;0.0;1;0.004739336492890996;0;0.0;596780x105845-NZ-CP166118_882570_aligned_1268123_R_23_37_454;;;;;
366;12;Chlamydia trachomatis I/UW-12/UR;strain;596780;3008;57329;36853;2747;3731;9.877512731171267;32;3699;1078380;358.5039893617021;1.0;2746.9959128363776;1.0000014878666559;2747;813;0.9355610824836665;0.042119199221718424;0.9355885311105395;0.042077524214860114;6.117285825934435;1.095012741172188;13.415726246814707;392.5664361121223;1.346559883509283;20.869676010192936;3008;1.095012741172188;36853;13.415726246814707;1078380;392.5664361121223;3699;1.346559883509283;57329;20.869676010192936;596780x105845-NZ-CP166118_125510_aligned_1322360_R_7_135_290;0.9355610824836665;0.042119199221718424;0.9355885311105395;0.042077524214860114;
367;12;Chlamydia trachomatis Sweden2;strain;634464;1;11;22;21;9;2.4444444444444446;11;9;367;367.0;0.03260869565217391;21.644990317989418;0.9702014041811163;644;813;0.9673590504451038;;0.9673590504451038;;3.2446537223219645;0.0015527950310559005;0.034161490683229816;0.5698757763975155;0.013975155279503106;0.017080745341614908;1;0.0015527950310559005;22;0.034161490683229816;367;0.5698757763975155;9;0.013975155279503106;11;0.017080745341614908;596780x105845-NZ-CP166118_437891_aligned_224382_R_19_60_287;0.9673590504451038;;0.9673590504451038;;
368;12;Chlamydia trachomatis B/TZ1A828/OT;strain;672161;4;121;133;128;63;2.111111111111111;31;63;1535;383.75;0.031000242189392103;130.89636873074505;0.977872810691159;4129;813;0.9037918638049723;0.04463689924182365;0.9037918638049723;0.04463689924182365;4.216370213557839;9.687575684185032E-4;0.032211189149915234;0.37176071688060064;0.015257931702591427;0.029304916444659723;4;9.687575684185032E-4;133;0.032211189149915234;1535;0.37176071688060064;63;0.015257931702591427;121;0.029304916444659723;596780x105845-NZ-CP166118_383676_aligned_531235_F_7_73_191;0.9037918638049723;0.04463689924182365;0.9037918638049723;0.04463689924182365;
369;12;Chlamydia trachomatis E/11023;strain;707183;0;0;9;8;6;1.5;3;6;0;;0.0175054704595186;8.9216262701341;0.8966975030976895;457;813;;;;;0.8366600265340756;0.0;0.019693654266958426;0.0;0.01312910284463895;0.0;0;0.0;9;0.019693654266958426;0;0.0;6;0.01312910284463895;0;0.0;596780x105845-NZ-CP166118_268251_aligned_281518_F_13_230_152;;;;;
370;12;Chlamydia trachomatis G/9768;strain;707185;0;0;3;3;1;3.0;3;1;0;;0.04838709677419355;2.9518730489073888;1.0163038688640167;62;813;;;;;;0.0;0.04838709677419355;0.0;0.016129032258064516;0.0;0;0.0;3;0.04838709677419355;0;0.0;1;0.016129032258064516;0;0.0;596780x105845-NZ-CP166118_361719_aligned_469318_R_7_62_244;;;;;
371;12;Chlamydia trachomatis G/11222;strain;707186;8;230;206;180;78;2.641025641025641;31;78;3026;378.25;0.049764998617638924;200.27051594757222;0.8987843225366298;3617;813;0.8899168767801449;0.11360549507335012;0.8899168767801449;0.11360549507335012;5.234685415756271;0.002211777716339508;0.05695327619574233;0.8366049212054188;0.021564832734310202;0.06358860934476085;8;0.002211777716339508;206;0.05695327619574233;3026;0.8366049212054188;78;0.021564832734310202;230;0.06358860934476085;596780x105845-NZ-CP166118_470578_aligned_491418_R_10_80_115;0.8899168767801449;0.11360549507335012;0.8899168767801449;0.11360549507335012;
372;12;Chlamydia trachomatis G/11074;strain;707187;3;127;46;31;17;2.7058823529411766;10;15;853;284.3333333333333;0.05115511551155116;44.332691807856186;0.6992582389167377;606;813;0.8052786164236886;0.09120359627973838;0.8052786164236886;0.09120359627973838;2.8888731774333944;0.0049504950495049506;0.07590759075907591;1.4075907590759076;0.024752475247524754;0.20957095709570958;3;0.0049504950495049506;46;0.07590759075907591;853;1.4075907590759076;15;0.024752475247524754;127;0.20957095709570958;596780x105845-NZ-CP166118_59675_aligned_336310_R_207_69_2;0.8052786164236886;0.09120359627973838;0.8052786164236886;0.09120359627973838;
373;12;Chlamydia trachomatis G/9301;strain;718219;0;0;1;1;1;1.0;1;1;0;;0.03225806451612903;0.9999999999999991;1.0000000000000009;31;813;;;;;;0.0;0.03225806451612903;0.0;0.03225806451612903;0.0;0;0.0;1;0.03225806451612903;0;0.0;1;0.03225806451612903;0;0.0;596780x105845-NZ-CP166118_596096_aligned_474512_R_22_81_329;;;;;
374;12;Chlamydia trachomatis D-EC;strain;759363;0;0;1;1;1;1.0;1;1;0;;0.03333333333333333;0.9999999999999998;1.0000000000000002;30;813;;;;;;0.0;0.03333333333333333;0.0;0.03333333333333333;0.0;0;0.0;1;0.03333333333333333;0;0.0;1;0.03333333333333333;0;0.0;596780x105845-NZ-CP166118_153489_aligned_557297_R_8_64_116;;;;;
375;12;Chlamydia trachomatis L2c;strain;887712;1;37;10;10;5;2.0;5;5;393;393.0;0.0847457627118644;9.627135759123444;1.0387305477149005;118;813;0.8980716253443526;;0.8980716253443526;;1.7320508075688772;0.00847457627118644;0.0847457627118644;3.330508474576271;0.0423728813559322;0.3135593220338983;1;0.00847457627118644;10;0.0847457627118644;393;3.330508474576271;5;0.0423728813559322;37;0.3135593220338983;596780x105845-NZ-CP166118_1025748_aligned_43601_F_17_97_278;0.8980716253443526;;0.8980716253443526;;
376;12;Chlamydia trachomatis RC-F(s)/852;strain;907265;0;0;9;7;6;1.5;2;6;0;;0.04929577464788732;8.750601016443554;0.7999450536992899;142;813;;;;;0.5477225575051661;0.0;0.06338028169014084;0.0;0.04225352112676056;0.0;0;0.0;9;0.06338028169014084;0;0.0;6;0.04225352112676056;0;0.0;596780x105845-NZ-CP166118_857049_aligned_98307_R_14_75_180;;;;;
377;12;Chlamydia trachomatis J/6276tet1;strain;907272;0;0;1;1;1;1.0;1;1;0;;0.25;1.0;1.0;4;813;;;;;;0.0;0.25;0.0;0.25;0.0;0;0.0;1;0.25;0;0.0;1;0.25;0;0.0;596780x105845-NZ-CP166118_879607_aligned_1160456_R_14_48_369;;;;;
378;12;Chlamydia trachomatis RC-L2/55;strain;1007870;0;0;2;2;2;1.0;1;2;0;;0.023529411764705882;1.9882352941176378;1.0059171597633183;85;813;;;;;0.0;0.0;0.023529411764705882;0.0;0.023529411764705882;0.0;0;0.0;2;0.023529411764705882;0;0.0;2;0.023529411764705882;0;0.0;596780x105845-NZ-CP166118_318222_aligned_1052016_R_2_29_78;;;;;
379;12;Chlamydia trachomatis A/5291;strain;1071754;0;0;5;4;3;1.6666666666666667;2;3;0;;0.06451612903225806;4.841290222420495;0.8262260298867445;62;813;;;;;0.5773502691896255;0.0;0.08064516129032258;0.0;0.04838709677419355;0.0;0;0.0;5;0.08064516129032258;0;0.0;3;0.04838709677419355;0;0.0;596780x105845-NZ-CP166118_259468_aligned_1114554_F_13_39_270;;;;;
380;12;Chlamydia trachomatis A/7249;strain;1071755;0;0;3;3;2;1.5;2;2;0;;0.01764705882352941;2.982387543252579;1.005905488972172;170;813;;;;;0.7071067811865476;0.0;0.01764705882352941;0.0;0.011764705882352941;0.0;0;0.0;3;0.01764705882352941;0;0.0;2;0.011764705882352941;0;0.0;596780x105845-NZ-CP166118_882523_aligned_82271_R_16_76_109;;;;;
381;12;Chlamydia trachomatis D/SotonD1;strain;1071756;2;71;49;48;11;4.454545454545454;30;11;766;383.0;0.05714285714285714;47.625757434445546;1.007857986638209;840;813;0.8871904269016182;0.08041998559100916;0.8871904269016182;0.08041998559100916;8.559949022787885;0.002380952380952381;0.058333333333333334;0.9119047619047619;0.013095238095238096;0.08452380952380953;2;0.002380952380952381;49;0.058333333333333334;766;0.9119047619047619;11;0.013095238095238096;71;0.08452380952380953;596780x105845-NZ-CP166118_912116_aligned_811486_R_17_76_214;0.8871904269016182;0.08041998559100916;0.8871904269016182;0.08041998559100916;
382;12;Chlamydia trachomatis D/SotonD5;strain;1071757;4;74;69;66;33;2.090909090909091;10;32;1097;274.25;0.04342105263157895;67.47901232674714;0.978081891305915;1520;813;0.9273745885694062;0.0394114124917336;0.9273745885694062;0.0394114124917336;2.5539630523418446;0.002631578947368421;0.045394736842105265;0.7217105263157895;0.021052631578947368;0.04868421052631579;4;0.002631578947368421;69;0.045394736842105265;1097;0.7217105263157895;32;0.021052631578947368;74;0.04868421052631579;596780x105845-NZ-CP166118_25475_aligned_381457_R_15_56_235;0.9273745885694062;0.0394114124917336;0.9273745885694062;0.0394114124917336;
383;12;Chlamydia trachomatis D/SotonD6;strain;1071758;6;123;87;85;32;2.71875;18;32;1713;285.5;0.05253399258343634;84.72785431821428;1.0032119978013796;1618;813;0.918959667392552;0.05277642489545095;0.918959667392552;0.05277642489545095;3.4755772321693836;0.003708281829419036;0.05377008652657602;1.0587144622991347;0.019777503090234856;0.07601977750309023;6;0.003708281829419036;87;0.05377008652657602;1713;1.0587144622991347;32;0.019777503090234856;123;0.07601977750309023;596780x105845-NZ-CP166118_7330_aligned_172247_R_15_77_284;0.918959667392552;0.05277642489545095;0.918959667392552;0.05277642489545095;
384;12;Chlamydia trachomatis E/SW3;strain;1071759;0;0;15;13;12;1.25;3;12;0;;0.01859799713876967;14.85071265376365;0.8753788658556653;699;813;;;;;0.621581560508061;0.0;0.02145922746781116;0.0;0.017167381974248927;0.0;0;0.0;15;0.02145922746781116;0;0.0;12;0.017167381974248927;0;0.0;596780x105845-NZ-CP166118_848573_aligned_1118773_R_18_39_376;;;;;
385;12;Chlamydia trachomatis E/SotonE4;strain;1071760;0;0;11;11;8;1.375;3;8;0;;0.01478494623655914;10.926372552616481;1.006738507865164;744;813;;;;;0.7440238091428449;0.0;0.01478494623655914;0.0;0.010752688172043012;0.0;0;0.0;11;0.01478494623655914;0;0.0;8;0.010752688172043012;0;0.0;596780x105845-NZ-CP166118_244922_aligned_1167740_R_15_43_174;;;;;
386;12;Chlamydia trachomatis E/SotonE8;strain;1071761;1;39;34;29;10;3.4;21;10;298;298.0;0.05765407554671968;32.9079830776594;0.8812451353084456;503;813;0.8544776119402985;;0.8544776119402985;;6.221825384170718;0.0019880715705765406;0.06759443339960239;0.5924453280318092;0.019880715705765408;0.0775347912524851;1;0.0019880715705765406;34;0.06759443339960239;298;0.5924453280318092;10;0.019880715705765408;39;0.0775347912524851;596780x105845-NZ-CP166118_239213_aligned_342235_R_19_69_210;0.8544776119402985;;0.8544776119402985;;
387;12;Chlamydia trachomatis F/SW4;strain;1071762;1;30;24;23;11;2.1818181818181817;12;11;412;412.0;0.025191675794085433;23.70011410244436;0.9704594627933816;913;813;0.9214659685863874;;0.9214659685863874;;3.2807981290588972;0.001095290251916758;0.02628696604600219;0.45125958378970427;0.012048192771084338;0.03285870755750274;1;0.001095290251916758;24;0.02628696604600219;412;0.45125958378970427;11;0.012048192771084338;30;0.03285870755750274;596780x105845-NZ-CP166118_356712_aligned_894843_R_348_60_4;0.9214659685863874;;0.9214659685863874;;
388;12;Chlamydia trachomatis F/SW5;strain;1071763;3;99;75;73;16;4.6875;26;16;1433;477.6666666666667;0.1028169014084507;71.22217175509054;1.0249617247143603;710;813;0.9228561508051971;0.03812603956353267;0.9228561508051971;0.03812603956353267;7.9726093595509875;0.004225352112676056;0.1056338028169014;2.0183098591549298;0.022535211267605635;0.13943661971830987;4;0.005576703464027407;97;0.13536353254663114;1708;2.3899314807765513;29;0.0401027788351732;106;0.1488960791777693;596780x105845-NZ-CP166118_456578_aligned_454952_R_65_72_258;0.9349992559610407;0.03948269587009016;0.9349992559610407;0.03948269587009016;
389;13;Chlamydia trachomatis F/SWFPminus;no rank;1100833;1;7;22;19;13;1.6923076923076923;4;13;275;275.0;0.025675675675675677;21.690632145308687;0.8759541848626747;740;1071763;0.9714285714285714;;0.9714285714285714;;0.9473309334313418;0.0013513513513513514;0.02972972972972973;0.3716216216216216;0.01756756756756757;0.00945945945945946;1;0.0013513513513513514;22;0.02972972972972973;275;0.3716216216216216;13;0.01756756756756757;7;0.00945945945945946;596780x105845-NZ-CP166118_911685_aligned_1026168_R_239_32_4;0.9714285714285714;;0.9714285714285714;;
390;12;Chlamydia trachomatis F/SotonF3;strain;1071764;1;18;22;22;5;4.4;18;5;297;297.0;0.034108527131782945;21.645535056634802;1.0163758919535948;645;813;0.9325842696629213;;0.9325842696629213;;7.602631123499285;0.0015503875968992248;0.034108527131782945;0.4604651162790698;0.007751937984496124;0.027906976744186046;1;0.0015503875968992248;22;0.034108527131782945;297;0.4604651162790698;5;0.007751937984496124;18;0.027906976744186046;596780x105845-NZ-CP166118_534987_aligned_597112_R_19_73_205;0.9325842696629213;;0.9325842696629213;;
391;12;Chlamydia trachomatis G/SotonG1;strain;1071765;4;79;85;80;30;2.8333333333333335;18;30;1166;291.5;0.054945054945054944;82.59401919833417;0.9685931351505596;1456;813;0.9243879175088864;0.014392531019068093;0.9243879175088864;0.014392531019068093;4.291799183312874;0.0027472527472527475;0.05837912087912088;0.8008241758241759;0.020604395604395604;0.05425824175824176;4;0.0027472527472527475;85;0.05837912087912088;1166;0.8008241758241759;30;0.020604395604395604;79;0.05425824175824176;596780x105845-NZ-CP166118_779729_aligned_728462_R_8_75_242;0.9243879175088864;0.014392531019068093;0.9243879175088864;0.014392531019068093;
392;12;Chlamydia trachomatis Ia/SotonIa1;strain;1071766;0;0;4;4;3;1.3333333333333333;2;3;0;;0.035398230088495575;3.9472152204904454;1.013372663146297;113;813;;;;;0.5773502691896258;0.0;0.035398230088495575;0.0;0.02654867256637168;0.0;0;0.0;4;0.035398230088495575;0;0.0;3;0.02654867256637168;0;0.0;596780x105845-NZ-CP166118_490300_aligned_431351_F_323_58_7;;;;;
393;12;Chlamydia trachomatis Ia/SotonIa3;strain;1071767;1;40;27;25;5;5.4;22;5;136;136.0;0.26881720430107525;23.543215157893492;1.061877055972879;93;813;0.6226415094339622;;0.6226415094339622;;9.289779329994873;0.010752688172043012;0.2903225806451613;1.4623655913978495;0.053763440860215055;0.43010752688172044;1;0.010752688172043012;27;0.2903225806451613;136;1.4623655913978495;5;0.053763440860215055;40;0.43010752688172044;596780x105845-NZ-CP166118_545347_aligned_711602_R_41_70_25;0.6226415094339622;;0.6226415094339622;;
394;12;Chlamydia trachomatis K/SotonK1;strain;1071768;5;162;102;91;32;3.1875;23;32;2579;515.8;0.08650190114068441;97.25517446344416;0.935682862141229;1052;813;0.9021342602605611;0.09473399643483482;0.9021342602605611;0.09473399643483482;5.208166663999915;0.004752851711026616;0.09695817490494296;2.4515209125475286;0.030418250950570342;0.15399239543726237;5;0.004752851711026616;102;0.09695817490494296;2579;2.4515209125475286;32;0.030418250950570342;162;0.15399239543726237;596780x105845-NZ-CP166118_920973_aligned_604543_R_33_91_351;0.9021342602605611;0.09473399643483482;0.9021342602605611;0.09473399643483482;
395;12;Chlamydia trachomatis L1/115;strain;1071770;0;0;7;7;5;1.4;2;5;0;;0.017902813299232736;6.946519911716928;1.0076988317837923;391;813;;;;;0.547722557505166;0.0;0.017902813299232736;0.0;0.01278772378516624;0.0;0;0.0;7;0.017902813299232736;0;0.0;5;0.01278772378516624;0;0.0;596780x105845-NZ-CP166118_998228_aligned_72359_R_36_210_393;;;;;
396;12;Chlamydia trachomatis L1/224;strain;1071771;0;0;8;7;8;1.0;1;8;0;;0.015659955257270694;7.937639664281517;0.8818742467611891;447;813;;;;;0.0;0.0;0.017897091722595078;0.0;0.017897091722595078;0.0;0;0.0;8;0.017897091722595078;0;0.0;8;0.017897091722595078;0;0.0;596780x105845-NZ-CP166118_58280_aligned_100853_R_20_80_321;;;;;
397;12;Chlamydia trachomatis L2/25667R;strain;1071772;0;0;1;1;1;1.0;1;1;0;;0.015151515151515152;0.9999999999999991;1.0000000000000009;66;813;;;;;;0.0;0.015151515151515152;0.0;0.015151515151515152;0.0;0;0.0;1;0.015151515151515152;0;0.0;1;0.015151515151515152;0;0.0;596780x105845-NZ-CP166118_603431_aligned_211420_R_135_53_110;;;;;
398;12;Chlamydia trachomatis L2b/8200/07;strain;1071773;0;0;2;2;1;2.0;2;1;0;;0.06451612903225806;1.9677419354838679;1.0163934426229524;31;813;;;;;;0.0;0.06451612903225806;0.0;0.03225806451612903;0.0;0;0.0;2;0.06451612903225806;0;0.0;1;0.03225806451612903;0;0.0;596780x105845-NZ-CP166118_151211_aligned_689751_R_16_56_366;;;;;
399;12;Chlamydia trachomatis L2b/LST;strain;1071775;0;0;6;4;4;1.5;2;4;0;;0.043010752688172046;5.841003515106479;0.6848138320161723;93;813;;;;;0.5773502691896257;0.0;0.06451612903225806;0.0;0.043010752688172046;0.0;0;0.0;6;0.06451612903225806;0;0.0;4;0.043010752688172046;0;0.0;596780x105845-NZ-CP166118_797192_aligned_371185_R_7_101_215;;;;;
400;12;Chlamydia trachomatis L2b/Ams1;strain;1071778;0;0;4;3;2;2.0;3;2;0;;0.023809523809523808;3.9526324051078223;0.7589878573386245;126;813;;;;;1.4142135623730951;0.0;0.031746031746031744;0.0;0.015873015873015872;0.0;0;0.0;4;0.031746031746031744;0;0.0;2;0.015873015873015872;0;0.0;596780x105845-NZ-CP166118_588369_aligned_333457_R_123_72_109;;;;;
401;12;Chlamydia trachomatis L2b/Ams2;strain;1071779;0;0;3;3;2;1.5;2;2;0;;0.06382978723404255;2.9366229062924467;1.0215816247880354;47;813;;;;;0.7071067811865476;0.0;0.06382978723404255;0.0;0.0425531914893617;0.0;0;0.0;3;0.06382978723404255;0;0.0;2;0.0425531914893617;0;0.0;596780x105845-NZ-CP166118_195367_aligned_826077_F_28_47_352;;;;;
402;12;Chlamydia trachomatis L2b/Ams3;strain;1071780;1;18;20;20;2;10.0;18;2;547;547.0;0.16129032258064516;18.539406590695116;1.0787831801497871;124;813;0.965183752417795;;0.965183752417795;;11.313708498984761;0.008064516129032258;0.16129032258064516;4.411290322580645;0.016129032258064516;0.14516129032258066;1;0.008064516129032258;20;0.16129032258064516;547;4.411290322580645;2;0.016129032258064516;18;0.14516129032258066;596780x105845-NZ-CP166118_338154_aligned_635234_F_34_54_457;0.965183752417795;;0.965183752417795;;
403;12;Chlamydia trachomatis L2b/Ams4;strain;1071781;0;0;2;1;2;1.0;1;2;0;;0.010526315789473684;1.989473684210531;0.5026455026455015;95;813;;;;;0.0;0.0;0.021052631578947368;0.0;0.021052631578947368;0.0;0;0.0;2;0.021052631578947368;0;0.0;2;0.021052631578947368;0;0.0;596780x105845-NZ-CP166118_972525_aligned_1189723_R_18_41_425;;;;;
404;12;Chlamydia trachomatis L2b/Ams5;strain;1071782;0;0;5;4;3;1.6666666666666667;3;3;0;;0.043478260869565216;4.89247941520812;0.8175813653024526;92;813;;;;;1.1547005383792515;0.0;0.05434782608695652;0.0;0.03260869565217391;0.0;0;0.0;5;0.05434782608695652;0;0.0;3;0.03260869565217391;0;0.0;596780x105845-NZ-CP166118_522142_aligned_452670_R_32_47_265;;;;;
405;12;Chlamydia trachomatis L2b/Canada1;strain;1075085;1;18;20;20;3;6.666666666666667;18;3;366;366.0;0.12422360248447205;18.862717325100675;1.0602926214340254;161;813;0.9464285714285714;;0.9464285714285714;;9.814954576223638;0.006211180124223602;0.12422360248447205;2.2732919254658386;0.018633540372670808;0.11180124223602485;1;0.006211180124223602;20;0.12422360248447205;366;2.2732919254658386;3;0.018633540372670808;18;0.11180124223602485;596780x105845-NZ-CP166118_889070_aligned_1354102_R_18_48_300;0.9464285714285714;;0.9464285714285714;;
406;12;Chlamydia trachomatis L2b/Canada2;strain;1075086;0;0;1;1;1;1.0;1;1;0;;0.008403361344537815;0.9999999999999964;1.0000000000000036;119;813;;;;;;0.0;0.008403361344537815;0.0;0.008403361344537815;0.0;0;0.0;1;0.008403361344537815;0;0.0;1;0.008403361344537815;0;0.0;596780x105845-NZ-CP166118_153365_aligned_434968_R_5_54_157;;;;;
407;12;Chlamydia trachomatis L1/1322/p2;strain;1075087;1;25;9;9;3;3.0;7;3;258;258.0;0.0410958904109589;8.837355919949173;1.0184041563476784;219;813;0.8903508771929824;;0.8903508771929824;;3.4641016151377544;0.0045662100456621;0.0410958904109589;1.178082191780822;0.0136986301369863;0.1141552511415525;1;0.0045662100456621;9;0.0410958904109589;258;1.178082191780822;3;0.0136986301369863;25;0.1141552511415525;596780x105845-NZ-CP166118_300943_aligned_658926_R_11_55_192;0.8903508771929824;;0.8903508771929824;;
408;12;Chlamydia trachomatis E/C599;strain;1100832;5;1255;111;109;22;5.045454545454546;29;22;14708;2941.6;0.11065989847715736;105.02451962806302;1.0378528784136873;985;813;0.8905550109906212;0.07607356923496394;0.8905703190656308;0.07607992805023372;8.03846273343872;0.005076142131979695;0.11269035532994924;14.931979695431473;0.02233502538071066;1.2741116751269035;5;0.005076142131979695;111;0.11269035532994924;14708;14.931979695431473;22;0.02233502538071066;1255;1.2741116751269035;596780x105845-NZ-CP166118_152995_aligned_20556_F_9_107_269;0.8905550109906212;0.07607356923496394;0.8905703190656308;0.07607992805023372;
409;12;Chlamydia trachomatis IU824;strain;1260222;0;0;4;4;3;1.3333333333333333;2;3;0;;0.025806451612903226;3.961456547279392;1.0097296164328946;155;813;;;;;0.5773502691896258;0.0;0.025806451612903226;0.0;0.01935483870967742;0.0;0;0.0;4;0.025806451612903226;0;0.0;3;0.01935483870967742;0;0.0;596780x105845-NZ-CP166118_325282_aligned_410216_F_8_47_194;;;;;
410;12;Chlamydia trachomatis IU888;strain;1260223;0;0;3;2;2;1.5;2;2;0;;0.03225806451612903;2.9518730489073888;0.6775359125760111;62;813;;;;;0.7071067811865476;0.0;0.04838709677419355;0.0;0.03225806451612903;0.0;0;0.0;3;0.04838709677419355;0;0.0;2;0.03225806451612903;0;0.0;596780x105845-NZ-CP166118_360247_aligned_674384_R_39_128_365;;;;;
411;12;Chlamydia trachomatis E/CS88(i);strain;1266902;0;0;13;13;7;1.8571428571428572;3;7;0;;0.035326086956521736;12.790141086767001;1.016407865387046;368;813;;;;;0.8997354108424375;0.0;0.035326086956521736;0.0;0.019021739130434784;0.0;0;0.0;14;0.06758415147265076;0;0.0;8;0.051279803646563815;0;0.0;596780x105845-NZ-CP166118_203354_aligned_484389_R_243_86_15;;;;;
412;13;Chlamydia trachomatis E/CS88(f);no rank;1266739;0;0;1;1;1;1.0;1;1;0;;0.03225806451612903;0.9999999999999991;1.0000000000000009;31;1266902;;;;;;0.0;0.03225806451612903;0.0;0.03225806451612903;0.0;0;0.0;1;0.03225806451612903;0;0.0;1;0.03225806451612903;0;0.0;596780x105845-NZ-CP166118_135559_aligned_291521_R_16_53_355;;;;;
413;12;Chlamydia trachomatis F/11-96;strain;1340853;3;77;60;59;14;4.285714285714286;23;14;1204;401.3333333333333;0.09640522875816994;57.1971185678116;1.0315204939922096;612;813;0.9205541356424326;0.07564124652557389;0.9205541356424326;0.07564124652557389;6.556600566529197;0.004901960784313725;0.09803921568627451;1.9673202614379084;0.02287581699346405;0.12581699346405228;3;0.004901960784313725;60;0.09803921568627451;1204;1.9673202614379084;14;0.02287581699346405;77;0.12581699346405228;596780x105845-NZ-CP166118_278145_aligned_682038_R_27_103_190;0.9205541356424326;0.07564124652557389;0.9205541356424326;0.07564124652557389;
414;12;Chlamydia trachomatis C/TW-3;strain;1431547;1;37;10;10;2;5.0;8;2;525;525.0;0.044444444444444446;9.802352032119671;1.0201633207247292;225;813;0.9252525252525252;;0.9252525252525252;;4.242640687119285;0.0044444444444444444;0.044444444444444446;2.3333333333333335;0.008888888888888889;0.16444444444444445;1;0.0044444444444444444;10;0.044444444444444446;525;2.3333333333333335;2;0.008888888888888889;37;0.16444444444444445;596780x105845-NZ-CP166118_258009_aligned_28279_R_10_287_238;0.9252525252525252;;0.9252525252525252;;
415;12;Chlamydia trachomatis D/CS637/11;strain;1447714;2;110;72;70;12;6.0;30;12;522;261.0;0.12612612612612611;67.58234185246472;1.0357735183668706;555;813;0.7395108088906932;0.11430830011914409;0.7395108088906932;0.11430830011914409;10.987596312536821;0.0036036036036036037;0.12972972972972974;0.9405405405405406;0.021621621621621623;0.1981981981981982;2;0.0036036036036036037;72;0.12972972972972974;522;0.9405405405405406;12;0.021621621621621623;110;0.1981981981981982;596780x105845-NZ-CP166118_118145_aligned_846405_R_106_87_5;0.7395108088906932;0.11430830011914409;0.7395108088906932;0.11430830011914409;
416;11;Chlamydia psittaci;species;83554;0;0;20;19;13;1.5384615384615385;5;13;0;;3.0563920417985743E-5;19.999694363552884;0.9500145179530988;621648;810;;;;;1.126601424298216;0.0;3.217254780840604E-5;0.0;2.091215607546393E-5;0.0;0;0.0;25;0.002850368625885388;0;0.0;17;0.002785732199991784;0;0.0;596780x105845-NZ-CP166118_1007569_aligned_268070_R_11_109_171;;;;;
417;12;Chlamydia psittaci 04DC42;strain;1112265;0;0;1;1;1;1.0;1;1;0;;0.002347417840375587;1.0000000000000144;0.9999999999999856;426;83554;;;;;;0.0;0.002347417840375587;0.0;0.002347417840375587;0.0;0;0.0;1;0.002347417840375587;0;0.0;1;0.002347417840375587;0;0.0;596780x105845-NZ-CP166118_881924_aligned_1004447_R_10_48_197;;;;;
418;12;Chlamydia psittaci 09DC80;strain;1112271;0;0;2;2;1;2.0;2;1;0;;1.0675206832132372E-4;1.9999466239658437;1.0000266887293474;18735;83554;;;;;;0.0;1.0675206832132372E-4;0.0;5.337603416066186E-5;0.0;0;0.0;2;1.0675206832132372E-4;0;0.0;1;5.337603416066186E-5;0;0.0;596780x105845-NZ-CP166118_275510_aligned_1198403_R_19_82_263;;;;;
419;12;Chlamydia psittaci WS/RT/E30;strain;1218356;0;0;1;1;1;1.0;1;1;0;;2.8153153153153153E-4;1.000000000000039;0.9999999999999609;3552;83554;;;;;;0.0;2.8153153153153153E-4;0.0;2.8153153153153153E-4;0.0;0;0.0;1;2.8153153153153153E-4;0;0.0;1;2.8153153153153153E-4;0;0.0;596780x105845-NZ-CP166118_878586_aligned_479627_R_23_47_242;;;;;
420;12;Chlamydia psittaci WC;strain;1218358;0;0;1;1;1;1.0;1;1;0;;8.249463784853984E-5;0.9999999999993323;1.0000000000006677;12122;83554;;;;;;0.0;8.249463784853984E-5;0.0;8.249463784853984E-5;0.0;0;0.0;1;8.249463784853984E-5;0;0.0;1;8.249463784853984E-5;0;0.0;596780x105845-NZ-CP166118_69732_aligned_1104999_R_32_61_202;;;;;
421;11;Chlamydia abortus;species;83555;1;92;35;31;23;1.5217391304347827;5;23;736;736.0;1.7186521996807742E-5;34.9996701346168;0.8857226334067394;1803739;810;0.8696883852691218;;0.8696883852691218;;0.9940534656094302;5.544039353808949E-7;1.9404137738331323E-5;4.0804129644033863E-4;1.2751290513760582E-5;5.100516205504233E-5;1;5.544039353808949E-7;41;1.3011137245612012E-4;736;4.0804129644033863E-4;26;6.810490787265498E-5;92;5.100516205504233E-5;1242993x135453-NZ-QOHL01000049_871_aligned_103527_R_17_354_366;0.8696883852691218;;0.8696883852691218;;
422;12;Chlamydia abortus LLG;strain;1003238;0;0;6;6;3;2.0;3;3;0;;1.1070723471778881E-4;5.999723238708211;1.0000461290097522;54197;83555;;;;;1.0;0.0;1.1070723471778881E-4;0.0;5.5353617358894403E-5;0.0;0;0.0;6;1.1070723471778881E-4;0;0.0;3;5.5353617358894403E-5;0;0.0;596780x105845-NZ-CP166118_251627_aligned_517965_R_183_74_10;;;;;
423;11;Chlamydia felis;species;83556;0;0;0;0;0;;0;0;0;;;0.0;;0;810;;;;;;;;;;;2;1.8122475312658006E-6;40;3.624495062531601E-5;752;6.81405071755941E-4;20;1.8122475312658004E-5;36;3.262045556278441E-5;;0.9493013472229178;0.009611297661843717;0.9517403716131617;0.013060599033490439;
424;12;Chlamydia felis Fe/C-56;strain;264202;2;36;40;35;20;2.0;9;20;752;376.0;3.171433179715151E-5;39.99929323391205;0.8750154607813528;1103602;83556;0.9493013472229178;0.009611297661843717;0.9517403716131617;0.013060599033490439;2.2941573387056176;1.8122475312658006E-6;3.624495062531601E-5;6.81405071755941E-4;1.8122475312658004E-5;3.262045556278441E-5;2;1.8122475312658006E-6;40;3.624495062531601E-5;752;6.81405071755941E-4;20;1.8122475312658004E-5;36;3.262045556278441E-5;596780x105845-NZ-CP166118_880887_aligned_229830_R_14_100_404;0.9493013472229178;0.009611297661843717;0.9517403716131617;0.013060599033490439;
425;11;Chlamydia caviae;species;83557;1;37;19;19;12;1.5833333333333333;5;12;486;486.0;1.816483536444874E-5;18.99983651740505;1.000008604421138;1045977;810;0.918859649122807;;0.918859649122807;;1.2401124093721456;9.560439665499337E-7;1.816483536444874E-5;4.6463736774326775E-4;1.1472527598599205E-5;3.537362676234755E-5;1;9.560439665499337E-7;19;1.816483536444874E-5;486;4.6463736774326775E-4;12;1.1472527598599205E-5;37;3.537362676234755E-5;596780x105845-NZ-CP166118_879705_aligned_384877_R_41_93_352;0.918859649122807;;0.918859649122807;;
426;11;Chlamydia pneumoniae;species;83558;0;0;12;12;11;1.0909090909090908;2;11;0;;1.0071118884522873E-5;11.999944608550521;1.0000046159754303;1191526;810;;;;;0.30151134457776346;0.0;1.0071118884522873E-5;0.0;9.2318589774793E-6;0.0;0;0.0;18;3.649515418703404E-5;0;0.0;13;1.8039870744983022E-5;0;0.0;596780x105845-NZ-CP166118_806916_aligned_253575_R_3_69_78;;;;;
427;12;Chlamydia pneumoniae LPCoLN;strain;406984;0;0;6;6;2;3.0;4;2;0;;2.6424035302511165E-5;5.999933940305014;1.0000110100703847;227066;83558;;;;;1.4142135623730951;0.0;2.6424035302511165E-5;0.0;8.80801176750372E-6;0.0;0;0.0;6;2.6424035302511165E-5;0;0.0;2;8.80801176750372E-6;0;0.0;596780x105845-NZ-CP166118_817613_aligned_686422_R_290_62_4;;;;;
428;11;Chlamydia suis;species;83559;65;1690;2511;2304;890;2.8213483146067415;57;848;28741;442.16923076923075;8.361249527774481E-4;2509.856733991606;0.9179806834375693;2755569;810;0.9343985300666174;0.05689543274584804;0.9384613192610967;0.052710459220936215;4.939976544351495;2.3588594587905436E-5;9.11245554003547E-4;0.010430150723861388;3.0774043400836633E-4;6.133034592855414E-4;65;2.3588594587905436E-5;2529;0.001171948873625817;28741;0.010430150723861388;858;4.5257561157629404E-4;1690;6.133034592855414E-4;83559x32481-NZ-FTQG01000008_122059_aligned_210794_R_9_2719_190;0.9343985300666174;0.05689543274584804;0.9384613192610967;0.052710459220936215;
429;12;Chlamydia suis MD56;strain;1405296;0;0;18;16;10;1.8;4;10;0;;2.3173628410868432E-4;17.9977841929497;0.8889983249308936;69044;83559;;;;;1.2292725943057183;0.0;2.607033196222699E-4;0.0;1.448351775679277E-4;0.0;0;0.0;18;2.607033196222699E-4;0;0.0;10;1.448351775679277E-4;0;0.0;596780x105845-NZ-CP166118_576451_aligned_689408_R_6_64_81;;;;;
430;11;Chlamydia muridarum;species;83560;40;837;1522;1386;688;2.2122093023255816;23;677;17194;429.85;0.001351007553360412;1520.872298998791;0.9113191166098699;1025901;810;0.9402692010485667;0.0376642102452965;0.9439716578107209;0.035679786534576825;2.973198436047807;3.899011698009847E-5;0.0014835739510927468;0.016759901783895328;6.599077298881666E-4;8.158681978085605E-4;41;2.189433291449356E-4;1558;0.007961889589026884;17620;0.09341997016611596;682;0.0015596737907123523;894;0.011073201291204277;83560x221913-NZ-CP007217_539340_aligned_68136_R_10_2846_154;0.9381537413531226;0.039580422859185484;0.9418274858168157;0.03781160407985228;
431;12;Chlamydia muridarum str. Nigg;strain;243161;1;57;36;34;5;7.2;24;5;426;426.0;0.006118409213604463;35.88686034920875;0.947421971973919;5557;83560;0.8535353535353535;;0.8560606060606061;;10.009995004993758;1.7995321216483713E-4;0.006478315637934137;0.07666006838222063;8.997660608241857E-4;0.010257333093395717;1;1.7995321216483713E-4;36;0.006478315637934137;426;0.07666006838222063;5;8.997660608241857E-4;57;0.010257333093395717;596780x105845-NZ-CP166118_592964_aligned_886462_R_6_86_333;0.8535353535353535;;0.8560606060606061;;
432;11;Chlamydia pecorum;species;85991;3;64;75;69;35;2.142857142857143;18;35;1096;365.3333333333333;4.334388662746872E-5;74.99825685033848;0.9200213831328347;1591920;810;0.9395662581724872;0.018899013570501;0.9395662581724872;0.018899013570501;3.246200105669769;1.8845168098899443E-6;4.711292024724861E-5;6.884768078797929E-4;2.1986029448716017E-5;4.0203025277652145E-5;4;2.402635394558971E-4;88;0.0067414055713980355;1361;0.0638589178090717;42;0.005608626940858326;87;0.005522920546135817;596780x105845-NZ-CP166118_858109_aligned_654908_R_17_52_327;0.9302066085229824;0.024259581795061252;0.9302066085229824;0.024259581795061252;
433;12;Chlamydia pecorum PV3056/3;strain;1234367;0;0;3;3;2;1.5;2;2;0;;9.704341075240991E-5;2.9999029576413987;1.0000323484992586;30914;85991;;;;;0.7071067811865476;0.0;9.704341075240991E-5;0.0;6.469560716827328E-5;0.0;0;0.0;3;9.704341075240991E-5;0;0.0;2;6.469560716827328E-5;0;0.0;596780x105845-NZ-CP166118_858825_aligned_684404_R_17_51_215;;;;;
434;12;Chlamydia pecorum P787;strain;1234369;1;23;5;5;1;5.0;5;1;265;265.0;0.0011918951132300357;4.9976167779513405;1.0004768717079657;4195;85991;0.902127659574468;;0.902127659574468;;;2.3837902264600716E-4;0.0011918951132300357;0.0631704410011919;2.3837902264600716E-4;0.0054827175208581646;1;2.3837902264600716E-4;5;0.0011918951132300357;265;0.0631704410011919;1;2.3837902264600716E-4;23;0.0054827175208581646;596780x105845-NZ-CP166118_881548_aligned_294413_R_17_64_184;0.902127659574468;;0.902127659574468;;
435;12;Chlamydia pecorum IPTaLE;strain;1427368;0;0;3;2;2;1.5;2;2;0;;2.4357569114602363E-4;2.999634651296661;0.6667478651559963;8211;85991;;;;;0.7071067811865476;0.0;3.6536353671903543E-4;0.0;2.4357569114602363E-4;0.0;0;0.0;3;3.6536353671903543E-4;0;0.0;2;2.4357569114602363E-4;0;0.0;596780x105845-NZ-CP166118_880510_aligned_101610_R_29_71_402;;;;;
436;12;Chlamydia pecorum MC/MarsBar;strain;1427369;0;0;1;1;1;1.0;1;1;0;;0.001834862385321101;0.9999999999999698;1.0000000000000302;545;85991;;;;;;0.0;0.001834862385321101;0.0;0.001834862385321101;0.0;0;0.0;1;0.001834862385321101;0;0.0;1;0.001834862385321101;0;0.0;596780x105845-NZ-CP166118_856733_aligned_527670_F_188_61_37;;;;;
437;12;Chlamydia pecorum VR629;strain;1427371;0;0;1;1;1;1.0;1;1;0;;0.003205128205128205;0.9999999999999964;1.0000000000000036;312;85991;;;;;;0.0;0.003205128205128205;0.0;0.003205128205128205;0.0;0;0.0;1;0.003205128205128205;0;0.0;1;0.003205128205128205;0;0.0;596780x105845-NZ-CP166118_880929_aligned_266310_R_18_55_216;;;;;
438;11;Chlamydia ibidis;species;1405396;200;10558;5653;453;403;14.027295285359802;87;246;161831;809.155;3.8812425459580245E-4;5639.334576617781;0.08032862633798349;1167152;810;0.9297291596796297;0.039365485835147394;0.9297291596796297;0.039365485835147394;12.212127948661536;1.7135728679726377E-4;0.00484341371132466;0.13865460539843996;2.1076946276063445E-4;0.009045951170027555;200;1.7135728679726377E-4;5653;0.00484341371132466;161831;0.13865460539843996;246;2.1076946276063445E-4;10558;0.009045951170027555;1405396x144292-NZ-KE360154_967_aligned_163476_R_13_450_298;0.9297291596796297;0.039365485835147394;0.9297291596796297;0.039365485835147394;
439;11;Chlamydia avium;species;1457141;2;33;45;42;22;2.0454545454545454;6;21;813;406.5;4.098424643632219E-5;44.99903395801564;0.9333533701898189;1024784;810;0.9578503875417763;0.026623980703851132;0.9578503875417763;0.026623980703851132;1.3619759010270172;1.951630782682009E-6;4.39116926103452E-5;7.933379131602367E-4;2.0492123218161094E-5;3.220190791425315E-5;2;1.951630782682009E-6;47;6.340791034410485E-5;813;7.933379131602367E-4;22;3.024023208504092E-5;33;3.220190791425315E-5;596780x105845-NZ-CP166118_961250_aligned_172109_R_19_63_231;0.9578503875417763;0.026623980703851132;0.9578503875417763;0.026623980703851132;
440;12;Chlamydia avium 10DC88;strain;1229831;0;0;2;2;1;2.0;2;1;0;;1.949621773375965E-5;1.9999902518907229;1.0000048740783951;102584;1457141;;;;;;0.0;1.949621773375965E-5;0.0;9.748108866879825E-6;0.0;0;0.0;2;1.949621773375965E-5;0;0.0;1;9.748108866879825E-6;0;0.0;596780x105845-NZ-CP166118_526471_aligned_875055_R_9_63_141;;;;;
441;11;Chlamydia gallinacea;species;1457153;2;10;46;45;25;1.84;6;25;681;340.5;3.3611135593296296E-5;45.99922695429445;0.9782773098494177;1338842;810;0.9840400041671007;0.0030644485985985787;0.9840400041671007;0.0030644485985985787;1.4047538337136984;1.4938282485909465E-6;3.435804971759177E-5;5.086485186452173E-4;1.867285310738683E-5;7.469141242954733E-6;2;1.4938282485909465E-6;46;3.435804971759177E-5;681;5.086485186452173E-4;25;1.867285310738683E-5;10;7.469141242954733E-6;596780x105845-NZ-CP166118_48807_aligned_201828_R_9_159_192;0.9840400041671007;0.0030644485985985787;0.9840400041671007;0.0030644485985985787;
442;11;Candidatus Chlamydia sanziniae;species;1806891;1;24;53;47;33;1.606060606060606;6;33;271;271.0;4.242394154522437E-5;52.99875618218315;0.8868132647950749;1107865;810;0.9004149377593361;;0.9004149377593361;;1.1709876691119;9.026370541537101E-7;4.7839763870146634E-5;2.446146416756554E-4;2.978702278707243E-5;2.1663289299689042E-5;1;9.026370541537101E-7;53;4.7839763870146634E-5;271;2.446146416756554E-4;33;2.978702278707243E-5;24;2.1663289299689042E-5;596780x105845-NZ-CP166118_858911_aligned_758167_R_199_64_8;0.9004149377593361;;0.9004149377593361;;
443;11;Chlamydia serpentis;species;1967782;1;4;22;22;14;1.5714285714285714;4;14;600;600.0;1.8734932217866825E-5;21.999803282982278;1.0000089417625782;1174277;810;0.9929824561403509;;0.9929824561403509;;0.8516306272526403;8.515878280848556E-7;1.8734932217866825E-5;5.109526968509134E-4;1.1922229593187978E-5;3.4063513123394223E-6;1;8.515878280848556E-7;22;1.8734932217866825E-5;600;5.109526968509134E-4;14;1.1922229593187978E-5;4;3.4063513123394223E-6;596780x105845-NZ-CP166118_328022_aligned_137281_R_19_165_420;0.9929824561403509;;0.9929824561403509;;
444;11;Chlamydia poikilotherma;species;1967783;1;5;19;18;9;2.111111111111111;5;9;313;313.0;2.261957271627139E-5;18.999785116080147;0.9473791356074867;795771;810;0.9823321554770318;;0.9823321554770318;;1.4529663145135576;1.2566429286817438E-6;2.3876215644953134E-5;3.9332923667738585E-4;1.1309786358135694E-5;6.283214643408719E-6;1;1.2566429286817438E-6;19;2.3876215644953134E-5;313;3.9332923667738585E-4;9;1.1309786358135694E-5;5;6.283214643408719E-6;596780x105845-NZ-CP166118_1007718_aligned_914840_R_4_66_243;0.9823321554770318;;0.9823321554770318;;
445;11;Candidatus Chlamydia corallus;species;2038470;0;0;16;15;12;1.3333333333333333;2;12;0;;1.3215602869371694E-5;15.999894274749133;0.9375061948798527;1135022;810;;;;;0.49236596391733106;0.0;1.4096643060663142E-5;0.0;1.0572482295497356E-5;0.0;0;0.0;16;1.4096643060663142E-5;0;0.0;12;1.0572482295497356E-5;0;0.0;596780x105845-NZ-CP166118_251608_aligned_730890_F_6_66_148;;;;;
446;11;Chlamydia buteonis;species;2494525;0;0;7;6;5;1.4;2;5;0;;7.773380059984582E-6;6.9999727934849325;0.8571461885658135;771865;810;;;;;0.547722557505166;0.0;9.068943403315346E-6;0.0;6.477816716653819E-6;0.0;0;0.0;7;9.068943403315346E-6;0;0.0;5;6.477816716653819E-6;0;0.0;596780x105845-NZ-CP166118_1010532_aligned_1222766_R_18_32_246;;;;;
447;11;unclassified Chlamydia;no rank;2641215;0;0;0;0;0;;0;0;0;;0.0;0.0;;178;810;;;;;;0.0;0.0;0.0;0.0;0.0;23;2.2562248585979426E-5;850;8.3375543199197E-4;8239;0.00808005095316619;467;4.57905122657182E-4;334;3.2765399848134347E-4;;0.9525703339526196;0.027608051794340255;0.9557332392069988;0.02606465010932932;
448;12;Chlamydia sp.;species;35827;21;306;796;723;428;1.8598130841121496;23;428;7318;348.4761904761905;7.098967262272965E-4;795.6894051294976;0.9086460060157927;1018458;2641215;0.9510993835347437;0.027786544269760162;0.9545635178609686;0.026278787525858667;2.1378647147916356;2.0619406985855085E-5;7.815737124162214E-4;0.00718537239630893;4.202431519021894E-4;3.004542160796027E-4;21;2.0619406985855085E-5;796;7.815737124162214E-4;7318;0.00718537239630893;428;4.202431519021894E-4;306;3.004542160796027E-4;596780x105845-NZ-CP166118_129066_aligned_196228_R_7_71_312;0.9510993835347437;0.027786544269760162;0.9545635178609686;0.026278787525858667;
449;12;Chlamydia sp. 17-3921;species;2675798;2;28;38;34;27;1.4074074074074074;5;26;921;460.5;3.3028307202113814E-5;37.99931709755066;0.8947529218147858;1029420;2641215;0.9680153133403169;0.028357120832146806;0.9680153133403169;0.028357120832146806;1.009922284110525;1.942841600124342E-6;3.6913990402362495E-5;8.946785568572594E-4;2.5256940801616445E-5;2.7199782401740785E-5;2;1.942841600124342E-6;38;3.6913990402362495E-5;921;8.946785568572594E-4;26;2.5256940801616445E-5;28;2.7199782401740785E-5;596780x105845-NZ-CP166118_128701_aligned_786076_R_15_70_364;0.9680153133403169;0.028357120832146806;0.9680153133403169;0.028357120832146806;
450;12;Chlamydia sp. 12-01;species;3002742;0;0;16;14;13;1.2307692307692308;3;13;0;;1.33592630267128E-5;15.999885492514245;0.8750062621729439;1047962;2641215;;;;;0.599144689515278;0.0;1.5267729173386058E-5;0.0;1.2405029953376172E-5;0.0;0;0.0;16;1.5267729173386058E-5;0;0.0;13;1.2405029953376172E-5;0;0.0;596780x105845-NZ-CP166118_948729_aligned_794762_R_16_82_261;;;;;
451;11;Chlamydia crocodili;species;2766982;0;0;13;11;10;1.3;2;10;0;;1.563003979976498E-5;12.999889169230782;0.8461610600523976;703773;810;;;;;0.4830458915396481;0.0;1.847186521790407E-5;0.0;1.4209127090695438E-5;0.0;0;0.0;13;1.847186521790407E-5;0;0.0;10;1.4209127090695438E-5;0;0.0;596780x105845-NZ-CP166118_239188_aligned_1165482_R_15_58_221;;;;;
452;11;Chlamydia vaughanii;species;3112552;0;0;25;24;18;1.3888888888888888;4;18;0;;1.86000372000744E-5;24.999767502247057;0.9600089279967426;1290320;810;;;;;0.9164438231805327;0.0;1.93750387500775E-5;0.0;1.39500279000558E-5;0.0;0;0.0;25;1.93750387500775E-5;0;0.0;18;1.39500279000558E-5;0;0.0;596780x105845-NZ-CP166118_984107_aligned_123700_R_10_77_171;;;;;
