pos;name;rank;taxid;reads;kmers from reads;kmers;unique kmers;contigs;average contig length;max contig length;reads >=1 kmer;reads bps;avg. read length;db coverage;exp. unique kmers;unique kmers / exp.;db kmers;parent taxid;mean error;kmer error std. dev.;mean class error;class error std. dev.;contig len std. dev.;norm. reads;norm. kmers;norm. reads bps;norm. read >=1 kmer;norm. reads kmers;acc. reads;acc. norm. reads;acc. kmers;acc. norm. kmers;acc. reads bps;acc. norm. reads bps;acc. read >=1 kmer;acc. norm. read >=1 kmer;acc. reads kmers;acc. norm. reads kmers;max contig desc.;acc. mean error;acc. error std. dev.;acc. class mean error;acc. class error std. dev.;
0;TOTAL;;;1853677;0;607165802;0;0;;0;0;662776112;357.5467095939584;;;;505331577;;;;;;;;;;;;;;;;;;;;;;;;;;;
1;root;no rank;1;0;0;0;0;0;;0;0;0;;0.0;0.0;;2891;;;;;;;0.0;0.0;0.0;0.0;0.0;44303;0.3283480679952154;1139909;7.233632825463018;17459068;142.23563719273764;47657;0.3406903358672096;1138773;10.20917395715915;;0.9294077273179724;0.07125423266266456;0.929456767329793;0.07116140534010369;
2;cellular organisms;cellular root;131567;40350;897360;911666;48039;71564;12.739170532670057;323;40893;15545613;385.26921933085504;0.3623697847913162;132432.2826467039;0.3627438796638127;132569;1;0.935256243395426;0.0639968174520187;0.935256243395426;0.0639968174520187;13.75662024851431;0.3043697998777995;6.8769169262798995;117.26431518680837;0.30846578008433345;6.769003311483076;44303;0.3283480679952154;1139909;7.233632825463018;17459068;142.23563719273764;47657;0.3406903358672096;1138773;10.20917395715915;SRR17281101.353624;0.9294077273179724;0.07125423266266456;0.929456767329793;0.07116140534010369;
3;Bacteria;domain;2;634;6705;6309;339;707;8.923620933521924;29;694;269798;425.5488958990536;2.4633674014380545E-4;6294.562615899747;0.053856005680792365;1376165;131567;0.9725624223558621;0.02488406247921092;0.9725658363971311;0.024886791400031954;6.2033386252671345;4.6070057006245615E-4;0.004584479332056839;0.19605061893014283;5.04299993096758E-4;0.004872235524083232;3953;0.023978268117415966;228243;0.3567158991831209;1913455;24.971322005929185;6764;0.03222455578287613;241413;3.4401706456760675;SRR17281101.1149278;0.8697093656369017;0.105764129734334;0.8702589784989526;0.1053718053390739;
4;Bacillati;kingdom;1783272;10;123;12;8;11;1.0909090909090908;2;11;4234;423.4;3.6859904717146306E-5;11.999695910388759;0.6666835609620728;217038;2;0.9651029665431345;0.0444600904597398;0.9651029665431345;0.0444600904597398;0.30151134457776346;4.6074880896432885E-5;5.5289857075719456E-5;0.01950810457154968;5.068236898607617E-5;5.667210350261244E-4;64;0.00142682328433438;87;0.005237380796511015;27390;0.643245102528786;67;0.001433689831753584;1043;0.09433697218830232;SRR17281101.679682;0.9596124622312022;0.06046956660259202;0.9596124622312022;0.06046956660259202;
5;Mycoplasmatota;phylum;544448;2;31;2;2;2;1.0;1;2;626;313.0;3.2621531515661596E-6;1.9999983689378849;1.0000008155317226;613092;1783272;0.9517468049444793;0.04275899742718971;0.9517468049444793;0.04275899742718971;0.0;3.2621531515661596E-6;3.2621531515661596E-6;0.001021053936440208;3.2621531515661596E-6;5.0563373849275474E-5;54;0.0013807484034379471;75;0.0051820909394352955;23156;0.6237369979572364;56;0.0013830074627675078;920;0.0937702511532762;SRR17281101.996066;0.958595702173437;0.06327779963877797;0.958595702173437;0.06327779963877797;
6;Mollicutes;class;31969;3;33;3;3;3;1.0;1;3;1334;444.6666666666667;5.720605621448457E-5;2.9999427943052996;1.0000190689285173;52442;544448;0.9727972044445169;0.022351292944275788;0.9727972044445169;0.022351292944275788;0.0;5.720605621448457E-5;5.720605621448457E-5;0.02543762633004081;5.720605621448457E-5;6.292666183593303E-4;39;0.0013671656994074766;57;0.005166011872977737;16841;0.6184700729558787;41;0.0013694247587370371;647;0.09357780217461054;SRR17281101.188528;0.9586368236653581;0.06549650915901833;0.9586368236653581;0.06549650915901833;
7;Mycoplasmatales;order;2085;0;0;0;0;0;;0;0;0;;0.0;0.0;;220;31969;;;;;;0.0;0.0;0.0;0.0;0.0;36;0.001309959643192992;54;0.005108805816763253;15507;0.593032446625838;38;0.0013122187025225525;614;0.09294853555625121;;0.9574567919337615;0.0678993549762567;0.9574567919337615;0.0678993549762567;
8;Mycoplasmataceae;family;2092;0;0;0;0;0;;0;0;0;;0.0;0.0;;92;2085;;;;;;0.0;0.0;0.0;0.0;0.0;36;0.001309959643192992;54;0.005108805816763253;15507;0.593032446625838;38;0.0013122187025225525;614;0.09294853555625121;;0.9574567919337615;0.0678993549762567;0.9574567919337615;0.0678993549762567;
9;Mycoplasma;genus;2093;1;13;1;1;1;1.0;1;1;740;740.0;4.425552253601846E-7;0.9999999999884635;1.0000000000115365;2259605;2092;0.9816901408450704;;0.9816901408450704;;;4.425552253601846E-7;4.425552253601846E-7;3.2749086676653663E-4;4.425552253601846E-7;5.753217929682401E-6;36;0.001309959643192992;54;0.005108805816763253;15507;0.593032446625838;38;0.0013122187025225525;614;0.09294853555625121;SRR17281101.558440;0.9574567919337615;0.0678993549762567;0.9574567919337615;0.0678993549762567;
10;Mycoplasma leonicaptivi;species;36742;0;0;0;0;0;;0;0;0;;;0.0;;0;2093;;;;;;;;;;;3;3.5480284788419236E-6;4;4.730704638455898E-6;1200;0.0014192113915367695;3;3.5480284788419236E-6;158;1.8686283321900796E-4;;0.8728909526789524;0.1811339305660812;0.8728909526789524;0.1811339305660812;
11;Mycoplasma leonicaptivi ATCC 49890;strain;1448135;3;158;4;3;3;1.3333333333333333;2;3;1200;400.0;3.5480284788419236E-6;3.99999290380743;0.7500013305384673;845540;36742;0.8728909526789524;0.1811339305660812;0.8728909526789524;0.1811339305660812;0.5773502691896258;3.5480284788419236E-6;4.730704638455898E-6;0.0014192113915367695;3.5480284788419236E-6;1.8686283321900796E-4;3;3.5480284788419236E-6;4;4.730704638455898E-6;1200;0.0014192113915367695;3;3.5480284788419236E-6;158;1.8686283321900796E-4;SRR17281101.279746;0.8728909526789524;0.1811339305660812;0.8728909526789524;0.1811339305660812;
12;Mycoplasma yeatsii;species;51365;0;0;0;0;0;;0;0;0;;0.0;0.0;;638764;2093;;;;;;0.0;0.0;0.0;0.0;0.0;1;2.9326803231813715E-6;1;2.9326803231813715E-6;431;0.0012639852192911712;1;2.9326803231813715E-6;1;2.9326803231813715E-6;;0.9975062344139651;;0.9975062344139651;;
13;Mycoplasma yeatsii 13926;strain;1188240;1;1;1;1;1;1.0;1;1;431;431.0;2.9326803231813715E-6;0.9999999999866432;1.0000000000133569;340985;51365;0.9975062344139651;;0.9975062344139651;;;2.9326803231813715E-6;2.9326803231813715E-6;0.0012639852192911712;2.9326803231813715E-6;2.9326803231813715E-6;1;2.9326803231813715E-6;1;2.9326803231813715E-6;431;0.0012639852192911712;1;2.9326803231813715E-6;1;2.9326803231813715E-6;SRR17281101.1629986;0.9975062344139651;;0.9975062344139651;;
14;Mycoplasma elephantis;species;114882;0;0;0;0;0;;0;0;0;;;0.0;;0;2093;;;;;;;;;;;2;2.6785487087386313E-6;3;4.017823063107947E-6;924;0.0012374895034372477;2;2.6785487087386313E-6;4;5.357097417477263E-6;;0.9954678236961938;0.0029769080057314937;0.9954678236961938;0.0029769080057314937;
15;Mycoplasma elephantis ATCC 51980;strain;1408459;2;4;3;3;2;1.5;2;2;924;462.0;4.017823063107947E-6;2.9999959823210443;1.0000013392281122;746673;114882;0.9954678236961938;0.0029769080057314937;0.9954678236961938;0.0029769080057314937;0.7071067811865476;2.6785487087386313E-6;4.017823063107947E-6;0.0012374895034372477;2.6785487087386313E-6;5.357097417477263E-6;2;2.6785487087386313E-6;3;4.017823063107947E-6;924;0.0012374895034372477;2;2.6785487087386313E-6;4;5.357097417477263E-6;SRR17281101.1208357;0.9954678236961938;0.0029769080057314937;0.9954678236961938;0.0029769080057314937;
16;Mycoplasma buteonis;species;171280;1;1;1;1;1;1.0;1;1;407;407.0;1.2223653747894475E-6;1.0000000000159213;0.9999999999840787;818086;2093;0.9973474801061007;;0.9973474801061007;;;1.2223653747894475E-6;1.2223653747894475E-6;4.975027075393052E-4;1.2223653747894475E-6;1.2223653747894475E-6;1;1.2223653747894475E-6;1;1.2223653747894475E-6;407;4.975027075393052E-4;1;1.2223653747894475E-6;1;1.2223653747894475E-6;SRR17281101.875837;0.9973474801061007;;0.9973474801061007;;
17;Mycoplasma zalophi;species;191287;1;2;1;1;1;1.0;1;1;504;504.0;6.815647636469712E-7;0.9999999999708877;1.0000000000291123;1467212;2093;0.9957805907172996;;0.9957805907172996;;;6.815647636469712E-7;6.815647636469712E-7;3.435086408780735E-4;6.815647636469712E-7;1.3631295272939424E-6;1;6.815647636469712E-7;1;6.815647636469712E-7;504;3.435086408780735E-4;1;6.815647636469712E-7;2;1.3631295272939424E-6;SRR17281101.1268234;0.9957805907172996;;0.9957805907172996;;
18;Mycoplasma tauri;species;547987;1;21;1;1;1;1.0;1;1;257;257.0;8.896710085577455E-7;0.9999999999693027;1.0000000000306974;1124011;2093;0.9074889867841409;;0.9074889867841409;;;8.896710085577455E-7;8.896710085577455E-7;2.2864544919934057E-4;8.896710085577455E-7;1.8683091179712656E-5;1;8.896710085577455E-7;1;8.896710085577455E-7;257;2.2864544919934057E-4;1;8.896710085577455E-7;21;1.8683091179712656E-5;SRR17281101.846025;0.9074889867841409;;0.9074889867841409;;
19;Mycoplasma mycoides group;species group;656088;0;0;1;1;1;1.0;1;1;0;;1.3449700138935401E-6;1.0000000000172622;0.9999999999827378;743511;2093;;;;;;0.0;1.3449700138935401E-6;0.0;1.3449700138935401E-6;0.0;7;5.8333312134712995E-6;12;8.908697464337165E-6;3009;0.0026812981948063693;8;7.17830122736484E-6;33;1.716219395386945E-5;SRR17281101.623361;0.9879992645385576;0.011075411445198151;0.9879992645385576;0.011075411445198151;
20;Mycoplasma capricolum;species;2095;0;0;0;0;0;;0;0;0;;0.0;0.0;;360365;656088;;;;;;0.0;0.0;0.0;0.0;0.0;1;4.6018968098270745E-7;1;4.6018968098270745E-7;359;1.6520809547279197E-4;1;4.6018968098270745E-7;9;4.1417071288443674E-6;;0.9726443768996961;;0.9726443768996961;;
21;Mycoplasma capricolum subsp. capricolum;subspecies;40479;1;9;1;1;1;1.0;1;1;359;359.0;4.6018968098270745E-7;1.0000000000996527;0.9999999999003473;2173017;2095;0.9726443768996961;;0.9726443768996961;;;4.6018968098270745E-7;4.6018968098270745E-7;1.6520809547279197E-4;4.6018968098270745E-7;4.1417071288443674E-6;1;4.6018968098270745E-7;1;4.6018968098270745E-7;359;1.6520809547279197E-4;1;4.6018968098270745E-7;9;4.1417071288443674E-6;SRR17281101.941211;0.9726443768996961;;0.9726443768996961;;
22;Mycoplasma mycoides;species;2102;0;0;0;0;0;;0;0;0;;0.0;0.0;;1058668;656088;;;;;;0.0;0.0;0.0;0.0;0.0;3;1.228078290809758E-6;6;2.456156581619516E-6;1244;5.092431312557796E-4;3;1.228078290809758E-6;18;7.368469744858548E-6;;0.9857305142677942;0.012446017052542955;0.9857305142677942;0.012446017052542955;
23;Mycoplasma mycoides subsp. capri;subspecies;40477;3;18;6;6;3;2.0;3;3;1244;414.6666666666667;2.456156581619516E-6;5.999993859133951;1.0000010234787224;2442841;2102;0.9857305142677942;0.012446017052542955;0.9857305142677942;0.012446017052542955;1.0;1.228078290809758E-6;2.456156581619516E-6;5.092431312557796E-4;1.228078290809758E-6;7.368469744858548E-6;3;1.228078290809758E-6;6;2.456156581619516E-6;1244;5.092431312557796E-4;3;1.228078290809758E-6;18;7.368469744858548E-6;SRR17281101.1792163;0.9857305142677942;0.012446017052542955;0.9857305142677942;0.012446017052542955;
24;Mycoplasma leachii;species;2105;1;1;1;1;1;1.0;1;1;493;493.0;3.1404273493537002E-6;1.0000000000117768;0.9999999999882232;318428;656088;0.9978401727861771;;0.9978401727861771;;;3.1404273493537002E-6;3.1404273493537002E-6;0.001548230683231374;3.1404273493537002E-6;3.1404273493537002E-6;1;3.1404273493537002E-6;1;3.1404273493537002E-6;493;0.001548230683231374;1;3.1404273493537002E-6;1;3.1404273493537002E-6;SRR17281101.29097;0.9978401727861771;;0.9978401727861771;;
25;Mycoplasma feriruminatoris;species;1179777;2;5;3;3;2;1.5;2;2;913;456.5;1.5069538384877014E-6;2.9999984928745906;1.0000005023753888;1990771;656088;0.9941593796403234;0.0014933124565075814;0.9941593796403234;0.0014933124565075814;0.7071067811865476;1.0046358923251343E-6;1.5069538384877014E-6;4.586162848464238E-4;1.0046358923251343E-6;2.5115897308128357E-6;2;1.0046358923251343E-6;3;1.5069538384877014E-6;913;4.586162848464238E-4;2;1.0046358923251343E-6;5;2.5115897308128357E-6;SRR17281101.655415;0.9941593796403234;0.0014933124565075814;0.9941593796403234;0.0014933124565075814;
26;Mycoplasma enhydrae;species;2499220;4;62;4;3;4;1.0;1;4;1682;420.5;3.7057212630580354E-6;3.999992588701591;0.7500013896210265;809559;2093;0.9592341943298074;0.07606409145347813;0.9592341943298074;0.07606409145347813;0.0;4.94096168407738E-6;4.94096168407738E-6;0.0020776743881545383;4.94096168407738E-6;7.65849061031994E-5;4;4.94096168407738E-6;4;4.94096168407738E-6;1682;0.0020776743881545383;4;4.94096168407738E-6;62;7.65849061031994E-5;SRR17281101.451047;0.9592341943298074;0.07606409145347813;0.9592341943298074;0.07606409145347813;
27;unclassified Mycoplasma;no rank;2683645;2;4;3;3;2;1.5;2;2;965;482.5;3.6537831026659464E-7;2.9999996345237006;1.000000121825448;8210668;2093;0.9951655982905983;0.0020019583014910984;0.9951655982905983;0.0020019583014910984;0.7071067811865476;2.4358554017772974E-7;3.6537831026659464E-7;1.175300231357546E-4;2.4358554017772974E-7;4.871710803554595E-7;9;0.0012822982076690593;14;0.005071212877633603;4113;0.5812690656300615;10;0.0012832122969847265;191;0.09253736814834208;SRR17281101.135401;0.9535429204889591;0.06150562041180462;0.9535429204889591;0.06150562041180462;
28;Mycoplasma sp. CSL7491-lung;species;549718;1;1;1;1;1;1.0;1;1;420;420.0;1.0953382404486506E-5;1.000000000004217;0.9999999999957829;91296;2683645;0.9974358974358974;;0.9974358974358974;;;1.0953382404486506E-5;1.0953382404486506E-5;0.004600420609884332;1.0953382404486506E-5;1.0953382404486506E-5;1;1.0953382404486506E-5;1;1.0953382404486506E-5;420;0.004600420609884332;1;1.0953382404486506E-5;1;1.0953382404486506E-5;SRR17281101.756335;0.9974358974358974;;0.9974358974358974;;
29;Mycoplasma sp. Pen4;species;640330;1;25;1;1;1;1.0;1;1;323;323.0;1.2533857081441243E-6;0.9999999999735358;1.0000000000264642;797839;2683645;0.9146757679180887;;0.9146757679180887;;;1.2533857081441243E-6;1.2533857081441243E-6;4.048435837305522E-4;1.2533857081441243E-6;3.133464270360311E-5;1;1.2533857081441243E-6;1;1.2533857081441243E-6;323;4.048435837305522E-4;1;1.2533857081441243E-6;25;3.133464270360311E-5;SRR17281101.532487;0.9146757679180887;;0.9146757679180887;;
30;Mycoplasma sp. NEAQ87857;species;2683967;3;20;4;4;4;1.0;1;4;1281;427.0;3.6563572626681354E-6;3.9999945155761063;1.0000013711078533;1093985;2683645;0.9860348326621619;0.01908684843040132;0.9860348326621619;0.01908684843040132;0.0;2.7422679470011014E-6;3.6563572626681354E-6;0.0011709484133694704;3.6563572626681354E-6;1.8281786313340676E-5;3;2.7422679470011014E-6;4;3.6563572626681354E-6;1281;0.0011709484133694704;4;3.6563572626681354E-6;20;1.8281786313340676E-5;SRR17281101.401239;0.9860348326621619;0.01908684843040132;0.9860348326621619;0.01908684843040132;
31;Mycoplasma sp. 744;species;3108531;1;68;1;1;1;1.0;1;1;671;671.0;4.479323442987171E-6;0.9999999999896421;1.000000000010358;223248;2683645;0.8939157566302652;;0.8939157566302652;;;4.479323442987171E-6;4.479323442987171E-6;0.003005626030244392;4.479323442987171E-6;3.0459399412312765E-4;1;4.479323442987171E-6;1;4.479323442987171E-6;671;0.003005626030244392;1;4.479323442987171E-6;68;3.0459399412312765E-4;SRR17281101.716411;0.8939157566302652;;0.8939157566302652;;
32;Mycoplasma sp. 21DD0294;species;3138068;1;73;4;4;1;4.0;4;1;453;453.0;0.005050505050505051;3.99243061731175;1.0018959334334898;792;2683645;0.8274231678486997;;0.8274231678486997;;;0.0012626262626262627;0.005050505050505051;0.571969696969697;0.0012626262626262627;0.09217171717171717;1;0.0012626262626262627;4;0.005050505050505051;453;0.571969696969697;1;0.0012626262626262627;73;0.09217171717171717;SRR17281101.1853162;0.8274231678486997;;0.8274231678486997;;
33;Mycoplasma bradburyae;species;2963128;1;25;3;3;1;3.0;3;1;312;312.0;1.8520096156339244E-6;2.9999981480513176;1.0000006173166085;1619862;2093;0.9113475177304965;;0.9113475177304965;;;6.173365385446414E-7;1.8520096156339244E-6;1.9260900002592812E-4;6.173365385446414E-7;1.5433413463616036E-5;1;6.173365385446414E-7;3;1.8520096156339244E-6;312;1.9260900002592812E-4;1;6.173365385446414E-7;25;1.5433413463616036E-5;SRR17281101.1762227;0.9113475177304965;;0.9113475177304965;;
34;Mycoplasma phocimorsus;species;3045839;5;103;9;7;5;1.8;3;5;1928;385.6;5.424149086612038E-6;8.999972104656548;0.7777801884939431;1290525;2093;0.9465714280198672;0.03835996033547169;0.9465714280198672;0.03835996033547169;0.8366600265340757;3.874392204722884E-6;6.973905968501191E-6;0.0014939656341411442;3.874392204722884E-6;7.981247941729142E-5;5;3.874392204722884E-6;9;6.973905968501191E-6;1928;0.0014939656341411442;5;3.874392204722884E-6;103;7.981247941729142E-5;SRR17281101.1435705;0.9465714280198672;0.03835996033547169;0.9465714280198672;0.03835996033547169;
35;Mycoplasmoidales;order;2790996;0;0;0;0;0;;0;0;0;;0.0;0.0;;52090;544448;;;;;;0.0;0.0;0.0;0.0;0.0;13;1.032055087890432E-5;16;1.2816913305991482E-5;5689;0.004245871064917413;13;1.032055087890432E-5;242;1.4188560481636844E-4;;0.9595260141944362;0.06276321191554346;0.9595260141944362;0.06276321191554346;
36;Mycoplasmoidaceae;family;2790998;0;0;0;0;0;;0;0;0;;0.0;0.0;;2102;2790996;;;;;;0.0;0.0;0.0;0.0;0.0;6;4.604423722902766E-6;8;6.569867294035116E-6;2831;0.002080808522347959;6;4.604423722902766E-6;158;9.425541907150643E-5;;0.9427216471688737;0.07557242839815918;0.9427216471688737;0.07557242839815918;
37;Malacoplasma;genus;2791001;0;0;0;0;0;;0;0;0;;0.0;0.0;;3332;2790998;;;;;;0.0;0.0;0.0;0.0;0.0;4;3.1171882339475838E-6;6;5.082631805079935E-6;1954;0.001508506721387845;4;3.1171882339475838E-6;138;8.353887627583664E-5;;0.9246465846918246;0.09023714653321989;0.9246465846918246;0.09023714653321989;
38;Malacoplasma iowae;species;2116;2;128;2;2;2;1.0;1;2;1012;506.0;1.1517446628152325E-6;1.9999994240287062;1.00000028798573;1736496;2791001;0.8651039206945407;0.09924656124560151;0.8651039206945407;0.09924656124560151;0.0;1.1517446628152325E-6;1.1517446628152325E-6;5.827827993845077E-4;1.1517446628152325E-6;7.371165842017488E-5;2;1.1517446628152325E-6;2;1.1517446628152325E-6;1012;5.827827993845077E-4;2;1.1517446628152325E-6;128;7.371165842017488E-5;SRR17281101.592608;0.8651039206945407;0.09924656124560151;0.8651039206945407;0.09924656124560151;
39;Malacoplasma muris;species;2119;2;10;4;4;2;2.0;3;2;942;471.0;3.930887142264702E-6;3.999994103840103;1.000001474042147;1017582;2791001;0.9841892486891086;0.019925676418182166;0.9841892486891086;0.019925676418182166;1.4142135623730951;1.965443571132351E-6;3.930887142264702E-6;9.257239220033373E-4;1.965443571132351E-6;9.827217855661754E-6;2;1.965443571132351E-6;4;3.930887142264702E-6;942;9.257239220033373E-4;2;1.965443571132351E-6;10;9.827217855661754E-6;SRR17281101.471995;0.9841892486891086;0.019925676418182166;0.9841892486891086;0.019925676418182166;
40;Mycoplasmoides;genus;2995234;0;0;0;0;0;;0;0;0;;0.0;0.0;;43815;2790998;;;;;;0.0;0.0;0.0;0.0;0.0;2;1.4872354889551818E-6;2;1.4872354889551818E-6;877;5.723018009601139E-4;2;1.4872354889551818E-6;20;1.071654279566978E-5;;0.9788717721229718;0.014395736313623968;0.9788717721229718;0.014395736313623968;
41;Mycoplasmoides gallisepticum;species;2096;1;17;1;1;1;1.0;1;1;573;573.0;4.4677402348601687E-7;0.9999999999053508;1.0000000000946492;2238268;2995234;0.9686924493554327;;0.9686924493554327;;;4.4677402348601687E-7;4.4677402348601687E-7;2.560015154574877E-4;4.4677402348601687E-7;7.595158399262286E-6;1;4.4677402348601687E-7;1;4.4677402348601687E-7;573;2.560015154574877E-4;1;4.4677402348601687E-7;17;7.595158399262286E-6;SRR17281101.596143;0.9686924493554327;;0.9686924493554327;;
42;[Mycoplasma] cavipharyngis;species;92757;1;3;1;1;1;1.0;1;1;304;304.0;1.0404614654691649E-6;0.9999999999615241;1.000000000038476;961112;2995234;0.9890510948905109;;0.9890510948905109;;;1.0404614654691649E-6;1.0404614654691649E-6;3.1630028550262614E-4;1.0404614654691649E-6;3.1213843964074944E-6;1;1.0404614654691649E-6;1;1.0404614654691649E-6;304;3.1630028550262614E-4;1;1.0404614654691649E-6;3;3.1213843964074944E-6;SRR17281101.567763;0.9890510948905109;;0.9890510948905109;;
43;Metamycoplasmataceae;family;2895623;0;0;0;0;0;;0;0;0;;0.0;0.0;;130176;2790996;;;;;;0.0;0.0;0.0;0.0;0.0;7;5.716127156001554E-6;8;6.247046011956367E-6;2858;0.0021650625425694535;7;5.716127156001554E-6;84;4.7630185744862026E-5;;0.9739297573592041;0.05093802499543272;0.9739297573592041;0.05093802499543272;
44;Metamycoplasma;genus;2895509;0;0;0;0;0;;0;0;0;;0.0;0.0;;82098;2895623;;;;;;0.0;0.0;0.0;0.0;0.0;7;5.716127156001554E-6;8;6.247046011956367E-6;2858;0.0021650625425694535;7;5.716127156001554E-6;84;4.7630185744862026E-5;;0.9739297573592041;0.05093802499543272;0.9739297573592041;0.05093802499543272;
45;Metamycoplasma hominis;species;2098;1;1;1;1;1;1.0;1;1;333;333.0;3.0062484874812296E-7;1.0000000001474574;0.9999999998525426;3326405;2895509;0.9966996699669967;;0.9966996699669967;;;3.0062484874812296E-7;3.0062484874812296E-7;1.0010807463312495E-4;3.0062484874812296E-7;3.0062484874812296E-7;1;3.0062484874812296E-7;1;3.0062484874812296E-7;333;1.0010807463312495E-4;1;3.0062484874812296E-7;1;3.0062484874812296E-7;SRR17281101.1029757;0.9966996699669967;;0.9966996699669967;;
46;Metamycoplasma orale;species;2121;1;1;1;1;1;1.0;1;1;432;432.0;1.463672383283105E-6;1.00000000000815;0.9999999999918501;683213;2895509;0.9975124378109452;;0.9975124378109452;;;1.463672383283105E-6;1.463672383283105E-6;6.323064695783014E-4;1.463672383283105E-6;1.463672383283105E-6;1;1.463672383283105E-6;1;1.463672383283105E-6;432;6.323064695783014E-4;1;1.463672383283105E-6;1;1.463672383283105E-6;SRR17281101.447080;0.9975124378109452;;0.9975124378109452;;
47;Metamycoplasma salivarium;species;2124;1;1;1;1;1;1.0;1;1;294;294.0;9.07388318645741E-7;0.9999999999429097;1.0000000000570903;1102064;2895509;0.9962121212121212;;0.9962121212121212;;;9.07388318645741E-7;9.07388318645741E-7;2.667721656818479E-4;9.07388318645741E-7;9.07388318645741E-7;1;9.07388318645741E-7;1;9.07388318645741E-7;294;2.667721656818479E-4;1;9.07388318645741E-7;1;9.07388318645741E-7;SRR17281101.557389;0.9962121212121212;;0.9962121212121212;;
48;Metamycoplasma hyosynoviae;species;29559;1;1;1;1;1;1.0;1;1;386;386.0;4.1837835712023483E-7;0.9999999998797533;1.0000000001202467;2390181;2895509;0.9971910112359551;;0.9971910112359551;;;4.1837835712023483E-7;4.1837835712023483E-7;1.6149404584841064E-4;4.1837835712023483E-7;4.1837835712023483E-7;1;4.1837835712023483E-7;1;4.1837835712023483E-7;386;1.6149404584841064E-4;1;4.1837835712023483E-7;1;4.1837835712023483E-7;SRR17281101.1578031;0.9971910112359551;;0.9971910112359551;;
49;Metamycoplasma cloacale;species;92401;1;2;1;1;1;1.0;1;1;246;246.0;1.5642255362947252E-6;1.0000000000169862;0.9999999999830138;639294;2895509;0.9907407407407407;;0.9907407407407407;;;1.5642255362947252E-6;1.5642255362947252E-6;3.847994819285024E-4;1.5642255362947252E-6;3.1284510725894504E-6;1;1.5642255362947252E-6;1;1.5642255362947252E-6;246;3.847994819285024E-4;1;1.5642255362947252E-6;2;3.1284510725894504E-6;SRR17281101.293339;0.9907407407407407;;0.9907407407407407;;
50;Metamycoplasma equirhinis;species;92402;2;78;3;3;2;1.5;2;2;1167;583.5;1.5927565678644373E-6;2.999998407380598;1.000000530873416;1883527;2895509;0.9195761602738347;0.08523295571475455;0.9195761602738347;0.08523295571475455;0.7071067811865476;1.061837711909625E-6;1.5927565678644373E-6;6.195823048992661E-4;1.061837711909625E-6;4.141167076447537E-5;2;1.061837711909625E-6;3;1.5927565678644373E-6;1167;6.195823048992661E-4;2;1.061837711909625E-6;78;4.141167076447537E-5;SRR17281101.1140398;0.9195761602738347;0.08523295571475455;0.9195761602738347;0.08523295571475455;
51;Pseudomonadati;kingdom;3379134;25;291;1002;959;93;10.774193548387096;75;58;9937;397.48;0.002193107832756661;1000.854006393015;0.9581817066968109;437279;2;0.9700273821334359;0.027204014649276916;0.9700273821334359;0.027204014649276916;16.21065741247839;5.7171737037452065E-5;0.0022914432204610784;0.022724622037646445;1.326384299268888E-4;6.65479019115942E-4;3255;0.02209074426301914;221847;0.34689403905455307;1616267;24.132026284470257;6003;0.030286565958025785;233665;3.340961437963682;SRR17281101.314323;0.8479082485426289;0.10343466753174371;0.8485750550377202;0.10308719862209682;
52;Pseudomonadota;phylum;1224;6;77;173;164;27;6.407407407407407;27;21;2617;436.1666666666667;4.149094156608065E-4;172.9623650477289;0.9481831492922999;395267;3379134;0.9737679229930754;0.017946811819092426;0.9737679229930754;0.017946811819092426;7.712423839590345;1.5179612768078286E-5;4.376788348129239E-4;0.006620841102343479;5.3128644688274E-5;1.9480503052367133E-4;2905;0.01717867798221245;196546;0.30575026770450786;1423578;21.55781108728892;5190;0.02476663786155114;208006;3.0943349005791934;SRR17281101.1718297;0.844464802203873;0.104230635750121;0.8450716334105556;0.10388713762641867;
53;Gammaproteobacteria;class;1236;1;63;1;1;1;1.0;1;1;550;550.0;2.3871931859957698E-6;1.0000000000081912;0.9999999999918088;418902;1224;0.8788461538461538;;0.8788461538461538;;;2.3871931859957698E-6;2.3871931859957698E-6;0.0013129562522976735;2.3871931859957698E-6;1.503931707177335E-4;3;4.43728764051324E-6;3;4.43728764051324E-6;1290;0.0020646927323341373;3;4.43728764051324E-6;65;1.5244326517225098E-4;SRR17281101.776733;0.9576539894865671;0.06824960743005351;0.9576539894865671;0.06824960743005351;
54;Thiotrichales;order;72273;0;0;0;0;0;;0;0;0;;0.0;0.0;;28762;1236;;;;;;0.0;0.0;0.0;0.0;0.0;2;2.0500944545174703E-6;2;2.0500944545174703E-6;740;7.517364800364637E-4;2;2.0500944545174703E-6;2;2.0500944545174703E-6;;0.9970579073067738;7.342495277287642E-5;0.9970579073067738;7.342495277287642E-5;
55;Francisellaceae;family;34064;0;0;0;0;0;;0;0;0;;0.0;0.0;;883312;72273;;;;;;0.0;0.0;0.0;0.0;0.0;2;2.0500944545174703E-6;2;2.0500944545174703E-6;740;7.517364800364637E-4;2;2.0500944545174703E-6;2;2.0500944545174703E-6;;0.9970579073067738;7.342495277287642E-5;0.9970579073067738;7.342495277287642E-5;
56;Francisella;genus;262;0;0;0;0;0;;0;0;0;;0.0;0.0;;9693010;34064;;;;;;0.0;0.0;0.0;0.0;0.0;2;2.0500944545174703E-6;2;2.0500944545174703E-6;740;7.517364800364637E-4;2;2.0500944545174703E-6;2;2.0500944545174703E-6;;0.9970579073067738;7.342495277287642E-5;0.9970579073067738;7.342495277287642E-5;
57;Francisella salimarina;species;2599927;1;1;1;1;1;1.0;1;1;364;364.0;1.5915862385087475E-6;0.9999999999754454;1.0000000000245546;628304;262;0.9970059880239521;;0.9970059880239521;;;1.5915862385087475E-6;1.5915862385087475E-6;5.79337390817184E-4;1.5915862385087475E-6;1.5915862385087475E-6;1;1.5915862385087475E-6;1;1.5915862385087475E-6;364;5.79337390817184E-4;1;1.5915862385087475E-6;1;1.5915862385087475E-6;SRR17281101.1056466;0.9970059880239521;;0.9970059880239521;;
58;unclassified Francisella;no rank;2610885;0;0;0;0;0;;0;0;0;;0.0;0.0;;2272911;262;;;;;;0.0;0.0;0.0;0.0;0.0;1;4.585082160087227E-7;1;4.585082160087227E-7;376;1.7239908921927972E-4;1;4.585082160087227E-7;1;4.585082160087227E-7;;0.9971098265895953;;0.9971098265895953;;
59;Francisella sp. SYW-9;species;2610888;1;1;1;1;1;1.0;1;1;376;376.0;4.585082160087227E-7;1.0000000001146794;0.9999999998853206;2180986;2610885;0.9971098265895953;;0.9971098265895953;;;4.585082160087227E-7;4.585082160087227E-7;1.7239908921927972E-4;4.585082160087227E-7;4.585082160087227E-7;1;4.585082160087227E-7;1;4.585082160087227E-7;376;1.7239908921927972E-4;1;4.585082160087227E-7;1;4.585082160087227E-7;SRR17281101.1170083;0.9971098265895953;;0.9971098265895953;;
60;Alphaproteobacteria;class;28211;1;1;76;57;16;4.75;16;14;480;480.0;6.52009791585642E-4;75.96740870721624;0.7503217625821887;87422;1224;0.9977777777777778;;0.9977777777777778;;4.697517074654084;1.1438768273432317E-5;8.69346388780856E-4;0.005490608771247512;1.6014275582805243E-4;1.1438768273432317E-5;2896;0.017159061081803862;196370;0.30530815158205443;1419671;21.54912555345424;5166;0.024709071929222354;207864;3.0939876522834977;SRR17281101.1660454;0.8440796550054672;0.10414388651634035;0.8446883720826125;0.10380128465649277;
61;Hyphomicrobiales;order;356;0;0;0;0;0;;0;0;0;;0.0;0.0;;91192;28211;;;;;;0.0;0.0;0.0;0.0;0.0;13;5.51316185143029E-4;21;8.05008594686449E-4;5539;0.1971288223455429;13;5.51316185143029E-4;315;0.008708826550470183;;0.9457507913300538;0.04972467372598566;0.9457507913300538;0.04972467372598566;
62;Bartonellaceae;family;772;0;0;0;0;0;;0;0;0;;0.0;0.0;;182;356;;;;;;0.0;0.0;0.0;0.0;0.0;13;5.51316185143029E-4;21;8.05008594686449E-4;5539;0.1971288223455429;13;5.51316185143029E-4;315;0.008708826550470183;;0.9457507913300538;0.04972467372598566;0.9457507913300538;0.04972467372598566;
63;Bartonella;genus;773;0;0;0;0;0;;0;0;0;;0.0;0.0;;37807667;772;;;;;;0.0;0.0;0.0;0.0;0.0;13;5.51316185143029E-4;21;8.05008594686449E-4;5539;0.1971288223455429;13;5.51316185143029E-4;315;0.008708826550470183;;0.9457507913300538;0.04972467372598566;0.9457507913300538;0.04972467372598566;
64;Bartonella fuyuanensis;species;1460968;1;1;1;1;1;1.0;1;1;522;522.0;7.147232270039588E-7;1.000000000059628;0.9999999999403719;1399143;773;0.9979674796747967;;0.9979674796747967;;;7.147232270039588E-7;7.147232270039588E-7;3.7308552449606653E-4;7.147232270039588E-7;7.147232270039588E-7;1;7.147232270039588E-7;1;7.147232270039588E-7;522;3.7308552449606653E-4;1;7.147232270039588E-7;1;7.147232270039588E-7;SRR17281101.1538562;0.9979674796747967;;0.9979674796747967;;
65;unclassified Bartonella;no rank;2645622;7;177;12;10;7;1.7142857142857142;3;7;2679;382.7142857142857;4.218370709152409E-7;11.999997213043308;0.8333335268720374;23705835;773;0.9433549635115218;0.05145316103761776;0.9433549635115218;0.05145316103761776;0.9511897312113418;2.9528594964066863E-7;5.06204485098289E-7;1.1301015129819304E-4;2.9528594964066863E-7;7.466516155199764E-6;12;5.506014619160251E-4;20;8.04293871459445E-4;5017;0.19675573682104686;12;5.506014619160251E-4;314;0.008708111827243178;SRR17281101.422819;0.9413994006346585;0.04928278361785746;0.9413994006346585;0.04928278361785746;
66;Bartonella sp. C271;species;3070220;1;3;3;3;1;3.0;3;1;594;594.0;4.658891494417095E-6;2.9999953409987192;1.0000015530028388;643930;2645622;0.9946808510638298;;0.9946808510638298;;;1.552963831472365E-6;4.658891494417095E-6;9.224605158945848E-4;1.552963831472365E-6;4.658891494417095E-6;1;1.552963831472365E-6;3;4.658891494417095E-6;594;9.224605158945848E-4;1;1.552963831472365E-6;3;4.658891494417095E-6;SRR17281101.42856;0.9946808510638298;;0.9946808510638298;;
67;Bartonella sp. AP28SXKL;species;3243484;2;26;3;2;2;1.5;2;2;678;339.0;5.00751126690035E-4;2.9992489359982946;0.6668336115735933;3994;2645622;0.957714454140657;0.004257661598177643;0.957714454140657;0.004257661598177643;0.7071067811865476;5.00751126690035E-4;7.511266900350526E-4;0.16975463194792187;5.00751126690035E-4;0.006509764646970456;2;5.00751126690035E-4;3;7.511266900350526E-4;678;0.16975463194792187;2;5.00751126690035E-4;26;0.006509764646970456;SRR17281101.524415;0.957714454140657;0.004257661598177643;0.957714454140657;0.004257661598177643;
68;Bartonella sp. CL32QHWL-2;species;3243525;1;38;1;1;1;1.0;1;1;548;548.0;3.6685131516196485E-5;1.0000000000007256;0.9999999999992744;27259;2645622;0.9266409266409267;;0.9266409266409267;;;3.6685131516196485E-5;3.6685131516196485E-5;0.020103452070875674;3.6685131516196485E-5;0.0013940349976154665;1;3.6685131516196485E-5;1;3.6685131516196485E-5;548;0.020103452070875674;1;3.6685131516196485E-5;38;0.0013940349976154665;SRR17281101.1519287;0.9266409266409267;;0.9266409266409267;;
69;Bartonella sp. CL63NXGY;species;3243538;1;70;1;1;1;1.0;1;1;518;518.0;1.1316953928680557E-5;0.9999999999965699;1.0000000000034301;88363;2645622;0.8565573770491803;;0.8565573770491803;;;1.1316953928680557E-5;1.1316953928680557E-5;0.005862182135056528;1.1316953928680557E-5;7.92186775007639E-4;1;1.1316953928680557E-5;1;1.1316953928680557E-5;518;0.005862182135056528;1;1.1316953928680557E-5;70;7.92186775007639E-4;SRR17281101.1110349;0.8565573770491803;;0.8565573770491803;;
70;Rickettsiales;order;766;1;19;656;214;82;8.0;31;70;410;410.0;0.0052717150317780955;650.7358998857645;0.3288584509285062;40594;28211;0.95;;0.95;;7.88497555520452;2.4634182391486427E-5;0.016160023648815094;0.010100014780509434;0.00172439276740405;4.680494654382421E-4;2882;0.016596306128387396;196273;0.30363379659858714;1413652;21.346506122337452;5139;0.02399761298825127;207548;3.0852673869647544;SRR17281101.1773364;0.8435677109058863;0.10408289826185471;0.844179384970915;0.10374143726145556;
71;Rickettsiaceae;family;775;0;0;10;10;6;1.6666666666666667;3;6;0;;0.0041928721174004195;9.981153156211038;1.0018882431212104;2385;766;;;;;0.8164965809277259;0.0;0.0041928721174004195;0.0;0.0025157232704402514;0.0;2524;0.01512876839594235;153848;0.2611417648164967;1074775;6.80703530922033;4682;0.02014188727441482;164425;1.0479154667154256;SRR17281101.205973;0.8367449111265912;0.10443222569719307;0.8374412677647917;0.10408974412639298;
72;Rickettsieae;tribe;33988;14;304;4649;2648;462;10.062770562770563;82;270;5467;390.5;0.0016158558910395666;4642.413269597634;0.5703929930885939;1638760;775;0.9278107963218885;0.07681502793314166;0.9278107963218885;0.07681502793314166;11.333935342812463;8.543044741145744E-6;0.0028369010715418976;0.0033360589714174133;1.647587200078108E-4;1.8550611437916475E-4;2524;0.01512876839594235;153838;0.25694889269909627;1074775;6.80703530922033;4676;0.01762616400397457;164425;1.0479154667154256;SRR17281101.663047;0.8367449111265912;0.10443222569719307;0.8374412677647917;0.10408974412639298;
73;Rickettsia;genus;780;435;20315;74464;67198;4843;15.375593640305595;159;1732;173131;398.00229885057473;0.015311560800326291;73835.84431325758;0.910099974138635;4388710;33988;0.8750859171317873;0.09407847714004464;0.875163396343185;0.09406775709933007;16.171796827590157;9.911796404866122E-5;0.016967172586021862;0.039449177548755786;3.94648997085704E-4;0.004628922849766788;2510;0.015120225351201203;149189;0.2541119916275544;1069308;6.803699250248913;4406;0.017461405283966763;164121;1.0477299606010464;SRR17281101.151464;0.8362369739183306;0.1043543947706896;0.8369372146174613;0.10401314919951121;
74;spotted fever group;species group;114277;1399;95406;64551;50181;4438;14.545065344749887;127;1767;596550;426.4117226590422;0.015899293385861;63895.38014478705;0.7853619445770533;3156178;780;0.8289120294885759;0.10519572426934862;0.8293505524067413;0.10504421469277864;14.559743690664757;4.432576362930101E-4;0.020452268534917866;0.1890102522734776;5.598543554894559E-4;0.0302283331295003;1976;0.014321633061160563;73416;0.2293553774320792;851704;6.467304483133419;2421;0.015617553649457518;137308;0.9866797148909752;SRR17281101.1738130;0.8275408587664294;0.10527876898616612;0.8282739717346583;0.10499085504363807;
75;Rickettsia conorii;species;781;0;0;0;0;0;;0;0;0;;0.0;0.0;;1602;114277;;;;;;0.0;0.0;0.0;0.0;0.0;18;5.85955297689407E-5;107;3.234558288430768E-4;7494;0.024054307072010866;21;7.049248361662736E-5;1474;0.004697453968243286;;0.7937901493560846;0.11521472319842155;0.7964206733459319;0.11497839656300701;
76;Rickettsia conorii subsp. heilongjiangensis;subspecies;226665;3;222;12;12;4;3.0;5;4;1169;389.6666666666667;8.168433090322448E-5;11.9995507463863;1.000037439202783;146907;781;0.8136382777134434;0.14597860842925767;0.8184691955878396;0.14087177554233357;2.309401076758503;2.042108272580612E-5;8.168433090322448E-5;0.007957415235489118;2.722811030107483E-5;0.001511160121709653;3;2.042108272580612E-5;12;8.168433090322448E-5;1169;0.007957415235489118;4;2.722811030107483E-5;222;0.001511160121709653;SRR17281101.188057;0.8136382777134434;0.14597860842925767;0.8184691955878396;0.14087177554233357;
77;Rickettsia conorii subsp. raoultii;subspecies;369822;15;1252;95;95;18;5.277777777777778;13;17;6325;421.6666666666667;2.4177149793985233E-4;94.988637636856;1.000119618129354;392933;781;0.7898205236846128;0.11390084339126559;0.7920109688975504;0.11442425124057115;4.253794922399299;3.817444704313458E-5;2.4177149793985233E-4;0.016096891836521746;4.326437331555253E-5;0.003186293846533633;15;3.817444704313458E-5;95;2.4177149793985233E-4;6325;0.016096891836521746;17;4.326437331555253E-5;1252;0.003186293846533633;SRR17281101.68540;0.7898205236846128;0.11390084339126559;0.7920109688975504;0.11442425124057115;
78;Rickettsia rickettsii;species;783;1;65;1;1;1;1.0;1;1;440;440.0;8.530312465345605E-6;1.0000000000056128;0.9999999999943872;117229;114277;0.8414634146341463;;0.8414634146341463;;;8.530312465345605E-6;8.530312465345605E-6;0.0037533374847520664;8.530312465345605E-6;5.544703102474644E-4;1;8.530312465345605E-6;1;8.530312465345605E-6;440;0.0037533374847520664;1;8.530312465345605E-6;65;5.544703102474644E-4;SRR17281101.1600667;0.8414634146341463;;0.8414634146341463;;
79;Rickettsia akari;species;786;0;0;0;0;0;;0;0;0;;;0.0;;0;114277;;;;;;;;;;;7;1.1137292587813575E-5;44;7.000583912339961E-5;3190;0.005075423336446472;8;1.2728334386072657E-5;639;0.0010166757090875535;;0.7835003832588976;0.12825005792245373;0.7874262343818553;0.12408162579165274;
80;Rickettsia akari str. Hartford;strain;293614;7;639;44;44;8;5.5;15;8;3190;455.7142857142857;7.000583912339961E-5;43.998494909363174;1.0000342077755142;628519;786;0.7835003832588976;0.12825005792245373;0.7874262343818553;0.12408162579165274;4.3094580368566735;1.1137292587813575E-5;7.000583912339961E-5;0.005075423336446472;1.2728334386072657E-5;0.0010166757090875535;7;1.1137292587813575E-5;44;7.000583912339961E-5;3190;0.005075423336446472;8;1.2728334386072657E-5;639;0.0010166757090875535;SRR17281101.13547;0.7835003832588976;0.12825005792245373;0.7874262343818553;0.12408162579165274;
81;Rickettsia australis;species;787;7;291;40;40;9;4.444444444444445;23;8;2648;378.2857142857143;7.973527887413786E-5;39.998445200647915;1.0000388714947366;501660;114277;0.8704364221854413;0.07051252040350028;0.8704364221854413;0.07051252040350028;7.108289370712041;1.3953673802974126E-5;7.973527887413786E-5;0.005278475461467927;1.594705577482757E-5;5.800741538093529E-4;8;5.688926305177356E-4;41;6.346742355888993E-4;3095;0.2533361891129663;9;5.70886012489589E-4;330;0.022222693465685048;SRR17281101.511173;0.8749412219302467;0.06651370810743693;0.8749412219302467;0.06651370810743693;
82;Rickettsia australis str. Phillips;strain;1196662;1;39;1;1;1;1.0;1;1;447;447.0;5.549389567147614E-4;1.0000000000000115;0.9999999999999885;1802;787;0.9064748201438849;;0.9064748201438849;;;5.549389567147614E-4;5.549389567147614E-4;0.24805771365149834;5.549389567147614E-4;0.021642619311875694;1;5.549389567147614E-4;1;5.549389567147614E-4;447;0.24805771365149834;1;5.549389567147614E-4;39;0.021642619311875694;SRR17281101.1379021;0.9064748201438849;;0.9064748201438849;;
83;Rickettsia amblyommatis;species;33989;5;377;28;24;11;2.5454545454545454;11;11;2333;466.6;4.881799431270366E-5;27.99923113068687;0.857166394604895;491622;114277;0.8359955468673881;0.10444215405877881;0.8370984991079009;0.10525488328878099;2.9449494516421284;1.0170415481813263E-5;5.695432669815427E-5;0.0047455158638140685;2.2374914059989177E-5;7.6684932732872E-4;31;0.002665847290794135;181;0.021327169339510038;14389;1.2264486494707558;38;0.0027563848615954033;1375;0.14517807413974998;SRR17281101.1374862;0.9008214739101268;0.0888195200213764;0.9010393918453411;0.0887959016560432;
84;Rickettsia amblyommatis str. GAT-30V;strain;1105111;1;107;15;15;1;15.0;15;1;448;448.0;0.010460251046025104;14.92699904567938;1.0048905311842804;1434;33989;0.7440191387559809;;0.7440191387559809;;;6.97350069735007E-4;0.010460251046025104;0.3124128312412831;6.97350069735007E-4;0.07461645746164575;1;6.97350069735007E-4;15;0.010460251046025104;448;0.3124128312412831;1;6.97350069735007E-4;107;0.07461645746164575;SRR17281101.1573990;0.7440191387559809;;0.7440191387559809;;
85;Rickettsia amblyommatis str. Darkwater;strain;1359166;25;891;138;96;26;5.3076923076923075;28;26;11608;464.32;0.0075199749334168885;137.2621400579562;0.6993916892120865;12766;33989;0.9200587527248403;0.0758792245193143;0.9201083805164036;0.07583941251606609;5.86357727514002;0.0019583268055773147;0.010809963966786778;0.9092903023656588;0.002036659877800407;0.0697947673507755;25;0.0019583268055773147;138;0.010809963966786778;11608;0.9092903023656588;26;0.002036659877800407;891;0.0697947673507755;SRR17281101.1733997;0.9200587527248403;0.0758792245193143;0.9201083805164036;0.07583941251606609;
86;Rickettsia montanensis;species;33991;0;0;0;0;0;;0;0;0;;;0.0;;0;114277;;;;;;;;;;;11;4.257229549817326E-5;54;2.089912688092142E-4;4898;0.01895628212273206;14;5.4182921543129604E-5;785;0.00303811381509691;;0.82998901116357;0.077079299613037;0.8309351182262947;0.07617146933041809;
87;Rickettsia montanensis str. OSU 85-930;strain;1105114;11;785;54;54;14;3.857142857142857;31;14;4898;445.27272727272725;2.089912688092142E-4;53.99446210277076;1.0001025641707235;258384;33991;0.82998901116357;0.077079299613037;0.8309351182262947;0.07617146933041809;7.872612144518615;4.257229549817326E-5;2.089912688092142E-4;0.01895628212273206;5.4182921543129604E-5;0.00303811381509691;11;4.257229549817326E-5;54;2.089912688092142E-4;4898;0.01895628212273206;14;5.4182921543129604E-5;785;0.00303811381509691;SRR17281101.1765784;0.82998901116357;0.077079299613037;0.8309351182262947;0.07617146933041809;
88;Rickettsia rhipicephali;species;33992;7;772;35;35;12;2.9166666666666665;11;12;3102;443.14285714285717;9.392569136017819E-5;34.99840331038176;1.0000456217846305;372635;114277;0.731717334859349;0.07448203298852776;0.731717334859349;0.07448203298852776;3.4498572653828963;1.8785138272035637E-5;9.392569136017819E-5;0.008324499845693507;3.220309418063252E-5;0.002071732392287359;9;5.2745031637970466E-5;42;2.127853181409501E-4;3915;0.022129196498946017;15;8.314293422953477E-5;870;0.0037357671672181656;SRR17281101.906314;0.7567846898431357;0.08533361493557044;0.7567846898431357;0.08533361493557044;
89;Rickettsia rhipicephali str. 3-7-female6-CWPP;strain;1105113;2;98;7;7;3;2.3333333333333335;5;3;813;406.5;1.188596267807719E-4;6.999643431195948;1.0000509409954317;58893;33992;0.8445204322863897;0.0719405328714771;0.8445204322863897;0.0719405328714771;2.3094010767585034;3.395989336593483E-5;1.188596267807719E-4;0.01380469665325251;5.093984004890225E-5;0.0016640347749308068;2;3.395989336593483E-5;7;1.188596267807719E-4;813;0.01380469665325251;3;5.093984004890225E-5;98;0.0016640347749308068;SRR17281101.1807850;0.8445204322863897;0.0719405328714771;0.8445204322863897;0.0719405328714771;
90;Rickettsia africae;species;35788;0;0;0;0;0;;0;0;0;;;0.0;;0;114277;;;;;;;;;;;3;2.2969320644059752E-5;11;8.422084236155242E-5;1405;0.01075729850163465;3;2.2969320644059752E-5;316;0.0024194351078409603;;0.7692274805761636;0.16047948273134752;0.7718782426702657;0.1559027993751507;
91;Rickettsia africae ESF-5;strain;347255;3;316;11;11;3;3.6666666666666665;9;3;1405;468.3333333333333;8.422084236155242E-5;10.999578905502183;1.0000382827834988;130609;35788;0.7692274805761636;0.16047948273134752;0.7718782426702657;0.1559027993751507;4.618802153517006;2.2969320644059752E-5;8.422084236155242E-5;0.01075729850163465;2.2969320644059752E-5;0.0024194351078409603;3;2.2969320644059752E-5;11;8.422084236155242E-5;1405;0.01075729850163465;3;2.2969320644059752E-5;316;0.0024194351078409603;SRR17281101.908848;0.7692274805761636;0.16047948273134752;0.7718782426702657;0.1559027993751507;
92;Rickettsia helvetica;species;35789;5;455;52;50;8;6.5;31;7;2077;415.4;1.8908881879996673E-4;51.99498567982625;0.9616311908976967;264426;114277;0.7704873152451491;0.1023846051351846;0.7714047512639819;0.10200199942871437;10.583005244258363;1.8908881879996674E-5;1.966523715519654E-4;0.007854749532950617;2.647243463199534E-5;0.0017207082510796972;6;5.186590068175279E-4;75;0.011690905245115183;2493;0.2157508015069636;9;0.0010259726845070578;526;0.03720296712164442;SRR17281101.727160;0.7780831253985915;0.09344658306365784;0.7788476554142854;0.0930371283042851;
93;Rickettsia helvetica C9P9;strain;1144888;1;71;23;23;2;11.5;13;2;416;416.0;0.011494252873563218;22.874004422851847;1.005508243105098;2001;35789;0.8160621761658031;;0.8160621761658031;;2.1213203435596424;4.997501249375312E-4;0.011494252873563218;0.20789605197401298;9.995002498750624E-4;0.03548225887056472;1;4.997501249375312E-4;23;0.011494252873563218;416;0.20789605197401298;2;9.995002498750624E-4;71;0.03548225887056472;SRR17281101.286595;0.8160621761658031;;0.8160621761658031;;
94;Rickettsia japonica;species;35790;3;288;15;11;4;3.75;5;4;1364;454.6666666666667;1.2420116071630197E-4;14.998814501530644;0.7333912956172263;88566;114277;0.7743361489611944;0.14327415850768488;0.7743361489611944;0.14327415850768488;1.2583057392117916;3.387304383171872E-5;1.6936521915859358E-4;0.015400943928821444;4.5164058442291625E-5;0.003251812207844997;6;0.0010412605522266145;19;0.0015125485636851214;2638;0.4432048391605206;7;0.0010525515668371875;350;0.02407115404800618;SRR17281101.632476;0.8586806667010739;0.13525106620711325;0.8586806667010739;0.13525106620711325;
95;Rickettsia japonica YH;strain;652620;3;62;4;4;3;1.3333333333333333;2;3;1274;424.6666666666667;0.001343183344526528;3.9979856759808357;1.0005038347263888;2978;35790;0.9430251844409535;0.06215021931576692;0.9430251844409535;0.06215021931576692;0.5773502691896258;0.0010073875083948958;0.001343183344526528;0.42780389523169915;0.0010073875083948958;0.020819341840161182;3;0.0010073875083948958;4;0.001343183344526528;1274;0.42780389523169915;3;0.0010073875083948958;62;0.020819341840161182;SRR17281101.14443;0.9430251844409535;0.06215021931576692;0.9430251844409535;0.06215021931576692;
96;Rickettsia massiliae;species;35791;0;0;0;0;0;;0;0;0;;0.0;0.0;;1397;114277;;;;;;0.0;0.0;0.0;0.0;0.0;1;7.814087236469908E-6;3;2.3442261709409725E-5;462;0.0036101083032490976;2;1.5628174472939816E-5;59;4.610311469517246E-4;;0.8634259259259259;;0.8634259259259259;;
97;Rickettsia massiliae MTU5;strain;416276;1;59;3;3;2;1.5;2;2;462;462.0;2.3442261709409725E-5;2.9999765578124875;1.0000078141235642;127974;35791;0.8634259259259259;;0.8634259259259259;;0.7071067811865476;7.814087236469908E-6;2.3442261709409725E-5;0.0036101083032490976;1.5628174472939816E-5;4.610311469517246E-4;1;7.814087236469908E-6;3;2.3442261709409725E-5;462;0.0036101083032490976;2;1.5628174472939816E-5;59;4.610311469517246E-4;SRR17281101.1451218;0.8634259259259259;;0.8634259259259259;;
98;Rickettsia parkeri;species;35792;1;163;2;2;2;1.0;1;2;500;500.0;1.0477567527922718E-5;1.9999947612432885;1.000002619385217;190884;114277;0.6531914893617021;;0.6531914893617021;;0.0;5.238783763961359E-6;1.0477567527922718E-5;0.0026193918819806795;1.0477567527922718E-5;8.539217535257015E-4;1;5.238783763961359E-6;2;1.0477567527922718E-5;500;0.0026193918819806795;2;1.0477567527922718E-5;163;8.539217535257015E-4;SRR17281101.1006521;0.6531914893617021;;0.6531914893617021;;
99;Rickettsia slovaca;species;35794;1;3;3;3;2;1.5;2;2;254;254.0;4.373751658380837E-5;2.9999562626952985;1.0000145793141204;68591;114277;0.9866071428571429;;0.9866071428571429;;0.7071067811865476;1.457917219460279E-5;4.373751658380837E-5;0.0037031097374291087;2.915834438920558E-5;4.373751658380837E-5;1;1.457917219460279E-5;3;4.373751658380837E-5;254;0.0037031097374291087;2;2.915834438920558E-5;3;4.373751658380837E-5;SRR17281101.1780988;0.9866071428571429;;0.9866071428571429;;
100;Rickettsia honei;species;37816;0;0;0;0;0;;0;0;0;;;0.0;;0;114277;;;;;;;;;;;4;2.4642377496580872E-5;17;1.047301043604687E-4;1685;0.010380601520434692;6;3.69635662448713E-5;361;0.0022239745690664234;;0.7604756103461277;0.17991405325408963;0.7604756103461277;0.17991405325408963;
101;Rickettsia honei RB;strain;1175313;4;361;17;17;6;2.8333333333333335;5;6;1685;421.25;1.047301043604687E-4;16.999162185114074;1.0000492856575403;162322;37816;0.7604756103461277;0.17991405325408963;0.7604756103461277;0.17991405325408963;1.8348478592697182;2.4642377496580872E-5;1.047301043604687E-4;0.010380601520434692;3.69635662448713E-5;0.0022239745690664234;4;2.4642377496580872E-5;17;1.047301043604687E-4;1685;0.010380601520434692;6;3.69635662448713E-5;361;0.0022239745690664234;SRR17281101.135494;0.7604756103461277;0.17991405325408963;0.7604756103461277;0.17991405325408963;
102;Rickettsia felis;species;42862;9;572;43;41;13;3.3076923076923075;8;12;3368;374.22222222222223;7.72574727761625E-5;42.99829849428407;0.9535261030259206;530693;114277;0.8004030826855275;0.11485601251997925;0.8010020644165848;0.11426843680315582;2.4625398604088757;1.6958957438669816E-5;8.102612998475578E-5;0.006346418739271104;2.2611943251559753E-5;0.0010778359616576815;12;8.191089300634974E-5;68;6.222922597154218E-4;4618;0.033409725225804404;16;1.092145240084663E-4;777;0.005516218225449143;SRR17281101.639774;0.8051792298774285;0.10786434933528116;0.8085320666402974;0.10628975087185465;
103;Rickettsia felis str. LSU;strain;1359195;3;205;25;25;4;6.25;16;4;1250;416.6666666666667;5.41266129730666E-4;24.99350588443378;1.0002598321178409;46188;42862;0.8195076714531312;0.10398425502183029;0.8311220733114354;0.09426872159764266;6.849574196011505;6.495193556767992E-5;5.41266129730666E-4;0.0270633064865333;8.660258075690655E-5;0.004438382263791461;3;6.495193556767992E-5;25;5.41266129730666E-4;1250;0.0270633064865333;4;8.660258075690655E-5;205;0.004438382263791461;SRR17281101.1833151;0.8195076714531312;0.10398425502183029;0.8311220733114354;0.09426872159764266;
104;Rickettsia peacockii;species;47589;0;0;0;0;0;;0;0;0;;;0.0;;0;114277;;;;;;;;;;;3;2.557392141986412E-5;9;7.672176425959235E-5;1085;0.009249234913517522;5;4.2623202366440196E-5;154;0.001312794632886358;;0.8524465080916693;0.09912472534425104;0.8524465080916693;0.09912472534425104;
105;Rickettsia peacockii str. Rustic;strain;562019;3;154;9;9;5;1.8;2;5;1085;361.6666666666667;7.672176425959235E-5;8.999693119051251;1.0000340990458996;117307;47589;0.8524465080916693;0.09912472534425104;0.8524465080916693;0.09912472534425104;0.44721359549995815;2.557392141986412E-5;7.672176425959235E-5;0.009249234913517522;4.2623202366440196E-5;0.001312794632886358;3;2.557392141986412E-5;9;7.672176425959235E-5;1085;0.009249234913517522;5;4.2623202366440196E-5;154;0.001312794632886358;SRR17281101.203944;0.8524465080916693;0.09912472534425104;0.8524465080916693;0.09912472534425104;
106;Rickettsia monacensis;species;109232;10;467;26;26;14;1.8571428571428572;9;12;4699;469.9;1.855605355562534E-4;25.997680625825407;1.000089214657568;140116;114277;0.8940199178785087;0.04751403059900183;0.8942368376182049;0.04767119679140656;2.2138425646596693;7.136943675240514E-5;1.855605355562534E-4;0.03353649832995518;8.564332410288618E-5;0.0033329526963373204;10;7.136943675240514E-5;26;1.855605355562534E-4;4699;0.03353649832995518;12;8.564332410288618E-5;467;0.0033329526963373204;SRR17281101.1387120;0.8940199178785087;0.04751403059900183;0.8942368376182049;0.04767119679140656;
107;Rickettsia asiatica;species;238800;7;536;13;13;7;1.8571428571428572;6;7;3389;484.14285714285717;5.640353693563923E-5;12.999661584027102;1.0000260326755979;230482;114277;0.8383447264950253;0.07797710130801613;0.8389371657836141;0.07703393477443106;1.864454471471609;3.0371135273036507E-5;5.640353693563923E-5;0.014703968205760103;3.0371135273036507E-5;0.0023255612151925095;7;3.0371135273036507E-5;13;5.640353693563923E-5;3389;0.014703968205760103;7;3.0371135273036507E-5;536;0.0023255612151925095;SRR17281101.1662771;0.8383447264950253;0.07797710130801613;0.8389371657836141;0.07703393477443106;
108;Rickettsia sibirica subgroup;;266068;0;0;0;0;0;;0;0;0;;;0.0;;0;114277;;;;;;;;;;;5;7.119719174418682E-4;19;8.627365047425874E-4;2392;0.4327240082784743;8;7.513978754926488E-4;413;0.09792300702846761;;0.8214643655481213;0.055272529410865155;0.8220093246761866;0.05597072864538506;
109;Rickettsia sibirica;species;35793;2;131;9;9;2;4.5;8;2;836;418.0;7.556230952001142E-5;8.999697756730416;1.0000335837133372;119107;266068;0.8323351298774841;0.06370900054473701;0.8336975276976476;0.06563572201936108;4.949747468305833;1.6791624337780316E-5;7.556230952001142E-5;0.007018898973192172;1.6791624337780316E-5;0.0010998513941246105;5;7.119719174418682E-4;19;8.627365047425874E-4;2392;0.4327240082784743;8;7.513978754926488E-4;413;0.09792300702846761;SRR17281101.582398;0.8214643655481213;0.055272529410865155;0.8220093246761866;0.05597072864538506;
110;Rickettsia sibirica subsp. mongolitimonae;subspecies;45261;0;0;0;0;0;;0;0;0;;;0.0;;0;35793;;;;;;;;;;;2;2.6283972033853757E-5;9;1.1827787415234191E-4;938;0.012327182883877411;5;6.57099300846344E-5;140;0.001839878042369763;;0.8420740833125469;0.055780124607194094;0.8420740833125469;0.055780124607194094;
111;Rickettsia sibirica subsp. mongolitimonae HA-91;strain;1144280;2;140;9;9;5;1.8;3;5;938;469.0;1.1827787415234191E-4;8.999526902974633;1.0000525690995168;76092;45261;0.8420740833125469;0.055780124607194094;0.8420740833125469;0.055780124607194094;0.8366600265340757;2.6283972033853757E-5;1.1827787415234191E-4;0.012327182883877411;6.57099300846344E-5;0.001839878042369763;2;2.6283972033853757E-5;9;1.1827787415234191E-4;938;0.012327182883877411;5;6.57099300846344E-5;140;0.001839878042369763;SRR17281101.201942;0.8420740833125469;0.055780124607194094;0.8420740833125469;0.055780124607194094;
112;Rickettsia sibirica subsp. sibirica;subspecies;1144281;0;0;0;0;0;;0;0;0;;;0.0;;0;35793;;;;;;;;;;;1;6.688963210702341E-4;1;6.688963210702341E-4;618;0.4133779264214047;1;6.688963210702341E-4;142;0.09498327759197324;;0.7585034013605442;;0.7585034013605442;;
113;Rickettsia sibirica subsp. sibirica BJ-90;strain;1130827;1;142;1;1;1;1.0;1;1;618;618.0;6.688963210702341E-4;1.0000000000000324;0.9999999999999676;1495;1144281;0.7585034013605442;;0.7585034013605442;;;6.688963210702341E-4;6.688963210702341E-4;0.4133779264214047;6.688963210702341E-4;0.09498327759197324;1;6.688963210702341E-4;1;6.688963210702341E-4;618;0.4133779264214047;1;6.688963210702341E-4;142;0.09498327759197324;SRR17281101.1667612;0.7585034013605442;;0.7585034013605442;;
114;Rickettsia tamurae;species;334545;15;984;75;75;17;4.411764705882353;14;17;6490;432.6666666666667;2.8782389782635394E-4;74.98935150952336;1.0001420000341688;260576;114277;0.8302616737458215;0.0875399675453467;0.833679770575683;0.08472944140067623;4.258210063063642;5.756477956527078E-5;2.8782389782635394E-4;0.02490636129190716;6.524008350730688E-5;0.0037762495394817633;158;0.003847953625749701;3099;0.08044262019755863;70669;1.726048779188904;164;0.003961653792522071;12570;0.31087726472754335;SRR17281101.1171731;0.8083624115274609;0.11321862049303806;0.8106384546136466;0.11225521018923194;
115;Rickettsia tamurae subsp. buchneri;subspecies;1462938;143;11586;3024;2588;227;13.321585903083701;63;147;64179;448.8041958041958;0.06859808625122592;2906.017173107301;0.8905659691035974;37727;334545;0.8060652861199405;0.11558985005047952;0.8082215333588876;0.11472832247981109;11.748380462492769;0.0037903888461844303;0.08015479629973228;1.701142417896997;0.003896413709014764;0.3071010151880616;143;0.0037903888461844303;3024;0.08015479629973228;64179;1.701142417896997;147;0.003896413709014764;11586;0.3071010151880616;SRR17281101.1189378;0.8060652861199405;0.11558985005047952;0.8082215333588876;0.11472832247981109;
116;Rickettsia gravesii;species;354585;0;0;0;0;0;;0;0;0;;;0.0;;0;114277;;;;;;;;;;;6;1.9572599665308547E-5;55;1.79415496931995E-4;2234;0.007287531275383215;8;2.6096799553744728E-5;327;0.0010667066817593158;;0.8322336302913342;0.0955581747187482;0.832635236717037;0.09505910116035698;
117;Rickettsia gravesii BWI-1;strain;1397702;6;327;55;55;8;6.875;23;8;2234;372.3333333333333;1.79415496931995E-4;54.99515605990491;1.0000880793953892;306551;354585;0.8322336302913342;0.0955581747187482;0.832635236717037;0.09505910116035698;7.3569694847810805;1.9572599665308547E-5;1.79415496931995E-4;0.007287531275383215;2.6096799553744728E-5;0.0010667066817593158;6;1.9572599665308547E-5;55;1.79415496931995E-4;2234;0.007287531275383215;8;2.6096799553744728E-5;327;0.0010667066817593158;SRR17281101.947043;0.8322336302913342;0.0955581747187482;0.832635236717037;0.09505910116035698;
118;Rickettsia hoogstraalii;species;467174;11;701;35;35;15;2.3333333333333335;10;15;4943;449.3636363636364;6.085845193486407E-5;34.99896542627023;1.000029560123197;575105;114277;0.8464420795135278;0.039754874605533105;0.8471273239173651;0.03968238205377973;2.4976179127511156;1.9126942036671563E-5;6.085845193486407E-5;0.008594952226115232;2.6082193686370316E-5;0.0012189078516097061;11;1.9126942036671563E-5;35;6.085845193486407E-5;4943;0.008594952226115232;15;2.6082193686370316E-5;701;0.0012189078516097061;SRR17281101.706612;0.8464420795135278;0.039754874605533105;0.8471273239173651;0.03968238205377973;
119;Rickettsia asembonensis;species;1068590;10;728;40;40;11;3.6363636363636362;22;10;4392;439.2;8.207198944554216E-5;39.99839963732902;1.000040010667564;487377;114277;0.8242729256104757;0.0938909650828803;0.8246975540605819;0.09416441177341214;6.249363603963642;2.051799736138554E-5;8.207198944554216E-5;0.009011504441120529;2.051799736138554E-5;0.0014937102079088673;10;2.051799736138554E-5;40;8.207198944554216E-5;4392;0.009011504441120529;10;2.051799736138554E-5;728;0.0014937102079088673;SRR17281101.9141;0.8242729256104757;0.0938909650828803;0.8246975540605819;0.09416441177341214;
120;Rickettsia fournieri;species;1436798;7;377;13;12;9;1.4444444444444444;4;9;2952;421.7142857142857;1.1017159225493707E-4;12.99928390870286;0.9231277725972388;108921;114277;0.8591280121053323;0.03710076811850628;0.8609784932304249;0.037178992614102103;1.0137937550497031;6.426676214871329E-5;1.1935255827618183E-4;0.027102211694714516;8.26286941912028E-5;0.003461224190009273;7;6.426676214871329E-5;13;1.1935255827618183E-4;2952;0.027102211694714516;9;8.26286941912028E-5;377;0.003461224190009273;SRR17281101.602521;0.8591280121053323;0.03710076811850628;0.8609784932304249;0.037178992614102103;
121;Rickettsia argasii;species;1441385;0;0;0;0;0;;0;0;0;;;0.0;;0;114277;;;;;;;;;;;10;6.835690507276593E-5;35;2.3924916775468075E-4;4571;0.031245941308761304;10;6.835690507276593E-5;852;0.005824008312199657;;0.8029068868354428;0.11940439865347283;0.8033911483366534;0.11929850845262928;
122;Rickettsia argasii T170-B;strain;1268837;10;852;35;35;10;3.5;9;10;4571;457.1;2.3924916775468075E-4;34.99593307008202;1.0001162115012003;146291;1441385;0.8029068868354428;0.11940439865347283;0.8033911483366534;0.11929850845262928;3.064129385141706;6.835690507276593E-5;2.3924916775468075E-4;0.031245941308761304;6.835690507276593E-5;0.005824008312199657;10;6.835690507276593E-5;35;2.3924916775468075E-4;4571;0.031245941308761304;10;6.835690507276593E-5;852;0.005824008312199657;SRR17281101.1079096;0.8029068868354428;0.11940439865347283;0.8033911483366534;0.11929850845262928;
123;Rickettsia koreansis;species;2358204;3;309;20;20;5;4.0;11;5;1535;511.6666666666667;1.2697687116291768E-4;19.998793765526752;1.0000603153613858;157509;114277;0.7794320055349467;0.05272111772790258;0.7794320055349467;0.05272111772790258;4.242640687119285;1.904653067443765E-5;1.2697687116291768E-4;0.00974547486175393;3.174421779072942E-5;0.001961792659467078;3;1.904653067443765E-5;20;1.2697687116291768E-4;1535;0.00974547486175393;5;3.174421779072942E-5;309;0.001961792659467078;SRR17281101.829398;0.7794320055349467;0.05272111772790258;0.7794320055349467;0.05272111772790258;
124;unclassified spotted fever group;no rank;2750824;0;0;0;0;0;;0;0;0;;;0.0;;0;114277;;;;;;;;;;;206;0.0038126860566213153;4745;0.08942450724708745;90156;1.6714086790314646;219;0.004015838441125909;14479;0.26877611280502245;;0.8295319414227637;0.10367606077963128;0.8307839502468924;0.10346625080686687;
125;Rickettsia endosymbiont of Ixodes scapularis;species;444612;200;14113;4719;3688;385;12.257142857142858;89;210;87725;438.625;0.06979296771507514;4514.463055516846;0.8169299326734158;52842;2750824;0.8290034272632163;0.10428029110190959;0.8302153910305612;0.10412648223040379;13.25899290508683;0.0037848680973468075;0.08930396275689792;1.6601377691987433;0.003974111502214148;0.26707921728927747;200;0.0037848680973468075;4719;0.08930396275689792;87725;1.6601377691987433;210;0.003974111502214148;14113;0.26707921728927747;SRR17281101.63914;0.8290034272632163;0.10428029110190959;0.8302153910305612;0.10412648223040379;
126;Rickettsia sp. Tenjiku01;species;1736693;6;366;26;26;9;2.888888888888889;11;9;2431;405.1666666666667;1.2054449018953302E-4;25.99849324998459;1.0000579552822897;215688;2750824;0.8471490800743445;0.08668247044679042;0.8497359241246033;0.08335116634133184;3.1797973380564852;2.781795927450762E-5;1.2054449018953302E-4;0.011270909832721339;4.1726938911761436E-5;0.0016968955157449649;6;2.781795927450762E-5;26;1.2054449018953302E-4;2431;0.011270909832721339;9;4.1726938911761436E-5;366;0.0016968955157449649;SRR17281101.1659936;0.8471490800743445;0.08668247044679042;0.8497359241246033;0.08335116634133184;
127;Rickettsia tillamookensis;species;2761623;10;811;40;40;14;2.857142857142857;7;14;4763;476.3;7.339557277904996E-5;39.99856881981677;1.0000357807847995;544992;114277;0.8092895101214269;0.08290981983629954;0.8112600407670787;0.0845191643893336;2.476260917566671;1.834889319476249E-5;7.339557277904996E-5;0.008739577828665374;2.5688450472667488E-5;0.001488095238095238;10;1.834889319476249E-5;40;7.339557277904996E-5;4763;0.008739577828665374;14;2.5688450472667488E-5;811;0.001488095238095238;SRR17281101.626841;0.8092895101214269;0.08290981983629954;0.8112600407670787;0.0845191643893336;
128;Candidatus Rickettsia kedanie;species;3115352;12;1085;48;48;16;3.0;12;15;5898;491.5;9.527249919613829E-5;47.99776116457525;1.0000466445802976;503818;114277;0.8048228814630146;0.10913613050072807;0.8058317595905368;0.1091580999396618;2.898275349237888;2.3818124799034572E-5;9.527249919613829E-5;0.011706608338725492;2.9772655998793215E-5;0.002153555450579376;12;2.3818124799034572E-5;48;9.527249919613829E-5;5898;0.011706608338725492;15;2.9772655998793215E-5;1085;0.002153555450579376;SRR17281101.1724480;0.8048228814630146;0.10913613050072807;0.8058317595905368;0.1091580999396618;
129;typhus group;species group;114292;3;260;33;33;6;5.5;23;6;1534;511.3333333333333;2.3014317695220694E-4;32.99631797436295;1.0001115889851682;143389;780;0.80965836712205;0.09739030472379608;0.8204952123959816;0.08088487258926552;8.596510920134982;2.0922106995655175E-5;2.3014317695220694E-4;0.010698170710445013;4.184421399131035E-5;0.0018132492729567818;7;2.5534075429255733E-5;62;2.637149747177093E-4;3653;0.01313582489664708;17;5.451212422572319E-5;556;0.0021526745702526245;SRR17281101.1705546;0.8417531925643972;0.09159814100393485;0.8463975548246535;0.08423259456984229;
130;Rickettsia prowazekii;species;782;2;210;10;10;6;1.6666666666666667;2;6;1244;622.0;1.13798915041144E-5;9.999948790143783;1.0000051210118464;878743;114292;0.830398517145505;0.09027243661580042;0.830398517145505;0.09027243661580042;0.5163977794943221;2.2759783008228798E-6;1.13798915041144E-5;0.0014156585031118313;6.82793490246864E-6;2.389777215864024E-4;2;2.2759783008228798E-6;10;1.13798915041144E-5;1244;0.0014156585031118313;6;6.82793490246864E-6;210;2.389777215864024E-4;SRR17281101.106105;0.830398517145505;0.09027243661580042;0.830398517145505;0.09027243661580042;
131;Rickettsia typhi;species;785;2;86;19;19;6;3.1666666666666665;13;5;875;437.5;2.219190626138795E-5;18.999800274990744;1.0000105119530924;856168;114292;0.9012501061468101;0.11311323826764062;0.9012501061468101;0.11311323826764062;4.833908011812665;2.335990132777679E-6;2.219190626138795E-5;0.0010219956830902347;5.839975331944198E-6;1.004475757094402E-4;2;2.335990132777679E-6;19;2.219190626138795E-5;875;0.0010219956830902347;5;5.839975331944198E-6;86;1.004475757094402E-4;SRR17281101.1505686;0.9012501061468101;0.11311323826764062;0.9012501061468101;0.11311323826764062;
132;unclassified Rickettsia;no rank;114295;20;1339;434;299;58;7.482758620689655;31;46;9084;454.2;7.316993190546739E-5;433.9770070852297;0.6889765935025188;4086378;780;0.8360017660986208;0.08980764184269042;0.8367477203459884;0.08989807703439275;8.524971326412333;4.894309826452668E-6;1.0620652323402289E-4;0.002222995523174802;1.1256912600841136E-5;3.276740428810061E-4;73;5.892008664908626E-4;1108;0.006917754359618272;32346;0.24495593231903795;181;0.0011633168616478875;4932;0.048835391120298985;SRR17281101.639774;0.8307795040861977;0.09633752208285623;0.8337514928804564;0.09429471550437005;
133;Rickettsia sp.;species;789;9;714;73;73;22;3.3181818181818183;9;22;3885;431.6666666666667;1.4143970115534923E-4;72.99490840235265;1.0000697527780882;516121;114295;0.7948706824814785;0.08569735407627271;0.796216891092036;0.0850647710607688;2.868322284415182;1.7437771375317028E-5;1.4143970115534923E-4;0.007527304643678517;4.262566336188607E-5;0.0013833965291084843;9;1.7437771375317028E-5;73;1.4143970115534923E-4;3885;0.007527304643678517;22;4.262566336188607E-5;714;0.0013833965291084843;SRR17281101.509349;0.7948706824814785;0.08569735407627271;0.796216891092036;0.0850647710607688;
134;Rickettsia endosymbiont of Oedothorax gibbosus;species;931099;0;0;21;21;1;21.0;21;1;0;;4.8377844790051675E-5;20.999516228937047;1.0000230372479861;434083;114295;;;;;;0.0;4.8377844790051675E-5;0.0;2.3037068947643654E-6;0.0;0;0.0;21;4.8377844790051675E-5;0;0.0;1;2.3037068947643654E-6;0;0.0;SRR17281101.1089521;;;;;
135;Rickettsia endosymbiont of Ixodes pacificus;species;1133329;13;748;176;151;27;6.518518518518518;20;24;6031;463.9230769230769;8.145431006581076E-4;175.91695337606222;0.8583595674102166;185380;114295;0.8628922413474704;0.07089202856927711;0.8690691841319585;0.06699418563715609;6.059768784433753;7.012622720897616E-5;9.494012299061387E-4;0.03253317509979502;1.2946380407810983E-4;0.0040349552271010895;13;7.012622720897616E-5;176;9.494012299061387E-4;6031;0.03253317509979502;24;1.2946380407810983E-4;748;0.0040349552271010895;SRR17281101.1171731;0.8628922413474704;0.07089202856927711;0.8690691841319585;0.06699418563715609;
136;Rickettsia sp. MEAM1 (Bemisia tabaci);species;1182263;7;623;73;30;13;5.615384615384615;27;12;2834;404.85714285714283;0.0018956148110703904;72.83419219302343;0.4118944563906842;15826;114295;0.762343109597355;0.14699445687069704;0.7724411280242199;0.13431152981516412;7.399757445782278;4.423101225830911E-4;0.00461266270693795;0.1790724124857829;7.582459244281562E-4;0.03936560090989511;7;4.423101225830911E-4;73;0.00461266270693795;2834;0.1790724124857829;12;7.582459244281562E-4;623;0.03936560090989511;SRR17281101.1482758;0.762343109597355;0.14699445687069704;0.7724411280242199;0.13431152981516412;
137;Rickettsia endosymbiont of Proechinophthirus fluctus;species;1462733;2;181;25;25;6;4.166666666666667;16;5;906;453.0;1.0901463848565585E-4;24.998691868092454;1.0000523280143796;229327;114295;0.7728373507546744;0.21365329359460655;0.7728373507546744;0.21365329359460655;5.84522597225006;8.721171078852468E-6;1.0901463848565585E-4;0.003950690498720168;2.180292769713117E-5;7.892659826361484E-4;2;8.721171078852468E-6;25;1.0901463848565585E-4;906;0.003950690498720168;5;2.180292769713117E-5;181;7.892659826361484E-4;SRR17281101.795737;0.7728373507546744;0.21365329359460655;0.7728373507546744;0.21365329359460655;
138;Rickettsia sp. TH2014;species;1967503;5;196;63;63;15;4.2;14;15;2029;405.8;1.1129542575800135E-4;62.99654996761296;1.0000547654179288;566061;114295;0.8934945384116932;0.0317432526318749;0.8996121854705169;0.033110927724541044;3.8766701469910263;8.832970298254075E-6;1.1129542575800135E-4;0.0035844193470315035;2.6498910894762226E-5;3.462524356915597E-4;5;8.832970298254075E-6;63;1.1129542575800135E-4;2029;0.0035844193470315035;15;2.6498910894762226E-5;196;3.462524356915597E-4;SRR17281101.1496857;0.8934945384116932;0.0317432526318749;0.8996121854705169;0.033110927724541044;
139;Rickettsia endosymbiont of Halotydeus destructor;species;2996754;0;0;1;1;1;1.0;1;1;0;;7.78980003583308E-7;1.0000000000379528;0.9999999999620472;1283730;114295;;;;;;0.0;7.78980003583308E-7;0.0;7.78980003583308E-7;0.0;0;0.0;1;7.78980003583308E-7;0;0.0;1;7.78980003583308E-7;0;0.0;SRR17281101.1185013;;;;;
140;Rickettsia endosymbiont of Cantharis rufa;species;3066248;4;383;33;33;8;4.125;14;8;1699;424.75;3.439549398183084E-5;32.99944967656204;1.0000166767459262;959428;114295;0.7600254723933944;0.12674200300053942;0.7606583837857994;0.12736692820004636;4.4860896112315904;4.169150785676465E-6;3.439549398183084E-5;0.0017708467962160787;8.33830157135293E-6;3.991961877285216E-4;4;4.169150785676465E-6;33;3.439549398183084E-5;1699;0.0017708467962160787;8;8.33830157135293E-6;383;3.991961877285216E-4;SRR17281101.1253639;0.7600254723933944;0.12674200300053942;0.7606583837857994;0.12736692820004636;
141;Rickettsia endosymbiont of Ceutorhynchus obstrictus;species;3066249;0;0;5;5;1;5.0;5;1;0;;4.545991799030795E-5;4.999909081021633;1.0000181841263298;109987;114295;;;;;;0.0;4.545991799030795E-5;0.0;9.091983598061589E-6;0.0;0;0.0;5;4.545991799030795E-5;0;0.0;1;9.091983598061589E-6;0;0.0;SRR17281101.602521;;;;;
142;Rickettsia endosymbiont of Polydrusus tereticollis;species;3066251;1;91;20;20;9;2.2222222222222223;5;9;405;405.0;1.6251468726486157E-5;19.999845611562026;1.0000077194814887;1230658;114295;0.7573333333333333;;0.7573333333333333;;1.3017082793177759;8.125734363243078E-7;1.6251468726486157E-5;3.2909224171134464E-4;7.31316092691877E-6;7.394418270551201E-5;1;8.125734363243078E-7;20;1.6251468726486157E-5;405;3.2909224171134464E-4;9;7.31316092691877E-6;91;7.394418270551201E-5;SRR17281101.926604;0.7573333333333333;;0.7573333333333333;;
143;Rickettsia endosymbiont of Rhinocyllus conicus;species;3066252;1;109;11;11;5;2.2;5;5;467;467.0;1.0359376177201839E-4;10.999482045791467;1.0000470889634963;106184;114295;0.7505720823798627;;0.7505720823798627;;1.7888543819998317;9.417614706547127E-6;1.0359376177201839E-4;0.004398026067957508;4.7088073532735626E-5;0.0010265200030136366;1;9.417614706547127E-6;11;1.0359376177201839E-4;467;0.004398026067957508;5;4.7088073532735626E-5;109;0.0010265200030136366;SRR17281101.1719455;0.7505720823798627;;0.7505720823798627;;
144;Rickettsia endosymbiont of Urophora cardui;species;3066265;1;46;17;17;7;2.4285714285714284;8;6;431;431.0;3.384593331156575E-5;16.99972923517439;1.0000159275963674;502276;114295;0.885286783042394;;0.885286783042394;;2.5071326821120348;1.990937253621515E-6;3.384593331156575E-5;8.580939563108729E-4;1.194562352172909E-5;9.158311366658968E-5;1;1.990937253621515E-6;17;3.384593331156575E-5;431;8.580939563108729E-4;6;1.194562352172909E-5;46;9.158311366658968E-5;SRR17281101.769517;0.885286783042394;;0.885286783042394;;
145;Rickettsia endosymbiont of Gonocerus acuteangulatus;species;3066266;8;417;48;38;13;3.6923076923076925;12;11;3840;480.0;5.511751634669498E-5;47.99836391519406;0.7916936516240496;689436;114295;0.879276385609293;0.059389285299791005;0.8800031297953396;0.05932436236245423;2.982857002512172;1.1603687651935786E-5;6.962212591161472E-5;0.0055697700729291765;1.5955070521411704E-5;6.048422188571529E-4;8;1.1603687651935786E-5;48;6.962212591161472E-5;3840;0.0055697700729291765;11;1.5955070521411704E-5;417;6.048422188571529E-4;SRR17281101.1766090;0.879276385609293;0.059389285299791005;0.8800031297953396;0.05932436236245423;
146;Rickettsia endosymbiont of Pantilius tunicatus;species;3066267;1;37;33;33;6;5.5;17;6;415;415.0;1.0286270011470749E-4;32.998354250297716;1.0000498736903605;320816;114295;0.9038961038961039;;0.9038961038961039;;6.59545297913646;3.1170515186274997E-6;1.0286270011470749E-4;0.0012935763802304125;1.8702309111764998E-5;1.1533090618921749E-4;1;3.1170515186274997E-6;33;1.0286270011470749E-4;415;0.0012935763802304125;6;1.8702309111764998E-5;37;1.1533090618921749E-4;SRR17281101.1198891;0.9038961038961039;;0.9038961038961039;;
147;Rickettsia endosymbiont of Nabis limbatus;species;3066268;1;48;75;39;9;8.333333333333334;26;9;320;320.0;2.2492387192027313E-4;74.98399804762253;0.5201109705464224;173392;114295;0.8344827586206897;;0.8344827586206897;;10.547511554864494;5.767278767186491E-6;4.325459075389868E-4;0.001845529205499677;5.190550890467842E-5;2.7682938082495157E-4;1;5.767278767186491E-6;75;4.325459075389868E-4;320;0.001845529205499677;9;5.190550890467842E-5;48;2.7682938082495157E-4;SRR17281101.1253380;0.8344827586206897;;0.8344827586206897;;
148;belli group;species group;1129742;1;46;13;13;3;4.333333333333333;10;3;543;543.0;1.8352768444532288E-4;12.99889889090541;1.0000847078744;70834;780;0.9083820662768031;;0.9103313840155945;;4.932882862316247;1.4117514188101758E-5;1.8352768444532288E-4;0.007665810204139255;4.2352542564305275E-5;6.49405652652681E-4;14;5.827861745053242E-5;85;3.221959956069369E-4;6128;0.02643844065232256;34;1.2023843174033932E-4;735;0.003977915005579745;SRR17281101.777878;0.8703089441055418;0.048359597400535914;0.8714603046863237;0.04791127614960944;
149;Rickettsia canadensis;species;788;2;111;15;15;7;2.142857142857143;7;7;898;449.0;2.437625232996345E-5;14.999829367431436;1.0000113756339746;615353;1129742;0.8668582375478927;0.031156045914350054;0.8668582375478927;0.031156045914350054;2.193062655175134;3.25016697732846E-6;2.437625232996345E-5;0.0014593249728204786;1.137558442064961E-5;1.8038426724172955E-4;4;1.1528189038304525E-5;23;5.785747519744194E-5;1983;0.005940246828500751;12;3.225520688487689E-5;249;7.491068919585831E-4;SRR17281101.199137;0.8675515580344547;0.023413249734927945;0.8675515580344547;0.023413249734927945;
150;Rickettsia canadensis str. McKiel;strain;293613;1;89;1;1;1;1.0;1;1;623;623.0;4.0774885932256605E-6;0.9999999999968125;1.0000000000031875;245249;788;0.8499156829679595;;0.8499156829679595;;;4.0774885932256605E-6;4.0774885932256605E-6;0.0025402753935795863;4.0774885932256605E-6;3.628964847970838E-4;1;4.0774885932256605E-6;1;4.0774885932256605E-6;623;0.0025402753935795863;1;4.0774885932256605E-6;89;3.628964847970838E-4;SRR17281101.379951;0.8499156829679595;;0.8499156829679595;;
151;Rickettsia canadensis str. CA410;strain;1105107;1;49;7;7;4;1.75;3;4;462;462.0;2.940373427425283E-5;6.999911789376122;1.0000126016764972;238065;788;0.8865740740740741;;0.8865740740740741;;0.9574271077563381;4.2005334677504045E-6;2.940373427425283E-5;0.0019406464621006868;1.6802133871001618E-5;2.058261399197698E-4;1;4.2005334677504045E-6;7;2.940373427425283E-5;462;0.0019406464621006868;4;1.6802133871001618E-5;49;2.058261399197698E-4;SRR17281101.1154566;0.8865740740740741;;0.8865740740740741;;
152;Rickettsia bellii;species;33990;0;0;6;6;4;1.5;3;4;0;;9.171395030326745E-6;5.999977071407002;1.0000038214467697;654208;1129742;;;;;1.0;0.0;9.171395030326745E-6;0.0;6.114263353551164E-6;0.0;1;2.3454907939486336E-5;7;3.262630296981308E-5;390;0.00914741409639967;5;2.95691712930375E-5;93;0.002181306438372229;SRR17281101.823606;0.7416666666666667;;0.7416666666666667;;
153;Rickettsia bellii str. RML Mogi;strain;1359194;1;93;1;1;1;1.0;1;1;390;390.0;2.3454907939486336E-5;1.0000000000020832;0.9999999999979168;42635;33990;0.7416666666666667;;0.7416666666666667;;;2.3454907939486336E-5;2.3454907939486336E-5;0.00914741409639967;2.3454907939486336E-5;0.002181306438372229;1;2.3454907939486336E-5;1;2.3454907939486336E-5;390;0.00914741409639967;1;2.3454907939486336E-5;93;0.002181306438372229;SRR17281101.467554;0.7416666666666667;;0.7416666666666667;;
154;Rickettsia oklahomensis;species;3141789;8;347;42;42;15;2.8;10;14;3212;401.5;4.818453299435897E-5;41.99901223267888;1.0000235188226725;871649;1129742;0.883008781549537;0.036720605237497386;0.8847799978485565;0.034556491828800794;2.6240644591385873;9.178006284639803E-6;4.818453299435897E-5;0.003684969523282881;1.6061510998119657E-5;3.980960225962515E-4;8;9.178006284639803E-6;42;4.818453299435897E-5;3212;0.003684969523282881;14;1.6061510998119657E-5;347;3.980960225962515E-4;SRR17281101.1160034;0.883008781549537;0.036720605237497386;0.8847799978485565;0.034556491828800794;
155;Rickettsia incertae sedis;no rank;2749451;0;0;0;0;0;;0;0;0;;;0.0;;0;780;;;;;;;;;;;5;2.6460766621330552E-5;54;2.8577627951037E-4;2346;0.012415391698728295;21;1.1113521980958832E-4;275;0.0014553421641731804;;0.8696384592995556;0.05498332129690418;0.8715754006406972;0.056293682909328666;
156;Candidatus Rickettsia colombianensi;species;1090944;5;275;54;53;22;2.4545454545454546;10;21;2346;469.2;2.804841261861039E-4;53.99242762289074;0.98161913315285;188959;2749451;0.8696384592995556;0.05498332129690418;0.8715754006406972;0.056293682909328666;2.8069178610689485;2.6460766621330552E-5;2.8577627951037E-4;0.012415391698728295;1.1113521980958832E-4;0.0014553421641731804;5;2.6460766621330552E-5;54;2.8577627951037E-4;2346;0.012415391698728295;21;1.1113521980958832E-4;275;0.0014553421641731804;SRR17281101.618137;0.8696384592995556;0.05498332129690418;0.8715754006406972;0.056293682909328666;
157;Anaplasmataceae;family;942;0;0;10;10;4;2.5;4;4;0;;8.156473793249702E-5;9.999632966674051;1.000036704679779;122602;766;;;;;1.2909944487358056;0.0;8.156473793249702E-5;0.0;3.262589517299881E-5;0.0;357;0.0014429035500535565;41769;0.026332008133275308;338467;14.52937079833661;387;0.002131332946432399;43104;2.0368838707838903;SRR17281101.1235353;0.8915069667990146;0.08781458549693387;0.8915216460723903;0.08779968214722718;
158;Anaplasma;genus;768;0;0;8;8;1;8.0;8;1;0;;1.9817137364964787E-5;7.999930640329634;1.0000086700339645;403691;942;;;;;;0.0;1.9817137364964787E-5;0.0;2.4771421706205984E-6;0.0;353;0.0014405774200489602;41281;0.025795601337066192;335426;14.527048141847832;379;0.002096380921254803;42620;2.036424040636346;SRR17281101.1382954;0.891271341235701;0.08770574707295996;0.891286186846452;0.08769069563424674;
159;phagocytophilum group;species group;106179;0;0;0;0;0;;0;0;0;;;0.0;;0;768;;;;;;;;;;;353;0.0014405774200489602;41273;0.025775784199701227;335426;14.527048141847832;378;0.002093903779084183;42620;2.036424040636346;;0.891271341235701;0.08770574707295996;0.891286186846452;0.08769069563424674;
160;Anaplasma phagocytophilum;species;948;322;31544;41086;39775;2373;17.313948588284873;137;338;255423;793.2391304347826;0.007448359600621861;40928.35340268054;0.9718201855976691;5340102;106179;0.8912877897753805;0.0889263273140694;0.8912877897753805;0.0889263273140694;17.557435358944876;6.029847369956604E-5;0.007693860529255808;0.047831108843988376;6.329467115047616E-5;0.005907003274469289;353;0.0014405774200489602;41273;0.025775784199701227;335426;14.527048141847832;378;0.002093903779084183;42620;2.036424040636346;SRR17281101.343247;0.891271341235701;0.08770574707295996;0.891286186846452;0.08769069563424674;
161;Anaplasma phagocytophilum str. CRT38;strain;1269275;3;766;15;15;4;3.75;12;4;4676;1558.6666666666667;6.607638430025109E-4;14.995375535910735;1.0003083926826768;22701;948;0.8497742333660501;0.08778252563145465;0.8497742333660501;0.08778252563145465;5.5;1.321527686005022E-4;6.607638430025109E-4;0.20598211532531607;1.7620369146733624E-4;0.03374300691599489;3;1.321527686005022E-4;15;6.607638430025109E-4;4676;0.20598211532531607;4;1.7620369146733624E-4;766;0.03374300691599489;SRR17281101.1194521;0.8497742333660501;0.08778252563145465;0.8497742333660501;0.08778252563145465;
162;Anaplasma phagocytophilum str. Annie;strain;1359151;0;0;21;21;2;10.5;20;1;0;;0.00579950289975145;20.942106281638576;1.0027644649293077;3621;948;;;;;13.435028842544403;0.0;0.00579950289975145;0.0;2.7616680475006904E-4;0.0;0;0.0;21;0.00579950289975145;0;0.0;1;2.7616680475006904E-4;0;0.0;SRR17281101.1176941;;;;;
163;Anaplasma phagocytophilum str. ApNYW;strain;1359154;1;67;11;11;2;5.5;10;2;744;744.0;0.001978773160640403;10.990111471656666;1.0008997659731511;5559;948;0.9061624649859944;;0.9061624649859944;;6.363961030678928;1.7988846914912754E-4;0.001978773160640403;0.1338370210469509;3.597769382982551E-4;0.012052527432991546;1;1.7988846914912754E-4;11;0.001978773160640403;744;0.1338370210469509;2;3.597769382982551E-4;67;0.012052527432991546;SRR17281101.274557;0.9061624649859944;;0.9061624649859944;;
164;Anaplasma phagocytophilum str. CRT53-1;strain;1359157;14;375;71;57;15;4.733333333333333;15;15;4993;356.64285714285717;0.0018475900294966127;70.91951157479957;0.8037280394956117;30851;948;0.9182128359333896;0.06993573012770679;0.9182128359333896;0.06993573012770679;4.043807729403186;4.5379404233250137E-4;0.0023013840718291143;0.16184240381186996;4.862079024991086E-4;0.012155197562477715;14;4.5379404233250137E-4;71;0.0023013840718291143;4993;0.16184240381186996;15;4.862079024991086E-4;375;0.012155197562477715;SRR17281101.1405484;0.9182128359333896;0.06993573012770679;0.9182128359333896;0.06993573012770679;
165;Anaplasma phagocytophilum str. NCH-1;strain;1359161;2;7327;26;26;3;8.666666666666666;20;2;51913;25956.5;0.006935182715390771;25.913494920202737;1.0033382251241543;3749;948;0.8708229432276943;0.020539541876349845;0.8710810263924132;0.020174557164587985;10.016652800877813;5.334755934915977E-4;0.006935182715390771;13.847159242464658;5.334755934915977E-4;1.9543878367564684;2;5.334755934915977E-4;26;0.006935182715390771;51913;13.847159242464658;2;5.334755934915977E-4;7327;1.9543878367564684;SRR17281101.1176941;0.8708229432276943;0.020539541876349845;0.8710810263924132;0.020174557164587985;
166;Anaplasma phagocytophilum str. MRK;strain;1392505;3;281;6;6;4;1.5;2;4;1868;622.6666666666666;5.018400802944129E-5;5.9998745413445365;1.0000209102131385;119560;948;0.8596269905502808;0.0717329044037762;0.8596269905502808;0.0717329044037762;0.5773502691896257;2.5092004014720644E-5;5.018400802944129E-5;0.01562395449983272;3.345600535296086E-5;0.0023502843760455;3;2.5092004014720644E-5;6;5.018400802944129E-5;1868;0.01562395449983272;4;3.345600535296086E-5;281;0.0023502843760455;SRR17281101.783349;0.8596269905502808;0.0717329044037762;0.8596269905502808;0.0717329044037762;
167;Anaplasma phagocytophilum str. Norway variant1;strain;1392506;2;551;5;5;4;1.25;2;4;2541;1270.5;2.3352482368875813E-5;4.999953295260607;1.0000093410351327;214110;948;0.8692974906966922;0.18084630772690857;0.8692974906966922;0.18084630772690857;0.5;9.340992947550324E-6;2.3352482368875813E-5;0.011867731539862687;1.8681985895100648E-5;0.0025734435570501143;2;9.340992947550324E-6;5;2.3352482368875813E-5;2541;0.011867731539862687;4;1.8681985895100648E-5;551;0.0025734435570501143;SRR17281101.274557;0.8692974906966922;0.18084630772690857;0.8692974906966922;0.18084630772690857;
168;Anaplasma phagocytophilum str. Norway variant2;strain;1392507;6;1709;30;30;7;4.285714285714286;19;6;13268;2211.3333333333335;2.3267537906697172E-4;29.996626451238164;1.0001124642721848;128935;948;0.8757547401464526;0.07077039516748859;0.8765421291907418;0.06970190905433458;6.651172470932869;4.653507581339435E-5;2.3267537906697172E-4;0.10290456431535269;4.653507581339435E-5;0.01325474076084849;6;4.653507581339435E-5;30;2.3267537906697172E-4;13268;0.10290456431535269;6;4.653507581339435E-5;1709;0.01325474076084849;SRR17281101.274557;0.8757547401464526;0.07077039516748859;0.8765421291907418;0.06970190905433458;
169;Anaplasma phagocytophilum str. CRT35;strain;1392508;0;0;2;2;2;1.0;1;2;0;;1.0010511036588417E-4;1.9999499474451694;1.0000250269037456;19979;948;;;;;0.0;0.0;1.0010511036588417E-4;0.0;1.0010511036588417E-4;0.0;0;0.0;2;1.0010511036588417E-4;0;0.0;2;1.0010511036588417E-4;0;0.0;SRR17281101.1176941;;;;;
170;Ehrlichia;genus;943;2;480;475;475;24;19.791666666666668;92;2;2260;1130.0;4.542216314684746E-4;474.89236568744616;1.0002266499112868;1045745;942;0.8301754385964912;0.09403279651568408;0.8301754385964912;0.09403279651568408;23.49279106202705;1.9125121324988404E-6;4.542216314684746E-4;0.00216113870972369;1.9125121324988404E-6;4.5900291179972174E-4;4;2.3261300045961994E-6;478;4.548420582766206E-4;3041;0.0023226564887777086;4;2.3261300045961994E-6;484;4.598301475439165E-4;SRR17281101.1235353;0.9123009227614491;0.10927157968167933;0.9123009227614491;0.10927157968167933;
171;canis group;species group;106178;0;0;0;0;0;;0;0;0;;0.0;0.0;;252914;943;;;;;;0.0;0.0;0.0;0.0;0.0;2;4.13617872097359E-7;3;6.204268081460385E-7;781;1.615177790540187E-4;2;4.13617872097359E-7;4;8.27235744194718E-7;;0.9944264069264069;5.35686955450391E-4;0.9944264069264069;5.35686955450391E-4;
172;Ehrlichia ruminantium;species;779;2;4;3;3;2;1.5;2;2;781;390.5;6.204268081460385E-7;2.9999993799799394;1.0000002066733962;4835381;106178;0.9944264069264069;5.35686955450391E-4;0.9944264069264069;5.35686955450391E-4;0.7071067811865476;4.13617872097359E-7;6.204268081460385E-7;1.615177790540187E-4;4.13617872097359E-7;8.27235744194718E-7;2;4.13617872097359E-7;3;6.204268081460385E-7;781;1.615177790540187E-4;2;4.13617872097359E-7;4;8.27235744194718E-7;SRR17281101.1422072;0.9944264069264069;5.35686955450391E-4;0.9944264069264069;5.35686955450391E-4;
173;Spirochaetota;phylum;203691;0;0;0;0;0;;0;0;0;;;0.0;;0;3379134;;;;;;;;;;;315;0.0023028146537819845;24285;0.03593335000533495;178495;1.4746230016068331;745;0.002835209776560509;25230;0.20407982050309553;;0.8661843926496198;0.09066338844955903;0.867478394192822;0.0901558971552423;
174;Spirochaetia;class;203692;0;0;0;0;0;;0;0;0;;0.0;0.0;;1167;203691;;;;;;0.0;0.0;0.0;0.0;0.0;315;0.0023028146537819845;24285;0.03593335000533495;178495;1.4746230016068331;745;0.002835209776560509;25230;0.20407982050309553;;0.8661843926496198;0.09066338844955903;0.867478394192822;0.0901558971552423;
175;Spirochaetales;order;136;0;0;0;0;0;;0;0;0;;0.0;0.0;;1473;203692;;;;;;0.0;0.0;0.0;0.0;0.0;315;0.0023028146537819845;24285;0.03593335000533495;178495;1.4746230016068331;745;0.002835209776560509;25230;0.20407982050309553;;0.8661843926496198;0.09066338844955903;0.867478394192822;0.0901558971552423;
176;Borreliaceae;family;1643685;2;8;2000;1948;227;8.810572687224669;70;108;540;270.0;0.0040845424809192316;1995.814368474616;0.9760426775005332;476920;136;0.9844195742813254;0.006827451914019057;0.9844195742813254;0.006827451914019057;8.806889556073644;4.193575442422209E-6;0.004193575442422209;0.0011322653694539964;2.264530738907993E-4;1.6774301769688836E-5;315;0.0023028146537819845;24285;0.03593335000533495;178495;1.4746230016068331;745;0.002835209776560509;25230;0.20407982050309553;SRR17281101.914473;0.8661843926496198;0.09066338844955903;0.867478394192822;0.0901558971552423;
177;Borrelia;genus;138;0;0;21;21;7;3.0;8;6;0;;3.947422586813691E-6;20.999960523969577;1.0000018798145063;5319927;1643685;;;;;2.6457513110645907;0.0;3.947422586813691E-6;0.0;1.1278350248039118E-6;0.0;9;2.236140804582119E-5;180;9.096661535780141E-5;4375;0.00970976880718573;17;2.5850426165026386E-5;193;2.2776939981074618E-4;SRR17281101.117839;0.9532661893938648;0.05388526201392221;0.9532661893938648;0.05388526201392221;
178;Borrelia turicatae;species;142;0;0;0;0;0;;0;0;0;;0.0;0.0;;453193;138;;;;;;0.0;0.0;0.0;0.0;0.0;1;1.0039253481111145E-5;2;2.007850696222229E-5;504;0.005059783754480017;1;1.0039253481111145E-5;2;2.007850696222229E-5;;0.9957805907172996;;0.9957805907172996;;
179;Borrelia turicatae 91E135;strain;314724;1;2;2;2;1;2.0;2;1;504;504.0;2.007850696222229E-5;1.9999899607425617;1.0000050196539159;99609;142;0.9957805907172996;;0.9957805907172996;;;1.0039253481111145E-5;2.007850696222229E-5;0.005059783754480017;1.0039253481111145E-5;2.007850696222229E-5;1;1.0039253481111145E-5;2;2.007850696222229E-5;504;0.005059783754480017;1;1.0039253481111145E-5;2;2.007850696222229E-5;SRR17281101.1682268;0.9957805907172996;;0.9957805907172996;;
180;Borrelia coriaceae;species;144;1;1;1;1;1;1.0;1;1;519;519.0;6.86601453260636E-7;0.9999999999816824;1.0000000000183176;1456449;138;0.9979550102249489;;0.9979550102249489;;;6.86601453260636E-7;6.86601453260636E-7;3.5634615424227006E-4;6.86601453260636E-7;6.86601453260636E-7;1;6.86601453260636E-7;1;6.86601453260636E-7;519;3.5634615424227006E-4;1;6.86601453260636E-7;1;6.86601453260636E-7;SRR17281101.446027;0.9979550102249489;;0.9979550102249489;;
181;Borrelia duttonii;species;40834;0;0;0;0;0;;0;0;0;;0.0;0.0;;47054;138;;;;;;0.0;0.0;0.0;0.0;0.0;3;1.0329795635008539E-5;3;1.0329795635008539E-5;1004;0.0035271592597926537;3;1.0329795635008539E-5;41;1.5836482539784082E-4;;0.9653715021362079;0.052800384192004154;0.9653715021362079;0.052800384192004154;
182;Borrelia duttonii Ly;strain;412419;1;39;1;1;1;1.0;1;1;438;438.0;3.895658677969271E-6;1.0000000000019922;0.9999999999980078;256696;40834;0.9044117647058824;;0.9044117647058824;;;3.895658677969271E-6;3.895658677969271E-6;0.0017062985009505408;3.895658677969271E-6;1.5193068844080156E-4;1;3.895658677969271E-6;1;3.895658677969271E-6;438;0.0017062985009505408;1;3.895658677969271E-6;39;1.5193068844080156E-4;SRR17281101.1454549;0.9044117647058824;;0.9044117647058824;;
183;Borrelia duttonii CR2A;strain;1432657;2;2;2;2;2;1.0;1;2;566;283.0;6.434136957039268E-6;1.9999967829290952;1.0000016085380399;310842;40834;0.9958513708513708;0.0012754451321577765;0.9958513708513708;0.0012754451321577765;0.0;6.434136957039268E-6;6.434136957039268E-6;0.0018208607588421127;6.434136957039268E-6;6.434136957039268E-6;2;6.434136957039268E-6;2;6.434136957039268E-6;566;0.0018208607588421127;2;6.434136957039268E-6;2;6.434136957039268E-6;SRR17281101.220556;0.9958513708513708;0.0012754451321577765;0.9958513708513708;0.0012754451321577765;
184;Borrelia miyamotoi;species;47466;4;149;146;146;14;10.428571428571429;32;4;2348;587.0;4.766014789009178E-5;145.99654468519162;1.0000236670999019;3063356;138;0.9223863992984778;0.056553172603466054;0.9223863992984778;0.056553172603466054;7.939330389457729;1.3057574764408707E-6;4.766014789009178E-5;7.664796386707911E-4;1.3057574764408707E-6;4.863946599742243E-5;4;1.3057574764408707E-6;146;4.766014789009178E-5;2348;7.664796386707911E-4;4;1.3057574764408707E-6;149;4.863946599742243E-5;SRR17281101.1567462;0.9223863992984778;0.056553172603466054;0.9223863992984778;0.056553172603466054;
185;unclassified Borrelia;no rank;2649934;0;0;0;0;0;;0;0;0;;0.0;0.0;;840859;138;;;;;;0.0;0.0;0.0;0.0;0.0;0;0.0;7;8.264140830404483E-6;0;0.0;2;2.361183094401281E-6;0;0.0;;;;;;
186;Borrelia sp. BU AG58;species;2887345;0;0;7;7;2;3.5;5;2;0;;8.264140830404483E-6;6.999975207534833;1.0000035417932824;847033;2649934;;;;;2.1213203435596424;0.0;8.264140830404483E-6;0.0;2.361183094401281E-6;0.0;0;0.0;7;8.264140830404483E-6;0;0.0;2;2.361183094401281E-6;0;0.0;SRR17281101.12757;;;;;
187;Borreliella;genus;64895;66;2294;15616;15428;1182;13.21150592216582;84;276;27296;413.57575757575756;0.0023892335203206418;15597.133956234047;0.9891560874767992;6457301;1643685;0.9055072051493146;0.08452905795818479;0.9061588728330308;0.08425829001158651;13.420860439481368;1.0220988614283274E-5;0.0024183478515249638;0.004227153109325398;4.2742316023366416E-5;3.5525678607827016E-4;304;0.002276259670293741;22105;0.03164880794755495;173580;1.4637809674301934;620;0.0025829062765046827;25029;0.2038352768015151;SRR17281101.664031;0.8628284501036935;0.09007011004157223;0.8641692740711561;0.08959070992732007;
188;Borreliella burgdorferi;species;139;197;19855;6012;5871;555;10.832432432432432;91;212;125287;635.9746192893401;0.0033684232268014268;6001.6449725453;0.9782318059227196;1742952;64895;0.8441226345072957;0.0856751456860035;0.8455639230230438;0.08547469196443475;11.389511310820463;1.1302663527165407E-4;0.0034493204632141334;0.0718820713364453;1.2163272425172924E-4;0.011391593113292851;205;0.00214395189120198;6086;0.02701972311224113;131793;1.4057847072530751;220;0.002152557980182055;21082;0.1967126997185528;SRR17281101.1118033;0.8446616751070072;0.08581030741376583;0.8460719945696552;0.08561366388777183;
189;Borreliella burgdorferi 118a;strain;476210;3;649;47;47;7;6.714285714285714;14;3;2707;902.3333333333334;0.0056825051384354975;46.869539095575256;1.0027834902357096;8271;139;0.8366335852188111;0.14188189515765112;0.8376345862198121;0.14234938333296232;4.6084807950229365;3.627130939426913E-4;0.0056825051384354975;0.3272881151009551;3.627130939426913E-4;0.07846693265626889;3;3.627130939426913E-4;47;0.0056825051384354975;2707;0.3272881151009551;3;3.627130939426913E-4;649;0.07846693265626889;SRR17281101.662016;0.8366335852188111;0.14188189515765112;0.8376345862198121;0.14234938333296232;
190;Borreliella burgdorferi 72a;strain;476211;1;13;13;13;1;13.0;13;1;392;392.0;0.0161090458488228;12.903783523622593;1.0074564546283085;807;139;0.9640883977900553;;0.9640883977900553;;;0.0012391573729863693;0.0161090458488228;0.4857496902106567;0.0012391573729863693;0.0161090458488228;1;0.0012391573729863693;13;0.0161090458488228;392;0.4857496902106567;1;0.0012391573729863693;13;0.0161090458488228;SRR17281101.1464213;0.9640883977900553;;0.9640883977900553;;
191;Borreliella burgdorferi WI91-23;strain;498737;2;500;9;9;2;4.5;8;2;2825;1412.5;0.0015889830508474577;8.993646685484407;1.0007064225155573;5664;139;0.8224429214684814;0.007698679910898072;0.8235322460872179;0.009239217560519514;4.949747468305833;3.5310734463276836E-4;0.0015889830508474577;0.4987641242937853;3.5310734463276836E-4;0.0882768361581921;2;3.5310734463276836E-4;9;0.0015889830508474577;2825;0.4987641242937853;2;3.5310734463276836E-4;500;0.0882768361581921;SRR17281101.855925;0.8224429214684814;0.007698679910898072;0.8235322460872179;0.009239217560519514;
192;Borreliella burgdorferi JD1;strain;521008;2;65;5;5;2;2.5;3;2;582;291.0;1.898686109212425E-4;4.999620277203138;1.0000759503273866;26334;139;0.8723047013078826;0.07810917961145086;0.8723047013078826;0.07810917961145086;0.7071067811865476;7.5947444368497E-5;1.898686109212425E-4;0.022100706311232628;7.5947444368497E-5;0.0024682919419761525;2;7.5947444368497E-5;5;1.898686109212425E-4;582;0.022100706311232628;2;7.5947444368497E-5;65;0.0024682919419761525;SRR17281101.1439072;0.8723047013078826;0.07810917961145086;0.8723047013078826;0.07810917961145086;
193;Borreliella afzelii;species;29518;1;19;27;27;8;3.375;14;6;247;247.0;2.8463058113131168E-5;26.99962998374494;1.0000137044935535;948598;64895;0.9124423963133641;;0.9124423963133641;;4.533604683755678;1.0541873375233767E-6;2.8463058113131168E-5;2.6038427236827405E-4;6.325124025140259E-6;2.0029559412944154E-5;1;1.0541873375233767E-6;27;2.8463058113131168E-5;247;2.6038427236827405E-4;6;6.325124025140259E-6;19;2.0029559412944154E-5;SRR17281101.1812833;0.9124423963133641;;0.9124423963133641;;
194;Borreliella garinii;species;29519;5;278;47;47;15;3.1333333333333333;17;14;2122;424.4;1.950081239554618E-5;46.9995514894413;1.0000095428689102;2410156;64895;0.8791890172366091;0.1438596946988903;0.8791890172366091;0.1438596946988903;4.897035060212698;2.0745545101644874E-6;1.950081239554618E-5;8.804409341138084E-4;5.808752628460565E-6;1.1534523076514549E-4;6;8.414267104688998E-5;56;7.581138612260755E-4;2554;0.03633386727797922;15;8.787686916518606E-5;335;0.004793227873358498;SRR17281101.1812833;0.8740339654417846;0.12929012630951484;0.8756923402344877;0.1289567753451885;
195;Borreliella garinii IPT108;strain;1408841;1;57;9;9;1;9.0;9;1;432;432.0;7.386130488305293E-4;8.997046113494553;1.0003283173686324;12185;29519;0.8482587064676617;;0.8582089552238806;;;8.206811653672549E-5;7.386130488305293E-4;0.03545342634386541;8.206811653672549E-5;0.004677882642593352;1;8.206811653672549E-5;9;7.386130488305293E-4;432;0.03545342634386541;1;8.206811653672549E-5;57;0.004677882642593352;SRR17281101.1326556;0.8482587064676617;;0.8582089552238806;;
196;Borreliella japonica;species;34095;0;0;7;7;5;1.4;3;5;0;;7.5255546333764795E-6;6.999977423108865;1.0000032252805646;930164;64895;;;;;0.8944271909999157;0.0;7.5255546333764795E-6;0.0;5.375396166697486E-6;0.0;0;0.0;7;7.5255546333764795E-6;0;0.0;5;5.375396166697486E-6;0;0.0;SRR17281101.648774;;;;;
197;Borreliella andersonii;species;42109;3;100;29;29;13;2.230769230769231;6;10;1079;359.6666666666667;2.9759308763090248E-5;28.999583372194483;1.000014366682451;974485;64895;0.880103283424731;0.11067769286919416;0.884524149914563;0.11363672540073408;1.640825308284734;3.0785491823886464E-6;2.9759308763090248E-5;0.0011072515225991164;1.0261830607962154E-5;1.0261830607962154E-4;3;3.0785491823886464E-6;29;2.9759308763090248E-5;1079;0.0011072515225991164;10;1.0261830607962154E-5;100;1.0261830607962154E-4;SRR17281101.806951;0.880103283424731;0.11067769286919416;0.884524149914563;0.11363672540073408;
198;Borreliella tanukii;species;56146;0;0;3;3;2;1.5;2;2;0;;3.614396865595038E-6;2.9999963854942435;1.0000012048367037;830014;64895;;;;;0.7071067811865476;0.0;3.614396865595038E-6;0.0;2.4095979103966922E-6;0.0;0;0.0;3;3.614396865595038E-6;0;0.0;2;2.4095979103966922E-6;0;0.0;SRR17281101.937392;;;;;
199;Borreliella turdi;species;57863;1;58;2;2;2;1.0;1;2;386;386.0;1.4291328736289257E-6;1.9999992854096982;1.0000003572952785;1399450;64895;0.8370786516853933;;0.8370786516853933;;0.0;7.145664368144629E-7;1.4291328736289257E-6;2.7582264461038265E-4;1.4291328736289257E-6;4.144485333523884E-5;1;7.145664368144629E-7;2;1.4291328736289257E-6;386;2.7582264461038265E-4;2;1.4291328736289257E-6;58;4.144485333523884E-5;SRR17281101.157311;0.8370786516853933;;0.8370786516853933;;
200;Borreliella valaisiana;species;62088;1;26;5;5;3;1.6666666666666667;2;3;299;299.0;4.359334730645426E-6;4.999991281122561;1.0000017437785285;1146964;64895;0.9033457249070632;;0.9033457249070632;;0.5773502691896255;8.718669461290851E-7;4.359334730645426E-6;2.6068821689259646E-4;2.6156008383872553E-6;2.2668540599356215E-5;1;8.718669461290851E-7;5;4.359334730645426E-6;299;2.6068821689259646E-4;3;2.6156008383872553E-6;26;2.2668540599356215E-5;SRR17281101.548331;0.9033457249070632;;0.9033457249070632;;
201;Borreliella bissettiae;species;64897;0;0;1;1;1;1.0;1;1;0;;2.18211971108735E-6;0.9999999999765141;1.0000000000234859;458270;64895;;;;;;0.0;2.18211971108735E-6;0.0;2.18211971108735E-6;0.0;0;0.0;2;1.8940117465515652E-5;0;0.0;2;1.8940117465515652E-5;0;0.0;SRR17281101.663521;;;;;
202;Borreliella bissettiae DN127;strain;521010;0;0;1;1;1;1.0;1;1;0;;1.6757997754428302E-5;1.0000000000023994;0.9999999999976006;59673;64897;;;;;;0.0;1.6757997754428302E-5;0.0;1.6757997754428302E-5;0.0;0;0.0;1;1.6757997754428302E-5;0;0.0;1;1.6757997754428302E-5;0;0.0;SRR17281101.300250;;;;;
203;Borreliella sinica;species;87162;0;0;2;2;1;2.0;2;1;0;;2.5792174396366398E-6;1.999998710363624;1.0000006448186038;775429;64895;;;;;;0.0;2.5792174396366398E-6;0.0;1.2896087198183199E-6;0.0;0;0.0;2;2.5792174396366398E-6;0;0.0;1;1.2896087198183199E-6;0;0.0;SRR17281101.1420788;;;;;
204;Borreliella spielmanii;species;88916;0;0;1;1;1;1.0;1;1;0;;1.2722403516472331E-6;0.999999999981816;1.0000000000181841;786015;64895;;;;;;0.0;1.2722403516472331E-6;0.0;1.2722403516472331E-6;0.0;0;0.0;8;9.643982722723957E-4;0;0.0;2;1.3886167348318274E-4;0;0.0;SRR17281101.613676;;;;;
205;Borreliella spielmanii A14S;strain;498742;0;0;7;7;1;7.0;7;1;0;;9.631260319207485E-4;6.997111284395206;1.0004128440276827;7268;88916;;;;;;0.0;9.631260319207485E-4;0.0;1.375894331315355E-4;0.0;0;0.0;7;9.631260319207485E-4;0;0.0;1;1.375894331315355E-4;0;0.0;SRR17281101.694881;;;;;
206;Borreliella lusitaniae;species;100177;1;2;8;8;6;1.3333333333333333;3;6;630;630.0;6.749460043196544E-6;7.999976377040241;1.0000029528786893;1185280;64895;0.9966666666666667;;0.9966666666666667;;0.816496580927726;8.43682505399568E-7;6.749460043196544E-6;5.315199784017278E-4;5.062095032397408E-6;1.687365010799136E-6;1;8.43682505399568E-7;8;6.749460043196544E-6;630;5.315199784017278E-4;6;5.062095032397408E-6;2;1.687365010799136E-6;SRR17281101.549790;0.9966666666666667;;0.9966666666666667;;
207;Borreliella lanei;species;373540;1;252;13;13;3;4.333333333333333;11;3;1103;1103.0;3.013605268709273E-5;12.999819185052246;1.0000139090355935;431377;64895;0.7623485554520038;;0.7651444547996272;;5.773502691896257;2.318157899007133E-6;3.013605268709273E-5;0.0025569281626048675;6.954473697021399E-6;5.841757905497975E-4;1;2.318157899007133E-6;13;3.013605268709273E-5;1103;0.0025569281626048675;3;6.954473697021399E-6;252;5.841757905497975E-4;SRR17281101.850992;0.7623485554520038;;0.7651444547996272;;
208;Borreliella californiensis;species;373543;3;226;53;53;11;4.818181818181818;22;10;1253;417.6666666666667;9.433576055092084E-5;52.99754734402068;1.0000462786695279;561823;64895;0.8059235512867448;0.1315303441667556;0.816526599663153;0.11942296194638582;7.096734204099542;5.339760031184199E-6;9.433576055092084E-5;0.0022302397730246002;1.7799200103947328E-5;4.0226192234920965E-4;3;5.339760031184199E-6;53;9.433576055092084E-5;1253;0.0022302397730246002;10;1.7799200103947328E-5;226;4.0226192234920965E-4;SRR17281101.542072;0.8059235512867448;0.1315303441667556;0.816526599663153;0.11942296194638582;
209;Borreliella carolinensis;species;478174;1;17;6;6;4;1.5;2;4;353;353.0;9.82064233547969E-6;5.99997544838766;1.000004091952134;610958;64895;0.9473684210526315;;0.9473684210526315;;0.5773502691896257;1.6367737225799481E-6;9.82064233547969E-6;5.777811240707218E-4;6.5470948903197925E-6;2.782515328385912E-5;1;1.6367737225799481E-6;6;9.82064233547969E-6;353;5.777811240707218E-4;4;6.5470948903197925E-6;17;2.782515328385912E-5;SRR17281101.1039536;0.9473684210526315;;0.9473684210526315;;
210;Borreliella americana;species;478807;6;357;57;56;20;2.85;17;18;3011;501.8333333333333;5.4947049686850874E-5;56.99843403750275;0.9824831321357739;1019163;64895;0.9140237049652974;0.07955414397570959;0.916475114391362;0.07579788425545765;3.572924498738283;5.8871838950197366E-6;5.59282470026875E-5;0.002954385117984071;1.766155168505921E-5;3.5028744175367435E-4;6;5.8871838950197366E-6;57;5.59282470026875E-5;3011;0.002954385117984071;18;1.766155168505921E-5;357;3.5028744175367435E-4;SRR17281101.860441;0.9140237049652974;0.07955414397570959;0.916475114391362;0.07579788425545765;
211;Borreliella finlandensis;species;498741;2;60;38;38;10;3.8;15;10;818;409.0;7.587783668294047E-5;37.99859629376842;1.0000369410022603;500805;64895;0.9355241102405176;0.06345300005034438;0.9355241102405176;0.06345300005034438;4.756282395129858;3.993570351733709E-6;7.587783668294047E-5;0.001633370273859087;1.9967851758668544E-5;1.1980711055201126E-4;2;3.993570351733709E-6;38;7.587783668294047E-5;818;0.001633370273859087;10;1.9967851758668544E-5;60;1.1980711055201126E-4;SRR17281101.314323;0.9355241102405176;0.06345300005034438;0.9355241102405176;0.06345300005034438;
212;Borreliella bavariensis;species;664662;1;27;37;37;8;4.625;15;7;368;368.0;2.469968190815056E-5;36.99955540611133;1.0000120161954325;1497995;64895;0.9171597633136095;;0.9201183431952663;;5.578978401105349;6.675589704905557E-7;2.469968190815056E-5;2.456617011405245E-4;4.67291279343389E-6;1.8024092203245004E-5;1;6.675589704905557E-7;37;2.469968190815056E-5;368;2.456617011405245E-4;7;4.67291279343389E-6;27;1.8024092203245004E-5;SRR17281101.254606;0.9171597633136095;;0.9201183431952663;;
213;Borreliella yangtzensis;species;683292;1;52;7;7;4;1.75;3;4;321;321.0;5.819502316161922E-6;6.9999825415914465;1.000002494064585;1202852;64895;0.8213058419243986;;0.8213058419243986;;0.9574271077563381;8.313574737374175E-7;5.819502316161922E-6;2.6686574906971096E-4;3.32542989494967E-6;4.3230588634345705E-5;1;8.313574737374175E-7;7;5.819502316161922E-6;321;2.6686574906971096E-4;4;3.32542989494967E-6;52;4.3230588634345705E-5;SRR17281101.1222664;0.8213058419243986;;0.8213058419243986;;
214;Borreliella kurtenbachii;species;1196056;2;15;11;11;6;1.8333333333333333;3;6;993;496.5;2.7698110737046728E-5;10.999861510528449;1.0000125901104682;397139;64895;0.9840103855521345;0.01650381573295379;0.9840103855521345;0.01650381573295379;0.7527726527090809;5.036020134008496E-6;2.7698110737046728E-5;0.002500383996535218;1.5108060402025487E-5;3.777015100506372E-5;2;5.036020134008496E-6;11;2.7698110737046728E-5;993;0.002500383996535218;6;1.5108060402025487E-5;15;3.777015100506372E-5;SRR17281101.1259766;0.9840103855521345;0.01650381573295379;0.9840103855521345;0.01650381573295379;
215;Borreliella mayonii;species;1674146;3;107;32;32;8;4.0;9;8;1076;358.6666666666667;6.048943514209346E-5;31.99906243171627;1.0000292998673237;529018;64895;0.8858394517513754;0.07695211845029226;0.8858394517513754;0.07695211845029226;3.1622776601683795;5.670884544571262E-6;6.048943514209346E-5;0.002033957256652893;1.5122358785523366E-5;2.0226154875637502E-4;3;5.670884544571262E-6;32;6.048943514209346E-5;1076;0.002033957256652893;8;1.5122358785523366E-5;107;2.0226154875637502E-4;SRR17281101.1652671;0.8858394517513754;0.07695211845029226;0.8858394517513754;0.07695211845029226;
216;PVC group;clade;1783257;0;0;0;0;0;;0;0;0;;0.0;0.0;;315;3379134;;;;;;0.0;0.0;0.0;0.0;0.0;10;0.002552079889987249;14;0.002918978124249302;4257;1.076867573536862;10;0.002552079889987249;138;0.041881237862277786;;0.9672330366040601;0.03475723680774847;0.9672330366040601;0.03475723680774847;
217;Chlamydiota;phylum;204428;0;0;0;0;0;;0;0;0;;;0.0;;0;1783257;;;;;;;;;;;10;0.002552079889987249;14;0.002918978124249302;4257;1.076867573536862;10;0.002552079889987249;138;0.041881237862277786;;0.9672330366040601;0.03475723680774847;0.9672330366040601;0.03475723680774847;
218;Chlamydiia;class;204429;0;0;0;0;0;;0;0;0;;0.0;0.0;;1716;204428;;;;;;0.0;0.0;0.0;0.0;0.0;10;0.002552079889987249;14;0.002918978124249302;4257;1.076867573536862;10;0.002552079889987249;138;0.041881237862277786;;0.9672330366040601;0.03475723680774847;0.9672330366040601;0.03475723680774847;
219;Chlamydiales;order;51291;0;0;0;0;0;;0;0;0;;0.0;0.0;;1054;204429;;;;;;0.0;0.0;0.0;0.0;0.0;10;0.002552079889987249;14;0.002918978124249302;4257;1.076867573536862;10;0.002552079889987249;138;0.041881237862277786;;0.9672330366040601;0.03475723680774847;0.9672330366040601;0.03475723680774847;
220;Chlamydiaceae;family;809;0;0;0;0;0;;0;0;0;;0.0;0.0;;3218;51291;;;;;;0.0;0.0;0.0;0.0;0.0;10;0.002552079889987249;14;0.002918978124249302;4257;1.076867573536862;10;0.002552079889987249;138;0.041881237862277786;;0.9672330366040601;0.03475723680774847;0.9672330366040601;0.03475723680774847;
221;Chlamydia/Chlamydophila group;no rank;1113537;0;0;0;0;0;;0;0;0;;;0.0;;0;809;;;;;;;;;;;10;0.002552079889987249;14;0.002918978124249302;4257;1.076867573536862;10;0.002552079889987249;138;0.041881237862277786;;0.9672330366040601;0.03475723680774847;0.9672330366040601;0.03475723680774847;
222;Chlamydia;genus;810;0;0;0;0;0;;0;0;0;;0.0;0.0;;4190012;1113537;;;;;;0.0;0.0;0.0;0.0;0.0;10;0.002552079889987249;14;0.002918978124249302;4257;1.076867573536862;10;0.002552079889987249;138;0.041881237862277786;;0.9672330366040601;0.03475723680774847;0.9672330366040601;0.03475723680774847;
223;Chlamydia trachomatis;species;813;0;0;0;0;0;;0;0;0;;0.0;0.0;;1590936;810;;;;;;0.0;0.0;0.0;0.0;0.0;7;0.0025482344375682563;8;0.0029122679286494356;2954;1.075354932653804;7;0.0025482344375682563;115;0.04186385147433564;;0.9595813940351314;0.03845238988826354;0.9595813940351314;0.03845238988826354;
224;Chlamydia trachomatis I/UW-12/UR;strain;596780;7;115;8;2;7;1.1428571428571428;2;7;2954;422.0;7.280669821623589E-4;7.989814480014941;0.250318703269348;2747;813;0.9595813940351314;0.03845238988826354;0.9595813940351314;0.03845238988826354;0.3779644730092273;0.0025482344375682563;0.0029122679286494356;1.075354932653804;0.0025482344375682563;0.04186385147433564;7;0.0025482344375682563;8;0.0029122679286494356;2954;1.075354932653804;7;0.0025482344375682563;115;0.04186385147433564;SRR17281101.865391;0.9595813940351314;0.03845238988826354;0.9595813940351314;0.03845238988826354;
225;Chlamydia psittaci;species;83554;2;3;3;3;2;1.5;2;2;708;354.0;4.826161657110866E-6;2.9999951737841744;1.0000016087411967;621612;810;0.9953294189415891;0.002345519672239866;0.9953294189415891;0.002345519672239866;0.7071067811865476;3.2174411047405778E-6;4.826161657110866E-6;0.0011389741510781646;3.2174411047405778E-6;4.826161657110866E-6;2;3.2174411047405778E-6;3;4.826161657110866E-6;708;0.0011389741510781646;2;3.2174411047405778E-6;3;4.826161657110866E-6;SRR17281101.1525104;0.9953294189415891;0.002345519672239866;0.9953294189415891;0.002345519672239866;
226;Chlamydia pecorum;species;85991;1;20;3;3;1;3.0;3;1;595;595.0;1.8840339427555127E-6;2.999998116173889;1.0000006279424314;1592328;810;0.9646017699115044;;0.9646017699115044;;;6.280113142518375E-7;1.8840339427555127E-6;3.7366673197984337E-4;6.280113142518375E-7;1.2560226285036751E-5;1;6.280113142518375E-7;3;1.8840339427555127E-6;595;3.7366673197984337E-4;1;6.280113142518375E-7;20;1.2560226285036751E-5;SRR17281101.1750229;0.9646017699115044;;0.9646017699115044;;
