pos;level;name;rank;taxid;reads;kmers from reads;kmers;unique kmers;contigs;average contig length;max contig length;reads >=1 kmer;reads bps;avg. read length;db coverage;exp. unique kmers;unique kmers / exp.;db kmers;parent taxid;mean error;kmer error std. dev.;mean class error;class error std. dev.;contig len std. dev.;norm. reads;norm. kmers;norm. reads bps;norm. read >=1 kmer;norm. reads kmers;acc. reads;acc. norm. reads;acc. kmers;acc. norm. kmers;acc. reads bps;acc. norm. reads bps;acc. read >=1 kmer;acc. norm. read >=1 kmer;acc. reads kmers;acc. norm. reads kmers;max contig desc.;acc. mean error;acc. error std. dev.;acc. class mean error;acc. class error std. dev.;
0;0;TOTAL;;;1361189;0;471206057;0;0;;0;0;512041727;376.17239560413725;;;;524530554;;;;;;;;;;;;;;;;;;;;;;;;;;;
1;0;root;no rank;1;0;0;0;0;0;;0;0;0;;0.0;0.0;;2945;;;;;;;0.0;0.0;0.0;0.0;0.0;1024127;5.147585436948874;18921181;69.01857819048107;391855939;2065.862414588124;1132749;8.343392637232123;18913874;111.60274819993774;;0.9424217366296305;0.03882018610773323;0.9424357886913851;0.0388089792633913;
2;1;cellular organisms;cellular root;131567;27783;900544;1527926;67679;119985;12.73430845522357;204;57252;16266373;585.4793578807185;0.5174551960364548;130790.89569855832;0.5174595650448321;130792;1;0.9393304649434481;0.0427946095168806;0.9393304649434481;0.0427946095168806;11.435401652259257;0.2124212490060554;11.682105939201174;124.36825646828552;0.4377331946908068;6.88531408648847;1024127;5.147585436948874;18921181;69.01857819048107;391855939;2065.862414588124;1132749;8.343392637232123;18913874;111.60274819993774;1359166x125991-NZ-LAOH01000012_5644_aligned_186712_R_24_381_419;0.9424217366296305;0.03882018610773323;0.9424357886913851;0.0388089792633913;
3;2;Bacteria;domain;2;1573;50616;77630;12949;9934;7.8145762029394;109;7144;916157;582.4265734265734;0.009048897870933884;75561.92942258684;0.17136936680880077;1431003;131567;0.9437001592780061;0.03930851721336414;0.9437001592780061;0.03930851721336414;8.325433380376527;0.0010992290023151593;0.054248663350111775;0.6402201812295292;0.0049923026017415755;0.03537099502936052;996344;4.935164187942817;17393255;57.336472251280014;375589566;1941.494158119838;1075497;7.905659442541314;18013330;104.71743411344929;1405396x3190-NZ-KE360087_229_aligned_10491_F_25_840_217;0.9425079365778984;0.03869999600776265;0.9425223804806556;0.0386884085731646;
4;3;Bacillati;kingdom;1783272;3;219;29;28;10;2.9;10;7;1826;608.6666666666666;1.1864607874709741E-4;28.99827969744122;0.9655745200109471;235996;2;0.8935893868437033;0.09111836448243817;0.8935893868437033;0.09111836448243817;2.8067379246694513;1.2712079865760436E-5;1.2288343870235088E-4;0.007737419278292852;2.9661519686774353E-5;9.279818302005119E-4;106;0.002153930756746709;14979;0.06723665667486102;212482;5.474602826874347;168;0.0033404277914186055;15729;0.35256958047342807;2104x178739-NZ-JBLTZR010000055_1111_aligned_37025_R_16_587_214;0.9368848721610435;0.03573168345679631;0.9369938238079539;0.035652883618695105;
5;4;Mycoplasmatota;phylum;544448;0;0;109;109;20;5.45;31;12;0;;1.6423057973394647E-4;108.99113202610988;1.0000813641782158;663701;1783272;;;;;6.5331140314071074;0.0;1.6423057973394647E-4;0.0;1.8080430796397774E-5;0.0;103;0.0021412186768809483;14950;0.06711377323615868;210656;5.466865407596054;161;0.003310766271731831;15510;0.3516415986432275;3401674x1202-NZ-JBLVZX010000005_22658_aligned_119159_R_9_3869_182;0.9381459057139757;0.03308733026600192;0.9382580307098254;0.03299537800098623;
6;5;Mollicutes;class;31969;0;0;11;11;4;2.75;5;2;0;;2.092368561211291E-4;10.998953875418318;1.0000951112799936;52572;544448;;;;;2.0615528128088303;0.0;2.092368561211291E-4;0.0;3.8043064749296204E-5;0.0;37;0.0020907008576546006;5995;0.05954244856293042;78645;5.363188440077656;76;0.0031623007886044823;6101;0.34445827436375465;1188251x23455-NZ-LAUV01000012_13935_aligned_272978_R_21_2671_386;0.9481092360058018;0.03809959170302366;0.9484213677510048;0.037787638054061726;
7;6;Mycoplasmatales;order;2085;0;0;0;0;0;;0;0;0;;0.0;0.0;;241;31969;;;;;;0.0;0.0;0.0;0.0;0.0;37;0.0020907008576546006;5984;0.05933321170680929;78645;5.363188440077656;74;0.003124257723855186;6101;0.34445827436375465;;0.9481092360058018;0.03809959170302366;0.9484213677510048;0.037787638054061726;
8;7;Mycoplasmataceae;family;2092;0;0;0;0;0;;0;0;0;;0.0;0.0;;1514;2085;;;;;;0.0;0.0;0.0;0.0;0.0;37;0.0020907008576546006;5984;0.05933321170680929;78645;5.363188440077656;74;0.003124257723855186;6101;0.34445827436375465;;0.9481092360058018;0.03809959170302366;0.9484213677510048;0.037787638054061726;
9;8;Mycoplasma;genus;2093;2;22;647;647;68;9.514705882352942;47;14;905;452.5;2.850177574432806E-4;646.9079479076976;1.0001422955037114;2270034;2092;0.9733645174316867;0.024723514122109293;0.9733645174316867;0.024723514122109293;9.774307849768926;8.81044072467637E-7;2.850177574432806E-4;3.9867244279160577E-4;6.167308507273459E-6;9.691484797144008E-6;37;0.0020907008576546006;5984;0.05933321170680929;78645;5.363188440077656;74;0.003124257723855186;6101;0.34445827436375465;3401674x1202-NZ-JBLVZX010000005_22658_aligned_119159_R_9_3869_182;0.9481092360058018;0.03809959170302366;0.9484213677510048;0.037787638054061726;
10;9;Mycoplasma buteonis;species;171280;1;390;385;385;24;16.041666666666668;43;1;3581;3581.0;4.7086219147825047E-4;384.90960859077654;1.000234838017046;817649;2093;0.8901717825964517;;0.8901717825964517;;10.123065211454596;1.2230186791642868E-6;4.7086219147825047E-4;0.0043796298900873115;1.2230186791642868E-6;4.769772848740719E-4;1;1.2230186791642868E-6;385;4.7086219147825047E-4;3581;0.0043796298900873115;1;1.2230186791642868E-6;390;4.769772848740719E-4;171280x142765-NZ-JPOK01000005_134551_aligned_67366_R_10_3343_246;0.8901717825964517;;0.8901717825964517;;
11;9;Mycoplasma ovis;species;171632;0;0;0;0;0;;0;0;0;;;0.0;;0;2093;;;;;;;;;;;0;0.0;1;1.4665057421032331E-6;0;0.0;1;1.4665057421032331E-6;0;0.0;;;;;;
12;10;Mycoplasma ovis str. Michigan;strain;1415773;0;0;1;1;1;1.0;1;1;0;;1.4665057421032331E-6;0.9999999999738342;1.000000000026166;681893;171632;;;;;;0.0;1.4665057421032331E-6;0.0;1.4665057421032331E-6;0.0;0;0.0;1;1.4665057421032331E-6;0;0.0;1;1.4665057421032331E-6;0;0.0;2020671x138139-NZ-CP118226_951226_aligned_267726_R_40_314_380;;;;;
13;9;Candidatus Mycoplasma haematobovis;species;432608;0;0;3;3;2;1.5;2;2;0;;3.2711951638650697E-6;2.999996728678039;1.0000010904418426;917096;2093;;;;;0.7071067811865476;0.0;3.2711951638650697E-6;0.0;2.1807967759100465E-6;0.0;0;0.0;3;3.2711951638650697E-6;0;0.0;2;2.1807967759100465E-6;0;0.0;596780x105845-NZ-CP166118_857676_aligned_979230_F_9_47_220;;;;;
14;9;Mycoplasma tauri;species;547987;0;0;1;1;1;1.0;1;1;0;;8.904323048840212E-7;1.0000000000064013;0.9999999999935987;1123050;2093;;;;;;0.0;8.904323048840212E-7;0.0;8.904323048840212E-7;0.0;0;0.0;1;8.904323048840212E-7;0;0.0;1;8.904323048840212E-7;0;0.0;596780x105845-NZ-CP166118_320215_aligned_546796_F_5_76_246;;;;;
15;9;Mycoplasma mycoides group;species group;656088;3;13;241;241;29;8.310344827586206;27;7;999;333.0;3.2429610252601097E-4;240.96108863229836;1.0001614840301498;743148;2093;0.9823268116053144;0.013321199890094068;0.9823268116053144;0.013321199890094068;6.579749497380266;4.036880944307191E-6;3.2429610252601097E-4;0.0013442813544542944;9.419388870050111E-6;1.749315075866449E-5;18;0.0019534707301981937;1226;0.05189573496337916;22944;4.918943328571341;28;0.002973679947216109;1497;0.3070824897125103;1188251x39357-NZ-LAUV01000026_1710_aligned_25_F_16_2417_166;0.9690557605310713;0.03427273944738702;0.9696386171707574;0.033186597061326754;
16;10;Mycoplasma capricolum;species;2095;0;0;0;0;0;;0;0;0;;0.0;0.0;;360209;656088;;;;;;0.0;0.0;0.0;0.0;0.0;0;0.0;14;6.4452864239249036E-6;0;0.0;1;4.6037760170892166E-7;0;0.0;;;;;;
17;11;Mycoplasma capricolum subsp. capricolum;subspecies;40479;0;0;14;14;1;14.0;14;1;0;;6.4452864239249036E-6;13.999958105570032;1.0000029924682383;2172130;2095;;;;;;0.0;6.4452864239249036E-6;0.0;4.6037760170892166E-7;0.0;0;0.0;14;6.4452864239249036E-6;0;0.0;1;4.6037760170892166E-7;0;0.0;1188251x23455-NZ-LAUV01000012_13935_aligned_272978_R_21_2671_386;;;;;
18;10;Mycoplasma mycoides;species;2102;10;682;631;631;62;10.17741935483871;53;13;10135;1013.5;5.961975634322082E-4;630.8122349642358;1.0002976559828058;1058374;656088;0.9721861267617816;0.038642831768616596;0.9726750446235808;0.037357151269043216;10.965705397758912;9.448455838862255E-6;5.961975634322082E-4;0.009576009992686894;1.228299259052093E-5;6.443846882104058E-4;15;0.0019494338492538866;971;0.05156499357442923;21945;4.9175990472168865;20;0.0029638001807443496;1484;0.3070649965617516;1188251x23455-NZ-LAUV01000012_13935_aligned_272978_R_21_2671_386;0.9664015503162225;0.03681964516013114;0.9671009782838459;0.03564555680869822;
19;11;Mycoplasma mycoides subsp. mycoides;subspecies;2103;0;0;0;0;0;;0;0;0;;0.0;0.0;;47238;2102;;;;;;0.0;0.0;0.0;0.0;0.0;1;0.0019305019305019305;33;0.05083524952079047;2529;4.882239382239383;2;0.002941624276305773;158;0.305019305019305;;0.9311724689875951;;0.9367747098839536;;
20;12;Mycoplasma mycoides subsp. mycoides B345/93;strain;1188251;1;158;19;19;1;19.0;19;1;2529;2529.0;0.03667953667953668;18.673467749868337;1.017486428043552;518;2103;0.9311724689875951;;0.9367747098839536;;;0.0019305019305019305;0.03667953667953668;4.882239382239383;0.0019305019305019305;0.305019305019305;1;0.0019305019305019305;19;0.03667953667953668;2529;4.882239382239383;1;0.0019305019305019305;158;0.305019305019305;1188251x39357-NZ-LAUV01000026_1710_aligned_25_F_16_2417_166;0.9311724689875951;;0.9367747098839536;;
21;12;Mycoplasma mycoides subsp. mycoides C425/93;strain;1188255;0;0;14;14;1;14.0;14;1;0;;0.014155712841253791;13.908358975944408;1.0065889170831794;989;2103;;;;;;0.0;0.014155712841253791;0.0;0.0010111223458038423;0.0;0;0.0;14;0.014155712841253791;0;0.0;1;0.0010111223458038423;0;0.0;1188251x39357-NZ-LAUV01000026_1710_aligned_25_F_16_2417_166;;;;;
22;11;Mycoplasma mycoides subsp. capri;subspecies;40477;3;499;306;306;33;9.272727272727273;41;4;6479;2159.6666666666665;1.2529137409834226E-4;305.9808938713051;1.0000624422278566;2442307;2102;0.9650994401489096;0.04248132864185119;0.9650994401489096;0.04248132864185119;9.34502784664366;1.2283468048857084E-6;1.2529137409834226E-4;0.0026528196496181686;1.6377957398476114E-6;2.043150185459895E-4;4;9.48346291309377E-6;307;1.3354649020655033E-4;9281;0.025783654984817158;5;9.892911848055673E-6;644;0.0014013068542361585;436113x139845-NZ-OZ345172_238522_aligned_66362_R_39_5601_297;0.9607473795344816;0.035761300057716126;0.9607473795344816;0.035761300057716126;
23;12;Mycoplasma mycoides subsp. capri LC;no rank;44100;0;0;0;0;0;;0;0;0;;;0.0;;0;40477;;;;;;;;;;;1;8.255116108208061E-6;1;8.255116108208061E-6;2802;0.02313083533519899;1;8.255116108208061E-6;145;0.001196991835690169;;0.9476911976911977;;0.9476911976911977;;
24;13;Mycoplasma mycoides subsp. capri LC str. 95010;strain;862259;1;145;1;1;1;1.0;1;1;2802;2802.0;8.255116108208061E-6;1.00000000000468;0.99999999999532;121137;44100;0.9476911976911977;;0.9476911976911977;;;8.255116108208061E-6;8.255116108208061E-6;0.02313083533519899;8.255116108208061E-6;0.001196991835690169;1;8.255116108208061E-6;1;8.255116108208061E-6;2802;0.02313083533519899;1;8.255116108208061E-6;145;0.001196991835690169;1188258x145158-NZ-LAUX01000079_7950_aligned_12352_R_212_2657_13;0.9476911976911977;;0.9476911976911977;;
25;9;Mycoplasma aquilae;species;1312741;0;0;0;0;0;;0;0;0;;;0.0;;0;2093;;;;;;;;;;;1;6.25148472762281E-6;1;6.25148472762281E-6;475;0.002969455245620835;1;6.25148472762281E-6;9;5.626336254860529E-5;;0.9797752808988764;;0.9797752808988764;;
26;10;Mycoplasma aquilae ATCC BAA-1896;strain;547986;1;9;1;1;1;1.0;1;1;475;475.0;6.25148472762281E-6;1.0000000000058806;0.9999999999941194;159962;1312741;0.9797752808988764;;0.9797752808988764;;;6.25148472762281E-6;6.25148472762281E-6;0.002969455245620835;6.25148472762281E-6;5.626336254860529E-5;1;6.25148472762281E-6;1;6.25148472762281E-6;475;0.002969455245620835;1;6.25148472762281E-6;9;5.626336254860529E-5;596780x105845-NZ-CP166118_878749_aligned_1171392_R_30_38_407;0.9797752808988764;;0.9797752808988764;;
27;9;unclassified Asterococcus (in: mycoplasmas, genus);no rank;2683645;4;897;2286;2286;179;12.77094972067039;117;14;10270;2567.5;1.632272089903776E-4;2285.813522054156;1.0000815805594137;14005018;2093;0.9140984861035794;0.02237991498909677;0.9140984861035794;0.02237991498909677;14.889406712123584;2.856119142438803E-7;1.632272089903776E-4;7.333085898211626E-4;9.99641699853581E-7;6.404847176919015E-5;13;1.2748169171855945E-4;2726;0.005995093657072549;38122;0.4280508045197106;24;1.310053416435263E-4;3178;0.03615143445961937;3568887x116528-NZ-JBTKTJ010000011_21808_aligned_208682_R_209_2995_8;0.9221064467357856;0.024411242434337385;0.9221877894325672;0.024421888543651602;
28;10;Mycoplasma sp. 888;species;3108483;0;0;3;3;1;3.0;3;1;0;;8.428860418071477E-6;2.999991571123246;1.0000028096334785;355920;2683645;;;;;;0.0;8.428860418071477E-6;0.0;2.8096201393571587E-6;0.0;0;0.0;3;8.428860418071477E-6;0;0.0;1;2.8096201393571587E-6;0;0.0;3400998x79860-NZ-JBLWID010000016_12165_aligned_21_F_23_2551_339;;;;;
29;10;Mycoplasma sp. 4463;species;3400998;2;363;17;17;3;5.666666666666667;10;2;6043;3021.5;1.3455541308511818E-4;16.99892359922123;1.000063321702253;126342;2683645;0.9381264424043287;0.01917424201522638;0.9386551699334088;0.018426508372796236;3.785938897200183;1.5830048598249197E-5;1.3455541308511818E-4;0.04783049183960995;1.5830048598249197E-5;0.002873153820582229;2;1.5830048598249197E-5;17;1.3455541308511818E-4;6043;0.04783049183960995;2;1.5830048598249197E-5;363;0.002873153820582229;3400998x115488-NZ-JBLWID010000030_1608_aligned_12879_R_15_2972_193;0.9381264424043287;0.01917424201522638;0.9386551699334088;0.018426508372796236;
30;10;Mycoplasma sp. Z473B;species;3401667;1;184;144;144;6;24.0;58;1;2609;2609.0;9.339672203449192E-4;143.93324184022862;1.0004638133548434;154181;2683645;0.9286545172547499;;0.9286545172547499;;20.02997753368685;6.485883474617495E-6;9.339672203449192E-4;0.016921669985277044;6.485883474617495E-6;0.0011934025593296192;1;6.485883474617495E-6;144;9.339672203449192E-4;2609;0.016921669985277044;1;6.485883474617495E-6;184;0.0011934025593296192;3401667x161349-NZ-JBLVZQ010000010_12139_aligned_13290_R_4_2410_243;0.9286545172547499;;0.9286545172547499;;
31;10;Mycoplasma sp. MV126;species;3401676;1;200;1;1;1;1.0;1;1;3373;3373.0;1.8170255292086855E-5;0.9999999999979331;1.000000000002067;55035;2683645;0.9401734968591086;;0.9401734968591086;;;1.8170255292086855E-5;1.8170255292086855E-5;0.06128827110020896;1.8170255292086855E-5;0.003634051058417371;1;1.8170255292086855E-5;1;1.8170255292086855E-5;3373;0.06128827110020896;1;1.8170255292086855E-5;200;0.003634051058417371;3401676x107903-NZ-JBLVZZ010000009_15770_aligned_85406_R_20_2999_377;0.9401734968591086;;0.9401734968591086;;
32;10;Mycoplasma sp. 6243;species;3440865;1;18;1;1;1;1.0;1;1;383;383.0;4.52108180445417E-6;1.0000000000073017;0.9999999999926983;221186;2683645;0.9490084985835694;;0.9490084985835694;;;4.52108180445417E-6;4.52108180445417E-6;0.001731574331105947;4.52108180445417E-6;8.137947248017506E-5;1;4.52108180445417E-6;1;4.52108180445417E-6;383;0.001731574331105947;1;4.52108180445417E-6;18;8.137947248017506E-5;596780x105845-NZ-CP166118_878753_aligned_670679_R_85_44_254;0.9490084985835694;;0.9490084985835694;;
33;10;Mycoplasma sp. 4013;species;3453137;1;226;20;20;5;4.0;9;1;3185;3185.0;5.600985773496135E-4;19.99467995746219;1.0002660729028485;35708;2683645;0.9283676703645007;;0.9283676703645007;;3.0;2.8004928867480675E-5;5.600985773496135E-4;0.08919569844292595;2.8004928867480675E-5;0.006329113924050633;1;2.8004928867480675E-5;20;5.600985773496135E-4;3185;0.08919569844292595;1;2.8004928867480675E-5;226;0.006329113924050633;3453137x191622-NZ-JBTHHK010000001_95693_aligned_33984_R_6_2784_421;0.9283676703645007;;0.9283676703645007;;
34;10;Mycoplasma sp. 332;species;3458236;1;416;90;90;6;15.0;31;1;4605;4605.0;0.0012754740511890252;89.94326499240546;1.0006307866141988;70562;2683645;0.9090710382513661;;0.9090710382513661;;11.983321743156194;1.4171933902100281E-5;0.0012754740511890252;0.06526175561917179;1.4171933902100281E-5;0.005895524503273717;1;1.4171933902100281E-5;90;0.0012754740511890252;4605;0.06526175561917179;1;1.4171933902100281E-5;416;0.005895524503273717;3458236x95526-NZ-CP198998_435678_aligned_441203_R_7_4552_133;0.9090710382513661;;0.9090710382513661;;
35;10;Mycoplasma sp. 773;species;3458462;1;141;1;1;1;1.0;1;1;2133;2133.0;2.2378373539811128E-5;0.9999999999994924;1.0000000000005076;44686;2683645;0.9329529243937232;;0.9329529243937232;;;2.2378373539811128E-5;2.2378373539811128E-5;0.047733070760417134;2.2378373539811128E-5;0.003155350669113369;1;2.2378373539811128E-5;1;2.2378373539811128E-5;2133;0.047733070760417134;1;2.2378373539811128E-5;141;0.003155350669113369;3458462x162172-NZ-JBSQAV010000015_2798_aligned_34859_R_25_1915_242;0.9329529243937232;;0.9329529243937232;;
36;10;Mycoplasma sp. VS1572C;species;3568892;1;733;163;163;11;14.818181818181818;31;1;5521;5521.0;0.0028742726150590724;162.76740408469422;1.001429007955332;56710;2683645;0.8665088326352213;;0.8665088326352213;;12.488540201466156;1.7633574325515784E-5;0.0028742726150590724;0.09735496385117264;1.7633574325515784E-5;0.012925409980603068;1;1.7633574325515784E-5;163;0.0028742726150590724;5521;0.09735496385117264;1;1.7633574325515784E-5;733;0.012925409980603068;3568892x85656-NZ-JBTKTE010000004_1094_aligned_228125_R_9_5352_217;0.8665088326352213;;0.8665088326352213;;
37;9;Mycoplasma bradburyae;species;2963128;1;620;609;609;43;14.162790697674419;68;1;8475;8475.0;3.761704367097873E-4;608.8856584459579;1.000187788220097;1618947;2093;0.9265837773830669;;0.9265837773830669;;16.441715575760245;6.176854461572861E-7;3.761704367097873E-4;0.005234884156183;6.176854461572861E-7;3.8296497661751745E-4;1;6.176854461572861E-7;609;3.761704367097873E-4;8475;0.005234884156183;1;6.176854461572861E-7;620;3.8296497661751745E-4;2963128x231814-NZ-JAJHZN010000020_31731_aligned_203374_R_21_8248_315;0.9265837773830669;;0.9265837773830669;;
38;9;Mycoplasma phocimorsus;species;3045839;1;385;385;385;23;16.73913043478261;81;1;4143;4143.0;2.9845308278778434E-4;384.942702654337;1.0001488464264108;1289985;2093;0.9063943593484075;;0.9063943593484075;;20.978814836323785;7.752028124358035E-7;2.9845308278778434E-4;0.003211665251921534;7.752028124358035E-7;2.9845308278778434E-4;1;7.752028124358035E-7;385;2.9845308278778434E-4;4143;0.003211665251921534;1;7.752028124358035E-7;385;2.9845308278778434E-4;3045839x161162-NZ-JASEJT010000004_4645_aligned_119277_R_20_3929_247;0.9063943593484075;;0.9063943593484075;;
39;5;Mycoplasmoidales;order;2790996;0;0;0;0;0;;0;0;0;;0.0;0.0;;51948;544448;;;;;;0.0;0.0;0.0;0.0;0.0;66;5.051781922634745E-5;8846;0.00740709409349432;132011;0.10367696751839822;73;1.3038505233095078E-4;9409;0.007183324279472882;;0.9325604023685578;0.02873696980547476;0.9325604023685578;0.02873696980547476;
40;6;Mycoplasmoidaceae;family;2790998;0;0;0;0;0;;0;0;0;;0.0;0.0;;2088;2790996;;;;;;0.0;0.0;0.0;0.0;0.0;47;4.085832142705771E-5;4827;0.005250323747018752;80340;0.08038341514226686;49;8.653084940148109E-5;5343;0.0054140733666531065;;0.9354067006305986;0.02973312977233288;0.9354067006305986;0.02973312977233288;
41;7;Malacoplasma;genus;2791001;0;0;0;0;0;;0;0;0;;0.0;0.0;;3325;2790998;;;;;;0.0;0.0;0.0;0.0;0.0;17;9.790810690643786E-6;259;1.4916588052216122E-4;6125;0.0035275714988348937;17;9.790810690643786E-6;259;1.4916588052216122E-4;;0.9464395297726467;0.027656733769792396;0.9464395297726467;0.027656733769792396;
42;8;Malacoplasma iowae;species;2116;17;259;259;259;17;15.235294117647058;17;17;6125;360.29411764705884;1.4916588052216122E-4;258.9807585652131;1.000074296773604;1736322;2791001;0.9464395297726467;0.027656733769792396;0.9464395297726467;0.027656733769792396;0.7524469885568231;9.790810690643786E-6;1.4916588052216122E-4;0.0035275714988348937;9.790810690643786E-6;1.4916588052216122E-4;17;9.790810690643786E-6;259;1.4916588052216122E-4;6125;0.0035275714988348937;17;9.790810690643786E-6;259;1.4916588052216122E-4;2116x149700-NZ-CP129194_579835_aligned_788865_R_222_45_173;0.9464395297726467;0.027656733769792396;0.9464395297726467;0.027656733769792396;
43;7;Mycoplasmoides;genus;2995234;0;0;17;17;2;8.5;13;2;0;;3.8821648778259875E-4;16.99689462271137;1.0001827026264245;43790;2790998;;;;;6.363961030678928;0.0;3.8821648778259875E-4;0.0;4.567252797442338E-5;0.0;30;3.106751073641392E-5;4568;0.00510115786649659;74215;0.07685584364343197;32;7.67400387108373E-5;5084;0.0052649074861309455;2104x87974-NZ-BLHQ01000003_9016_aligned_162309_R_37_1151_438;0.9291547641167714;0.029470322762213418;0.9291547641167714;0.029470322762213418;
44;8;Mycoplasmoides pneumoniae;species;2104;30;5084;4551;4492;371;12.266846361185983;98;30;74215;2473.8333333333335;0.0046518419409323775;4540.2948752508255;0.989363053154525;965639;2995234;0.9291547641167714;0.029470322762213418;0.9291547641167714;0.029470322762213418;12.100098526541302;3.106751073641392E-5;0.004712941378713992;0.07685584364343197;3.106751073641392E-5;0.0052649074861309455;30;3.106751073641392E-5;4551;0.004712941378713992;74215;0.07685584364343197;30;3.106751073641392E-5;5084;0.0052649074861309455;2104x164293-NZ-JBLTYZ010000013_12512_aligned_123107_F_24_4167_367;0.9291547641167714;0.029470322762213418;0.9291547641167714;0.029470322762213418;
45;6;Metamycoplasmataceae;family;2895623;0;0;12;12;1;12.0;12;1;0;;9.411986164380338E-5;11.999482354374688;1.0000431389963353;127497;2790996;;;;;;0.0;9.411986164380338E-5;0.0;7.843321803650282E-6;0.0;19;9.659497799289738E-6;4019;0.0021567703464755684;51671;0.02329355237613136;24;4.385420292946969E-5;4066;0.0017692509128197755;92402x76180-NZ-JAXIHL010000005_27480_aligned_22391_R_47_2704_456;0.9255195592992992;0.025482561036386634;0.9255195592992992;0.025482561036386634;
46;7;Metamycoplasma;genus;2895509;0;0;28;28;6;4.666666666666667;13;2;0;;3.464746207340312E-4;27.995323094249077;1.0001670602527135;80814;2895623;;;;;4.226897995772629;0.0;3.464746207340312E-4;0.0;2.4748187195287945E-5;0.0;19;9.659497799289738E-6;4007;0.002062650484831765;51671;0.02329355237613136;23;3.6010881125819405E-5;4066;0.0017692509128197755;92402x76180-NZ-JAXIHL010000005_27480_aligned_22391_R_47_2704_456;0.9255195592992992;0.025482561036386634;0.9255195592992992;0.025482561036386634;
47;8;Metamycoplasma hominis;species;2098;3;598;594;594;44;13.5;75;4;8038;2679.3333333333335;1.784730816622514E-4;593.9470858459144;1.0000890890036276;3328233;2895509;0.929656217474725;0.023142243812236764;0.929656217474725;0.023142243812236764;15.063431771817006;9.01379200314401E-7;1.784730816622514E-4;0.0024150953373757184;1.2018389337525347E-6;1.7967492059600394E-4;3;9.01379200314401E-7;594;1.784730816622514E-4;8038;0.0024150953373757184;4;1.2018389337525347E-6;598;1.7967492059600394E-4;2098x80217-NZ-JVJC01000039_18451_aligned_21566_R_12_3448_191;0.929656217474725;0.023142243812236764;0.929656217474725;0.023142243812236764;
48;8;Metamycoplasma hyosynoviae;species;29559;12;2807;2801;2801;191;14.664921465968586;67;12;34425;2868.75;0.001172346190774753;2799.3593557698014;1.000586078463566;2389226;2895509;0.9203039524189083;0.0267477395805016;0.9203039524189083;0.0267477395805016;12.565314617675451;5.022547050802227E-6;0.001172346190774753;0.014408431851988887;5.022547050802227E-6;0.0011748574643001542;12;5.022547050802227E-6;2801;0.001172346190774753;34425;0.014408431851988887;12;5.022547050802227E-6;2807;0.0011748574643001542;29559x75407-NZ-JAQRAV010000032_77_aligned_10045_F_27_2818_235;0.9203039524189083;0.0267477395805016;0.9203039524189083;0.0267477395805016;
49;8;Metamycoplasma alkalescens;species;45363;1;17;1;1;1;1.0;1;1;417;417.0;1.1079669471300332E-6;0.9999999999531761;1.0000000000468239;902554;2895509;0.9560723514211886;;0.9560723514211886;;;1.1079669471300332E-6;1.1079669471300332E-6;4.6202221695322386E-4;1.1079669471300332E-6;1.8835438101210564E-5;1;1.1079669471300332E-6;1;1.1079669471300332E-6;417;4.6202221695322386E-4;1;1.1079669471300332E-6;17;1.8835438101210564E-5;596780x105845-NZ-CP166118_859793_aligned_1103727_R_13_45_359;0.9560723514211886;;0.9560723514211886;;
50;8;Metamycoplasma equirhinis;species;92402;2;592;530;530;42;12.619047619047619;56;2;7497;3748.5;2.81559948362968E-4;529.9255343856737;1.0001405209024559;1882370;2895509;0.918661217160375;0.015184313421181699;0.918661217160375;0.015184313421181699;12.51331462775898;1.0624903711810113E-6;2.81559948362968E-4;0.003982745156372021;1.0624903711810113E-6;3.144971498695793E-4;2;1.0624903711810113E-6;530;2.81559948362968E-4;7497;0.003982745156372021;2;1.0624903711810113E-6;592;3.144971498695793E-4;92402x241078-NZ-JAXIHT010000001_46823_aligned_117158_R_22_4163_246;0.918661217160375;0.015184313421181699;0.918661217160375;0.015184313421181699;
51;8;Metamycoplasma subdolum;species;92407;1;52;52;52;4;13.0;19;1;1294;1294.0;8.138593995282745E-5;51.99792471342918;1.0000399109499516;638931;2895509;0.9588607594936709;;0.9588607594936709;;8.286535263104035;1.5651142298620664E-6;8.138593995282745E-5;0.002025257813441514;1.5651142298620664E-6;8.138593995282745E-5;1;1.5651142298620664E-6;52;8.138593995282745E-5;1294;0.002025257813441514;1;1.5651142298620664E-6;52;8.138593995282745E-5;92407x45736-NZ-REFI01000002_1317_aligned_123199_R_20_1118_207;0.9588607594936709;;0.9588607594936709;;
52;8;[Mycoplasma] phocae;species;142651;0;0;1;1;1;1.0;1;1;0;;1.3027363978035863E-6;0.9999999999641701;1.00000000003583;767615;2895509;;;;;;0.0;1.3027363978035863E-6;0.0;1.3027363978035863E-6;0.0;0;0.0;1;1.3027363978035863E-6;0;0.0;1;1.3027363978035863E-6;0;0.0;1188251x23455-NZ-LAUV01000012_13935_aligned_272978_R_21_2671_386;;;;;
53;3;Pseudomonadati;kingdom;3379134;922;19795;31611;6626;6084;5.195759368836292;113;5083;407568;442.0477223427332;0.014807597329894765;30520.313664643836;0.2171013074376057;447473;2;0.9465771248578803;0.03525152667673334;0.9465887554518848;0.03525378034764808;6.638202502648638;0.002060459513758372;0.07064336842669837;0.9108214350363039;0.011359344586153801;0.0442373059380119;994665;4.931911028183755;17300646;57.21498693125504;374460927;1935.379335111734;1068185;7.897326712148154;17946985;104.32949353794649;139x130186-NZ-CP147143_3343_aligned_138165_R_22_658_230;0.9425066503946316;0.03869929435076618;0.942521107067958;0.03868769696899493;
54;4;Pseudomonadota;phylum;1224;53;1579;5564;2925;972;5.724279835390947;104;721;36876;695.7735849056604;0.0072070607019307535;5526.040819373948;0.5293120509977299;405852;3379134;0.9531463681831147;0.03193444247076636;0.9531463681831147;0.03193444247076636;7.118542170432028;1.305894759666085E-4;0.013709431024117166;0.09086070784423879;0.0017765096636212215;0.0038905808028542425;89104;0.472693244520785;2659977;6.735776765669262;52204645;323.86987361053457;105060;0.5241373263370521;3277413;24.102395620271384;119857x27903-NZ-MQVE01000019_21418_aligned_121182_R_57_1250_3;0.9319670818807446;0.04445605498822876;0.9320040786792161;0.04444058518621397;
55;5;Gammaproteobacteria;class;1236;6;149;11251;11054;919;12.24265505984766;77;211;3511;585.1666666666666;0.02600965656147352;11103.393479300099;0.9955514969912412;424996;1224;0.9661990795756773;0.060513406949772884;0.9661990795756773;0.060513406949772884;12.392232084522147;1.4117779932046418E-5;0.026473190335909044;0.008261254223569162;4.964752609436324E-4;3.5059153497915275E-4;329;0.002727336371408849;80295;0.12319130379836239;1043649;13.84003454985157;1283;0.017221793564121235;83272;1.2485610920086656;263x71424-NZ-JAIQZY010000033_18149_aligned_225229_R_14_8651_270;0.9240805287518601;0.03185092567126324;0.9244558692282302;0.03173342140473754;
56;6;Thiotrichales;order;72273;0;0;12;12;3;4.0;8;3;0;;4.1285350581435354E-4;11.997729566103203;1.0001892386292164;29066;1236;;;;;3.4641016151377544;0.0;4.1285350581435354E-4;0.0;1.0321337645358838E-4;0.0;323;0.0027132185914768027;69044;0.09671811346245336;1040138;13.831773295628;1072;0.016725318303177604;83123;1.2482105004736863;263x75243-NZ-VJGG01000057_6307_aligned_32775_R_30_5432_266;0.9232981408108604;0.030705928705269583;0.9236804535561414;0.03059151555779541;
57;7;Francisellaceae;family;34064;1;1;1936;1909;279;6.939068100358423;53;137;428;428.0;0.00215404648181811;1933.888020915183;0.9871305780655256;886239;72273;0.9974874371859297;;0.9974874371859297;;6.556880113764542;1.1283637935139393E-6;0.0021845123042429863;4.82939703623966E-4;1.5458583971140967E-4;1.1283637935139393E-6;323;0.0027132185914768027;69032;0.09630525995663901;1040138;13.831773295628;1069;0.016622104926724016;83123;1.2482105004736863;263x142180-NZ-VIZB01000006_41048_aligned_21427_R_238_3705_195;0.9232981408108604;0.030705928705269583;0.9236804535561414;0.03059151555779541;
58;8;Francisella;genus;262;27;1056;39055;38314;3456;11.300636574074074;113;314;17919;663.6666666666666;0.0039551458342602505;38976.379883054135;0.9830056078824776;9687127;34064;0.9478617660210205;0.041080570647105734;0.9478617660210205;0.041080570647105734;11.235006263046358;2.787204090542015E-6;0.0040316391020784595;0.0018497744480897175;3.241415127519232E-5;1.0901064887453215E-4;322;0.002712090227683289;67096;0.09412074765239602;1039710;13.831290355924377;932;0.016467519087012605;83122;1.2482093721098928;119857x80484-NZ-PKBP01000012_18334_aligned_119949_R_19_2843_299;0.923067739269323;0.03047279883715889;0.9234512393212662;0.030360059274310524;
59;9;Francisella tularensis;species;263;67;12768;22629;22213;2108;10.73481973434535;119;266;168551;2515.686567164179;0.011005982363078008;22502.61903286778;0.9871295411238684;2018266;262;0.9285984167429552;0.03414888478576263;0.9288832340227484;0.03414708871124448;10.993003000323244;3.319681350228364E-5;0.011212099891689203;0.08351277780034941;1.3179630435235E-4;0.0063262226089128;271;0.0026823091035222384;24926;0.08739884380289349;954323;13.760984019480178;505;0.016315833855551496;76567;1.2424098436386355;263x195198-NZ-JACTRF010000007_24337_aligned_123570_R_283_8608_234;0.9210624980121414;0.027312024991253618;0.9214260143546145;0.027277261476522124;
60;10;Francisella tularensis subsp. novicida;subspecies;264;9;3163;190;190;29;6.551724137931035;34;20;36160;4017.777777777778;1.9368445947254626E-4;189.9816979968939;1.0000963356117936;980977;263;0.9132854024154583;0.02663978031053245;0.9138930344788783;0.026189475724519712;8.462464209236623;9.174527027646927E-6;1.9368445947254626E-4;0.03686121081330143;2.0387837839215395E-5;0.0032243365542719148;13;3.5091955952228584E-5;232;5.049171307886981E-4;50728;0.13297113293368534;32;1.1652263453993136E-4;4378;0.010832116309102982;264x84432-NZ-JACTTQ010000083_1967_aligned_214339_R_12_1840_202;0.9133520365840571;0.028591595646650682;0.9139045981900481;0.028410033169116305;
61;11;Francisella cf. novicida Fx1;strain;984129;0;0;3;3;3;1.0;1;3;0;;2.4443303756935786E-5;2.9999755567808304;1.0000081478061094;122733;264;;;;;0.0;0.0;2.4443303756935786E-5;0.0;2.4443303756935786E-5;0.0;0;0.0;3;2.4443303756935786E-5;0;0.0;3;2.4443303756935786E-5;0;0.0;119857x230026-NZ-JAMKVN010000031_9336_aligned_415001_R_330_12882_10;;;;;
62;11;Francisella tularensis subsp. novicida FSC159;strain;1088879;0;0;3;3;1;3.0;3;1;0;;5.95699052838506E-5;2.9999404304908586;1.0000198568973357;50361;264;;;;;;0.0;5.95699052838506E-5;0.0;1.9856635094616865E-5;0.0;0;0.0;3;5.95699052838506E-5;0;0.0;1;1.9856635094616865E-5;0;0.0;119857x83991-NZ-JAACKK010000040_3231_aligned_9777_F_24_4792_565;;;;;
63;11;Francisella tularensis subsp. novicida FSC595;strain;1088885;2;476;15;15;4;3.75;9;4;8138;4069.0;1.1228385358185493E-4;14.999214038494875;1.0000524001793099;133590;264;0.9432892029931672;0.01571423957283375;0.9441465091467203;0.014501825583377653;3.593976442141304;1.4971180477580657E-5;1.1228385358185493E-4;0.060917733363275696;2.9942360955161315E-5;0.0035631409536641965;2;1.4971180477580657E-5;15;1.1228385358185493E-4;8138;0.060917733363275696;4;2.9942360955161315E-5;476;0.0035631409536641965;119857x83991-NZ-JAACKK010000040_3231_aligned_9777_F_24_4792_565;0.9432892029931672;0.01571423957283375;0.9441465091467203;0.014501825583377653;
64;11;Francisella tularensis subsp. novicida PA10-7858;strain;1386968;2;739;21;21;4;5.25;16;4;6430;3215.0;1.1493560869351052E-4;20.998850683748405;1.0000547323407794;182711;264;0.8837147239336409;0.01833420807288625;0.8837147239336409;0.01833420807288625;7.22841614740048;1.0946248447001E-5;1.1493560869351052E-4;0.03519218875710822;2.1892496894002E-5;0.00404463880116687;2;1.0946248447001E-5;21;1.1493560869351052E-4;6430;0.03519218875710822;4;2.1892496894002E-5;739;0.00404463880116687;263x4822-NZ-VJCE01000013_20624_aligned_422236_R_5_2801_369;0.8837147239336409;0.01833420807288625;0.8837147239336409;0.01833420807288625;
65;10;Francisella tularensis subsp. tularensis;subspecies;119856;0;0;1;1;1;1.0;1;1;0;;5.651952749675013E-5;0.99999999999992;1.0000000000000802;17693;263;;;;;;0.0;5.651952749675013E-5;0.0;5.651952749675013E-5;0.0;2;0.0017269854150882987;31;0.06619170608695442;11958;9.970818764799676;6;0.015011671924232634;1104;0.8797912908962382;1210519x27248-NZ-AMPX01000051_34469_aligned_152600_R_222_6401_2;0.9068952257905747;0.016298606839633894;0.9081297936918091;0.014552664170052486;
66;11;Francisella tularensis subsp. tularensis SCHU S4;strain;177416;0;0;4;4;1;4.0;4;1;0;;0.04938271604938271;3.9265337074106257;1.0187102156924617;81;119856;;;;;;0.0;0.04938271604938271;0.0;0.012345679012345678;0.0;1;5.293806246691371E-4;23;0.059440947918096315;6510;3.4462678665960826;3;0.013404440261683952;662;0.35044997353096874;263x180542-NZ-VJDL01000081_1693_aligned_131228_R_139_3755_110;0.8953703703703704;;0.8978395061728395;;
67;12;Francisella tularensis subsp. tularensis str. SCHU S4 substr. NR-28534;no rank;1341656;1;662;19;19;2;9.5;18;2;6510;6510.0;0.010058231868713605;18.909746895353035;1.0047728351493241;1889;177416;0.8953703703703704;;0.8978395061728395;;12.020815280171307;5.293806246691371E-4;0.010058231868713605;3.4462678665960826;0.0010587612493382743;0.35044997353096874;1;5.293806246691371E-4;19;0.010058231868713605;6510;3.4462678665960826;2;0.0010587612493382743;662;0.35044997353096874;119857x3916-NZ-JAACKU010000008_40908_aligned_265070_R_8_6393_198;0.8953703703703704;;0.8978395061728395;;
68;11;Francisella tularensis subsp. tularensis WY-00W4114;strain;1133671;0;0;2;2;1;2.0;2;1;0;;7.062146892655367E-4;1.9996468926555035;1.0001765848489517;2832;119856;;;;;;0.0;7.062146892655367E-4;0.0;3.5310734463276836E-4;0.0;0;0.0;2;7.062146892655367E-4;0;0.0;1;3.5310734463276836E-4;0;0.0;263x96996-NZ-VJKD01000086_2313_aligned_17_F_24_2787_271;;;;;
69;11;Francisella tularensis subsp. tularensis AS_713;strain;1210522;1;442;5;5;1;5.0;5;1;5448;5448.0;0.005988023952095809;4.988038286082007;1.0023980798125325;835;119856;0.9184200812107789;;0.9184200812107789;;;0.0011976047904191617;0.005988023952095809;6.524550898203593;0.0011976047904191617;0.5293413173652695;1;0.0011976047904191617;5;0.005988023952095809;5448;6.524550898203593;1;0.0011976047904191617;442;0.5293413173652695;119857x149948-NZ-JADPLG020000016_21228_aligned_124271_R_14_5333_179;0.9184200812107789;;0.9184200812107789;;
70;10;Francisella tularensis subsp. holarctica;subspecies;119857;186;57097;1994;1980;410;4.863414634146341;31;197;711326;3824.3333333333335;3.403856190857999E-4;1993.6584460554936;0.9931490541509167;5816932;263;0.9194747031248905;0.023920105189745307;0.9198453241513084;0.023904751652937165;5.892756155555037;3.197561876260544E-5;3.4279238608943686E-4;0.12228542468779074;3.386664997974877E-5;0.009815655400475715;189;8.870349189794274E-4;2032;0.009156286609001162;723086;3.573681343946469;200;8.889259501965707E-4;58317;0.3454602138243813;119857x188807-NZ-MRKM01000003_7737_aligned_33793_R_19_2878_365;0.9190713021816848;0.024038530063535846;0.9194404965435032;0.024021084024643015;
71;11;Francisella tularensis subsp. holarctica OSU18;strain;393011;1;412;16;16;1;16.0;16;1;3941;3941.0;0.007547169811320755;15.94352063512019;1.0035424650660532;2120;119857;0.8946560981846076;;0.8946560981846076;;;4.716981132075472E-4;0.007547169811320755;1.8589622641509433;4.716981132075472E-4;0.19433962264150945;1;4.716981132075472E-4;16;0.007547169811320755;3941;1.8589622641509433;1;4.716981132075472E-4;412;0.19433962264150945;263x69370-NZ-JACTPJ010000076_2549_aligned_130843_R_15_3832_186;0.8946560981846076;;0.8946560981846076;;
72;11;Francisella tularensis subsp. holarctica F92;strain;1232394;1;358;1;1;1;1.0;1;1;4227;4227.0;3.3921302578018993E-4;1.0000000000000773;0.9999999999999227;2948;119857;0.9147009768882535;;0.9147009768882535;;;3.3921302578018993E-4;3.3921302578018993E-4;1.433853459972863;3.3921302578018993E-4;0.12143826322930801;1;3.3921302578018993E-4;1;3.3921302578018993E-4;4227;1.433853459972863;1;3.3921302578018993E-4;358;0.12143826322930801;263x210827-NZ-VJGW01000081_4711_aligned_118679_R_8_4102_213;0.9147009768882535;;0.9147009768882535;;
73;11;Francisella tularensis subsp. holarctica PHIT-FT049;strain;1432652;1;450;21;21;1;21.0;21;1;3592;3592.0;9.27111385810781E-4;20.990731477886488;1.0004415530789519;22651;119857;0.8728242560359348;;0.8736664795058956;;;4.414816122908481E-5;9.27111385810781E-4;0.15858019513487262;4.414816122908481E-5;0.019866672553088164;1;4.414816122908481E-5;21;9.27111385810781E-4;3592;0.15858019513487262;1;4.414816122908481E-5;450;0.019866672553088164;119857x189615-NZ-JAMKUO010000043_5427_aligned_11_F_237_3262_117;0.8728242560359348;;0.8736664795058956;;
74;10;Francisella tularensis subsp. mediasiatica;subspecies;135248;0;0;2;2;1;2.0;2;1;0;;3.3383408446002337E-4;1.9998330829584394;1.0000834654866864;5991;263;;;;;;0.0;3.3383408446002337E-4;0.0;1.6691704223001168E-4;0.0;0;0.0;2;3.3383408446002337E-4;0;0.0;1;1.6691704223001168E-4;0;0.0;263x177335-NZ-VJLD01000080_2663_aligned_12334_R_22_3991_234;;;;;
75;9;Francisella persica;species;954;0;0;0;0;0;;0;0;0;;;0.0;;0;262;;;;;;;;;;;0;0.0;24;2.1449810571360393E-5;0;0.0;7;6.256194749980114E-6;0;0.0;;;;;;
76;10;Francisella persica ATCC VR-331;strain;1086726;0;0;24;24;7;3.4285714285714284;9;7;0;;2.1449810571360393E-5;23.999753327731767;1.000010278116815;1118891;954;;;;;3.04724700110022;0.0;2.1449810571360393E-5;0.0;6.256194749980114E-6;0.0;0;0.0;24;2.1449810571360393E-5;0;0.0;7;6.256194749980114E-6;0;0.0;119857x72039-NZ-JAMKUM010000021_13719_aligned_120638_R_27_2262_289;;;;;
77;9;Francisella philomiragia;species;28110;5;1078;478;478;63;7.587301587301587;31;14;15772;3154.4;7.449563881023295E-5;477.98223332686973;1.000037170153808;6416483;262;0.9355060012934032;0.029444679239263135;0.9362870998990749;0.029855696721254432;7.083909346779118;7.792430837890477E-7;7.449563881023295E-5;0.002458044383504172;2.1818806346093336E-6;1.6800480886491867E-4;5;7.792430837890477E-7;478;7.449563881023295E-5;15772;0.002458044383504172;14;2.1818806346093336E-6;1078;1.6800480886491867E-4;28110x25912-NZ-JBGFDI010000020_26046_aligned_119370_R_15_3849_377;0.9355060012934032;0.029444679239263135;0.9362870998990749;0.029855696721254432;
78;9;Francisella orientalis;species;299583;1;144;71;71;11;6.454545454545454;13;5;1702;1702.0;9.829628993805949E-5;70.99655973688701;1.0000484567579857;722306;262;0.9138755980861244;;0.9138755980861244;;3.908033683673578;1.3844547878599928E-6;9.829628993805949E-5;0.002356342048937708;6.922273939299964E-6;1.9936148945183898E-4;1;1.3844547878599928E-6;71;9.829628993805949E-5;1702;0.002356342048937708;5;6.922273939299964E-6;144;1.9936148945183898E-4;299583x149998-NZ-QPQQ01000009_15576_aligned_23479_R_13_1462_248;0.9138755980861244;;0.9138755980861244;;
79;9;Francisella halioticida;species;549298;0;0;1;1;1;1.0;1;1;0;;5.238929225733411E-7;1.0000000000494451;0.9999999999505549;1908787;262;;;;;;0.0;5.238929225733411E-7;0.0;5.238929225733411E-7;0.0;0;0.0;1;5.238929225733411E-7;0;0.0;1;5.238929225733411E-7;0;0.0;263x30010-NZ-VJCA01000077_1722_aligned_121949_F_16_5639_199;;;;;
80;9;Francisella salina;species;573569;0;0;4;4;2;2.0;3;2;0;;1.4448674695313573E-5;3.9999783270542872;1.0000054182657856;276842;262;;;;;1.4142135623730951;0.0;1.4448674695313573E-5;0.0;7.2243373476567865E-6;0.0;0;0.0;4;1.4448674695313573E-5;0;0.0;2;7.2243373476567865E-6;0;0.0;28110x25912-NZ-JBGFDI010000020_26046_aligned_119370_R_15_3849_377;;;;;
81;9;Francisella uliginis;species;573570;0;0;8;8;2;4.0;6;2;0;;4.2839096887578965E-6;7.999985005565735;1.000001874307796;1867453;262;;;;;2.8284271247461903;0.0;4.2839096887578965E-6;0.0;1.0709774221894741E-6;0.0;0;0.0;8;4.2839096887578965E-6;0;0.0;2;1.0709774221894741E-6;0;0.0;263x38227-NZ-VFRS01000087_36920_aligned_421041_R_17_3000_237;;;;;
82;9;Francisella hispaniensis;species;622488;2;511;353;353;59;5.983050847457627;28;33;6940;3470.0;1.7204825149262824E-4;352.9697212285574;1.000085782914572;2051750;262;0.8917729912712218;0.07416765826082901;0.8924391486988061;0.07397928065287435;6.487365772775862;9.747776288534178E-7;1.7204825149262824E-4;0.0033824783721213597;1.6083830876081395E-5;2.4905568417204826E-4;2;9.747776288534178E-7;365;2.0477977931851834E-4;6940;0.0033824783721213597;39;3.244959478902644E-5;511;2.4905568417204826E-4;622488x160568-NZ-JACTTU010000004_45911_aligned_267567_R_9_5617_125;0.8917729912712218;0.07416765826082901;0.8924391486988061;0.07397928065287435;
83;10;Francisella hispaniensis FSC454;strain;1088883;0;0;12;12;6;2.0;3;6;0;;3.2731527825890094E-5;11.99981997806132;1.0000150020532816;366619;622488;;;;;0.8944271909999159;0.0;3.2731527825890094E-5;0.0;1.6365763912945047E-5;0.0;0;0.0;12;3.2731527825890094E-5;0;0.0;6;1.6365763912945047E-5;0;0.0;263x235800-NZ-VJAG01000043_11848_aligned_206437_R_21_2786_195;;;;;
84;9;Candidatus Francisella endociliophora;species;653937;0;0;12;12;5;2.4;5;3;0;;6.395436216715752E-6;11.999964824920369;1.0000029312652283;1876338;262;;;;;1.9493588689617927;0.0;6.395436216715752E-6;0.0;1.598859054178938E-6;0.0;0;0.0;12;6.395436216715752E-6;0;0.0;3;1.598859054178938E-6;0;0.0;263x76024-NZ-VJKN01000088_1574_aligned_233020_R_23_2399_141;;;;;
85;9;Francisella noatunensis;species;657445;8;2334;804;782;76;10.578947368421053;35;9;27526;3440.75;0.001417601461833528;803.4151041135121;0.9733449072542125;551636;262;0.9100884974292;0.031851611262402865;0.91157493616405;0.02977643114565191;8.272465425163547;1.450231674510003E-5;0.001457482832882553;0.04989884634070293;1.6315106338237534E-5;0.004231050910382934;8;1.450231674510003E-5;804;0.001457482832882553;27526;0.04989884634070293;9;1.6315106338237534E-5;2334;0.004231050910382934;657445x23242-NZ-JACVKZ010000058_2578_aligned_16_F_17_2880_309;0.9100884974292;0.031851611262402865;0.91157493616405;0.02977643114565191;
86;9;Francisella frigiditurris;species;1542390;0;0;1;1;1;1.0;1;1;0;;7.084616534503145E-7;1.000000000004663;0.9999999999953371;1411509;262;;;;;;0.0;7.084616534503145E-7;0.0;7.084616534503145E-7;0.0;0;0.0;1;7.084616534503145E-7;0;0.0;1;7.084616534503145E-7;0;0.0;360196x112073-NZ-WBSX01000065_1635_aligned_204665_R_32_5622_207;;;;;
87;9;Francisella salimarina;species;2599927;5;163;34;34;6;5.666666666666667;19;6;2865;573.0;5.412995647314677E-5;33.999106871451666;1.0000262691767672;628118;262;0.937821136311868;0.03816637554447667;0.9391369257855523;0.03675126763391203;7.004760286167305;7.96028771663923E-6;5.412995647314677E-5;0.004561244861634279;9.552345259967076E-6;2.595053795624389E-4;5;7.96028771663923E-6;34;5.412995647314677E-5;2865;0.004561244861634279;6;9.552345259967076E-6;163;2.595053795624389E-4;2599927x232579-NZ-OZ220197_115038_aligned_26760_R_12_304_203;0.937821136311868;0.03816637554447667;0.9391369257855523;0.03675126763391203;
88;9;unclassified Francisella;no rank;2610885;1;578;631;631;40;15.775;49;4;6411;6411.0;2.776760756757518E-4;630.9125401481227;1.0001386243675816;2272432;262;0.9094185864284595;;0.9094185864284595;;13.178240612503084;4.4005717222781586E-7;2.776760756757518E-4;0.0028212065311525275;1.7602286889112634E-6;2.543530455476776E-4;3;1.3928401082665446E-6;1310;7.495545488804349E-4;12663;0.005799605989209594;22;3.199014582612075E-5;1269;5.835395499490584E-4;3087176x38425-NZ-JAWRHS010000068_3664_aligned_204049_R_271_6036_200;0.8942807175918697;0.052299733160222794;0.8947026585201397;0.05282332680806271;
89;10;Francisella sp. TX07-6608;species;573568;0;0;67;67;9;7.444444444444445;21;9;0;;1.6843777732525837E-4;66.99444185621645;1.0000829642523998;397773;2610885;;;;;6.559556218051475;0.0;1.6843777732525837E-4;0.0;2.2625970088467544E-5;0.0;0;0.0;67;1.6843777732525837E-4;0;0.0;9;2.2625970088467544E-5;0;0.0;263x28279-NZ-VJLV01000051_5349_aligned_200969_R_22_5331_264;;;;;
90;10;Francisella sp. LA112445;species;1395624;0;0;10;10;4;2.5;5;4;0;;5.802126595439761E-6;9.999973891124935;1.0000026108943234;1723506;2610885;;;;;1.9148542155126762;0.0;5.802126595439761E-6;0.0;2.320850638175904E-6;0.0;0;0.0;10;5.802126595439761E-6;0;0.0;4;2.320850638175904E-6;0;0.0;119857x105392-NZ-JAMKVV010000022_11235_aligned_68732_R_20_1924_395;;;;;
91;10;Francisella sp. Scap27;species;2589986;0;0;2;2;1;2.0;2;1;0;;1.7064336815880073E-6;1.9999991469116258;1.000000426544369;1172035;2610885;;;;;;0.0;1.7064336815880073E-6;0.0;8.532168407940036E-7;0.0;0;0.0;2;1.7064336815880073E-6;0;0.0;1;8.532168407940036E-7;0;0.0;263x40037-NZ-JPMN01000063_3316_aligned_13180_R_18_3105_253;;;;;
92;10;Francisella sp. XLW-1;species;2610887;0;0;4;4;1;4.0;4;1;0;;1.2002820662855771E-5;3.999981995775621;1.0000045010763543;333255;2610885;;;;;;0.0;1.2002820662855771E-5;0.0;3.000705165713943E-6;0.0;0;0.0;4;1.2002820662855771E-5;0;0.0;1;3.000705165713943E-6;0;0.0;2599927x232579-NZ-OZ220197_248714_aligned_164473_F_18_323_293;;;;;
93;10;Francisella sp. 19X1-34;species;3087177;2;691;596;596;35;17.02857142857143;99;3;6252;3126.0;2.839293149395412E-4;595.9155390361877;1.0001417331119589;2099114;2610885;0.8867117831735747;0.07160161707594535;0.8873446945659798;0.07249668895086499;21.68285540438332;9.527829360387287E-7;2.839293149395412E-4;0.002978399458057066;1.429174404058093E-6;3.2918650440138077E-4;2;9.527829360387287E-7;596;2.839293149395412E-4;6252;0.002978399458057066;3;1.429174404058093E-6;691;3.2918650440138077E-4;3087177x103830-NZ-JAWRHT010000079_6759_aligned_234352_R_419_2669_1;0.8867117831735747;0.07160161707594535;0.8873446945659798;0.07249668895086499;
94;9;Francisella sciaenopsi;species;3055034;0;0;3;3;2;1.5;2;2;0;;3.7155153729448556E-6;2.999996284585435;1.0000012384730554;807425;262;;;;;0.7071067811865476;0.0;3.7155153729448556E-6;0.0;2.4770102486299038E-6;0.0;0;0.0;3;3.7155153729448556E-6;0;0.0;2;2.4770102486299038E-6;0;0.0;119857x161764-NZ-PKAY01000065_3297_aligned_14072_R_33_1361_226;;;;;
95;5;Alphaproteobacteria;class;28211;6;96;786;594;216;3.638888888888889;21;194;2024;337.3333333333333;0.006337622431342424;782.7175959835226;0.7588943995229981;93726;1224;0.9475788068300844;0.016569763090637176;0.9475788068300844;0.016569763090637176;3.942513266016131;6.401638819537802E-5;0.00838614685359452;0.021594861617907517;0.0020698632183172227;0.0010242622111260482;88722;0.4698353186734095;2574118;6.598876030846783;51124120;309.9389783528387;103056;0.5051390231093097;3192562;22.84994394745987;444612x54001-NZ-CM000770_145520_aligned_228650_F_16_396_320;0.9319836749896169;0.044497225789594155;0.9320194392387805;0.04448224286523163;
96;6;Hyphomicrobiales;order;356;2;239;101;92;15;6.733333333333333;17;11;2086;1043.0;9.598631151731405E-4;100.94732999761378;0.9113663531484658;95847;28211;0.8879242146066345;0.021418621173480562;0.8879242146066345;0.021418621173480562;5.16121063686566;2.0866589460285663E-5;0.001053762767744426;0.021763852807077946;1.1476624203157115E-4;0.0024935574405041366;595;0.00566759810577456;30453;0.08660583743629192;604693;4.982462201158593;914;0.006162884423718686;43764;0.3601338513695374;3243557x66169-NZ-JBHIMO010000026_3373_aligned_206007_R_8_2825_201;0.9271586089336513;0.04171937844477293;0.9272440575541058;0.04169962854810273;
97;7;Bartonellaceae;family;772;0;0;0;0;0;;0;0;0;;0.0;0.0;;190;356;;;;;;0.0;0.0;0.0;0.0;0.0;593;0.005646731516314275;30352;0.0855520746685475;602607;4.960698348351515;903;0.006048118181687115;43525;0.35764029392903324;;0.9272909340409937;0.04171802601798537;0.9273766708524108;0.041697935905628834;
98;8;Bartonella;genus;773;23;1108;12381;12342;1059;11.691218130311615;108;127;17986;782.0;3.1827743363482266E-4;12379.023822500481;0.9970091484569902;38777490;772;0.938204358033272;0.03354653828734454;0.938204358033272;0.03354653828734454;11.833039369767866;5.931276108897198E-7;3.192831717576357E-4;4.638257917157609E-4;3.2750959383910612E-6;2.857327795068737E-5;593;0.005646731516314275;30352;0.0855520746685475;602607;4.960698348351515;903;0.006048118181687115;43525;0.35764029392903324;1933912x59330-NZ-CP019786_983226_aligned_18987_R_7_459_169;0.9272909340409937;0.04171802601798537;0.9273766708524108;0.041697935905628834;
99;9;Bartonella bacilliformis;species;774;3;529;453;453;40;11.325;64;3;6974;2324.6666666666665;1.66762687124853E-4;452.9623137469038;1.0000831995332777;2716435;773;0.90869449529451;0.06335926802407983;0.9088783526212244;0.06355073478164708;11.145626945129646;1.10438865645598E-6;1.66762687124853E-4;0.0025673354967080016;1.10438865645598E-6;1.9474053308840447E-4;3;1.10438865645598E-6;453;1.66762687124853E-4;6974;0.0025673354967080016;3;1.10438865645598E-6;529;1.9474053308840447E-4;774x82258-NZ-JBLKQQ010000017_11660_aligned_281368_R_20_1155_398;0.90869449529451;0.06335926802407983;0.9088783526212244;0.06355073478164708;
100;9;Bartonella quintana;species;803;32;578;516;516;39;13.23076923076923;22;33;10135;316.71875;3.375403772864109E-4;515.9130930765406;1.0001684526417836;1528706;773;0.922333765176151;0.04354676422007073;0.922333765176151;0.04354676422007073;6.200430963211724;2.093273657590145E-5;3.375403772864109E-4;0.006629790162398787;2.158688459389837E-5;3.780975544022199E-4;32;2.093273657590145E-5;516;3.375403772864109E-4;10135;0.006629790162398787;33;2.158688459389837E-5;578;3.780975544022199E-4;1134502x179917-NZ-KL446937_607123_aligned_609520_R_7_54_109;0.922333765176151;0.04354676422007073;0.922333765176151;0.04354676422007073;
101;9;Bartonella doshiae;species;33044;0;0;7;7;3;2.3333333333333335;4;3;0;;3.611574166513175E-6;6.9999891647834875;1.0000015478904691;1938213;773;;;;;1.5275252316519468;0.0;3.611574166513175E-6;0.0;1.5478174999342177E-6;0.0;0;0.0;7;3.611574166513175E-6;0;0.0;3;1.5478174999342177E-6;0;0.0;3243456x184171-NZ-JBHIQO010000010_15172_aligned_12537_R_36_8620_368;;;;;
102;9;Bartonella grahamii;species;33045;0;0;1;1;1;1.0;1;1;0;;1.713954676182543E-6;1.000000000001863;0.999999999998137;583446;773;;;;;;0.0;1.713954676182543E-6;0.0;1.713954676182543E-6;0.0;0;0.0;8;8.285064884026758E-6;0;0.0;6;6.407604824642697E-6;0;0.0;3243464x51057-NZ-JBHIQG010000029_179_aligned_155442_R_18_2943_210;;;;;
103;10;Bartonella grahamii subsp. shimonis;subspecies;3004106;0;0;7;7;6;1.1666666666666667;2;5;0;;6.571110207844216E-6;6.999980286878642;1.000002816168125;1065269;33045;;;;;0.4082482904638632;0.0;6.571110207844216E-6;0.0;4.6936501484601545E-6;0.0;0;0.0;7;6.571110207844216E-6;0;0.0;5;4.6936501484601545E-6;0;0.0;3243544x171462-NZ-JBHINE010000034_4879_aligned_84081_R_20_4264_408;;;;;
104;9;Bartonella taylorii;species;33046;0;0;1;1;1;1.0;1;1;0;;4.989494619079528E-7;0.9999999998997068;1.0000000001002933;2004211;773;;;;;;0.0;4.989494619079528E-7;0.0;4.989494619079528E-7;0.0;0;0.0;1;4.989494619079528E-7;0;0.0;1;4.989494619079528E-7;0;0.0;38323x80688-NZ-LOAA01000073_107840_aligned_12720_R_60_6402_270;;;;;
105;9;Bartonella vinsonii;species;33047;0;0;6;6;2;3.0;5;2;0;;4.574241076227441E-6;5.999988564072336;1.0000019059915768;1311693;773;;;;;2.8284271247461903;0.0;4.574241076227441E-6;0.0;1.5247470254091468E-6;0.0;0;0.0;12;1.989541725531336E-5;0;0.0;5;9.185335114952107E-6;0;0.0;3019092x222689-NZ-JAQITB010000036_2562_aligned_208231_R_43_3219_501;;;;;
106;10;Bartonella vinsonii subsp. berkhoffii;subspecies;40933;0;0;2;2;1;2.0;2;1;0;;2.040168885180315E-6;1.9999989798611262;1.0000005100696971;980311;33047;;;;;;0.0;2.040168885180315E-6;0.0;1.0200844425901576E-6;0.0;0;0.0;4;1.3168219362017278E-5;0;0.0;2;6.584109681008639E-6;0;0.0;3019092x222689-NZ-JAQITB010000036_2562_aligned_208231_R_43_3219_501;;;;;
107;11;Bartonella vinsonii subsp. berkhoffii str. Winnie;strain;1094497;0;0;2;2;1;2.0;2;1;0;;1.1128050476836963E-5;1.9999944359863924;1.0000027820145434;179726;40933;;;;;;0.0;1.1128050476836963E-5;0.0;5.5640252384184816E-6;0.0;0;0.0;2;1.1128050476836963E-5;0;0.0;1;5.5640252384184816E-6;0;0.0;3243552x6807-NZ-JBHIMT010000117_18511_aligned_20880_R_252_6392_2;;;;;
108;10;Bartonella vinsonii subsp. arupensis;subspecies;110578;0;0;2;2;1;2.0;2;1;0;;2.1529568170686418E-6;1.9999989234601445;1.0000005382702175;928955;33047;;;;;;0.0;2.1529568170686418E-6;0.0;1.0764784085343209E-6;0.0;0;0.0;2;2.1529568170686418E-6;0;0.0;1;1.0764784085343209E-6;0;0.0;3243471x198575-NZ-JBHIPZ010000034_86529_aligned_22508_R_12_2664_223;;;;;
109;9;Bartonella henselae;species;38323;9;3048;1105;1105;91;12.142857142857142;50;10;35802;3978.0;8.018995949137069E-4;1104.5574694806642;1.0004006405565695;1377978;773;0.9119549688229763;0.017339685097375365;0.9123590225000707;0.017235693704038022;10.843914246731952;6.531308917849197E-6;8.018995949137069E-4;0.025981546875204105;7.257009908721329E-6;0.002211936620178261;9;6.531308917849197E-6;1105;8.018995949137069E-4;35802;0.025981546875204105;10;7.257009908721329E-6;3048;0.002211936620178261;38323x95719-NZ-JAUDYS010000046_1466_aligned_13635_R_207_1892_30;0.9119549688229763;0.017339685097375365;0.9123590225000707;0.017235693704038022;
110;9;Bartonella alsatica;species;52764;0;0;6;6;2;3.0;5;2;0;;5.331347702500135E-6;5.999986671854757;1.0000022213624749;1125419;773;;;;;2.8284271247461903;0.0;5.331347702500135E-6;0.0;1.7771159008333785E-6;0.0;0;0.0;6;5.331347702500135E-6;0;0.0;2;1.7771159008333785E-6;0;0.0;38323x80688-NZ-LOAA01000073_107840_aligned_12720_R_60_6402_270;;;;;
111;9;Bartonella tribocorum;species;85701;0;0;10;10;3;3.3333333333333335;8;3;0;;2.8685070625512386E-6;9.999987093411109;1.0000012906605549;3486134;773;;;;;4.041451884327381;0.0;2.8685070625512386E-6;0.0;8.605521187653716E-7;0.0;0;0.0;10;2.8685070625512386E-6;0;0.0;3;8.605521187653716E-7;0;0.0;3243517x115444-NZ-JBHIOF010000060_2060_aligned_9888_F_6_3350_189;;;;;
112;9;environmental samples;no rank;104107;0;0;0;0;0;;0;0;0;;;0.0;;0;773;;;;;;;;;;;24;2.4982252191672168E-6;850;8.847880984550559E-5;21065;0.002192713093406559;24;2.4982252191672168E-6;1369;1.4250293020999665E-4;;0.9408816918329358;0.02020414618751053;0.9410444273515653;0.020089955378514646;
113;10;uncultured Bartonella sp.;species;104108;24;1369;850;840;74;11.486486486486486;43;24;21065;877.7083333333334;8.743788267085258E-5;849.9624416899737;0.9882789624560757;9606820;104107;0.9408816918329358;0.02020414618751053;0.9410444273515653;0.020089955378514646;8.345687498036538;2.4982252191672168E-6;8.847880984550559E-5;0.002192713093406559;2.4982252191672168E-6;1.4250293020999665E-4;24;2.4982252191672168E-6;850;8.847880984550559E-5;21065;0.002192713093406559;24;2.4982252191672168E-6;1369;1.4250293020999665E-4;104108x90773-NZ-CALYQK010000011_7729_aligned_237178_R_7_1870_250;0.9408816918329358;0.02020414618751053;0.9410444273515653;0.020089955378514646;
114;9;Bartonella birtlesii;species;111504;0;0;9;9;2;4.5;8;2;0;;7.3535719975978335E-6;8.999970585393946;1.0000032683002433;1223895;773;;;;;4.949747468305833;0.0;7.3535719975978335E-6;0.0;1.6341271105772962E-6;0.0;0;0.0;9;7.3535719975978335E-6;0;0.0;2;1.6341271105772962E-6;0;0.0;3243524x197392-NZ-JBHINY010000049_1887_aligned_206938_R_17_3274_258;;;;;
115;9;Bartonella rattimassiliensis;species;270250;0;0;0;0;0;;0;0;0;;;0.0;;0;773;;;;;;;;;;;0;0.0;1;6.755843804891231E-7;0;0.0;1;6.755843804891231E-7;0;0.0;;;;;;
116;10;Bartonella rattimassiliensis 15908;strain;1094556;0;0;1;1;1;1.0;1;1;0;;6.755843804891231E-7;0.9999999999250164;1.0000000000749836;1480200;270250;;;;;;0.0;6.755843804891231E-7;0.0;6.755843804891231E-7;0.0;0;0.0;1;6.755843804891231E-7;0;0.0;1;6.755843804891231E-7;0;0.0;3243456x184171-NZ-JBHIQO010000010_15172_aligned_12537_R_36_8620_368;;;;;
117;9;Bartonella japonica;species;357761;0;0;4;4;2;2.0;3;2;0;;2.740717190874508E-6;3.9999958890205463;1.0000010277459197;1459472;773;;;;;1.4142135623730951;0.0;2.740717190874508E-6;0.0;1.370358595437254E-6;0.0;0;0.0;4;2.740717190874508E-6;0;0.0;2;1.370358595437254E-6;0;0.0;596780x105845-NZ-CP166118_139050_aligned_893988_R_19_68_296;;;;;
118;9;Bartonella rochalimae;species;395923;2;55;7;7;3;2.3333333333333335;5;3;1388;694.0;4.013531334212488E-5;6.9998795951855755;1.0000172009836437;174410;773;0.959366713821202;0.008444610173467154;0.959366713821202;0.008444610173467154;2.3094010767585034;1.1467232383464251E-5;4.013531334212488E-5;0.007958259274124191;1.7200848575196376E-5;3.153488905452669E-4;2;1.1467232383464251E-5;7;4.013531334212488E-5;1388;0.007958259274124191;3;1.7200848575196376E-5;55;3.153488905452669E-4;3243560x178750-NZ-JBHIML010000037_4012_aligned_117639_R_34_3670_389;0.959366713821202;0.008444610173467154;0.959366713821202;0.008444610173467154;
119;9;Bartonella queenslandensis;species;481138;0;0;1;1;1;1.0;1;1;0;;8.468569328366235E-7;0.999999999958274;1.000000000041726;1180837;773;;;;;;0.0;8.468569328366235E-7;0.0;8.468569328366235E-7;0.0;0;0.0;1;8.468569328366235E-7;0;0.0;1;8.468569328366235E-7;0;0.0;3243522x95288-NZ-JBHIOA010000076_3579_aligned_12058_R_17_4234_446;;;;;
120;9;Bartonella rattaustraliani;species;481139;0;0;0;0;0;;0;0;0;;;0.0;;0;773;;;;;;;;;;;0;0.0;6;3.399346758864505E-6;0;0.0;1;5.665577931440841E-7;0;0.0;;;;;;
121;10;Bartonella rattaustraliani AUST/NH4;strain;1205681;0;0;6;6;1;6.0;6;1;0;;3.399346758864505E-6;5.999991501428612;1.0000014164305708;1765045;481139;;;;;;0.0;3.399346758864505E-6;0.0;5.665577931440841E-7;0.0;0;0.0;6;3.399346758864505E-6;0;0.0;1;5.665577931440841E-7;0;0.0;3243500x170040-NZ-JBHIOW010000011_23635_aligned_236065_R_7_1902_117;;;;;
122;9;Bartonella jaculi;species;686226;0;0;7;7;3;2.3333333333333335;4;3;0;;4.8690232739312495E-6;6.999985393354342;1.0000020866680197;1437660;773;;;;;1.5275252316519468;0.0;4.8690232739312495E-6;0.0;2.0867242602562497E-6;0.0;0;0.0;7;4.8690232739312495E-6;0;0.0;3;2.0867242602562497E-6;0;0.0;38323x205765-NZ-JAUDYP010000035_7988_aligned_120379_R_19_2563_368;;;;;
123;9;Bartonella massiliensis;species;929795;1;160;80;80;10;8.0;17;1;2513;2513.0;5.1562804139977546E-5;79.99796330646564;1.0000254593173399;1551506;773;0.9355618203785743;;0.9355618203785743;;5.497474167490214;6.445350517497193E-7;5.1562804139977546E-5;0.0016197165850470447;6.445350517497193E-7;1.0312560827995509E-4;1;6.445350517497193E-7;80;5.1562804139977546E-5;2513;0.0016197165850470447;1;6.445350517497193E-7;160;1.0312560827995509E-4;929795x223750-NZ-CABFVS010000031_12442_aligned_232520_R_9_2398_147;0.9355618203785743;;0.9355618203785743;;
124;9;Bartonella raoultii;species;1457020;0;0;1;1;1;1.0;1;1;0;;3.1192401281508615E-7;1.0000000000840474;0.9999999999159526;3205909;773;;;;;;0.0;3.1192401281508615E-7;0.0;3.1192401281508615E-7;0.0;0;0.0;1;3.1192401281508615E-7;0;0.0;1;3.1192401281508615E-7;0;0.0;33046x45631-NZ-CADDYH010000012_28936_aligned_420390_R_10_3233_117;;;;;
125;9;Bartonella fuyuanensis;species;1460968;1;242;140;140;11;12.727272727272727;39;2;3008;3008.0;1.0031153897963102E-4;139.99302858717712;1.0000497982856236;1395652;773;0.9170584284754869;;0.9187374076561451;;12.506725463452927;7.165109927116502E-7;1.0031153897963102E-4;0.0021552650660766437;1.4330219854233004E-6;1.7339566023621934E-4;1;7.165109927116502E-7;140;1.0031153897963102E-4;3008;0.0021552650660766437;2;1.4330219854233004E-6;242;1.7339566023621934E-4;1460968x53042-NZ-JACIFE010000017_22902_aligned_125947_F_19_2597_398;0.9170584284754869;;0.9187374076561451;;
126;9;Bartonella heixiaziensis;species;1461000;0;0;23;23;2;11.5;22;2;0;;1.359023205025786E-5;22.999850506330542;1.0000064997670057;1692392;773;;;;;14.849242404917497;0.0;1.359023205025786E-5;0.0;1.1817593087180748E-6;0.0;0;0.0;23;1.359023205025786E-5;0;0.0;2;1.1817593087180748E-6;0;0.0;3243522x95288-NZ-JBHIOA010000076_3579_aligned_12058_R_17_4234_446;;;;;
127;9;Bartonella apis;species;1686310;3;767;295;295;29;10.172413793103448;27;6;11228;3742.6666666666665;5.565320544541147E-5;294.99181906972825;1.0000277327361062;5300683;773;0.9332505178298418;0.011618849645502857;0.9332505178298418;0.011618849645502857;7.086551476046731;5.659648011397777E-7;5.565320544541147E-5;0.0021182175957324746;1.1319296022795553E-6;1.4469833415806983E-4;3;5.659648011397777E-7;295;5.565320544541147E-5;11228;0.0021182175957324746;6;1.1319296022795553E-6;767;1.4469833415806983E-4;1686310x88670-NZ-CAMLCQ010000018_30988_aligned_12166_R_34_5434_353;0.9332505178298418;0.011618849645502857;0.9332505178298418;0.011618849645502857;
128;9;Bartonella kosoyi;species;2133959;0;0;1;1;1;1.0;1;1;0;;1.7224333159941713E-6;0.9999999999894449;1.0000000000105551;580574;773;;;;;;0.0;1.7224333159941713E-6;0.0;1.7224333159941713E-6;0.0;0;0.0;1;1.7224333159941713E-6;0;0.0;1;1.7224333159941713E-6;0;0.0;596780x105845-NZ-CP166118_991266_aligned_947451_R_542_34_13;;;;;
129;9;unclassified Bartonella;no rank;2645622;278;18488;10811;7081;1029;10.50631681243926;93;411;267010;960.4676258992806;3.1453150663123566E-4;10808.404862139401;0.6551383011940947;22512848;773;0.9309277528430213;0.039365452947007384;0.9309979249390142;0.039328254829617874;10.46929961258782;1.23485042851975E-5;4.8021467563766254E-4;0.011860338594210738;1.8256241946820766E-5;8.212199540457965E-4;490;0.005596871501544811;13981;0.08309330558644612;480282;4.898110890309282;644;0.0059454382700406564;34501;0.352869635364038;3243522x110170-NZ-JBHIOA010000062_335_aligned_12409_R_14_2623_207;0.9271828395699437;0.04233826802756315;0.9272571473931642;0.042324326238161854;
130;10;Bartonella sp. AR 15-3;species;545617;1;120;99;99;12;8.25;22;3;2432;2432.0;1.2518604036554324E-4;98.99386613430443;1.0000619620784106;790823;2645622;0.9500416319733556;;0.9500416319733556;;6.268608661055063;1.2645054582378105E-6;1.2518604036554324E-4;0.003075277274434355;3.7935163747134314E-6;1.5174065498853726E-4;1;1.2645054582378105E-6;99;1.2518604036554324E-4;2432;0.003075277274434355;3;3.7935163747134314E-6;120;1.5174065498853726E-4;545617x32771-NZ-MUYE01000001_979364_aligned_205961_F_13_2235_180;0.9500416319733556;;0.9500416319733556;;
131;10;Bartonella sp. CR84HXZ;species;1460997;0;0;2;2;1;2.0;2;1;0;;3.5785857429144E-5;1.999982107070787;1.0000089465446464;55888;2645622;;;;;;0.0;3.5785857429144E-5;0.0;1.7892928714572E-5;0.0;0;0.0;2;3.5785857429144E-5;0;0.0;1;1.7892928714572E-5;0;0.0;3243548x161724-NZ-JBHINA010000019_75731_aligned_65700_R_20_12883_203;;;;;
132;10;Bartonella sp. MF74HXZ;species;1461006;0;0;4;4;2;2.0;3;2;0;;4.4648836897798814E-5;3.9999330272562417;1.0000167434662786;89588;2645622;;;;;1.4142135623730951;0.0;4.4648836897798814E-5;0.0;2.2324418448899407E-5;0.0;0;0.0;4;4.4648836897798814E-5;0;0.0;2;2.2324418448899407E-5;0;0.0;3243548x161724-NZ-JBHINA010000019_75731_aligned_65700_R_20_12883_203;;;;;
133;10;Bartonella sp. 220B;species;2967260;1;1;1;1;1;1.0;1;1;268;268.0;8.367836713381509E-7;1.0000000000190492;0.9999999999809508;1195052;2645622;0.9957983193277311;;0.9957983193277311;;;8.367836713381509E-7;8.367836713381509E-7;2.2425802391862445E-4;8.367836713381509E-7;8.367836713381509E-7;1;8.367836713381509E-7;1;8.367836713381509E-7;268;2.2425802391862445E-4;1;8.367836713381509E-7;1;8.367836713381509E-7;596780x105845-NZ-CP166118_968987_aligned_413248_R_16_57_195;0.9957983193277311;;0.9957983193277311;;
134;10;Bartonella sp. A05;species;2967261;0;0;2;2;1;2.0;2;1;0;;1.3736961906030938E-6;1.999999313151638;1.000000343424299;1455926;2645622;;;;;;0.0;1.3736961906030938E-6;0.0;6.868480953015469E-7;0.0;0;0.0;2;1.3736961906030938E-6;0;0.0;1;6.868480953015469E-7;0;0.0;444612x47268-NZ-CM000772_30221_aligned_446063_R_28_2103_323;;;;;
135;10;Bartonella sp. AU18XJBT;species;3019089;2;883;13;13;2;6.5;8;2;12567;6283.5;2.1887364256250528E-5;12.999868676903981;1.0000101018786638;593950;2645622;0.9384511075973265;0.03198490832588454;0.9389268135307638;0.031705432614966195;2.1213203435596424;3.367286808653927E-6;2.1887364256250528E-5;0.02115834666217695;3.367286808653927E-6;0.0014866571260207088;2;3.367286808653927E-6;13;2.1887364256250528E-5;12567;0.02115834666217695;2;3.367286808653927E-6;883;0.0014866571260207088;3243456x184171-NZ-JBHIQO010000010_15172_aligned_12537_R_36_8620_368;0.9384511075973265;0.03198490832588454;0.9389268135307638;0.031705432614966195;
136;10;Bartonella sp. AU55XJBT;species;3019091;0;0;1;1;1;1.0;1;1;0;;1.3115700148863197E-6;1.0000000000317693;0.9999999999682307;762445;2645622;;;;;;0.0;1.3115700148863197E-6;0.0;1.3115700148863197E-6;0.0;0;0.0;1;1.3115700148863197E-6;0;0.0;1;1.3115700148863197E-6;0;0.0;3243450x226966-NZ-JBHIQU010000001_114147_aligned_202416_F_15_3355_347;;;;;
137;10;Bartonella sp. ML70XJBT.G;species;3019093;1;160;8;8;1;8.0;8;1;3507;3507.0;6.300363530975737E-6;7.999977949239964;1.000002756352602;1269768;2645622;0.9488064423353466;;0.9539833189531205;;;7.875454413719672E-7;6.300363530975737E-6;0.002761921862891489;7.875454413719672E-7;1.2600727061951475E-4;1;7.875454413719672E-7;8;6.300363530975737E-6;3507;0.002761921862891489;1;7.875454413719672E-7;160;1.2600727061951475E-4;3243517x115444-NZ-JBHIOF010000060_2060_aligned_9888_F_6_3350_189;0.9488064423353466;;0.9539833189531205;;
138;10;Bartonella sp. B17;species;3239291;0;0;3;3;1;3.0;3;1;0;;2.0809186007070963E-6;2.999997919176234;1.0000006936084032;1441671;2645622;;;;;;0.0;2.0809186007070963E-6;0.0;6.93639533569032E-7;0.0;0;0.0;3;2.0809186007070963E-6;0;0.0;1;6.93639533569032E-7;0;0.0;596780x105845-NZ-CP166118_695801_aligned_75030_R_23_67_214;;;;;
139;10;Bartonella sp. B23;species;3239292;1;657;4;4;1;4.0;4;1;8570;8570.0;3.115696724312249E-6;3.999995326315087;1.0000011684225933;1283822;2645622;0.9224824355971897;;0.9230679156908665;;;7.789241810780623E-7;3.115696724312249E-6;0.006675380231838993;7.789241810780623E-7;5.117531869682869E-4;1;7.789241810780623E-7;4;3.115696724312249E-6;8570;0.006675380231838993;1;7.789241810780623E-7;657;5.117531869682869E-4;3243521x90802-NZ-JBHIOB010000007_11745_aligned_200488_R_21_8265_397;0.9224824355971897;;0.9230679156908665;;
140;10;Bartonella sp. B39;species;3239295;0;0;2;2;1;2.0;2;1;0;;1.5846931320984349E-6;1.999999207570389;1.0000003962149626;1262074;2645622;;;;;;0.0;1.5846931320984349E-6;0.0;7.923465660492174E-7;0.0;0;0.0;2;1.5846931320984349E-6;0;0.0;1;7.923465660492174E-7;0;0.0;3243548x161724-NZ-JBHINA010000019_75731_aligned_65700_R_20_12883_203;;;;;
141;10;Bartonella sp. AA78NXGY;species;3243437;0;0;2;2;1;2.0;2;1;0;;1.0574177857671566E-4;1.9999471291118172;1.0000264361429425;18914;2645622;;;;;;0.0;1.0574177857671566E-4;0.0;5.287088928835783E-5;0.0;0;0.0;2;1.0574177857671566E-4;0;0.0;1;5.287088928835783E-5;0;0.0;1460967x51077-NZ-JBHIRT010000024_8611_aligned_418990_R_21_4734_204;;;;;
142;10;Bartonella sp. AA83SXKL;species;3243439;0;0;3;3;1;3.0;3;1;0;;6.985191394244202E-5;2.999930148625493;1.00002328433365;42948;2645622;;;;;;0.0;6.985191394244202E-5;0.0;2.3283971314147342E-5;0.0;0;0.0;3;6.985191394244202E-5;0;0.0;1;2.3283971314147342E-5;0;0.0;3243544x171462-NZ-JBHINE010000034_4879_aligned_84081_R_20_4264_408;;;;;
143;10;Bartonella sp. AC130YNZD;species;3243445;1;57;3;2;2;1.5;2;2;973;973.0;1.413727292005372E-4;2.9997879459034706;0.6667137931303486;14147;2645622;0.9395546129374337;;0.9395546129374337;;0.7071067811865476;7.06863646002686E-5;2.1205909380080584E-4;0.06877783275606135;1.413727292005372E-4;0.00402912278221531;1;7.06863646002686E-5;3;2.1205909380080584E-4;973;0.06877783275606135;2;1.413727292005372E-4;57;0.00402912278221531;3243542x76561-NZ-JBHING010000075_349_aligned_37662_R_26_530_426;0.9395546129374337;;0.9395546129374337;;
144;10;Bartonella sp. AD13SXNS;species;3243462;1;317;3;3;1;3.0;3;1;3340;3340.0;1.7682736344506858E-5;2.9999823172979854;1.000005894268747;169657;2645622;0.9033232628398792;;0.9042296072507553;;;5.8942454481689525E-6;1.7682736344506858E-5;0.019686779796884303;5.8942454481689525E-6;0.001868475807069558;1;5.8942454481689525E-6;3;1.7682736344506858E-5;3340;0.019686779796884303;1;5.8942454481689525E-6;317;0.001868475807069558;33046x45631-NZ-CADDYH010000012_28936_aligned_420390_R_10_3233_117;0.9033232628398792;;0.9042296072507553;;
145;10;Bartonella sp. AP14QHHD;species;3243467;1;104;1;1;1;1.0;1;1;1659;1659.0;6.750826976304597E-5;1.0000000000007212;0.9999999999992788;14813;2645622;0.9361571516267649;;0.9361571516267649;;;6.750826976304597E-5;6.750826976304597E-5;0.11199621953689327;6.750826976304597E-5;0.007020860055356781;1;6.750826976304597E-5;1;6.750826976304597E-5;1659;0.11199621953689327;1;6.750826976304597E-5;104;0.007020860055356781;3243492x156599-NZ-JBHIPE010000088_2292_aligned_208159_F_90_1530_70;0.9361571516267649;;0.9361571516267649;;
146;10;Bartonella sp. AP65SXKL;species;3243500;1;200;14;14;2;7.0;10;1;1994;1994.0;5.679282787716522E-4;13.99630906512883;1.0002637077285157;24651;2645622;0.895112016293279;;0.8981670061099797;;4.242640687119285;4.056630562654659E-5;5.679282787716522E-4;0.0808892134193339;4.056630562654659E-5;0.008113261125309319;1;4.056630562654659E-5;14;5.679282787716522E-4;1994;0.0808892134193339;1;4.056630562654659E-5;200;0.008113261125309319;3243500x170040-NZ-JBHIOW010000011_23635_aligned_236065_R_7_1902_117;0.895112016293279;;0.8981670061099797;;
147;10;Bartonella sp. AP72JLCBS;species;3243502;0;0;2;1;2;1.0;1;2;0;;2.3040412884198886E-5;1.999976959584571;0.5000057601702156;43402;2645622;;;;;0.0;0.0;4.608082576839777E-5;0.0;4.608082576839777E-5;0.0;0;0.0;2;4.608082576839777E-5;0;0.0;2;4.608082576839777E-5;0;0.0;3243581x174678-NZ-JBHILQ010000091_1272_aligned_123801_R_15_687_202;;;;;
148;10;Bartonella sp. AP9QHHD;species;3243507;0;0;2;2;1;2.0;2;1;0;;8.33472245374229E-5;1.9999583263858756;1.0000208372412438;23996;2645622;;;;;;0.0;8.33472245374229E-5;0.0;4.167361226871145E-5;0.0;0;0.0;2;8.33472245374229E-5;0;0.0;1;4.167361226871145E-5;0;0.0;3243548x161724-NZ-JBHINA010000019_75731_aligned_65700_R_20_12883_203;;;;;
149;10;Bartonella sp. CL100XZDX;species;3243515;1;340;17;17;2;8.5;16;2;2799;2799.0;1.2711896091465832E-4;16.998983086223312;1.000059822035914;133733;2645622;0.8772119898880463;;0.8772119898880463;;10.606601717798213;7.477585936156372E-6;1.2711896091465832E-4;0.020929763035301682;1.4955171872312743E-5;0.002542379218293166;1;7.477585936156372E-6;17;1.2711896091465832E-4;2799;0.020929763035301682;2;1.4955171872312743E-5;340;0.002542379218293166;3243522x110170-NZ-JBHIOA010000062_335_aligned_12409_R_14_2623_207;0.8772119898880463;;0.8772119898880463;;
150;10;Bartonella sp. CL1QHWL;species;3243517;1;54;7;7;1;7.0;7;1;763;763.0;4.985754985754986E-4;6.998504451043459;1.0002136955069476;14040;2645622;0.9263301500682128;;0.9263301500682128;;;7.122507122507122E-5;4.985754985754986E-4;0.054344729344729344;7.122507122507122E-5;0.0038461538461538464;1;7.122507122507122E-5;7;4.985754985754986E-4;763;0.054344729344729344;1;7.122507122507122E-5;54;0.0038461538461538464;3243522x30644-NZ-JBHIOA010000283_422_aligned_45454_R_212_378_166;0.9263301500682128;;0.9263301500682128;;
151;10;Bartonella sp. CL26QHWL;species;3243520;1;45;17;17;1;17.0;17;1;921;921.0;0.0015589179275561668;16.987534372922674;1.0007338102636716;10905;2645622;0.9494949494949495;;0.9494949494949495;;;9.170105456212746E-5;0.0015589179275561668;0.08445667125171939;9.170105456212746E-5;0.0041265474552957355;1;9.170105456212746E-5;17;0.0015589179275561668;921;0.08445667125171939;1;9.170105456212746E-5;45;0.0041265474552957355;3243522x30644-NZ-JBHIOA010000283_827_aligned_242801_R_29_536_362;0.9494949494949495;;0.9494949494949495;;
152;10;Bartonella sp. CL29QHWL;species;3243522;120;6716;1482;49;126;11.761904761904763;46;120;86807;723.3916666666667;0.0011494792155390824;1456.5512348136479;0.03364110978648073;42628;2645622;0.9179187473749647;0.046205650092394836;0.9179187473749647;0.046205650092394836;9.282610470274896;0.0028150511400957118;0.03476588158018204;2.036384535985737;0.0028150511400957118;0.15754902880735666;120;0.0028150511400957118;1482;0.03476588158018204;86807;2.036384535985737;120;0.0028150511400957118;6716;0.15754902880735666;3243522x30644-NZ-JBHIOA010000283_106_aligned_145932_F_251_403_7;0.9179187473749647;0.046205650092394836;0.9179187473749647;0.046205650092394836;
153;10;Bartonella sp. CL32QHWL-2;species;3243525;1;76;1;1;1;1.0;1;1;708;708.0;3.6730945821854914E-5;1.0000000000013802;0.9999999999986198;27225;2645622;0.887905604719764;;0.887905604719764;;;3.6730945821854914E-5;3.6730945821854914E-5;0.02600550964187328;3.6730945821854914E-5;0.0027915518824609734;1;3.6730945821854914E-5;1;3.6730945821854914E-5;708;0.02600550964187328;1;3.6730945821854914E-5;76;0.0027915518824609734;1405396x144292-NZ-KE360154_330_aligned_146461_R_32_437_255;0.887905604719764;;0.887905604719764;;
154;10;Bartonella sp. CL34QHWL;species;3243526;2;141;8;4;2;4.0;4;2;1712;856.0;2.5292443882390134E-4;7.998229752806525;0.5001106649376291;15815;2645622;0.9159172985444415;0.04004474118981764;0.9159172985444415;0.04004474118981764;0.0;1.2646221941195067E-4;5.058488776478027E-4;0.10825165981662978;1.2646221941195067E-4;0.008915586468542522;2;1.2646221941195067E-4;8;5.058488776478027E-4;1712;0.10825165981662978;2;1.2646221941195067E-4;141;0.008915586468542522;1242993x135453-NZ-QOHL01000049_755_aligned_15383_R_13_437_382;0.9159172985444415;0.04004474118981764;0.9159172985444415;0.04004474118981764;
155;10;Bartonella sp. CL435QHHD;species;3243530;1;476;8;8;1;8.0;8;1;4832;4832.0;3.626637653565438E-4;7.99873079189619;1.0001586761871142;22059;2645622;0.900249895876718;;0.9008746355685131;;;4.533297066956798E-5;3.626637653565438E-4;0.21904891427535247;4.533297066956798E-5;0.021578494038714358;1;4.533297066956798E-5;8;3.626637653565438E-4;4832;0.21904891427535247;1;4.533297066956798E-5;476;0.021578494038714358;1460967x51077-NZ-JBHIRT010000024_8611_aligned_418990_R_21_4734_204;0.900249895876718;;0.9008746355685131;;
156;10;Bartonella sp. CL43QHWL;species;3243532;1;64;12;12;1;12.0;12;1;527;527.0;6.481581505887436E-4;11.996435771923782;1.0002971072528526;18514;2645622;0.8712273641851107;;0.8712273641851107;;;5.4013179215728635E-5;6.481581505887436E-4;0.028464945446688993;5.4013179215728635E-5;0.0034568434698066326;1;5.4013179215728635E-5;12;6.481581505887436E-4;527;0.028464945446688993;1;5.4013179215728635E-5;64;0.0034568434698066326;3243533x135413-NZ-JBHINP010000243_205_aligned_21188_F_10_270_247;0.8712273641851107;;0.8712273641851107;;
157;10;Bartonella sp. CL45QHWL;species;3243533;30;1707;691;194;46;15.021739130434783;58;30;23729;790.9666666666667;0.005372919378513861;684.4393377703175;0.28344367322893715;36107;2645622;0.9243841664291816;0.04514244991131191;0.9243841664291816;0.04514244991131191;13.3441441679442;8.308638214196693E-4;0.019137563353366385;0.6571855872822444;8.308638214196693E-4;0.04727615143877918;30;8.308638214196693E-4;691;0.019137563353366385;23729;0.6571855872822444;30;8.308638214196693E-4;1707;0.04727615143877918;3243533x135413-NZ-JBHINP010000243_810_aligned_153647_R_28_382_230;0.9243841664291816;0.04514244991131191;0.9243841664291816;0.04514244991131191;
158;10;Bartonella sp. CL50QHWL;species;3243536;1;23;5;5;1;5.0;5;1;828;828.0;2.93513354857646E-4;4.99941300774797;1.0001174122344203;17035;2645622;0.9711779448621554;;0.9711779448621554;;;5.870267097152921E-5;2.93513354857646E-4;0.04860581156442618;5.870267097152921E-5;0.0013501614323451717;1;5.870267097152921E-5;5;2.93513354857646E-4;828;0.04860581156442618;1;5.870267097152921E-5;23;0.0013501614323451717;1242993x135453-NZ-QOHL01000049_1620_aligned_16393_R_16_464_369;0.9711779448621554;;0.9711779448621554;;
159;10;Bartonella sp. CL5QHWL;species;3243537;1;59;5;5;1;5.0;5;1;1158;1158.0;3.0328763799587527E-4;4.999393461518883;1.0001213224135659;16486;2645622;0.9476950354609929;;0.9476950354609929;;;6.0657527599175054E-5;3.0328763799587527E-4;0.07024141695984472;6.0657527599175054E-5;0.0035787941283513284;1;6.0657527599175054E-5;5;3.0328763799587527E-4;1158;0.07024141695984472;1;6.0657527599175054E-5;59;0.0035787941283513284;3243522x30644-NZ-JBHIOA010000283_488_aligned_124674_R_35_575_579;0.9476950354609929;;0.9476950354609929;;
160;10;Bartonella sp. CL63NXGY;species;3243538;1;177;11;11;1;11.0;11;1;2258;2258.0;1.2458659901236804E-4;10.999377088146028;1.0000566315573127;88292;2645622;0.920556552962298;;0.920556552962298;;;1.1326054455669823E-5;1.2458659901236804E-4;0.02557423096090246;1.1326054455669823E-5;0.0020047116386535586;1;1.1326054455669823E-5;11;1.2458659901236804E-4;2258;0.02557423096090246;1;1.1326054455669823E-5;177;0.0020047116386535586;3243538x227277-NZ-JBHINK010000033_2528_aligned_13788_R_21_1986_265;0.920556552962298;;0.920556552962298;;
161;10;Bartonella sp. CL9QHWL;species;3243542;17;610;338;231;30;11.266666666666667;47;17;13897;817.4705882352941;0.012419354838709677;334.95636581477487;0.689642065580981;18600;2645622;0.9503541569920237;0.04981201353609483;0.9503541569920237;0.04981201353609483;10.754095718034302;9.139784946236559E-4;0.01817204301075269;0.7471505376344086;9.139784946236559E-4;0.032795698924731186;17;9.139784946236559E-4;338;0.01817204301075269;13897;0.7471505376344086;17;9.139784946236559E-4;610;0.032795698924731186;3243542x76561-NZ-JBHING010000075_1007_aligned_457106_R_18_543_271;0.9503541569920237;0.04981201353609483;0.9503541569920237;0.04981201353609483;
162;10;Bartonella sp. CM120XJJH;species;3243544;1;323;57;57;8;7.125;22;1;4603;4603.0;2.6476777079472135E-4;56.99258713353127;1.0001300672042026;215283;2645622;0.9271812814345068;;0.929368029739777;;7.2197645390968255;4.645048610433708E-6;2.6476777079472135E-4;0.02138115875382636;4.645048610433708E-6;0.0015003507011700878;1;4.645048610433708E-6;57;2.6476777079472135E-4;4603;0.02138115875382636;1;4.645048610433708E-6;323;0.0015003507011700878;3243544x171462-NZ-JBHINE010000034_4879_aligned_84081_R_20_4264_408;0.9271812814345068;;0.929368029739777;;
163;10;Bartonella sp. MM55XZML;species;3243552;1;204;46;46;4;11.5;12;1;2569;2569.0;0.0011108427915962327;45.97501488729671;1.000543449801257;41410;2645622;0.9196534068530917;;0.9196534068530917;;1.0;2.414875633904854E-5;0.0011108427915962327;0.062038155035015696;2.414875633904854E-5;0.004926346293165902;1;2.414875633904854E-5;46;0.0011108427915962327;2569;0.062038155035015696;1;2.414875633904854E-5;204;0.004926346293165902;3243552x239538-NZ-JBHIMT010000104_1772_aligned_22785_R_17_2251_300;0.9196534068530917;;0.9196534068530917;;
164;10;Bartonella sp. MR168JLCBS;species;3243556;1;1188;16;16;2;8.0;15;2;13003;13003.0;2.2018247622717326E-4;15.998348737434922;1.0001032145624638;72667;2645622;0.9074231095351885;;0.9084251907808525;;9.899494936611665;1.3761404764198329E-5;2.2018247622717326E-4;0.17893954614887086;2.7522809528396657E-5;0.016348548859867616;1;1.3761404764198329E-5;16;2.2018247622717326E-4;13003;0.17893954614887086;2;2.7522809528396657E-5;1188;0.016348548859867616;3243548x161724-NZ-JBHINA010000019_75731_aligned_65700_R_20_12883_203;0.9074231095351885;;0.9084251907808525;;
165;10;Bartonella sp. MU70NMGDW;species;3243561;0;0;1;1;1;1.0;1;1;0;;4.777899348772319E-6;0.9999999999886257;1.0000000000113745;209297;2645622;;;;;;0.0;4.777899348772319E-6;0.0;4.777899348772319E-6;0.0;0;0.0;1;4.777899348772319E-6;0;0.0;1;4.777899348772319E-6;0;0.0;33046x45631-NZ-CADDYH010000012_28936_aligned_420390_R_10_3233_117;;;;;
166;10;Bartonella sp. PS17NMGDW;species;3243573;0;0;2;2;1;2.0;2;1;0;;5.1275477502884244E-5;1.9999743622586137;1.0000128190350186;39005;2645622;;;;;;0.0;5.1275477502884244E-5;0.0;2.5637738751442122E-5;0.0;0;0.0;2;5.1275477502884244E-5;0;0.0;1;2.5637738751442122E-5;0;0.0;3243521x90802-NZ-JBHIOB010000007_11745_aligned_200488_R_21_8265_397;;;;;
167;10;Bartonella sp. TT110JLCBS;species;3243578;3;190;16;12;4;4.0;9;4;2347;782.3333333333334;1.158278797706608E-4;15.998841773309392;0.7500542958065505;103602;2645622;0.9164612033985131;0.03785140557159617;0.9164612033985131;0.03785140557159617;3.559026084010437;2.89569699426652E-5;1.5443717302754772E-4;0.022654002818478406;3.860929325688693E-5;0.0018339414297021293;3;2.89569699426652E-5;16;1.5443717302754772E-4;2347;0.022654002818478406;4;3.860929325688693E-5;190;0.0018339414297021293;3243522x30644-NZ-JBHIOA010000283_644_aligned_244254_R_6_491_158;0.9164612033985131;0.03785140557159617;0.9164612033985131;0.03785140557159617;
168;10;Bartonella sp. TT29SHDZB;species;3243581;18;1121;260;114;24;10.833333333333334;34;18;14501;805.6111111111111;0.0012527197204457044;259.630357539646;0.4390857875030735;91002;2645622;0.9182431761903105;0.05104897197484612;0.9183773050038346;0.051151563002617396;8.323182223094758;1.977978505966902E-4;0.0028570800641744137;0.15934814619458912;1.977978505966902E-4;0.012318410584382761;18;1.977978505966902E-4;260;0.0028570800641744137;14501;0.15934814619458912;18;1.977978505966902E-4;1121;0.012318410584382761;3243581x174678-NZ-JBHILQ010000091_1069_aligned_24857_R_124_565_20;0.9182431761903105;0.05104897197484612;0.9183773050038346;0.051151563002617396;
169;10;Bartonella sp. DGB2;species;3388426;0;0;1;1;1;1.0;1;1;0;;5.256531897949689E-7;0.9999999999211201;1.00000000007888;1902395;2645622;;;;;;0.0;5.256531897949689E-7;0.0;5.256531897949689E-7;0.0;0;0.0;1;5.256531897949689E-7;0;0.0;1;5.256531897949689E-7;0;0.0;2020671x138139-NZ-CP118226_923809_aligned_50828_R_22_76_256;;;;;
170;9;Bartonella refiksaydamii;species;2654951;0;0;7;7;3;2.3333333333333335;5;3;0;;1.316222441592629E-5;6.999960513450948;1.0000056409673992;531825;773;;;;;2.3094010767585034;0.0;1.316222441592629E-5;0.0;5.640953321111268E-6;0.0;0;0.0;7;1.316222441592629E-5;0;0.0;3;5.640953321111268E-6;0;0.0;3243544x171462-NZ-JBHINE010000034_4879_aligned_84081_R_20_4264_408;;;;;
171;9;Bartonella apihabitans;species;2750929;1;289;68;68;9;7.555555555555555;23;2;3115;3115.0;2.818351446767558E-5;67.99905585292836;1.0000138847085418;2412758;773;0.9059967585089141;;0.9063209076175041;;7.907450776184305;4.1446344805405265E-7;2.818351446767558E-5;0.001291053640688374;8.289268961081053E-7;1.1977993648762122E-4;1;4.1446344805405265E-7;68;2.818351446767558E-5;3115;0.001291053640688374;2;8.289268961081053E-7;289;1.1977993648762122E-4;104108x25984-NZ-CAMKYV010000041_1005_aligned_200304_F_456_8642_2;0.9059967585089141;;0.9063209076175041;;
172;9;Bartonella machadoae;species;2893471;0;0;7;7;1;7.0;7;1;0;;4.294407393251769E-6;6.999987117144542;1.0000018404113096;1630027;773;;;;;;0.0;4.294407393251769E-6;0.0;6.134867704645383E-7;0.0;0;0.0;7;4.294407393251769E-6;0;0.0;1;6.134867704645383E-7;0;0.0;3243522x95288-NZ-JBHIOA010000076_3579_aligned_12058_R_17_4234_446;;;;;
173;9;Bartonella bilalgolemii;species;2942911;2;421;122;122;9;13.555555555555555;40;2;3450;1725.0;1.5562951500995646E-4;121.99058489065618;1.000077178983544;783913;773;0.8231397845088764;0.10874742965114591;0.8249312570993457;0.11128095448520883;13.323955035115429;2.5513035247533847E-6;1.5562951500995646E-4;0.004400998580199589;2.5513035247533847E-6;5.370493919605874E-4;2;2.5513035247533847E-6;122;1.5562951500995646E-4;3450;0.004400998580199589;2;2.5513035247533847E-6;421;5.370493919605874E-4;2942911x201041-NZ-JAMCOF010000020_3616_aligned_121056_R_17_2614_210;0.8231397845088764;0.10874742965114591;0.8249312570993457;0.11128095448520883;
174;9;Bartonella gliris;species;3004109;0;0;12;12;3;4.0;9;3;0;;7.806040704599254E-6;11.999957066774058;1.000003577781629;1537271;773;;;;;4.358898943540674;0.0;7.806040704599254E-6;0.0;1.9515101761498134E-6;0.0;0;0.0;12;7.806040704599254E-6;0;0.0;3;1.9515101761498134E-6;0;0.0;3243533x224507-NZ-JBHINP010000021_3287_aligned_67135_R_39_3440_408;;;;;
175;9;Bartonella eidoli;species;3112254;0;0;2;2;1;2.0;2;1;0;;1.4964918489830216E-6;1.9999992516045846;1.0000003741978478;1336459;773;;;;;;0.0;1.4964918489830216E-6;0.0;7.482459244915108E-7;0.0;0;0.0;2;1.4964918489830216E-6;0;0.0;1;7.482459244915108E-7;0;0.0;3113620x187681-NZ-JBAFWY010000001_51831_aligned_274042_R_149_2470_125;;;;;
176;9;Bartonella numerosa;species;3112255;0;0;2;2;1;2.0;2;1;0;;1.8492406555558124E-6;1.9999990753677255;1.000000462316351;1081525;773;;;;;;0.0;1.8492406555558124E-6;0.0;9.246203277779062E-7;0.0;0;0.0;2;1.8492406555558124E-6;0;0.0;1;9.246203277779062E-7;0;0.0;774x203819-NZ-LQXX01000007_12392_aligned_67565_R_26_3202_415;;;;;
177;9;Bartonella vaga;species;3112257;0;0;1;1;1;1.0;1;1;0;;7.750069556874273E-7;1.0000000000448555;0.9999999999551445;1290311;773;;;;;;0.0;7.750069556874273E-7;0.0;7.750069556874273E-7;0.0;0;0.0;1;7.750069556874273E-7;0;0.0;1;7.750069556874273E-7;0;0.0;3243456x184171-NZ-JBHIQO010000010_15172_aligned_12537_R_36_8620_368;;;;;
178;9;Bartonella rhinolophi;species;3113620;2;458;226;226;16;14.125;38;2;5661;2830.5;2.079445873680104E-4;225.97660785272424;1.0001035157908513;1086828;773;0.9161657049206646;0.04878723692166145;0.9165413623211154;0.04825597713113946;10.410731642556797;1.8402175873275255E-6;2.079445873680104E-4;0.005208735880930561;1.8402175873275255E-6;4.2140982749800336E-4;2;1.8402175873275255E-6;226;2.079445873680104E-4;5661;0.005208735880930561;2;1.8402175873275255E-6;458;4.2140982749800336E-4;3113620x187681-NZ-JBAFWY010000001_51831_aligned_274042_R_149_2470_125;0.9161657049206646;0.04878723692166145;0.9165413623211154;0.04825597713113946;
179;6;Rickettsiales;order;766;24;680;2134;509;344;6.203488372093023;41;322;12658;527.4166666666666;0.012562007946889114;2078.803352821893;0.2448524047784764;40519;28211;0.9386449814670775;0.04466522297007757;0.9386449814670775;0.04466522297007757;6.8020224684774435;5.923147165527283E-4;0.0526666502134801;0.31239665342185147;0.007946889113749106;0.016782250302327304;88121;0.46410370417943964;2542879;6.5038840465568954;50517403;304.9349212900622;101948;0.4969062754672738;3148702;22.488785833879206;444612x54001-NZ-CM000770_1512799_aligned_194253_R_18_445_376;0.9320151923749425;0.044514991392107496;0.9320506235864029;0.04450007434257837;
180;7;Rickettsiaceae;family;775;0;0;149;106;30;4.966666666666667;13;28;0;;0.044519109617807646;144.46302982623936;0.7337517434564205;2381;766;;;;;3.899454721680556;0.0;0.0625787484250315;0.0;0.011759764804703907;0.0;21838;0.2896575870615601;680531;4.113188349180355;13239233;181.6775416206008;33056;0.3084513009316273;849702;12.814935759723088;1462938x212560-NZ-CP113531_456744_aligned_164659_R_8_327_428;0.9308216841374536;0.04650739717941322;0.9309477314966685;0.04645578624438807;
181;8;Rickettsieae;tribe;33988;55;1172;10248;4473;1219;8.406890894175554;80;880;30533;555.1454545454545;0.002729874271987755;10216.022476167276;0.4378416365503266;1638537;775;0.9574243296727666;0.03599991156169583;0.9574243296727666;0.03599991156169583;8.549584061003493;3.356652916595719E-5;0.00625435983441326;0.018634306091348564;5.37064466655315E-4;7.152722215000332E-4;21838;0.2896575870615601;680382;4.050609600755323;13239233;181.6775416206008;33028;0.29669153612692345;849702;12.814935759723088;444612x44192-NZ-GG688316_28226_aligned_22931_R_16_1993_383;0.9308216841374536;0.04650739717941322;0.9309477314966685;0.04645578624438807;
182;9;Rickettsia;genus;780;3658;101117;253140;197768;20105;12.590897786620245;201;10351;2003098;547.5937670858392;0.04506945191418919;245976.8346142334;0.8040106716153188;4388072;33988;0.9446413046924246;0.03985858565478718;0.9446594334556196;0.039849769691713985;11.255705840245845;8.336235139259337E-4;0.05768820566298821;0.45648704032203663;0.002358894749220159;0.02304360548322817;21783;0.2896240205323941;670134;4.04435524092091;13208700;181.65890731450946;32148;0.2961544716602681;848530;12.814220487501588;444612x54001-NZ-CM000770_1192084_aligned_12142_R_47_3967_396;0.9307545149915857;0.04651231097553536;0.9308808806083756;0.046460757386511196;
183;10;spotted fever group;species group;114277;7815;323175;261580;146583;21737;12.033859318213185;168;10858;4974917;636.5856685860524;0.04644543486016909;251033.19311051318;0.5839187964894718;3156026;780;0.9306694051001296;0.04589854379376618;0.9308164836354678;0.045848986851947285;10.801678343648652;0.0024762153416987057;0.082882713893992;1.576323198858311;0.003440402582234747;0.10239934651995897;17769;0.2870654647656318;412432;3.9701167985322767;10975476;180.06721625405837;21032;0.2901968727646836;732625;12.725838308409692;444612x46767-NZ-CM000771_45734_aligned_275828_R_33_2087_293;0.9278817664021408;0.04730600113724632;0.9280099773037619;0.04726047865894744;
184;11;Rickettsia conorii;species;781;0;0;0;0;0;;0;0;0;;0.0;0.0;;1602;114277;;;;;;0.0;0.0;0.0;0.0;0.0;92;3.3423112864550575E-4;869;0.0025694675218135695;86377;0.2828938593238154;106;3.8474208590299824E-4;5824;0.018614944246789555;;0.9316697540484757;0.04428482164540976;0.9325623104085399;0.04325865446727517;
185;12;Rickettsia conorii subsp. heilongjiangensis;subspecies;226665;10;371;54;54;12;4.5;15;12;6029;602.9;3.6763954984579564E-4;53.99025870111404;1.0001804269718337;146883;781;0.9307906528734131;0.057029215004621735;0.9311737946358651;0.05593222177233267;5.351295510095068;6.808139811959178E-5;3.6763954984579564E-4;0.04104627492630188;8.169767774351014E-5;0.002525819870236855;10;6.808139811959178E-5;54;3.6763954984579564E-4;6029;0.04104627492630188;12;8.169767774351014E-5;371;0.002525819870236855;444612x54001-NZ-CM000770_1711762_aligned_24770_R_24_368_391;0.9307906528734131;0.057029215004621735;0.9311737946358651;0.05593222177233267;
186;12;Rickettsia conorii str. Malish 7;strain;272944;9;350;21;21;10;2.1;10;10;5895;655.0;1.8927103612372917E-4;20.998107397551195;1.0000901320491877;110952;781;0.9339903713472069;0.03524766811428715;0.934254921611757;0.03498875331789366;2.8460498941515415;8.111615833874107E-5;1.8927103612372917E-4;0.05313108371187541;9.012906482082342E-5;0.0031545172687288195;9;8.111615833874107E-5;21;1.8927103612372917E-4;5895;0.05313108371187541;10;9.012906482082342E-5;350;0.0031545172687288195;1462938x212560-NZ-CP113531_1017144_aligned_312457_R_16_190_246;0.9339903713472069;0.03524766811428715;0.934254921611757;0.03498875331789366;
187;12;Rickettsia conorii subsp. raoultii;subspecies;369822;73;5103;794;785;118;6.728813559322034;31;84;74453;1019.9041095890411;0.001989744577629188;793.2025548704706;0.9896589404306569;394523;781;0.9315040753643941;0.04396903383949098;0.9325438399550848;0.04286522890512991;7.24263376676418;1.8503357218717286E-4;0.0020125569358440446;0.1887165006856381;2.1291534333866467E-4;0.012934607107823879;73;1.8503357218717286E-4;794;0.0020125569358440446;74453;0.1887165006856381;84;2.1291534333866467E-4;5103;0.012934607107823879;444612x54001-NZ-CM000770_1558130_aligned_506182_R_14_336_201;0.9315040753643941;0.04396903383949098;0.9325438399550848;0.04286522890512991;
188;11;Rickettsia rickettsii;species;783;9;457;74;74;13;5.6923076923076925;21;13;6079;675.4444444444445;6.313616080950796E-4;73.9769600195886;1.0003114480563313;117207;114277;0.9185221526330651;0.04995832297541764;0.9185221526330651;0.04995832297541764;7.145915096340185;7.678722260615834E-5;6.313616080950796E-4;0.051865502913648505;1.1091487709778426E-4;0.003899084525668262;11;3.7090486966498187E-4;95;0.003472765050500981;7135;0.20715962056070733;17;4.523183195036855E-4;559;0.018899084525668262;1462938x212560-NZ-CP113531_366242_aligned_187118_R_51_267_347;0.9153162877251462;0.052309817499071216;0.9153162877251462;0.052309817499071216;
189;12;Rickettsia rickettsii str. Hlp#2;strain;1105101;0;0;2;2;2;1.0;1;2;0;;4.728579534707774E-5;1.9999763571011382;1.0000118215891791;42296;783;;;;;0.0;0.0;4.728579534707774E-5;0.0;4.728579534707774E-5;0.0;0;0.0;2;4.728579534707774E-5;0;0.0;2;4.728579534707774E-5;0;0.0;789x174775-NZ-JBHEQR010000045_1001_aligned_12972_R_277_1323_53;;;;;
190;12;Rickettsia rickettsii str. Colombia;strain;1105102;2;102;19;19;2;9.5;18;2;1056;528.0;0.0027941176470588237;18.974873884734265;1.0013241782484756;6800;783;0.9008898956395114;0.08299251825462796;0.9008898956395114;0.08299251825462796;12.020815280171307;2.941176470588235E-4;0.0027941176470588237;0.15529411764705883;2.941176470588235E-4;0.015;2;2.941176470588235E-4;19;0.0027941176470588237;1056;0.15529411764705883;2;2.941176470588235E-4;102;0.015;1462938x212560-NZ-CP113531_17955_aligned_206685_R_30_178_350;0.9008898956395114;0.08299251825462796;0.9008898956395114;0.08299251825462796;
191;11;Rickettsia akari;species;786;0;0;0;0;0;;0;0;0;;;0.0;;0;114277;;;;;;;;;;;25;3.977851323828921E-5;163;2.593559063136456E-4;15866;0.025245035641547862;33;5.250763747454175E-5;1023;0.0016277367617107943;;0.9266503578939651;0.051578699414887234;0.9275734816529833;0.051536745332774345;
192;12;Rickettsia akari str. Hartford;strain;293614;25;1023;163;163;34;4.794117647058823;20;33;15866;634.64;2.593559063136456E-4;162.9789939678338;1.0001288879729517;628480;786;0.9266503578939651;0.051578699414887234;0.9275734816529833;0.051536745332774345;4.854110484094934;3.977851323828921E-5;2.593559063136456E-4;0.025245035641547862;5.250763747454175E-5;0.0016277367617107943;25;3.977851323828921E-5;163;2.593559063136456E-4;15866;0.025245035641547862;33;5.250763747454175E-5;1023;0.0016277367617107943;1462938x212560-NZ-CP113531_931277_aligned_155102_R_455_323_8;0.9266503578939651;0.051578699414887234;0.9275734816529833;0.051536745332774345;
193;11;Rickettsia australis;species;787;24;1356;135;135;32;4.21875;26;30;19884;828.5;2.691135399992425E-4;134.98197098522618;1.0001335660951032;501647;114277;0.9270192459915821;0.04593451883171474;0.9270915266120645;0.04594260295798517;5.751489989278795;4.784240711097644E-5;2.691135399992425E-4;0.039637434291443986;5.980300888872055E-5;0.002703096001770169;25;1.8795730132423132E-4;138;6.894582226390071E-4;20338;0.1032495962642617;31;1.9991790310197542E-4;1379;0.0059257385686750305;444612x54001-NZ-CM000770_600889_aligned_459989_R_18_412_210;0.927768664831164;0.04512321909006488;0.9278380542268272;0.045129907728748093;
194;12;Rickettsia australis str. Cutlack;strain;1105110;1;23;3;3;1;3.0;3;1;454;454.0;4.203446826397646E-4;2.9995796749503842;1.0001401279829725;7137;787;0.9457547169811321;;0.9457547169811321;;;1.4011489421325487E-4;4.203446826397646E-4;0.06361216197281772;1.4011489421325487E-4;0.003222642566904862;1;1.4011489421325487E-4;3;4.203446826397646E-4;454;0.06361216197281772;1;1.4011489421325487E-4;23;0.003222642566904862;444612x54001-NZ-CM000770_1777678_aligned_182785_R_6_197_257;0.9457547169811321;;0.9457547169811321;;
195;11;Rickettsia amblyommatis;species;33989;47;1710;342;329;62;5.516129032258065;19;57;24063;511.97872340425533;6.6925281686273E-4;341.8814109220867;0.962321990870038;491593;114277;0.9227802277181422;0.04690839555835665;0.9235842177575844;0.0464485639529419;5.693660367155768;9.560754526610428E-5;6.956974570427162E-4;0.048949028973154625;1.1594957617378603E-4;0.003478487285213581;1820;0.13911681456153896;18663;1.4379315038061908;1226384;94.29654922516755;1833;0.13932008974209992;91447;7.040550690668552;1105111x147544-NC-017028_980520_aligned_44456_R_30_132_526;0.9199013574527515;0.04898699170014527;0.9199240418286913;0.04897748831927348;
196;12;Rickettsia amblyommatis str. Ac/Pa;strain;1359164;3;137;18;18;4;4.5;10;4;2540;846.6666666666666;4.6682919238549717E-4;17.996032500636336;1.000220465225517;38558;33989;0.9418226734730889;0.02940431976057108;0.9418226734730889;0.02940431976057108;4.358898943540674;7.780486539758286E-5;4.6682919238549717E-4;0.06587478603662016;1.0373982053011048E-4;0.003553088853156284;3;7.780486539758286E-5;18;4.6682919238549717E-4;2540;0.06587478603662016;4;1.0373982053011048E-4;137;0.003553088853156284;1462938x212560-NZ-CP113531_1410684_aligned_255436_R_17_335_264;0.9418226734730889;0.02940431976057108;0.9418226734730889;0.02940431976057108;
197;12;Rickettsia amblyommatis str. Darkwater;strain;1359166;1770;89600;18303;979;2059;8.88926663428849;39;1772;1199781;677.8423728813559;0.07685061621791349;9711.180324416211;0.10081163847185103;12739;33989;0.9197877581021671;0.04907452657211258;0.9197897343916341;0.04907472818483084;7.014449642452384;0.13894340215087528;1.4367689771567627;94.18172541015778;0.13910040034539603;7.033519114530183;1770;0.13894340215087528;18303;1.4367689771567627;1199781;94.18172541015778;1772;0.13910040034539603;89600;7.033519114530183;1359166x139103-NZ-LAOH01000004_1748_aligned_146462_F_4_380_70;0.9197877581021671;0.04907452657211258;0.9197897343916341;0.04907472818483084;
198;11;Rickettsia montanensis;species;33991;0;0;0;0;0;;0;0;0;;;0.0;;0;114277;;;;;;;;;;;28;1.0837129554013415E-4;157;6.076533357071808E-4;15632;0.06050214613869204;34;1.3159371601302003E-4;1255;0.0048573562822452985;;0.9137022099870339;0.041043948574058714;0.9143171463340093;0.040513307525098644;
199;12;Rickettsia montanensis str. OSU 85-930;strain;1105114;28;1255;157;157;34;4.617647058823529;21;34;15632;558.2857142857143;6.076533357071808E-4;156.9526125144255;1.0003019222478386;258371;33991;0.9137022099870339;0.041043948574058714;0.9143171463340093;0.040513307525098644;6.305431549321022;1.0837129554013415E-4;6.076533357071808E-4;0.06050214613869204;1.3159371601302003E-4;0.0048573562822452985;28;1.0837129554013415E-4;157;6.076533357071808E-4;15632;0.06050214613869204;34;1.3159371601302003E-4;1255;0.0048573562822452985;1462938x212560-NZ-CP113531_96581_aligned_499610_R_10_361_188;0.9137022099870339;0.041043948574058714;0.9143171463340093;0.040513307525098644;
200;11;Rickettsia rhipicephali;species;33992;45;1493;402;402;58;6.931034482758621;21;57;24685;548.5555555555555;0.0010788383969856934;401.7837702855439;1.0005381743376605;372623;114277;0.931549772360604;0.04560673122727532;0.9318182849482567;0.04548180608470639;7.2906141751859055;1.2076549219989105E-4;0.0010788383969856934;0.06624658166565134;1.5296962345319533E-4;0.0040067306634319405;53;2.567112498425916E-4;452;0.0019284993822525718;29398;0.14633562613690732;66;3.0590860080123344E-4;1821;0.009580506726782664;33992x184994-NZ-CP013134_25891_aligned_148940_R_25_56_183;0.9303090170506382;0.044277725484528116;0.9306443255144715;0.04423886617159027;
201;12;Rickettsia rhipicephali str. 3-7-female6-CWPP;strain;1105113;8;328;50;50;9;5.555555555555555;23;9;4713;589.125;8.496609852668785E-4;49.97918896475369;1.0004163940167374;58847;33992;0.9233297684320809;0.037737957362761296;0.9240408036994302;0.03843172480973763;7.073031724640981;1.3594575764270056E-4;8.496609852668785E-4;0.08008904447125596;1.5293897734803814E-4;0.005573776063350723;8;1.3594575764270056E-4;50;8.496609852668785E-4;4713;0.08008904447125596;9;1.5293897734803814E-4;328;0.005573776063350723;444612x47268-NZ-CM000772_3291_aligned_2066_F_34_315_349;0.9233297684320809;0.037737957362761296;0.9240408036994302;0.03843172480973763;
202;11;Rickettsia africae;species;35788;0;0;0;0;0;;0;0;0;;;0.0;;0;114277;;;;;;;;;;;9;6.89137659075943E-5;22;1.6845587221856384E-4;4792;0.036692751803243544;9;6.89137659075943E-5;279;0.002136326743135423;;0.9375095122300922;0.03716725122114177;0.9375095122300922;0.03716725122114177;
203;12;Rickettsia africae ESF-5;strain;347255;9;279;22;22;9;2.4444444444444446;12;9;4792;532.4444444444445;1.6845587221856384E-4;21.99823130368424;1.0000804017510019;130598;35788;0.9375095122300922;0.03716725122114177;0.9375095122300922;0.03716725122114177;3.6094013046179527;6.89137659075943E-5;1.6845587221856384E-4;0.036692751803243544;6.89137659075943E-5;0.002136326743135423;9;6.89137659075943E-5;22;1.6845587221856384E-4;4792;0.036692751803243544;9;6.89137659075943E-5;279;0.002136326743135423;444612x54001-NZ-CM000770_302679_aligned_39731_R_7_328_208;0.9375095122300922;0.03716725122114177;0.9375095122300922;0.03716725122114177;
204;11;Rickettsia helvetica;species;35789;14;666;55;55;20;2.75;9;19;7968;569.1428571428571;2.080173675591242E-4;54.99438390569719;1.000102121233187;264401;114277;0.9117285172703781;0.03263905728779137;0.9118242660256443;0.03250884939409309;2.692582403567252;5.294987537868616E-5;2.080173675591242E-4;0.030136043358383668;7.186054515678836E-5;0.0025189012144432132;14;5.294987537868616E-5;55;2.080173675591242E-4;7968;0.030136043358383668;19;7.186054515678836E-5;666;0.0025189012144432132;1462938x212560-NZ-CP113531_1168096_aligned_534964_R_43_301_342;0.9117285172703781;0.03263905728779137;0.9118242660256443;0.03250884939409309;
205;11;Rickettsia japonica;species;35790;19;1029;169;153;21;8.047619047619047;31;20;13206;695.0526315789474;0.0017275252354176547;168.83981345586668;0.9061843700744963;88566;114277;0.9285967847166324;0.053067608299815765;0.9293754527385371;0.05248556857279115;8.411160386511426;2.145292776008852E-4;0.0019081814691868212;0.1491091389472258;2.2582029221145813E-4;0.01161845403427952;19;2.145292776008852E-4;169;0.0019081814691868212;13206;0.1491091389472258;20;2.2582029221145813E-4;1029;0.01161845403427952;652620x90159-NZ-AMRT02000009_27110_aligned_218095_R_14_654_282;0.9285967847166324;0.053067608299815765;0.9293754527385371;0.05248556857279115;
206;11;Rickettsia massiliae;species;35791;0;0;0;0;0;;0;0;0;;0.0;0.0;;1397;114277;;;;;;0.0;0.0;0.0;0.0;0.0;6;4.6884889781438274E-5;38;5.808387728665162E-4;3421;0.02673220132371672;9;3.5422847225623113E-4;257;0.0020082361123049393;;0.9205307878889627;0.006128863309680799;0.9205307878889627;0.006128863309680799;
207;12;Rickettsia massiliae MTU5;strain;416276;6;257;37;36;8;4.625;23;8;3421;570.1666666666666;2.8130933868862965E-4;36.994796251476956;0.9731098329420522;127973;35791;0.9205307878889627;0.006128863309680799;0.9205307878889627;0.006128863309680799;7.539183358579741;4.6884889781438274E-5;2.89123486985536E-4;0.02673220132371672;6.251318637525102E-5;0.0020082361123049393;6;4.6884889781438274E-5;37;2.89123486985536E-4;3421;0.02673220132371672;8;6.251318637525102E-5;257;0.0020082361123049393;1462938x212560-NZ-CP113531_1151432_aligned_267382_R_16_380_280;0.9205307878889627;0.006128863309680799;0.9205307878889627;0.006128863309680799;
208;12;Rickettsia massiliae str. AZT80;strain;1105112;0;0;1;1;1;1.0;1;1;0;;2.9171528588098014E-4;1.0000000000001066;0.9999999999998934;3428;35791;;;;;;0.0;2.9171528588098014E-4;0.0;2.9171528588098014E-4;0.0;0;0.0;1;2.9171528588098014E-4;0;0.0;1;2.9171528588098014E-4;0;0.0;444612x44192-NZ-GG688316_287_aligned_205343_R_10_4776_196;;;;;
209;11;Rickettsia parkeri;species;35792;13;380;58;58;16;3.625;21;16;7604;584.9230769230769;3.039641112718278E-4;57.99133787062767;1.000149369366019;190812;114277;0.9444126920017125;0.030256249726513428;0.9444126920017125;0.030256249726513428;5.818075283115543;6.812988700920278E-5;3.039641112718278E-4;0.039850743139844456;8.385216862671111E-5;0.001991489004884389;13;6.812988700920278E-5;58;3.039641112718278E-4;7604;0.039850743139844456;16;8.385216862671111E-5;380;0.001991489004884389;369822x82091-NZ-JBGCZD010000052_568_aligned_233719_R_345_3038_5;0.9444126920017125;0.030256249726513428;0.9444126920017125;0.030256249726513428;
210;11;Rickettsia slovaca;species;35794;6;312;30;30;7;4.285714285714286;13;7;4539;756.5;4.374580769342938E-4;29.993657720992204;1.000211454003603;68578;114277;0.9350455965575085;0.03876018109292423;0.9350455965575085;0.03876018109292423;4.785891965429423;8.749161538685876E-5;4.374580769342938E-4;0.06618740704015866;1.0207355128466855E-4;0.004549564000116656;6;8.749161538685876E-5;30;4.374580769342938E-4;4539;0.06618740704015866;7;1.0207355128466855E-4;312;0.004549564000116656;35794x142661-NZ-JBGCZE010000063_1754_aligned_451280_R_23_1168_323;0.9350455965575085;0.03876018109292423;0.9350455965575085;0.03876018109292423;
211;11;Rickettsia honei;species;37816;0;0;0;0;0;;0;0;0;;;0.0;;0;114277;;;;;;;;;;;9;5.5446715706206334E-5;51;3.141980556685026E-4;6045;0.03724171071600192;10;6.160746189578481E-5;415;0.00255670966867507;;0.9308543760689815;0.045151709030972785;0.9309738503820042;0.04517650866953684;
212;12;Rickettsia honei RB;strain;1175313;9;415;51;51;10;5.1;19;10;6045;671.6666666666666;3.141980556685026E-4;50.992145838577535;1.0001540268857743;162318;37816;0.9308543760689815;0.045151709030972785;0.9309738503820042;0.04517650866953684;6.4713041790490555;5.5446715706206334E-5;3.141980556685026E-4;0.03724171071600192;6.160746189578481E-5;0.00255670966867507;9;5.5446715706206334E-5;51;3.141980556685026E-4;6045;0.03724171071600192;10;6.160746189578481E-5;415;0.00255670966867507;444612x54001-NZ-CM000770_308368_aligned_442493_R_15_476_258;0.9308543760689815;0.045151709030972785;0.9309738503820042;0.04517650866953684;
213;11;Rickettsia felis;species;42862;91;5118;1545;1532;170;9.088235294117647;28;101;71923;790.3626373626373;0.002886970941846003;1542.7545230813728;0.9930290121205462;530660;114277;0.9233301626116694;0.04951483092512174;0.9238863774558869;0.04960859354676184;7.209328469818059;1.71484566389025E-4;0.0029114687370444354;0.13553499415821807;1.9032902423397278E-4;0.009644593525044284;93;2.1478585676747828E-4;1549;0.002998071317801342;72641;0.1510801574040828;104;2.552809598016527E-4;5214;0.011723055463210041;444612x54001-NZ-CM000770_1013206_aligned_284421_R_393_803_10;0.9222750713227053;0.05194744205774881;0.9228193245573696;0.05204609785038259;
214;12;Rickettsia felis str. LSU;strain;1359195;2;96;4;4;3;1.3333333333333333;2;3;718;359.0;8.660258075690655E-5;3.9998700980019395;1.0000324765542075;46188;42862;0.8742684176748374;0.15132790889843425;0.8742684176748374;0.15132790889843425;0.5773502691896258;4.3301290378453275E-5;8.660258075690655E-5;0.015545163245864727;6.495193556767992E-5;0.0020784619381657575;2;4.3301290378453275E-5;4;8.660258075690655E-5;718;0.015545163245864727;3;6.495193556767992E-5;96;0.0020784619381657575;1462938x212560-NZ-CP113531_1391184_aligned_205906_R_8_259_149;0.8742684176748374;0.15132790889843425;0.8742684176748374;0.15132790889843425;
215;11;Rickettsia peacockii;species;47589;0;0;0;0;0;;0;0;0;;;0.0;;0;114277;;;;;;;;;;;24;2.0465243195306638E-4;245;0.0020891602428542194;11913;0.10158435091070332;32;2.7286990927075517E-4;625;0.005329490415444437;;0.9388635487031408;0.04984287903142492;0.9388635487031408;0.04984287903142492;
216;12;Rickettsia peacockii str. Rustic;strain;562019;24;625;245;245;33;7.424242424242424;24;32;11913;496.375;0.0020891602428542194;244.74529840393566;1.0010406802407454;117272;47589;0.9388635487031408;0.04984287903142492;0.9388635487031408;0.04984287903142492;7.786327371707019;2.0465243195306638E-4;0.0020891602428542194;0.10158435091070332;2.7286990927075517E-4;0.005329490415444437;24;2.0465243195306638E-4;245;0.0020891602428542194;11913;0.10158435091070332;32;2.7286990927075517E-4;625;0.005329490415444437;562019x219394-NC-012732_22490_aligned_5339_F_185_89_36;0.9388635487031408;0.04984287903142492;0.9388635487031408;0.04984287903142492;
217;11;Rickettsia monacensis;species;109232;33;1433;280;280;42;6.666666666666667;42;39;20259;613.9090909090909;0.001998472595944528;279.72139736919155;1.000996000425526;140107;114277;0.9230129939211587;0.049896037329235664;0.9235622867906645;0.049423501634905304;9.377364200541296;2.3553427023631938E-4;0.001998472595944528;0.14459662971871498;2.783586830065593E-4;0.01022789724995896;33;2.3553427023631938E-4;280;0.001998472595944528;20259;0.14459662971871498;39;2.783586830065593E-4;1433;0.01022789724995896;109232x175602-NZ-LN794217_1108868_aligned_1250_F_15_373_396;0.9230129939211587;0.049896037329235664;0.9235622867906645;0.049423501634905304;
218;11;Rickettsia asiatica;species;238800;19;966;108;108;23;4.695652173913044;18;22;13294;699.6842105263158;4.6863202839562957E-4;107.9749320289435;1.0002321647310672;230458;114277;0.9279864674112722;0.03834008806703992;0.92841225098048;0.03829898746100985;5.085047444211452;8.244452351404594E-5;4.6863202839562957E-4;0.057685131347143516;9.546207985836898E-5;0.00419165314287202;19;8.244452351404594E-5;108;4.6863202839562957E-4;13294;0.057685131347143516;22;9.546207985836898E-5;966;0.00419165314287202;238800x60302-NZ-AP019563_770327_aligned_233655_R_7_79_170;0.9279864674112722;0.03834008806703992;0.92841225098048;0.03829898746100985;
219;11;Rickettsia sibirica subgroup;;266068;0;0;0;0;0;;0;0;0;;;0.0;;0;114277;;;;;;;;;;;19;1.9751425997007035E-4;182;0.0017037791777780183;11503;0.12969232876204934;22;2.2270233089967812E-4;951;0.011052295702685278;;0.9026715104039272;0.08589705045641656;0.9040105608949026;0.0860121806330791;
220;12;Rickettsia sibirica;species;35793;11;305;145;145;14;10.357142857142858;21;14;4530;411.8181818181818;0.001217423428264374;144.91238058325246;1.0006046372048742;119104;266068;0.8998475828079436;0.09818470275262828;0.9008633268404475;0.09909193313421545;6.845629069898351;9.235626007522837E-5;0.001217423428264374;0.03803398710370769;1.1754433100483611E-4;0.0025607872111767867;19;1.9751425997007035E-4;182;0.0017037791777780183;11503;0.12969232876204934;22;2.2270233089967812E-4;951;0.011052295702685278;35793x245395-NZ-JBGDDU010000003_32610_aligned_86851_R_5_111_65;0.9026715104039272;0.08589705045641656;0.9040105608949026;0.0860121806330791;
221;13;Rickettsia sibirica subsp. mongolitimonae;subspecies;45261;0;0;0;0;0;;0;0;0;;;0.0;;0;35793;;;;;;;;;;;8;1.05157999894842E-4;37;4.8635574951364424E-4;6973;0.09165834165834166;8;1.05157999894842E-4;646;0.008491508491508492;;0.9065544108484045;0.07191141860170505;0.9083380077197784;0.07042202528386697;
222;14;Rickettsia sibirica subsp. mongolitimonae HA-91;strain;1144280;8;646;37;37;9;4.111111111111111;11;8;6973;871.625;4.8635574951364424E-4;36.99124693878117;1.0002366252003703;76076;45261;0.9065544108484045;0.07191141860170505;0.9083380077197784;0.07042202528386697;3.9510898637098992;1.05157999894842E-4;4.8635574951364424E-4;0.09165834165834166;1.05157999894842E-4;0.008491508491508492;8;1.05157999894842E-4;37;4.8635574951364424E-4;6973;0.09165834165834166;8;1.05157999894842E-4;646;0.008491508491508492;444612x54001-NZ-CM000770_1116030_aligned_205933_F_14_2405_282;0.9065544108484045;0.07191141860170505;0.9083380077197784;0.07042202528386697;
223;11;Rickettsia tamurae;species;334545;50;2697;222;214;61;3.639344262295082;18;59;32836;656.72;8.213048000276327E-4;221.90587963415322;0.9643728248787851;260561;114277;0.9103700776603881;0.046656059495220926;0.91168970971102;0.04525894166772611;4.219134140576105;1.9189364486626933E-4;8.520077832062358E-4;0.1260203944565764;2.264345009421978E-4;0.010350743204086568;359;0.008394054343509861;4729;0.12048675946212749;247146;5.81470990683945;387;0.008932935177819538;17904;0.4140085352567503;334545x209044-NZ-CCMG01000008_256301_aligned_368086_R_30_97_328;0.9207614499679618;0.049031805119082165;0.9211752756485719;0.04878371931695099;
224;12;Rickettsia tamurae subsp. buchneri;subspecies;1462938;309;15207;4507;4121;446;10.105381165919283;119;328;214310;693.5598705501618;0.10938868685796194;4247.8932068596905;0.9701279668107528;37673;334545;0.9224429017976662;0.04927193775774644;0.9227101568682405;0.04922746625540916;10.000679424694587;0.008202160698643591;0.11963475167892125;5.688689512382874;0.00870650067687734;0.4036577920526637;309;0.008202160698643591;4507;0.11963475167892125;214310;5.688689512382874;328;0.00870650067687734;15207;0.4036577920526637;1462938x212560-NZ-CP113531_259186_aligned_173135_F_177_345_133;0.9224429017976662;0.04927193775774644;0.9227101568682405;0.04922746625540916;
225;11;Rickettsia gravesii;species;354585;0;0;0;0;0;;0;0;0;;;0.0;;0;114277;;;;;;;;;;;22;7.176853993429917E-5;97;3.164340169830463E-4;12939;0.04220968810044986;26;8.481736537689901E-5;827;0.0026978446602575184;;0.931016230677058;0.03051053753750706;0.9311774170084571;0.03046007053556323;
226;12;Rickettsia gravesii BWI-1;strain;1397702;22;827;97;97;26;3.730769230769231;20;26;12939;588.1363636363636;3.164340169830463E-4;96.9848127346183;1.0001565942641273;306541;354585;0.931016230677058;0.03051053753750706;0.9311774170084571;0.03046007053556323;4.804645188212693;7.176853993429917E-5;3.164340169830463E-4;0.04220968810044986;8.481736537689901E-5;0.0026978446602575184;22;7.176853993429917E-5;97;3.164340169830463E-4;12939;0.04220968810044986;26;8.481736537689901E-5;827;0.0026978446602575184;1462938x212560-NZ-CP113531_963408_aligned_2789_F_29_263_333;0.931016230677058;0.03051053753750706;0.9311774170084571;0.03046007053556323;
227;11;Rickettsia hoogstraalii;species;467174;50;2542;366;366;68;5.382352941176471;20;60;32352;647.04;6.364719282838735E-4;365.8838683685026;1.0003174002505637;575045;114277;0.9154075546701944;0.05018941938149408;0.9161776663078985;0.04981702336478773;5.784770049906023;8.694971697867123E-5;6.364719282838735E-4;0.05625994487387943;1.0433966037440549E-4;0.004420523611195645;50;8.694971697867123E-5;366;6.364719282838735E-4;32352;0.05625994487387943;60;1.0433966037440549E-4;2542;0.004420523611195645;467174x143355-NZ-CCXM01000001_715689_aligned_31789_R_16_262_268;0.9154075546701944;0.05018941938149408;0.9161776663078985;0.04981702336478773;
228;11;Rickettsia asembonensis;species;1068590;36;1599;187;187;43;4.348837209302325;23;43;20360;565.5555555555555;3.8370229626331415E-4;186.96432019823956;1.000190837490932;487357;114277;0.9160913988575411;0.04268205263137026;0.9165764549647988;0.04267520980799092;5.515707962719842;7.386782174053107E-5;3.8370229626331415E-4;0.041776356962144795;8.82310093011899E-5;0.0032809624156419216;36;7.386782174053107E-5;187;3.8370229626331415E-4;20360;0.041776356962144795;43;8.82310093011899E-5;1599;0.0032809624156419216;1462938x212560-NZ-CP113531_34949_aligned_157864_F_12_336_209;0.9160913988575411;0.04268205263137026;0.9165764549647988;0.04267520980799092;
229;11;Rickettsia fournieri;species;1436798;15;630;55;44;24;2.2916666666666665;8;24;9715;647.6666666666666;4.041034872294114E-4;54.986363719713204;0.8001983950836438;108883;114277;0.9281958864094523;0.037899788034108;0.928327378848637;0.03813275108094752;2.1157621027332723;1.3776255246457207E-4;5.051293590367642E-4;0.08922421314622117;2.204200839433153E-4;0.005786027203512027;15;1.3776255246457207E-4;55;5.051293590367642E-4;9715;0.08922421314622117;24;2.204200839433153E-4;630;0.005786027203512027;444612x46237-NZ-GG688312_9719_aligned_225234_R_32_71_467;0.9281958864094523;0.037899788034108;0.928327378848637;0.03813275108094752;
230;11;Rickettsia argasii;species;1441385;0;0;0;0;0;;0;0;0;;;0.0;;0;114277;;;;;;;;;;;13;8.887430438765605E-5;97;6.63139040430972E-4;8414;0.05752218439367215;28;1.9142157868110534E-4;570;0.0038967964231510725;;0.9252269430690366;0.03862346288751713;0.9270334032637848;0.03974296379974075;
231;12;Rickettsia argasii T170-B;strain;1268837;13;570;97;92;28;3.4642857142857144;18;28;8414;647.2307692307693;6.289566156664889E-4;96.96817621628908;0.948764879260929;146274;1441385;0.9252269430690366;0.03862346288751713;0.9270334032637848;0.03974296379974075;4.962691495378983;8.887430438765605E-5;6.63139040430972E-4;0.05752218439367215;1.9142157868110534E-4;0.0038967964231510725;13;8.887430438765605E-5;97;6.63139040430972E-4;8414;0.05752218439367215;28;1.9142157868110534E-4;570;0.0038967964231510725;1462938x86281-NZ-JFKF01000199_13342_aligned_136404_R_28_1178_365;0.9252269430690366;0.03862346288751713;0.9270334032637848;0.03974296379974075;
232;11;Rickettsia koreansis;species;2358204;13;1381;31;31;14;2.2142857142857144;7;14;15833;1217.923076923077;1.9683289522140525E-4;30.997047687880332;1.0000952449455638;157494;114277;0.9342272259961558;0.02892324857693576;0.9343666970601212;0.02890682892807735;2.1187286256174924;8.254282702833123E-5;1.9683289522140525E-4;0.1005308138722745;8.88922752612798E-5;0.008768588009701957;13;8.254282702833123E-5;31;1.9683289522140525E-4;15833;0.1005308138722745;14;8.88922752612798E-5;1381;0.008768588009701957;1133329x83198-NZ-LAOP01000001_386534_aligned_130841_R_8_445_274;0.9342272259961558;0.02892324857693576;0.9343666970601212;0.02890682892807735;
233;11;unclassified spotted fever group;no rank;2750824;0;0;0;0;0;;0;0;0;;;0.0;;0;114277;;;;;;;;;;;7070;0.13359845694785455;121742;2.3029776097806267;4027265;76.10366330004878;7091;0.13396733987985013;264835;5.004274719261778;;0.9274561873477721;0.048155094862767055;0.9275362408137416;0.048128709021685596;
234;12;Rickettsia endosymbiont of Ixodes scapularis;species;444612;7055;264260;121657;14180;10819;11.244754598391719;132;7074;4018884;569.6504606661941;0.26838270086117155;47551.606790724625;0.2982023312567839;52835;2750824;0.9274670737508879;0.04817796972534554;0.9275429386752414;0.048154515209584296;8.92178524574029;0.13352891075991294;2.302583514715624;76.06480552663953;0.13388852086684963;5.001608782057349;7055;0.13352891075991294;121657;2.302583514715624;4018884;76.06480552663953;7074;0.13388852086684963;264260;5.001608782057349;444612x38930-NZ-GG688311_7246_aligned_20628_R_76_601_437;0.9274670737508879;0.04817796972534554;0.9275429386752414;0.048154515209584296;
235;12;Rickettsia sp. Tenjiku01;species;1736693;15;575;85;85;17;5.0;16;17;8381;558.7333333333333;3.9409506500250366E-4;84.98345013056023;1.0001947422635153;215684;2750824;0.9223359490822748;0.03668921085332105;0.924386013288321;0.03491757558832297;5.303300858899107;6.95461879416183E-5;3.9409506500250366E-4;0.038857773409246864;7.881901300050073E-5;0.002665937204428701;15;6.95461879416183E-5;85;3.9409506500250366E-4;8381;0.038857773409246864;17;7.881901300050073E-5;575;0.002665937204428701;444612x54001-NZ-CM000770_1711762_aligned_24770_R_24_368_391;0.9223359490822748;0.03668921085332105;0.924386013288321;0.03491757558832297;
236;11;Rickettsia tillamookensis;species;2761623;28;1727;97;97;34;2.8529411764705883;12;33;21602;771.5;1.779943885892752E-4;96.99145676434227;1.000088082352227;544961;114277;0.9296769091310557;0.03568056289568637;0.9303516820475183;0.03510220873495092;2.8191160546824374;5.137982351030624E-5;1.779943885892752E-4;0.03963953383820126;6.05547919942895E-5;0.003169034114367817;28;5.137982351030624E-5;97;1.779943885892752E-4;21602;0.03963953383820126;33;6.05547919942895E-5;1727;0.003169034114367817;1133329x83198-NZ-LAOP01000001_821998_aligned_283872_R_29_875_374;0.9296769091310557;0.03568056289568637;0.9303516820475183;0.03510220873495092;
237;11;Candidatus Rickettsia kedanie;species;3115352;30;1600;127;126;39;3.2564102564102564;20;39;26618;887.2666666666667;2.5009428157440303E-4;126.98412032733788;0.9922500520159447;503810;114277;0.9296441352162546;0.02997447304081302;0.929839296778619;0.02996448955481655;4.024385855192191;5.954625751771501E-5;2.520791568249935E-4;0.05283340942021794;7.741013477302952E-5;0.0031758004009448007;30;5.954625751771501E-5;127;2.520791568249935E-4;26618;0.05283340942021794;39;7.741013477302952E-5;1600;0.0031758004009448007;1462938x212560-NZ-CP113531_466485_aligned_97294_R_14_405_157;0.9296441352162546;0.02997447304081302;0.929839296778619;0.02996448955481655;
238;10;typhus group;species group;114292;5;110;16;16;10;1.6;4;10;2400;480.0;1.1159468809284678E-4;15.99916306709303;1.0000523110429878;143376;780;0.9484246254964572;0.023991042174143235;0.9494002352525548;0.022970798280564114;1.2649110640673518;3.487334002901462E-5;1.1159468809284678E-4;0.016739203213927016;6.974668005802924E-5;7.672134806383217E-4;34;6.829682442832006E-5;139;2.5277509313689317E-4;19408;0.03635809467269201;48;1.1350263270699937E-4;1058;0.0018578163805391683;1462938x212560-NZ-CP113531_1686433_aligned_36516_R_248_193_5;0.9368781222727788;0.03273989139695288;0.9387598391431763;0.03218001782212982;
239;11;Rickettsia prowazekii;species;782;15;557;83;83;21;3.9523809523809526;14;21;8244;549.6;9.445847412008517E-5;82.9961273254026;1.0000466609072278;878693;114292;0.9244670968037801;0.030750577062441435;0.9278724852320991;0.03074054379049478;4.271723194171065;1.7070808575919007E-5;9.445847412008517E-5;0.009382116393325085;2.389913200628661E-5;6.338960251191258E-4;15;1.7070808575919007E-5;83;9.445847412008517E-5;8244;0.009382116393325085;21;2.389913200628661E-5;557;6.338960251191258E-4;1462938x212560-NZ-CP113531_1707678_aligned_286468_R_39_256_322;0.9244670968037801;0.030750577062441435;0.9278724852320991;0.03074054379049478;
240;11;Rickettsia typhi;species;785;14;391;40;40;17;2.3529411764705883;5;17;8764;626.0;4.6721930923961224E-5;39.999088935945885;1.0000227771201382;856129;114292;0.946051898409678;0.03472611244366969;0.9466247197231236;0.03466632834930708;1.4552137502179976;1.635267582338643E-5;4.6721930923961224E-5;0.010236775065439905;1.9856820642683522E-5;4.56706874781721E-4;14;1.635267582338643E-5;40;4.6721930923961224E-5;8764;0.010236775065439905;17;1.9856820642683522E-5;391;4.56706874781721E-4;42862x66326-NZ-JSEL01000012_83307_aligned_95522_R_23_417_458;0.946051898409678;0.03472611244366969;0.9466247197231236;0.03466632834930708;
241;10;unclassified Rickettsia;no rank;114295;63;2294;1338;1327;202;6.623762376237623;49;155;35690;566.5079365079365;3.240828479824316E-4;1337.7815782820699;0.9919407035818842;4094632;780;0.9270989885429608;0.051085814572255375;0.9281690889952937;0.050113996783760856;7.413650828702461;1.5385998057945134E-5;3.2676929208778715E-4;0.008716290010921616;3.785443966637295E-5;5.602457070623196E-4;259;0.0014431981384152495;3931;0.014511710713380978;174393;0.9804524541391085;585;0.003005822057186927;11514;0.05673292497843219;3066267x246428-NZ-OZ198175_307454_aligned_193205_F_10_232_224;0.9309253466169849;0.04657607344419471;0.9319580824064104;0.04632719758816844;
242;11;Rickettsia sp.;species;789;20;767;200;197;53;3.7735849056603774;16;53;12545;627.25;3.8171932584879265E-4;199.96144546689334;0.985189917686489;516086;114295;0.9318276169383759;0.054506200507191724;0.9323616033937304;0.054740341243273975;3.6723578122653353;3.875323105063885E-5;3.8753231050638845E-4;0.024307964176513215;1.0269606228419295E-4;0.0014861864107919998;20;3.875323105063885E-5;200;3.8753231050638845E-4;12545;0.024307964176513215;53;1.0269606228419295E-4;767;0.0014861864107919998;1462938x212560-NZ-CP113531_1323833_aligned_159563_R_28_288_342;0.9318276169383759;0.054506200507191724;0.9323616033937304;0.054740341243273975;
243;11;Rickettsia endosymbiont of Ixodes pacificus;species;1133329;55;3970;831;807;120;6.925;41;101;51594;938.0727272727273;0.004353807558468884;829.1422058385085;0.9732950443451178;185355;114295;0.9201881056377916;0.044196910959638985;0.9218889908274809;0.0446399096250246;8.104529805074723;2.9672790051522754E-4;0.004483288824148256;0.27835235089423;5.449003264006906E-4;0.021418359364462788;55;2.9672790051522754E-4;831;0.004483288824148256;51594;0.27835235089423;101;5.449003264006906E-4;3970;0.021418359364462788;1133329x83198-NZ-LAOP01000001_2613_aligned_135071_R_6_553_513;0.9201881056377916;0.044196910959638985;0.9218889908274809;0.0446399096250246;
244;11;Rickettsia sp. MEAM1 (Bemisia tabaci);species;1182263;5;136;41;39;11;3.727272727272727;19;11;3019;603.8;0.0053358872622793815;40.888008835961855;0.9538248770309081;7309;114295;0.9504464531498614;0.014037310465120731;0.9504464531498614;0.014037310465120731;5.386852682056733;6.840881105486386E-4;0.005609522506498837;0.413052401149268;0.0015049938432070051;0.018607196606922973;5;6.840881105486386E-4;41;0.005609522506498837;3019;0.413052401149268;11;0.0015049938432070051;136;0.018607196606922973;444612x44192-NZ-GG688316_24792_aligned_294875_R_228_465_2;0.9504464531498614;0.014037310465120731;0.9504464531498614;0.014037310465120731;
245;11;Rickettsia endosymbiont of Proechinophthirus fluctus;species;1462733;14;331;96;96;25;3.84;15;25;6512;465.14285714285717;4.18630815588765E-4;95.98011775364908;1.000207149634906;229319;114295;0.9481189397709027;0.0365592299852295;0.9481189397709027;0.0365592299852295;4.552288801617636;6.105032727336156E-5;4.18630815588765E-4;0.028397123657437892;1.0901844155957422E-4;0.0014434041662487627;14;6.105032727336156E-5;96;4.18630815588765E-4;6512;0.028397123657437892;25;1.0901844155957422E-4;331;0.0014434041662487627;444612x54001-NZ-CM000770_877312_aligned_118512_R_14_251_296;0.9481189397709027;0.0365592299852295;0.9481189397709027;0.0365592299852295;
246;11;Rickettsia sp. TH2014;species;1967503;20;1073;586;586;76;7.7105263157894735;57;59;15099;754.95;0.0010352387497283824;585.6972967761384;1.0005168253729833;566053;114295;0.931763751944654;0.040040284178496824;0.9337165721625482;0.039063018795383694;10.68184227490581;3.533238053680486E-5;0.0010352387497283824;0.026674180686260828;1.0423052258357432E-4;0.0018955822157995805;20;3.533238053680486E-5;586;0.0010352387497283824;15099;0.026674180686260828;59;1.0423052258357432E-4;1073;0.0018955822157995805;1967503x199439-NZ-MXAX01000053_1180_aligned_276767_R_23_1731_168;0.931763751944654;0.040040284178496824;0.9337165721625482;0.039063018795383694;
247;11;Rickettsia endosymbiont of Halotydeus destructor;species;2996754;1;21;3;3;2;1.5;2;2;599;599.0;2.3371220678856057E-6;2.9999976627964875;1.0000007790684444;1283630;114295;0.9630931458699473;;0.9630931458699473;;0.7071067811865476;7.790406892952019E-7;2.3371220678856057E-6;4.6664537288782594E-4;1.5580813785904037E-6;1.635985447519924E-5;1;7.790406892952019E-7;3;2.3371220678856057E-6;599;4.6664537288782594E-4;2;1.5580813785904037E-6;21;1.635985447519924E-5;2020671x138139-NZ-CP118226_727667_aligned_200188_R_9_200_251;0.9630931458699473;;0.9630931458699473;;
248;11;Rickettsia endosymbiont of Aspidapion aeneum;species;3066247;1;19;1;1;1;1.0;1;1;444;444.0;8.643789437289307E-5;1.0000000000001243;0.9999999999998757;11569;114295;0.9541062801932367;;0.9541062801932367;;;8.643789437289307E-5;8.643789437289307E-5;0.03837842510156453;8.643789437289307E-5;0.0016423199930849684;1;8.643789437289307E-5;1;8.643789437289307E-5;444;0.03837842510156453;1;8.643789437289307E-5;19;0.0016423199930849684;444612x54001-NZ-CM000770_733369_aligned_185797_F_23_204_214;0.9541062801932367;;0.9541062801932367;;
249;11;Rickettsia endosymbiont of Cantharis rufa;species;3066248;20;646;154;154;47;3.276595744680851;20;47;11432;571.6;1.6052267851893854E-4;153.9877206564517;1.000079742355403;959366;114295;0.9381701715972826;0.031275236682879286;0.9394898196911242;0.03151643862701434;3.524461893306949;2.0847101106355654E-5;1.6052267851893854E-4;0.011916202992392893;4.8990687599935794E-5;6.733613657352877E-4;20;2.0847101106355654E-5;154;1.6052267851893854E-4;11432;0.011916202992392893;47;4.8990687599935794E-5;646;6.733613657352877E-4;444612x54001-NZ-CM000770_1477469_aligned_143469_R_21_369_320;0.9381701715972826;0.031275236682879286;0.9394898196911242;0.03151643862701434;
250;11;Rickettsia endosymbiont of Ceutorhynchus obstrictus;species;3066249;1;10;1;1;1;1.0;1;1;761;761.0;9.091983598061589E-6;1.0000000000051572;0.9999999999948428;109987;114295;0.9863201094391245;;0.9863201094391245;;;9.091983598061589E-6;9.091983598061589E-6;0.00691899951812487;9.091983598061589E-6;9.09198359806159E-5;1;9.091983598061589E-6;1;9.091983598061589E-6;761;0.00691899951812487;1;9.091983598061589E-6;10;9.09198359806159E-5;1462938x212560-NZ-CP113531_1066573_aligned_3049_F_20_256_485;0.9863201094391245;;0.9863201094391245;;
251;11;Rickettsia endosymbiont of Orchestes rusci;species;3066250;2;97;7;7;4;1.75;4;4;1369;684.5;1.6914790534483216E-5;6.999949255680952;1.0000072492409866;413839;114295;0.9251262219357611;0.057121527495143695;0.9251262219357611;0.057121527495143695;1.5;4.8327972955666334E-6;1.6914790534483216E-5;0.0033080497488153604;9.665594591133267E-6;2.343906688349817E-4;2;4.8327972955666334E-6;7;1.6914790534483216E-5;1369;0.0033080497488153604;4;9.665594591133267E-6;97;2.343906688349817E-4;1462938x212560-NZ-CP113531_1041196_aligned_2653_F_25_296_347;0.9251262219357611;0.057121527495143695;0.9251262219357611;0.057121527495143695;
252;11;Rickettsia endosymbiont of Polydrusus tereticollis;species;3066251;4;76;64;64;17;3.764705882352941;12;17;1945;486.25;5.200808075554739E-5;63.998361775431356;1.0000255979141215;1230578;114295;0.951982255227481;0.03175300139836334;0.951982255227481;0.03175300139836334;3.7337884876607883;3.250505047221712E-6;5.200808075554739E-5;0.0015805580792115576;1.3814646450692276E-5;6.175959589721253E-5;4;3.250505047221712E-6;64;5.200808075554739E-5;1945;0.0015805580792115576;17;1.3814646450692276E-5;76;6.175959589721253E-5;444612x47268-NZ-CM000772_45530_aligned_50734_R_3_351_79;0.951982255227481;0.03175300139836334;0.951982255227481;0.03175300139836334;
253;11;Rickettsia endosymbiont of Rhinocyllus conicus;species;3066252;7;439;47;45;20;2.35;8;20;7462;1066.0;4.2379665294821204E-4;46.989820900361785;0.9576542139928338;106183;114295;0.9524783005339756;0.02600585085840121;0.9524783005339756;0.02600585085840121;1.954078056944394;6.592392379194409E-5;4.4263205974591035E-4;0.0702749027622124;1.8835406797698313E-4;0.00413437179209478;7;6.592392379194409E-5;47;4.4263205974591035E-4;7462;0.0702749027622124;20;1.8835406797698313E-4;439;0.00413437179209478;444612x47268-NZ-CM000772_53791_aligned_444819_R_9_448_289;0.9524783005339756;0.02600585085840121;0.9524783005339756;0.02600585085840121;
254;11;Rickettsia endosymbiont of Urophora cardui;species;3066265;26;875;345;330;53;6.509433962264151;24;50;14221;546.9615384615385;6.570315315405001E-4;344.88188067678567;0.9568493402796867;502259;114295;0.9340162810623043;0.040007123954047666;0.9349263227570402;0.03998217471125062;6.832114892491856;5.176612066682728E-5;6.868966011559773E-4;0.028314077000113486;9.955023205159091E-5;0.001742129060902841;26;5.176612066682728E-5;345;6.868966011559773E-4;14221;0.028314077000113486;50;9.955023205159091E-5;875;0.001742129060902841;444612x54001-NZ-CM000770_746401_aligned_29388_R_34_274_426;0.9340162810623043;0.040007123954047666;0.9349263227570402;0.03998217471125062;
255;11;Rickettsia endosymbiont of Gonocerus acuteangulatus;species;3066266;4;91;17;17;10;1.7;6;10;2932;733.0;2.4658873495627402E-5;16.999802730281758;1.0000116042357299;689407;114295;0.9646633562068452;0.01750345757871387;0.9659071373013726;0.01971062371434651;1.636391694484477;5.802087881324095E-6;2.4658873495627402E-5;0.004252930417010561;1.4505219703310236E-5;1.3199749930012316E-4;4;5.802087881324095E-6;17;2.4658873495627402E-5;2932;0.004252930417010561;10;1.4505219703310236E-5;91;1.3199749930012316E-4;444612x38930-NZ-GG688311_5153_aligned_430814_R_14_614_249;0.9646633562068452;0.01750345757871387;0.9659071373013726;0.01971062371434651;
256;11;Rickettsia endosymbiont of Pantilius tunicatus;species;3066267;11;477;145;145;15;9.666666666666666;27;14;5673;515.7272727272727;4.519893766910637E-4;144.9674615980753;1.0002244531398012;320804;114295;0.9101911148543835;0.0867379834434196;0.9103500468314973;0.08676907530406998;9.068522219088138;3.4288849266218623E-5;4.519893766910637E-4;0.01768369471702348;4.364035361155098E-5;0.0014868891909078441;11;3.4288849266218623E-5;145;4.519893766910637E-4;5673;0.01768369471702348;14;4.364035361155098E-5;477;0.0014868891909078441;3066267x246428-NZ-OZ198175_1650683_aligned_131955_R_5_178_69;0.9101911148543835;0.0867379834434196;0.9103500468314973;0.08676907530406998;
257;11;Rickettsia endosymbiont of Nabis limbatus;species;3066268;5;192;55;55;15;3.6666666666666665;16;15;3096;619.2;3.1723875388617475E-4;54.99143542672555;1.0001557437664246;173371;114295;0.9293452706997452;0.046276399815716865;0.9293452706997452;0.046276399815716865;5.10834984072529;2.8839886716924976E-5;3.1723875388617475E-4;0.017857657855119946;8.651966015077492E-5;0.001107451649929919;5;2.8839886716924976E-5;55;3.1723875388617475E-4;3096;0.017857657855119946;15;8.651966015077492E-5;192;0.001107451649929919;444612x44192-NZ-GG688316_21224_aligned_233030_R_26_3480_415;0.9293452706997452;0.046276399815716865;0.9293452706997452;0.046276399815716865;
258;10;belli group;species group;1129742;4;107;32;32;9;3.5555555555555554;16;9;1886;471.5;4.5183699980232134E-4;31.992997515191938;1.0002188755462735;70822;780;0.9386242812512391;0.013198098063758086;0.9386242812512391;0.013198098063758086;4.772607021092118;5.647962497529017E-5;4.5183699980232134E-4;0.026630143175849313;1.2707915619440286E-4;0.001510829968089012;47;1.2876731766933887E-4;358;0.0010766399009178407;26471;0.06624735211260618;96;2.888720187425563E-4;1737;0.004213024953259793;1462938x212560-NZ-CP113531_748354_aligned_557855_R_16_207_173;0.9242989938197692;0.04266128885742477;0.9254934261364801;0.040611068378763084;
259;11;Rickettsia canadensis;species;788;15;593;133;133;33;4.03030303030303;22;33;8560;570.6666666666666;2.1615191091290864E-4;132.98573498760368;1.0001072672373292;615308;1129742;0.9264941223543063;0.034204296950039036;0.9264941223543063;0.034204296950039036;5.01550625862465;2.437803506536564E-5;2.1615191091290864E-4;0.013911732010635324;5.36316771438044E-5;9.637449862507882E-4;20;4.513579963532738E-5;192;4.6190549692341277E-4;10849;0.023397979064536084;47;1.117042079951545E-4;768;0.0016933423677333716;1462938x212560-NZ-CP113531_1297502_aligned_137361_R_25_391_319;0.9204982954645992;0.042979882800478875;0.9208790061244976;0.04266513513430499;
260;12;Rickettsia canadensis str. McKiel;strain;293613;2;45;17;17;6;2.8333333333333335;7;6;1051;525.5;6.932154595202948E-5;16.999445438853154;1.0000326223081124;245234;788;0.9399493236061867;0.0801867471085094;0.9437564302051713;0.07480268532282967;2.8577380332470415;8.15547599435641E-6;6.932154595202948E-5;0.004285702635034294;2.446642798306923E-5;1.8349820987301923E-4;2;8.15547599435641E-6;17;6.932154595202948E-5;1051;0.004285702635034294;6;2.446642798306923E-5;45;1.8349820987301923E-4;1462938x212560-NZ-CP113531_23774_aligned_29326_F_41_166_485;0.9399493236061867;0.0801867471085094;0.9437564302051713;0.07480268532282967;
261;12;Rickettsia canadensis str. CA410;strain;1105107;3;130;42;42;8;5.25;19;8;1238;412.6666666666667;1.7643204005847462E-4;41.99638334603151;1.0000861182244836;238052;788;0.877551808921672;0.05224945235873998;0.877551808921672;0.05224945235873998;6.341473465550866;1.260228857560533E-5;1.7643204005847462E-4;0.005200544418866466;3.360610286828088E-5;5.460991716095643E-4;3;1.260228857560533E-5;42;1.7643204005847462E-4;1238;0.005200544418866466;8;3.360610286828088E-5;130;5.460991716095643E-4;444612x54001-NZ-CM000770_1010572_aligned_27422_F_18_211_383;0.877551808921672;0.05224945235873998;0.877551808921672;0.05224945235873998;
262;11;Rickettsia bellii;species;33990;2;52;24;24;11;2.1818181818181817;13;11;1204;602.0;3.6687655062667104E-5;23.99957809709873;1.0000175795965898;654171;1129742;0.9492781155015197;0.004029863874518728;0.9526025835866261;0.008731371728199143;3.6005050150827955;3.057304588555592E-6;3.6687655062667104E-5;0.0018404973623104663;1.6815175237055756E-5;7.948991930244539E-5;2;3.057304588555592E-6;24;3.6687655062667104E-5;1204;0.0018404973623104663;11;1.6815175237055756E-5;52;7.948991930244539E-5;444612x47881-NZ-CM000773_11791_aligned_465211_R_13_460_311;0.9492781155015197;0.004029863874518728;0.9526025835866261;0.008731371728199143;
263;11;Rickettsia oklahomensis;species;3141789;21;810;110;110;29;3.793103448275862;20;29;12532;596.7619047619048;1.2620974912943956E-4;109.99312185090686;1.0000625325381933;871565;1129742;0.9228111163918653;0.047790284949716336;0.9248051720831618;0.04363819736341958;4.89445247444804;2.4094588470165738E-5;1.2620974912943956E-4;0.014378732509910334;3.327347931594316E-5;9.293626981349641E-4;21;2.4094588470165738E-5;110;1.2620974912943956E-4;12532;0.014378732509910334;29;3.327347931594316E-5;810;9.293626981349641E-4;1462938x212560-NZ-CP113531_1605162_aligned_2581_F_6_284_159;0.9228111163918653;0.047790284949716336;0.9248051720831618;0.04363819736341958;
264;10;Rickettsia incertae sedis;no rank;2749451;0;0;0;0;0;;0;0;0;;;0.0;;0;780;;;;;;;;;;;16;8.46699723235028E-5;134;7.09111018209336E-4;9854;0.05214611920473729;36;1.9050743772788128E-4;479;0.002534807296434865;;0.9494391660355784;0.02738169248497081;0.9507224436563723;0.026851667613847434;
265;11;Candidatus Rickettsia colombianensi;species;1090944;16;479;134;132;37;3.6216216216216215;19;36;9854;615.875;6.985272716688981E-4;133.95285509612646;0.9854213253258017;188969;2749451;0.9494391660355784;0.02738169248497081;0.9507224436563723;0.026851667613847434;4.105222631338385;8.46699723235028E-5;7.09111018209336E-4;0.05214611920473729;1.9050743772788128E-4;0.002534807296434865;16;8.46699723235028E-5;134;7.09111018209336E-4;9854;0.05214611920473729;36;1.9050743772788128E-4;479;0.002534807296434865;1462938x212560-NZ-CP113531_1495224_aligned_45472_R_28_240_358;0.9494391660355784;0.02738169248497081;0.9507224436563723;0.026851667613847434;
266;7;Anaplasmataceae;family;942;26;465;1747;1176;367;4.760217983651226;44;326;10422;400.84615384615387;0.009453376205787782;1734.797228696108;0.6778890238854567;124400;766;0.9485531878395435;0.03238703478404467;0.9485531878395435;0.03238703478404467;5.056754175741921;2.090032154340836E-4;0.014043408360128618;0.0837781350482315;0.0026205787781350483;0.003737942122186495;66259;0.17385380240132672;1860214;2.3380290471630616;37265512;122.94498301603966;68570;0.18050808542189728;2298320;9.657067823853787;1359167x228351-NZ-LANU01000002_348470_aligned_166175_R_10_556_259;0.9324061538737889;0.043831857298323194;0.9324117321583176;0.043830790869892784;
267;8;Anaplasma;genus;768;1;1;27;26;5;5.4;13;5;267;267.0;3.938576386416759E-5;26.999468298417288;0.9629819266301671;660137;942;0.9957805907172996;;0.9957805907172996;;5.683308895353129;1.5148370716987535E-6;4.090060093586634E-5;4.0446149814356714E-4;7.5741853584937676E-6;1.5148370716987535E-6;32688;0.030887720761641896;946621;0.44268643067318697;21391574;18.205440676267084;32697;0.03089645809317012;1372048;1.344621110201327;1392505x68704-NZ-JFBH01000009_40852_aligned_118187_R_23_3001_340;0.9310183703689456;0.045100693014941726;0.9310183703689456;0.045100693014941726;
268;9;Anaplasma centrale;species;769;0;0;0;0;0;;0;0;0;;;0.0;;0;768;;;;;;;;;;;0;0.0;2;2.5224084460324406E-6;0;0.0;1;1.2612042230162203E-6;0;0.0;;;;;;
269;10;Anaplasma centrale str. Israel;strain;574556;0;0;2;2;1;2.0;2;1;0;;2.5224084460324406E-6;1.9999987388768021;1.0000006305619966;792893;769;;;;;;0.0;2.5224084460324406E-6;0.0;1.2612042230162203E-6;0.0;0;0.0;2;2.5224084460324406E-6;0;0.0;1;1.2612042230162203E-6;0;0.0;2020671x138139-NZ-CP118226_919506_aligned_267794_R_68_147_119;;;;;
270;9;Anaplasma marginale;species;770;1;583;583;557;34;17.147058823529413;70;1;4323;4323.0;4.045325071283421E-4;582.8768034254541;0.9556050210380973;1376898;768;0.8641975308641975;;0.8641975308641975;;16.43745234433221;7.262702102842767E-7;4.234155325957333E-4;0.0031396661190589282;7.262702102842767E-7;4.234155325957333E-4;2;1.836084940581263E-4;584;6.062977564435753E-4;4879;0.10482218257845907;2;1.836084940581263E-4;638;0.010481937844227043;770x57421-NZ-PKOF01000027_2889_aligned_269312_R_5_4229_147;0.879817396610806;0.022089825981295674;0.879817396610806;0.022089825981295674;
271;10;Anaplasma marginale str. Florida;strain;320483;1;55;1;1;1;1.0;1;1;556;556.0;1.82882223847842E-4;1.0000000000002078;0.9999999999997922;5468;770;0.8954372623574145;;0.8954372623574145;;;1.82882223847842E-4;1.82882223847842E-4;0.10168251645940014;1.82882223847842E-4;0.01005852231163131;1;1.82882223847842E-4;1;1.82882223847842E-4;556;0.10168251645940014;1;1.82882223847842E-4;55;0.01005852231163131;2020671x138139-NZ-CP118226_200336_aligned_91287_R_22_313_225;0.8954372623574145;;0.8954372623574145;;
272;9;Anaplasma platys;species;949;0;0;1;1;1;1.0;1;1;0;;8.543481622543856E-7;0.9999999999549025;1.0000000000450975;1170483;768;;;;;;0.0;8.543481622543856E-7;0.0;8.543481622543856E-7;0.0;0;0.0;1;8.543481622543856E-7;0;0.0;1;8.543481622543856E-7;0;0.0;2020671x138139-NZ-CP118226_951269_aligned_69739_R_9_69_98;;;;;
273;9;phagocytophilum group;species group;106179;0;0;0;0;0;;0;0;0;;;0.0;;0;768;;;;;;;;;;;32683;0.030700712470620686;945688;0.4417343480055915;21381926;18.09595389204265;32686;0.03070127490147684;1371090;1.3338361499664206;;0.9310197690491069;0.04510074638801329;0.9310197690491069;0.04510074638801329;
274;10;Anaplasma phagocytophilum;species;948;31925;1337875;937531;53095;78688;11.91453588857259;204;31928;20947383;656.1435552075176;0.009954088769211935;859760.6876688089;0.06175555682124058;5333989;106179;0.9313887781124056;0.04469684630379477;0.9313887781124056;0.04469684630379477;10.677272414948417;0.005985201694266711;0.17576545433445775;3.9271515183102177;0.005985764125122868;0.25082072722684656;32683;0.030700712470620686;945688;0.4417343480055915;21381926;18.09595389204265;32686;0.03070127490147684;1371090;1.3338361499664206;948x109553-NZ-FLME02000224_2436_aligned_554689_R_10_419_255;0.9310197690491069;0.04510074638801329;0.9310197690491069;0.04510074638801329;
275;11;Anaplasma phagocytophilum str. CRT53-1;strain;1359157;758;33215;8157;270;822;9.923357664233576;45;758;434543;573.2757255936675;0.008803677981023182;7162.449134022962;0.037696602788765354;30669;948;0.9154780614688786;0.05760811786944938;0.9154780614688786;0.05760811786944938;7.428602222349021;0.024715510776353974;0.26596889367113374;14.168802373732433;0.024715510776353974;1.083015422739574;758;0.024715510776353974;8157;0.26596889367113374;434543;14.168802373732433;758;0.024715510776353974;33215;1.083015422739574;1359157x118545-NZ-LAOD01000041_7668_aligned_555733_R_10_282_307;0.9154780614688786;0.05760811786944938;0.9154780614688786;0.05760811786944938;
276;9;Anaplasma bovis;species;186733;1;185;185;185;16;11.5625;42;1;2760;2760.0;1.7746552372474233E-4;184.9836741195934;1.000088255790595;1042456;768;0.9322344322344323;;0.9322344322344323;;11.91060451866319;9.592731012148234E-7;1.7746552372474233E-4;0.0026475937593529127;9.592731012148234E-7;1.7746552372474233E-4;1;9.592731012148234E-7;185;1.7746552372474233E-4;2760;0.0026475937593529127;1;9.592731012148234E-7;185;1.7746552372474233E-4;186733x45133-NZ-JAWLNY010000056_616_aligned_34456_R_11_2654_151;0.9322344322344323;;0.9322344322344323;;
277;9;Anaplasma capra;species;1562740;1;134;134;134;11;12.181818181818182;48;1;1742;1742.0;1.2404202988302096E-4;133.99175154804595;1.000061559400924;1080279;768;0.9217289719626168;;0.9217289719626168;;13.984406900674635;9.256867901717982E-7;1.2404202988302096E-4;0.0016125463884792725;9.256867901717982E-7;1.2404202988302096E-4;1;9.256867901717982E-7;134;1.2404202988302096E-4;1742;0.0016125463884792725;1;9.256867901717982E-7;134;1.2404202988302096E-4;1562740x235226-NZ-JAOTBF010000018_6819_aligned_236512_R_389_1351_14;0.9217289719626168;;0.9217289719626168;;
278;8;Ehrlichia;genus;943;29780;795798;836744;575445;51805;16.151800019303156;215;30906;13824782;464.23042310275355;0.5503217131512205;575910.369893398;0.9991919404169017;1045652;942;0.9341686490906541;0.042304642771605706;0.9341699490038122;0.042304527481649895;11.317818213939384;0.028479838416605143;0.8002126902640649;13.22120743803866;0.029556678512545283;0.761054346952906;33545;0.14275707842425073;911846;1.8812992081297466;15863516;104.65576420472433;35547;0.14699104855059214;925807;8.308708771530274;1359167x229926-NZ-LANU01000003_195717_aligned_230911_R_9_464_83;0.9337459673876715;0.04252251722245113;0.9337569857675968;0.04251999795698405;
279;9;canis group;species group;106178;249;7409;11103;7719;1255;8.847011952191234;85;1009;125590;504.37751004016064;0.030535830844393458;10862.715274952676;0.7105958137187416;252785;943;0.9366409796320604;0.03942999022902575;0.9368462307912385;0.03949415406683328;7.707606502815863;9.85026801432047E-4;0.043922701109638626;0.4968253654291196;0.003991534307810986;0.029309492256265206;3765;0.11427724000764558;75102;1.0810865178656814;2038734;91.43455676668567;4641;0.11743437003804685;130009;7.547654424577366;2020671x138139-NZ-CP118226_1058220_aligned_45843_R_183_468_152;0.9304026842230447;0.04407118244165317;0.9304905727066419;0.04405688898366583;
280;10;Ehrlichia ruminantium;species;779;51;3753;1559;1557;143;10.902097902097902;125;55;47313;927.7058823529412;3.2202915180789274E-4;1558.7488441255762;0.9988780462406327;4834966;106178;0.9206241611072757;0.045311926196502955;0.9206694628589117;0.04532303844845626;15.448831801094757;1.0548161041877026E-5;3.22442805182084E-4;0.009785591046555447;1.1375467790259539E-5;7.762205566698918E-4;53;1.913362070738752E-5;1561;3.310282648475945E-4;48656;0.015550727211945743;57;1.9960927455770032E-5;3793;9.479297499801016E-4;779x96009-NZ-LUFS01000243_1734_aligned_12971_R_8_3318_354;0.9224280029516633;0.04537711792673368;0.9224715952032375;0.04538602249111773;
281;11;Ehrlichia ruminantium str. Gardel;strain;302409;2;40;2;2;2;1.0;1;2;1343;671.5;8.585459665510492E-6;1.9999957072607089;1.0000021463742526;232952;779;0.9684259699835445;0.004025219265801074;0.9684259699835445;0.004025219265801074;0.0;8.585459665510492E-6;8.585459665510492E-6;0.005765136165390295;8.585459665510492E-6;1.7170919331020983E-4;2;8.585459665510492E-6;2;8.585459665510492E-6;1343;0.005765136165390295;2;8.585459665510492E-6;40;1.7170919331020983E-4;2020671x138139-NZ-CP118226_767997_aligned_351083_R_421_163_4;0.9684259699835445;0.004025219265801074;0.9684259699835445;0.004025219265801074;
282;10;Ehrlichia canis;species;944;33;1174;131;128;42;3.119047619047619;17;42;16630;503.93939393939394;1.1257715492903242E-4;130.99251125645065;0.9771550966711977;1136998;106178;0.9244700942824898;0.04385936649701521;0.9250004403285542;0.04383438540839405;3.755986317492293;2.902379775514117E-5;1.1521568199768161E-4;0.014626235050545383;3.693937896108876E-5;0.0010325435928647193;33;2.902379775514117E-5;131;1.1521568199768161E-4;16630;0.014626235050545383;42;3.693937896108876E-5;1174;0.0010325435928647193;1359167x229926-NZ-LANU01000003_217442_aligned_151770_F_11_349_167;0.9244700942824898;0.04385936649701521;0.9250004403285542;0.04383438540839405;
283;10;Ehrlichia chaffeensis;species;945;118;4608;834;834;136;6.132352941176471;115;129;66598;564.3898305084746;7.01028258835772E-4;833.7080897841522;1.0003501348006871;1189681;106178;0.9264131893677442;0.053623905726105786;0.926487454544347;0.05361901092328819;11.159987271683576;9.918625244918595E-5;7.01028258835772E-4;0.05597971220856683;1.0843242852495752E-4;0.003873307214286855;118;9.918625244918595E-5;834;7.01028258835772E-4;66598;0.05597971220856683;129;1.0843242852495752E-4;4608;0.003873307214286855;1249655x209288-NZ-CP007478_553983_aligned_59678_F_9_179_152;0.9264131893677442;0.053623905726105786;0.926487454544347;0.05361901092328819;
284;10;Ehrlichia muris;species;35795;2523;74642;51782;35150;3964;13.063067608476286;210;2573;1220919;483.9155766944114;0.05452706497020014;49756.8582894106;0.7064352776365047;644634;106178;0.9313603069065782;0.044403821360043484;0.9314402142435562;0.04438576208954051;10.64254424200071;0.003913848788614935;0.08032775187160467;1.8939723936373198;0.003991412181175675;0.11578973495037494;2655;0.11247505324793318;52641;1.0280302729229174;1311104;90.38196938709838;2707;0.11256189716762786;81509;7.480852797889535;1359167x228351-NZ-LANU01000002_413643_aligned_132293_R_14_502_218;0.930744612370993;0.04444989765117031;0.9308222489221258;0.044433314254181684;
285;11;Ehrlichia cf. muris str. EmCRT;strain;1359167;7;425;49;49;7;7.0;23;7;4365;623.5714285714286;0.2;44.493045241472;1.1012957133877423;245;35795;0.8976590956523761;0.03827999651130218;0.8976590956523761;0.03827999651130218;8.621678104251709;0.02857142857142857;0.2;17.816326530612244;0.02857142857142857;1.7346938775510203;7;0.02857142857142857;49;0.2;4365;17.816326530612244;7;0.02857142857142857;425;1.7346938775510203;1359167x228878-NZ-LANU01000001_35236_aligned_54129_R_12_324_170;0.8976590956523761;0.03827999651130218;0.8976590956523761;0.03827999651130218;
286;11;Ehrlichia muris AS145;strain;1423892;106;5102;632;626;126;5.015873015873016;31;108;69006;651.0;0.002904804992923598;631.075650959782;0.9919571434073512;215505;35795;0.9239375701130166;0.036377316677938684;0.9239802006041676;0.03637011248581527;6.759862870779705;4.91867938098884E-4;0.0029326465743254215;0.3202060277023735;5.011484652328252E-4;0.02367462471868402;106;4.91867938098884E-4;632;0.0029326465743254215;69006;0.3202060277023735;108;5.011484652328252E-4;5102;0.02367462471868402;1423892x42175-NC-023063_854512_aligned_26056_R_325_578_10;0.9239375701130166;0.036377316677938684;0.9239802006041676;0.03637011248581527;
287;11;Ehrlichia muris subsp. eauclairensis;subspecies;2020671;19;1340;178;149;19;9.368421052631579;28;19;16814;884.9473684210526;0.6234309623430963;125.68956984579683;1.1854603383781308;239;35795;0.8991523904286082;0.07106195822393059;0.8991523904286082;0.07106195822393059;6.775860144790061;0.0794979079497908;0.7447698744769874;70.35146443514644;0.0794979079497908;5.606694560669456;19;0.0794979079497908;178;0.7447698744769874;16814;70.35146443514644;19;0.0794979079497908;1340;5.606694560669456;2020671x138139-NZ-CP118226_549945_aligned_256_F_10_509_276;0.8991523904286082;0.07106195822393059;0.8991523904286082;0.07106195822393059;
288;10;Ehrlichia japonica;species;391036;307;13320;1219;1203;342;3.564327485380117;31;340;191921;625.1498371335505;0.0014508204431816264;1218.1051369175184;0.9875994801600273;829186;106178;0.9240666849528901;0.045360146320856685;0.9241969238175191;0.04529710388013075;5.028973180210601;3.7024262348857794E-4;0.001470116475676145;0.23145711577378297;4.1004069050852284E-4;0.016063947051686834;307;3.7024262348857794E-4;1219;0.001470116475676145;191921;0.23145711577378297;340;4.1004069050852284E-4;13320;0.016063947051686834;2020671x138139-NZ-CP118226_283600_aligned_239856_R_16_132_293;0.9240666849528901;0.045360146320856685;0.9241969238175191;0.04529710388013075;
289;10;Ehrlichia minasensis;species;1242993;350;18196;7613;1602;635;11.988976377952756;103;357;278235;794.9571428571429;0.0013711914558167363;7588.253279865626;0.21111577868001377;1168327;106178;0.9320403726648635;0.0384896282297727;0.9320549701726267;0.03848092159060208;10.354057315553304;2.99573663880061E-4;0.006516155151768298;0.23814822391333934;3.055651371576622E-4;0.015574406822747399;350;2.99573663880061E-4;7613;0.006516155151768298;278235;0.23814822391333934;357;3.055651371576622E-4;18196;0.015574406822747399;1242993x138247-NZ-QOHL01000046_1938_aligned_225717_R_13_468_246;0.9320403726648635;0.0384896282297727;0.9320549701726267;0.03848092159060208;
290;4;Spirochaetota;phylum;203691;0;0;0;0;0;;0;0;0;;;0.0;;0;3379134;;;;;;;;;;;6212;0.010621047539994405;225410;0.20188706328146785;3673892;8.778653090797784;11371;0.022028002808659426;227965;0.6782124269357215;;0.9362185711146885;0.04481630518786513;0.9366404182916811;0.044458538070301944;
291;5;Spirochaetia;class;203692;0;0;7;7;1;7.0;7;1;0;;0.0060189165950128975;6.9819691046600605;1.002582494289169;1163;203691;;;;;;0.0;0.0060189165950128975;0.0;8.598452278589854E-4;0.0;6212;0.010621047539994405;225410;0.20188706328146785;3673892;8.778653090797784;11371;0.022028002808659426;227965;0.6782124269357215;139x85140-NZ-PHOV01000001_303511_aligned_10513_F_27_773_289;0.9362185711146885;0.04481630518786513;0.9366404182916811;0.044458538070301944;
292;6;Spirochaetales;order;136;0;0;58;55;9;6.444444444444445;13;8;0;;0.037237643872714964;56.894853030482466;0.9666955281619717;1477;203692;;;;;4.0034707164881045;0.0;0.03926878808395396;0.0;0.005416384563303994;0.0;6212;0.010621047539994405;225403;0.195868146686455;3673892;8.778653090797784;11370;0.02116815758080044;227965;0.6782124269357215;139x183957-NZ-CM135760_440087_aligned_271601_R_192_2960_162;0.9362185711146885;0.04481630518786513;0.9366404182916811;0.044458538070301944;
293;7;Borreliaceae;family;1643685;70;844;16598;15456;2172;7.641804788213628;114;1517;31062;443.74285714285713;0.03231059647919859;16313.360423114646;0.9474442787459144;478357;136;0.9676623184920662;0.025042416901709195;0.9676623184920662;0.025042416901709195;7.40483378561274;1.4633422318477621E-4;0.03469793480601308;0.06493476629379313;0.003171271665304365;0.0017643726338278734;6212;0.010621047539994405;225345;0.156599358602501;3673892;8.778653090797784;11362;0.015751773017496445;227965;0.6782124269357215;139x183957-NZ-CM135760_440087_aligned_271601_R_192_2960_162;0.9362185711146885;0.04481630518786513;0.9366404182916811;0.044458538070301944;
294;8;Borrelia;genus;138;3;26;454;454;68;6.676470588235294;25;43;1333;444.3333333333333;8.534848500799343E-5;453.9806691974811;1.0000425806732103;5319368;1643685;0.9708025786929696;0.02819872559370453;0.9714097432345604;0.028801908861578886;6.896767957010978;5.639767731805733E-7;8.534848500799343E-5;2.505936795499014E-4;8.083667082254885E-6;4.887798700898302E-6;14;3.596535829468972E-5;1417;0.001980304075345787;21204;0.04306380308238547;72;1.1083564741225558E-4;1229;0.002926429345846263;1432657x56690-NZ-AZIT01000065_5934_aligned_12095_R_31_5433_449;0.9531646444154491;0.03325761193614158;0.9541126355086035;0.033575658808182175;
295;9;Borrelia hermsii;species;140;1;21;6;6;2;3.0;5;2;678;678.0;7.195046929693599E-6;5.999982012285796;1.0000029979613552;833907;138;0.9675925925925926;;0.9675925925925926;;2.8284271247461903;1.1991744882822664E-6;7.195046929693599E-6;8.130403030553767E-4;2.398348976564533E-6;2.5182664253927596E-5;1;1.1991744882822664E-6;6;7.195046929693599E-6;678;8.130403030553767E-4;2;2.398348976564533E-6;21;2.5182664253927596E-5;139x85140-NZ-PHOV01000001_508460_aligned_454386_R_447_608_1;0.9675925925925926;;0.9675925925925926;;
296;9;Borrelia parkeri;species;141;1;8;8;8;1;8.0;8;1;442;442.0;1.3829728384134536E-5;7.9999515959041645;1.0000060505485884;578464;138;0.9805825242718447;;0.9805825242718447;;;1.728716048016817E-6;1.3829728384134536E-5;7.640924932234331E-4;1.728716048016817E-6;1.3829728384134536E-5;1;1.728716048016817E-6;8;1.3829728384134536E-5;442;7.640924932234331E-4;1;1.728716048016817E-6;8;1.3829728384134536E-5;139x21257-NZ-PHOM01000006_11336_aligned_3435_F_15_214_203;0.9805825242718447;;0.9805825242718447;;
297;9;Borrelia anserina;species;143;1;9;6;6;2;3.0;5;2;292;292.0;6.598932292755032E-6;5.999983502506501;1.00000274958981;909238;138;0.9541984732824428;;0.9656488549618321;;2.8284271247461903;1.0998220487925054E-6;6.598932292755032E-6;3.211480382474116E-4;2.1996440975850108E-6;9.898398439132549E-6;1;1.0998220487925054E-6;6;6.598932292755032E-6;292;3.211480382474116E-4;2;2.1996440975850108E-6;9;9.898398439132549E-6;139x228897-NZ-CP132429_406511_aligned_372885_R_23_81_190;0.9541984732824428;;0.9656488549618321;;
298;9;Borrelia coriaceae;species;144;2;299;298;298;29;10.275862068965518;41;3;4538;2269.0;2.046309775592606E-4;297.9696143517183;1.0001019756606653;1456280;138;0.9611508501164043;0.04590448626627855;0.9611508501164043;0.04590448626627855;9.945912842268921;1.3733622654983932E-6;2.046309775592606E-4;0.003116158980415854;2.0600433982475897E-6;2.053176586920098E-4;2;1.3733622654983932E-6;298;2.046309775592606E-4;4538;0.003116158980415854;3;2.0600433982475897E-6;299;2.053176586920098E-4;1408429x179236-NZ-KI912385_8556_aligned_12505_R_37_3754_526;0.9611508501164043;0.04590448626627855;0.9611508501164043;0.04590448626627855;
299;9;Borrelia duttonii;species;40834;1;32;26;26;4;6.5;14;3;281;281.0;5.526153584560777E-4;25.993093482483108;1.0002657058699669;47049;138;0.8725099601593626;;0.8725099601593626;;5.446711546122731;2.1254436863695298E-5;5.526153584560777E-4;0.005972496758698378;6.376331059108588E-5;6.801419796382495E-4;3;2.836820590003774E-5;258;0.0013228327959635845;8421;0.03373905970947677;5;7.087707962742833E-5;542;0.0024133803343465874;412419x143222-NC-011250_13683_aligned_32_F_24_2042_288;0.9161855628671836;0.03791618798807739;0.9161855628671836;0.03791618798807739;
300;10;Borrelia duttonii Ly;strain;412419;1;136;35;35;6;5.833333333333333;15;1;2322;2322.0;1.3636930365937286E-4;34.997681821471694;1.0000662380594272;256656;40834;0.9406631762652705;;0.9406631762652705;;6.735478206235001;3.896265818839225E-6;1.3636930365937286E-4;0.009047129231344679;3.896265818839225E-6;5.298921513621345E-4;1;3.896265818839225E-6;35;1.3636930365937286E-4;2322;0.009047129231344679;1;3.896265818839225E-6;136;5.298921513621345E-4;412419x143222-NC-011250_13683_aligned_32_F_24_2042_288;0.9406631762652705;;0.9406631762652705;;
301;10;Borrelia duttonii CR2A;strain;1432657;1;374;197;197;17;11.588235294117647;29;1;5818;5818.0;6.338481338481339E-4;196.93789587309772;1.0003153487886471;310800;40834;0.9353835521769177;;0.9353835521769177;;8.711047752203891;3.2175032175032174E-6;6.338481338481339E-4;0.018719433719433718;3.2175032175032174E-6;0.0012033462033462033;1;3.2175032175032174E-6;197;6.338481338481339E-4;5818;0.018719433719433718;1;3.2175032175032174E-6;374;0.0012033462033462033;1432657x56690-NZ-AZIT01000065_5934_aligned_12095_R_31_5433_449;0.9353835521769177;;0.9353835521769177;;
302;9;Borrelia persica;species;44448;0;0;0;0;0;;0;0;0;;;0.0;;0;138;;;;;;;;;;;0;0.0;14;9.722384261959921E-6;0;0.0;3;2.083368056134269E-6;0;0.0;;;;;;
303;10;Borrelia persica No12;strain;1417230;0;0;14;14;3;4.666666666666667;11;3;0;;9.722384261959921E-6;13.999936804304493;1.0000045139986267;1439976;44448;;;;;5.507570547286102;0.0;9.722384261959921E-6;0.0;2.083368056134269E-6;0.0;0;0.0;14;9.722384261959921E-6;0;0.0;3;2.083368056134269E-6;0;0.0;664662x200922-NZ-JACFAW010000010_823_aligned_118214_R_61_4818_579;;;;;
304;9;Borrelia miyamotoi;species;47466;2;97;112;112;8;14.0;62;5;2031;1015.5;3.656599590917921E-5;111.99797061768852;1.0000181198132456;3062955;138;0.9623364335467246;0.033853552100053405;0.9623364335467246;0.033853552100053405;19.78455385973036;6.529642126639144E-7;3.656599590917921E-5;6.630851579602051E-4;1.6324105316597862E-6;3.166876431419985E-5;2;6.529642126639144E-7;112;3.656599590917921E-5;2031;6.630851579602051E-4;5;1.6324105316597862E-6;97;3.166876431419985E-5;47466x139815-NZ-CP044677_997_aligned_237766_R_10_1118_385;0.9623364335467246;0.033853552100053405;0.9623364335467246;0.033853552100053405;
305;9;Candidatus Borrelia fainii;species;2518322;0;0;2;2;1;2.0;2;1;0;;3.459345768528256E-6;1.999998270344701;1.0000008648283973;578144;138;;;;;;0.0;3.459345768528256E-6;0.0;1.729672884264128E-6;0.0;0;0.0;2;3.459345768528256E-6;0;0.0;1;1.729672884264128E-6;0;0.0;139x24741-NZ-PHOH01000001_419657_aligned_238446_R_33_989_408;;;;;
306;9;unclassified Borrelia;no rank;2649934;0;0;11;11;1;11.0;11;1;0;;1.3083603033968602E-5;10.999934582062586;1.0000059471205875;840747;138;;;;;;0.0;1.3083603033968602E-5;0.0;1.1894184576335092E-6;0.0;1;9.791365582175015E-7;259;2.901203832686974E-4;3469;0.0033966247204565126;7;1.804269671010023E-5;227;2.2226399871537282E-4;139x134991-NZ-CM135758_853108_aligned_122881_R_293_1091_9;0.9339924396626926;;0.9339924396626926;;
307;10;Borrelia sp. HM;species;1882662;0;0;7;7;2;3.5;5;2;0;;8.728473402471155E-6;6.9999738145390085;1.0000037407941351;801973;2649934;;;;;2.1213203435596424;0.0;8.728473402471155E-6;0.0;2.493849543563187E-6;0.0;0;0.0;7;8.728473402471155E-6;0;0.0;2;2.493849543563187E-6;0;0.0;139x243106-NZ-PHQG01000001_680406_aligned_35790_R_40_1325_357;;;;;
308;10;Borrelia sp. BU AG58;species;2887345;0;0;11;11;2;5.5;9;2;0;;1.298754966261888E-5;10.999935062057023;1.0000059034842124;846965;2649934;;;;;4.949747468305833;0.0;1.298754966261888E-5;0.0;2.3613726659307056E-6;0.0;0;0.0;11;1.298754966261888E-5;0;0.0;2;2.3613726659307056E-6;0;0.0;139x182791-NZ-CP124088_784901_aligned_10816_F_17_541_203;;;;;
309;10;Borrelia sp. P9F1;species;3058374;1;227;227;227;19;11.947368421052632;41;1;3469;3469.0;2.2226399871537282E-4;226.97488600042843;1.000110646600662;1021308;2649934;0.9339924396626926;;0.9339924396626926;;10.695137442421238;9.791365582175015E-7;2.2226399871537282E-4;0.0033966247204565126;9.791365582175015E-7;2.2226399871537282E-4;1;9.791365582175015E-7;227;2.2226399871537282E-4;3469;0.0033966247204565126;1;9.791365582175015E-7;227;2.2226399871537282E-4;3058374x75720-NZ-CP129412_3096_aligned_124926_F_20_3198_319;0.9339924396626926;;0.9339924396626926;;
310;10;Borrelia sp. MN22-0132;species;3085635;0;0;3;3;1;3.0;3;1;0;;3.3056758454265975E-5;2.9999669433599125;1.0000110190014462;90753;2649934;;;;;;0.0;3.3056758454265975E-5;0.0;1.1018919484755325E-5;0.0;0;0.0;3;3.3056758454265975E-5;0;0.0;1;1.1018919484755325E-5;0;0.0;139x134991-NZ-CM135758_529722_aligned_216169_R_37_575_373;;;;;
311;8;Borreliella;genus;64895;2246;51994;143342;132627;12430;11.531938857602574;143;5277;1102685;490.95503116651827;0.020626642330317416;141756.05077380626;0.935600274387066;6429888;1643685;0.9479048579369174;0.03825173283198224;0.947956076001521;0.03823447657930809;10.141126699834574;3.493062398598545E-4;0.022293078821901718;0.17149365587705415;8.20698587595927E-4;0.00808629948142176;6128;0.01043874795851494;207330;0.11992111972114215;3621626;8.670654521421604;9773;0.012469665704779826;225892;0.6735216249560474;139x221052-NZ-PHPU01000001_793974_aligned_127059_R_10_472_184;0.935820675007863;0.044883379798838774;0.9362461389093274;0.04452367612049251;
312;9;Borreliella burgdorferi;species;139;3417;148770;57459;53802;5723;10.04001397868251;83;3528;2148844;628.8685981855429;0.030650996120343416;56528.75138796272;0.9517634598144802;1755310;64895;0.9285126767918223;0.04774953029572986;0.9290573076547665;0.0474214168333309;8.335836197820619;0.001946664691706878;0.0327343887974204;1.2241962958109964;0.002009901384940552;0.08475425993129419;3472;0.009246160286527156;57871;0.08805684434435174;2199379;7.769435485549508;3585;0.010025214584830803;152948;0.6172797754986464;139x99682-NZ-PHQA01000005_2674_aligned_1300541_R_3_121_60;0.9283394967844315;0.0478186997457627;0.9288860535905973;0.047492306675030835;
313;10;Borreliella burgdorferi 156a;strain;445983;3;109;13;13;3;4.333333333333333;10;3;2013;671.0;0.00634765625;12.961982167049882;1.0029330261730156;2048;139;0.9371472766980972;0.03264165718392881;0.9371472766980972;0.03264165718392881;4.932882862316247;0.00146484375;0.00634765625;0.98291015625;0.00146484375;0.05322265625;3;0.00146484375;13;0.00634765625;2013;0.98291015625;3;0.00146484375;109;0.05322265625;139x214257-NZ-CP094582_24017_aligned_243486_R_16_514_275;0.9371472766980972;0.03264165718392881;0.9371472766980972;0.03264165718392881;
314;10;Borreliella burgdorferi ZS7;strain;445985;1;75;21;21;1;21.0;21;1;478;478.0;0.006418092909535452;20.935943129820675;1.0030596601157216;3272;139;0.8325892857142857;;0.8325892857142857;;;3.056234718826406E-4;0.006418092909535452;0.1460880195599022;3.056234718826406E-4;0.022921760391198046;1;3.056234718826406E-4;21;0.006418092909535452;478;0.1460880195599022;1;3.056234718826406E-4;75;0.022921760391198046;521008x144337-NC-017428_1808_aligned_244980_R_14_177_288;0.8325892857142857;;0.8325892857142857;;
315;10;Borreliella burgdorferi 118a;strain;476210;8;202;63;63;11;5.7272727272727275;16;9;3893;486.625;0.007618817269319144;62.764396383500014;1.0037537780983412;8269;139;0.9456420820607228;0.02887443258476782;0.9456420820607228;0.02887443258476782;5.368256869616228;9.674688595960818E-4;0.007618817269319144;0.47079453380094327;0.001088402467045592;0.024428588704801066;8;9.674688595960818E-4;63;0.007618817269319144;3893;0.47079453380094327;9;0.001088402467045592;202;0.024428588704801066;476210x24076-NC-012229_15200_aligned_42937_R_9_139_214;0.9456420820607228;0.02887443258476782;0.9456420820607228;0.02887443258476782;
316;10;Borreliella burgdorferi 94a;strain;476212;1;4;1;1;1;1.0;1;1;586;586.0;3.206155819172812E-4;1.0000000000001092;0.9999999999998908;3119;139;0.9928057553956835;;0.9928057553956835;;;3.206155819172812E-4;3.206155819172812E-4;0.18788073100352679;3.206155819172812E-4;0.0012824623276691247;1;3.206155819172812E-4;1;3.206155819172812E-4;586;0.18788073100352679;1;3.206155819172812E-4;4;0.0012824623276691247;521009x219022-NZ-JALGSQ010000017_86_aligned_210635_R_25_100_459;0.9928057553956835;;0.9928057553956835;;
317;10;Borreliella burgdorferi WI91-23;strain;498737;5;337;26;26;5;5.2;12;5;3928;785.6;0.004590395480225989;25.942701019404527;1.0022086744380476;5664;139;0.9053818092784109;0.023344853349274042;0.9092140955644176;0.021535651637740134;3.9623225512317903;8.827683615819209E-4;0.004590395480225989;0.693502824858757;8.827683615819209E-4;0.05949858757062147;5;8.827683615819209E-4;26;0.004590395480225989;3928;0.693502824858757;5;8.827683615819209E-4;337;0.05949858757062147;139x83936-NZ-JALGSN010000002_200167_aligned_14767_R_26_453_291;0.9053818092784109;0.023344853349274042;0.9092140955644176;0.021535651637740134;
318;10;Borreliella burgdorferi 29805;strain;498738;1;449;1;1;1;1.0;1;1;4278;4278.0;3.9856516540454366E-4;1.0000000000001321;0.9999999999998679;2509;139;0.8926553672316384;;0.8943032015065914;;;3.9856516540454366E-4;3.9856516540454366E-4;1.7050617776006376;3.9856516540454366E-4;0.1789557592666401;1;3.9856516540454366E-4;1;3.9856516540454366E-4;4278;1.7050617776006376;1;3.9856516540454366E-4;449;0.1789557592666401;139x183957-NZ-CM135760_181272_aligned_130775_R_19_4052_252;0.8926553672316384;;0.8943032015065914;;
319;10;Borreliella burgdorferi CA-11.2A;strain;498739;1;59;18;18;2;9.0;17;2;470;470.0;0.010707911957168352;17.909270877006147;1.0050660422535873;1681;139;0.865909090909091;;0.865909090909091;;11.313708498984761;5.94883997620464E-4;0.010707911957168352;0.27959547888161806;0.001189767995240928;0.03509815585960738;1;5.94883997620464E-4;18;0.010707911957168352;470;0.27959547888161806;2;0.001189767995240928;59;0.03509815585960738;139x14393-NZ-PHQI01000001_889404_aligned_178489_R_19_220_234;0.865909090909091;;0.865909090909091;;
320;10;Borreliella burgdorferi JD1;strain;521008;19;998;190;156;23;8.26086956521739;24;19;12848;676.2105263157895;0.005933363760839799;189.31871746282755;0.8240072724485383;26292;139;0.9182933293386654;0.04959554463503378;0.9186561170104841;0.04950392161003714;6.8967541199686355;7.226532785638217E-4;0.007226532785638217;0.4886657538414727;7.226532785638217E-4;0.03795831431614179;19;7.226532785638217E-4;190;0.007226532785638217;12848;0.4886657538414727;19;7.226532785638217E-4;998;0.03795831431614179;521008x126553-NC-017410_1318_aligned_4313_F_17_168_198;0.9182933293386654;0.04959554463503378;0.9186561170104841;0.04950392161003714;
321;10;Borreliella burgdorferi 297;strain;521009;3;181;23;23;3;7.666666666666667;15;3;2600;866.6666666666666;0.01054562127464466;22.88436962609769;1.005052810096654;2181;139;0.9424660673365063;0.03363352186022099;0.9424660673365063;0.03363352186022099;6.429100507328636;0.001375515818431912;0.01054562127464466;1.192113709307657;0.001375515818431912;0.08298945437872536;3;0.001375515818431912;23;0.01054562127464466;2600;1.192113709307657;3;0.001375515818431912;181;0.08298945437872536;139x3220-NZ-PHPB01000054_276_aligned_206510_R_15_308_205;0.9424660673365063;0.03363352186022099;0.9424660673365063;0.03363352186022099;
322;10;Borreliella burgdorferi CA8;strain;747491;13;1764;56;56;13;4.3076923076923075;18;13;19441;1495.4615384615386;0.0011482468730777118;55.96843486214108;1.000563981071414;48770;139;0.9003459804786365;0.0677601936116734;0.9010336220830968;0.06782842421351659;4.625736254634055;2.665573098216116E-4;0.0011482468730777118;0.3986262046339963;2.665573098216116E-4;0.03616977650194792;13;2.665573098216116E-4;56;0.0011482468730777118;19441;0.3986262046339963;13;2.665573098216116E-4;1764;0.03616977650194792;139x83936-NZ-JALGSN010000002_225435_aligned_244482_R_5_529_70;0.9003459804786365;0.0677601936116734;0.9010336220830968;0.06782842421351659;
323;9;Borreliella afzelii;species;29518;11;1625;447;447;53;8.433962264150944;49;30;19453;1768.4545454545455;4.753852534856268E-4;446.89400579120934;1.0002371797504936;940290;64895;0.9116758934174924;0.029038668030499284;0.9128802964007082;0.029865676302931153;9.235194875213192;1.1698518542151889E-5;4.753852534856268E-4;0.02068829829095279;3.1905050569505154E-5;0.001728190239181529;12;6.898212970099934E-5;452;7.61803309279864E-4;20321;0.07041047277683238;31;8.918866172835262E-5;1715;0.0068837152434778;29518x226699-NZ-CBCXTO010000001_189878_aligned_10255_F_31_1382_365;0.9100863549644437;0.028229510508470376;0.9111903910323914;0.02907130605100704;
324;10;Borreliella afzelii Tom3107;strain;1398490;1;90;5;5;1;5.0;5;1;868;868.0;2.8641805579423727E-4;4.999427196703947;1.000114573784859;17457;29518;0.8926014319809069;;0.8926014319809069;;;5.7283611158847455E-5;2.8641805579423727E-4;0.04972217448587959;5.7283611158847455E-5;0.005155525004296271;1;5.7283611158847455E-5;5;2.8641805579423727E-4;868;0.04972217448587959;1;5.7283611158847455E-5;90;0.005155525004296271;139x134991-NZ-CM135758_444602_aligned_13369_R_14_690_183;0.8926014319809069;;0.8926014319809069;;
325;9;Borreliella garinii;species;29519;32;3044;1002;1002;149;6.724832214765101;47;69;44636;1394.875;4.5961679335179445E-4;1001.7699969988817;1.0002295966157975;2180077;64895;0.9285171790481653;0.03878640528567083;0.9305420498208794;0.03611233660164232;8.113934510993106;1.4678380626005412E-5;4.5961679335179445E-4;0.0204745061756993;3.165025822482417E-5;0.0013962809570487649;36;2.8538848185151623E-4;1035;0.002858982095001571;55505;0.3434755789243541;76;4.082986696064769E-4;3866;0.0213429012741608;29519x59314-NZ-JAEIPL010000016_8546_aligned_20_F_9_2606_166;0.9285281788628112;0.03777008527609187;0.9303445689125783;0.03534442544608054;
326;10;Borreliella garinii Far04;strain;519049;1;53;9;9;1;9.0;9;1;866;866.0;0.0014829461196243204;8.994070495534208;1.0006592681777107;6069;29519;0.9366028708133971;;0.9366028708133971;;;1.6477179106936892E-4;0.0014829461196243204;0.1426923710660735;1.6477179106936892E-4;0.008732904926676553;1;1.6477179106936892E-4;9;0.0014829461196243204;866;0.1426923710660735;1;1.6477179106936892E-4;53;0.008732904926676553;139x14393-NZ-PHQI01000001_86116_aligned_14951_R_39_449_390;0.9366028708133971;;0.9366028708133971;;
327;10;Borreliella garinii BgVir;strain;1081646;2;744;15;15;4;3.75;8;4;9178;4589.0;1.851280468991052E-4;14.998704172962803;1.0000863959327588;81025;29519;0.9046541897935086;0.02207198195553711;0.9049512783258913;0.022492128587261268;3.095695936834452;2.4683739586547364E-5;1.851280468991052E-4;0.11327368096266584;4.936747917309473E-5;0.009182351126195618;2;2.4683739586547364E-5;15;1.851280468991052E-4;9178;0.11327368096266584;4;4.936747917309473E-5;744;0.009182351126195618;29519x11848-NZ-JAEIQX010000001_628638_aligned_152254_R_27_8269_223;0.9046541897935086;0.02207198195553711;0.9049512783258913;0.022492128587261268;
328;10;Borreliella garinii IPT108;strain;1408841;1;25;9;9;2;4.5;8;2;825;825.0;7.312911351263509E-4;8.997075389988977;1.000325062299053;12307;29519;0.9685534591194969;;0.9685534591194969;;4.949747468305833;8.125457056959453E-5;7.312911351263509E-4;0.06703502071991549;1.6250914113918907E-4;0.0020313642642398634;1;8.125457056959453E-5;9;7.312911351263509E-4;825;0.06703502071991549;2;1.6250914113918907E-4;25;0.0020313642642398634;521009x12001-NZ-CP152378_11586_aligned_37451_R_19_530_273;0.9685534591194969;;0.9685534591194969;;
329;9;Borreliella japonica;species;34095;7;397;87;87;31;2.806451612903226;13;31;5270;752.8571428571429;9.340075364746047E-5;86.99598389428475;1.000046164265699;931470;64895;0.9160004829064031;0.05157119496355203;0.9201624856559516;0.04730933725810792;2.833364958710281;7.515003167037049E-6;9.340075364746047E-5;0.005657723812897892;3.328072831116408E-5;4.262080367591012E-4;7;7.515003167037049E-6;87;9.340075364746047E-5;5270;0.005657723812897892;31;3.328072831116408E-5;397;4.262080367591012E-4;139x124165-NZ-PHOS01000001_694080_aligned_14929_R_81_549_38;0.9160004829064031;0.05157119496355203;0.9201624856559516;0.04730933725810792;
330;9;Borreliella andersonii;species;42109;66;2613;1543;1515;175;8.817142857142857;95;112;43031;651.9848484848485;0.0015540103210903305;1541.7803568943461;0.9826302386234246;974897;64895;0.9372132468742672;0.03422080558814286;0.9376784621825843;0.033815147974881964;10.347454729353798;6.769945953264806E-5;0.0015827313039223632;0.04413902186589968;1.1488393132813004E-4;0.0026802831478607483;66;6.769945953264806E-5;1543;0.0015827313039223632;43031;0.04413902186589968;112;1.1488393132813004E-4;2613;0.0026802831478607483;42109x2856-NZ-CP179270_20158_aligned_126384_R_41_555_431;0.9372132468742672;0.03422080558814286;0.9376784621825843;0.033815147974881964;
331;9;Borreliella tanukii;species;56146;6;365;87;87;23;3.782608695652174;18;23;4258;709.6666666666666;1.0468117363237657E-4;86.99549886045499;1.0000517399130298;831095;64895;0.9034564216277744;0.03669905403854895;0.9047534384889936;0.03688752442627953;4.451317698054348;7.219391284991487E-6;1.0468117363237657E-4;0.005123361348582292;2.7674333259134034E-5;4.391796365036488E-4;6;7.219391284991487E-6;87;1.0468117363237657E-4;4258;0.005123361348582292;23;2.7674333259134034E-5;365;4.391796365036488E-4;139x14393-NZ-PHQI01000001_590032_aligned_10708_F_23_568_327;0.9034564216277744;0.03669905403854895;0.9047534384889936;0.03688752442627953;
332;9;Borreliella turdi;species;57863;10;685;240;239;47;5.1063829787234045;27;32;10795;1079.5;1.7058756352423914E-4;239.97953065543672;0.9959182741429596;1401040;64895;0.9350189330168307;0.02911001666481688;0.9351528018253983;0.028948760921324063;6.531642188318778;7.137554959173186E-6;1.7130131902015646E-4;0.007704990578427454;2.2840175869354194E-5;4.889225147033632E-4;10;7.137554959173186E-6;240;1.7130131902015646E-4;10795;0.007704990578427454;32;2.2840175869354194E-5;685;4.889225147033632E-4;57863x4944-NZ-QBLO01000009_16425_aligned_118441_R_14_2914_170;0.9350189330168307;0.02911001666481688;0.9351528018253983;0.028948760921324063;
333;9;Borreliella valaisiana;species;62088;15;1499;223;223;52;4.288461538461538;18;38;23158;1543.8666666666666;1.9426034719463667E-4;222.97843847988304;1.0000966977805745;1147944;64895;0.9408530788457294;0.020739168569347127;0.9416310563082483;0.020075915623536455;4.4118225235024875;1.3066839497397086E-5;1.9426034719463667E-4;0.020173457938714782;3.3102660060072615E-5;0.0013058128271065488;15;1.3066839497397086E-5;223;1.9426034719463667E-4;23158;0.020173457938714782;38;3.3102660060072615E-5;1499;0.0013058128271065488;62088x62574-NZ-JAEIPV010000010_16199_aligned_119034_R_8_4030_117;0.9408530788457294;0.020739168569347127;0.9416310563082483;0.020075915623536455;
334;9;Borreliella bissettiae;species;64897;13;300;113;113;33;3.4242424242424243;19;29;6243;480.2307692307692;2.4648378878302444E-4;112.9861980211395;1.0001221563261906;458448;64895;0.9339768433966433;0.05352289747065917;0.9339768433966433;0.05352289747065917;4.183526495600804;2.8356542072383346E-5;2.4648378878302444E-4;0.013617684012145324;6.325690154608592E-5;6.543817401319234E-4;13;2.8356542072383346E-5;121;3.8057698355338987E-4;6243;0.013617684012145324;32;1.1354184958497295E-4;300;6.543817401319234E-4;139x24741-NZ-PHOH01000001_279213_aligned_22_F_2_2496_100;0.9339768433966433;0.05352289747065917;0.9339768433966433;0.05352289747065917;
335;10;Borreliella bissettiae DN127;strain;521010;0;0;8;8;3;2.6666666666666665;5;3;0;;1.340931947703654E-4;7.999530689541022;1.0000586672490166;59660;64897;;;;;2.081665999466133;0.0;1.340931947703654E-4;0.0;5.028494803888703E-5;0.0;0;0.0;8;1.340931947703654E-4;0;0.0;3;5.028494803888703E-5;0;0.0;476210x46930-NC-012253_4605_aligned_130817_F_43_554_342;;;;;
336;9;Borreliella sinica;species;87162;12;353;127;127;34;3.735294117647059;31;34;7864;655.3333333333334;1.6356072997024998E-4;126.98969622251259;1.0000811386891528;776470;64895;0.9511000087862486;0.03105061128971911;0.9518794641193608;0.03061026470101058;5.610103566966082;1.5454557162543304E-5;1.6356072997024998E-4;0.010127886460520047;4.3787911960539365E-5;4.5462155653148224E-4;12;1.5454557162543304E-5;127;1.6356072997024998E-4;7864;0.010127886460520047;34;4.3787911960539365E-5;353;4.5462155653148224E-4;139x183957-NZ-CM135760_72869_aligned_139649_R_36_483_477;0.9511000087862486;0.03105061128971911;0.9518794641193608;0.03061026470101058;
337;9;Borreliella spielmanii;species;88916;9;323;74;74;25;2.96;10;24;6233;692.5555555555555;9.39880660558289E-5;73.99656953991841;1.000046359717794;787334;64895;0.9429996778439891;0.02336607571001231;0.9445496056097014;0.02215637071823484;2.684523545560118;1.1430981006790003E-5;9.39880660558289E-5;0.007916589401702454;3.0482616018106673E-5;4.1024520724368565E-4;9;1.1430981006790003E-5;74;9.39880660558289E-5;6233;0.007916589401702454;24;3.0482616018106673E-5;323;4.1024520724368565E-4;139x85140-NZ-PHOV01000001_501575_aligned_89998_R_33_535_346;0.9429996778439891;0.02336607571001231;0.9445496056097014;0.02215637071823484;
338;9;Borreliella lusitaniae;species;100177;21;957;126;126;44;2.8636363636363638;15;44;13727;653.6666666666666;1.0615702308746749E-4;125.9933654177061;1.0000526581877698;1186921;64895;0.9232650519211082;0.0500816941107529;0.9244713648226511;0.049000887736191726;3.6637184636612727;1.7692837181244582E-5;1.0615702308746749E-4;0.011565217904140208;3.707070647498865E-5;8.062878658310031E-4;21;1.7692837181244582E-5;126;1.0615702308746749E-4;13727;0.011565217904140208;44;3.707070647498865E-5;957;8.062878658310031E-4;139x24741-NZ-PHOH01000001_98857_aligned_11822_F_9_421_251;0.9232650519211082;0.0500816941107529;0.9244713648226511;0.049000887736191726;
339;9;Borreliella lanei;species;373540;13;572;108;108;26;4.153846153846154;24;26;7613;585.6153846153846;2.501853224610823E-4;107.98661618159076;1.0001239396036516;431680;64895;0.9216096835950799;0.03557396765688153;0.9241260472844027;0.03327315777678326;5.724979005671952;3.0114899925871016E-5;2.501853224610823E-4;0.017635748702742773;6.022979985174203E-5;0.0013250555967383247;13;3.0114899925871016E-5;108;2.501853224610823E-4;7613;0.017635748702742773;26;6.022979985174203E-5;572;0.0013250555967383247;139x243106-NZ-PHQG01000001_680406_aligned_35790_R_40_1325_357;0.9216096835950799;0.03557396765688153;0.9241260472844027;0.03327315777678326;
340;9;Borreliella californiensis;species;373543;29;967;270;269;53;5.09433962264151;20;52;14707;507.13793103448273;4.7850719984346234E-4;269.9354117885212;0.9965346829364721;562165;64895;0.9355109611422592;0.04417297004533694;0.9365606952329332;0.0437029055655177;4.942998743146311;5.158627805003869E-5;4.802860370176016E-4;0.026161358320066174;9.249953305524179E-5;0.0017201355473926694;29;5.158627805003869E-5;270;4.802860370176016E-4;14707;0.026161358320066174;52;9.249953305524179E-5;967;0.0017201355473926694;139x221052-NZ-PHPU01000001_817309_aligned_15934_R_9_485_102;0.9355109611422592;0.04417297004533694;0.9365606952329332;0.0437029055655177;
341;9;Borreliella carolinensis;species;478174;13;385;127;127;34;3.735294117647059;17;33;6883;529.4615384615385;2.07760424420193E-4;126.98691198629685;1.0001030658474832;611281;64895;0.9400044393042294;0.026023904958253272;0.9445467553848874;0.02311615565172632;4.666507509381708;2.1266815098129992E-5;2.07760424420193E-4;0.01125996064003298;5.3984992172176134E-5;6.298249086753883E-4;13;2.1266815098129992E-5;127;2.07760424420193E-4;6883;0.01125996064003298;33;5.3984992172176134E-5;385;6.298249086753883E-4;139x85140-NZ-PHOV01000001_283210_aligned_210389_R_23_1457_395;0.9400044393042294;0.026023904958253272;0.9445467553848874;0.02311615565172632;
342;9;Borreliella americana;species;478807;50;1586;453;453;118;3.8389830508474576;20;106;30715;614.3;4.441681603005832E-4;452.8996328027883;1.0002216102419659;1019884;64895;0.9461560917025235;0.02807289684911337;0.9463716591310042;0.028034631827613378;4.683067040486734;4.902518325613501E-5;4.441681603005832E-4;0.030116170074243737;1.0393338850300622E-4;0.0015550788128846026;50;4.902518325613501E-5;453;4.441681603005832E-4;30715;0.030116170074243737;106;1.0393338850300622E-4;1586;0.0015550788128846026;478807x7463-NZ-JAJNFG010000002_38657_aligned_583247_R_240_95_292;0.9461560917025235;0.02807289684911337;0.9463716591310042;0.028034631827613378;
343;9;Borreliella finlandensis;species;498741;29;1046;337;337;74;4.554054054054054;28;73;16684;575.3103448275862;6.724198134384198E-4;336.8870586323291;1.000335249944386;501175;64895;0.9253245030711642;0.047122417595353225;0.931411821337774;0.03195992831124425;5.389339786977983;5.786401955404799E-5;6.724198134384198E-4;0.03328976904274954;1.4565770439467252E-4;0.002087095325983938;29;5.786401955404799E-5;337;6.724198134384198E-4;16684;0.03328976904274954;73;1.4565770439467252E-4;1046;0.002087095325983938;139x85140-NZ-PHOV01000001_398154_aligned_891_F_184_404_196;0.9253245030711642;0.047122417595353225;0.931411821337774;0.03195992831124425;
344;9;Borreliella bavariensis;species;664662;23;1275;282;282;45;6.266666666666667;16;44;15628;679.4782608695652;1.8723769293947905E-4;281.9736947212769;1.0000932898324049;1506107;64895;0.9275192339056815;0.03462128472470689;0.9278349853756281;0.03433995851728306;5.793413187718994;1.5271159353219923E-5;1.8723769293947905E-4;0.010376420798787868;2.9214391806159855E-5;8.465533989284958E-4;23;1.5271159353219923E-5;282;1.8723769293947905E-4;15628;0.010376420798787868;44;2.9214391806159855E-5;1275;8.465533989284958E-4;664662x93885-NZ-JACGTQ010000009_21650_aligned_980336_R_35_45_398;0.9275192339056815;0.03462128472470689;0.9278349853756281;0.03433995851728306;
345;9;Borreliella yangtzensis;species;683292;10;222;65;64;28;2.3214285714285716;10;26;5189;518.9;5.31699686047951E-5;64.99827200300147;0.9846415608871052;1203687;64895;0.9578816094198703;0.020852506410295346;0.9578816094198703;0.020852506410295346;2.178235293697399;8.307807594499235E-6;5.4000749364245025E-5;0.004310921360785653;2.160029974569801E-5;1.84433328597883E-4;10;8.307807594499235E-6;65;5.4000749364245025E-5;5189;0.004310921360785653;26;2.160029974569801E-5;222;1.84433328597883E-4;139x85140-NZ-PHOV01000001_262137_aligned_208643_R_32_2990_418;0.9578816094198703;0.020852506410295346;0.9578816094198703;0.020852506410295346;
346;9;Borreliella kurtenbachii;species;1196056;19;750;146;146;38;3.8421052631578947;14;38;12848;676.2105263157895;3.6733348596962203E-4;145.9733715350651;1.0001824200171228;397459;64895;0.929619931818014;0.036342262385284936;0.931364415265273;0.03492855091597023;3.0449454421018705;4.780367283166314E-5;3.6733348596962203E-4;0.03232534676532674;9.560734566332629E-5;0.0018869870854603872;19;4.780367283166314E-5;146;3.6733348596962203E-4;12848;0.03232534676532674;38;9.560734566332629E-5;750;0.0018869870854603872;139x154173-NZ-PHOS01000006_24767_aligned_36502_R_17_619_240;0.929619931818014;0.036342262385284936;0.931364415265273;0.03492855091597023;
347;9;Borreliella mayonii;species;1674146;17;1074;207;207;35;5.914285714285715;19;35;12890;758.2352941176471;3.90838149579613E-4;206.9597488580109;1.000194487779441;529631;64895;0.9142461286418493;0.05178749469303375;0.9164070726271657;0.05232400908701854;5.878032026469547;3.2097819047601064E-5;3.90838149579613E-4;0.02433769926609281;6.608374509800219E-5;0.0020278269210072673;17;3.2097819047601064E-5;207;3.90838149579613E-4;12890;0.02433769926609281;35;6.608374509800219E-5;1074;0.0020278269210072673;498737x134954-NC-012160_24658_aligned_187232_R_20_173_436;0.9142461286418493;0.05178749469303375;0.9164070726271657;0.05232400908701854;
348;9;Candidatus Borreliella tachyglossi;species;1964448;0;0;7;7;1;7.0;7;1;0;;5.523615032439402E-6;6.99998342959762;1.0000023672059437;1267286;64895;;;;;;0.0;5.523615032439402E-6;0.0;7.890878617770574E-7;0.0;0;0.0;7;5.523615032439402E-6;0;0.0;1;7.890878617770574E-7;0;0.0;139x134991-NZ-CM135758_776178_aligned_43_F_19_1394_218;;;;;
349;4;PVC group;clade;1783257;32;352;1143;70;312;3.6634615384615383;16;268;9952;311.0;0.21806853582554517;311.928518623993;0.22441038834406762;321;3379134;0.9509474936082545;0.040360954841409745;0.9509474936082545;0.040360954841409745;3.212547476866366;0.09968847352024922;3.560747663551402;31.003115264797508;0.8348909657320872;1.0965732087227413;898427;4.446536276609215;14383648;50.20667973387761;318174822;1601.8199869753655;946671;7.3398020384162885;14421812;79.50464818480137;596780x105845-NZ-CP166118_69731_aligned_1032593_R_501_58_3;0.9435912418905388;0.03787360436494972;0.9436006491614377;0.0378664180398118;
350;5;Chlamydiota;phylum;204428;0;0;0;0;0;;0;0;0;;;0.0;;0;1783257;;;;;;;;;;;898395;4.3468478030889655;14382505;46.645932070326204;318164870;1570.8168717105682;946403;6.504911072684202;14421460;78.40807497607862;;0.943590979867648;0.03787351134887965;0.9436003874736252;0.03786632481515242;
351;6;Chlamydiia;class;204429;347;4886;10072;469;1889;5.331921651667549;34;1739;120868;348.3227665706052;0.2757201646090535;1696.445992622972;0.2764603188309298;1701;204428;0.9497912705434566;0.031854488462499365;0.9497912705434566;0.031854488462499365;4.388501269472686;0.2039976484420929;5.921222810111699;71.0570252792475;1.0223398001175779;2.8724279835390947;898395;4.3468478030889655;14382505;46.645932070326204;318164870;1570.8168717105682;946403;6.504911072684202;14421460;78.40807497607862;596780x105845-NZ-CP166118_364350_aligned_646257_F_15_198_210;0.943590979867648;0.03787351134887965;0.9436003874736252;0.03786632481515242;
352;7;Chlamydiales;order;51291;455;6593;9308;411;1448;6.428176795580111;27;1322;155865;342.56043956043953;0.3906844106463878;1051.8494813524703;0.3907403172092031;1052;204429;0.9451795478305255;0.03572921908827848;0.9451795478305255;0.03572921908827848;5.1962541919469;0.43250950570342206;8.847908745247148;148.1606463878327;1.2566539923954372;6.267110266159696;898048;4.142850154646872;14372433;40.72470926021451;318044002;1499.7598464313207;944664;5.4825712725666245;14416574;75.53564699253951;596780x105845-NZ-CP166118_877406_aligned_311756_F_10_103_168;0.9435885841150106;0.03787547094231144;0.9435979953560266;0.03786828259846799;
353;8;Chlamydiaceae;family;809;1038;15971;20589;1051;2951;6.976956963741105;51;2638;366284;352.8747591522158;0.32680348258706465;3210.672693085453;0.3273457310872726;3216;51291;0.9447629151414018;0.03639526125719567;0.9447655330520995;0.03639170548270088;5.476186755476763;0.32276119402985076;6.40205223880597;113.89427860696517;0.820273631840796;4.966106965174129;897593;3.7103406489434483;14363125;31.876800514967343;317888137;1351.599200043488;943342;4.225917280171181;14409981;69.26853672637982;596780x105845-NZ-CP166118_881818_aligned_64036_R_223_278_4;0.9435877776375864;0.03787652989107129;0.9435971936492665;0.03786933830407154;
354;9;Chlamydia/Chlamydophila group;no rank;1113537;0;0;0;0;0;;0;0;0;;;0.0;;0;809;;;;;;;;;;;896555;3.3875794549135985;14342536;25.474748276161375;317521853;1237.7049214365227;940704;3.405643648330385;14394010;64.30242976120567;;0.9435864171045137;0.03787820965595547;0.9435958409867972;0.03787101425746698;
355;10;Chlamydia;genus;810;37942;570180;825700;58378;82079;10.05982041691541;177;77444;13356764;352.03110010015286;0.01393430316668962;749424.8077734739;0.0778970743888768;4189517;1113537;0.9464298854857486;0.03640431657262347;0.9464411333299575;0.03640019722762384;7.407522801934048;0.009056413901650238;0.19708715825714515;3.188139348760251;0.018485185762463788;0.1360968340741904;896555;3.3875794549135985;14342536;25.474748276161375;317521853;1237.7049214365227;940704;3.405643648330385;14394010;64.30242976120567;596780x105845-NZ-CP166118_857403_aligned_647165_R_115_255_5;0.9435864171045137;0.03787820965595547;0.9435958409867972;0.03787101425746698;
356;11;Chlamydia trachomatis;species;813;852795;13711438;13466277;998165;923049;14.588908064468951;223;856126;301959799;354.0825157276954;0.6274204021238253;1590567.6213141559;0.6275526966752272;1590903;810;0.9434888148035429;0.0379009104830525;0.9434974072521044;0.03789432361205536;7.520478298439186;0.5360446237137022;8.464549378560477;189.80402890685352;0.5381384031584578;8.618651168550189;857393;3.3685053519560535;13505767;25.252788090426115;303625708;1231.454636100417;860729;3.375820298079902;13797496;63.958287196541704;596780x105845-NZ-CP166118_712813_aligned_414192_R_26_304_351;0.9434559587192879;0.03793576892761255;0.9434646132571617;0.03792905820705275;
357;12;Chlamydia trachomatis D/UW-3/CX;strain;272561;9;123;13;13;9;1.4444444444444444;3;9;3548;394.22222222222223;0.035326086956521736;12.790141086767001;1.016407865387046;368;813;0.9599892415696711;0.0213048798143925;0.9599892415696711;0.0213048798143925;0.7264831572567788;0.024456521739130436;0.035326086956521736;9.641304347826088;0.024456521739130436;0.3342391304347826;9;0.024456521739130436;13;0.035326086956521736;3548;9.641304347826088;9;0.024456521739130436;123;0.3342391304347826;596780x105845-NZ-CP166118_31200_aligned_156744_R_15_80_406;0.9599892415696711;0.0213048798143925;0.9599892415696711;0.0213048798143925;
358;12;Chlamydia trachomatis A/HAR-13;strain;315277;159;2828;433;408;159;2.7232704402515724;28;159;58267;366.45911949685535;0.05252993433758208;421.1779723172412;0.9687116298016762;7767;813;0.9417858753424577;0.03487190567110111;0.9417858753424577;0.03487190567110111;4.511464930463744;0.020471224410969487;0.055748680314149604;7.501866872666409;0.020471224410969487;0.3641045448693189;159;0.020471224410969487;433;0.055748680314149604;58267;7.501866872666409;159;0.020471224410969487;2828;0.3641045448693189;596780x105845-NZ-CP166118_1036469_aligned_128425_R_16_63_210;0.9417858753424577;0.03487190567110111;0.9417858753424577;0.03487190567110111;
359;12;Chlamydia trachomatis L2/434/Bu;strain;471472;0;0;0;0;0;;0;0;0;;0.0;0.0;;62;813;;;;;;0.0;0.0;0.0;0.0;0.0;1;0.008064516129032258;1;0.008064516129032258;426;3.435483870967742;1;0.008064516129032258;22;0.1774193548387097;;0.9444444444444444;;0.9444444444444444;;
360;13;Chlamydia trachomatis L2/434/Bu(f);no rank;1262673;1;22;1;1;1;1.0;1;1;426;426.0;0.008064516129032258;0.9999999999999991;1.0000000000000009;124;471472;0.9444444444444444;;0.9444444444444444;;;0.008064516129032258;0.008064516129032258;3.435483870967742;0.008064516129032258;0.1774193548387097;1;0.008064516129032258;1;0.008064516129032258;426;3.435483870967742;1;0.008064516129032258;22;0.1774193548387097;596780x105845-NZ-CP166118_262336_aligned_603595_R_163_54_210;0.9444444444444444;;0.9444444444444444;;
361;12;Chlamydia trachomatis 6276s;strain;564417;17;313;92;89;17;5.411764705882353;21;17;6147;361.5882352941176;0.10840438489646773;87.08270614618651;1.0220169300962572;821;813;0.9407132060053016;0.034633364130551854;0.9407132060053016;0.034633364130551854;7.483806046469702;0.020706455542021926;0.1120584652862363;7.48721071863581;0.020706455542021926;0.3812423873325213;17;0.020706455542021926;92;0.1120584652862363;6147;7.48721071863581;17;0.020706455542021926;313;0.3812423873325213;596780x105845-NZ-CP166118_484468_aligned_399513_R_10_69_180;0.9407132060053016;0.034633364130551854;0.9407132060053016;0.034633364130551854;
362;12;Chlamydia trachomatis D(s)2923;strain;573237;14;280;38;35;14;2.7142857142857144;10;14;4471;319.35714285714283;0.06352087114337568;36.75148853729328;0.9523423783089502;551;813;0.9224773197873465;0.06157412797828414;0.9224773197873465;0.06157412797828414;2.4939487203589854;0.025408348457350273;0.06896551724137931;8.114337568058076;0.025408348457350273;0.5081669691470054;14;0.025408348457350273;38;0.06896551724137931;4471;8.114337568058076;14;0.025408348457350273;280;0.5081669691470054;596780x105845-NZ-CP166118_214502_aligned_186210_R_10_58_309;0.9224773197873465;0.06157412797828414;0.9224773197873465;0.06157412797828414;
363;12;Chlamydia trachomatis A2497;strain;580047;9;101;9;6;9;1.0;1;9;2617;290.77777777777777;0.011428571428571429;8.931732464241241;0.671762172011016;525;813;0.9435153054649071;0.06168768291528216;0.9435153054649071;0.06168768291528216;0.0;0.017142857142857144;0.017142857142857144;4.984761904761905;0.017142857142857144;0.19238095238095237;9;0.017142857142857144;9;0.017142857142857144;2617;4.984761904761905;9;0.017142857142857144;101;0.19238095238095237;596780x105845-NZ-CP166118_550190_aligned_1224472_R_3_47_71;0.9435153054649071;0.06168768291528216;0.9435153054649071;0.06168768291528216;
364;12;Chlamydia trachomatis B/Jali20/OT;strain;580049;181;3686;611;569;181;3.3756906077348066;31;181;64359;355.57458563535914;0.0622129892849333;591.0692546034951;0.9626621509550523;9146;813;0.929714274623412;0.046834122242334915;0.929714274623412;0.046834122242334915;6.081142545550152;0.019790072162694072;0.06680516072600044;7.0368467089438;0.019790072162694072;0.4030177126612727;181;0.019790072162694072;611;0.06680516072600044;64359;7.0368467089438;181;0.019790072162694072;3686;0.4030177126612727;596780x105845-NZ-CP166118_955391_aligned_827175_R_12_115_176;0.929714274623412;0.046834122242334915;0.929714274623412;0.046834122242334915;
365;12;Chlamydia trachomatis E/Bour;strain;596777;1;11;1;1;1;1.0;1;1;514;514.0;0.004739336492890996;1.0000000000000102;0.9999999999999898;211;813;0.9772727272727273;;0.9772727272727273;;;0.004739336492890996;0.004739336492890996;2.4360189573459716;0.004739336492890996;0.052132701421800945;1;0.004739336492890996;1;0.004739336492890996;514;2.4360189573459716;1;0.004739336492890996;11;0.052132701421800945;596780x105845-NZ-CP166118_882570_aligned_1268123_R_23_37_454;0.9772727272727273;;0.9772727272727273;;
366;12;Chlamydia trachomatis I/UW-12/UR;strain;596780;3699;67724;36853;2747;3731;9.877512731171267;32;3699;1331290;359.90537983238715;1.0;2746.9959128363776;1.0000014878666559;2747;813;0.9380770485403301;0.04276165560503012;0.9380993695648324;0.04272696715545708;6.117285825934435;1.346559883509283;13.415726246814707;484.6341463414634;1.346559883509283;24.6538041499818;3699;1.346559883509283;36853;13.415726246814707;1331290;484.6341463414634;3699;1.346559883509283;67724;24.6538041499818;596780x105845-NZ-CP166118_125510_aligned_1322360_R_7_135_290;0.9380770485403301;0.04276165560503012;0.9380993695648324;0.04272696715545708;
367;12;Chlamydia trachomatis Sweden2;strain;634464;9;126;22;21;9;2.4444444444444446;11;9;3027;336.3333333333333;0.03260869565217391;21.644990317989418;0.9702014041811163;644;813;0.9513278501198003;0.039026385024483495;0.9513278501198003;0.039026385024483495;3.2446537223219645;0.013975155279503106;0.034161490683229816;4.700310559006211;0.013975155279503106;0.1956521739130435;9;0.013975155279503106;22;0.034161490683229816;3027;4.700310559006211;9;0.013975155279503106;126;0.1956521739130435;596780x105845-NZ-CP166118_437891_aligned_224382_R_19_60_287;0.9513278501198003;0.039026385024483495;0.9513278501198003;0.039026385024483495;
368;12;Chlamydia trachomatis B/TZ1A828/OT;strain;672161;63;1215;133;128;63;2.111111111111111;31;63;22626;359.14285714285717;0.031000242189392103;130.89636873074505;0.977872810691159;4129;813;0.93746608548596;0.037224881343577584;0.93746608548596;0.037224881343577584;4.216370213557839;0.015257931702591427;0.032211189149915234;5.479777185759263;0.015257931702591427;0.2942601114071204;63;0.015257931702591427;133;0.032211189149915234;22626;5.479777185759263;63;0.015257931702591427;1215;0.2942601114071204;596780x105845-NZ-CP166118_383676_aligned_531235_F_7_73_191;0.93746608548596;0.037224881343577584;0.93746608548596;0.037224881343577584;
369;12;Chlamydia trachomatis E/11023;strain;707183;6;62;9;8;6;1.5;3;6;2102;350.3333333333333;0.0175054704595186;8.9216262701341;0.8966975030976895;457;813;0.9680137386714914;0.021056231161114356;0.9680137386714914;0.021056231161114356;0.8366600265340756;0.01312910284463895;0.019693654266958426;4.599562363238512;0.01312910284463895;0.13566739606126915;6;0.01312910284463895;9;0.019693654266958426;2102;4.599562363238512;6;0.01312910284463895;62;0.13566739606126915;596780x105845-NZ-CP166118_268251_aligned_281518_F_13_230_152;0.9680137386714914;0.021056231161114356;0.9680137386714914;0.021056231161114356;
370;12;Chlamydia trachomatis G/9768;strain;707185;1;21;3;3;1;3.0;3;1;312;312.0;0.04838709677419355;2.9518730489073888;1.0163038688640167;62;813;0.925531914893617;;0.925531914893617;;;0.016129032258064516;0.04838709677419355;5.032258064516129;0.016129032258064516;0.3387096774193548;1;0.016129032258064516;3;0.04838709677419355;312;5.032258064516129;1;0.016129032258064516;21;0.3387096774193548;596780x105845-NZ-CP166118_361719_aligned_469318_R_7_62_244;0.925531914893617;;0.925531914893617;;
371;12;Chlamydia trachomatis G/11222;strain;707186;78;1484;206;180;78;2.641025641025641;31;78;27556;353.28205128205127;0.049764998617638924;200.27051594757222;0.8987843225366298;3617;813;0.9308071900472148;0.05435069015680704;0.9308071900472148;0.05435069015680704;5.234685415756271;0.021564832734310202;0.05695327619574233;7.6184683439314345;0.021564832734310202;0.4102847663809787;78;0.021564832734310202;206;0.05695327619574233;27556;7.6184683439314345;78;0.021564832734310202;1484;0.4102847663809787;596780x105845-NZ-CP166118_470578_aligned_491418_R_10_80_115;0.9308071900472148;0.05435069015680704;0.9308071900472148;0.05435069015680704;
372;12;Chlamydia trachomatis G/11074;strain;707187;15;364;46;31;17;2.7058823529411766;10;15;5517;367.8;0.05115511551155116;44.332691807856186;0.6992582389167377;606;813;0.9128246022872732;0.07796741525871763;0.9128246022872732;0.07796741525871763;2.8888731774333944;0.024752475247524754;0.07590759075907591;9.103960396039604;0.024752475247524754;0.6006600660066007;15;0.024752475247524754;46;0.07590759075907591;5517;9.103960396039604;15;0.024752475247524754;364;0.6006600660066007;596780x105845-NZ-CP166118_59675_aligned_336310_R_207_69_2;0.9128246022872732;0.07796741525871763;0.9128246022872732;0.07796741525871763;
373;12;Chlamydia trachomatis G/9301;strain;718219;1;22;1;1;1;1.0;1;1;432;432.0;0.03225806451612903;0.9999999999999991;1.0000000000000009;31;813;0.945273631840796;;0.945273631840796;;;0.03225806451612903;0.03225806451612903;13.935483870967742;0.03225806451612903;0.7096774193548387;1;0.03225806451612903;1;0.03225806451612903;432;13.935483870967742;1;0.03225806451612903;22;0.7096774193548387;596780x105845-NZ-CP166118_596096_aligned_474512_R_22_81_329;0.945273631840796;;0.945273631840796;;
374;12;Chlamydia trachomatis D-EC;strain;759363;1;19;1;1;1;1.0;1;1;188;188.0;0.03333333333333333;0.9999999999999998;1.0000000000000002;30;813;0.879746835443038;;0.879746835443038;;;0.03333333333333333;0.03333333333333333;6.266666666666667;0.03333333333333333;0.6333333333333333;1;0.03333333333333333;1;0.03333333333333333;188;6.266666666666667;1;0.03333333333333333;19;0.6333333333333333;596780x105845-NZ-CP166118_153489_aligned_557297_R_8_64_116;0.879746835443038;;0.879746835443038;;
375;12;Chlamydia trachomatis L2c;strain;887712;5;116;10;10;5;2.0;5;5;1789;357.8;0.0847457627118644;9.627135759123444;1.0387305477149005;118;813;0.9248240514551223;0.031148571271021625;0.9248240514551223;0.031148571271021625;1.7320508075688772;0.0423728813559322;0.0847457627118644;15.161016949152541;0.0423728813559322;0.9830508474576272;5;0.0423728813559322;10;0.0847457627118644;1789;15.161016949152541;5;0.0423728813559322;116;0.9830508474576272;596780x105845-NZ-CP166118_1025748_aligned_43601_F_17_97_278;0.9248240514551223;0.031148571271021625;0.9248240514551223;0.031148571271021625;
376;12;Chlamydia trachomatis RC-F(s)/852;strain;907265;6;95;9;7;6;1.5;2;6;1622;270.3333333333333;0.04929577464788732;8.750601016443554;0.7999450536992899;142;813;0.9345171832753655;0.022747257721080143;0.9362006849588672;0.02601121589886684;0.5477225575051661;0.04225352112676056;0.06338028169014084;11.422535211267606;0.04225352112676056;0.6690140845070423;6;0.04225352112676056;9;0.06338028169014084;1622;11.422535211267606;6;0.04225352112676056;95;0.6690140845070423;596780x105845-NZ-CP166118_857049_aligned_98307_R_14_75_180;0.9345171832753655;0.022747257721080143;0.9362006849588672;0.02601121589886684;
377;12;Chlamydia trachomatis J/6276tet1;strain;907272;1;19;1;1;1;1.0;1;1;431;431.0;0.25;1.0;1.0;4;813;0.9526184538653366;;0.9526184538653366;;;0.25;0.25;107.75;0.25;4.75;1;0.25;1;0.25;431;107.75;1;0.25;19;4.75;596780x105845-NZ-CP166118_879607_aligned_1160456_R_14_48_369;0.9526184538653366;;0.9526184538653366;;
378;12;Chlamydia trachomatis RC-L2/55;strain;1007870;2;20;2;2;2;1.0;1;2;389;194.5;0.023529411764705882;1.9882352941176378;1.0059171597633183;85;813;0.9556708860759494;0.04478939662097994;0.9556708860759494;0.04478939662097994;0.0;0.023529411764705882;0.023529411764705882;4.576470588235294;0.023529411764705882;0.23529411764705882;2;0.023529411764705882;2;0.023529411764705882;389;4.576470588235294;2;0.023529411764705882;20;0.23529411764705882;596780x105845-NZ-CP166118_318222_aligned_1052016_R_2_29_78;0.9556708860759494;0.04478939662097994;0.9556708860759494;0.04478939662097994;
379;12;Chlamydia trachomatis A/5291;strain;1071754;3;89;5;4;3;1.6666666666666667;2;3;1069;356.3333333333333;0.06451612903225806;4.841290222420495;0.8262260298867445;62;813;0.9165291302195082;0.04745288670700835;0.9165291302195082;0.04745288670700835;0.5773502691896255;0.04838709677419355;0.08064516129032258;17.241935483870968;0.04838709677419355;1.435483870967742;3;0.04838709677419355;5;0.08064516129032258;1069;17.241935483870968;3;0.04838709677419355;89;1.435483870967742;596780x105845-NZ-CP166118_259468_aligned_1114554_F_13_39_270;0.9165291302195082;0.04745288670700835;0.9165291302195082;0.04745288670700835;
380;12;Chlamydia trachomatis A/7249;strain;1071755;2;56;3;3;2;1.5;2;2;554;277.0;0.01764705882352941;2.982387543252579;1.005905488972172;170;813;0.8836566091954023;0.014274210166188071;0.8836566091954023;0.014274210166188071;0.7071067811865476;0.011764705882352941;0.01764705882352941;3.2588235294117647;0.011764705882352941;0.32941176470588235;2;0.011764705882352941;3;0.01764705882352941;554;3.2588235294117647;2;0.011764705882352941;56;0.32941176470588235;596780x105845-NZ-CP166118_882523_aligned_82271_R_16_76_109;0.8836566091954023;0.014274210166188071;0.8836566091954023;0.014274210166188071;
381;12;Chlamydia trachomatis D/SotonD1;strain;1071756;11;289;49;48;11;4.454545454545454;30;11;3967;360.6363636363636;0.05714285714285714;47.625757434445546;1.007857986638209;840;813;0.9049533239921839;0.05894031855687603;0.9049533239921839;0.05894031855687603;8.559949022787885;0.013095238095238096;0.058333333333333334;4.722619047619047;0.013095238095238096;0.34404761904761905;11;0.013095238095238096;49;0.058333333333333334;3967;4.722619047619047;11;0.013095238095238096;289;0.34404761904761905;596780x105845-NZ-CP166118_912116_aligned_811486_R_17_76_214;0.9049533239921839;0.05894031855687603;0.9049533239921839;0.05894031855687603;
382;12;Chlamydia trachomatis D/SotonD5;strain;1071757;31;565;69;66;33;2.090909090909091;10;32;10065;324.6774193548387;0.04342105263157895;67.47901232674714;0.978081891305915;1520;813;0.9333761303918803;0.04764684063686285;0.9333761303918803;0.04764684063686285;2.5539630523418446;0.020394736842105264;0.045394736842105265;6.621710526315789;0.021052631578947368;0.3717105263157895;31;0.020394736842105264;69;0.045394736842105265;10065;6.621710526315789;32;0.021052631578947368;565;0.3717105263157895;596780x105845-NZ-CP166118_25475_aligned_381457_R_15_56_235;0.9333761303918803;0.04764684063686285;0.9333761303918803;0.04764684063686285;
383;12;Chlamydia trachomatis D/SotonD6;strain;1071758;32;597;87;85;32;2.71875;18;32;12187;380.84375;0.05253399258343634;84.72785431821428;1.0032119978013796;1618;813;0.9391469286981878;0.049688812891709726;0.9391469286981878;0.049688812891709726;3.4755772321693836;0.019777503090234856;0.05377008652657602;7.532138442521632;0.019777503090234856;0.3689740420271941;32;0.019777503090234856;87;0.05377008652657602;12187;7.532138442521632;32;0.019777503090234856;597;0.3689740420271941;596780x105845-NZ-CP166118_7330_aligned_172247_R_15_77_284;0.9391469286981878;0.049688812891709726;0.9391469286981878;0.049688812891709726;
384;12;Chlamydia trachomatis E/SW3;strain;1071759;10;163;15;13;12;1.25;3;12;3515;351.5;0.01859799713876967;14.85071265376365;0.8753788658556653;699;813;0.9434480200136266;0.02644502081114787;0.9434480200136266;0.02644502081114787;0.621581560508061;0.01430615164520744;0.02145922746781116;5.028612303290415;0.017167381974248927;0.23319027181688126;10;0.01430615164520744;15;0.02145922746781116;3515;5.028612303290415;12;0.017167381974248927;163;0.23319027181688126;596780x105845-NZ-CP166118_848573_aligned_1118773_R_18_39_376;0.9434480200136266;0.02644502081114787;0.9434480200136266;0.02644502081114787;
385;12;Chlamydia trachomatis E/SotonE4;strain;1071760;8;114;11;11;8;1.375;3;8;2392;299.0;0.01478494623655914;10.926372552616481;1.006738507865164;744;813;0.9469612909844567;0.020033764150081755;0.9469612909844567;0.020033764150081755;0.7440238091428449;0.010752688172043012;0.01478494623655914;3.21505376344086;0.010752688172043012;0.1532258064516129;8;0.010752688172043012;11;0.01478494623655914;2392;3.21505376344086;8;0.010752688172043012;114;0.1532258064516129;596780x105845-NZ-CP166118_244922_aligned_1167740_R_15_43_174;0.9469612909844567;0.020033764150081755;0.9469612909844567;0.020033764150081755;
386;12;Chlamydia trachomatis E/SotonE8;strain;1071761;10;228;34;29;10;3.4;21;10;3799;379.9;0.05765407554671968;32.9079830776594;0.8812451353084456;503;813;0.9269417833668125;0.04274509819459016;0.9269417833668125;0.04274509819459016;6.221825384170718;0.019880715705765408;0.06759443339960239;7.5526838966202785;0.019880715705765408;0.4532803180914513;10;0.019880715705765408;34;0.06759443339960239;3799;7.5526838966202785;10;0.019880715705765408;228;0.4532803180914513;596780x105845-NZ-CP166118_239213_aligned_342235_R_19_69_210;0.9269417833668125;0.04274509819459016;0.9269417833668125;0.04274509819459016;
387;12;Chlamydia trachomatis F/SW4;strain;1071762;11;222;24;23;11;2.1818181818181817;12;11;4604;418.54545454545456;0.025191675794085433;23.70011410244436;0.9704594627933816;913;813;0.9440047922326472;0.026323886315694985;0.9440047922326472;0.026323886315694985;3.2807981290588972;0.012048192771084338;0.02628696604600219;5.042716319824754;0.012048192771084338;0.24315443592552027;11;0.012048192771084338;24;0.02628696604600219;4604;5.042716319824754;11;0.012048192771084338;222;0.24315443592552027;596780x105845-NZ-CP166118_356712_aligned_894843_R_348_60_4;0.9440047922326472;0.026323886315694985;0.9440047922326472;0.026323886315694985;
388;12;Chlamydia trachomatis F/SW5;strain;1071763;16;297;75;73;16;4.6875;26;16;5717;357.3125;0.1028169014084507;71.22217175509054;1.0249617247143603;710;813;0.9341873824713236;0.042174351505293715;0.9341873824713236;0.042174351505293715;7.9726093595509875;0.022535211267605635;0.1056338028169014;8.052112676056337;0.022535211267605635;0.4183098591549296;29;0.0401027788351732;97;0.13536353254663114;10696;14.780491054434716;29;0.0401027788351732;523;0.723715264560335;596780x105845-NZ-CP166118_456578_aligned_454952_R_65_72_258;0.9406672846097874;0.03799791442684077;0.9406672846097874;0.03799791442684077;
389;13;Chlamydia trachomatis F/SWFPminus;no rank;1100833;13;226;22;19;13;1.6923076923076923;4;13;4979;383.0;0.025675675675675677;21.690632145308687;0.8759541848626747;740;1071763;0.9486425487802044;0.03194883166812136;0.9486425487802044;0.03194883166812136;0.9473309334313418;0.01756756756756757;0.02972972972972973;6.728378378378379;0.01756756756756757;0.3054054054054054;13;0.01756756756756757;22;0.02972972972972973;4979;6.728378378378379;13;0.01756756756756757;226;0.3054054054054054;596780x105845-NZ-CP166118_911685_aligned_1026168_R_239_32_4;0.9486425487802044;0.03194883166812136;0.9486425487802044;0.03194883166812136;
390;12;Chlamydia trachomatis F/SotonF3;strain;1071764;5;70;22;22;5;4.4;18;5;1469;293.8;0.034108527131782945;21.645535056634802;1.0163758919535948;645;813;0.9430958840604579;0.028972267119808444;0.9430958840604579;0.028972267119808444;7.602631123499285;0.007751937984496124;0.034108527131782945;2.277519379844961;0.007751937984496124;0.10852713178294573;5;0.007751937984496124;22;0.034108527131782945;1469;2.277519379844961;5;0.007751937984496124;70;0.10852713178294573;596780x105845-NZ-CP166118_534987_aligned_597112_R_19_73_205;0.9430958840604579;0.028972267119808444;0.9430958840604579;0.028972267119808444;
391;12;Chlamydia trachomatis G/SotonG1;strain;1071765;29;527;85;80;30;2.8333333333333335;18;30;10152;350.0689655172414;0.054945054945054944;82.59401919833417;0.9685931351505596;1456;813;0.9400780888296576;0.030841532563620207;0.9400780888296576;0.030841532563620207;4.291799183312874;0.019917582417582416;0.05837912087912088;6.972527472527473;0.020604395604395604;0.36195054945054944;29;0.019917582417582416;85;0.05837912087912088;10152;6.972527472527473;30;0.020604395604395604;527;0.36195054945054944;596780x105845-NZ-CP166118_779729_aligned_728462_R_8_75_242;0.9400780888296576;0.030841532563620207;0.9400780888296576;0.030841532563620207;
392;12;Chlamydia trachomatis Ia/SotonIa1;strain;1071766;3;44;4;4;3;1.3333333333333333;2;3;1355;451.6666666666667;0.035398230088495575;3.9472152204904454;1.013372663146297;113;813;0.9627139708291071;0.02405280461314683;0.9627139708291071;0.02405280461314683;0.5773502691896258;0.02654867256637168;0.035398230088495575;11.991150442477876;0.02654867256637168;0.3893805309734513;3;0.02654867256637168;4;0.035398230088495575;1355;11.991150442477876;3;0.02654867256637168;44;0.3893805309734513;596780x105845-NZ-CP166118_490300_aligned_431351_F_323_58_7;0.9627139708291071;0.02405280461314683;0.9627139708291071;0.02405280461314683;
393;12;Chlamydia trachomatis Ia/SotonIa3;strain;1071767;5;103;27;25;5;5.4;22;5;1532;306.4;0.26881720430107525;23.543215157893492;1.061877055972879;93;813;0.8777227081997093;0.1450636428454958;0.8777227081997093;0.1450636428454958;9.289779329994873;0.053763440860215055;0.2903225806451613;16.473118279569892;0.053763440860215055;1.10752688172043;5;0.053763440860215055;27;0.2903225806451613;1532;16.473118279569892;5;0.053763440860215055;103;1.10752688172043;596780x105845-NZ-CP166118_545347_aligned_711602_R_41_70_25;0.8777227081997093;0.1450636428454958;0.8777227081997093;0.1450636428454958;
394;12;Chlamydia trachomatis K/SotonK1;strain;1071768;32;588;102;91;32;3.1875;23;32;12118;378.6875;0.08650190114068441;97.25517446344416;0.935682862141229;1052;813;0.9380714765502617;0.047252537863835195;0.9380714765502617;0.047252537863835195;5.208166663999915;0.030418250950570342;0.09695817490494296;11.519011406844106;0.030418250950570342;0.55893536121673;32;0.030418250950570342;102;0.09695817490494296;12118;11.519011406844106;32;0.030418250950570342;588;0.55893536121673;596780x105845-NZ-CP166118_920973_aligned_604543_R_33_91_351;0.9380714765502617;0.047252537863835195;0.9380714765502617;0.047252537863835195;
395;12;Chlamydia trachomatis L1/115;strain;1071770;5;187;7;7;5;1.4;2;5;1892;378.4;0.017902813299232736;6.946519911716928;1.0076988317837923;391;813;0.9057461971798801;0.04580504095971017;0.9057461971798801;0.04580504095971017;0.547722557505166;0.01278772378516624;0.017902813299232736;4.838874680306906;0.01278772378516624;0.4782608695652174;5;0.01278772378516624;7;0.017902813299232736;1892;4.838874680306906;5;0.01278772378516624;187;0.4782608695652174;596780x105845-NZ-CP166118_998228_aligned_72359_R_36_210_393;0.9057461971798801;0.04580504095971017;0.9057461971798801;0.04580504095971017;
396;12;Chlamydia trachomatis L1/224;strain;1071771;8;189;8;7;8;1.0;1;8;3028;378.5;0.015659955257270694;7.937639664281517;0.8818742467611891;447;813;0.9352463693009654;0.04911445401836785;0.9352463693009654;0.04911445401836785;0.0;0.017897091722595078;0.017897091722595078;6.774049217002237;0.017897091722595078;0.4228187919463087;8;0.017897091722595078;8;0.017897091722595078;3028;6.774049217002237;8;0.017897091722595078;189;0.4228187919463087;596780x105845-NZ-CP166118_58280_aligned_100853_R_20_80_321;0.9352463693009654;0.04911445401836785;0.9352463693009654;0.04911445401836785;
397;12;Chlamydia trachomatis L2/25667R;strain;1071772;1;20;1;1;1;1.0;1;1;293;293.0;0.015151515151515152;0.9999999999999991;1.0000000000000009;66;813;0.9239543726235742;;0.9239543726235742;;;0.015151515151515152;0.015151515151515152;4.4393939393939394;0.015151515151515152;0.30303030303030304;1;0.015151515151515152;1;0.015151515151515152;293;4.4393939393939394;1;0.015151515151515152;20;0.30303030303030304;596780x105845-NZ-CP166118_603431_aligned_211420_R_135_53_110;0.9239543726235742;;0.9239543726235742;;
398;12;Chlamydia trachomatis L2b/8200/07;strain;1071773;1;21;2;2;1;2.0;2;1;439;439.0;0.06451612903225806;1.9677419354838679;1.0163934426229524;31;813;0.9486552567237164;;0.9486552567237164;;;0.03225806451612903;0.06451612903225806;14.161290322580646;0.03225806451612903;0.6774193548387096;1;0.03225806451612903;2;0.06451612903225806;439;14.161290322580646;1;0.03225806451612903;21;0.6774193548387096;596780x105845-NZ-CP166118_151211_aligned_689751_R_16_56_366;0.9486552567237164;;0.9486552567237164;;
399;12;Chlamydia trachomatis L2b/LST;strain;1071775;4;94;6;4;4;1.5;2;4;1247;311.75;0.043010752688172046;5.841003515106479;0.6848138320161723;93;813;0.9166859219454828;0.040139402272932556;0.9166859219454828;0.040139402272932556;0.5773502691896257;0.043010752688172046;0.06451612903225806;13.408602150537634;0.043010752688172046;1.010752688172043;4;0.043010752688172046;6;0.06451612903225806;1247;13.408602150537634;4;0.043010752688172046;94;1.010752688172043;596780x105845-NZ-CP166118_797192_aligned_371185_R_7_101_215;0.9166859219454828;0.040139402272932556;0.9166859219454828;0.040139402272932556;
400;12;Chlamydia trachomatis L2b/Ams1;strain;1071778;2;31;4;3;2;2.0;3;2;569;284.5;0.023809523809523808;3.9526324051078223;0.7589878573386245;126;813;0.9403520208604954;0.02443067757685539;0.9403520208604954;0.02443067757685539;1.4142135623730951;0.015873015873015872;0.031746031746031744;4.515873015873016;0.015873015873015872;0.24603174603174602;2;0.015873015873015872;4;0.031746031746031744;569;4.515873015873016;2;0.015873015873015872;31;0.24603174603174602;596780x105845-NZ-CP166118_588369_aligned_333457_R_123_72_109;0.9403520208604954;0.02443067757685539;0.9403520208604954;0.02443067757685539;
401;12;Chlamydia trachomatis L2b/Ams2;strain;1071779;2;35;3;3;2;1.5;2;2;700;350.0;0.06382978723404255;2.9366229062924467;1.0215816247880354;47;813;0.9431487182676659;0.012717088714315244;0.9431487182676659;0.012717088714315244;0.7071067811865476;0.0425531914893617;0.06382978723404255;14.893617021276595;0.0425531914893617;0.7446808510638298;2;0.0425531914893617;3;0.06382978723404255;700;14.893617021276595;2;0.0425531914893617;35;0.7446808510638298;596780x105845-NZ-CP166118_195367_aligned_826077_F_28_47_352;0.9431487182676659;0.012717088714315244;0.9431487182676659;0.012717088714315244;
402;12;Chlamydia trachomatis L2b/Ams3;strain;1071780;2;30;20;20;2;10.0;18;2;849;424.5;0.16129032258064516;18.539406590695116;1.0787831801497871;124;813;0.9605330526794857;0.006577082644425454;0.9605330526794857;0.006577082644425454;11.313708498984761;0.016129032258064516;0.16129032258064516;6.846774193548387;0.016129032258064516;0.24193548387096775;2;0.016129032258064516;20;0.16129032258064516;849;6.846774193548387;2;0.016129032258064516;30;0.24193548387096775;596780x105845-NZ-CP166118_338154_aligned_635234_F_34_54_457;0.9605330526794857;0.006577082644425454;0.9605330526794857;0.006577082644425454;
403;12;Chlamydia trachomatis L2b/Ams4;strain;1071781;2;31;2;1;2;1.0;1;2;767;383.5;0.010526315789473684;1.989473684210531;0.5026455026455015;95;813;0.9492347338545385;0.03441283372075029;0.9492347338545385;0.03441283372075029;0.0;0.021052631578947368;0.021052631578947368;8.073684210526316;0.021052631578947368;0.3263157894736842;2;0.021052631578947368;2;0.021052631578947368;767;8.073684210526316;2;0.021052631578947368;31;0.3263157894736842;596780x105845-NZ-CP166118_972525_aligned_1189723_R_18_41_425;0.9492347338545385;0.03441283372075029;0.9492347338545385;0.03441283372075029;
404;12;Chlamydia trachomatis L2b/Ams5;strain;1071782;3;51;5;4;3;1.6666666666666667;3;3;915;305.0;0.043478260869565216;4.89247941520812;0.8175813653024526;92;813;0.9364056289731306;0.008312314859394801;0.9364056289731306;0.008312314859394801;1.1547005383792515;0.03260869565217391;0.05434782608695652;9.945652173913043;0.03260869565217391;0.5543478260869565;3;0.03260869565217391;5;0.05434782608695652;915;9.945652173913043;3;0.03260869565217391;51;0.5543478260869565;596780x105845-NZ-CP166118_522142_aligned_452670_R_32_47_265;0.9364056289731306;0.008312314859394801;0.9364056289731306;0.008312314859394801;
405;12;Chlamydia trachomatis L2b/Canada1;strain;1075085;3;51;20;20;3;6.666666666666667;18;3;1390;463.3333333333333;0.12422360248447205;18.862717325100675;1.0602926214340254;161;813;0.9592829510161267;0.012435625881808295;0.9592829510161267;0.012435625881808295;9.814954576223638;0.018633540372670808;0.12422360248447205;8.633540372670808;0.018633540372670808;0.3167701863354037;3;0.018633540372670808;20;0.12422360248447205;1390;8.633540372670808;3;0.018633540372670808;51;0.3167701863354037;596780x105845-NZ-CP166118_889070_aligned_1354102_R_18_48_300;0.9592829510161267;0.012435625881808295;0.9592829510161267;0.012435625881808295;
406;12;Chlamydia trachomatis L2b/Canada2;strain;1075086;1;19;1;1;1;1.0;1;1;215;215.0;0.008403361344537815;0.9999999999999964;1.0000000000000036;119;813;0.8972972972972973;;0.8972972972972973;;;0.008403361344537815;0.008403361344537815;1.8067226890756303;0.008403361344537815;0.15966386554621848;1;0.008403361344537815;1;0.008403361344537815;215;1.8067226890756303;1;0.008403361344537815;19;0.15966386554621848;596780x105845-NZ-CP166118_153365_aligned_434968_R_5_54_157;0.8972972972972973;;0.8972972972972973;;
407;12;Chlamydia trachomatis L1/1322/p2;strain;1075087;3;63;9;9;3;3.0;7;3;903;301.0;0.0410958904109589;8.837355919949173;1.0184041563476784;219;813;0.9188686737419681;0.027166526122390927;0.9188686737419681;0.027166526122390927;3.4641016151377544;0.0136986301369863;0.0410958904109589;4.123287671232877;0.0136986301369863;0.2876712328767123;3;0.0136986301369863;9;0.0410958904109589;903;4.123287671232877;3;0.0136986301369863;63;0.2876712328767123;596780x105845-NZ-CP166118_300943_aligned_658926_R_11_55_192;0.9188686737419681;0.027166526122390927;0.9188686737419681;0.027166526122390927;
408;12;Chlamydia trachomatis E/C599;strain;1100832;21;1504;111;109;22;5.045454545454546;29;22;19871;946.2380952380952;0.11065989847715736;105.02451962806302;1.0378528784136873;985;813;0.9228171533914687;0.057869115201816264;0.9228207981712329;0.05786865391924315;8.03846273343872;0.02131979695431472;0.11269035532994924;20.173604060913707;0.02233502538071066;1.5269035532994923;21;0.02131979695431472;111;0.11269035532994924;19871;20.173604060913707;22;0.02233502538071066;1504;1.5269035532994923;596780x105845-NZ-CP166118_152995_aligned_20556_F_9_107_269;0.9228171533914687;0.057869115201816264;0.9228207981712329;0.05786865391924315;
409;12;Chlamydia trachomatis IU824;strain;1260222;3;39;4;4;3;1.3333333333333333;2;3;981;327.0;0.025806451612903226;3.961456547279392;1.0097296164328946;155;813;0.9496257019143753;0.03561354556984737;0.9496257019143753;0.03561354556984737;0.5773502691896258;0.01935483870967742;0.025806451612903226;6.329032258064516;0.01935483870967742;0.25161290322580643;3;0.01935483870967742;4;0.025806451612903226;981;6.329032258064516;3;0.01935483870967742;39;0.25161290322580643;596780x105845-NZ-CP166118_325282_aligned_410216_F_8_47_194;0.9496257019143753;0.03561354556984737;0.9496257019143753;0.03561354556984737;
410;12;Chlamydia trachomatis IU888;strain;1260223;2;80;3;2;2;1.5;2;2;948;474.0;0.03225806451612903;2.9518730489073888;0.6775359125760111;62;813;0.9150927835051547;0.05811397174865242;0.9150927835051547;0.05811397174865242;0.7071067811865476;0.03225806451612903;0.04838709677419355;15.290322580645162;0.03225806451612903;1.2903225806451613;2;0.03225806451612903;3;0.04838709677419355;948;15.290322580645162;2;0.03225806451612903;80;1.2903225806451613;596780x105845-NZ-CP166118_360247_aligned_674384_R_39_128_365;0.9150927835051547;0.05811397174865242;0.9150927835051547;0.05811397174865242;
411;12;Chlamydia trachomatis E/CS88(i);strain;1266902;7;140;13;13;7;1.8571428571428572;3;7;2550;364.2857142857143;0.035326086956521736;12.790141086767001;1.016407865387046;368;813;0.9202851601255503;0.06626393006948576;0.9202851601255503;0.06626393006948576;0.8997354108424375;0.019021739130434784;0.035326086956521736;6.929347826086956;0.019021739130434784;0.3804347826086957;8;0.051279803646563815;14;0.06758415147265076;2978;20.73579943899018;8;0.051279803646563815;159;0.9933380084151473;596780x105845-NZ-CP166118_203354_aligned_484389_R_243_86_15;0.9242821784264394;0.062381447867352245;0.9242821784264394;0.062381447867352245;
412;13;Chlamydia trachomatis E/CS88(f);no rank;1266739;1;19;1;1;1;1.0;1;1;428;428.0;0.03225806451612903;0.9999999999999991;1.0000000000000009;31;1266902;0.9522613065326633;;0.9522613065326633;;;0.03225806451612903;0.03225806451612903;13.806451612903226;0.03225806451612903;0.6129032258064516;1;0.03225806451612903;1;0.03225806451612903;428;13.806451612903226;1;0.03225806451612903;19;0.6129032258064516;596780x105845-NZ-CP166118_135559_aligned_291521_R_16_53_355;0.9522613065326633;;0.9522613065326633;;
413;12;Chlamydia trachomatis F/11-96;strain;1340853;14;268;60;59;14;4.285714285714286;23;14;5464;390.2857142857143;0.09640522875816994;57.1971185678116;1.0315204939922096;612;813;0.9377535019297557;0.05410280974342864;0.9377535019297557;0.05410280974342864;6.556600566529197;0.02287581699346405;0.09803921568627451;8.928104575163399;0.02287581699346405;0.43790849673202614;14;0.02287581699346405;60;0.09803921568627451;5464;8.928104575163399;14;0.02287581699346405;268;0.43790849673202614;596780x105845-NZ-CP166118_278145_aligned_682038_R_27_103_190;0.9377535019297557;0.05410280974342864;0.9377535019297557;0.05410280974342864;
414;12;Chlamydia trachomatis C/TW-3;strain;1431547;2;84;10;10;2;5.0;8;2;1110;555.0;0.044444444444444446;9.802352032119671;1.0201633207247292;225;813;0.9202839202839203;0.007026668532682074;0.9202839202839203;0.007026668532682074;4.242640687119285;0.008888888888888889;0.044444444444444446;4.933333333333334;0.008888888888888889;0.37333333333333335;2;0.008888888888888889;10;0.044444444444444446;1110;4.933333333333334;2;0.008888888888888889;84;0.37333333333333335;596780x105845-NZ-CP166118_258009_aligned_28279_R_10_287_238;0.9202839202839203;0.007026668532682074;0.9202839202839203;0.007026668532682074;
415;12;Chlamydia trachomatis D/CS637/11;strain;1447714;12;273;72;70;12;6.0;30;12;4246;353.8333333333333;0.12612612612612611;67.58234185246472;1.0357735183668706;555;813;0.9097116247084972;0.09082915942105428;0.9097116247084972;0.09082915942105428;10.987596312536821;0.021621621621621623;0.12972972972972974;7.6504504504504505;0.021621621621621623;0.4918918918918919;12;0.021621621621621623;72;0.12972972972972974;4246;7.6504504504504505;12;0.021621621621621623;273;0.4918918918918919;596780x105845-NZ-CP166118_118145_aligned_846405_R_106_87_5;0.9097116247084972;0.09082915942105428;0.9097116247084972;0.09082915942105428;
416;11;Chlamydia psittaci;species;83554;7;91;20;19;13;1.5384615384615385;5;13;2359;337.0;3.0563920417985743E-5;19.999694363552884;0.9500145179530988;621648;810;0.9419621070815246;0.0638774781164894;0.9419621070815246;0.0638774781164894;1.126601424298216;1.1260391732942116E-5;3.217254780840604E-5;0.003794752014001493;2.091215607546393E-5;1.463850925282475E-4;10;0.0027227044014886004;25;0.002850368625885388;3220;0.7144775626750847;17;0.002785732199991784;151;0.051911305191431376;596780x105845-NZ-CP166118_1007569_aligned_268070_R_11_109_171;0.9358581085268071;0.053264297687667606;0.9358581085268071;0.053264297687667606;
417;12;Chlamydia psittaci 04DC42;strain;1112265;1;19;1;1;1;1.0;1;1;255;255.0;0.002347417840375587;1.0000000000000144;0.9999999999999856;426;83554;0.9155555555555556;;0.9155555555555556;;;0.002347417840375587;0.002347417840375587;0.5985915492957746;0.002347417840375587;0.04460093896713615;1;0.002347417840375587;1;0.002347417840375587;255;0.5985915492957746;1;0.002347417840375587;19;0.04460093896713615;596780x105845-NZ-CP166118_881924_aligned_1004447_R_10_48_197;0.9155555555555556;;0.9155555555555556;;
418;12;Chlamydia psittaci 09DC80;strain;1112271;0;0;2;2;1;2.0;2;1;0;;1.0675206832132372E-4;1.9999466239658437;1.0000266887293474;18735;83554;;;;;;0.0;1.0675206832132372E-4;0.0;5.337603416066186E-5;0.0;0;0.0;2;1.0675206832132372E-4;0;0.0;1;5.337603416066186E-5;0;0.0;596780x105845-NZ-CP166118_275510_aligned_1198403_R_19_82_263;;;;;
419;12;Chlamydia psittaci WS/RT/E30;strain;1218356;1;19;1;1;1;1.0;1;1;312;312.0;2.8153153153153153E-4;1.000000000000039;0.9999999999999609;3552;83554;0.9326241134751773;;0.9326241134751773;;;2.8153153153153153E-4;2.8153153153153153E-4;0.08783783783783784;2.8153153153153153E-4;0.005349099099099099;1;2.8153153153153153E-4;1;2.8153153153153153E-4;312;0.08783783783783784;1;2.8153153153153153E-4;19;0.005349099099099099;596780x105845-NZ-CP166118_878586_aligned_479627_R_23_47_242;0.9326241134751773;;0.9326241134751773;;
420;12;Chlamydia psittaci WC;strain;1218358;1;22;1;1;1;1.0;1;1;294;294.0;8.249463784853984E-5;0.9999999999993323;1.0000000000006677;12122;83554;0.9166666666666666;;0.9166666666666666;;;8.249463784853984E-5;8.249463784853984E-5;0.024253423527470716;8.249463784853984E-5;0.0018148820326678765;1;8.249463784853984E-5;1;8.249463784853984E-5;294;0.024253423527470716;1;8.249463784853984E-5;22;0.0018148820326678765;596780x105845-NZ-CP166118_69732_aligned_1104999_R_32_61_202;0.9166666666666666;;0.9166666666666666;;
421;11;Chlamydia abortus;species;83555;14;282;35;31;23;1.5217391304347827;5;23;5304;378.85714285714283;1.7186521996807742E-5;34.9996701346168;0.8857226334067394;1803739;810;0.9444539710918519;0.031230335430272576;0.9444539710918519;0.031230335430272576;0.9940534656094302;7.761655095332529E-6;1.9404137738331323E-5;0.0029405584732602667;1.2751290513760582E-5;1.5634190977741237E-4;17;6.311527245422694E-5;41;1.3011137245612012E-4;6025;0.01624387784518122;26;6.810490787265498E-5;342;0.0012634142569553006;1242993x135453-NZ-QOHL01000049_871_aligned_103527_R_17_354_366;0.9370432498046729;0.032926969671834436;0.9373561409185652;0.03245672743624066;
422;12;Chlamydia abortus LLG;strain;1003238;3;60;6;6;3;2.0;3;3;721;240.33333333333334;1.1070723471778881E-4;5.999723238708211;1.0000461290097522;54197;83555;0.9024598837978367;0.012464641413778486;0.9042329334432267;0.009458781767842438;1.0;5.5353617358894403E-5;1.1070723471778881E-4;0.013303319371920955;5.5353617358894403E-5;0.0011070723471778882;3;5.5353617358894403E-5;6;1.1070723471778881E-4;721;0.013303319371920955;3;5.5353617358894403E-5;60;0.0011070723471778882;596780x105845-NZ-CP166118_251627_aligned_517965_R_183_74_10;0.9024598837978367;0.012464641413778486;0.9042329334432267;0.009458781767842438;
423;11;Chlamydia felis;species;83556;0;0;0;0;0;;0;0;0;;;0.0;;0;810;;;;;;;;;;;11;9.967361421961903E-6;40;3.624495062531601E-5;3782;0.0034269600816236286;20;1.8122475312658004E-5;163;1.4769817379816275E-4;;0.9458085345629879;0.039128678394760766;0.9462519935430322;0.03928428136043964;
424;12;Chlamydia felis Fe/C-56;strain;264202;11;163;40;35;20;2.0;9;20;3782;343.8181818181818;3.171433179715151E-5;39.99929323391205;0.8750154607813528;1103602;83556;0.9458085345629879;0.039128678394760766;0.9462519935430322;0.03928428136043964;2.2941573387056176;9.967361421961903E-6;3.624495062531601E-5;0.0034269600816236286;1.8122475312658004E-5;1.4769817379816275E-4;11;9.967361421961903E-6;40;3.624495062531601E-5;3782;0.0034269600816236286;20;1.8122475312658004E-5;163;1.4769817379816275E-4;596780x105845-NZ-CP166118_880887_aligned_229830_R_14_100_404;0.9458085345629879;0.039128678394760766;0.9462519935430322;0.03928428136043964;
425;11;Chlamydia caviae;species;83557;7;120;19;19;12;1.5833333333333333;5;12;2531;361.57142857142856;1.816483536444874E-5;18.99983651740505;1.000008604421138;1045977;810;0.9507814678782193;0.022578737095951495;0.9507814678782193;0.022578737095951495;1.2401124093721456;6.6923077658495355E-6;1.816483536444874E-5;0.002419747279337882;1.1472527598599205E-5;1.1472527598599205E-4;7;6.6923077658495355E-6;19;1.816483536444874E-5;2531;0.002419747279337882;12;1.1472527598599205E-5;120;1.1472527598599205E-4;596780x105845-NZ-CP166118_879705_aligned_384877_R_41_93_352;0.9507814678782193;0.022578737095951495;0.9507814678782193;0.022578737095951495;
426;11;Chlamydia pneumoniae;species;83558;6;88;12;12;11;1.0909090909090908;2;11;1827;304.5;1.0071118884522873E-5;11.999944608550521;1.0000046159754303;1191526;810;0.9190709560688964;0.06116727006282447;0.9190709560688964;0.06116727006282447;0.30151134457776346;5.0355594422614365E-6;1.0071118884522873E-5;0.0015333278501686073;9.2318589774793E-6;7.38548718198344E-5;7;9.439565326013296E-6;18;3.649515418703404E-5;2109;0.002775257509386632;13;1.8039870744983022E-5;90;8.266288358733812E-5;596780x105845-NZ-CP166118_806916_aligned_253575_R_3_69_78;0.9294984612109815;0.06228155813347127;0.9294984612109815;0.06228155813347127;
427;12;Chlamydia pneumoniae LPCoLN;strain;406984;1;2;6;6;2;3.0;4;2;282;282.0;2.6424035302511165E-5;5.999933940305014;1.0000110100703847;227066;83558;0.9920634920634921;;0.9920634920634921;;1.4142135623730951;4.40400588375186E-6;2.6424035302511165E-5;0.0012419296592180247;8.80801176750372E-6;8.80801176750372E-6;1;4.40400588375186E-6;6;2.6424035302511165E-5;282;0.0012419296592180247;2;8.80801176750372E-6;2;8.80801176750372E-6;596780x105845-NZ-CP166118_817613_aligned_686422_R_290_62_4;0.9920634920634921;;0.9920634920634921;;
428;11;Chlamydia suis;species;83559;378;6057;2511;2304;890;2.8213483146067415;57;848;139923;370.1666666666667;8.361249527774481E-4;2509.856733991606;0.9179806834375693;2755569;810;0.9489257444136947;0.03949951575294765;0.949728320026606;0.038292825396012746;4.939976544351495;1.3717675006505008E-4;9.11245554003547E-4;0.05077826031574604;3.0774043400836633E-4;0.002198094114137588;381;1.8062730333542838E-4;2529;0.001171948873625817;140845;0.06413206368750897;858;4.5257561157629404E-4;6093;0.002719500753382128;83559x32481-NZ-FTQG01000008_122059_aligned_210794_R_9_2719_190;0.9490006136959276;0.03940465766716663;0.9497968698158239;0.03820317222536279;
429;12;Chlamydia suis MD56;strain;1405296;3;36;18;16;10;1.8;4;10;922;307.3333333333333;2.3173628410868432E-4;17.9977841929497;0.8889983249308936;69044;83559;0.9584341432572715;0.02799425285788559;0.9584341432572715;0.02799425285788559;1.2292725943057183;4.345055327037831E-5;2.607033196222699E-4;0.013353803371762934;1.448351775679277E-4;5.214066392445398E-4;3;4.345055327037831E-5;18;2.607033196222699E-4;922;0.013353803371762934;10;1.448351775679277E-4;36;5.214066392445398E-4;596780x105845-NZ-CP166118_576451_aligned_689408_R_6_64_81;0.9584341432572715;0.02799425285788559;0.9584341432572715;0.02799425285788559;
430;11;Chlamydia muridarum;species;83560;266;3695;1522;1386;688;2.2122093023255816;23;677;98363;369.7857142857143;0.001351007553360412;1520.872298998791;0.9113191166098699;1025901;810;0.9533241008602713;0.03644067296305148;0.9540064153969094;0.03587943761706053;2.973198436047807;2.592842779176548E-4;0.0014835739510927468;0.09587962191283564;6.599077298881666E-4;0.0036017120560365963;270;9.790971265770034E-4;1558;0.007961889589026884;99854;0.3641898612506078;682;0.0015596737907123523;3793;0.021237126848190634;83560x221913-NZ-CP007217_539340_aligned_68136_R_10_2846_154;0.9529533697713006;0.03677573918134454;0.9536349287315635;0.03620941092513337;
431;12;Chlamydia muridarum str. Nigg;strain;243161;4;98;36;34;5;7.2;24;5;1491;372.75;0.006118409213604463;35.88686034920875;0.947421971973919;5557;83560;0.9282997523547454;0.05610445285733328;0.9289310654860585;0.05498579693176591;10.009995004993758;7.198128486593485E-4;0.006478315637934137;0.2683102393377722;8.997660608241857E-4;0.01763541479215404;4;7.198128486593485E-4;36;0.006478315637934137;1491;0.2683102393377722;5;8.997660608241857E-4;98;0.01763541479215404;596780x105845-NZ-CP166118_592964_aligned_886462_R_6_86_333;0.9282997523547454;0.05610445285733328;0.9289310654860585;0.05498579693176591;
432;11;Chlamydia pecorum;species;85991;21;416;75;69;35;2.142857142857143;18;35;8560;407.6190476190476;4.334388662746872E-5;74.99825685033848;0.9200213831328347;1591920;810;0.9412337057435364;0.03677506448074267;0.9412337057435364;0.03677506448074267;3.246200105669769;1.3191617669229609E-5;4.711292024724861E-5;0.005377154630885974;2.1986029448716017E-5;2.613196643047389E-4;28;0.00559983252907884;88;0.0067414055713980355;11011;1.6537094855676702;42;0.005608626940858326;570;0.11737193655728594;596780x105845-NZ-CP166118_858109_aligned_654908_R_17_52_327;0.9379016675341534;0.0387055677319529;0.9379016675341534;0.0387055677319529;
433;12;Chlamydia pecorum PV3056/3;strain;1234367;2;22;3;3;2;1.5;2;2;767;383.5;9.704341075240991E-5;2.9999029576413987;1.0000323484992586;30914;85991;0.9740861116935766;0.025379138333629248;0.9740861116935766;0.025379138333629248;0.7071067811865476;6.469560716827328E-5;9.704341075240991E-5;0.0248107653490328;6.469560716827328E-5;7.11651678851006E-4;2;6.469560716827328E-5;3;9.704341075240991E-5;767;0.0248107653490328;2;6.469560716827328E-5;22;7.11651678851006E-4;596780x105845-NZ-CP166118_858825_aligned_684404_R_17_51_215;0.9740861116935766;0.025379138333629248;0.9740861116935766;0.025379138333629248;
434;12;Chlamydia pecorum P787;strain;1234369;1;23;5;5;1;5.0;5;1;265;265.0;0.0011918951132300357;4.9976167779513405;1.0004768717079657;4195;85991;0.902127659574468;;0.902127659574468;;;2.3837902264600716E-4;0.0011918951132300357;0.0631704410011919;2.3837902264600716E-4;0.0054827175208581646;1;2.3837902264600716E-4;5;0.0011918951132300357;265;0.0631704410011919;1;2.3837902264600716E-4;23;0.0054827175208581646;596780x105845-NZ-CP166118_881548_aligned_294413_R_17_64_184;0.902127659574468;;0.902127659574468;;
435;12;Chlamydia pecorum IPTaLE;strain;1427368;2;68;3;2;2;1.5;2;2;841;420.5;2.4357569114602363E-4;2.999634651296661;0.6667478651559963;8211;85991;0.9016787065703474;0.07354688901257729;0.9016787065703474;0.07354688901257729;0.7071067811865476;2.4357569114602363E-4;3.6536353671903543E-4;0.10242357812690293;2.4357569114602363E-4;0.008281573498964804;2;2.4357569114602363E-4;3;3.6536353671903543E-4;841;0.10242357812690293;2;2.4357569114602363E-4;68;0.008281573498964804;596780x105845-NZ-CP166118_880510_aligned_101610_R_29_71_402;0.9016787065703474;0.07354688901257729;0.9016787065703474;0.07354688901257729;
436;12;Chlamydia pecorum MC/MarsBar;strain;1427369;1;21;1;1;1;1.0;1;1;288;288.0;0.001834862385321101;0.9999999999999698;1.0000000000000302;545;85991;0.9186046511627907;;0.9186046511627907;;;0.001834862385321101;0.001834862385321101;0.5284403669724771;0.001834862385321101;0.03853211009174312;1;0.001834862385321101;1;0.001834862385321101;288;0.5284403669724771;1;0.001834862385321101;21;0.03853211009174312;596780x105845-NZ-CP166118_856733_aligned_527670_F_188_61_37;0.9186046511627907;;0.9186046511627907;;
437;12;Chlamydia pecorum VR629;strain;1427371;1;20;1;1;1;1.0;1;1;290;290.0;0.003205128205128205;0.9999999999999964;1.0000000000000036;312;85991;0.9230769230769231;;0.9230769230769231;;;0.003205128205128205;0.003205128205128205;0.9294871794871795;0.003205128205128205;0.0641025641025641;1;0.003205128205128205;1;0.003205128205128205;290;0.9294871794871795;1;0.003205128205128205;20;0.0641025641025641;596780x105845-NZ-CP166118_880929_aligned_266310_R_18_55_216;0.9230769230769231;;0.9230769230769231;;
438;11;Chlamydia ibidis;species;1405396;234;11782;5653;453;403;14.027295285359802;87;246;182132;778.3418803418804;3.8812425459580245E-4;5639.334576617781;0.08032862633798349;1167152;810;0.9313620399756329;0.03974228369774529;0.9313620399756329;0.03974228369774529;12.212127948661536;2.0048802555279861E-4;0.00484341371132466;0.1560482267947962;2.1076946276063445E-4;0.010094657765226809;234;2.0048802555279861E-4;5653;0.00484341371132466;182132;0.1560482267947962;246;2.1076946276063445E-4;11782;0.010094657765226809;1405396x144292-NZ-KE360154_967_aligned_163476_R_13_450_298;0.9313620399756329;0.03974228369774529;0.9313620399756329;0.03974228369774529;
439;11;Chlamydia avium;species;1457141;13;171;45;42;22;2.0454545454545454;6;21;5108;392.9230769230769;4.098424643632219E-5;44.99903395801564;0.9333533701898189;1024784;810;0.962688430807867;0.02626580080458108;0.962688430807867;0.02626580080458108;1.3619759010270172;1.268560008743306E-5;4.39116926103452E-5;0.004984465018969851;2.0492123218161094E-5;1.6686443191931178E-4;13;1.268560008743306E-5;47;6.340791034410485E-5;5108;0.004984465018969851;22;3.024023208504092E-5;171;1.6686443191931178E-4;596780x105845-NZ-CP166118_961250_aligned_172109_R_19_63_231;0.962688430807867;0.02626580080458108;0.962688430807867;0.02626580080458108;
440;12;Chlamydia avium 10DC88;strain;1229831;0;0;2;2;1;2.0;2;1;0;;1.949621773375965E-5;1.9999902518907229;1.0000048740783951;102584;1457141;;;;;;0.0;1.949621773375965E-5;0.0;9.748108866879825E-6;0.0;0;0.0;2;1.949621773375965E-5;0;0.0;1;9.748108866879825E-6;0;0.0;596780x105845-NZ-CP166118_526471_aligned_875055_R_9_63_141;;;;;
441;11;Chlamydia gallinacea;species;1457153;13;157;46;45;25;1.84;6;25;4587;352.84615384615387;3.3611135593296296E-5;45.99922695429445;0.9782773098494177;1338842;810;0.9588808973587816;0.031463936703316916;0.9588808973587816;0.031463936703316916;1.4047538337136984;9.709883615841152E-6;3.435804971759177E-5;0.0034260950881433356;1.867285310738683E-5;1.172655175143893E-4;13;9.709883615841152E-6;46;3.435804971759177E-5;4587;0.0034260950881433356;25;1.867285310738683E-5;157;1.172655175143893E-4;596780x105845-NZ-CP166118_48807_aligned_201828_R_9_159_192;0.9588808973587816;0.031463936703316916;0.9588808973587816;0.031463936703316916;
442;11;Candidatus Chlamydia sanziniae;species;1806891;14;201;53;47;33;1.606060606060606;6;33;4130;295.0;4.242394154522437E-5;52.99875618218315;0.8868132647950749;1107865;810;0.94217391796652;0.04259710025467802;0.94217391796652;0.04259710025467802;1.1709876691119;1.263691875815194E-5;4.7839763870146634E-5;0.0037278910336548225;2.978702278707243E-5;1.8143004788489573E-4;14;1.263691875815194E-5;53;4.7839763870146634E-5;4130;0.0037278910336548225;33;2.978702278707243E-5;201;1.8143004788489573E-4;596780x105845-NZ-CP166118_858911_aligned_758167_R_199_64_8;0.94217391796652;0.04259710025467802;0.94217391796652;0.04259710025467802;
443;11;Chlamydia serpentis;species;1967782;7;67;22;22;14;1.5714285714285714;4;14;2429;347.0;1.8734932217866825E-5;21.999803282982278;1.0000089417625782;1174277;810;0.9668098825527344;0.02578341102105771;0.9668098825527344;0.02578341102105771;0.8516306272526403;5.961114796593989E-6;1.8734932217866825E-5;0.0020685068344181144;1.1922229593187978E-5;5.7056384481685324E-5;7;5.961114796593989E-6;22;1.8734932217866825E-5;2429;0.0020685068344181144;14;1.1922229593187978E-5;67;5.7056384481685324E-5;596780x105845-NZ-CP166118_328022_aligned_137281_R_19_165_420;0.9668098825527344;0.02578341102105771;0.9668098825527344;0.02578341102105771;
444;11;Chlamydia poikilotherma;species;1967783;2;6;19;18;9;2.111111111111111;5;9;597;298.5;2.261957271627139E-5;18.999785116080147;0.9473791356074867;795771;810;0.989197573801508;0.009709167705843449;0.989197573801508;0.009709167705843449;1.4529663145135576;2.5132858573634877E-6;2.3876215644953134E-5;7.502158284230011E-4;1.1309786358135694E-5;7.539857572090463E-6;2;2.5132858573634877E-6;19;2.3876215644953134E-5;597;7.502158284230011E-4;9;1.1309786358135694E-5;6;7.539857572090463E-6;596780x105845-NZ-CP166118_1007718_aligned_914840_R_4_66_243;0.989197573801508;0.009709167705843449;0.989197573801508;0.009709167705843449;
445;11;Candidatus Chlamydia corallus;species;2038470;6;34;16;15;12;1.3333333333333333;2;12;2237;372.8333333333333;1.3215602869371694E-5;15.999894274749133;0.9375061948798527;1135022;810;0.9836480891027928;0.014686337369102633;0.9836480891027928;0.014686337369102633;0.49236596391733106;5.286241147748678E-6;1.4096643060663142E-5;0.0019708869079189655;1.0572482295497356E-5;2.9955366503909175E-5;6;5.286241147748678E-6;16;1.4096643060663142E-5;2237;0.0019708869079189655;12;1.0572482295497356E-5;34;2.9955366503909175E-5;596780x105845-NZ-CP166118_251608_aligned_730890_F_6_66_148;0.9836480891027928;0.014686337369102633;0.9836480891027928;0.014686337369102633;
446;11;Chlamydia buteonis;species;2494525;3;41;7;6;5;1.4;2;5;1240;413.3333333333333;7.773380059984582E-6;6.9999727934849325;0.8571461885658135;771865;810;0.9656763054394237;0.017946217269442385;0.9669294382715039;0.019982038871670726;0.547722557505166;3.886690029992291E-6;9.068943403315346E-6;0.001606498545730147;6.477816716653819E-6;5.3118097076561317E-5;3;3.886690029992291E-6;7;9.068943403315346E-6;1240;0.001606498545730147;5;6.477816716653819E-6;41;5.3118097076561317E-5;596780x105845-NZ-CP166118_1010532_aligned_1222766_R_18_32_246;0.9656763054394237;0.017946217269442385;0.9669294382715039;0.019982038871670726;
447;11;unclassified Chlamydia;no rank;2641215;0;0;0;0;0;;0;0;0;;0.0;0.0;;178;810;;;;;;0.0;0.0;0.0;0.0;0.0;187;1.833576796236156E-4;850;8.3375543199197E-4;64168;0.06290152438048965;467;4.57905122657182E-4;2432;0.0023847175037203052;;0.9514676994907351;0.034867854633220376;0.9520055165340695;0.03460799361621376;
448;12;Chlamydia sp.;species;35827;171;2247;796;723;428;1.8598130841121496;23;428;57827;338.16959064327483;7.098967262272965E-4;795.6894051294976;0.9086460060157927;1018458;2641215;0.9501385521153659;0.03545030429777605;0.9506909239232751;0.03515461703515054;2.1378647147916356;1.6790088545624857E-4;7.815737124162214E-4;0.05677897370338296;4.202431519021894E-4;0.002206276547486494;171;1.6790088545624857E-4;796;7.815737124162214E-4;57827;0.05677897370338296;428;4.202431519021894E-4;2247;0.002206276547486494;596780x105845-NZ-CP166118_129066_aligned_196228_R_7_71_312;0.9501385521153659;0.03545030429777605;0.9506909239232751;0.03515461703515054;
449;12;Chlamydia sp. 17-3921;species;2675798;11;111;38;34;27;1.4074074074074074;5;26;4175;379.54545454545456;3.3028307202113814E-5;37.99931709755066;0.8947529218147858;1029420;2641215;0.9669899532937457;0.028072432366330443;0.9669899532937457;0.028072432366330443;1.009922284110525;1.068562880068388E-5;3.6913990402362495E-5;0.0040556818402595635;2.5256940801616445E-5;1.0782770880690097E-4;11;1.068562880068388E-5;38;3.6913990402362495E-5;4175;0.0040556818402595635;26;2.5256940801616445E-5;111;1.0782770880690097E-4;596780x105845-NZ-CP166118_128701_aligned_786076_R_15_70_364;0.9669899532937457;0.028072432366330443;0.9669899532937457;0.028072432366330443;
450;12;Chlamydia sp. 12-01;species;3002742;5;74;16;14;13;1.2307692307692308;3;13;2166;433.2;1.33592630267128E-5;15.999885492514245;0.8750062621729439;1047962;2641215;0.9627755813617316;0.01594701279431319;0.9639988229519456;0.018134634267088567;0.599144689515278;4.771165366683143E-6;1.5267729173386058E-5;0.0020668688368471375;1.2405029953376172E-5;7.061324742691051E-5;5;4.771165366683143E-6;16;1.5267729173386058E-5;2166;0.0020668688368471375;13;1.2405029953376172E-5;74;7.061324742691051E-5;596780x105845-NZ-CP166118_948729_aligned_794762_R_16_82_261;0.9627755813617316;0.01594701279431319;0.9639988229519456;0.018134634267088567;
451;11;Chlamydia crocodili;species;2766982;3;17;13;11;10;1.3;2;10;1038;346.0;1.563003979976498E-5;12.999889169230782;0.8461610600523976;703773;810;0.983335112616126;0.01415953220086216;0.983335112616126;0.01415953220086216;0.4830458915396481;4.262738127208631E-6;1.847186521790407E-5;0.0014749073920141864;1.4209127090695438E-5;2.4155516054182244E-5;3;4.262738127208631E-6;13;1.847186521790407E-5;1038;0.0014749073920141864;10;1.4209127090695438E-5;17;2.4155516054182244E-5;596780x105845-NZ-CP166118_239188_aligned_1165482_R_15_58_221;0.983335112616126;0.01415953220086216;0.983335112616126;0.01415953220086216;
452;11;Chlamydia vaughanii;species;3112552;7;104;25;24;18;1.3888888888888888;4;18;2338;334.0;1.86000372000744E-5;24.999767502247057;0.9600089279967426;1290320;810;0.9473710537803129;0.021848514840850156;0.9473710537803129;0.021848514840850156;0.9164438231805327;5.4250108500217E-6;1.93750387500775E-5;0.0018119536239072477;1.39500279000558E-5;8.06001612003224E-5;7;5.4250108500217E-6;25;1.93750387500775E-5;2338;0.0018119536239072477;18;1.39500279000558E-5;104;8.06001612003224E-5;596780x105845-NZ-CP166118_984107_aligned_123700_R_10_77_171;0.9473710537803129;0.021848514840850156;0.9473710537803129;0.021848514840850156;
