pos;level;name;rank;taxid;reads;kmers from reads;kmers;unique kmers;contigs;average contig length;max contig length;reads >=1 kmer;reads bps;avg. read length;db coverage;exp. unique kmers;unique kmers / exp.;db kmers;parent taxid;mean error;kmer error std. dev.;mean class error;class error std. dev.;contig len std. dev.;norm. reads;norm. kmers;norm. reads bps;norm. read >=1 kmer;norm. reads kmers;acc. reads;acc. norm. reads;acc. kmers;acc. norm. kmers;acc. reads bps;acc. norm. reads bps;acc. read >=1 kmer;acc. norm. read >=1 kmer;acc. reads kmers;acc. norm. reads kmers;max contig desc.;acc. mean error;acc. error std. dev.;acc. class mean error;acc. class error std. dev.;
0;0;TOTAL;;;118533;0;517847398;0;0;;0;0;562239058;4743.312478381547;;;;524530554;;;;;;;;;;;;;;;;;;;;;;;;;;;
1;0;root;no rank;1;0;0;0;0;0;;0;0;0;;0.0;0.0;;2945;;;;;;;0.0;0.0;0.0;0.0;0.0;78482;0.35878498726750907;2593348;10.933775264480577;36105258;169.2958740303161;125743;0.6336036478810779;2575202;12.86437045565737;;0.9187362442396774;0.06609108732170707;0.9188302200678418;0.06602659232501937;
2;1;cellular organisms;cellular root;131567;21174;588834;929155;67858;76480;12.14899320083682;229;41652;9662737;456.349154623595;0.5188237812710258;130684.52369569975;0.5192504673162986;130792;1;0.931281977564147;0.058112330697210675;0.9312828151990705;0.05811254368181017;13.276400381031454;0.1618906355128754;7.104065997920362;73.87865465777723;0.3184598446388158;4.502064346443207;78482;0.35878498726750907;2593348;10.933775264480577;36105258;169.2958740303161;125743;0.6336036478810779;2575202;12.86437045565737;1359166x185395-NZ-LAOH01000018_1518_aligned_48003_F_67_406_57;0.9187362442396774;0.06609108732170707;0.9188302200678418;0.06602659232501937;
3;2;Bacteria;domain;2;474;20322;20960;7251;2044;10.25440313111546;94;1226;281608;594.1097046413502;0.0050670753310789705;20807.252642653733;0.34848425808680983;1431003;131567;0.9211281604310023;0.06047808803918441;0.9211281604310023;0.06047808803918441;11.150589174950213;3.312362028591135E-4;0.014647069223474724;0.1967906426471503;8.567417398845425E-4;0.014201228089668574;57308;0.19689435175463393;1664193;3.8297092665602173;26442521;95.41721937253888;84091;0.3151438032422625;1986368;8.362306109214169;2104x178739-NZ-JBLTZR010000055_1019_aligned_55918_R_41_504_143;0.914100881682752;0.0682246505121822;0.9142292699507798;0.06814765319763014;
4;3;Bacillati;kingdom;1783272;3;73;62;34;3;20.666666666666668;29;3;1213;404.3333333333333;1.4407023847861828E-4;61.9919878313094;0.5484579731903372;235996;2;0.9162676797579107;0.05851806693721952;0.9162676797579107;0.05851806693721952;13.576941236277536;1.2712079865760436E-5;2.6271631722571566E-4;0.00513991762572247;1.2712079865760436E-5;3.09327276733504E-4;72;9.229621950879478E-5;4104;0.0031820079798664433;49020;0.04231738472621238;116;1.7227527325313128E-4;4136;0.00330177117821105;2103x142637-NZ-CP143996_771964_aligned_102355_R_123_103_2;0.8899518941911864;0.09530120253684081;0.8902000200490685;0.0952332788717131;
5;4;Mycoplasmatota;phylum;544448;0;0;20;20;5;4.0;5;4;0;;3.0134051327329627E-5;19.999713729267004;1.00001431374153;663701;1783272;;;;;1.0;0.0;3.0134051327329627E-5;0.0;6.026810265465925E-6;0.0;69;7.958413964303435E-5;4042;0.002919291662640728;47807;0.037177467100489914;113;1.595631933873708E-4;4063;0.002992443901477546;51363x176200-NZ-QKUB01000010_10987_aligned_104305_R_26_67_56;0.8888077296013287;0.09669753059355495;0.8890666435399883;0.0966307302042604;
6;5;Mollicutes;class;31969;0;0;1;1;1;1.0;1;1;0;;1.9021532374648102E-5;1.0000000000002216;0.9999999999997784;52572;544448;;;;;;0.0;1.9021532374648102E-5;0.0;1.9021532374648102E-5;0.0;50;6.0830874897239114E-5;1199;0.001077405257542651;12206;0.013383800508083049;83;1.26082212075849E-4;1208;0.0011479521634371337;40477x172069-NZ-CP068548_13902_aligned_116820_F_350_76_6;0.8767607860839209;0.10861643341643017;0.8771180873192711;0.10857419662566384;
7;6;Mycoplasmatales;order;2085;0;0;0;0;0;;0;0;0;;0.0;0.0;;241;31969;;;;;;0.0;0.0;0.0;0.0;0.0;50;6.0830874897239114E-5;1198;0.0010583837251680029;12206;0.013383800508083049;82;1.0706067970120092E-4;1208;0.0011479521634371337;;0.8767607860839209;0.10861643341643017;0.8771180873192711;0.10857419662566384;
8;7;Mycoplasmataceae;family;2092;0;0;0;0;0;;0;0;0;;0.0;0.0;;1514;2085;;;;;;0.0;0.0;0.0;0.0;0.0;50;6.0830874897239114E-5;1198;0.0010583837251680029;12206;0.013383800508083049;82;1.0706067970120092E-4;1208;0.0011479521634371337;;0.8767607860839209;0.10861643341643017;0.8771180873192711;0.10857419662566384;
9;8;Mycoplasma;genus;2093;8;230;314;314;26;12.076923076923077;50;18;1875;234.375;1.3832391937741901E-4;313.9783532617214;1.0000689434098042;2270034;2092;0.8501885733654001;0.15790346840968855;0.8501885733654001;0.15790346840968855;12.924157463983724;3.524176289870548E-6;1.3832391937741901E-4;8.259788179384097E-4;7.929396652208733E-6;1.0132006833377826E-4;50;6.0830874897239114E-5;1198;0.0010583837251680029;12206;0.013383800508083049;82;1.0706067970120092E-4;1208;0.0011479521634371337;2103x68252-NZ-CP011264_458638_aligned_79700_F_27_170_61;0.8767607860839209;0.10861643341643017;0.8771180873192711;0.10857419662566384;
10;9;Mycoplasma mycoides group;species group;656088;3;49;89;89;16;5.5625;24;12;658;219.33333333333334;1.1976080134777998E-4;88.994730727786;1.000059208811251;743148;2093;0.9144950369088299;0.05533009431363701;0.9144950369088299;0.05533009431363701;5.988530704605262;4.036880944307191E-6;1.1976080134777998E-4;8.854225537847104E-4;1.6147523777228763E-5;6.593572209035078E-5;31;4.862645129923162E-5;633;7.21992344486732E-4;7489;0.010315161431078714;51;8.887280895755762E-5;729;8.50142860582801E-4;2103x142637-NZ-CP143996_235630_aligned_92853_F_71_115_0;0.8800537230052033;0.08469313504994494;0.880630015320284;0.08458068063114425;
11;10;Mycoplasma capricolum;species;2095;0;0;0;0;0;;0;0;0;;0.0;0.0;;360209;656088;;;;;;0.0;0.0;0.0;0.0;0.0;1;4.6037760170892166E-7;19;8.74717443246951E-6;184;8.470947871444159E-5;3;1.381132805126765E-6;18;8.28679683076059E-6;;0.8701298701298701;;0.8831168831168831;;
12;11;Mycoplasma capricolum subsp. capricolum;subspecies;40479;1;18;19;19;3;6.333333333333333;17;3;184;184.0;8.74717443246951E-6;18.99992127565971;1.0000041434034987;2172130;2095;0.8701298701298701;;0.8831168831168831;;9.237604307034013;4.6037760170892166E-7;8.74717443246951E-6;8.470947871444159E-5;1.381132805126765E-6;8.28679683076059E-6;1;4.6037760170892166E-7;19;8.74717443246951E-6;184;8.470947871444159E-5;3;1.381132805126765E-6;18;8.28679683076059E-6;2103x142637-NZ-CP143996_107662_aligned_58108_R_45_114_25;0.8701298701298701;;0.8831168831168831;;
13;10;Mycoplasma mycoides;species;2102;23;594;474;474;35;13.542857142857143;51;28;5663;246.2173913043478;4.478568067620709E-4;473.8940976073178;1.0002234726982608;1058374;656088;0.8688346059811506;0.09380865310974384;0.869046695058563;0.09372060575023244;13.233964452349507;2.1731448429383184E-5;4.478568067620709E-4;0.005350660541547695;2.6455676348814313E-5;5.61238276828418E-4;27;4.41291927532155E-5;523;5.924794960791124E-4;6647;0.009345029398579561;35;7.084171606151704E-5;662;7.759203416616896E-4;2103x68252-NZ-CP011264_101111_aligned_55220_F_26_189_45;0.8765944604557385;0.08881371699076315;0.8767751289290899;0.0887186520604273;
14;11;Mycoplasma mycoides subsp. mycoides;subspecies;2103;1;9;6;6;2;3.0;5;2;173;173.0;1.2701638511367967E-4;5.9996824680025025;1.0000529248004693;47238;2102;0.9370629370629371;;0.9370629370629371;;2.8284271247461903;2.116939751894661E-5;1.2701638511367967E-4;0.0036623057707777635;4.233879503789322E-5;1.9052457767051949E-4;1;2.116939751894661E-5;6;1.2701638511367967E-4;173;0.0036623057707777635;2;4.233879503789322E-5;9;1.9052457767051949E-4;2103x62210-NZ-CP011260_127067_aligned_91418_F_39_107_28;0.9370629370629371;;0.9370629370629371;;
15;11;Mycoplasma mycoides subsp. capri;subspecies;40477;3;59;43;43;5;8.6;18;5;811;270.3333333333333;1.760630420336182E-5;42.999630271516246;1.0000085984107636;2442307;2102;0.91593051922518;0.03000019692697437;0.91593051922518;0.03000019692697437;6.268971207462991;1.2283468048857084E-6;1.760630420336182E-5;3.320630862541032E-4;2.047244674809514E-6;2.4157487162752266E-5;3;1.2283468048857084E-6;43;1.760630420336182E-5;811;3.320630862541032E-4;5;2.047244674809514E-6;59;2.4157487162752266E-5;40477x172069-NZ-CP068548_1065230_aligned_118311_R_168_52_4;0.91593051922518;0.03000019692697437;0.91593051922518;0.03000019692697437;
16;10;Mycoplasma feriruminatoris;species;1179777;0;0;2;2;1;2.0;2;1;0;;1.0048726273701176E-6;1.9999994974399207;1.0000002512801027;1990302;656088;;;;;;0.0;1.0048726273701176E-6;0.0;5.024363136850588E-7;0.0;0;0.0;2;1.0048726273701176E-6;0;0.0;1;5.024363136850588E-7;0;0.0;2103x68252-NZ-CP011264_115286_aligned_59274_R_134_82_3;;;;;
17;9;Candidatus Mycoplasma pogonae;species;3472838;11;249;251;251;18;13.944444444444445;67;13;2842;258.3636363636364;1.9806746130385206E-4;250.97524318302052;1.0000986424663465;1267245;2093;0.8868059367374137;0.13463351655142378;0.8868059367374137;0.13463351655142378;16.10798933018761;8.680247308136943E-6;1.9806746130385206E-4;0.0022426602590659263;1.0258474091434568E-5;1.9648923452055442E-4;11;8.680247308136943E-6;251;1.9806746130385206E-4;2842;0.0022426602590659263;13;1.0258474091434568E-5;249;1.9648923452055442E-4;3472838x164245-NZ-JBSWZS010000002_110115_aligned_82590_R_54_135_18;0.8868059367374137;0.13463351655142378;0.8868059367374137;0.13463351655142378;
18;5;Mycoplasmoidales;order;2790996;0;0;0;0;0;;0;0;0;;0.0;0.0;;51948;544448;;;;;;0.0;0.0;0.0;0.0;0.0;19;1.8753264745795234E-5;2823;0.001811752353770747;35601;0.02379366659240686;26;2.7454171046055854E-5;2855;0.0018444917380404117;;0.9205102125418757;0.041764385736165914;0.9205102125418757;0.041764385736165914;
19;6;Mycoplasmoidaceae;family;2790998;0;0;0;0;0;;0;0;0;;0.0;0.0;;2088;2790996;;;;;;0.0;0.0;0.0;0.0;0.0;7;6.988851015506041E-6;1113;0.0010667271567340781;14003;0.013794740883647487;10;1.0095602089147434E-5;1138;0.001092616749014423;;0.9292585031354612;0.03433827088896869;0.9292585031354612;0.03433827088896869;
20;7;Malacoplasma;genus;2791001;0;0;0;0;0;;0;0;0;;0.0;0.0;;3325;2790998;;;;;;0.0;0.0;0.0;0.0;0.0;1;7.753488682232571E-7;330;2.5586512651367484E-4;2715;0.002105072177226143;1;7.753488682232571E-7;330;2.5586512651367484E-4;;0.8770949720670391;;0.8770949720670391;;
21;8;Malacoplasma penetrans;species;28227;1;330;330;330;11;30.0;94;1;2715;2715.0;2.5586512651367484E-4;329.9579137533272;1.000127550347843;1289742;2791001;0.8770949720670391;;0.8770949720670391;;28.20638225650358;7.753488682232571E-7;2.5586512651367484E-4;0.002105072177226143;7.753488682232571E-7;2.5586512651367484E-4;1;7.753488682232571E-7;330;2.5586512651367484E-4;2715;0.002105072177226143;1;7.753488682232571E-7;330;2.5586512651367484E-4;28227x70025-NZ-RCHY01000028_1708_aligned_9470_F_68_2644_59;0.8770949720670391;;0.8770949720670391;;
22;7;Mycoplasmoides;genus;2995234;0;0;0;0;0;;0;0;0;;0.0;0.0;;43790;2790998;;;;;;0.0;0.0;0.0;0.0;0.0;6;6.213502147282784E-6;783;8.108620302204033E-4;11288;0.011689668706421344;9;9.320253220924176E-6;808;8.367516225007482E-4;;0.9379524249801983;0.027929058165588775;0.9379524249801983;0.027929058165588775;
23;8;Mycoplasmoides pneumoniae;species;2104;6;808;783;776;61;12.836065573770492;62;9;11288;1881.3333333333333;8.036129443819066E-4;782.6830384270805;0.991461373124284;965639;2995234;0.9379524249801983;0.027929058165588775;0.9379524249801983;0.027929058165588775;13.745520879991965;6.213502147282784E-6;8.108620302204033E-4;0.011689668706421344;9.320253220924176E-6;8.367516225007482E-4;6;6.213502147282784E-6;783;8.108620302204033E-4;11288;0.011689668706421344;9;9.320253220924176E-6;808;8.367516225007482E-4;2104x142610-NZ-BLGP01000002_32475_aligned_2895_R_62_4145_13;0.9379524249801983;0.027929058165588775;0.9379524249801983;0.027929058165588775;
24;6;Metamycoplasmataceae;family;2895623;0;0;0;0;0;;0;0;0;;0.0;0.0;;127497;2790996;;;;;;0.0;0.0;0.0;0.0;0.0;12;1.176441373028919E-5;1710;7.450251970366691E-4;21598;0.009998925708759376;16;1.735856895690842E-5;1717;7.518749890259889E-4;;0.9154070430289508;0.046195054057944926;0.9154070430289508;0.046195054057944926;
25;7;Metamycoplasma;genus;2895509;0;0;0;0;0;;0;0;0;;0.0;0.0;;80814;2895623;;;;;;0.0;0.0;0.0;0.0;0.0;12;1.176441373028919E-5;1710;7.450251970366691E-4;21598;0.009998925708759376;16;1.735856895690842E-5;1717;7.518749890259889E-4;;0.9154070430289508;0.046195054057944926;0.9154070430289508;0.046195054057944926;
26;8;Metamycoplasma hominis;species;2098;1;341;341;341;23;14.826086956521738;41;1;3222;3222.0;1.0245676910240359E-4;340.98258292747585;1.000051079067953;3328233;2895509;0.893170426065163;;0.893170426065163;;10.624380939882155;3.004597334381337E-7;1.0245676910240359E-4;9.680812611376667E-4;3.004597334381337E-7;1.0245676910240359E-4;1;3.004597334381337E-7;341;1.0245676910240359E-4;3222;9.680812611376667E-4;1;3.004597334381337E-7;341;1.0245676910240359E-4;2098x83272-NZ-JAZBHR010000001_195411_aligned_47608_R_77_3096_68;0.893170426065163;;0.893170426065163;;
27;8;Metamycoplasma hyosynoviae;species;29559;4;1301;1298;1298;85;15.270588235294118;62;4;17009;4252.25;5.432721726617741E-4;1297.6477515493089;1.000271451517001;2389226;2895509;0.928242749213155;0.025455225697071465;0.928242749213155;0.025455225697071465;13.317897227213532;1.6741823502674089E-6;5.432721726617741E-4;0.007119041898924589;1.6741823502674089E-6;5.445278094244747E-4;4;1.6741823502674089E-6;1298;5.432721726617741E-4;17009;0.007119041898924589;4;1.6741823502674089E-6;1301;5.445278094244747E-4;29559x113538-NZ-JAQZEB010000001_29571_aligned_39102_F_62_9198_2;0.928242749213155;0.025455225697071465;0.928242749213155;0.025455225697071465;
28;8;Metamycoplasma auris;species;51363;7;75;71;71;12;5.916666666666667;13;11;1367;195.28571428571428;9.92962552724913E-5;70.9965247427182;1.0000489496816134;715032;2895509;0.9112490133470897;0.05810248796291425;0.9112490133470897;0.05810248796291425;4.962739956796837;9.789771646583649E-6;9.92962552724913E-5;0.0019118025486971211;1.538392687320288E-5;1.0489041049911053E-4;7;9.789771646583649E-6;71;9.92962552724913E-5;1367;0.0019118025486971211;11;1.538392687320288E-5;75;1.0489041049911053E-4;51363x191361-NZ-QKUB01000023_538_aligned_94729_F_157_86_9;0.9112490133470897;0.05810248796291425;0.9112490133470897;0.05810248796291425;
29;3;Pseudomonadati;kingdom;3379134;94;2986;5355;3852;600;8.925;82;474;48369;514.563829787234;0.008608340614964478;5323.091164738762;0.7236396824304703;447473;2;0.9344085793105591;0.04963937113057108;0.9344085793105591;0.04963937113057108;11.319434216645943;2.1006854044825052E-4;0.01196720249042959;0.10809367269086627;0.0010592817890688376;0.006673028316792298;56762;0.19647081933226604;1639129;3.8118801893568763;26111893;95.17811134516552;82749;0.3141147862291248;1961910;8.34480310994629;139x163430-NZ-PHOD01000001_359093_aligned_71308_R_147_412_5;0.9140728311731281;0.0682377007334862;0.9142021396859072;0.0681602595536785;
30;4;Pseudomonadota;phylum;1224;50;1404;3649;1540;526;6.937262357414449;62;387;28566;571.32;0.0037944866601618324;3632.649496919432;0.42393300022640623;405852;3379134;0.9427500410813585;0.03769631350806989;0.9427500410813585;0.03769631350806989;8.661345948170794;1.2319761883642312E-4;0.00899096222268216;0.07038526359362526;9.53549569793915E-4;0.0034593891369267614;51195;0.1894720227365359;1436115;3.4771561008712992;23354834;91.15983069700019;71484;0.2834395793413972;1759756;8.022789356358546;263x177825-NZ-VJEV01000067_1431_aligned_37671_F_188_2291_149;0.9141516725089002;0.06811135078829225;0.9142338132146561;0.0680540477789244;
31;5;Gammaproteobacteria;class;1236;0;0;2334;2326;191;12.219895287958115;58;55;0;;0.005472992686989996;2327.6054972645998;0.9993102365214008;424996;1224;;;;;11.336193642698909;0.0;0.005491816393566057;0.0;1.294129827104255E-4;0.0;110;0.001103431970595777;17477;0.019926692941754382;235130;2.9990304541776203;360;0.0013378522095272647;18322;0.2578615428774399;263x247565-NZ-JACTOY010000067_2411_aligned_254_R_58_2736_6;0.9202911860410413;0.03679646866400117;0.9205878287029065;0.03673984139831834;
32;6;Thiotrichales;order;72273;0;0;0;0;0;;0;0;0;;0.0;0.0;;29066;1236;;;;;;0.0;0.0;0.0;0.0;0.0;110;0.001103431970595777;15143;0.01443487654818832;235130;2.9990304541776203;305;0.0012084392268168394;18322;0.2578615428774399;;0.9202911860410413;0.03679646866400117;0.9205878287029065;0.03673984139831834;
33;7;Francisellaceae;family;34064;1;176;360;360;64;5.625;42;39;1773;1773.0;4.062109656650181E-4;359.92709494820895;1.0002025550529936;886239;72273;0.8990246701090074;;0.8990246701090074;;7.575021609272965;1.1283637935139393E-6;4.062109656650181E-4;0.0020005890059002144;4.400618794704363E-5;1.985920276584533E-4;110;0.001103431970595777;15143;0.01443487654818832;235130;2.9990304541776203;305;0.0012084392268168394;18322;0.2578615428774399;119857x131900-NZ-MRKQ01000072_1509_aligned_41996_R_79_9197_1;0.9202911860410413;0.03679646866400117;0.9205878287029065;0.03673984139831834;
34;8;Francisella;genus;262;20;597;9127;9119;786;11.611959287531807;79;106;10257;512.85;9.413523741352829E-4;9122.702193612655;0.9995941779602049;9687127;34064;0.9257796028498942;0.046978035200546935;0.9258133410415272;0.046998674215788086;10.89759206633283;2.064595622623715E-6;9.421782123843323E-4;0.0010588278650625722;1.094235679990569E-5;6.162817933531789E-5;109;0.001102303606802263;14783;0.014028665582523303;233357;2.9970298651717204;266;0.0011644330388697955;18146;0.2576629508497814;263x166740-NZ-VJHM01000001_23572_aligned_35909_F_92_9219_77;0.9204862916917941;0.036909225190801934;0.9207856558459697;0.03685063727833717;
35;9;Francisella tularensis;species;263;31;5134;4353;4343;425;10.24235294117647;63;69;71035;2291.451612903226;0.0021518471797077293;4348.310169702745;0.9987787969359352;2018266;262;0.9232260208344614;0.02513374208380777;0.9233490853808428;0.025171852366820943;9.65953894157573;1.535971968016109E-5;0.002156801927991652;0.035196054434846545;3.418776315906823E-5;0.0025437677689660334;73;0.0010776100276525507;4891;0.012117122219316098;194732;2.954817555228185;126;0.0011103825259065917;15394;0.2544206856018415;263x220343-NZ-VJIU01000065_1162_aligned_46573_R_121_2654_9;0.919636517185231;0.025372598185790143;0.9200320211508439;0.025253155124429202;
36;10;Francisella tularensis subsp. novicida;subspecies;264;4;698;85;85;9;9.444444444444445;31;8;7749;1937.25;8.664831081666543E-5;84.99636087764333;1.0000428150372451;980977;263;0.9105993997008109;0.027026245319656136;0.9116458228362752;0.026889761818430055;11.02396379610246;4.0775675678430785E-6;8.664831081666543E-5;0.007899267770804005;8.155135135686157E-6;7.115355405886173E-4;6;2.037310340580027E-5;97;1.8442152584440859E-4;13246;0.052687548021429345;11;3.259843889262194E-5;1197;0.004777271732158936;119857x223653-NZ-PKAZ01000013_15432_aligned_7699_F_60_2184_21;0.9094036178103178;0.023250277558354723;0.9105325332955748;0.023508478750057876;
37;11;Francisella cf. novicida Fx1;strain;984129;2;499;12;12;4;3.0;6;3;5497;2748.5;9.777321502774314E-5;11.999462261984558;1.0000448135094475;122733;264;0.9070120540293313;0.02223655756886748;0.9083059542141741;0.024066408758632408;2.160246899469287;1.629553583795719E-5;9.777321502774314E-5;0.04478828025062534;2.4443303756935786E-5;0.004065736191570319;2;1.629553583795719E-5;12;9.777321502774314E-5;5497;0.04478828025062534;3;2.4443303756935786E-5;499;0.004065736191570319;119857x165940-NZ-QEYF01000018_6628_aligned_3323_R_66_2640_7;0.9070120540293313;0.02223655756886748;0.9083059542141741;0.024066408758632408;
38;10;Francisella tularensis subsp. tularensis;subspecies;119856;0;0;0;0;0;;0;0;0;;0.0;0.0;;17693;263;;;;;;0.0;0.0;0.0;0.0;0.0;1;5.64334085778781E-4;8;0.004514672686230248;2529;1.4272009029345372;1;5.64334085778781E-4;187;0.10553047404063205;;0.9227691076430572;;0.9251700680272109;;
39;11;Francisella tularensis subsp. tularensis 79201237;strain;1292390;1;187;8;8;1;8.0;8;1;2529;2529.0;0.004514672686230248;7.984216467509585;1.0019768417545596;1772;119856;0.9227691076430572;;0.9251700680272109;;;5.64334085778781E-4;0.004514672686230248;1.4272009029345372;5.64334085778781E-4;0.10553047404063205;1;5.64334085778781E-4;8;0.004514672686230248;2529;1.4272009029345372;1;5.64334085778781E-4;187;0.10553047404063205;263x177825-NZ-VJEV01000067_1431_aligned_37671_F_188_2291_149;0.9227691076430572;;0.9251700680272109;;
40;10;Francisella tularensis subsp. holarctica;subspecies;119857;34;8579;422;422;78;5.410256410256411;26;44;104908;3085.529411764706;7.254683396677149E-5;421.9847291906625;1.000036188061513;5816932;263;0.9189072759594253;0.02631142967002268;0.919108278250118;0.02629864405120272;5.705854586017467;5.84500558026121E-6;7.254683396677149E-5;0.018034936629824794;7.5641248685733305E-6;0.0014748324374429683;35;4.775431187878084E-4;433;0.00526122607924979;107922;1.439733049837372;45;4.792622380761205E-4;8876;0.14156917206008449;119857x13801-NZ-MRLI01000069_6804_aligned_45629_R_26_1199_93;0.918121951261389;0.026334683259613318;0.9185757322687089;0.026099868502773398;
41;11;Francisella tularensis subsp. holarctica OSU18;strain;393011;1;297;11;11;1;11.0;11;1;3014;3014.0;0.005188679245283019;10.974093281515982;1.0023607160809953;2120;119857;0.8914209115281502;;0.9004691689008043;;;4.716981132075472E-4;0.005188679245283019;1.4216981132075472;4.716981132075472E-4;0.1400943396226415;1;4.716981132075472E-4;11;0.005188679245283019;3014;1.4216981132075472;1;4.716981132075472E-4;297;0.1400943396226415;119857x44358-NZ-PKAS01000076_5902_aligned_42452_R_50_2992_18;0.8914209115281502;;0.9004691689008043;;
42;9;Francisella persica;species;954;0;0;0;0;0;;0;0;0;;;0.0;;0;262;;;;;;;;;;;1;8.937421071400163E-7;5;4.468710535700082E-6;2766;0.0024720906683492853;1;8.937421071400163E-7;199;1.7785467932086326E-4;;0.9261695906432749;;0.9272660818713451;;
43;10;Francisella persica ATCC VR-331;strain;1086726;1;199;5;5;1;5.0;5;1;2766;2766.0;4.468710535700082E-6;4.999991062385232;1.0000017875261489;1118891;954;0.9261695906432749;;0.9272660818713451;;;8.937421071400163E-7;4.468710535700082E-6;0.0024720906683492853;8.937421071400163E-7;1.7785467932086326E-4;1;8.937421071400163E-7;5;4.468710535700082E-6;2766;0.0024720906683492853;1;8.937421071400163E-7;199;1.7785467932086326E-4;263x247565-NZ-JACTOY010000067_2411_aligned_254_R_58_2736_6;0.9261695906432749;;0.9272660818713451;;
44;9;Francisella philomiragia;species;28110;1;144;80;80;14;5.714285714285714;31;4;1320;1320.0;1.2467889340624763E-5;79.99950753669236;1.0000061558292395;6416483;262;0.8883720930232558;;0.8883720930232558;;7.690439333539869;1.5584861675780953E-7;1.2467889340624763E-5;2.057201741203086E-4;6.233944670312381E-7;2.2442200813124572E-5;1;1.5584861675780953E-7;80;1.2467889340624763E-5;1320;2.057201741203086E-4;4;6.233944670312381E-7;144;2.2442200813124572E-5;28110x222341-NZ-JBGFDG010000077_37978_aligned_33251_R_17_1281_58;0.8883720930232558;;0.8883720930232558;;
45;9;Francisella orientalis;species;299583;1;85;21;21;4;5.25;11;1;1902;1902.0;2.907355054505985E-5;20.999709266346848;1.0000138446513456;722306;262;0.9545940170940171;;0.9545940170940171;;4.645786621588784;1.3844547878599928E-6;2.907355054505985E-5;0.0026332330065097064;1.3844547878599928E-6;1.176786569680994E-4;1;1.3844547878599928E-6;21;2.907355054505985E-5;1902;0.0026332330065097064;1;1.3844547878599928E-6;85;1.176786569680994E-4;299583x91999-NZ-JACVME010000021_1511_aligned_44714_R_201_1580_141;0.9545940170940171;;0.9545940170940171;;
46;9;Francisella hispaniensis;species;622488;0;0;20;20;6;3.3333333333333335;9;6;0;;9.747776288534178E-6;19.99990739596566;1.0000046302231558;2051750;262;;;;;2.875181153713043;0.0;9.747776288534178E-6;0.0;2.9243328865602536E-6;0.0;0;0.0;24;2.0658285563830874E-5;0;0.0;8;8.379587524208602E-6;0;0.0;119857x131900-NZ-MRKQ01000072_1509_aligned_41996_R_79_9197_1;;;;;
47;10;Francisella hispaniensis FSC454;strain;1088883;0;0;4;4;2;2.0;3;2;0;;1.0910509275296697E-5;3.9999836342124055;1.0000040914636386;366619;622488;;;;;1.4142135623730951;0.0;1.0910509275296697E-5;0.0;5.4552546376483484E-6;0.0;0;0.0;4;1.0910509275296697E-5;0;0.0;2;5.4552546376483484E-6;0;0.0;263x180208-NZ-VJMA01000013_21409_aligned_2_F_339_3095_43;;;;;
48;9;Francisella noatunensis;species;657445;8;1414;410;410;39;10.512820512820513;31;9;17890;2236.25;7.432437331863765E-4;409.84804411420987;1.000370761524844;551636;262;0.9217526812257444;0.024857827865495896;0.9220011372575775;0.02472202302915224;8.315716872195416;1.450231674510003E-5;7.432437331863765E-4;0.03243080582122994;1.6315106338237534E-5;0.0025632844846964304;8;1.450231674510003E-5;410;7.432437331863765E-4;17890;0.03243080582122994;9;1.6315106338237534E-5;1414;0.0025632844846964304;657445x168231-NZ-JACVKY010000044_3828_aligned_43548_R_310_1969_6;0.9217526812257444;0.024857827865495896;0.9220011372575775;0.02472202302915224;
49;9;Francisella salimarina;species;2599927;3;137;41;41;4;10.25;31;3;1183;394.3333333333333;6.527435927644169E-5;40.998694540502086;1.000031841489407;628118;262;0.8832747740206237;0.15208242474409275;0.8832747740206237;0.15208242474409275;13.937359864766353;4.776172629983538E-6;6.527435927644169E-5;0.0018834040737568418;4.776172629983538E-6;2.1811188343591492E-4;3;4.776172629983538E-6;41;6.527435927644169E-5;1183;0.0018834040737568418;3;4.776172629983538E-6;137;2.1811188343591492E-4;2599927x232579-NZ-OZ220197_155420_aligned_34703_R_62_273_90;0.8832747740206237;0.15208242474409275;0.8832747740206237;0.15208242474409275;
50;9;unclassified Francisella;no rank;2610885;1;71;71;71;6;11.833333333333334;29;1;1299;1299.0;3.1244059228174924E-5;70.9989064737263;1.0000154020157213;2272432;262;0.9440504334121356;;0.9440504334121356;;10.14724921674178;4.4005717222781586E-7;3.1244059228174924E-5;5.716342667239328E-4;4.4005717222781586E-7;3.1244059228174924E-5;2;9.164486402471802E-7;183;9.294011725052372E-5;3307;0.0015282283345068163;7;9.497193184522342E-6;176;8.126516337020818E-5;3087176x62142-NZ-JAWRHS010000089_855_aligned_46137_R_94_1210_25;0.9454832551287169;0.0020263159041244445;0.9454832551287169;0.0020263159041244445;
51;10;Francisella sp. TX07-6608;species;573568;0;0;4;4;4;1.0;1;3;0;;1.0055986705985575E-5;3.9999849160573246;1.0000037709998892;397773;2610885;;;;;0.0;0.0;1.0055986705985575E-5;0.0;7.541990029489181E-6;0.0;0;0.0;4;1.0055986705985575E-5;0;0.0;3;7.541990029489181E-6;0;0.0;263x70446-NZ-VJCG01000021_20119_aligned_49410_R_69_1892_0;;;;;
52;10;Francisella sp. LA112445;species;1395624;0;0;2;2;1;2.0;2;1;0;;1.160425319087952E-6;1.9999994199734448;1.0000002900133618;1723506;2610885;;;;;;0.0;1.160425319087952E-6;0.0;5.80212659543976E-7;0.0;0;0.0;2;1.160425319087952E-6;0;0.0;1;5.80212659543976E-7;0;0.0;263x24148-NZ-VJAD01000026_7946_aligned_2454_F_65_1118_1;;;;;
53;10;Francisella sp. SYW-9;species;2610888;0;0;1;1;1;1.0;1;1;0;;4.5854185524200465E-7;1.0000000000476164;0.9999999999523836;2180826;2610885;;;;;;0.0;4.5854185524200465E-7;0.0;4.5854185524200465E-7;0.0;0;0.0;1;4.5854185524200465E-7;0;0.0;1;4.5854185524200465E-7;0;0.0;263x7927-NZ-VJES01000077_636_aligned_33747_F_121_2576_1;;;;;
54;10;Francisella sp. 19X1-34;species;3087177;1;105;105;105;9;11.666666666666666;24;1;2008;2008.0;5.0021104142033255E-5;104.99739895222186;1.0000247724972628;2099114;2610885;0.9469160768452983;;0.9469160768452983;;6.2048368229954285;4.7639146801936436E-7;5.0021104142033255E-5;9.565940677828836E-4;4.7639146801936436E-7;5.0021104142033255E-5;1;4.7639146801936436E-7;105;5.0021104142033255E-5;2008;9.565940677828836E-4;1;4.7639146801936436E-7;105;5.0021104142033255E-5;3087177x6402-NZ-JBGCTX010000027_12283_aligned_44002_R_69_1896_55;0.9469160768452983;;0.9469160768452983;;
55;9;Francisella sciaenopsi;species;3055034;0;0;1;1;1;1.0;1;1;0;;1.2385051243149519E-6;1.0000000000248725;0.9999999999751275;807425;262;;;;;;0.0;1.2385051243149519E-6;0.0;1.2385051243149519E-6;0.0;0;0.0;1;1.2385051243149519E-6;0;0.0;1;1.2385051243149519E-6;0;0.0;263x201588-NZ-VJGQ01000002_9070_aligned_48350_R_29_1657_100;;;;;
56;5;Alphaproteobacteria;class;28211;2;51;350;268;110;3.1818181818181817;16;100;679;339.5;0.0028593986727268846;349.34917226195563;0.767140790014648;93726;1224;0.9286171157059315;0.03478860508421756;0.9286171157059315;0.03478860508421756;3.145352821275952;2.1338796065126004E-5;0.003734289311397051;0.007244521264110279;0.0010669398032563003;5.441392996607131E-4;51035;0.18824539314710373;1414989;3.448238445706863;23091138;88.09041497922894;70737;0.281148177562076;1740030;7.761468424344178;444612x47268-NZ-CM000772_53954_aligned_33245_F_13_327_62;0.9141104211144226;0.06818035004658379;0.9141921799610646;0.06812298191528637;
57;6;Hyphomicrobiales;order;356;1;54;14;7;4;3.5;7;4;476;476.0;7.303306311099983E-5;13.9990506098296;0.500033909091297;95847;28211;0.8789237668161435;;0.8789237668161435;;3.0;1.0433294730142832E-5;1.4606612622199966E-4;0.004966248291547988;4.1733178920571327E-5;5.633979154277129E-4;239;0.0023386045627823804;9042;0.04624493436078758;167937;1.4264799090424982;386;0.0029972225420147845;12995;0.11344214813719725;3243581x174678-NZ-JBHILQ010000091_990_aligned_78184_R_39_508_34;0.9124903533539336;0.06196845472159959;0.9127309447015726;0.061702735887171796;
58;7;Bartonellaceae;family;772;0;0;0;0;0;;0;0;0;;0.0;0.0;;190;356;;;;;;0.0;0.0;0.0;0.0;0.0;238;0.0023281712680522375;9028;0.046098868234565576;167461;1.4215136607509502;382;0.002955489363094214;12941;0.11287875022176952;;0.9126313894318234;0.062060601346102584;0.9128729916674777;0.06179360108868957;
59;8;Bartonella;genus;773;26;779;3827;3827;295;12.972881355932204;125;59;13757;529.1153846153846;9.869127682065033E-5;3826.811202078225;1.0000493355725708;38777490;772;0.9356151053290062;0.06726725839385592;0.9356151053290062;0.06726725839385592;16.18765203493833;6.704920818753354E-7;9.869127682065033E-5;3.5476767578303806E-4;1.5215012627171073E-6;2.0088974299264857E-5;238;0.0023281712680522375;9028;0.046098868234565576;167461;1.4215136607509502;382;0.002955489363094214;12941;0.11287875022176952;85701x106738-NZ-JAQNDQ010000018_3431_aligned_30225_R_68_9225_72;0.9126313894318234;0.062060601346102584;0.9128729916674777;0.06179360108868957;
60;9;Bartonella quintana;species;803;0;0;1;1;1;1.0;1;1;0;;6.541480179969203E-7;0.999999999967387;1.000000000032613;1528706;773;;;;;;0.0;6.541480179969203E-7;0.0;6.541480179969203E-7;0.0;0;0.0;1;6.541480179969203E-7;0;0.0;1;6.541480179969203E-7;0;0.0;1359157x98494-NZ-LAOD01000043_7980_aligned_11627_F_164_994_27;;;;;
61;9;Bartonella doshiae;species;33044;0;0;2;2;1;2.0;2;1;0;;1.0318783332894785E-6;1.999999483860074;1.0000002580700296;1938213;773;;;;;;0.0;1.0318783332894785E-6;0.0;5.159391666447392E-7;0.0;0;0.0;2;1.0318783332894785E-6;0;0.0;1;5.159391666447392E-7;0;0.0;3019092x48188-NZ-JAQITB010000070_1149_aligned_41599_F_61_1739_11;;;;;
62;9;Bartonella taylorii;species;33046;0;0;0;0;0;;0;0;0;;0.0;0.0;;2004211;773;;;;;;0.0;0.0;0.0;0.0;0.0;0;0.0;2;2.396684905438797E-6;0;0.0;1;1.1983424527193985E-6;0;0.0;;;;;;
63;10;Bartonella taylorii 8TBB;strain;1094560;0;0;2;2;1;2.0;2;1;0;;2.396684905438797E-6;1.999998801605915;1.0000005991974015;834486;33046;;;;;;0.0;2.396684905438797E-6;0.0;1.1983424527193985E-6;0.0;0;0.0;2;2.396684905438797E-6;0;0.0;1;1.1983424527193985E-6;0;0.0;3243501x97641-NZ-JBHIOV010000013_210_aligned_1665_R_70_2732_0;;;;;
64;9;Bartonella henselae;species;38323;0;0;1;1;1;1.0;1;1;0;;7.25700990872133E-7;0.9999999999773159;1.000000000022684;1377978;773;;;;;;0.0;7.25700990872133E-7;0.0;7.25700990872133E-7;0.0;0;0.0;1;7.25700990872133E-7;0;0.0;1;7.25700990872133E-7;0;0.0;38323x48692-NZ-LNZX01000009_8948_aligned_41077_F_31_2296_212;;;;;
65;9;Bartonella tribocorum;species;85701;1;901;15;15;2;7.5;14;2;9273;9273.0;4.302760593826858E-6;14.999969882958686;1.0000020078067855;3486134;773;0.902304446608244;;0.9025208265714595;;9.192388155425117;2.8685070625512386E-7;4.302760593826858E-6;0.0026599665991037637;5.737014125102477E-7;2.584524863358666E-4;1;2.8685070625512386E-7;15;4.302760593826858E-6;9273;0.0026599665991037637;2;5.737014125102477E-7;901;2.584524863358666E-4;85701x106738-NZ-JAQNDQ010000018_3431_aligned_30225_R_68_9225_72;0.902304446608244;;0.9025208265714595;;
66;9;environmental samples;no rank;104107;0;0;0;0;0;;0;0;0;;;0.0;;0;773;;;;;;;;;;;0;0.0;1;1.040927174653007E-7;0;0.0;1;1.040927174653007E-7;0;0.0;;;;;;
67;10;uncultured Bartonella sp.;species;104108;0;0;1;1;1;1.0;1;1;0;;1.040927174653007E-7;0.9999999998107678;1.0000000001892322;9606820;104107;;;;;;0.0;1.040927174653007E-7;0.0;1.040927174653007E-7;0.0;0;0.0;1;1.040927174653007E-7;0;0.0;1;1.040927174653007E-7;0;0.0;1686310x114072-NZ-CAMKXQ010000002_268396_aligned_14951_R_112_4317_112;;;;;
68;9;Bartonella birtlesii;species;111504;1;37;12;12;1;12.0;12;1;247;247.0;9.804762663463778E-6;11.999946073547038;1.000004493891275;1223895;773;0.7880184331797235;;0.8294930875576036;;;8.170635552886481E-7;9.804762663463778E-6;2.018146981562961E-4;8.170635552886481E-7;3.023135154567998E-5;1;8.170635552886481E-7;12;9.804762663463778E-6;247;2.018146981562961E-4;1;8.170635552886481E-7;37;3.023135154567998E-5;3243444x32961-NZ-JBHIRA010000003_165204_aligned_63229_R_34_178_31;0.7880184331797235;;0.8294930875576036;;
69;9;Bartonella silvatica;species;357760;10;147;141;141;10;14.1;28;10;2179;217.9;8.798499387849085E-5;140.99384123460155;1.0000436810951778;1602546;773;0.8992135917476223;0.06345921389624237;0.8992135917476223;0.06345921389624237;7.578478299324565;6.240070487836231E-6;8.798499387849085E-5;0.0013597113592995146;6.240070487836231E-6;9.172903617119259E-5;10;6.240070487836231E-6;141;8.798499387849085E-5;2179;0.0013597113592995146;10;6.240070487836231E-6;147;9.172903617119259E-5;357760x123084-NZ-JBEPLI010000022_17545_aligned_103921_R_51_100_95;0.8992135917476223;0.06345921389624237;0.8992135917476223;0.06345921389624237;
70;9;Bartonella rochalimae;species;395923;0;0;1;1;1;1.0;1;1;0;;5.733616191732126E-6;0.9999999999972797;1.0000000000027203;174410;773;;;;;;0.0;5.733616191732126E-6;0.0;5.733616191732126E-6;0.0;0;0.0;1;5.733616191732126E-6;0;0.0;1;5.733616191732126E-6;0;0.0;1933912x59330-NZ-CP019786_1037829_aligned_64905_F_95_392_11;;;;;
71;9;Bartonella queenslandensis;species;481138;0;0;17;17;2;8.5;15;1;0;;1.43965678582226E-5;16.999884827295066;1.0000067749108952;1180837;773;;;;;9.192388155425117;0.0;1.43965678582226E-5;0.0;8.468569328366235E-7;0.0;1;8.640854131149156E-7;33;2.822193446806125E-5;2060;0.0017800159510167261;2;1.7109423459515392E-6;73;6.307823515738884E-5;1221525x5644-NZ-HE998001_15565_aligned_35492_F_120_1965_2;0.9610837438423645;;0.9640394088669951;;
72;10;Bartonella queenslandensis AUST/NH15;strain;1221525;1;73;16;16;1;16.0;16;1;2060;2060.0;1.382536660983865E-5;15.99989631006687;1.0000064806628193;1157293;481138;0.9610837438423645;;0.9640394088669951;;;8.640854131149156E-7;1.382536660983865E-5;0.0017800159510167261;8.640854131149156E-7;6.307823515738884E-5;1;8.640854131149156E-7;16;1.382536660983865E-5;2060;0.0017800159510167261;1;8.640854131149156E-7;73;6.307823515738884E-5;1221525x5644-NZ-HE998001_15565_aligned_35492_F_120_1965_2;0.9610837438423645;;0.9640394088669951;;
73;9;Bartonella rattaustraliani;species;481139;0;0;0;0;0;;0;0;0;;;0.0;;0;773;;;;;;;;;;;1;5.665577931440841E-7;5;2.832788965720421E-6;103;5.8355452693840665E-5;1;5.665577931440841E-7;5;2.832788965720421E-6;;0.9315068493150684;;0.9315068493150684;;
74;10;Bartonella rattaustraliani AUST/NH4;strain;1205681;1;5;5;5;1;5.0;5;1;103;103.0;2.832788965720421E-6;4.999994334251429;1.0000011331509981;1765045;481139;0.9315068493150684;;0.9315068493150684;;;5.665577931440841E-7;2.832788965720421E-6;5.8355452693840665E-5;5.665577931440841E-7;2.832788965720421E-6;1;5.665577931440841E-7;5;2.832788965720421E-6;103;5.8355452693840665E-5;1;5.665577931440841E-7;5;2.832788965720421E-6;1205681x232004-NZ-CALW02000020_31162_aligned_104498_R_54_35_14;0.9315068493150684;;0.9315068493150684;;
75;9;Bartonella apis;species;1686310;1;444;95;95;11;8.636363636363637;17;1;4480;4480.0;1.7922218702759626E-5;94.99915764153027;1.0000088670098835;5300683;773;0.9;;0.9002247191011236;;5.886811144800337;1.8865493371325922E-7;1.7922218702759626E-5;8.451741030354013E-4;1.8865493371325922E-7;8.37627905686871E-5;1;1.8865493371325922E-7;95;1.7922218702759626E-5;4480;8.451741030354013E-4;1;1.8865493371325922E-7;444;8.37627905686871E-5;1686310x114072-NZ-CAMKXQ010000002_268396_aligned_14951_R_112_4317_112;0.9;;0.9002247191011236;;
76;9;Bartonella krasnovii;species;2267275;0;0;6;6;1;6.0;6;1;0;;4.091343331212653E-6;5.999989771969319;1.000001704674686;1466511;773;;;;;;0.0;4.091343331212653E-6;0.0;6.81890555202109E-7;0.0;0;0.0;6;4.091343331212653E-6;0;0.0;1;6.81890555202109E-7;0;0.0;1221525x5644-NZ-HE998001_15565_aligned_35492_F_120_1965_2;;;;;
77;9;unclassified Bartonella;no rank;2645622;118;6227;3302;1650;333;9.915915915915916;56;194;81481;690.5169491525423;7.329148226825856E-5;3301.7579321901944;0.4997337884505318;22512848;773;0.910354079468622;0.06173946170064957;0.9104295139829118;0.06178172292339492;8.69039867055301;5.241451459184551E-6;1.4667180269684226E-4;0.0036193110707272574;8.617301551540702E-6;2.765976121723915E-4;197;0.00231853749308101;4881;0.045831134165930064;135362;1.4142538549118617;296;0.002932313955487128;10555;0.11232857455872572;3243533x135413-NZ-JBHINP010000243_192_aligned_19450_R_61_747_14;0.9106864393695338;0.060972788052142825;0.9107505506061777;0.06099605180642844;
78;10;Bartonella sp. ML69XJBT;species;3019092;1;112;9;9;3;3.0;5;1;1774;1774.0;2.210867642723789E-4;8.999115703614732;1.0000982648089425;40708;2645622;0.9334862385321101;;0.9357798165137615;;1.7320508075688772;2.456519603026432E-5;2.210867642723789E-4;0.043578657757688904;2.456519603026432E-5;0.002751301955389604;1;2.456519603026432E-5;9;2.210867642723789E-4;1774;0.043578657757688904;1;2.456519603026432E-5;112;0.002751301955389604;3019092x48188-NZ-JAQITB010000070_1149_aligned_41599_F_61_1739_11;0.9334862385321101;;0.9357798165137615;;
79;10;Bartonella sp. MM73XJBT.G;species;3019097;0;0;3;3;2;1.5;2;2;0;;8.484162895927603E-6;2.999991515817335;1.0000028280688862;353600;2645622;;;;;0.7071067811865476;0.0;8.484162895927603E-6;0.0;5.656108597285068E-6;0.0;0;0.0;3;8.484162895927603E-6;0;0.0;2;5.656108597285068E-6;0;0.0;3019097x233643-NZ-JAQISW010000053_2343_aligned_19706_F_138_1635_15;;;;;
80;10;Bartonella sp. AA16NXGY;species;3243428;1;37;7;7;1;7.0;7;1;303;303.0;6.902672320283996E-4;6.997929538608034;1.0002958677106626;10141;2645622;0.8644688644688645;;0.8644688644688645;;;9.860960457548565E-5;6.902672320283996E-4;0.029878710186372153;9.860960457548565E-5;0.003648555369292969;1;9.860960457548565E-5;7;6.902672320283996E-4;303;0.029878710186372153;1;9.860960457548565E-5;37;0.003648555369292969;3243444x32961-NZ-JBHIRA010000003_80243_aligned_90079_R_70_182_48;0.8644688644688645;;0.8644688644688645;;
81;10;Bartonella sp. AC130YNZD;species;3243445;1;22;6;6;1;6.0;6;1;540;540.0;4.241181876016117E-4;5.99893980445852;1.0001767304850586;14147;2645622;0.9568627450980393;;0.9568627450980393;;;7.06863646002686E-5;4.241181876016117E-4;0.03817063688414505;7.06863646002686E-5;0.0015551000212059094;1;7.06863646002686E-5;6;4.241181876016117E-4;540;0.03817063688414505;1;7.06863646002686E-5;22;0.0015551000212059094;1405396x144292-NZ-KE360154_52_aligned_11262_R_34_457_50;0.9568627450980393;;0.9568627450980393;;
82;10;Bartonella sp. AP19HLJMH;species;3243473;0;0;1;1;1;1.0;1;1;0;;4.163370664890295E-5;0.9999999999997233;1.0000000000002767;24019;2645622;;;;;;0.0;4.163370664890295E-5;0.0;4.163370664890295E-5;0.0;0;0.0;1;4.163370664890295E-5;0;0.0;1;4.163370664890295E-5;0;0.0;3243445x68478-NZ-JBHIQZ010000066_904_aligned_1382_R_112_2188_0;;;;;
83;10;Bartonella sp. AP58NXGY;species;3243498;1;305;92;92;5;18.4;31;1;1413;1413.0;4.7062915956886276E-4;91.9785896588676;1.000232775270982;195483;2645622;0.7787418655097614;;0.779464931308749;;13.557285864065861;5.115534343139812E-6;4.7062915956886276E-4;0.0072282500268565555;5.115534343139812E-6;0.001560237974657643;1;5.115534343139812E-6;92;4.7062915956886276E-4;1413;0.0072282500268565555;1;5.115534343139812E-6;305;0.001560237974657643;3243498x33822-NZ-JBHIOY010000037_1626_aligned_33638_R_102_1318_1;0.7787418655097614;;0.779464931308749;;
84;10;Bartonella sp. CL26QHWL;species;3243520;0;0;1;1;1;1.0;1;1;0;;9.170105456212746E-5;1.0000000000000515;0.9999999999999485;10905;2645622;;;;;;0.0;9.170105456212746E-5;0.0;9.170105456212746E-5;0.0;0;0.0;1;9.170105456212746E-5;0;0.0;1;9.170105456212746E-5;0;0.0;1405396x144292-NZ-KE360154_242_aligned_16719_F_105_443_17;;;;;
85;10;Bartonella sp. CL29QHWL;species;3243522;34;1678;504;49;44;11.454545454545455;49;42;21133;621.5588235294117;0.0011494792155390824;501.0380996901315;0.09779695402466239;42628;2645622;0.9144624081751987;0.045057315022842326;0.9144624081751987;0.045057315022842326;10.480224002253994;7.975978230271183E-4;0.01182321478840199;0.49575396453035564;9.85267899033499E-4;0.039363798442338366;34;7.975978230271183E-4;504;0.01182321478840199;21133;0.49575396453035564;42;9.85267899033499E-4;1678;0.039363798442338366;3243522x30644-NZ-JBHIOA010000283_279_aligned_1070_R_254_512_5;0.9144624081751987;0.045057315022842326;0.9144624081751987;0.045057315022842326;
86;10;Bartonella sp. CL45QHWL;species;3243533;22;1007;441;179;34;12.970588235294118;53;26;12629;574.0454545454545;0.004957487467804027;438.3238433022624;0.4083738604120697;36107;2645622;0.9089076583228333;0.06340888786884952;0.9089076583228333;0.06340888786884952;11.702072580265293;6.093001357077575E-4;0.012213698174869139;0.3497659733569668;7.200819785637134E-4;0.0278893289389869;22;6.093001357077575E-4;441;0.012213698174869139;12629;0.3497659733569668;26;7.200819785637134E-4;1007;0.0278893289389869;3243533x135413-NZ-JBHINP010000243_770_aligned_1791_R_68_654_53;0.9089076583228333;0.06340888786884952;0.9089076583228333;0.06340888786884952;
87;10;Bartonella sp. CL9QHWL;species;3243542;12;581;335;257;29;11.551724137931034;45;14;7343;611.9166666666666;0.013817204301075268;332.01007423520207;0.774072897010759;18600;2645622;0.9158866276484048;0.08015837923409064;0.9158866276484048;0.08015837923409064;10.373683072689797;6.451612903225806E-4;0.01801075268817204;0.39478494623655913;7.526881720430108E-4;0.031236559139784945;12;6.451612903225806E-4;335;0.01801075268817204;7343;0.39478494623655913;14;7.526881720430108E-4;581;0.031236559139784945;3243542x76561-NZ-JBHING010000075_378_aligned_15656_F_77_550_74;0.9158866276484048;0.08015837923409064;0.9158866276484048;0.08015837923409064;
88;10;Bartonella sp. CM120XJJH;species;3243544;1;187;15;15;1;15.0;15;1;2839;2839.0;6.967572915650563E-5;14.999512279659452;1.0000325157466092;215283;2645622;0.9327162691349234;;0.9334282662869349;;;4.645048610433708E-6;6.967572915650563E-5;0.013187293005021297;4.645048610433708E-6;8.686240901511034E-4;1;4.645048610433708E-6;15;6.967572915650563E-5;2839;0.013187293005021297;1;4.645048610433708E-6;187;8.686240901511034E-4;3243429x161264-NZ-JBHIRQ010000030_4735_aligned_37234_F_173_2570_159;0.9327162691349234;;0.9334282662869349;;
89;10;Bartonella sp. MM55XZML;species;3243552;0;0;2;2;1;2.0;2;1;0;;4.829751267809708E-5;1.9999758512447174;1.0000120745234335;41410;2645622;;;;;;0.0;4.829751267809708E-5;0.0;2.414875633904854E-5;0.0;0;0.0;2;4.829751267809708E-5;0;0.0;1;2.414875633904854E-5;0;0.0;3243429x161264-NZ-JBHIRQ010000030_4735_aligned_37234_F_173_2570_159;;;;;
90;10;Bartonella sp. MR30HLJHH;species;3243557;1;145;26;26;2;13.0;13;1;3201;3201.0;6.945112243698646E-5;25.99913187946512;1.0000333903662209;374364;2645622;0.9542730999684642;;0.9542730999684642;;0.0;2.6711970168071717E-6;6.945112243698646E-5;0.008550501650799756;2.6711970168071717E-6;3.8732356743703987E-4;1;2.6711970168071717E-6;26;6.945112243698646E-5;3201;0.008550501650799756;1;2.6711970168071717E-6;145;3.8732356743703987E-4;3243557x106639-NZ-JBHIMO010000040_864_aligned_39963_F_66_3169_8;0.9542730999684642;;0.9542730999684642;;
91;10;Bartonella sp. TT110JLCBS;species;3243578;0;0;3;3;2;1.5;2;2;0;;2.89569699426652E-5;2.9999710431151714;1.0000096523881106;103602;2645622;;;;;0.7071067811865476;0.0;2.89569699426652E-5;0.0;1.9304646628443465E-5;0.0;0;0.0;3;2.89569699426652E-5;0;0.0;2;1.9304646628443465E-5;0;0.0;3243536x33673-NZ-JBHINM010000007_55229_aligned_40571_F_30_2988_39;;;;;
92;10;Bartonella sp. TT29SHDZB;species;3243581;5;254;134;93;9;14.88888888888889;81;7;2706;541.2;0.0010219555614162327;133.90212640335074;0.6945371406564369;91002;2645622;0.8969136405897281;0.09240890159794245;0.8969136405897281;0.09240890159794245;25.374418438874834;5.494384738796949E-5;0.0014724951099975825;0.02973561020636909;7.69213863431573E-5;0.0027911474473088504;5;5.494384738796949E-5;134;0.0014724951099975825;2706;0.02973561020636909;7;7.69213863431573E-5;254;0.0027911474473088504;3243581x174678-NZ-JBHILQ010000091_990_aligned_78184_R_39_508_34;0.8969136405897281;0.09240890159794245;0.8969136405897281;0.09240890159794245;
93;9;Bartonella machadoae;species;2893471;0;0;2;2;1;2.0;2;1;0;;1.2269735409290766E-6;1.999999386614648;1.00000030669277;1630027;773;;;;;;0.0;1.2269735409290766E-6;0.0;6.134867704645383E-7;0.0;0;0.0;2;1.2269735409290766E-6;0;0.0;1;6.134867704645383E-7;0;0.0;3019092x48188-NZ-JAQITB010000070_1149_aligned_41599_F_61_1739_11;;;;;
94;9;Bartonella harrusi;species;2961895;0;0;2;2;1;2.0;2;1;0;;1.3583911215556295E-6;1.999999320862943;1.0000003395686439;1472330;773;;;;;;0.0;1.3583911215556295E-6;0.0;6.791955607778148E-7;0.0;0;0.0;2;1.3583911215556295E-6;0;0.0;1;6.791955607778148E-7;0;0.0;1933906x60789-NZ-CP019787_1377301_aligned_117223_R_133_98_46;;;;;
95;9;Bartonella gliris;species;3004109;0;0;1;1;1;1.0;1;1;0;;6.505033920499379E-7;0.9999999999865703;1.0000000000134297;1537271;773;;;;;;0.0;6.505033920499379E-7;0.0;6.505033920499379E-7;0.0;0;0.0;1;6.505033920499379E-7;0;0.0;1;6.505033920499379E-7;0;0.0;3243444x32961-NZ-JBHIRA010000003_113509_aligned_58773_R_32_86_47;;;;;
96;6;Rickettsiales;order;766;53;1020;2540;759;329;7.720364741641338;77;314;19378;365.62264150943395;0.018731952910980034;2462.055195510461;0.3082790350858221;40519;28211;0.9357404318087803;0.044239857578320996;0.9358138478575286;0.04431222823472848;9.00072381171929;0.0013080283323872752;0.06268664083516375;0.4782447740566154;0.007749450874898196;0.025173375453490954;50794;0.1858854497882562;1405597;3.398259222034678;22922522;86.65669054892233;70251;0.2770840152168049;1726984;7.6474821369073185;336407x184429-NC-007940_433636_aligned_105119_R_62_207_59;0.9141174727899273;0.0682098117425076;0.9141984875043874;0.06815334353441582;
97;7;Rickettsiaceae;family;775;4;48;265;222;52;5.096153846153846;22;44;1680;420.0;0.09323813523729525;250.83505679199868;0.8850437528119933;2381;766;0.9677033867611728;0.02295874480296221;0.9677033867611728;0.02295874480296221;4.811178223412213;0.0016799664006719867;0.11129777404451911;0.7055858882822343;0.018479630407391853;0.02015959680806384;28109;0.1753292549875474;788095;3.143325111821266;11443660;81.05661782301225;44451;0.25664190597462444;872381;7.221864145149325;1462938x212560-NZ-CP113531_323838_aligned_1866_R_28_2252_33;0.9114476503158715;0.07248991518012618;0.9115937078511076;0.07239887855090647;
98;8;Rickettsieae;tribe;33988;231;4565;13035;5551;1534;8.497392438070404;89;1228;89204;386.16450216450215;0.003387778243640516;12983.292708140789;0.42754947645287317;1638537;775;0.937543700732969;0.055273245509708975;0.937543700732969;0.055273245509708975;9.457892039606161;1.409794224970202E-4;0.007955267412331855;0.054441248504000825;7.494490511962806E-4;0.0027860219207744468;28105;0.1736492885868754;787830;3.0320273377767464;11441980;80.35103193473;44407;0.2381622755672326;872333;7.201704548341262;444612x44192-NZ-GG688316_30111_aligned_14713_R_84_412_82;0.9114396438065037;0.07249157847783531;0.9115857221291492;0.07240054710896232;
99;9;Rickettsia;genus;780;8932;202897;319859;248918;25832;12.382277794982967;247;17139;3151091;352.78672189879086;0.05672605189705183;308479.4867319096;0.8069191330583587;4388072;33988;0.9223128761074999;0.06678356912171982;0.9223689164198597;0.06677559714514271;13.144368322472681;0.002035518104534292;0.07289283311668542;0.7181037594642932;0.003905815583700541;0.04623830237972394;27874;0.17350830916437837;774795;3.024072070364415;11352776;80.296590686226;43179;0.23741282651603632;867768;7.198918526420487;1462938x212560-NZ-CP113531_1734564_aligned_32716_F_28_295_38;0.9112233118430247;0.07257875901760946;0.9113706007595044;0.0724875214882861;
100;10;spotted fever group;species group;114277;12803;428002;339303;179877;27974;12.129227139486666;200;16818;5451208;425.7758337889557;0.05699477760956342;321700.3197545183;0.5591446105408281;3156026;780;0.9085138361665935;0.07342698396301477;0.9086532773379397;0.07335668822472576;12.562795251901216;0.004056683943668398;0.10750957058021703;1.7272379885336813;0.005328853437836063;0.13561421864078432;18568;0.17028932023517085;446447;2.919778049678287;8027395;78.97810536833896;24879;0.22832021498091776;650602;7.102266503721644;444612x47881-NZ-CM000773_28666_aligned_71806_R_84_477_9;0.9059483978432559;0.07463200087876752;0.9061018027492217;0.07455509910888188;
101;11;Rickettsia conorii;species;781;0;0;0;0;0;;0;0;0;;0.0;0.0;;1602;114277;;;;;;0.0;0.0;0.0;0.0;0.0;30;1.0829609412174304E-4;414;0.0014215383120456141;11832;0.04119365819172978;91;3.3390118884731143E-4;1048;0.003693210914441167;;0.9005707785195781;0.08692935150752815;0.9011860694120545;0.0868863994986536;
102;12;Rickettsia conorii subsp. heilongjiangensis;subspecies;226665;3;88;31;31;9;3.4444444444444446;9;9;1189;396.3333333333333;2.1105233417073453E-4;30.996834423103373;1.0001021258123788;146883;781;0.9167070257256121;0.0234944038152699;0.9174177577796278;0.024293318344551385;3.6780127484523186;2.0424419435877536E-5;2.1105233417073453E-4;0.008094878236419464;6.12732583076326E-5;5.991163034524077E-4;3;2.0424419435877536E-5;31;2.1105233417073453E-4;1189;0.008094878236419464;9;6.12732583076326E-5;88;5.991163034524077E-4;1133329x83198-NZ-LAOP01000001_148494_aligned_2252_F_66_450_4;0.9167070257256121;0.0234944038152699;0.9174177577796278;0.024293318344551385;
103;12;Rickettsia conorii str. Malish 7;strain;272944;3;102;37;37;10;3.7;13;10;945;315.0;3.3347753983704664E-4;36.99399803519632;1.0001622415830258;110952;781;0.8963202563036212;0.08509646358001612;0.8963202563036212;0.08509646358001612;4.083843505544474;2.7038719446247027E-5;3.3347753983704664E-4;0.008517196625567812;9.012906482082342E-5;9.193164611723989E-4;3;2.7038719446247027E-5;37;3.3347753983704664E-4;945;0.008517196625567812;10;9.012906482082342E-5;102;9.193164611723989E-4;1462938x212560-NZ-CP113531_1657193_aligned_53244_R_51_164_18;0.8963202563036212;0.08509646358001612;0.8963202563036212;0.08509646358001612;
104;12;Rickettsia conorii subsp. raoultii;subspecies;369822;24;858;346;346;74;4.675675675675675;31;72;9698;404.0833333333333;8.77008438037833E-4;345.8487599987138;1.0004373009788636;394523;781;0.8990850628958186;0.09387075979937677;0.899765335004662;0.0937979150722601;5.613360061589142;6.0832955239618474E-5;8.77008438037833E-4;0.024581583329742498;1.8249886571885542E-4;0.0021747781498163603;24;6.0832955239618474E-5;346;8.77008438037833E-4;9698;0.024581583329742498;72;1.8249886571885542E-4;858;0.0021747781498163603;1105111x147544-NC-017028_450644_aligned_52049_F_66_127_4;0.8990850628958186;0.09387075979937677;0.899765335004662;0.0937979150722601;
105;11;Rickettsia rickettsii;species;783;2;100;39;39;14;2.7857142857142856;16;13;578;289.0;3.3274463129335277E-4;38.993678517336654;1.0001621155762603;117207;114277;0.8085464986203297;0.0974730534972927;0.8085464986203297;0.0974730534972927;4.041678467563301;1.7063827245812964E-5;3.3274463129335277E-4;0.004931446074039947;1.1091487709778426E-4;8.531913622906482E-4;2;1.7063827245812964E-5;50;5.928165057022803E-4;578;0.004931446074039947;19;2.527722631390175E-4;100;8.531913622906482E-4;1462938x212560-NZ-CP113531_74039_aligned_72592_R_73_196_26;0.8085464986203297;0.0974730534972927;0.8085464986203297;0.0974730534972927;
106;12;Rickettsia rickettsii str. Hlp#2;strain;1105101;0;0;11;11;6;1.8333333333333333;6;6;0;;2.6007187440892755E-4;10.99869973285697;1.0001182200782466;42296;783;;;;;2.0412414523193148;0.0;2.6007187440892755E-4;0.0;1.4185738604123322E-4;0.0;0;0.0;11;2.6007187440892755E-4;0;0.0;6;1.4185738604123322E-4;0;0.0;467174x143355-NZ-CCXM01000001_415020_aligned_114623_F_123_122_10;;;;;
107;11;Rickettsia akari;species;786;0;0;0;0;0;;0;0;0;;;0.0;;0;114277;;;;;;;;;;;16;2.5458248472505093E-5;191;3.0390784114052953E-4;6385;0.010159432281059063;49;7.796588594704685E-5;588;9.355906313645621E-4;;0.901644683369338;0.06348115821855468;0.9026025377754683;0.0643110396236189;
108;12;Rickettsia akari str. Hartford;strain;293614;16;588;191;191;49;3.8979591836734695;18;49;6385;399.0625;3.0390784114052953E-4;190.9711316518232;1.0001511660318871;628480;786;0.901644683369338;0.06348115821855468;0.9026025377754683;0.0643110396236189;4.364844871046315;2.5458248472505093E-5;3.0390784114052953E-4;0.010159432281059063;7.796588594704685E-5;9.355906313645621E-4;16;2.5458248472505093E-5;191;3.0390784114052953E-4;6385;0.010159432281059063;49;7.796588594704685E-5;588;9.355906313645621E-4;444612x54001-NZ-CM000770_21060_aligned_62848_F_65_399_51;0.901644683369338;0.06348115821855468;0.9026025377754683;0.0643110396236189;
109;11;Rickettsia australis;species;787;11;307;116;116;42;2.761904761904762;11;41;3264;296.72727272727275;2.3123830103638615E-4;115.98670480402012;1.0001146268962666;501647;114277;0.8755395773492833;0.08956734433026722;0.8805503146434852;0.09004495030404977;2.5927621941833627;2.1927769925864202E-5;2.3123830103638615E-4;0.006506567367092797;8.173077881458475E-5;6.119841242945736E-4;11;2.1927769925864202E-5;117;7.864853859891902E-4;3264;0.006506567367092797;42;6.369778637673888E-4;307;6.119841242945736E-4;444612x54001-NZ-CM000770_165542_aligned_38289_R_70_170_6;0.8755395773492833;0.08956734433026722;0.8805503146434852;0.09004495030404977;
110;12;Rickettsia australis str. Phillips;strain;1196662;0;0;1;1;1;1.0;1;1;0;;5.55247084952804E-4;0.9999999999999991;1.0000000000000009;1801;787;;;;;;0.0;5.55247084952804E-4;0.0;5.55247084952804E-4;0.0;0;0.0;1;5.55247084952804E-4;0;0.0;1;5.55247084952804E-4;0;0.0;444612x54001-NZ-CM000770_1420869_aligned_50161_F_81_140_37;;;;;
111;11;Rickettsia amblyommatis;species;33989;45;1281;670;662;101;6.633663366336633;33;92;16551;367.8;0.0013466424460885325;669.54431099598;0.9887321707136044;491593;114277;0.9037988448008388;0.06599237074863276;0.9047598379247811;0.06569071472054763;7.524257800311241;9.153913908456792E-5;0.001362916070814678;0.03366809535530408;1.871466843506722E-4;0.0026058141592740338;1042;0.07819744668130137;14369;1.0743566630450276;511833;38.84809896157006;1472;0.10809538776665431;48855;3.730288528748043;1359164x31536-NZ-LANR01000001_415784_aligned_42023_R_131_447_3;0.8939270771706962;0.07912970283084284;0.8939685787931313;0.07912451749672907;
112;12;Rickettsia amblyommatis str. Ac/Pa;strain;1359164;3;130;45;45;8;5.625;21;8;1232;410.6666666666667;0.0011670729809637429;44.974333936237734;1.0005706824652179;38558;33989;0.8406340433230503;0.12366029301068064;0.8406340433230503;0.12366029301068064;6.94750726108704;7.780486539758286E-5;0.0011670729809637429;0.03195186472327403;2.0747964106022096E-4;0.0033715441672285905;3;7.780486539758286E-5;45;0.0011670729809637429;1232;0.03195186472327403;8;2.0747964106022096E-4;130;0.0033715441672285905;1462938x212560-NZ-CP113531_891922_aligned_54497_R_62_124_4;0.8406340433230503;0.12366029301068064;0.8406340433230503;0.12366029301068064;
113;12;Rickettsia amblyommatis str. Darkwater;strain;1359166;994;47444;13654;954;1561;8.746957078795644;39;1372;494050;497.0321931589537;0.07488813878640396;8377.572512266881;0.1138754691294051;12739;33989;0.8936410103278255;0.07954453191920526;0.8936410103278255;0.07954453191920526;7.401188749205206;0.07802810267681921;1.0718266739932492;38.78247900149148;0.10770076144124342;3.72431117042154;994;0.07802810267681921;13654;1.0718266739932492;494050;38.78247900149148;1372;0.10770076144124342;47444;3.72431117042154;1359166x139103-NZ-LAOH01000004_1439_aligned_10340_R_121_466_24;0.8936410103278255;0.07954453191920526;0.8936410103278255;0.07954453191920526;
114;11;Rickettsia montanensis;species;33991;0;0;0;0;0;;0;0;0;;;0.0;;0;114277;;;;;;;;;;;18;6.966726141865767E-5;302;0.0011688618304685897;6384;0.024708655383150587;44;1.702977501344965E-4;546;0.002113240263032616;;0.8977842967757501;0.1090182975908221;0.8977842967757501;0.1090182975908221;
115;12;Rickettsia montanensis str. OSU 85-930;strain;1105114;18;546;302;302;47;6.425531914893617;31;44;6384;354.6666666666667;0.0011688618304685897;301.82415435667775;1.0005826095784052;258371;33991;0.8977842967757501;0.1090182975908221;0.8977842967757501;0.1090182975908221;7.958437362597891;6.966726141865767E-5;0.0011688618304685897;0.024708655383150587;1.702977501344965E-4;0.002113240263032616;18;6.966726141865767E-5;302;0.0011688618304685897;6384;0.024708655383150587;44;1.702977501344965E-4;546;0.002113240263032616;1105114x157121-NC-017043_119810_aligned_73389_R_68_356_18;0.8977842967757501;0.1090182975908221;0.8977842967757501;0.1090182975908221;
116;11;Rickettsia rhipicephali;species;33992;12;526;300;299;53;5.660377358490566;31;53;4339;361.5833333333333;8.02419603728165E-4;299.8796691430275;0.9970665929252844;372623;114277;0.8630032989137981;0.07136047127435806;0.8630032989137981;0.07136047127435806;7.600464045110401;3.220413125330428E-5;8.05103281332607E-4;0.011644477125673939;1.4223491303542722E-4;0.0014116144199365042;12;3.220413125330428E-5;303;8.560829404486197E-4;4339;0.011644477125673939;55;1.7622135244610237E-4;526;0.0014116144199365042;444612x54001-NZ-CM000770_926082_aligned_95751_R_74_230_1;0.8630032989137981;0.07136047127435806;0.8630032989137981;0.07136047127435806;
117;12;Rickettsia rhipicephali str. 3-7-female6-CWPP;strain;1105113;0;0;3;3;2;1.5;2;2;0;;5.097965911601271E-5;2.9999490206349306;1.0000169934104608;58847;33992;;;;;0.7071067811865476;0.0;5.097965911601271E-5;0.0;3.398643941067514E-5;0.0;0;0.0;3;5.097965911601271E-5;0;0.0;2;3.398643941067514E-5;0;0.0;1462938x212560-NZ-CP113531_1669986_aligned_79015_R_55_372_80;;;;;
118;11;Rickettsia africae;species;35788;0;0;0;0;0;;0;0;0;;;0.0;;0;114277;;;;;;;;;;;5;3.8285425504219055E-5;42;3.2159757423544003E-4;2129;0.016301934179696474;15;1.1485627651265716E-4;89;6.814805739750992E-4;;0.9506614116556191;0.027077971766069475;0.9516818198188846;0.025613275872222372;
119;12;Rickettsia africae ESF-5;strain;347255;5;89;42;42;15;2.8;8;15;2129;425.8;3.2159757423544003E-4;41.99340792287704;1.0001569788557068;130598;35788;0.9506614116556191;0.027077971766069475;0.9516818198188846;0.025613275872222372;2.210365192839022;3.8285425504219055E-5;3.2159757423544003E-4;0.016301934179696474;1.1485627651265716E-4;6.814805739750992E-4;5;3.8285425504219055E-5;42;3.2159757423544003E-4;2129;0.016301934179696474;15;1.1485627651265716E-4;89;6.814805739750992E-4;1462938x212560-NZ-CP113531_91379_aligned_116888_R_84_117_66;0.9506614116556191;0.027077971766069475;0.9516818198188846;0.025613275872222372;
120;11;Rickettsia helvetica;species;35789;8;238;97;97;23;4.217391304347826;17;23;2411;301.375;3.668669936951827E-4;96.98239249204245;1.00018155365634;264401;114277;0.8594072887137654;0.13025954086771763;0.8594072887137654;0.13025954086771763;4.305984437533952;3.025707164496352E-5;3.668669936951827E-4;0.009118724967000882;8.698908097927013E-5;9.001478814376647E-4;8;3.025707164496352E-5;97;3.668669936951827E-4;2411;0.009118724967000882;23;8.698908097927013E-5;238;9.001478814376647E-4;1462938x212560-NZ-CP113531_370521_aligned_101719_R_20_107_50;0.8594072887137654;0.13025954086771763;0.8594072887137654;0.13025954086771763;
121;11;Rickettsia japonica;species;35790;7;178;110;110;17;6.470588235294118;30;15;2665;380.7142857142857;0.0012420116071630196;109.93233787376056;1.0006154888320227;88566;114277;0.9229795874344316;0.07071560631629241;0.9229795874344316;0.07071560631629241;7.993103645165183;7.903710227401034E-5;0.0012420116071630196;0.030090553937176794;1.6936521915859358E-4;0.002009800600681977;8;4.167608442530715E-4;116;0.0032683540590373863;2992;0.1405262175643298;16;5.070889611376548E-4;184;0.004036143052556344;652620x90159-NZ-AMRT02000009_11587_aligned_74554_R_102_230_40;0.9300818864798752;0.06848250074394968;0.9300818864798752;0.06848250074394968;
122;12;Rickettsia japonica YH;strain;652620;1;6;6;6;1;6.0;6;1;327;327.0;0.002026342451874367;5.994936424438915;1.000844642078345;2961;35790;0.9797979797979798;;0.9797979797979798;;;3.3772374197906115E-4;0.002026342451874367;0.11043566362715299;3.3772374197906115E-4;0.002026342451874367;1;3.3772374197906115E-4;6;0.002026342451874367;327;0.11043566362715299;1;3.3772374197906115E-4;6;0.002026342451874367;334545x206544-NZ-CCMG01000014_112790_aligned_110605_F_157_166_7;0.9797979797979798;;0.9797979797979798;;
123;11;Rickettsia massiliae;species;35791;0;0;0;0;0;;0;0;0;;0.0;0.0;;1397;114277;;;;;;0.0;0.0;0.0;0.0;0.0;3;2.3442444890719137E-5;31;2.4223859720409773E-4;945;0.007384370140576528;5;3.907074148453189E-5;33;2.578668937979105E-4;;0.9535380611819981;0.03853622407938986;0.9535380611819981;0.03853622407938986;
124;12;Rickettsia massiliae MTU5;strain;416276;3;33;31;31;6;5.166666666666667;13;5;945;315.0;2.4223859720409773E-4;30.99636669535257;1.000117217113965;127973;35791;0.9535380611819981;0.03853622407938986;0.9535380611819981;0.03853622407938986;4.915960401250875;2.3442444890719137E-5;2.4223859720409773E-4;0.007384370140576528;3.907074148453189E-5;2.578668937979105E-4;3;2.3442444890719137E-5;31;2.4223859720409773E-4;945;0.007384370140576528;5;3.907074148453189E-5;33;2.578668937979105E-4;444612x54001-NZ-CM000770_1039422_aligned_79858_F_72_156_13;0.9535380611819981;0.03853622407938986;0.9535380611819981;0.03853622407938986;
125;11;Rickettsia parkeri;species;35792;9;242;110;110;24;4.583333333333333;18;24;2800;311.1111111111111;5.764836593086389E-4;109.96858756808494;1.0002856491349914;190812;114277;0.892150948712115;0.04856280861633816;0.8954999145610808;0.04849084079504565;5.157659282597321;4.7166844852525E-5;5.764836593086389E-4;0.014674129509674444;1.2577825294006665E-4;0.0012682640504790056;9;4.7166844852525E-5;110;5.764836593086389E-4;2800;0.014674129509674444;24;1.2577825294006665E-4;242;0.0012682640504790056;1359203x67931-NZ-LAOK01000001_511120_aligned_90042_F_108_161_5;0.892150948712115;0.04856280861633816;0.8954999145610808;0.04849084079504565;
126;11;Rickettsia slovaca;species;35794;2;49;47;46;9;5.222222222222222;30;9;527;263.5;6.707690512992505E-4;46.98424037443005;0.9790516912354786;68578;114277;0.8885284632115803;0.06266006614954785;0.8885284632115803;0.06266006614954785;9.431036233863406;2.9163871795619587E-5;6.853509871970603E-4;0.007684680218145761;1.3123742308028815E-4;7.145148589926799E-4;2;2.9163871795619587E-5;47;6.853509871970603E-4;527;0.007684680218145761;9;1.3123742308028815E-4;49;7.145148589926799E-4;1462938x212560-NZ-CP113531_1175803_aligned_68741_R_45_152_25;0.8885284632115803;0.06266006614954785;0.8885284632115803;0.06266006614954785;
127;11;Rickettsia honei;species;37816;0;0;0;0;0;;0;0;0;;;0.0;;0;114277;;;;;;;;;;;2;1.2321492379156964E-5;41;2.5259059377271775E-4;698;0.00430020084032578;15;9.241119284367723E-5;24;1.4785790854988357E-4;;0.9523144622154522;0.0534354197850225;0.9523144622154522;0.0534354197850225;
128;12;Rickettsia honei RB;strain;1175313;2;24;41;41;15;2.7333333333333334;19;15;698;349.0;2.5259059377271775E-4;40.99494859239786;1.000123220244825;162318;37816;0.9523144622154522;0.0534354197850225;0.9523144622154522;0.0534354197850225;4.589843860815601;1.2321492379156964E-5;2.5259059377271775E-4;0.00430020084032578;9.241119284367723E-5;1.4785790854988357E-4;2;1.2321492379156964E-5;41;2.5259059377271775E-4;698;0.00430020084032578;15;9.241119284367723E-5;24;1.4785790854988357E-4;444612x54001-NZ-CM000770_1681772_aligned_75456_R_73_143_48;0.9523144622154522;0.0534354197850225;0.9523144622154522;0.0534354197850225;
129;11;Rickettsia felis;species;42862;26;713;482;482;77;6.259740259740259;38;66;7969;306.5;9.08302868126484E-4;481.78161901800576;1.0004532779445579;530660;114277;0.8822646351907596;0.0771083588811054;0.8856447928189861;0.07466453123331208;6.888974022998057;4.8995590396864285E-5;9.08302868126484E-4;0.015017148456638903;1.2437342177665548E-4;0.0013436098443447783;29;6.253459212870446E-4;519;0.007334759088675375;9015;0.22125574724534763;76;0.0013636766643139227;864;0.03273976901065553;42862x108735-NZ-JSEL01000043_13224_aligned_74824_R_71_147_1;0.8788991391620478;0.07391645035011221;0.8819296253114923;0.07179623294196875;
130;12;Rickettsia felis str. LSU;strain;1359195;2;96;26;26;8;3.25;14;8;687;343.5;5.629167749198926E-4;25.992964758903994;1.0002706594327064;46188;42862;0.858183886509636;0.03262041052931127;0.858183886509636;0.03262041052931127;4.6827952580239325;4.3301290378453275E-5;5.629167749198926E-4;0.0148739932449987;1.732051615138131E-4;0.0020784619381657575;2;4.3301290378453275E-5;26;5.629167749198926E-4;687;0.0148739932449987;8;1.732051615138131E-4;96;0.0020784619381657575;1462938x212560-NZ-CP113531_1207030_aligned_82311_R_78_104_10;0.858183886509636;0.03262041052931127;0.858183886509636;0.03262041052931127;
131;12;Rickettsia felis str. Pedreira;strain;1359196;1;55;11;11;2;5.5;9;2;359;359.0;0.005863539445628998;10.97072913613898;1.0026680873712028;1876;42862;0.8328267477203647;;0.8328267477203647;;4.949747468305833;5.330490405117271E-4;0.005863539445628998;0.19136460554371001;0.0010660980810234541;0.02931769722814499;1;5.330490405117271E-4;11;0.005863539445628998;359;0.19136460554371001;2;0.0010660980810234541;55;0.02931769722814499;1462938x212560-NZ-CP113531_1357813_aligned_24988_F_109_249_3;0.8328267477203647;;0.8328267477203647;;
132;11;Rickettsia peacockii;species;47589;0;0;0;0;0;;0;0;0;;;0.0;;0;114277;;;;;;;;;;;3;2.5581553994133297E-5;79;6.736475885121768E-4;1357;0.011571389590012962;21;1.7907087795893307E-4;50;4.2635923323555496E-4;;0.9520368285189883;0.030629406359775194;0.9520368285189883;0.030629406359775194;
133;12;Rickettsia peacockii str. Rustic;strain;562019;3;50;79;79;21;3.761904761904762;21;21;1357;452.3333333333333;6.736475885121768E-4;78.9737334931519;1.000332598013115;117272;47589;0.9520368285189883;0.030629406359775194;0.9520368285189883;0.030629406359775194;4.918381460447755;2.5581553994133297E-5;6.736475885121768E-4;0.011571389590012962;1.7907087795893307E-4;4.2635923323555496E-4;3;2.5581553994133297E-5;79;6.736475885121768E-4;1357;0.011571389590012962;21;1.7907087795893307E-4;50;4.2635923323555496E-4;444612x46237-NZ-GG688312_9384_aligned_62642_R_99_360_1;0.9520368285189883;0.030629406359775194;0.9520368285189883;0.030629406359775194;
134;11;Rickettsia monacensis;species;109232;51;2590;1324;1222;145;9.13103448275862;65;101;29534;579.0980392156863;0.00872190540087219;1317.7684925024005;0.9273252524648399;140107;114277;0.9068428084665036;0.06258937154436962;0.9077621340978541;0.06119667310269962;10.129203635208688;3.640075085470391E-4;0.009449920417966268;0.21079603445937747;7.208776149657047E-4;0.018485871512486884;51;3.640075085470391E-4;1324;0.009449920417966268;29534;0.21079603445937747;101;7.208776149657047E-4;2590;0.018485871512486884;109232x175602-NZ-LN794217_861167_aligned_21_F_63_1079_8;0.9068428084665036;0.06258937154436962;0.9077621340978541;0.06119667310269962;
135;11;Rickettsia asiatica;species;238800;5;479;84;84;26;3.230769230769231;33;26;4329;865.8;3.6449157764104523E-4;83.98487539260958;1.0001800872754734;230458;114277;0.8667244303303479;0.06950332737683504;0.8684310684871198;0.07062074082147383;6.339133646218179;2.1695927240538408E-5;3.6449157764104523E-4;0.018784333804858153;1.1281882165079972E-4;0.0020784698296435794;5;2.1695927240538408E-5;84;3.6449157764104523E-4;4329;0.018784333804858153;26;1.1281882165079972E-4;479;0.0020784698296435794;238800x60302-NZ-AP019563_177051_aligned_115255_F_69_90_0;0.8667244303303479;0.06950332737683504;0.8684310684871198;0.07062074082147383;
136;11;Rickettsia sibirica subgroup;;266068;0;0;0;0;0;;0;0;0;;;0.0;;0;114277;;;;;;;;;;;8;8.141436817657864E-5;143;0.0014048266137550336;2199;0.0231356027135567;23;2.2160090185557537E-4;296;0.0029126083693167036;;0.8425645746304729;0.1334875950628968;0.8425645746304729;0.1334875950628968;
137;12;Rickettsia sibirica;species;35793;5;206;100;100;17;5.882352941176471;31;17;1215;243.0;8.396023643202579E-4;99.95845107960315;1.0004156619070033;119104;266068;0.8104400326109618;0.16382543825981155;0.8104400326109618;0.16382543825981155;7.841255901808527;4.1980118216012894E-5;8.396023643202579E-4;0.010201168726491135;1.4273240193444386E-4;0.0017295808704997314;8;8.141436817657864E-5;143;0.0014048266137550336;2199;0.0231356027135567;23;2.2160090185557537E-4;296;0.0029126083693167036;1462938x212560-NZ-CP113531_31578_aligned_70391_F_65_128_52;0.8425645746304729;0.1334875950628968;0.8425645746304729;0.1334875950628968;
138;13;Rickettsia sibirica subsp. mongolitimonae;subspecies;45261;0;0;0;0;0;;0;0;0;;;0.0;;0;35793;;;;;;;;;;;3;3.943424996056575E-5;43;5.652242494347757E-4;984;0.012934433987065567;6;7.88684999211315E-5;90;0.0011830274988169724;;0.8961054779963247;0.042530303115209334;0.8961054779963247;0.042530303115209334;
139;14;Rickettsia sibirica subsp. mongolitimonae HA-91;strain;1144280;3;90;43;43;6;7.166666666666667;20;6;984;328.0;5.652242494347757E-4;42.988132422682604;1.0002760663617742;76076;45261;0.8961054779963247;0.042530303115209334;0.8961054779963247;0.042530303115209334;6.853223086013373;3.943424996056575E-5;5.652242494347757E-4;0.012934433987065567;7.88684999211315E-5;0.0011830274988169724;3;3.943424996056575E-5;43;5.652242494347757E-4;984;0.012934433987065567;6;7.88684999211315E-5;90;0.0011830274988169724;1736693x144461-NZ-BCMR01000005_16942_aligned_118397_R_199_64_37;0.8961054779963247;0.042530303115209334;0.8961054779963247;0.042530303115209334;
140;11;Rickettsia tamurae;species;334545;22;879;365;364;71;5.140845070422535;63;71;10269;466.77272727272725;0.0013969857346264407;364.74516846103734;0.9979570162253789;260561;114277;0.8807368673581967;0.11119559175237735;0.8808957993353105;0.111251004087025;8.838706716398676;8.44332037411585E-5;0.001400823607523766;0.03941111678263439;2.7248897571010243E-4;0.0033734902767490146;375;0.009454539115136587;7825;0.1994206255877218;149035;3.722844875708125;570;0.013518049456691177;13638;0.34205105776540135;334545x222529-NZ-CCMG01000026_3501_aligned_76487_R_36_117_32;0.8893394976880232;0.0858156361742833;0.8896395025978624;0.08580434660330308;
141;12;Rickettsia tamurae subsp. buchneri;subspecies;1462938;353;12759;7460;6114;634;11.766561514195583;92;499;138766;393.10481586402267;0.16229129615374407;6767.899737056368;0.9033821772689594;37673;334545;0.889875638955038;0.08415478365678532;0.8901844359456702;0.08413721620717021;12.50487747520885;0.00937010591139543;0.19801980198019803;3.6834337589254904;0.013245560480981074;0.33867756748865235;353;0.00937010591139543;7460;0.19801980198019803;138766;3.6834337589254904;499;0.013245560480981074;12759;0.33867756748865235;1462938x212560-NZ-CP113531_249574_aligned_2090_R_63_544_3;0.889875638955038;0.08415478365678532;0.8901844359456702;0.08413721620717021;
142;11;Rickettsia gravesii;species;354585;0;0;0;0;0;;0;0;0;;;0.0;;0;114277;;;;;;;;;;;13;4.2408682688449504E-5;151;4.925931604581442E-4;4731;0.015433498292234971;31;1.0112839718014882E-4;346;0.001128723400784887;;0.913217258936426;0.08871604659150421;0.9138359432012229;0.08923616638610185;
143;12;Rickettsia gravesii BWI-1;strain;1397702;13;346;151;149;31;4.870967741935484;23;31;4731;363.9230769230769;4.860687477368443E-4;150.96306149575386;0.986996411729441;306541;354585;0.913217258936426;0.08871604659150421;0.9138359432012229;0.08923616638610185;5.60203496052325;4.2408682688449504E-5;4.925931604581442E-4;0.015433498292234971;1.0112839718014882E-4;0.001128723400784887;13;4.2408682688449504E-5;151;4.925931604581442E-4;4731;0.015433498292234971;31;1.0112839718014882E-4;346;0.001128723400784887;444612x54001-NZ-CM000770_620077_aligned_111470_R_122_177_5;0.913217258936426;0.08871604659150421;0.9138359432012229;0.08923616638610185;
144;11;Rickettsia hoogstraalii;species;467174;18;569;325;325;69;4.7101449275362315;28;66;5406;300.3333333333333;5.651731603613631E-4;324.9084590798198;1.0002817437269544;575045;114277;0.8659534241246306;0.08363127040411752;0.8668106568104954;0.08338566403613801;6.469615520159381;3.1301898112321645E-5;5.651731603613631E-4;0.009401003399733933;1.1477362641184603E-4;9.894877792172786E-4;18;3.1301898112321645E-5;325;5.651731603613631E-4;5406;0.009401003399733933;66;1.1477362641184603E-4;569;9.894877792172786E-4;467174x143355-NZ-CCXM01000001_785525_aligned_116451_R_70_124_1;0.8659534241246306;0.08363127040411752;0.8668106568104954;0.08338566403613801;
145;11;Rickettsia asembonensis;species;1068590;11;572;232;232;49;4.73469387755102;27;43;5942;540.1818181818181;4.76037073438978E-4;231.9450263625909;1.0002370114947976;487357;114277;0.8894008805305408;0.055794300626926877;0.8894402351153499;0.055793272319798214;5.918810093690291;2.2570723309606714E-5;4.76037073438978E-4;0.0121922943550621;8.82310093011899E-5;0.0011736776120995491;11;2.2570723309606714E-5;232;4.76037073438978E-4;5942;0.0121922943550621;43;8.82310093011899E-5;572;0.0011736776120995491;1068590x88961-NZ-JWSW01000040_8206_aligned_5_F_20_2259_47;0.8894008805305408;0.055794300626926877;0.8894402351153499;0.055793272319798214;
146;11;Rickettsia fournieri;species;1436798;7;326;62;62;19;3.263157894736842;15;19;2776;396.57142857142856;5.694185501868979E-4;61.98263592361225;1.0002801442069864;108883;114277;0.8570486697341817;0.11002628168553005;0.8570486697341817;0.11002628168553005;3.3803698887540876;6.428919115013363E-5;5.694185501868979E-4;0.025495256376110137;1.744992331217913E-4;0.002994039473563366;7;6.428919115013363E-5;62;5.694185501868979E-4;2776;0.025495256376110137;19;1.744992331217913E-4;326;0.002994039473563366;1462938x148930-NZ-JFKF01000207_15233_aligned_22327_R_79_394_72;0.8570486697341817;0.11002628168553005;0.8570486697341817;0.11002628168553005;
147;11;Rickettsia argasii;species;1441385;0;0;0;0;0;;0;0;0;;;0.0;;0;114277;;;;;;;;;;;6;4.1018909717379714E-5;101;6.904849802425585E-4;3287;0.022471526040171184;36;2.4611345830427827E-4;184;0.0012579132313329778;;0.926086541116971;0.09050102608535195;0.9268018486992314;0.09068964711609585;
148;12;Rickettsia argasii T170-B;strain;1268837;6;184;101;100;36;2.8055555555555554;14;36;3287;547.8333333333334;6.836484952896618E-4;100.96548353885254;0.9904374890803053;146274;1441385;0.926086541116971;0.09050102608535195;0.9268018486992314;0.09068964711609585;3.362137453164022;4.1018909717379714E-5;6.904849802425585E-4;0.022471526040171184;2.4611345830427827E-4;0.0012579132313329778;6;4.1018909717379714E-5;101;6.904849802425585E-4;3287;0.022471526040171184;36;2.4611345830427827E-4;184;0.0012579132313329778;1462938x212560-NZ-CP113531_1219079_aligned_36183_R_60_373_5;0.926086541116971;0.09050102608535195;0.9268018486992314;0.09068964711609585;
149;11;Rickettsia koreansis;species;2358204;7;295;104;86;26;4.0;21;25;5938;848.2857142857143;5.460525480335759E-4;103.96599969601593;0.8271935079877426;157494;114277;0.927908562535544;0.06406919431569501;0.9290202912737319;0.06226229336931779;5.2687759489277965;4.44461376306399E-5;6.603426162266499E-4;0.03770302360724853;1.5873620582371393E-4;0.0018730872287198242;7;4.44461376306399E-5;104;6.603426162266499E-4;5938;0.03770302360724853;25;1.5873620582371393E-4;295;0.0018730872287198242;444612x46237-NZ-GG688312_11087_aligned_76144_R_35_181_74;0.927908562535544;0.06406919431569501;0.9290202912737319;0.06226229336931779;
150;11;unclassified spotted fever group;no rank;2750824;0;0;0;0;0;;0;0;0;;;0.0;;0;114277;;;;;;;;;;;4037;0.07629336081854726;79568;1.5042136969298219;1785219;33.75302787161644;5041;0.09495294549809363;148736;2.809073060835224;;0.9033330326409943;0.07484644970624778;0.9034706713548847;0.0747728191198563;
151;12;Rickettsia endosymbiont of Ixodes scapularis;species;444612;4029;148314;79445;17278;7357;10.79855919532418;163;5009;1782732;442.4750558451229;0.32701807513958553;41088.95953721278;0.4205022515683791;52835;2750824;0.9034948978558865;0.07464869586755475;0.9036303919469357;0.07458069639515792;10.756483588804956;0.07625626951831173;1.5036434181887006;33.74149711365572;0.09480458029715151;2.8071164947478;4029;0.07625626951831173;79445;1.5036434181887006;1782732;33.74149711365572;5009;0.09480458029715151;148314;2.8071164947478;444612x44192-NZ-GG688316_10891_aligned_23638_R_53_354_55;0.9034948978558865;0.07464869586755475;0.9036303919469357;0.07458069639515792;
152;12;Rickettsia sp. Tenjiku01;species;1736693;8;422;123;123;32;3.84375;21;32;2487;310.875;5.702787411212701E-4;122.96521950155841;1.000282848260529;215684;2750824;0.8218136637908473;0.12571386637239518;0.8230313881831675;0.12446539521029606;4.932508195307352;3.709130023552976E-5;5.702787411212701E-4;0.011530757960720313;1.4836520094211903E-4;0.0019565660874241945;8;3.709130023552976E-5;123;5.702787411212701E-4;2487;0.011530757960720313;32;1.4836520094211903E-4;422;0.0019565660874241945;1359203x67931-NZ-LAOK01000001_1271864_aligned_112369_R_137_139_1;0.8218136637908473;0.12571386637239518;0.8230313881831675;0.12446539521029606;
153;11;Rickettsia tillamookensis;species;2761623;16;567;236;235;57;4.140350877192983;31;57;6183;386.4375;4.312235187472131E-4;235.94912290361407;0.995977425591017;544961;114277;0.8899872304490213;0.11031321163971224;0.890047733837211;0.11034215480153345;5.478655324110196;2.9359899148746423E-5;4.3305851244400975E-4;0.011345766027293697;1.0459464071740914E-4;0.0010404414260837013;16;2.9359899148746423E-5;236;4.3305851244400975E-4;6183;0.011345766027293697;57;1.0459464071740914E-4;567;0.0010404414260837013;444612x54001-NZ-CM000770_1478103_aligned_47584_R_119_205_1;0.8899872304490213;0.11031321163971224;0.890047733837211;0.11034215480153345;
154;11;Candidatus Rickettsia kedanie;species;3115352;11;259;161;160;47;3.425531914893617;14;47;4119;374.45454545454544;3.1758004009448007E-4;160.97443749710976;0.9939466320723919;503810;114277;0.9243824135638404;0.06841071476174565;0.9286884894822662;0.0577247436422512;3.8659307943324586;2.1833627756495504E-5;3.1956491534507057E-4;0.008175701157182271;9.328913677775352E-5;5.140826899029396E-4;11;2.1833627756495504E-5;161;3.1956491534507057E-4;4119;0.008175701157182271;47;9.328913677775352E-5;259;5.140826899029396E-4;444612x54001-NZ-CM000770_225676_aligned_84688_R_83_184_54;0.9243824135638404;0.06841071476174565;0.9286884894822662;0.0577247436422512;
155;10;typhus group;species group;114292;5;144;56;56;11;5.090909090909091;12;11;2272;454.4;3.905814083249637E-4;55.98926035967275;1.0001918160779095;143376;780;0.9212133199145658;0.05734235357484693;0.9283208072368287;0.05012003304469353;3.4771984543464143;3.487334002901462E-5;3.905814083249637E-4;0.015846445709184243;7.672134806383216E-5;0.001004352192835621;18;4.975802389892438E-5;269;8.587703486355925E-4;7613;0.02196024495913711;74;3.7306241662983595E-4;462;0.0013677530530469921;1133329x83198-NZ-LAOP01000001_769674_aligned_4476_F_38_469_31;0.9317543858590498;0.04264828551523673;0.9359216317993524;0.0396548568933812;
156;11;Rickettsia prowazekii;species;782;10;268;147;147;35;4.2;20;35;4159;415.9;1.6729392404400627E-4;146.98778822206856;1.0000830802210112;878693;114292;0.9303866136994288;0.040257864838051556;0.934333912730842;0.03981050224385573;4.831270689020461;1.138053905061267E-5;1.6729392404400627E-4;0.00473316619114981;3.983188667714435E-5;3.0499844655641956E-4;10;1.138053905061267E-5;148;3.922658025591919E-4;4159;0.00473316619114981;36;2.6480376519232994E-4;268;3.0499844655641956E-4;444612x54001-NZ-CM000770_317417_aligned_7663_R_103_620_2;0.9303866136994288;0.040257864838051556;0.934333912730842;0.03981050224385573;
157;12;Rickettsia prowazekii str. Breinl;strain;1290428;0;0;1;1;1;1.0;1;1;0;;2.249718785151856E-4;1.0000000000001674;0.9999999999998326;4445;782;;;;;;0.0;2.249718785151856E-4;0.0;2.249718785151856E-4;0.0;0;0.0;1;2.249718785151856E-4;0;0.0;1;2.249718785151856E-4;0;0.0;1462938x212560-NZ-CP113531_1703766_aligned_62163_R_106_440_9;;;;;
158;11;Rickettsia typhi;species;785;3;50;65;65;28;2.3214285714285716;10;27;1182;394.0;7.592313775143699E-5;64.99757051939267;1.0000373780217926;856129;114292;0.9538820696319269;0.023862854599132198;0.9538820696319269;0.023862854599132198;2.357864247475628;3.504144819297092E-6;7.592313775143699E-5;0.0013806330588030543;3.1537303373673825E-5;5.8402413654951534E-5;3;3.504144819297092E-6;65;7.592313775143699E-5;1182;0.0013806330588030543;27;3.1537303373673825E-5;50;5.8402413654951534E-5;444612x54001-NZ-CM000770_1058843_aligned_11270_F_86_282_43;0.9538820696319269;0.023862854599132198;0.9538820696319269;0.023862854599132198;
159;10;unclassified Rickettsia;no rank;114295;57;1703;1310;1300;197;6.649746192893401;91;182;21274;373.2280701754386;3.174888488147409E-4;1309.7906272110247;0.9925250440737448;4094632;780;0.9046185410802287;0.084405068604568;0.9060907157529199;0.084603113444093;10.677754982479488;1.3920664909569407E-5;3.199310707287004E-4;0.0051955828997575365;4.444843883406372E-5;4.159103919473105E-4;243;8.398375369833066E-4;5421;0.022068518826417152;112107;0.44084342764775714;780;0.00368186462832357;9447;0.037089238056106456;3066252x117549-NZ-OZ032155_27790_aligned_69984_R_38_180_35;0.9055199407913838;0.0781297995705931;0.9077214375318985;0.0750041470416963;
160;11;Rickettsia sp.;species;789;14;216;200;200;62;3.225806451612903;20;61;4778;341.2857142857143;3.8753231050638845E-4;199.96144546689334;1.000192809833999;516086;114295;0.9373365127050055;0.042301113796014145;0.939419662970801;0.043029658060606414;3.484952923635798;2.7127261735447192E-5;3.8753231050638845E-4;0.00925814689799762;1.1819735470444848E-4;4.1853489534689957E-4;14;2.7127261735447192E-5;200;3.8753231050638845E-4;4778;0.00925814689799762;61;1.1819735470444848E-4;216;4.1853489534689957E-4;789x130956-NZ-JBHEQR010000030_5572_aligned_118354_R_76_107_59;0.9373365127050055;0.042301113796014145;0.939419662970801;0.043029658060606414;
161;11;Rickettsia endosymbiont of Oedothorax gibbosus;species;931099;0;0;1;1;1;1.0;1;1;0;;2.3037228160707703E-6;0.9999999999979536;1.0000000000020464;434080;114295;;;;;;0.0;2.3037228160707703E-6;0.0;2.3037228160707703E-6;0.0;0;0.0;1;2.3037228160707703E-6;0;0.0;1;2.3037228160707703E-6;0;0.0;444612x54001-NZ-CM000770_1536563_aligned_21439_R_74_334_3;;;;;
162;11;Rickettsia endosymbiont of Ixodes pacificus;species;1133329;78;4694;2029;1992;224;9.058035714285714;73;169;48055;616.0897435897435;0.010746945051387877;2017.940537492696;0.9871450436666844;185355;114295;0.8902326209807222;0.07711833301641316;0.8918870312245966;0.07679077264150179;10.47873044027636;4.2081411345795905E-4;0.010946562002643576;0.25925925925925924;9.117639124922446E-4;0.02532437754579051;78;4.2081411345795905E-4;2029;0.010946562002643576;48055;0.25925925925925924;169;9.117639124922446E-4;4694;0.02532437754579051;1133329x66257-NZ-KR611317_34976_aligned_52_F_71_698_7;0.8902326209807222;0.07711833301641316;0.8918870312245966;0.07679077264150179;
163;11;Rickettsia sp. MEAM1 (Bemisia tabaci);species;1182263;1;31;36;25;9;4.0;15;9;563;563.0;0.0034204405527431935;35.913938401437164;0.6961085615438818;7309;114295;0.9418386491557224;;0.9418386491557224;;4.8218253804964775;1.3681762210972773E-4;0.004925434395950198;0.07702832124777671;0.0012313585989875496;0.00424134628540156;1;1.3681762210972773E-4;36;0.004925434395950198;563;0.07702832124777671;9;0.0012313585989875496;31;0.00424134628540156;444612x54001-NZ-CM000770_1474556_aligned_83957_R_185_354_50;0.9418386491557224;;0.9418386491557224;;
164;11;Rickettsia endosymbiont of Proechinophthirus fluctus;species;1462733;11;330;155;155;32;4.84375;21;32;3737;339.72727272727275;6.759143376693601E-4;154.94796616989376;1.0003358148634824;229319;114295;0.8942946468776664;0.07896113008852243;0.8979941392864537;0.0762377387040233;5.168823257857415;4.7968114286212654E-5;6.759143376693601E-4;0.016296076644325155;1.39543605196255E-4;0.0014390434285863796;11;4.7968114286212654E-5;155;6.759143376693601E-4;3737;0.016296076644325155;32;1.39543605196255E-4;330;0.0014390434285863796;444612x54001-NZ-CM000770_1607793_aligned_64964_R_76_428_0;0.8942946468776664;0.07896113008852243;0.8979941392864537;0.0762377387040233;
165;11;Rickettsia endosymbiont of Culicoides newsteadi;species;1961830;0;0;1;1;1;1.0;1;1;0;;6.422607578676943E-6;0.9999999999973586;1.0000000000026414;155700;114295;;;;;;0.0;6.422607578676943E-6;0.0;6.422607578676943E-6;0.0;0;0.0;1;6.422607578676943E-6;0;0.0;1;6.422607578676943E-6;0;0.0;1462938x41223-NZ-JFKF01000183_2666_aligned_89692_F_38_264_30;;;;;
166;11;Rickettsia sp. TH2014;species;1967503;13;626;302;302;68;4.4411764705882355;24;61;7330;563.8461538461538;5.335189461057534E-4;301.91971958237934;1.0002658998813714;566053;114295;0.9023760866997479;0.08545803158277132;0.902995112679814;0.08600715466803091;5.439991091249225;2.2966047348923156E-5;5.335189461057534E-4;0.012949317466738981;1.0776376063725482E-4;0.001105903510801992;13;2.2966047348923156E-5;302;5.335189461057534E-4;7330;0.012949317466738981;61;1.0776376063725482E-4;626;0.001105903510801992;1967503x220192-NZ-MXAX01000074_3719_aligned_1711_F_85_2978_4;0.9023760866997479;0.08545803158277132;0.902995112679814;0.08600715466803091;
167;11;Rickettsia endosymbiont of Halotydeus destructor;species;2996754;0;0;7;7;4;1.75;3;4;0;;5.453284825066414E-6;6.999983640068091;1.000002337138592;1283630;114295;;;;;0.9574271077563381;0.0;5.453284825066414E-6;0.0;3.1161627571808075E-6;0.0;0;0.0;7;5.453284825066414E-6;0;0.0;4;3.1161627571808075E-6;0;0.0;1462938x212560-NZ-CP113531_411492_aligned_57477_F_211_214_14;;;;;
168;11;Rickettsia endosymbiont of Aspidapion aeneum;species;3066247;0;0;4;4;2;2.0;2;2;0;;3.457515774915723E-4;3.9994814025192023;1.0001296661813381;11569;114295;;;;;0.0;0.0;3.457515774915723E-4;0.0;1.7287578874578615E-4;0.0;0;0.0;4;3.457515774915723E-4;0;0.0;2;1.7287578874578615E-4;0;0.0;444612x54001-NZ-CM000770_697027_aligned_89023_R_27_166_45;;;;;
169;11;Rickettsia endosymbiont of Cantharis rufa;species;3066248;16;368;205;205;73;2.808219178082192;10;72;5533;345.8125;2.1368278634014548E-4;204.97820588356566;1.0001063240666996;959366;114295;0.9236553935187053;0.06413792392838895;0.9236553935187053;0.06413792392838895;2.498096687961631;1.6677680885084523E-5;2.1368278634014548E-4;0.005767350521073292;7.504956398288035E-5;3.835866603569441E-4;16;1.6677680885084523E-5;205;2.1368278634014548E-4;5533;0.005767350521073292;72;7.504956398288035E-5;368;3.835866603569441E-4;444612x54001-NZ-CM000770_80491_aligned_80748_F_64_161_4;0.9236553935187053;0.06413792392838895;0.9236553935187053;0.06413792392838895;
170;11;Rickettsia endosymbiont of Orchestes rusci;species;3066250;1;67;32;32;2;16.0;31;2;226;226.0;7.732475672906614E-5;31.99880149454951;1.0000374546981297;413839;114295;0.5153061224489796;;0.6581632653061225;;21.213203435596427;2.4163986477833167E-6;7.732475672906614E-5;5.461060943990296E-4;4.8327972955666334E-6;1.6189870940148222E-4;1;2.4163986477833167E-6;32;7.732475672906614E-5;226;5.461060943990296E-4;2;4.8327972955666334E-6;67;1.6189870940148222E-4;444612x54001-NZ-CM000770_1376551_aligned_109000_R_38_160_29;0.5153061224489796;;0.6581632653061225;;
171;11;Rickettsia endosymbiont of Polydrusus tereticollis;species;3066251;2;21;65;65;19;3.4210526315789473;11;19;582;291.0;5.282070701735282E-5;64.99830976868081;1.0000260042349594;1230578;114295;0.9595717810150376;0.014641396873136767;0.9595717810150376;0.014641396873136767;3.0788848896544816;1.625252523610856E-6;5.282070701735282E-5;4.729484843707591E-4;1.5439898974303133E-5;1.706515149791399E-5;2;1.625252523610856E-6;65;5.282070701735282E-5;582;4.729484843707591E-4;19;1.5439898974303133E-5;21;1.706515149791399E-5;444612x47268-NZ-CM000772_31320_aligned_70471_R_36_410_28;0.9595717810150376;0.014641396873136767;0.9595717810150376;0.014641396873136767;
172;11;Rickettsia endosymbiont of Rhinocyllus conicus;species;3066252;7;121;105;102;20;5.25;25;20;2046;292.2857142857143;9.60605746682614E-4;104.94859596125929;0.9719043791462657;106183;114295;0.9372535164888667;0.0482193451620663;0.9375952799885248;0.04775532845128405;6.111895218170444;6.592392379194409E-5;9.888588568791614E-4;0.019268621154045373;1.8835406797698313E-4;0.001139542111260748;7;6.592392379194409E-5;105;9.888588568791614E-4;2046;0.019268621154045373;20;1.8835406797698313E-4;121;0.001139542111260748;444612x54001-NZ-CM000770_690481_aligned_43875_R_153_185_105;0.9372535164888667;0.0482193451620663;0.9375952799885248;0.04775532845128405;
173;11;Rickettsia endosymbiont of Urophora cardui;species;3066265;22;629;514;507;83;6.192771084337349;34;74;8472;385.09090909090907;0.001009439353003132;513.7375931333007;0.9868851467687854;502259;114295;0.9179979390959815;0.06704943415173065;0.9204807504023222;0.06120763648111055;8.383284517455978;4.3802102102700005E-5;0.0010233763854903546;0.016867791318821563;1.4733434343635455E-4;0.0012523419192090137;22;4.3802102102700005E-5;514;0.0010233763854903546;8472;0.016867791318821563;74;1.4733434343635455E-4;629;0.0012523419192090137;3066265x73211-NZ-CAXIPY010000004_457334_aligned_16093_F_192_336_12;0.9179979390959815;0.06704943415173065;0.9204807504023222;0.06120763648111055;
174;11;Rickettsia endosymbiont of Gonocerus acuteangulatus;species;3066266;17;528;328;325;49;6.6938775510204085;42;34;7895;464.4117647058824;4.7141964035758265E-4;327.9222236638384;0.9910886684312252;689407;114295;0.9244117648770152;0.05776532298229902;0.926328122117586;0.05616409639201884;7.051016716381679;2.4658873495627402E-5;4.7577120626857573E-4;0.011451870955763431;4.9317746991254804E-5;7.658756003347804E-4;17;2.4658873495627402E-5;328;4.7577120626857573E-4;7895;0.011451870955763431;34;4.9317746991254804E-5;528;7.658756003347804E-4;3066266x73572-NZ-OZ032147_810529_aligned_54494_R_41_303_54;0.9244117648770152;0.05776532298229902;0.926328122117586;0.05616409639201884;
175;11;Rickettsia endosymbiont of Pantilius tunicatus;species;3066267;3;86;76;48;17;4.470588235294118;27;17;1071;357.0;1.4962406952531763E-4;75.99111675304687;0.6316527779949416;320804;114295;0.9250087299015853;0.051579737814622696;0.9288922250472164;0.045676325780117745;7.75497942501158;9.351504345332352E-6;2.369047767484196E-4;0.00333848705128365;5.299185795688333E-5;2.6807645789952744E-4;3;9.351504345332352E-6;76;2.369047767484196E-4;1071;0.00333848705128365;17;5.299185795688333E-5;86;2.6807645789952744E-4;444612x44192-NZ-GG688316_24556_aligned_2139_F_98_426_18;0.9250087299015853;0.051579737814622696;0.9288922250472164;0.045676325780117745;
176;11;Rickettsia endosymbiont of Nabis limbatus;species;3066268;1;27;48;48;18;2.6666666666666665;13;18;545;545.0;2.768629124824798E-4;47.99349429723416;1.0001355538466432;173371;114295;0.9475728155339805;;0.9475728155339805;;3.180824902257829;5.767977343384995E-6;2.768629124824798E-4;0.0031435476521448225;1.0382359218092991E-4;1.5573538827139488E-4;1;5.767977343384995E-6;48;2.768629124824798E-4;545;0.0031435476521448225;18;1.0382359218092991E-4;27;1.5573538827139488E-4;444612x46767-NZ-CM000771_43647_aligned_17098_R_24_1647_44;0.9475728155339805;;0.9475728155339805;;
177;11;Rickettsia endosymbiont of Lasioglossum villosulum;species;3066269;0;0;1;1;1;1.0;1;1;0;;3.9761431411530815E-5;0.9999999999989517;1.0000000000010483;25150;114295;;;;;;0.0;3.9761431411530815E-5;0.0;3.9761431411530815E-5;0.0;0;0.0;1;3.9761431411530815E-5;0;0.0;1;3.9761431411530815E-5;0;0.0;1462938x212560-NZ-CP113531_457231_aligned_116601_F_96_104_77;;;;;
178;11;Rickettsia sp. R1;species;3405422;0;0;2;2;1;2.0;2;1;0;;5.343307507347048E-4;1.9997328346242031;1.0001336005346169;3743;114295;;;;;;0.0;5.343307507347048E-4;0.0;2.671653753673524E-4;0.0;0;0.0;2;5.343307507347048E-4;0;0.0;1;2.671653753673524E-4;0;0.0;444612x47268-NZ-CM000772_10400_aligned_52058_F_68_269_3;;;;;
179;10;belli group;species group;1129742;1;25;130;130;24;5.416666666666667;21;20;299;299.0;0.0018355878116969302;129.88167588103903;1.000911014722888;70822;780;0.9070631970260223;;0.9070631970260223;;6.085740044074999;1.4119906243822542E-5;0.0018355878116969302;0.00422185196690294;2.823981248764508E-4;3.5299765609556353E-4;87;1.5628655876524336E-4;2335;0.006018469197009134;41260;0.06714305258927572;235;7.508540310087862E-4;3237;0.0060139555275083014;3141789x170156-NZ-CP157197_803354_aligned_61780_R_24_444_41;0.9100174109280776;0.06348659804897058;0.9114069526000161;0.06291341335881638;
180;11;Rickettsia canadensis;species;788;10;266;144;143;46;3.130434782608696;22;45;4087;408.7;2.3240393428981907E-4;143.9832682052906;0.9931709550870267;615308;1129742;0.9293458238631424;0.04572175523289099;0.9296461241634427;0.045258704885850515;3.9362062708607235;1.6252023376910426E-5;2.3402913662751013E-4;0.006642201954143291;7.313410519609692E-5;4.323038218258173E-4;10;1.6252023376910426E-5;174;3.583296743245668E-4;4087;0.006642201954143291;63;1.4751758803615986E-4;266;4.323038218258173E-4;444612x54001-NZ-CM000770_107432_aligned_13873_R_107_409_1;0.9293458238631424;0.04572175523289099;0.9296461241634427;0.045258704885850515;
181;12;Rickettsia canadensis str. McKiel;strain;293613;0;0;14;14;10;1.4;3;10;0;;5.708833196049487E-5;13.999628931812001;1.0000265055730981;245234;788;;;;;0.8432740427115677;0.0;5.708833196049487E-5;0.0;4.077737997178205E-5;0.0;0;0.0;14;5.708833196049487E-5;0;0.0;10;4.077737997178205E-5;0;0.0;444612x44192-NZ-GG688316_8303_aligned_1528_F_106_439_209;;;;;
182;12;Rickettsia canadensis str. CA410;strain;1105107;0;0;16;15;8;2.0;3;8;0;;6.301144287802665E-5;15.999495918456226;0.9375295369585203;238052;788;;;;;0.9258200997725514;0.0;6.721220573656176E-5;0.0;3.360610286828088E-5;0.0;0;0.0;16;6.721220573656176E-5;0;0.0;8;3.360610286828088E-5;0;0.0;444612x54001-NZ-CM000770_1174840_aligned_68771_R_46_130_23;;;;;
183;11;Rickettsia bellii;species;33990;43;1570;972;962;109;8.917431192660551;51;73;19549;454.6279069767442;0.0014705635070952395;971.2789762465468;0.9904466415175536;654171;1129742;0.9081401467387018;0.05986558525593422;0.9103039118270854;0.05907180324546113;9.791463062059965;6.573204865394523E-5;0.0014858500300380176;0.02988362370083663;1.115916174822791E-4;0.0023999841020161394;44;8.91990657614007E-5;1019;0.0026634220189967928;19841;0.03673599269621363;78;2.3603357777273435E-4;1626;0.0037141370600336458;391896x108177-NC-009883_309804_aligned_50741_F_60_539_18;0.9053701329942935;0.06195282890144339;0.9074847216033955;0.061302789199979106;
184;12;Rickettsia bellii OSU 85-389;strain;391896;0;0;21;21;2;10.5;16;2;0;;5.674295441649329E-4;20.99432667544242;1.0002702313175025;37009;33990;;;;;7.7781745930520225;0.0;5.674295441649329E-4;0.0;5.4040908968088844E-5;0.0;0;0.0;21;5.674295441649329E-4;0;0.0;2;5.4040908968088844E-5;0;0.0;391896x108177-NC-009883_143846_aligned_1092_F_94_492_48;;;;;
185;12;Rickettsia bellii str. RML Mogi;strain;1359194;1;56;26;26;3;8.666666666666666;13;3;292;292.0;6.101424447938422E-4;25.992374651036922;1.0002933686923743;42613;33990;0.7862595419847328;;0.7862595419847328;;6.6583281184793925;2.346701710745547E-5;6.101424447938422E-4;0.006852368995376998;7.040105132236642E-5;0.0013141529580175063;1;2.346701710745547E-5;26;6.101424447938422E-4;292;0.006852368995376998;3;7.040105132236642E-5;56;0.0013141529580175063;336407x184429-NC-007940_1318052_aligned_107154_R_17_204_55;0.7862595419847328;;0.7862595419847328;;
186;11;Rickettsia oklahomensis;species;3141789;32;1320;1012;1012;110;9.2;69;74;17033;532.28125;0.001161129691990844;1011.4132755840544;1.0005801035344397;871565;1129742;0.9104596082292625;0.07140775988108877;0.9112360214684857;0.07101623980132625;11.733117874029544;3.671556338310969E-5;0.001161129691990844;0.019543005972015855;8.490474032344117E-5;0.0015145169895532749;32;3.671556338310969E-5;1012;0.001161129691990844;17033;0.019543005972015855;74;8.490474032344117E-5;1320;0.0015145169895532749;3141789x170156-NZ-CP157197_476192_aligned_57285_R_43_529_67;0.9104596082292625;0.07140775988108877;0.9112360214684857;0.07101623980132625;
187;10;Rickettsia incertae sedis;no rank;2749451;0;0;0;0;0;;0;0;0;;;0.0;;0;780;;;;;;;;;;;26;1.3758870502569205E-4;464;0.002455429197381581;13310;0.07043483322661388;72;3.8101487545576257E-4;1123;0.005942773682455852;;0.9117574791609993;0.060261191929904104;0.9127456573784692;0.06044426067393596;
188;11;Candidatus Rickettsia colombianensi;species;1090944;26;1123;464;464;87;5.333333333333333;19;72;13310;511.9230769230769;0.002455429197381581;463.4320311040152;1.0012255710824125;188969;2749451;0.9117574791609993;0.060261191929904104;0.9127456573784692;0.06044426067393596;5.093695753979475;1.3758870502569205E-4;0.002455429197381581;0.07043483322661388;3.8101487545576257E-4;0.005942773682455852;26;1.3758870502569205E-4;464;0.002455429197381581;13310;0.07043483322661388;72;3.8101487545576257E-4;1123;0.005942773682455852;1090944x187756-NZ-RAQN01000009_5556_aligned_65099_F_82_213_7;0.9117574791609993;0.060261191929904104;0.9127456573784692;0.06044426067393596;
189;7;Anaplasmataceae;family;942;0;0;0;0;0;;0;0;0;;0.0;0.0;;124400;766;;;;;;0.0;0.0;0.0;0.0;0.0;22632;0.009248166468321557;614962;0.19224746937824913;11459484;5.121827951853479;25486;0.012692658367282303;853583;0.4004446163045039;;0.9173827618980588;0.062374835165653675;0.9173830110628584;0.0623751013781133;
190;8;Anaplasma;genus;768;0;0;0;0;0;;0;0;0;;0.0;0.0;;660137;942;;;;;;0.0;0.0;0.0;0.0;0.0;22516;0.009148879196864166;612099;0.1897976059057771;11382965;5.056333445606512;25359;0.012584605021598385;847763;0.39546313423655544;;0.9173895222406012;0.0623869159446369;0.917389772689071;0.06238718344969406;
191;9;phagocytophilum group;species group;106179;0;0;0;0;0;;0;0;0;;;0.0;;0;768;;;;;;;;;;;22516;0.009148879196864166;612099;0.1897976059057771;11382965;5.056333445606512;25359;0.012584605021598385;847763;0.39546313423655544;;0.9173895222406012;0.0623869159446369;0.917389772689071;0.06238718344969406;
192;10;Anaplasma phagocytophilum;species;948;22364;840467;609830;51234;52907;11.526452076284802;239;25148;11292823;504.9554194240744;0.009605194161442778;576260.8109019343;0.08890765957138598;5333989;106179;0.9174526534820144;0.06242125938136996;0.9174526534820144;0.06242125938136996;12.092429453164064;0.004192734555695559;0.11432906966999744;2.1171440361050613;0.004714670390208904;0.15756819146046233;22516;0.009148879196864166;612099;0.1897976059057771;11382965;5.056333445606512;25359;0.012584605021598385;847763;0.39546313423655544;948x210035-NZ-FLME02000153_3554_aligned_4056_R_71_861_1;0.9173895222406012;0.0623869159446369;0.917389772689071;0.06238718344969406;
193;11;Anaplasma phagocytophilum str. Annie;strain;1359151;0;0;6;5;4;1.5;3;4;0;;0.0014005602240896359;5.995799888253396;0.8339170908281468;3570;948;;;;;1.0;0.0;0.0016806722689075631;0.0;0.0011204481792717086;0.0;0;0.0;6;0.0016806722689075631;0;0.0;4;0.0011204481792717086;0;0.0;1359157x98494-NZ-LAOD01000043_8763_aligned_48781_F_87_490_28;;;;;
194;11;Anaplasma phagocytophilum str. CRT53-1;strain;1359157;152;7296;2263;345;228;9.925438596491228;45;207;90142;593.0394736842105;0.011249144086862957;2181.559512984443;0.15814374897709255;30669;948;0.9081009230105612;0.05653015883085626;0.9081380223378268;0.05658027979361293;8.442010652661434;0.004956144641168607;0.07378786396687209;2.939189409501451;0.006749486452117774;0.23789494277609313;152;0.004956144641168607;2263;0.07378786396687209;90142;2.939189409501451;207;0.006749486452117774;7296;0.23789494277609313;1359157x118545-NZ-LAOD01000041_7831_aligned_72661_F_92_341_36;0.9081009230105612;0.05653015883085626;0.9081380223378268;0.05658027979361293;
195;8;Ehrlichia;genus;943;0;0;0;0;0;;0;0;0;;0.0;0.0;;1045652;942;;;;;;0.0;0.0;0.0;0.0;0.0;116;9.928727145739164E-5;2863;0.002449863472472051;76519;0.06549450624696682;127;1.0805334568391758E-4;5820;0.004981482067948443;;0.9160705560990485;0.06022971393267327;0.9160705560990485;0.06022971393267327;
196;9;canis group;species group;106178;0;0;0;0;0;;0;0;0;;0.0;0.0;;252785;943;;;;;;0.0;0.0;0.0;0.0;0.0;116;9.928727145739164E-5;2863;0.002449863472472051;76519;0.06549450624696682;127;1.0805334568391758E-4;5820;0.004981482067948443;;0.9160705560990485;0.06022971393267327;0.9160705560990485;0.06022971393267327;
197;10;Ehrlichia ruminantium;species;779;0;0;1;1;1;1.0;1;1;0;;2.0682668709562796E-7;1.0000000000707012;0.9999999999292988;4834966;106178;;;;;;0.0;2.0682668709562796E-7;0.0;2.0682668709562796E-7;0.0;0;0.0;1;2.0682668709562796E-7;0;0.0;1;2.0682668709562796E-7;0;0.0;1462938x212560-NZ-CP113531_1158690_aligned_67780_F_157_201_139;;;;;
198;10;Ehrlichia minasensis;species;1242993;116;5820;2862;916;228;12.552631578947368;109;126;76519;659.6465517241379;7.840270746118167E-4;2858.498623873004;0.3204479415697265;1168327;106178;0.9160705560990485;0.06022971393267327;0.9160705560990485;0.06022971393267327;15.532312265783796;9.928727145739164E-5;0.0024496566457849556;0.06549450624696682;1.0784651899682196E-4;0.004981482067948443;116;9.928727145739164E-5;2862;0.0024496566457849556;76519;0.06549450624696682;126;1.0784651899682196E-4;5820;0.004981482067948443;1242993x135453-NZ-QOHL01000049_2008_aligned_13875_R_40_425_34;0.9160705560990485;0.06022971393267327;0.9160705560990485;0.06022971393267327;
199;4;Spirochaetota;phylum;203691;0;0;0;0;0;;0;0;0;;;0.0;;0;3379134;;;;;;;;;;;5325;0.006094343012771276;192284;0.3006803135095738;2604077;3.491327102383771;10608;0.025424144376768702;192833;0.2978105132377267;;0.91237205397417;0.07013002913951077;0.9129605412440682;0.06987334235418347;
200;5;Spirochaetia;class;203692;1;48;166;140;8;20.75;79;6;515;515.0;0.12037833190025796;154.759063083148;0.904631995121227;1163;203691;0.9010309278350516;;0.9010309278350516;;27.96809406653027;8.598452278589854E-4;0.14273430782459157;0.44282029234737746;0.005159071367153913;0.0412725709372313;5325;0.006094343012771276;192284;0.3006803135095738;2604077;3.491327102383771;10608;0.025424144376768702;192833;0.2978105132377267;139x12969-NZ-CP124108_303223_aligned_56667_R_40_492_33;0.91237205397417;0.07013002913951077;0.9129605412440682;0.06987334235418347;
201;6;Spirochaetales;order;136;0;0;59;56;7;8.428571428571429;21;7;0;;0.037914691943127965;57.85633248002176;0.9679147916839912;1477;203692;;;;;7.870983480631944;0.0;0.03994583615436696;0.0;0.004739336492890996;0.0;5324;0.00523449778491229;192118;0.15794600568498213;2603562;3.048506810036394;10602;0.020265073009614793;192785;0.25653794230049537;139x160075-NZ-JAJNEZ010000006_12060_aligned_114201_F_76_91_47;0.9123741841631519;0.07013644399233841;0.9129627819678491;0.06987971405252529;
202;7;Borreliaceae;family;1643685;128;1599;15035;13993;1980;7.593434343434343;74;1536;49629;387.7265625;0.029252211214636767;14801.192564435216;0.9453967941490629;478357;136;0.9574528468498895;0.03370196529974986;0.957535664871091;0.0337503195270873;7.5999559400887895;2.675825795378765E-4;0.03143050065118729;0.1037488737491037;0.0032109909544545184;0.003342691755320817;5324;0.00523449778491229;192059;0.11800016953061514;2603562;3.048506810036394;10595;0.0155257365167238;192785;0.25653794230049537;139x14393-NZ-PHQI01000001_573368_aligned_47762_R_258_1724_53;0.9123741841631519;0.07013644399233841;0.9129627819678491;0.06987971405252529;
203;8;Borrelia;genus;138;3;33;172;172;53;3.2452830188679247;12;53;1149;383.0;3.233466832901954E-5;171.99723544650172;1.0000160732438002;5319368;1643685;0.9495037688462223;0.04653764969120711;0.9519018503809945;0.04782783379274391;3.239810419295445;5.639767731805733E-7;3.233466832901954E-5;2.1600310412815958E-4;9.963589659523462E-6;6.203744504986306E-6;23;7.093618899819718E-6;1240;4.419501634260566E-4;14125;0.004452434915891636;94;3.926834959844105E-5;1042;3.3562418979393114E-4;139x73336-NZ-PHQF01000001_757509_aligned_7593_R_101_711_4;0.8964631424834562;0.09992304412561873;0.8980762381678378;0.10078699650481406;
204;9;Borrelia hermsii;species;140;0;0;2;2;1;2.0;2;1;0;;2.398348976564533E-6;1.9999988007520817;1.0000005996243186;833907;138;;;;;;0.0;2.398348976564533E-6;0.0;1.1991744882822664E-6;0.0;0;0.0;2;2.398348976564533E-6;0;0.0;1;1.1991744882822664E-6;0;0.0;139x131684-NZ-CM135759_691306_aligned_46029_F_53_552_33;;;;;
205;9;Borrelia parkeri;species;141;0;0;3;3;1;3.0;3;1;0;;5.1861481440504505E-6;2.9999948137795514;1.0000017287431382;578464;138;;;;;;0.0;5.1861481440504505E-6;0.0;1.728716048016817E-6;0.0;0;0.0;3;5.1861481440504505E-6;0;0.0;1;1.728716048016817E-6;0;0.0;139x212804-NZ-CP161055_588993_aligned_54_F_120_693_7;;;;;
206;9;Borrelia turicatae;species;142;0;0;8;8;1;8.0;8;1;0;;1.7655055525149626E-5;7.9999382075495875;1.000007724115963;453128;138;;;;;;0.0;1.7655055525149626E-5;0.0;2.2068819406437032E-6;0.0;0;0.0;8;1.7655055525149626E-5;0;0.0;1;2.2068819406437032E-6;0;0.0;139x14393-NZ-PHQI01000001_304469_aligned_18772_F_18_421_50;;;;;
207;9;Borrelia coriaceae;species;144;0;0;3;3;2;1.5;2;2;0;;2.0600433982475897E-6;2.9999979398095755;1.000000686730613;1456280;138;;;;;0.7071067811865476;0.0;2.0600433982475897E-6;0.0;1.3733622654983932E-6;0.0;0;0.0;3;2.0600433982475897E-6;0;0.0;2;1.3733622654983932E-6;0;0.0;139x14393-NZ-PHQI01000001_569799_aligned_51701_R_39_598_24;;;;;
208;9;Borrelia miyamotoi;species;47466;20;1009;1013;1013;69;14.681159420289855;86;26;12976;648.8;3.307263737142727E-4;1012.832670921001;1.0001652090061894;3062955;138;0.8885070485290412;0.10403038675730429;0.8900023963358643;0.10485731639222756;17.034992319982376;6.529642126639145E-6;3.307263737142727E-4;0.0042364318117634765;8.488534764630887E-6;3.2942044528894485E-4;20;6.529642126639145E-6;1013;3.307263737142727E-4;12976;0.0042364318117634765;26;8.488534764630887E-6;1009;3.2942044528894485E-4;47466x56048-NZ-CP114630_10569_aligned_17046_R_123_9214_80;0.8885070485290412;0.10403038675730429;0.8900023963358643;0.10485731639222756;
209;9;Borrelia turcica;species;229155;0;0;0;0;0;;0;0;0;;;0.0;;0;138;;;;;;;;;;;0;0.0;6;5.326870064321956E-6;0;0.0;2;1.7756233547739853E-6;0;0.0;;;;;;
210;10;Borrelia turcica IST7;strain;1104446;0;0;6;6;2;3.0;5;2;0;;5.326870064321956E-6;5.999986682943333;1.0000022195143707;1126365;229155;;;;;2.8284271247461903;0.0;5.326870064321956E-6;0.0;1.7756233547739853E-6;0.0;0;0.0;6;5.326870064321956E-6;0;0.0;2;1.7756233547739853E-6;0;0.0;139x232204-NZ-PHOF01000001_205265_aligned_614_R_62_1120_10;;;;;
211;9;Candidatus Borrelia fainii;species;2518322;0;0;4;4;2;2.0;3;2;0;;6.918691537056512E-6;3.9999896219216318;1.0000025945263236;578144;138;;;;;1.4142135623730951;0.0;6.918691537056512E-6;0.0;3.459345768528256E-6;0.0;0;0.0;4;6.918691537056512E-6;0;0.0;2;3.459345768528256E-6;0;0.0;139x105068-NZ-CP161904_413838_aligned_32709_R_61_309_46;;;;;
212;9;unclassified Borrelia;no rank;2649934;0;0;0;0;0;;0;0;0;;0.0;0.0;;840747;138;;;;;;0.0;0.0;0.0;0.0;0.0;0;0.0;29;3.934396373737366E-5;0;0.0;6;9.073121308543285E-6;0;0.0;;;;;;
213;10;Borrelia sp. HM;species;1882662;0;0;25;25;4;6.25;13;4;0;;3.1173119294539844E-5;24.999625925869843;1.0000149631891;801973;2649934;;;;;4.7871355387816905;0.0;3.1173119294539844E-5;0.0;4.987699087126374E-6;0.0;0;0.0;25;3.1173119294539844E-5;0;0.0;4;4.987699087126374E-6;0;0.0;139x163430-NZ-PHOD01000001_183089_aligned_25884_F_178_580_145;;;;;
214;10;Borrelia sp. A-FGy1;species;2608247;0;0;2;2;1;2.0;2;1;0;;1.7874107300053532E-6;1.9999991064080984;1.0000004467961505;1118937;2649934;;;;;;0.0;1.7874107300053532E-6;0.0;8.937053650026766E-7;0.0;0;0.0;2;1.7874107300053532E-6;0;0.0;1;8.937053650026766E-7;0;0.0;139x108429-NZ-JAJNFP010000088_254_aligned_117011_F_123_79_3;;;;;
215;10;Borrelia sp. RT5S;species;2898581;0;0;2;2;1;2.0;2;1;0;;6.383433712828468E-6;1.9999968082473343;1.0000015958788797;313311;2649934;;;;;;0.0;6.383433712828468E-6;0.0;3.191716856414234E-6;0.0;0;0.0;2;6.383433712828468E-6;0;0.0;1;3.191716856414234E-6;0;0.0;47466x43307-NZ-CP114624_334912_aligned_95461_F_131_46_1;;;;;
216;8;Borreliella;genus;64895;2576;70587;126777;117298;10928;11.601116398243045;132;5037;1165820;452.5698757763975;0.018242619467088696;125535.36326374394;0.934382129070375;6429888;1643685;0.9250006539772023;0.06174338852571364;0.9251671546361102;0.06167248044432029;12.024479570414648;4.0062906227915634E-4;0.019716828660157067;0.1813126449480924;7.833728985637074E-4;0.010977951715488668;5173;0.004959821586474595;175784;0.08612771871600179;2539808;2.940305501371399;8965;0.012275477212670837;190144;0.2528596263553805;139x209177-NZ-PHOD01000013_4158_aligned_1180_F_41_474_36;0.9113295070192761;0.07028418952685764;0.911926064684993;0.07002380217854716;
217;9;Borreliella burgdorferi;species;139;2344;108821;44048;41782;4520;9.745132743362833;111;2990;1233179;526.1002559726962;0.023803202853057294;43499.932927314556;0.9605072281333145;1755310;64895;0.8968663574554242;0.07577371097861457;0.897616633077183;0.07554156095632297;9.464745651634473;0.0013353766571146976;0.025094142914926707;0.7025420011280059;0.0017034028177358984;0.06199531706650108;2361;0.004104823894777949;44316;0.05871312695341051;1243333;2.4948524268098615;3040;0.009940936758050299;109635;0.21982622020787415;139x73428-NZ-CP144346_11159_aligned_117291_R_275_307_25;0.8969386279080706;0.07573385079618883;0.8976859471693162;0.07550400982465383;
218;10;Borreliella burgdorferi 156a;strain;445983;2;187;17;17;5;3.4;9;5;1609;804.5;0.00830078125;16.933755597916615;1.0039119734367452;2048;139;0.8896437970273176;0.04913237599660099;0.8901339931057489;0.048439134054260057;3.5777087639996634;9.765625E-4;0.00830078125;0.78564453125;0.00244140625;0.09130859375;2;9.765625E-4;17;0.00830078125;1609;0.78564453125;5;0.00244140625;187;0.09130859375;445983x39211-NC-011841_23765_aligned_201_F_69_523_0;0.8896437970273176;0.04913237599660099;0.8901339931057489;0.048439134054260057;
219;10;Borreliella burgdorferi ZS7;strain;445985;1;47;13;13;1;13.0;13;1;702;702.0;0.003973105134474328;12.976188062826981;1.0018350487105865;3272;139;0.9300595238095238;;0.9300595238095238;;;3.056234718826406E-4;0.003973105134474328;0.2145476772616137;3.056234718826406E-4;0.014364303178484108;1;3.056234718826406E-4;13;0.003973105134474328;702;0.2145476772616137;1;3.056234718826406E-4;47;0.014364303178484108;139x7659-NZ-CP161099_12528_aligned_19302_R_115_581_1;0.9300595238095238;;0.9300595238095238;;
220;10;Borreliella burgdorferi 118a;strain;476210;2;71;23;23;3;7.666666666666667;12;3;446;223.0;0.0027814729713387353;22.969429682417267;1.0013309132183692;8269;139;0.8158544771110217;0.0283450241458309;0.8158544771110217;0.0283450241458309;4.509249752822893;2.4186721489902045E-4;0.0027814729713387353;0.05393638892248156;3.6280082234853067E-4;0.008586286128915226;2;2.4186721489902045E-4;23;0.0027814729713387353;446;0.05393638892248156;3;3.6280082234853067E-4;71;0.008586286128915226;476210x46930-NC-012253_41577_aligned_113727_F_97_106_20;0.8158544771110217;0.0283450241458309;0.8158544771110217;0.0283450241458309;
221;10;Borreliella burgdorferi 94a;strain;476212;1;64;12;12;2;6.0;11;2;783;783.0;0.0038473869830073742;11.978861970046479;1.001764610862566;3119;139;0.9150066401062417;;0.9150066401062417;;7.0710678118654755;3.206155819172812E-4;0.0038473869830073742;0.25104200064123117;6.412311638345624E-4;0.020519397242705996;1;3.206155819172812E-4;12;0.0038473869830073742;783;0.25104200064123117;2;6.412311638345624E-4;64;0.020519397242705996;139x7659-NZ-CP161099_20301_aligned_67_F_141_635_4;0.9150066401062417;;0.9150066401062417;;
222;10;Borreliella burgdorferi WI91-23;strain;498737;1;24;19;19;3;6.333333333333333;16;3;570;570.0;0.0033545197740112993;18.969839505607133;1.001589918269153;5664;139;0.9555555555555556;;0.9555555555555556;;8.386497083606084;1.7655367231638418E-4;0.0033545197740112993;0.10063559322033898;5.296610169491525E-4;0.00423728813559322;1;1.7655367231638418E-4;19;0.0033545197740112993;570;0.10063559322033898;3;5.296610169491525E-4;24;0.00423728813559322;139x127650-NZ-CP147286_819837_aligned_24362_R_40_460_83;0.9555555555555556;;0.9555555555555556;;
223;10;Borreliella burgdorferi 29805;strain;498738;0;0;3;3;3;1.0;1;3;0;;0.0011956954962136308;2.9988044633583257;1.00039867108919;2509;139;;;;;0.0;0.0;0.0011956954962136308;0.0;0.0011956954962136308;0.0;0;0.0;3;0.0011956954962136308;0;0.0;3;0.0011956954962136308;0;0.0;139x150298-NZ-PHQO01000001_123738_aligned_124_F_70_545_54;;;;;
224;10;Borreliella burgdorferi CA-11.2A;strain;498739;0;0;2;2;1;2.0;2;1;0;;0.001189767995240928;1.9994051160022497;1.0002975304969408;1681;139;;;;;;0.0;0.001189767995240928;0.0;5.94883997620464E-4;0.0;0;0.0;2;0.001189767995240928;0;0.0;1;5.94883997620464E-4;0;0.0;521009x12001-NZ-CP152378_882341_aligned_18432_F_35_246_33;;;;;
225;10;Borreliella burgdorferi 64b;strain;498740;0;0;3;3;2;1.5;2;2;0;;0.0013015184381778742;2.9986986697782;1.0004339649845164;2305;139;;;;;0.7071067811865476;0.0;0.0013015184381778742;0.0;8.676789587852494E-4;0.0;0;0.0;3;0.0013015184381778742;0;0.0;2;8.676789587852494E-4;0;0.0;139x59608-NZ-PHPF01000001_900542_aligned_53871_R_133_559_2;;;;;
226;10;Borreliella burgdorferi JD1;strain;521008;6;356;132;132;18;7.333333333333333;23;14;3810;635.0;0.005020538566864446;131.6716960480352;1.0024933524957789;26292;139;0.8878940830262191;0.08974206396594783;0.8883385274706637;0.0901445911814446;7.806482977025456;2.2820629849383843E-4;0.005020538566864446;0.1449109995435874;5.324813631522897E-4;0.01354024037730108;6;2.2820629849383843E-4;132;0.005020538566864446;3810;0.1449109995435874;14;5.324813631522897E-4;356;0.01354024037730108;521008x50680-NC-017394_56512_aligned_89918_F_90_262_1;0.8878940830262191;0.08974206396594783;0.8883385274706637;0.0901445911814446;
227;10;Borreliella burgdorferi 297;strain;521009;1;9;4;4;1;4.0;4;1;447;447.0;0.0018340210912425492;3.997249809175227;1.000688020753284;2181;139;0.9784172661870504;;0.9784172661870504;;;4.585052728106373E-4;0.0018340210912425492;0.20495185694635487;4.585052728106373E-4;0.0041265474552957355;1;4.585052728106373E-4;4;0.0018340210912425492;447;0.20495185694635487;1;4.585052728106373E-4;9;0.0041265474552957355;445983x39211-NC-011841_11308_aligned_54817_F_179_266_7;0.9784172661870504;;0.9784172661870504;;
228;10;Borreliella burgdorferi CA8;strain;747491;3;56;40;40;15;2.6666666666666665;17;15;1787;595.6666666666666;8.201763379126512E-4;39.984010714461114;1.0003998919881518;48770;139;0.9666528611158441;0.004064581275297582;0.9673620809740001;0.0034674571649724274;4.203173404306163;6.151322534344884E-5;8.201763379126512E-4;0.03664137789624769;3.0756612671724423E-4;0.0011482468730777118;3;6.151322534344884E-5;40;8.201763379126512E-4;1787;0.03664137789624769;15;3.0756612671724423E-4;56;0.0011482468730777118;139x184361-NZ-CM135761_252111_aligned_53159_R_227_530_10;0.9666528611158441;0.004064581275297582;0.9673620809740001;0.0034674571649724274;
229;9;Borreliella afzelii;species;29518;5;99;81;81;18;4.5;13;18;2392;478.4;8.61436365376639E-5;80.99655434758489;1.0000425407283415;940290;64895;0.9315793698009411;0.05557606496646358;0.9315793698009411;0.05557606496646358;3.7298478126972356;5.317508428250859E-6;8.61436365376639E-5;0.002543896032075211;1.914303034170309E-5;1.05286666879367E-4;6;6.260111958709831E-5;100;0.001079531060415906;2693;0.019786262990888294;23;2.6756061087999656E-4;113;9.072572231032313E-4;139x66565-NZ-JAJNGP010000001_93683_aligned_74099_F_62_56_1;0.93437272206659;0.050177446118801754;0.93437272206659;0.050177446118801754;
230;10;Borreliella afzelii K78;strain;411555;0;0;5;5;2;2.5;3;2;0;;1.914168676543777E-4;4.999617180915892;1.0000765696792886;26121;29518;;;;;0.7071067811865476;0.0;1.914168676543777E-4;0.0;7.656674706175108E-5;0.0;0;0.0;5;1.914168676543777E-4;0;0.0;2;7.656674706175108E-5;0;0.0;139x231692-NZ-PHQB01000001_664366_aligned_18867_R_61_577_7;;;;;
231;10;Borreliella afzelii Tom3107;strain;1398490;1;14;14;14;3;4.666666666666667;8;3;301;301.0;8.019705562238643E-4;13.99478838563404;1.0003723967967468;17457;29518;0.948339483394834;;0.948339483394834;;3.5118845842842465;5.7283611158847455E-5;8.019705562238643E-4;0.017242366958813083;1.7185083347654237E-4;8.019705562238643E-4;1;5.7283611158847455E-5;14;8.019705562238643E-4;301;0.017242366958813083;3;1.7185083347654237E-4;14;8.019705562238643E-4;139x138871-NZ-JAJNFN010000003_487_aligned_75049_F_63_180_59;0.948339483394834;;0.948339483394834;;
232;9;Borreliella garinii;species;29519;18;828;283;283;57;4.964912280701754;26;54;11970;665.0;1.2981192866123536E-4;282.981697314426;1.0000646779835858;2180077;64895;0.9063552674000869;0.05582863222467436;0.9101926322918774;0.05413902899063055;5.634602636137522;8.256589102128045E-6;1.2981192866123536E-4;0.00549063175291515;2.4769767306384134E-5;3.7980309869789004E-4;20;1.0185302946499625E-4;317;8.250863047378239E-4;13952;0.0894927911539248;58;1.430499472557997E-4;1029;0.008993749296238456;42109x2856-NZ-CP179270_26935_aligned_15173_F_109_466_6;0.904739370544406;0.05305901478052161;0.9086905788242923;0.05142230466373437;
233;10;Borreliella garinii BgVir;strain;1081646;1;112;30;30;3;10.0;26;3;1118;1118.0;3.702560937982104E-4;29.99463190498738;1.0001789685244222;81025;29519;0.8943014705882353;;0.8970588235294118;;13.892443989449804;1.2341869793273682E-5;3.702560937982104E-4;0.013798210428879975;3.7025609379821044E-5;0.0013822894168466523;1;1.2341869793273682E-5;30;3.702560937982104E-4;1118;0.013798210428879975;3;3.7025609379821044E-5;112;0.0013822894168466523;139x14393-NZ-PHQI01000001_382502_aligned_18913_R_69_991_61;0.8943014705882353;;0.8970588235294118;;
234;10;Borreliella garinii IPT108;strain;1408841;1;89;4;4;1;4.0;4;1;864;864.0;3.2501828227837813E-4;3.999512498986701;1.0001218901087126;12307;29519;0.8860911270983214;;0.8932853717026379;;;8.125457056959453E-5;3.2501828227837813E-4;0.07020394897212968;8.125457056959453E-5;0.007231656780693914;1;8.125457056959453E-5;4;3.2501828227837813E-4;864;0.07020394897212968;1;8.125457056959453E-5;89;0.007231656780693914;139x212804-NZ-CP161055_62580_aligned_503_F_42_759_67;0.8860911270983214;;0.8932853717026379;;
235;9;Borreliella japonica;species;34095;8;296;79;79;27;2.925925925925926;8;27;4423;552.875;8.481217859941812E-5;78.99669242023926;1.0000418698512483;931470;64895;0.9212050056405949;0.030803500644400662;0.9236260528029613;0.0306096433002704;2.4007358795862497;8.588575048042341E-6;8.481217859941812E-5;0.00474840842968641;2.8986440787142904E-5;3.177772767775666E-4;8;8.588575048042341E-6;79;8.481217859941812E-5;4423;0.00474840842968641;27;2.8986440787142904E-5;296;3.177772767775666E-4;139x233210-NZ-PHPI01000001_766000_aligned_66886_R_175_167_2;0.9212050056405949;0.030803500644400662;0.9236260528029613;0.0306096433002704;
236;9;Borreliella andersonii;species;42109;49;1606;1261;1245;165;7.642424242424243;57;125;26466;540.1224489795918;0.0012770579866385884;1260.1854646066772;0.9879498176790852;974897;64895;0.9187489311082117;0.07957802673297046;0.9206338743725919;0.07849479957448902;10.49851993932868;5.0261719956056895E-5;0.0012934699768283214;0.027147483272591873;1.28218673357288E-4;0.0016473535152944363;49;5.0261719956056895E-5;1261;0.0012934699768283214;26466;0.027147483272591873;125;1.28218673357288E-4;1606;0.0016473535152944363;42109x2856-NZ-CP179270_9956_aligned_23013_R_41_483_23;0.9187489311082117;0.07957802673297046;0.9206338743725919;0.07849479957448902;
237;9;Borreliella tanukii;species;56146;7;342;98;98;30;3.2666666666666666;16;30;3442;491.7142857142857;1.1791672432152763E-4;97.99428125622349;1.0000583579337814;831095;64895;0.8954810008561681;0.07742734949705118;0.9000113542237307;0.0738622898576044;3.561608831871401;8.422623165823402E-6;1.1791672432152763E-4;0.0041415241338234494;3.6096956424957436E-5;4.115053032445148E-4;7;8.422623165823402E-6;98;1.1791672432152763E-4;3442;0.0041415241338234494;30;3.6096956424957436E-5;342;4.115053032445148E-4;139x14393-NZ-PHQI01000001_595880_aligned_28416_R_39_443_31;0.8954810008561681;0.07742734949705118;0.9000113542237307;0.0738622898576044;
238;9;Borreliella turdi;species;57863;8;523;178;178;33;5.393939393939394;31;33;4076;509.5;1.270484782732827E-4;177.98875668338746;1.0000631686901018;1401040;64895;0.8535135859231315;0.10077621537345922;0.8692817575106735;0.10464408969413458;7.680899174003791;5.710043967338548E-6;1.270484782732827E-4;0.0029092674013589904;2.3553931365271513E-5;3.732941243647576E-4;8;5.710043967338548E-6;178;1.270484782732827E-4;4076;0.0029092674013589904;33;2.3553931365271513E-5;523;3.732941243647576E-4;139x14393-NZ-PHQI01000001_724662_aligned_9442_R_131_410_4;0.8535135859231315;0.10077621537345922;0.8692817575106735;0.10464408969413458;
239;9;Borreliella valaisiana;species;62088;3;112;106;105;32;3.3125;20;30;1297;432.3333333333333;9.14678764817796E-5;105.99515234640576;0.9906113409493156;1147944;64895;0.9043680135960527;0.044890892975874244;0.9075886255123168;0.03932792929234084;4.373213921133975;2.6133678994794172E-6;9.23389991149394E-5;0.001129846055208268;2.6133678994794172E-5;9.756573491389824E-5;3;2.6133678994794172E-6;106;9.23389991149394E-5;1297;0.001129846055208268;30;2.6133678994794172E-5;112;9.756573491389824E-5;139x19709-NZ-JBTFYB010000006_28671_aligned_7497_F_77_420_0;0.9043680135960527;0.044890892975874244;0.9075886255123168;0.03932792929234084;
240;9;Borreliella bissettiae;species;64897;7;329;134;134;36;3.7222222222222223;21;33;4265;609.2857142857143;2.922905105922591E-4;133.98056454570263;1.000145061743569;458448;64895;0.9139572361892948;0.06778444959859044;0.9147035048460113;0.06816008644233792;4.879175053874293;1.5268907269744877E-5;2.922905105922591E-4;0.009303127072208844;7.198199141451156E-5;7.176386416780093E-4;7;1.5268907269744877E-5;139;3.7609875732373747E-4;4265;0.009303127072208844;35;1.055052901071029E-4;329;7.176386416780093E-4;445983x39211-NC-011841_3491_aligned_11906_F_78_478_39;0.9139572361892948;0.06778444959859044;0.9147035048460113;0.06816008644233792;
241;10;Borreliella bissettiae DN127;strain;521010;0;0;5;5;2;2.5;3;2;0;;8.380824673147838E-5;4.999832386312195;1.0000335238613727;59660;64897;;;;;0.7071067811865476;0.0;8.380824673147838E-5;0.0;3.352329869259135E-5;0.0;0;0.0;5;8.380824673147838E-5;0;0.0;2;3.352329869259135E-5;0;0.0;445983x39211-NC-011841_18395_aligned_17543_R_63_712_4;;;;;
242;9;Borreliella sinica;species;87162;8;477;126;126;29;4.344827586206897;24;29;4778;597.25;1.6227285020670472E-4;125.98985848239441;1.0000804947138424;776470;64895;0.8932442288937046;0.05922366381309114;0.9011616498560491;0.052456901298772896;5.218619563427023;1.0303038108362204E-5;1.6227285020670472E-4;0.006153489510219326;3.7348513142812986E-5;6.143186472110963E-4;8;1.0303038108362204E-5;126;1.6227285020670472E-4;4778;0.006153489510219326;29;3.7348513142812986E-5;477;6.143186472110963E-4;139x203866-NZ-CP094579_342215_aligned_2322_R_55_809_15;0.8932442288937046;0.05922366381309114;0.9011616498560491;0.052456901298772896;
243;9;Borreliella spielmanii;species;88916;9;509;149;148;32;4.65625;18;26;7084;787.1111111111111;1.879761321116578E-4;148.98599664921284;0.9933819508451229;787334;64895;0.9210069601803357;0.05821816027820152;0.9221712981710211;0.05705730834378683;4.856717164186445;1.1430981006790003E-5;1.8924624111241227E-4;0.008997452161344486;3.302283401961557E-5;6.464854813840123E-4;9;1.1430981006790003E-5;149;1.8924624111241227E-4;7084;0.008997452161344486;26;3.302283401961557E-5;509;6.464854813840123E-4;88916x180594-NZ-JACHFA010000018_2860_aligned_31537_R_165_2309_54;0.9210069601803357;0.05821816027820152;0.9221712981710211;0.05705730834378683;
244;9;Borreliella lusitaniae;species;100177;7;328;161;161;44;3.659090909090909;24;44;3909;558.4285714285714;1.3564508505620846E-4;160.98914887858083;1.0000674028125172;1186921;64895;0.9009928647626093;0.07035812257528479;0.9021837036877843;0.07136265751946096;4.523546570218846;5.897612393748194E-6;1.3564508505620846E-4;0.003293395263880241;3.707070647498865E-5;2.7634526644991535E-4;7;5.897612393748194E-6;161;1.3564508505620846E-4;3909;0.003293395263880241;44;3.707070647498865E-5;328;2.7634526644991535E-4;100177x36135-NZ-CP132461_534737_aligned_82965_R_121_81_7;0.9009928647626093;0.07035812257528479;0.9021837036877843;0.07136265751946096;
245;9;Borreliella lanei;species;373540;14;786;249;249;55;4.527272727272727;31;54;8608;614.8571428571429;5.768161601186064E-4;248.92848843797307;1.0002872775328997;431680;64895;0.8976072750303737;0.04488740635137204;0.9096079148569288;0.04148197126404366;6.01804245721439;3.243143068939956E-5;5.768161601186064E-4;0.019940696812453668;1.2509266123054115E-4;0.0018207931801334323;14;3.243143068939956E-5;249;5.768161601186064E-4;8608;0.019940696812453668;54;1.2509266123054115E-4;786;0.0018207931801334323;139x163430-NZ-PHOD01000001_569403_aligned_2326_R_15_514_57;0.8976072750303737;0.04488740635137204;0.9096079148569288;0.04148197126404366;
246;9;Borreliella californiensis;species;373543;11;319;234;234;40;5.85;28;38;3037;276.09090909090907;4.1624789874858804E-4;233.95151378683505;1.0002072489824072;562165;64895;0.8642333582186539;0.11425048759228902;0.8652622146453731;0.11321966417066885;6.9560893817704414;1.9567208915531915E-5;4.1624789874858804E-4;0.005402328497860948;6.759581261729208E-5;5.674490585504256E-4;11;1.9567208915531915E-5;234;4.1624789874858804E-4;3037;0.005402328497860948;38;6.759581261729208E-5;319;5.674490585504256E-4;373543x209243-NZ-JACHFB010000001_299223_aligned_60059_F_32_99_26;0.8642333582186539;0.11425048759228902;0.8652622146453731;0.11321966417066885;
247;9;Borreliella carolinensis;species;478174;14;403;222;222;52;4.269230769230769;22;51;4941;352.92857142857144;3.6317176552191216E-4;221.95987433545812;1.0001807789117831;611281;64895;0.8958879105717864;0.10481363878556135;0.8977084382717744;0.10403885246845225;4.397483168837734;2.2902723951832298E-5;3.6317176552191216E-4;0.0080830256461431;8.343135153881766E-5;6.592712680420298E-4;14;2.2902723951832298E-5;222;3.6317176552191216E-4;4941;0.0080830256461431;51;8.343135153881766E-5;403;6.592712680420298E-4;478174x154673-NZ-CP179468_29272_aligned_105318_R_33_116_34;0.8958879105717864;0.10481363878556135;0.8977084382717744;0.10403885246845225;
248;9;Borreliella americana;species;478807;12;473;249;249;69;3.608695652173913;23;68;7366;613.8333333333334;2.441454126155524E-4;248.96972841931395;1.0001215873948943;1019884;64895;0.9264291327075217;0.0550935959183421;0.9276408950474648;0.05456507334425098;4.18406427554508;1.1766043981472402E-5;2.441454126155524E-4;0.00722238999729381;6.667424922834362E-5;4.6377823360303723E-4;12;1.1766043981472402E-5;249;2.441454126155524E-4;7366;0.00722238999729381;68;6.667424922834362E-5;473;4.6377823360303723E-4;139x183957-NZ-CM135760_193602_aligned_15474_R_75_347_71;0.9264291327075217;0.0550935959183421;0.9276408950474648;0.05456507334425098;
249;9;Borreliella finlandensis;species;498741;21;888;419;419;79;5.30379746835443;30;76;11446;545.047619047619;8.360353170050382E-4;418.82531706409094;1.0004170782634;501175;64895;0.9063533062117544;0.06339325002897615;0.9109591355011529;0.06362702202367437;6.276440340118787;4.190153140120716E-5;8.360353170050382E-4;0.02283832992467701;1.5164363745198784E-4;0.0017718361849653314;21;4.190153140120716E-5;419;8.360353170050382E-4;11446;0.02283832992467701;76;1.5164363745198784E-4;888;0.0017718361849653314;498741x135989-NZ-CP179479_34916_aligned_85641_R_59_76_7;0.9063533062117544;0.06339325002897615;0.9109591355011529;0.06362702202367437;
250;9;Borreliella bavariensis;species;664662;11;516;224;221;54;4.148148148148148;18;45;8130;739.0909090909091;1.4673592248093926E-4;223.9834176532288;0.9866801851472428;1506107;64895;0.9102992162997982;0.08809468989049479;0.9132219001133272;0.0847169204130703;3.703172568484709;7.303597951539964E-6;1.4872781283135927E-4;0.005398022849638173;2.9878355256299853E-5;3.426051402722383E-4;11;7.303597951539964E-6;224;1.4872781283135927E-4;8130;0.005398022849638173;45;2.9878355256299853E-5;516;3.426051402722383E-4;139x193615-NZ-JAUPGQ010000029_323_aligned_87933_R_42_83_87;0.9102992162997982;0.08809468989049479;0.9132219001133272;0.0847169204130703;
251;9;Borreliella yangtzensis;species;683292;7;286;145;145;36;4.027777777777778;19;36;3831;547.2857142857143;1.204632101202389E-4;144.99132698519983;1.0000598174730897;1203687;64895;0.9174034519620679;0.03480595576479188;0.9202805777726837;0.034350715793726956;5.0454285453615535;5.8154653161494645E-6;1.204632101202389E-4;0.0031827210894526566;2.9908107340197243E-5;2.376032972026781E-4;7;5.8154653161494645E-6;145;1.204632101202389E-4;3831;0.0031827210894526566;36;2.9908107340197243E-5;286;2.376032972026781E-4;139x106293-NZ-JAJNFW010000001_26993_aligned_28410_R_138_304_1;0.9174034519620679;0.03480595576479188;0.9202805777726837;0.034350715793726956;
252;9;Borreliella kurtenbachii;species;1196056;7;249;114;114;29;3.9310344827586206;20;29;4096;585.1428571428571;2.8682203698997884E-4;113.98379607451568;1.0001421599037965;397459;64895;0.9306168321067636;0.03941806630783664;0.9392008711548948;0.041487016790153854;4.689890605507299;1.7611879464296945E-5;2.8682203698997884E-4;0.010305465469394327;7.296350063780164E-5;6.264797123728485E-4;7;1.7611879464296945E-5;114;2.8682203698997884E-4;4096;0.010305465469394327;29;7.296350063780164E-5;249;6.264797123728485E-4;139x228897-NZ-CP132429_420925_aligned_2133_R_101_545_71;0.9306168321067636;0.03941806630783664;0.9392008711548948;0.041487016790153854;
253;9;Borreliella mayonii;species;1674146;6;269;115;115;30;3.8333333333333335;13;30;2223;370.5;2.171323053220072E-4;114.98762433541987;1.0001076260567314;529631;64895;0.8676631563655438;0.07997490937474236;0.8701631563655438;0.08079298974109775;3.384379261918757;1.1328642016800377E-5;2.171323053220072E-4;0.0041972618672245394;5.664321008400188E-5;5.079007837532169E-4;6;1.1328642016800377E-5;115;2.171323053220072E-4;2223;0.0041972618672245394;30;5.664321008400188E-5;269;5.079007837532169E-4;139x177929-NZ-JAJNGB010000036_1717_aligned_99262_F_53_201_20;0.8676631563655438;0.07997490937474236;0.8701631563655438;0.08079298974109775;
254;9;Candidatus Borreliella tachyglossi;species;1964448;1;69;6;6;1;6.0;6;1;592;592.0;4.7345271706623444E-6;5.999988164125645;1.0000019726496172;1267286;64895;0.8736654804270463;;0.8772241992882562;;;7.890878617770574E-7;4.7345271706623444E-6;4.67140014172018E-4;7.890878617770574E-7;5.444706246261696E-5;1;7.890878617770574E-7;6;4.7345271706623444E-6;592;4.67140014172018E-4;1;7.890878617770574E-7;69;5.444706246261696E-5;139x163430-NZ-PHOD01000001_794228_aligned_24771_R_81_506_6;0.8736654804270463;;0.8772241992882562;;
255;4;PVC group;clade;1783257;0;0;4;4;1;4.0;4;1;0;;0.012461059190031152;3.9813472004807418;1.004685047191314;321;3379134;;;;;;0.0;0.012461059190031152;0.0;0.003115264797507788;0.0;148;6.943850425105346E-4;5375;0.022076572485572484;104613;0.4188598730906691;183;0.004191780721889867;6335;0.01753021203322358;596780x105845-NZ-CP166118_881529_aligned_2251_R_66_522_3;0.9350782100560401;0.04288732817406004;0.9350844374816224;0.04288260351886907;
256;5;Chlamydiota;phylum;204428;0;0;0;0;0;;0;0;0;;;0.0;;0;1783257;;;;;;;;;;;148;6.943850425105346E-4;5371;0.009615513295541328;104613;0.4188598730906691;182;0.0010765159243820799;6335;0.01753021203322358;;0.9350782100560401;0.04288732817406004;0.9350844374816224;0.04288260351886907;
257;6;Chlamydiia;class;204429;1;22;9;9;1;9.0;9;1;583;583.0;0.005291005291005291;8.978864984828721;1.0023538626771857;1701;204428;0.9602169981916817;;0.9602169981916817;;;5.878894767783657E-4;0.005291005291005291;0.3427395649617872;5.878894767783657E-4;0.012933568489124045;148;6.943850425105346E-4;5371;0.009615513295541328;104613;0.4188598730906691;182;0.0010765159243820799;6335;0.01753021203322358;596780x105845-NZ-CP166118_881529_aligned_2251_R_66_522_3;0.9350782100560401;0.04288732817406004;0.9350844374816224;0.04288260351886907;
258;7;Chlamydiales;order;51291;0;0;0;0;0;;0;0;0;;0.0;0.0;;1052;204429;;;;;;0.0;0.0;0.0;0.0;0.0;147;1.0649556573216896E-4;5362;0.0043245080045360386;104030;0.07612030812888182;181;4.886264476037141E-4;6313;0.004596643544099539;;0.9349071978918522;0.042983288503596145;0.9349134676808738;0.04297856722251561;
259;8;Chlamydiaceae;family;809;0;0;0;0;0;;0;0;0;;0.0;0.0;;3216;51291;;;;;;0.0;0.0;0.0;0.0;0.0;147;1.0649556573216896E-4;5362;0.0043245080045360386;104030;0.07612030812888182;181;4.886264476037141E-4;6313;0.004596643544099539;;0.9349071978918522;0.042983288503596145;0.9349134676808738;0.04297856722251561;
260;9;Chlamydia/Chlamydophila group;no rank;1113537;0;0;0;0;0;;0;0;0;;;0.0;;0;809;;;;;;;;;;;147;1.0649556573216896E-4;5362;0.0043245080045360386;104030;0.07612030812888182;181;4.886264476037141E-4;6313;0.004596643544099539;;0.9349071978918522;0.042983288503596145;0.9349134676808738;0.04297856722251561;
261;10;Chlamydia;genus;810;1;22;278;278;34;8.176470588235293;39;16;413;413.0;6.635609785089785E-5;277.9908098197666;1.0000330592951594;4189517;1113537;0.9425587467362925;;0.9425587467362925;;8.110862855250636;2.3869099946366133E-7;6.635609785089785E-5;9.857938277849212E-5;3.819055991418581E-6;5.251201988200549E-6;147;1.0649556573216896E-4;5362;0.0043245080045360386;104030;0.07612030812888182;181;4.886264476037141E-4;6313;0.004596643544099539;596780x105845-NZ-CP166118_142046_aligned_12964_F_119_313_7;0.9349071978918522;0.042983288503596145;0.9349134676808738;0.04297856722251561;
262;11;Chlamydia trachomatis;species;813;85;3816;3672;3668;269;13.650557620817844;88;90;62532;735.6705882352941;0.0023056088271880813;3667.766695750516;1.0000636093483684;1590903;810;0.9363429730633718;0.0391490126321739;0.9363538161102679;0.039139599215795;14.253718082153538;5.342877598445663E-5;0.0023081231225285264;0.03930597905717696;5.65716451600129E-5;0.002398637754784547;85;5.342877598445663E-5;3674;0.0030361901046908855;62532;0.03930597905717696;91;4.206051362411924E-4;3816;0.002398637754784547;596780x105845-NZ-CP166118_410860_aligned_48318_R_119_609_1;0.9363429730633718;0.0391490126321739;0.9363538161102679;0.039139599215795;
263;12;Chlamydia trachomatis I/UW-12/UR;strain;596780;0;0;2;2;1;2.0;2;1;0;;7.280669821623589E-4;1.9996359665087142;1.00018204988177;2747;813;;;;;;0.0;7.280669821623589E-4;0.0;3.6403349108117945E-4;0.0;0;0.0;2;7.280669821623589E-4;0;0.0;1;3.6403349108117945E-4;0;0.0;596780x105845-NZ-CP166118_95607_aligned_3517_R_70_520_2;;;;;
264;11;Chlamydia muridarum;species;83560;0;0;3;3;2;1.5;2;2;0;;2.9242587735073854E-6;2.999997075739355;1.0000009747544985;1025901;810;;;;;0.7071067811865476;0.0;2.9242587735073854E-6;0.0;1.9495058490049235E-6;0.0;0;0.0;3;2.9242587735073854E-6;0;0.0;2;1.9495058490049235E-6;0;0.0;596780x105845-NZ-CP166118_781294_aligned_56876_R_201_201_2;;;;;
265;11;Chlamydia ibidis;species;1405396;60;2347;1383;408;116;11.922413793103448;57;71;38400;640.0;3.495688650664181E-4;1382.1815323740257;0.2951855385444356;1167152;810;0.9324642925961096;0.04873400315612108;0.9324642925961096;0.04873400315612108;11.308443065149206;5.140718603917913E-5;0.001184935638203079;0.03290059906507464;6.0831836813028634E-5;0.00201087776056589;60;5.140718603917913E-5;1383;0.001184935638203079;38400;0.03290059906507464;71;6.0831836813028634E-5;2347;0.00201087776056589;1405396x144292-NZ-KE360154_907_aligned_10495_R_69_457_66;0.9324642925961096;0.04873400315612108;0.9324642925961096;0.04873400315612108;
266;11;Chlamydia crocodili;species;2766982;1;128;24;24;8;3.0;6;1;2685;2685.0;3.4101905017669046E-5;23.99960783182407;1.000016340607675;703773;810;0.951789077212806;;0.951789077212806;;1.5118578920369088;1.4209127090695438E-6;3.4101905017669046E-5;0.003815150623851725;1.4209127090695438E-6;1.818768267609016E-4;1;1.4209127090695438E-6;24;3.4101905017669046E-5;2685;0.003815150623851725;1;1.4209127090695438E-6;128;1.818768267609016E-4;2766982x97189-NZ-CP137897_3577_aligned_33354_F_65_2683_6;0.951789077212806;;0.951789077212806;;
