pos;level;name;rank;taxid;reads;kmers from reads;kmers;unique kmers;contigs;average contig length;max contig length;reads >=1 kmer;reads bps;avg. read length;db coverage;exp. unique kmers;unique kmers / exp.;db kmers;parent taxid;mean error;kmer error std. dev.;mean class error;class error std. dev.;contig len std. dev.;norm. reads;norm. kmers;norm. reads bps;norm. read >=1 kmer;norm. reads kmers;acc. reads;acc. norm. reads;acc. kmers;acc. norm. kmers;acc. reads bps;acc. norm. reads bps;acc. read >=1 kmer;acc. norm. read >=1 kmer;acc. reads kmers;acc. norm. reads kmers;max contig desc.;acc. mean error;acc. error std. dev.;acc. class mean error;acc. class error std. dev.;
0;0;TOTAL;;;116315;0;625757587;0;0;;0;0;677953267;5828.59705970855;;;;524530554;;;;;;;;;;;;;;;;;;;;;;;;;;;
1;0;root;no rank;1;0;0;0;0;0;;0;0;0;;0.0;0.0;;2945;;;;;;;0.0;0.0;0.0;0.0;0.0;71020;0.36794245916691865;2157030;10.072351618145186;33607181;174.45038271720296;109185;0.617616855558718;2139884;11.754000402678924;;0.9269267043541477;0.06021173488923136;0.9269734052295991;0.060173236629301394;
2;1;cellular organisms;cellular root;131567;24507;615837;906881;66550;76846;11.801277880436198;212;44821;10943895;446.56200269310807;0.5088231696128204;130664.56938950573;0.5093193993669177;130792;1;0.9349451084539065;0.055912560525575125;0.9349453959510448;0.05591276295176151;12.956137213789182;0.18737384549513733;6.933765062083308;83.67403969661753;0.34268915530001837;4.708521927946664;71020;0.36794245916691865;2157030;10.072351618145186;33607181;174.45038271720296;109185;0.617616855558718;2139884;11.754000402678924;444612x27314-NZ-GG688306_585_aligned_40701_F_146_458_3;0.9269267043541477;0.06021173488923136;0.9269734052295991;0.060173236629301394;
3;2;Bacteria;domain;2;485;16918;18263;6605;1880;9.71436170212766;122;1174;283311;584.1463917525773;0.004615643712836381;18146.960849222003;0.3639727916359708;1431003;131567;0.9342176908338983;0.05090370303092622;0.9342176908338983;0.05090370303092622;10.577110158496605;3.389231189592195E-4;0.01276237715783964;0.19798071702155762;8.204035910476777E-4;0.011822476961963042;46513;0.18056861367178142;1250149;3.1385865560618766;22663286;90.77634302058556;64364;0.27492770025870045;1524047;7.045478474732259;1405396x3190-NZ-KE360087_386_aligned_7721_R_131_449_1;0.9227019278556883;0.06194224227500653;0.922773083241972;0.06188982114671395;
4;3;Bacillati;kingdom;1783272;0;0;43;40;5;8.6;34;4;0;;1.6949439821013917E-4;42.99617388549706;0.9303153370465903;235996;2;;;;;14.223220451079285;0.0;1.8220647807589958E-4;0.0;1.6949439821013915E-5;0.0;35;4.543323073270949E-5;6764;0.007761115140085029;91417;0.12561139414745962;59;1.3516202604533443E-4;6891;0.009534463778067251;2104x178739-NZ-JBLTZR010000055_1032_aligned_27591_F_112_510_3;0.8958589521848113;0.07495897661801772;0.8960457492603533;0.07507086811748966;
5;4;Mycoplasmatota;phylum;544448;0;0;30;30;6;5.0;17;1;0;;4.520107699099444E-5;29.9993445938248;1.0000218473498028;663701;1783272;;;;;5.932958789676531;0.0;4.520107699099444E-5;0.0;1.5067025663664812E-6;0.0;35;4.543323073270949E-5;6721;0.0075789086620091295;91417;0.12561139414745962;55;1.1821258622432054E-4;6891;0.009534463778067251;1408471x162995-NZ-JHXT01000002_99148_aligned_3_F_67_3820_1;0.8958589521848113;0.07495897661801772;0.8960457492603533;0.07507086811748966;
6;5;Mollicutes;class;31969;0;0;0;0;0;;0;0;0;;0.0;0.0;;52572;544448;;;;;;0.0;0.0;0.0;0.0;0.0;16;3.0475338134085285E-5;443;6.667657701765876E-4;6454;0.042564027354981826;28;4.121346598135834E-5;467;0.0032691214324783624;;0.8909674888655295;0.07933638072349458;0.8909674888655295;0.07933638072349458;
7;6;Mycoplasmatales;order;2085;0;0;0;0;0;;0;0;0;;0.0;0.0;;241;31969;;;;;;0.0;0.0;0.0;0.0;0.0;16;3.0475338134085285E-5;443;6.667657701765876E-4;6454;0.042564027354981826;28;4.121346598135834E-5;467;0.0032691214324783624;;0.8909674888655295;0.07933638072349458;0.8909674888655295;0.07933638072349458;
8;7;Mycoplasmataceae;family;2092;0;0;0;0;0;;0;0;0;;0.0;0.0;;1514;2085;;;;;;0.0;0.0;0.0;0.0;0.0;16;3.0475338134085285E-5;443;6.667657701765876E-4;6454;0.042564027354981826;28;4.121346598135834E-5;467;0.0032691214324783624;;0.8909674888655295;0.07933638072349458;0.8909674888655295;0.07933638072349458;
9;8;Mycoplasma;genus;2093;0;0;18;18;4;4.5;9;3;0;;7.929396652208733E-6;17.999932598261374;1.0000037445550565;2270034;2092;;;;;3.696845502136472;0.0;7.929396652208733E-6;0.0;1.3215661087014556E-6;0.0;16;3.0475338134085285E-5;443;6.667657701765876E-4;6454;0.042564027354981826;28;4.121346598135834E-5;467;0.0032691214324783624;1179777x171088-NZ-CP104009_287811_aligned_72533_F_35_96_47;0.8909674888655295;0.07933638072349458;0.8909674888655295;0.07933638072349458;
10;9;Mycoplasma mycoides group;species group;656088;0;0;11;11;1;11.0;11;1;0;;1.4801896795793031E-5;10.999925990480904;1.0000067281833678;743148;2093;;;;;;0.0;1.4801896795793031E-5;0.0;1.34562698143573E-6;0.0;7;2.409102802233381E-5;141;4.3498446409454726E-4;3248;0.040925526154410835;10;2.688393690134082E-5;207;0.0030790238693245158;2103x44838-NZ-VCPG01000001_983887_aligned_9242_F_205_1610_117;0.9333063104362598;0.04520376076680675;0.9333063104362598;0.04520376076680675;
11;10;Mycoplasma mycoides;species;2102;0;0;57;57;4;14.25;21;1;0;;5.385619828151485E-5;56.99849205234933;1.0000264559218388;1058374;656088;;;;;6.701989754294367;0.0;5.385619828151485E-5;0.0;9.448455838862255E-7;0.0;2;2.1578846453908514E-5;84;3.9707049686924157E-4;2286;0.04044218242064581;3;2.252369203779474E-5;155;0.0030528971810128928;2103x44838-NZ-VCPG01000001_983887_aligned_9242_F_205_1610_117;0.9459782597187709;0.0323292999043934;0.9459782597187709;0.0323292999043934;
12;11;Mycoplasma mycoides subsp. mycoides;subspecies;2103;1;144;16;16;1;16.0;16;1;1903;1903.0;3.3871036030314576E-4;15.997459923245087;1.0001587800042695;47238;2102;0.9231179925253604;;0.9231179925253604;;;2.116939751894661E-5;3.3871036030314576E-4;0.0402853634785554;2.116939751894661E-5;0.0030483932427283118;1;2.116939751894661E-5;16;3.3871036030314576E-4;1903;0.0402853634785554;1;2.116939751894661E-5;144;0.0030483932427283118;2103x44838-NZ-VCPG01000001_983887_aligned_9242_F_205_1610_117;0.9231179925253604;;0.9231179925253604;;
13;11;Mycoplasma mycoides subsp. capri;subspecies;40477;1;11;11;11;1;11.0;11;1;383;383.0;4.503938284580931E-6;10.999977480872067;1.0000020471976394;2442307;2102;0.9688385269121813;;0.9688385269121813;;;4.0944893496190285E-7;4.503938284580931E-6;1.5681894209040878E-4;4.0944893496190285E-7;4.503938284580931E-6;1;4.0944893496190285E-7;11;4.503938284580931E-6;383;1.5681894209040878E-4;1;4.0944893496190285E-7;11;4.503938284580931E-6;1179777x171088-NZ-CP104009_67437_aligned_110176_F_170_82_125;0.9688385269121813;;0.9688385269121813;;
14;10;Mycoplasma feriruminatoris;species;1179777;5;52;46;46;6;7.666666666666667;19;6;962;192.4;2.3112070429512708E-5;45.99947998047676;1.0000113049000436;1990302;656088;0.9282375307232554;0.051878408457505264;0.9282375307232554;0.051878408457505264;5.853773711604051;2.5121815684252943E-6;2.3112070429512708E-5;4.833437337650266E-4;3.014617882110353E-6;2.612668831162306E-5;5;2.5121815684252943E-6;46;2.3112070429512708E-5;962;4.833437337650266E-4;6;3.014617882110353E-6;52;2.612668831162306E-5;1179777x171088-NZ-CP104009_778840_aligned_113344_F_36_92_32;0.9282375307232554;0.051878408457505264;0.9282375307232554;0.051878408457505264;
15;9;unclassified Asterococcus (in: mycoplasmas, genus);no rank;2683645;1;21;20;20;5;4.0;9;1;1242;1242.0;1.4280595712194016E-6;19.99998642503728;1.0000006787485967;14005018;2093;0.9826732673267327;;0.9826732673267327;;3.7416573867739413;7.140297856097008E-8;1.4280595712194016E-6;8.868249937272483E-5;7.140297856097008E-8;1.4994625497803717E-6;1;7.140297856097008E-8;40;3.130824186752115E-5;1242;8.868249937272483E-5;5;5.116829054827927E-6;21;1.4994625497803717E-6;536372x108364-NZ-JAOPHP010000035_3567_aligned_5755_R_71_1145_54;0.9826732673267327;;0.9826732673267327;;
16;10;Mycoplasma sp. OR1901;species;2742195;0;0;1;1;1;1.0;1;1;0;;1.1113210273051576E-6;1.0000000000078912;0.9999999999921088;899830;2683645;;;;;;0.0;1.1113210273051576E-6;0.0;1.1113210273051576E-6;0.0;0;0.0;1;1.1113210273051576E-6;0;0.0;1;1.1113210273051576E-6;0;0.0;536372x108364-NZ-JAOPHP010000035_3567_aligned_5755_R_71_1145_54;;;;;
17;10;Mycoplasma sp. 'Moose RK';species;2780095;0;0;1;1;1;1.0;1;1;0;;1.2103753373921253E-6;1.0000000000077758;0.9999999999922242;826190;2683645;;;;;;0.0;1.2103753373921253E-6;0.0;1.2103753373921253E-6;0.0;0;0.0;1;1.2103753373921253E-6;0;0.0;1;1.2103753373921253E-6;0;0.0;2780095x227530-NZ-JADDYD010000001_317102_aligned_107836_R_14_74_54;;;;;
18;10;Mycoplasma sp. E35C;species;2801918;0;0;3;3;1;3.0;3;1;0;;3.324364935485158E-6;2.9999966754685787;1.0000011081783684;902428;2683645;;;;;;0.0;3.324364935485158E-6;0.0;1.1081216451617192E-6;0.0;0;0.0;3;3.324364935485158E-6;0;0.0;1;1.1081216451617192E-6;0;0.0;1408471x162995-NZ-JHXT01000002_99148_aligned_3_F_67_3820_1;;;;;
19;10;Mycoplasma sp. SG1;species;2810348;0;0;15;15;1;15.0;15;1;0;;2.4234120996119308E-5;14.999830362634324;1.0000113092856102;618962;2683645;;;;;;0.0;2.4234120996119308E-5;0.0;1.615608066407954E-6;0.0;0;0.0;15;2.4234120996119308E-5;0;0.0;1;1.615608066407954E-6;0;0.0;1408471x162995-NZ-JHXT01000002_99148_aligned_3_F_67_3820_1;;;;;
20;9;Candidatus Mycoplasma pogonae;species;3472838;8;239;244;244;12;20.333333333333332;42;10;1964;245.5;1.9254366756231038E-4;243.976607427859;1.0000958803894668;1267245;2093;0.8424577976834899;0.07780023693867481;0.8424577976834899;0.07780023693867481;11.749919406557906;6.312907133190504E-6;1.9254366756231038E-4;0.0015498187011982686;7.89113391648813E-6;1.885981006040663E-4;8;6.312907133190504E-6;244;1.9254366756231038E-4;1964;0.0015498187011982686;10;7.89113391648813E-6;239;1.885981006040663E-4;3472838x164245-NZ-JBSWZS010000002_43394_aligned_87202_R_74_105_117;0.8424577976834899;0.07780023693867481;0.8424577976834899;0.07780023693867481;
21;5;Mycoplasmoidales;order;2790996;0;0;0;0;0;;0;0;0;;0.0;0.0;;51948;544448;;;;;;0.0;0.0;0.0;0.0;0.0;19;1.495789259862421E-5;6248;0.006866941814841548;84963;0.08304736679247779;26;7.549241767659572E-5;6424;0.00626534234558889;;0.8999780791905222;0.07299989300737716;0.9003221790665208;0.0731959279826919;
22;6;Mycoplasmoidaceae;family;2790998;0;0;0;0;0;;0;0;0;;0.0;0.0;;2088;2790996;;;;;;0.0;0.0;0.0;0.0;0.0;17;1.4120801423490507E-5;5901;0.006674002389769671;79767;0.08087260391948042;22;6.19807731703799E-5;6078;0.006120525572290759;;0.8960711168020613;0.07641962031533799;0.8964556990164125;0.0766510056897965;
23;7;Malacoplasma;genus;2791001;0;0;0;0;0;;0;0;0;;0.0;0.0;;3325;2790998;;;;;;0.0;0.0;0.0;0.0;0.0;7;4.031510284382735E-6;215;1.2382495873461259E-4;1550;8.926915629704628E-4;9;5.183370365634945E-6;211;1.2152123857210817E-4;;0.854249246975088;0.10558089897743395;0.854249246975088;0.10558089897743395;
24;8;Malacoplasma iowae;species;2116;7;211;215;215;10;21.5;81;9;1550;221.42857142857142;1.2382495873461259E-4;214.9867512832049;1.000061625736079;1736322;2791001;0.854249246975088;0.10558089897743395;0.854249246975088;0.10558089897743395;25.16721853699548;4.031510284382735E-6;1.2382495873461259E-4;8.926915629704628E-4;5.183370365634945E-6;1.2152123857210817E-4;7;4.031510284382735E-6;215;1.2382495873461259E-4;1550;8.926915629704628E-4;9;5.183370365634945E-6;211;1.2152123857210817E-4;2116x149700-NZ-CP129194_456075_aligned_68847_F_138_142_30;0.854249246975088;0.10558089897743395;0.854249246975088;0.10558089897743395;
25;7;Mycoplasmoides;genus;2995234;0;0;33;33;3;11.0;24;2;0;;7.535967115779858E-4;32.98794529745622;1.0003654275049592;43790;2790998;;;;;11.789826122551595;0.0;7.535967115779858E-4;0.0;4.567252797442338E-5;0.0;10;1.008929113910777E-5;5686;0.006550177431035057;78217;0.07997991235650996;13;5.679740280474495E-5;5867;0.00599900433371865;1408471x162995-NZ-JHXT01000002_99148_aligned_3_F_67_3820_1;0.9253464256809426;0.025257469440053512;0.9260002154453397;0.025654959951910857;
26;8;Mycoplasmoides pneumoniae;species;2104;9;5579;5437;5398;355;15.315492957746478;192;10;74389;8265.444444444445;0.0055900807651720775;5421.725057957105;0.995624075787044;965639;2995234;0.9260036641320638;0.026698738847296066;0.9262035042599616;0.02720265005568084;18.172172864983352;9.320253220924176E-6;0.005630468529129416;0.07703603520570317;1.0355836912137973E-5;0.005777521413281775;9;9.320253220924176E-6;5437;0.005630468529129416;74389;0.07703603520570317;10;1.0355836912137973E-5;5579;0.005777521413281775;2104x197975-NZ-JAFFNC010000009_3332_aligned_9394_R_116_8699_2;0.9260036641320638;0.026698738847296066;0.9262035042599616;0.02720265005568084;
27;8;[Mycoplasma] testudinis;species;33924;0;0;0;0;0;;0;0;0;;;0.0;;0;2995234;;;;;;;;;;;1;7.690379181835939E-7;216;1.661121903276563E-4;3828;0.0029438771508067977;1;7.690379181835939E-7;288;2.2148292043687505E-4;;0.919431279620853;;0.9241706161137441;;
28;9;Mycoplasma testudinis ATCC 43263;strain;1408471;1;288;216;216;16;13.5;54;1;3828;3828.0;1.661121903276563E-4;215.98214393369105;1.0000826738080462;1300326;33924;0.919431279620853;;0.9241706161137441;;14.710540438746634;7.690379181835939E-7;1.661121903276563E-4;0.0029438771508067977;7.690379181835939E-7;2.2148292043687505E-4;1;7.690379181835939E-7;216;1.661121903276563E-4;3828;0.0029438771508067977;1;7.690379181835939E-7;288;2.2148292043687505E-4;1408471x162995-NZ-JHXT01000002_99148_aligned_3_F_67_3820_1;0.919431279620853;;0.9241706161137441;;
29;6;Metamycoplasmataceae;family;2895623;0;0;0;0;0;;0;0;0;;0.0;0.0;;127497;2790996;;;;;;0.0;0.0;0.0;0.0;0.0;2;8.370911751337044E-7;347;1.9293942507187748E-4;5196;0.002174762872997364;4;1.351164450621581E-5;346;1.4481677329813086E-4;;0.9331872594924406;0.0041462715673671645;0.9331872594924406;0.0041462715673671645;
30;7;Metamycoplasma;genus;2895509;0;0;4;4;1;4.0;4;1;0;;4.949637439057589E-5;3.9999257560595796;1.0000185613296217;80814;2895623;;;;;;0.0;4.949637439057589E-5;0.0;1.2374093597643972E-5;0.0;2;8.370911751337044E-7;347;1.9293942507187748E-4;5196;0.002174762872997364;4;1.351164450621581E-5;346;1.4481677329813086E-4;29559x58116-NZ-JAQRAK010000056_2785_aligned_15835_F_113_2035_2;0.9331872594924406;0.0041462715673671645;0.9331872594924406;0.0041462715673671645;
31;8;Metamycoplasma hominis;species;2098;0;0;1;1;1;1.0;1;1;0;;3.004597334381337E-7;0.9999999999617061;1.000000000038294;3328233;2895509;;;;;;0.0;3.004597334381337E-7;0.0;3.004597334381337E-7;0.0;0;0.0;1;3.004597334381337E-7;0;0.0;1;3.004597334381337E-7;0;0.0;29519x235571-NZ-JAEIPN010000064_40_aligned_7411_R_38_509_38;;;;;
32;8;Metamycoplasma hyosynoviae;species;29559;2;346;342;342;30;11.4;40;2;5196;2598.0;1.4314259094786344E-4;341.975595308981;1.0000713638381036;2389226;2895509;0.9331872594924406;0.0041462715673671645;0.9331872594924406;0.0041462715673671645;9.957149571348564;8.370911751337044E-7;1.4314259094786344E-4;0.002174762872997364;8.370911751337044E-7;1.4481677329813086E-4;2;8.370911751337044E-7;342;1.4314259094786344E-4;5196;0.002174762872997364;2;8.370911751337044E-7;346;1.4481677329813086E-4;29559x213156-NZ-JAQTIQ010000030_7761_aligned_481_R_93_2993_29;0.9331872594924406;0.0041462715673671645;0.9331872594924406;0.0041462715673671645;
33;3;Pseudomonadati;kingdom;3379134;111;3768;3571;1807;400;8.9275;69;298;63713;573.990990990991;0.004038232474361581;3556.7928367432664;0.5080419588492416;447473;2;0.9352715263192468;0.05201643017907942;0.9352715263192468;0.05201643017907942;9.684612695283384;2.480596594654873E-4;0.007980369765326623;0.14238400976148283;6.659619686550921E-4;0.00842061979158519;45993;0.1801842573220895;1225122;3.118063063763952;22288558;90.45275090941655;63131;0.27397213464160747;1500238;7.024121533992228;1405396x3190-NZ-KE360087_656_aligned_4182_F_22_452_54;0.9226009202915817;0.06202292003438558;0.9226727380156826;0.06197005297170852;
34;4;Pseudomonadota;phylum;1224;44;1095;3372;1426;455;7.410989010989011;78;320;25650;582.9545454545455;0.003513596089214788;3358.034792039391;0.4246531344405655;405852;3379134;0.952335530217276;0.02955795748664582;0.952335530217276;0.02955795748664582;9.256518723988203;1.0841390457605235E-4;0.008308447414328375;0.06320037846308507;7.88464760553108E-4;0.0026980278525176667;43579;0.17552049070230855;1150134;2.9734295732456806;21127687;88.20574379754765;58652;0.26165434671239923;1423295;6.861368268634316;948x92810-NZ-FLLZ01000149_128_aligned_5553_F_29_557_115;0.9228164082209372;0.061605639711047634;0.9228700241230158;0.06156750140184878;
35;5;Gammaproteobacteria;class;1236;1;59;4934;4919;400;12.335;108;58;1957;1957.0;0.011574226580956056;4905.475563240676;1.002757008282881;424996;1224;0.9693824597820446;;0.9693824597820446;;13.569011392707967;2.3529633220077367E-6;0.011609521030786172;0.00460474922116914;1.3647187267644872E-4;1.3882483599845645E-4;104;0.0011135236920671238;29013;0.041632106650261375;426284;7.014851938080262;410;0.0028842342917342048;29984;0.4518851015901245;119856x234732-NZ-JACVMC010000030_16916_aligned_31243_R_135_9494_38;0.9287375938168716;0.035527185667904804;0.9292495890540798;0.03559645612329967;
36;6;Thiotrichales;order;72273;0;0;2;2;1;2.0;2;1;0;;6.88089176357256E-5;1.9999655955397488;1.0000172025260474;29066;1236;;;;;;0.0;6.88089176357256E-5;0.0;3.44044588178628E-5;0.0;103;0.001111170728745116;24079;0.030022585619475215;424327;7.0102471888590925;352;0.0027477624190577563;29925;0.4517462767541261;119856x220628-NZ-JACVKB010000039_8995_aligned_8976_F_52_1810_31;0.9283429834676951;0.035471141390637666;0.9288599495324492;0.03554695972410259;
37;7;Francisellaceae;family;34064;0;0;472;472;91;5.186813186813187;24;35;0;;5.325877105385793E-4;471.8745977626288;1.0002657533123542;886239;72273;;;;;4.289294393958801;0.0;5.325877105385793E-4;0.0;3.949273277298787E-5;0.0;103;0.001111170728745116;24077;0.029953776701839487;424327;7.0102471888590925;351;0.0027133579602398937;29925;0.4517462767541261;263x18371-NZ-JACTQI010000009_22478_aligned_446_F_70_9494_3;0.9283429834676951;0.035471141390637666;0.9288599495324492;0.03554695972410259;
38;8;Francisella;genus;262;16;417;13786;13742;1215;11.346502057613169;75;106;7944;496.5;0.0014185836523047547;13776.195761305644;0.9975177645630086;9687127;34064;0.9335355740575264;0.06487034765860936;0.9335355740575264;0.06487034765860936;11.00303697157348;1.6516764980989719E-6;0.0014231257626745267;8.200573813061396E-4;1.094235679990569E-5;4.3046818731704457E-5;103;0.001111170728745116;23605;0.029421188991300907;424327;7.0102471888590925;316;0.0026738652274669057;29925;0.4517462767541261;119856x234732-NZ-JACVMC010000030_16916_aligned_31243_R_135_9494_38;0.9283429834676951;0.035471141390637666;0.9288599495324492;0.03554695972410259;
39;9;Francisella tularensis;species;263;32;7456;8521;8480;838;10.168257756563246;58;79;106059;3314.34375;0.004201626544766646;8503.03980979128;0.9972904031609084;2018266;262;0.9301899236168945;0.02870610065182311;0.9304845737237143;0.0286395326652262;9.872259122752387;1.585519450855338E-5;0.00422194101273073;0.052549564824458224;3.914251144299116E-5;0.003694260320492938;78;0.0010976083588162453;9373;0.0275693303857205;397555;6.989508136902402;163;0.0026132421099054376;28269;0.45056452746580855;263x112394-NZ-VJGF01000010_5115_aligned_10100_R_54_8069_2;0.9292444146026227;0.023692069201207075;0.9298876214609328;0.023782380241168;
40;10;Francisella tularensis subsp. novicida;subspecies;264;3;831;46;46;11;4.181818181818182;11;10;13102;4367.333333333333;4.689202703019541E-5;45.99894494737921;1.0000229364526076;980977;263;0.9373564458490856;0.019996318241757058;0.9377951204646834;0.0196508910000547;3.2501748204729486;3.058175675882309E-6;4.689202703019541E-5;0.013356072568470006;1.0193918919607697E-5;8.471146622193996E-4;5;1.601689013817314E-5;87;3.2422454832198966E-4;21004;0.06387775236182841;15;4.693375945864604E-5;1393;0.004564987134704136;263x202652-NZ-VJDU01000057_3335_aligned_5307_R_77_8208_2;0.9328257602491682;0.019323873611258542;0.9334619236929548;0.018862305218469818;
41;11;Francisella cf. novicida Fx1;strain;984129;0;0;7;7;2;3.5;6;2;0;;5.703437543285017E-5;6.9998288992341005;1.0000244435640302;122733;264;;;;;3.5355339059327378;0.0;5.703437543285017E-5;0.0;1.629553583795719E-5;0.0;0;0.0;7;5.703437543285017E-5;0;0.0;2;1.629553583795719E-5;0;0.0;263x147277-NZ-JPMR01000050_6405_aligned_15377_F_41_12415_18;;;;;
42;11;Francisella tularensis subsp. novicida FSC595;strain;1088885;1;319;17;17;2;8.5;12;2;3614;3614.0;1.2725503405943558E-4;16.99898199779431;1.0000598860688141;133590;264;0.9095982142857143;;0.9109933035714286;;4.949747468305833;7.485590238790329E-6;1.2725503405943558E-4;0.027052923122988248;1.4971180477580657E-5;0.002387903286174115;1;7.485590238790329E-6;17;1.2725503405943558E-4;3614;0.027052923122988248;2;1.4971180477580657E-5;319;0.002387903286174115;119857x156585-NZ-MQVD01000051_11795_aligned_22369_F_113_3465_86;0.9095982142857143;;0.9109933035714286;;
43;11;Francisella tularensis subsp. novicida PA10-7858;strain;1386968;1;243;17;17;1;17.0;17;1;4288;4288.0;9.304311179950852E-5;16.99925567547824;1.0000437857125024;182711;264;0.9424612494128699;;0.9429309534992955;;;5.4731242235005E-6;9.304311179950852E-5;0.02346875667037015;5.4731242235005E-6;0.0013299691863106217;1;5.4731242235005E-6;17;9.304311179950852E-5;4288;0.02346875667037015;1;5.4731242235005E-6;243;0.0013299691863106217;263x30837-NZ-VJDJ01000009_33601_aligned_21945_F_46_4248_32;0.9424612494128699;;0.9429309534992955;;
44;10;Francisella tularensis subsp. tularensis;subspecies;119856;1;592;28;28;2;14.0;14;2;8779;8779.0;0.0015825467699090035;27.978646079948536;1.0007632220655154;17693;263;0.928220368042062;;0.9323351240141731;;0.0;5.651952749675013E-5;0.0015825467699090035;0.49618493189396934;1.1303905499350026E-4;0.033459560278076075;2;6.611144488994103E-4;60;0.01937958772062489;16931;5.4248427311684555;5;0.0017792051016615532;1163;0.378683260398995;263x202652-NZ-VJDU01000057_3335_aligned_5307_R_77_8208_2;0.9277275196526489;6.969928764774778E-4;0.9310161214751979;0.0018653512794081575;
45;11;Francisella tularensis subsp. tularensis FSC033;strain;430557;0;0;21;21;2;10.5;20;2;0;;0.011146496815286623;20.888908843772462;1.0053181885687943;1884;119856;;;;;13.435028842544403;0.0;0.011146496815286623;0.0;0.0010615711252653928;0.0;0;0.0;21;0.011146496815286623;0;0.0;2;0.0010615711252653928;0;0.0;263x147277-NZ-JPMR01000050_6405_aligned_15377_F_41_12415_18;;;;;
46;11;Francisella tularensis subsp. tularensis 80700069;strain;1292391;1;571;11;11;1;11.0;11;1;8152;8152.0;0.006650544135429262;10.96680751973195;1.0030266310599807;1654;119856;0.9272346712632357;;0.9296971189362226;;;6.045949214026602E-4;0.006650544135429262;4.928657799274486;6.045949214026602E-4;0.34522370012091896;1;6.045949214026602E-4;11;0.006650544135429262;8152;4.928657799274486;1;6.045949214026602E-4;571;0.34522370012091896;263x202652-NZ-VJDU01000057_3335_aligned_5307_R_77_8208_2;0.9272346712632357;;0.9296971189362226;;
47;10;Francisella tularensis subsp. holarctica;subspecies;119857;38;18105;696;696;140;4.9714285714285715;31;62;250031;6579.763157894737;1.1965070246652358E-4;695.9584229224662;1.0000597407491085;5816932;263;0.9273451902217655;0.020279245525704592;0.9281530217054555;0.020660447010258966;6.339260852838356;6.532653295586058E-6;1.1965070246652358E-4;0.04298331147759678;1.0658539587535147E-5;0.0031124654714890943;38;6.532653295586058E-6;697;4.5886372824671353E-4;250031;0.04298331147759678;63;3.498715653677251E-4;18105;0.0031124654714890943;263x4304-NZ-JPMU01000017_27772_aligned_11571_F_35_8201_55;0.9273451902217655;0.020279245525704592;0.9281530217054555;0.020660447010258966;
48;11;Francisella tularensis subsp. holarctica F92;strain;1232394;0;0;1;1;1;1.0;1;1;0;;3.3921302578018993E-4;1.0000000000000773;0.9999999999999227;2948;119857;;;;;;0.0;3.3921302578018993E-4;0.0;3.3921302578018993E-4;0.0;0;0.0;1;3.3921302578018993E-4;0;0.0;1;3.3921302578018993E-4;0;0.0;263x120011-NZ-VJAW01000059_11422_aligned_10663_R_36_3163_37;;;;;
49;10;Francisella tularensis 99A-2628;strain;1367846;1;152;8;8;1;8.0;8;1;3530;3530.0;0.0031847133757961785;7.988862373368445;1.001394144261226;2512;263;0.9562857142857143;;0.9565714285714285;;;3.980891719745223E-4;0.0031847133757961785;1.4052547770700636;3.980891719745223E-4;0.06050955414012739;1;3.980891719745223E-4;8;0.0031847133757961785;3530;1.4052547770700636;1;3.980891719745223E-4;152;0.06050955414012739;119857x129448-NZ-JACCMA010000004_19701_aligned_33315_R_56_3360_166;0.9562857142857143;;0.9565714285714285;;
50;9;Francisella persica;species;954;0;0;0;0;0;;0;0;0;;;0.0;;0;262;;;;;;;;;;;0;0.0;6;5.362452642840098E-6;0;0.0;2;1.7874842142800326E-6;0;0.0;;;;;;
51;10;Francisella persica ATCC VR-331;strain;1086726;0;0;6;6;2;3.0;5;2;0;;5.362452642840098E-6;5.999986593583226;1.0000022344077883;1118891;954;;;;;2.8284271247461903;0.0;5.362452642840098E-6;0.0;1.7874842142800326E-6;0.0;0;0.0;6;5.362452642840098E-6;0;0.0;2;1.7874842142800326E-6;0;0.0;263x18371-NZ-JACTQI010000009_22478_aligned_446_F_70_9494_3;;;;;
52;9;Francisella philomiragia;species;28110;2;624;127;127;19;6.684210526315789;21;8;7873;3936.5;1.979277432824181E-5;126.99875308944266;1.0000098182897628;6416483;262;0.9201413729416454;3.170133738935271E-4;0.9204677436988256;7.785713252087206E-4;5.92595638393732;3.1169723351561906E-7;1.979277432824181E-5;0.0012269961597342345;1.2467889340624763E-6;9.724953685687316E-5;2;3.1169723351561906E-7;127;1.979277432824181E-5;7873;0.0012269961597342345;8;1.2467889340624763E-6;624;9.724953685687316E-5;28110x114825-NZ-JACTSL010000005_11420_aligned_20748_R_100_1427_50;0.9201413729416454;3.170133738935271E-4;0.9204677436988256;7.785713252087206E-4;
53;9;Francisella orientalis;species;299583;1;91;55;55;7;7.857142857142857;20;2;2077;2077.0;7.61450133322996E-5;54.99794413301479;1.0000373807970029;722306;262;0.9550561797752809;;0.9555446995603322;;8.029706749078105;1.3844547878599928E-6;7.61450133322996E-5;0.0028755125943852053;2.7689095757199856E-6;1.2598538569525935E-4;1;1.3844547878599928E-6;55;7.61450133322996E-5;2077;0.0028755125943852053;2;2.7689095757199856E-6;91;1.2598538569525935E-4;299583x152702-NZ-JACVJT010000086_12341_aligned_1330_F_132_1978_8;0.9550561797752809;;0.9555446995603322;;
54;9;Francisella halioticida;species;549298;0;0;2;2;1;2.0;2;1;0;;1.0477858451466821E-6;1.999999476237773;1.000000261881182;1908787;262;;;;;;0.0;1.0477858451466821E-6;0.0;5.238929225733411E-7;0.0;0;0.0;2;1.0477858451466821E-6;0;0.0;1;5.238929225733411E-7;0;0.0;263x91787-NZ-JACTPT010000077_2069_aligned_16067_F_120_4958_17;;;;;
55;9;Francisella salina;species;573569;0;0;2;2;1;2.0;2;1;0;;7.2243373476567865E-6;1.9999963878308713;1.0000018060878264;276842;262;;;;;;0.0;7.2243373476567865E-6;0.0;3.6121686738283932E-6;0.0;0;0.0;2;7.2243373476567865E-6;0;0.0;1;3.6121686738283932E-6;0;0.0;119857x159617-NZ-PKAJ01000039_14059_aligned_1109_F_75_3470_42;;;;;
56;9;Francisella hispaniensis;species;622488;0;0;78;78;12;6.5;23;11;0;;3.801632752528329E-5;77.99853638820747;1.0000187646058543;2051750;262;;;;;7.354652207338502;0.0;3.801632752528329E-5;0.0;5.361276958693798E-6;0.0;0;0.0;84;5.4382091438228336E-5;0;0.0;13;1.0816531596342147E-5;0;0.0;263x97171-NZ-VJCG01000051_5872_aligned_11528_F_103_1349_18;;;;;
57;10;Francisella hispaniensis FSC454;strain;1088883;0;0;6;6;2;3.0;5;2;0;;1.6365763912945047E-5;5.999959085665216;1.0000068191022973;366619;622488;;;;;2.8284271247461903;0.0;1.6365763912945047E-5;0.0;5.4552546376483484E-6;0.0;0;0.0;6;1.6365763912945047E-5;0;0.0;2;5.4552546376483484E-6;0;0.0;263x6349-NZ-JACTPT010000029_16802_aligned_14728_F_61_6233_1;;;;;
58;9;Francisella noatunensis;species;657445;3;368;86;86;11;7.818181818181818;18;5;7621;2540.3333333333335;1.5589990500982533E-4;85.99337458868071;1.000077045602071;551636;262;0.9436993522215834;0.026802308957802886;0.944344721695607;0.027235579900791576;5.7064556743776045;5.438368779412511E-6;1.5589990500982533E-4;0.013815269489300916;9.063947965687518E-6;6.671065702746014E-4;3;5.438368779412511E-6;86;1.5589990500982533E-4;7621;0.013815269489300916;5;9.063947965687518E-6;368;6.671065702746014E-4;657445x246220-NZ-JACVKY010000076_1661_aligned_1227_F_43_3052_26;0.9436993522215834;0.026802308957802886;0.944344721695607;0.027235579900791576;
59;9;Francisella adeliensis;species;2007306;0;0;7;7;1;7.0;7;1;0;;5.561182943057459E-6;6.999983316332489;1.0000023833867535;1258725;262;;;;;;0.0;5.561182943057459E-6;0.0;7.944547061510656E-7;0.0;0;0.0;7;5.561182943057459E-6;0;0.0;1;7.944547061510656E-7;0;0.0;263x18371-NZ-JACTQI010000009_22478_aligned_446_F_70_9494_3;;;;;
60;9;Francisella salimarina;species;2599927;3;156;52;52;7;7.428571428571429;30;5;1257;419.0;8.2786992253048E-5;51.99788898855367;1.0000405980221003;628118;262;0.8584189303080904;0.04380441319337745;0.8584189303080904;0.04380441319337745;10.814452411120083;4.776172629983538E-6;8.2786992253048E-5;0.0020012163319631025;7.96028771663923E-6;2.48360976759144E-4;3;4.776172629983538E-6;52;8.2786992253048E-5;1257;0.0020012163319631025;5;7.96028771663923E-6;156;2.48360976759144E-4;2599927x232579-NZ-OZ220197_252669_aligned_67585_F_320_241_6;0.8584189303080904;0.04380441319337745;0.8584189303080904;0.04380441319337745;
61;9;unclassified Francisella;no rank;2610885;0;0;8;8;3;2.6666666666666665;6;2;0;;3.520457377822527E-6;7.999987678915039;1.0000015401379923;2272432;262;;;;;2.886751345948129;0.0;3.520457377822527E-6;0.0;8.801143444556317E-7;0.0;0;0.0;25;2.0530307765538418E-5;0;0.0;9;1.1106294456278206E-5;0;0.0;263x18371-NZ-JACTQI010000009_22478_aligned_446_F_70_9494_3;;;;;
62;10;Francisella sp. TX07-6608;species;573568;0;0;3;3;2;1.5;2;2;0;;7.541990029489181E-6;2.9999924580304445;1.000002513996172;397773;2610885;;;;;0.7071067811865476;0.0;7.541990029489181E-6;0.0;5.027993352992787E-6;0.0;0;0.0;3;7.541990029489181E-6;0;0.0;2;5.027993352992787E-6;0;0.0;263x20823-NZ-VJDM01000036_18140_aligned_2_F_43_4938_27;;;;;
63;10;Francisella sp. LA112445;species;1395624;0;0;1;1;1;1.0;1;1;0;;5.80212659543976E-7;1.0000000000696907;0.9999999999303093;1723506;2610885;;;;;;0.0;5.80212659543976E-7;0.0;5.80212659543976E-7;0.0;0;0.0;1;5.80212659543976E-7;0;0.0;1;5.80212659543976E-7;0;0.0;28110x114825-NZ-JACTSL010000005_11420_aligned_20748_R_100_1427_50;;;;;
64;10;Francisella sp. SYW-2;species;2610886;0;0;1;1;1;1.0;1;1;0;;3.2066493080050793E-6;0.999999999990338;1.000000000009662;311852;2610885;;;;;;0.0;3.2066493080050793E-6;0.0;3.2066493080050793E-6;0.0;0;0.0;1;3.2066493080050793E-6;0;0.0;1;3.2066493080050793E-6;0;0.0;263x84243-NZ-JACTQH010000080_2324_aligned_10380_R_300_4237_29;;;;;
65;10;Francisella sp. SYW-9;species;2610888;0;0;2;2;1;2.0;2;1;0;;9.170837104840093E-7;1.9999995415193395;1.000000229240383;2180826;2610885;;;;;;0.0;9.170837104840093E-7;0.0;4.5854185524200465E-7;0.0;0;0.0;2;9.170837104840093E-7;0;0.0;1;4.5854185524200465E-7;0;0.0;263x84243-NZ-JACTQH010000080_2324_aligned_10380_R_300_4237_29;;;;;
66;10;Francisella sp. 19X1-34;species;3087177;0;0;10;10;2;5.0;7;2;0;;4.763914680193644E-6;9.999978563015599;1.0000021437030355;2099114;2610885;;;;;2.8284271247461903;0.0;4.763914680193644E-6;0.0;9.527829360387287E-7;0.0;0;0.0;10;4.763914680193644E-6;0;0.0;2;9.527829360387287E-7;0;0.0;263x18371-NZ-JACTQI010000009_22478_aligned_446_F_70_9494_3;;;;;
67;5;Alphaproteobacteria;class;28211;5;37;223;208;61;3.6557377049180326;21;60;2014;402.8;0.0022192347907731046;222.73610784447754;0.9338405075535987;93726;1224;0.9741266625652505;0.012001509961734458;0.9741266625652505;0.012001509961734458;4.210642254659176;5.3346990162815015E-5;0.0023792757612615496;0.02148816763758189;6.401638819537802E-4;3.947677272048311E-4;43431;0.1742985531056654;1117749;2.923489019181091;20675753;81.1276914810043;57922;0.2579816476601119;1392216;6.4067851391916735;1933912x59330-NZ-CP019786_541967_aligned_8707_R_73_984_42;0.922772323473411;0.06167139595904563;0.9228248960573259;0.06163298938183537;
68;6;Hyphomicrobiales;order;356;0;0;2;2;2;1.0;1;2;0;;2.0866589460285663E-5;1.9999895667131884;1.0000052166706193;95847;28211;;;;;0.0;0.0;2.0866589460285663E-5;0.0;2.0866589460285663E-5;0.0;224;0.0017330911823650935;8426;0.04570609080468077;167274;1.0775486533572178;363;0.002569527597153294;11994;0.09894059892625476;3243581x174678-NZ-JBHILQ010000091_52_aligned_40061_F_200_358_176;0.9215789785424955;0.05583033636311337;0.9216443273592224;0.0558529717190323;
69;7;Bartonellaceae;family;772;0;0;0;0;0;;0;0;0;;0.0;0.0;;190;356;;;;;;0.0;0.0;0.0;0.0;0.0;224;0.0017330911823650935;8424;0.04568522421522048;167274;1.0775486533572178;361;0.0025486610076930084;11994;0.09894059892625476;;0.9215789785424955;0.05583033636311337;0.9216443273592224;0.0558529717190323;
70;8;Bartonella;genus;773;29;1049;3252;3242;262;12.412213740458014;62;65;17358;598.551724137931;8.360520497845528E-5;3251.863677806603;0.9969667615915387;38777490;772;0.9331591023766319;0.06577270928450982;0.9331591023766319;0.06577270928450982;12.231715718168024;7.47856552860951E-7;8.386308654840734E-5;4.47630829122772E-4;1.6762302046883386E-6;2.705177668797026E-5;224;0.0017330911823650935;8424;0.04568522421522048;167274;1.0775486533572178;361;0.0025486610076930084;11994;0.09894059892625476;3243535x121698-NZ-JBHINN010000024_10140_aligned_495_F_54_8207_40;0.9215789785424955;0.05583033636311337;0.9216443273592224;0.0558529717190323;
71;9;Bartonella quintana;species;803;1;23;14;14;1;14.0;14;1;155;155.0;9.158072251956884E-6;13.999940472298471;1.00000425199676;1528706;773;0.816;;0.816;;;6.541480179969203E-7;9.158072251956884E-6;1.0139294278952265E-4;6.541480179969203E-7;1.5045404413929166E-5;1;6.541480179969203E-7;14;9.158072251956884E-6;155;1.0139294278952265E-4;1;6.541480179969203E-7;23;1.5045404413929166E-5;803x128473-NZ-CP076598_837662_aligned_71031_F_75_81_2;0.816;;0.816;;
72;9;Bartonella doshiae;species;33044;0;0;14;14;1;14.0;14;1;0;;7.22314833302635E-6;13.999953048787717;1.0000033536692674;1938213;773;;;;;;0.0;7.22314833302635E-6;0.0;5.159391666447392E-7;0.0;0;0.0;14;7.22314833302635E-6;0;0.0;1;5.159391666447392E-7;0;0.0;3243535x121698-NZ-JBHINN010000024_10140_aligned_495_F_54_8207_40;;;;;
73;9;Bartonella grahamii;species;33045;0;0;0;0;0;;0;0;0;;0.0;0.0;;583446;773;;;;;;0.0;0.0;0.0;0.0;0.0;0;0.0;2;1.8774600593840618E-6;0;0.0;1;9.387300296920309E-7;0;0.0;;;;;;
74;10;Bartonella grahamii subsp. shimonis;subspecies;3004106;0;0;2;2;1;2.0;2;1;0;;1.8774600593840618E-6;1.9999990613386376;1.0000004693309015;1065269;33045;;;;;;0.0;1.8774600593840618E-6;0.0;9.387300296920309E-7;0.0;0;0.0;2;1.8774600593840618E-6;0;0.0;1;9.387300296920309E-7;0;0.0;3243525x114850-NZ-JBHINX010000015_27112_aligned_31113_F_74_2702_55;;;;;
75;9;Bartonella taylorii;species;33046;0;0;2;2;1;2.0;2;1;0;;9.978989238159056E-7;1.9999995009272409;1.0000002495364417;2004211;773;;;;;;0.0;9.978989238159056E-7;0.0;4.989494619079528E-7;0.0;0;0.0;2;9.978989238159056E-7;0;0.0;1;4.989494619079528E-7;0;0.0;3243535x121698-NZ-JBHINN010000024_10140_aligned_495_F_54_8207_40;;;;;
76;9;Bartonella henselae;species;38323;2;305;169;169;20;8.45;23;2;4810;2405.0;1.2264346745739048E-4;168.98969836109003;1.0000609601591688;1377978;773;0.9470464119362415;0.042530171567710835;0.9470464119362415;0.042530171567710835;6.931810730249349;1.451401981744266E-6;1.2264346745739048E-4;0.0034906217660949593;1.451401981744266E-6;2.2133880221600054E-4;2;1.451401981744266E-6;169;1.2264346745739048E-4;4810;0.0034906217660949593;2;1.451401981744266E-6;305;2.2133880221600054E-4;38323x245608-NZ-JAUDYQ010000015_14384_aligned_21581_F_100_3201_17;0.9470464119362415;0.042530171567710835;0.9470464119362415;0.042530171567710835;
77;9;Bartonella queenslandensis;species;481138;0;0;0;0;0;;0;0;0;;0.0;0.0;;1180837;773;;;;;;0.0;0.0;0.0;0.0;0.0;0;0.0;1;8.640854131149156E-7;0;0.0;1;8.640854131149156E-7;0;0.0;;;;;;
78;10;Bartonella queenslandensis AUST/NH15;strain;1221525;0;0;1;1;1;1.0;1;1;0;;8.640854131149156E-7;0.9999999999947026;1.0000000000052975;1157293;481138;;;;;;0.0;8.640854131149156E-7;0.0;8.640854131149156E-7;0.0;0;0.0;1;8.640854131149156E-7;0;0.0;1;8.640854131149156E-7;0;0.0;3243464x196471-NZ-JBHIQG010000109_3304_aligned_18695_F_40_1274_30;;;;;
79;9;Bartonella callosciuri;species;686223;0;0;5;5;1;5.0;5;1;0;;3.56955710363281E-6;4.999992861096054;1.0000014277828277;1400734;773;;;;;;0.0;3.56955710363281E-6;0.0;7.13911420726562E-7;0.0;0;0.0;5;3.56955710363281E-6;0;0.0;1;7.13911420726562E-7;0;0.0;1461000x84679-NZ-JBNPXP010000029_928_aligned_4638_R_204_1069_10;;;;;
80;9;Bartonella fuyuanensis;species;1460968;0;0;15;15;1;15.0;15;1;0;;1.0747664890674753E-5;14.999924767624421;1.0000050155168605;1395652;773;;;;;;0.0;1.0747664890674753E-5;0.0;7.165109927116502E-7;0.0;0;0.0;15;1.0747664890674753E-5;0;0.0;1;7.165109927116502E-7;0;0.0;3243525x129939-NZ-JBHINX010000029_9653_aligned_30076_F_87_6243_74;;;;;
81;9;Bartonella heixiaziensis;species;1461000;1;38;40;40;6;6.666666666666667;12;3;1257;1257.0;2.3635186174361497E-5;39.99953911449411;1.0000115222704085;1692392;773;0.9649551752241239;;0.9690301548492257;;5.278888771954441;5.908796543590374E-7;2.3635186174361497E-5;7.4273572552931E-4;1.7726389630771122E-6;2.2453426865643422E-5;1;5.908796543590374E-7;40;2.3635186174361497E-5;1257;7.4273572552931E-4;3;1.7726389630771122E-6;38;2.2453426865643422E-5;1461000x84679-NZ-JBNPXP010000029_928_aligned_4638_R_204_1069_10;0.9649551752241239;;0.9690301548492257;;
82;9;unclassified Bartonella;no rank;2645622;132;6947;3597;2041;337;10.673590504451038;60;194;100216;759.2121212121212;9.06593426118277E-5;3596.7127414324273;0.5674626100907773;22512848;773;0.9262071043043808;0.04820984314452259;0.9262561819436188;0.04821162625181916;10.541597725469506;5.863318581460684E-6;1.5977543134480365E-4;0.004451502537573211;8.617301551540702E-6;3.085793498894498E-4;190;0.0017287267873644684;4855;0.04536822886519651;140466;1.0697961609077347;279;0.0025336812438055793;10416;0.098504731782704;3243525x114850-NZ-JBHINX010000015_27112_aligned_31113_F_74_2702_55;0.9197411202118909;0.05407693232523562;0.9197819038772062;0.05408065771243582;
83;10;Bartonella sp. 1-1C;species;515256;0;0;1;1;1;1.0;1;1;0;;1.2782525775963228E-6;0.9999999999742606;1.0000000000257394;782318;2645622;;;;;;0.0;1.2782525775963228E-6;0.0;1.2782525775963228E-6;0.0;0;0.0;1;1.2782525775963228E-6;0;0.0;1;1.2782525775963228E-6;0;0.0;1933912x59330-NZ-CP019786_1122286_aligned_35173_F_40_373_36;;;;;
84;10;Bartonella sp. Raccoon60;species;1933912;2;120;20;20;3;6.666666666666667;9;3;1295;647.5;8.927774305865548E-4;19.991520885552475;1.0004241355370642;22402;2645622;0.9085349986989331;0.07267946358800201;0.9085349986989331;0.07267946358800201;4.04145188432738;8.927774305865548E-5;8.927774305865548E-4;0.05780733863047942;1.3391661458798322E-4;0.005356664583519329;2;8.927774305865548E-5;20;8.927774305865548E-4;1295;0.05780733863047942;3;1.3391661458798322E-4;120;0.005356664583519329;1933912x59330-NZ-CP019786_195422_aligned_35381_F_67_528_1;0.9085349986989331;0.07267946358800201;0.9085349986989331;0.07267946358800201;
85;10;Bartonella sp. MM73XJBT;species;3019095;1;113;12;12;2;6.0;11;1;1727;1727.0;2.8676781604800492E-5;11.999842279202182;1.0000131435725694;418457;2645622;0.9334119033588686;;0.9334119033588686;;7.0710678118654755;2.3897318004000413E-6;2.8676781604800492E-5;0.004127066819290871;2.3897318004000413E-6;2.7003969344520465E-4;1;2.3897318004000413E-6;12;2.8676781604800492E-5;1727;0.004127066819290871;1;2.3897318004000413E-6;113;2.7003969344520465E-4;3019095x51154-NZ-JAQISY010000021_17852_aligned_16645_F_262_1349_143;0.9334119033588686;;0.9334119033588686;;
86;10;Bartonella sp. AA89HNZF;species;3243442;1;219;6;6;2;3.0;4;1;2873;2873.0;7.502719735904265E-5;5.999812435115051;1.0000312617914273;79971;2645622;0.9229686950404502;;0.9229686950404502;;1.4142135623730951;1.2504532893173776E-5;7.502719735904265E-5;0.035925523002088254;1.2504532893173776E-5;0.002738492703605057;1;1.2504532893173776E-5;6;7.502719735904265E-5;2873;0.035925523002088254;1;1.2504532893173776E-5;219;0.002738492703605057;3243442x245832-NZ-JBHIRD010000027_1318_aligned_15131_F_115_2818_3;0.9229686950404502;;0.9229686950404502;;
87;10;Bartonella sp. CL1QHWL;species;3243517;0;0;4;3;2;2.0;3;2;0;;2.1367521367521368E-4;3.99957266986243;0.7500801329616017;14040;2645622;;;;;1.4142135623730951;0.0;2.849002849002849E-4;0.0;1.4245014245014244E-4;0.0;0;0.0;4;2.849002849002849E-4;0;0.0;2;1.4245014245014244E-4;0;0.0;3243522x30644-NZ-JBHIOA010000283_405_aligned_40552_F_75_433_1;;;;;
88;10;Bartonella sp. CL26QHWL;species;3243520;0;0;1;1;1;1.0;1;1;0;;9.170105456212746E-5;1.0000000000000515;0.9999999999999485;10905;2645622;;;;;;0.0;9.170105456212746E-5;0.0;9.170105456212746E-5;0.0;0;0.0;1;9.170105456212746E-5;0;0.0;1;9.170105456212746E-5;0;0.0;3243522x30644-NZ-JBHIOA010000283_900_aligned_37335_R_303_519_3;;;;;
89;10;Bartonella sp. CL29QHWL;species;3243522;30;1691;483;49;42;11.5;38;40;18450;615.0;0.0011494792155390824;480.27957182444754;0.10202391039423711;42628;2645622;0.903612009594194;0.05439692481322645;0.9036543645285439;0.05440034381754274;9.845761747586822;7.037627850239279E-4;0.01133058083888524;0.43281411278971565;9.38350380031904E-4;0.03966876231584874;30;7.037627850239279E-4;483;0.01133058083888524;18450;0.43281411278971565;40;9.38350380031904E-4;1691;0.03966876231584874;3243522x30644-NZ-JBHIOA010000283_770_aligned_12884_F_99_600_6;0.903612009594194;0.05439692481322645;0.9036543645285439;0.05440034381754274;
90;10;Bartonella sp. CL45QHWL;species;3243533;13;564;244;163;26;9.384615384615385;45;20;8501;653.9230769230769;0.0045143600963802035;243.18077164484964;0.670283258406842;36107;2645622;0.9296822503150908;0.038551195971595544;0.9296822503150908;0.038551195971595544;8.85924115520928;3.600409892818567E-4;0.00675769241421331;0.2354391115296203;5.539092142797796E-4;0.015620239842689784;13;3.600409892818567E-4;244;0.00675769241421331;8501;0.2354391115296203;20;5.539092142797796E-4;564;0.015620239842689784;3243533x135413-NZ-JBHINP010000243_1012_aligned_69379_F_137_315_4;0.9296822503150908;0.038551195971595544;0.9296822503150908;0.038551195971595544;
91;10;Bartonella sp. CL50QHWL;species;3243536;0;0;1;1;1;1.0;1;1;0;;5.870267097152921E-5;0.9999999999998799;1.0000000000001201;17035;2645622;;;;;;0.0;5.870267097152921E-5;0.0;5.870267097152921E-5;0.0;0;0.0;1;5.870267097152921E-5;0;0.0;1;5.870267097152921E-5;0;0.0;1242993x135453-NZ-QOHL01000049_1934_aligned_26100_F_121_803_2;;;;;
92;10;Bartonella sp. CL9QHWL;species;3243542;10;586;475;305;21;22.61904761904762;156;10;4697;469.7;0.016397849462365593;468.99856136402417;0.6503218242566572;18600;2645622;0.8689540171567653;0.1044764483391569;0.8689540171567653;0.1044764483391569;34.95493697673648;5.376344086021505E-4;0.025537634408602152;0.2525268817204301;5.376344086021505E-4;0.03150537634408602;10;5.376344086021505E-4;475;0.025537634408602152;4697;0.2525268817204301;10;5.376344086021505E-4;586;0.03150537634408602;3243542x76561-NZ-JBHING010000075_1271_aligned_5977_R_38_414_28;0.8689540171567653;0.1044764483391569;0.8689540171567653;0.1044764483391569;
93;10;Bartonella sp. MR30HLJHH;species;3243557;0;0;1;1;1;1.0;1;1;0;;2.6711970168071717E-6;0.9999999999978422;1.0000000000021578;374364;2645622;;;;;;0.0;2.6711970168071717E-6;0.0;2.6711970168071717E-6;0.0;0;0.0;1;2.6711970168071717E-6;0;0.0;1;2.6711970168071717E-6;0;0.0;3243536x49531-NZ-JBHINM010000017_35509_aligned_13652_F_62_6321_3;;;;;
94;10;Bartonella sp. TS82HLJMH;species;3243577;0;0;1;1;1;1.0;1;1;0;;1.0324925402413968E-5;1.0000000000012965;0.9999999999987035;96853;2645622;;;;;;0.0;1.0324925402413968E-5;0.0;1.0324925402413968E-5;0.0;0;0.0;1;1.0324925402413968E-5;0;0.0;1;1.0324925402413968E-5;0;0.0;3243535x121698-NZ-JBHINN010000024_10140_aligned_495_F_54_8207_40;;;;;
95;10;Bartonella sp. TT119HLJHH;species;3243579;1;176;6;6;1;6.0;6;1;2707;2707.0;1.0351966873706004E-4;5.9997412067866;1.0000431340627005;57960;2645622;0.9342547627941726;;0.9342547627941726;;;1.725327812284334E-5;1.0351966873706004E-4;0.046704623878536924;1.725327812284334E-5;0.003036576949620428;1;1.725327812284334E-5;6;1.0351966873706004E-4;2707;0.046704623878536924;1;1.725327812284334E-5;176;0.003036576949620428;3243467x190843-NZ-JBHIQD010000071_1722_aligned_15503_F_44_2690_30;0.9342547627941726;;0.9342547627941726;;
96;10;Bartonella sp. TT29SHDZB;species;3243581;0;0;3;3;2;1.5;2;2;0;;3.29663084327817E-5;2.9999670338043;1.0000109888526536;91002;2645622;;;;;0.7071067811865476;0.0;3.29663084327817E-5;0.0;2.1977538955187797E-5;0.0;0;0.0;3;3.29663084327817E-5;0;0.0;2;2.1977538955187797E-5;0;0.0;3243581x174678-NZ-JBHILQ010000091_92_aligned_47090_F_71_355_11;;;;;
97;9;Bartonella refiksaydamii;species;2654951;0;0;3;3;1;3.0;3;1;0;;5.640953321111268E-6;2.9999943590751337;1.0000018803118242;531825;773;;;;;;0.0;5.640953321111268E-6;0.0;1.8803177737037559E-6;0.0;0;0.0;3;5.640953321111268E-6;0;0.0;1;1.8803177737037559E-6;0;0.0;3243525x129939-NZ-JBHINX010000029_9653_aligned_30076_F_87_6243_74;;;;;
98;9;Bartonella eidoli;species;3112254;0;0;2;2;1;2.0;2;1;0;;1.4964918489830216E-6;1.9999992516045846;1.0000003741978478;1336459;773;;;;;;0.0;1.4964918489830216E-6;0.0;7.482459244915108E-7;0.0;0;0.0;2;1.4964918489830216E-6;0;0.0;1;7.482459244915108E-7;0;0.0;1933912x59330-NZ-CP019786_763445_aligned_10298_F_22_587_51;;;;;
99;9;Bartonella occidentalis;species;3112256;0;0;2;2;1;2.0;2;1;0;;1.5036791269037517E-6;1.9999992483401443;1.000000375830069;1330071;773;;;;;;0.0;1.5036791269037517E-6;0.0;7.518395634518759E-7;0.0;0;0.0;2;1.5036791269037517E-6;0;0.0;1;7.518395634518759E-7;0;0.0;1933912x59330-NZ-CP019786_507364_aligned_38553_R_100_500_64;;;;;
100;9;Bartonella rhinolophi;species;3113620;1;163;39;39;8;4.875;10;1;3228;3228.0;3.588424295288675E-5;38.99931820913451;1.0000174821226833;1086828;773;0.9462163852407754;;0.9490306441525954;;3.563204817496262;9.201087936637628E-7;3.588424295288675E-5;0.0029701111859466263;9.201087936637628E-7;1.4997773336719334E-4;1;9.201087936637628E-7;39;3.588424295288675E-5;3228;0.0029701111859466263;1;9.201087936637628E-7;163;1.4997773336719334E-4;3113620x237586-NZ-JBAFWY010000015_27_aligned_10904_F_81_3217_0;0.9462163852407754;;0.9490306441525954;;
101;9;Bartonella propinqua;species;3385560;0;0;9;9;1;9.0;9;1;0;;7.890355618327717E-6;8.999968438072043;1.0000035068931823;1140633;773;;;;;;0.0;7.890355618327717E-6;0.0;8.767061798141909E-7;0.0;0;0.0;9;7.890355618327717E-6;0;0.0;1;8.767061798141909E-7;0;0.0;3113620x237586-NZ-JBAFWY010000015_27_aligned_10904_F_81_3217_0;;;;;
102;6;Rickettsiales;order;766;37;609;1378;445;199;6.924623115577889;41;189;13499;364.8378378378378;0.010982502036081839;1354.8478044696158;0.3284501761245462;40519;28211;0.9463715173820393;0.047713343753940034;0.9464141467622081;0.047748796706332475;7.963258224443054;9.131518546854562E-4;0.03400873664206915;0.33315234828105333;0.004664478392852736;0.015029985932525481;43202;0.17251211493313745;1109100;2.8754036526151485;20506465;80.02865466000951;57499;0.25477195618100484;1380185;6.307449772538214;444612x54001-NZ-CM000770_964512_aligned_47882_R_80_278_36;0.9227725673873285;0.061701751692957205;0.9228250798116854;0.06166306100253728;
103;7;Rickettsiaceae;family;775;3;30;165;144;27;6.111111111111111;28;26;1331;443.6666666666667;0.06047879042419151;159.44500922054777;0.9031326894704875;2381;766;0.9745758594482875;0.007275433267079824;0.9745758594482875;0.007275433267079824;5.852897594902054;0.00125997480050399;0.06929861402771945;0.5590088198236035;0.010919781604367913;0.0125997480050399;17352;0.1556036992105014;441915;2.5605020646509096;7381040;71.70876330272466;27871;0.22576694558680854;505578;5.633677305258138;783x27228-NZ-CP130471_689615_aligned_25881_F_99_332_70;0.9193166860064281;0.06651501357672536;0.9194469157407265;0.06643202878121761;
104;8;Rickettsieae;tribe;33988;160;3185;7991;4076;969;8.246646026831785;100;772;65849;411.55625;0.002487584961462573;7971.548365222859;0.5113184808339363;1638537;775;0.944563507592248;0.04597343421235444;0.9445905638693043;0.04596523648567274;9.584662528472117;9.764808484642093E-5;0.004876911537548435;0.04018767961907482;4.7115200938398097E-4;0.0019438071889740665;17349;0.1543437244099974;441750;2.4912034506231904;7379709;71.14975448290105;27845;0.21484716398244064;505548;5.6210775572530975;444612x44192-NZ-GG688316_30715_aligned_15925_F_126_378_4;0.9193071305553748;0.06651674878066288;0.9194373828090806;0.06643377050720224;
105;9;Rickettsia;genus;780;5331;116325;182295;152427;15494;11.765522137601652;160;10082;2068990;388.1054211217408;0.03473666794893065;178560.34726652913;0.8536441731516066;4388072;33988;0.9323788289694142;0.057823782865789916;0.9324103153330597;0.05782425852418328;12.459637647913304;0.0012148843501200528;0.04154330193305853;0.47150320231755544;0.002297592199945671;0.026509364477155344;17189;0.154246076325151;433759;2.486326539085642;7313860;71.10956680328198;27073;0.21437601197305664;502363;5.619133750064123;444612x54001-NZ-CM000770_85729_aligned_63052_R_187_282_6;0.9190720371627458;0.06663422214059243;0.9192032499933476;0.06655103837443056;
106;10;spotted fever group;species group;114277;6428;198121;157433;99036;14063;11.194837516888288;160;9145;2826875;439.7752022401991;0.03137996962002214;153570.86982459537;0.6448879277242899;3156026;780;0.9169097573911825;0.06783879558262221;0.9170610991367668;0.06773985331822548;11.605655298294849;0.002036738607349876;0.04988330260904061;0.8957071329577133;0.00289763138833457;0.06277546509439402;11600;0.151887645952359;245485;2.4184557213693516;5125936;70.06933769636137;16243;0.20778142290052087;376610;5.547344668687059;1462938x86281-NZ-JFKF01000199_24716_aligned_24268_F_68_493_2;0.9131891564212347;0.06934563419743037;0.9133418360598605;0.06925774107097761;
107;11;Rickettsia conorii;species;781;0;0;0;0;0;;0;0;0;;0.0;0.0;;1602;114277;;;;;;0.0;0.0;0.0;0.0;0.0;19;5.243285624167303E-5;546;0.0015599770987702593;31925;0.08199740920363188;73;2.859356057508699E-4;2261;0.005786525958333066;;0.8922531672923534;0.07056924681029347;0.8929184201177995;0.07018455955015396;
108;12;Rickettsia conorii subsp. heilongjiangensis;subspecies;226665;1;13;23;23;13;1.7692307692307692;6;13;252;252.0;1.565872156750611E-4;22.99827762254712;1.0000748915845414;146883;781;0.9414414414414415;;0.9414414414414415;;1.4232501627054275;6.808139811959178E-6;1.565872156750611E-4;0.001715651232613713;8.850581755546932E-5;8.850581755546932E-5;1;6.808139811959178E-6;23;1.565872156750611E-4;252;0.001715651232613713;13;8.850581755546932E-5;13;8.850581755546932E-5;1462938x212560-NZ-CP113531_725965_aligned_103184_F_27_159_68;0.9414414414414415;;0.9414414414414415;;
109;12;Rickettsia conorii str. Malish 7;strain;272944;0;0;12;12;7;1.7142857142857142;3;7;0;;1.0815487778498811E-4;11.999405165974194;1.0000495719594078;110952;781;;;;;0.7559289460184543;0.0;1.0815487778498811E-4;0.0;6.30903453745764E-5;0.0;0;0.0;12;1.0815487778498811E-4;0;0.0;7;6.30903453745764E-5;0;0.0;1462938x212560-NZ-CP113531_1157403_aligned_26283_F_179_711_5;;;;;
110;12;Rickettsia conorii subsp. raoultii;subspecies;369822;18;2248;511;510;91;5.615384615384615;23;53;31673;1759.611111111111;0.0012927002988418926;510.66985705940345;0.9986882776609125;394523;781;0.8895204853951818;0.0715732584372824;0.8902226967109306;0.07119997312613209;5.74218160394197;4.5624716429713855E-5;0.00129523500531021;0.08028175797101816;1.3433944282082415E-4;0.005698020140777597;18;4.5624716429713855E-5;511;0.00129523500531021;31673;0.08028175797101816;53;1.3433944282082415E-4;2248;0.005698020140777597;369822x207581-NZ-JBGCYW010000046_3530_aligned_1_F_23_4959_102;0.8895204853951818;0.0715732584372824;0.8902226967109306;0.07119997312613209;
111;11;Rickettsia rickettsii;species;783;1;8;10;10;5;2.0;6;5;279;279.0;8.531913622906481E-5;9.999616072655751;1.0000383942084836;117207;114277;0.9678714859437751;;0.9678714859437751;;2.23606797749979;8.531913622906482E-6;8.531913622906481E-5;0.0023804039007909086;4.265956811453241E-5;6.825530898325186E-5;1;8.531913622906482E-6;22;3.6903390831153124E-4;279;0.0023804039007909086;9;1.3723115880868788E-4;8;6.825530898325186E-5;33989x87443-NZ-CP012420_698454_aligned_115309_F_104_78_100;0.9678714859437751;;0.9678714859437751;;
112;12;Rickettsia rickettsii str. Hlp#2;strain;1105101;0;0;12;12;4;3.0;9;4;0;;2.8371477208246644E-4;11.99843969172394;1.0001300425985502;42296;783;;;;;4.0;0.0;2.8371477208246644E-4;0.0;9.457159069415548E-5;0.0;0;0.0;12;2.8371477208246644E-4;0;0.0;4;9.457159069415548E-5;0;0.0;369822x184560-NZ-JBGCYD010000005_76912_aligned_22578_F_38_8717_33;;;;;
113;11;Rickettsia akari;species;786;0;0;0;0;0;;0;0;0;;;0.0;;0;114277;;;;;;;;;;;8;1.2729124236252546E-5;109;1.7343431771894093E-4;3302;0.0052539460285132384;34;5.409877800407332E-5;475;7.557917515274949E-4;;0.8610503317399333;0.10493073258392122;0.8618465100838825;0.1053855639544205;
114;12;Rickettsia akari str. Hartford;strain;293614;8;475;109;109;34;3.2058823529411766;19;34;3302;412.75;1.7343431771894093E-4;108.99063507998292;1.0000859240797175;628480;786;0.8610503317399333;0.10493073258392122;0.8618465100838825;0.1053855639544205;3.6662210067845384;1.2729124236252546E-5;1.7343431771894093E-4;0.0052539460285132384;5.409877800407332E-5;7.557917515274949E-4;8;1.2729124236252546E-5;109;1.7343431771894093E-4;3302;0.0052539460285132384;34;5.409877800407332E-5;475;7.557917515274949E-4;1462938x212560-NZ-CP113531_1324075_aligned_73440_R_14_331_64;0.8610503317399333;0.10493073258392122;0.8618465100838825;0.1053855639544205;
115;11;Rickettsia australis;species;787;11;294;160;160;34;4.705882352941177;31;34;4053;368.45454545454544;3.1894938073984293E-4;159.97464618504029;1.0001584864574753;501647;114277;0.9002777283817912;0.07222419492477844;0.9005600547510739;0.07247168613097255;7.056178946077904;2.1927769925864202E-5;3.1894938073984293E-4;0.008079386500866146;6.777674340721663E-5;5.860694871094614E-4;11;2.1927769925864202E-5;163;7.392940633796075E-4;4053;0.008079386500866146;35;2.0789163762047148E-4;294;5.860694871094614E-4;1462938x212560-NZ-CP113531_299248_aligned_24612_R_89_339_50;0.9002777283817912;0.07222419492477844;0.9005600547510739;0.07247168613097255;
116;12;Rickettsia australis str. Cutlack;strain;1105110;0;0;3;3;1;3.0;3;1;0;;4.203446826397646E-4;2.9995796749503842;1.0001401279829725;7137;787;;;;;;0.0;4.203446826397646E-4;0.0;1.4011489421325487E-4;0.0;0;0.0;3;4.203446826397646E-4;0;0.0;1;1.4011489421325487E-4;0;0.0;1196662x120167-NZ-AKVZ01000016_13044_aligned_111134_F_71_50_2;;;;;
117;11;Rickettsia amblyommatis;species;33989;28;730;291;290;69;4.217391304347826;23;63;9120;325.7142857142857;5.89918896322771E-4;290.91418361562114;0.996857548833614;491593;114277;0.9070153482553728;0.07033978970615792;0.9086519962087756;0.07105948774544232;4.448626903879811;5.695768654150893E-5;5.919530994135392E-4;0.018551932187805768;1.281547947183951E-4;0.0014849682562607686;945;0.0719880657321835;12602;0.9662584414821802;464069;35.713397974382744;1381;0.10343227255751766;37806;2.911339292718759;1359164x31536-NZ-LANR01000001_398516_aligned_104854_F_123_159_44;0.907155691284646;0.0691857607218802;0.9072041845573393;0.06920725108347713;
118;12;Rickettsia amblyommatis str. Ac/Pa;strain;1359164;1;11;14;14;3;4.666666666666667;10;3;347;347.0;3.630893718553867E-4;13.997640163872985;1.0001685881405284;38558;33989;0.9652996845425867;;0.9652996845425867;;4.725815626252609;2.593495513252762E-5;3.630893718553867E-4;0.008999429430987084;7.780486539758286E-5;2.852845064578038E-4;1;2.593495513252762E-5;14;3.630893718553867E-4;347;0.008999429430987084;3;7.780486539758286E-5;11;2.852845064578038E-4;1462938x212560-NZ-CP113531_1674118_aligned_81843_F_27_220_94;0.9652996845425867;;0.9652996845425867;;
119;12;Rickettsia amblyommatis str. Darkwater;strain;1359166;916;37065;12297;948;1484;8.286388140161725;39;1315;454602;496.2903930131004;0.07441714420284166;7887.311127781248;0.12019305244101339;12739;33989;0.907096505271067;0.06920030314223782;0.907096505271067;0.06920030314223782;7.082467932611783;0.07190517309050946;0.9653033990109113;35.68584661276395;0.10322631289740168;2.9095690399560405;916;0.07190517309050946;12297;0.9653033990109113;454602;35.68584661276395;1315;0.10322631289740168;37065;2.9095690399560405;1359166x139103-NZ-LAOH01000004_1806_aligned_44667_F_67_399_0;0.907096505271067;0.06920030314223782;0.907096505271067;0.06920030314223782;
120;11;Rickettsia montanensis;species;33991;0;0;0;0;0;;0;0;0;;;0.0;;0;114277;;;;;;;;;;;3;1.1611210236442944E-5;43;1.6642734672234888E-4;1194;0.004621261674104292;16;6.192645459436237E-5;71;2.7479864226248303E-4;;0.9363945102494734;0.0377131870667976;0.9363945102494734;0.0377131870667976;
121;12;Rickettsia montanensis str. OSU 85-930;strain;1105114;3;71;43;43;16;2.6875;7;16;1194;398.0;1.6642734672234888E-4;42.99650521003167;1.0000812807913402;258371;33991;0.9363945102494734;0.0377131870667976;0.9363945102494734;0.0377131870667976;2.023816526598529;1.1611210236442944E-5;1.6642734672234888E-4;0.004621261674104292;6.192645459436237E-5;2.7479864226248303E-4;3;1.1611210236442944E-5;43;1.6642734672234888E-4;1194;0.004621261674104292;16;6.192645459436237E-5;71;2.7479864226248303E-4;444612x54001-NZ-CM000770_873966_aligned_29149_R_40_317_23;0.9363945102494734;0.0377131870667976;0.9363945102494734;0.0377131870667976;
122;11;Rickettsia rhipicephali;species;33992;13;433;233;224;43;5.4186046511627906;29;41;4125;317.3076923076923;6.011437833950132E-4;232.9274805510819;0.9616727037532865;372623;114277;0.8693557696020435;0.0779548820091411;0.8693557696020435;0.0779548820091411;7.2513793700612075;3.48878088577463E-5;6.252968818349914E-4;0.011070170118323345;1.1003078178212295E-4;0.001162032402723396;14;5.1881028563083864E-5;248;8.801951774150549E-4;4616;0.019413840993644092;46;1.949968803088108E-4;465;0.0017058154332941981;33992x178934-NZ-CP013133_227821_aligned_80309_F_137_230_14;0.8729546215099235;0.0760974978506529;0.8737293348659818;0.07666353704345585;
123;12;Rickettsia rhipicephali str. 3-7-female6-CWPP;strain;1105113;1;32;15;15;5;3.0;11;5;491;491.0;2.5489829558006356E-4;14.998215843356936;1.0001189579255092;58847;33992;0.9197396963123644;;0.93058568329718;;4.47213595499958;1.699321970533757E-5;2.5489829558006356E-4;0.008343670875320747;8.496609852668785E-5;5.437830305708022E-4;1;1.699321970533757E-5;15;2.5489829558006356E-4;491;0.008343670875320747;5;8.496609852668785E-5;32;5.437830305708022E-4;1462938x212560-NZ-CP113531_1599893_aligned_5387_F_67_412_14;0.9197396963123644;;0.93058568329718;;
124;11;Rickettsia africae;species;35788;0;0;0;0;0;;0;0;0;;;0.0;;0;114277;;;;;;;;;;;3;2.2971255302531432E-5;66;5.053676166556915E-4;1492;0.011424370970458966;12;9.188502121012573E-5;83;6.355380633700363E-4;;0.9103206268258015;0.06831200996760557;0.9103206268258015;0.06831200996760557;
125;12;Rickettsia africae ESF-5;strain;347255;3;83;66;66;12;5.5;24;12;1492;497.3333333333333;5.053676166556915E-4;65.98357823526749;1.0002488765412807;130598;35788;0.9103206268258015;0.06831200996760557;0.9103206268258015;0.06831200996760557;7.763551202428388;2.2971255302531432E-5;5.053676166556915E-4;0.011424370970458966;9.188502121012573E-5;6.355380633700363E-4;3;2.2971255302531432E-5;66;5.053676166556915E-4;1492;0.011424370970458966;12;9.188502121012573E-5;83;6.355380633700363E-4;444612x54001-NZ-CM000770_860995_aligned_94781_R_96_264_26;0.9103206268258015;0.06831200996760557;0.9103206268258015;0.06831200996760557;
126;11;Rickettsia helvetica;species;35789;10;354;142;142;22;6.454545454545454;41;21;3529;352.9;5.370630216981025E-4;141.9621437372473;1.0002666644906602;264401;114277;0.8805836713887686;0.10172718614538419;0.8809658369938642;0.10208861806137993;9.085452908108355;3.7821339556204405E-5;5.370630216981025E-4;0.013347150729384534;7.942481306802925E-5;0.0013388754202896358;10;3.7821339556204405E-5;142;5.370630216981025E-4;3529;0.013347150729384534;21;7.942481306802925E-5;354;0.0013388754202896358;35789x222294-NZ-OY974080_189755_aligned_115442_R_36_130_32;0.8805836713887686;0.10172718614538419;0.8809658369938642;0.10208861806137993;
127;11;Rickettsia japonica;species;35790;6;271;88;88;12;7.333333333333333;22;11;2167;361.1666666666667;9.936092857304158E-4;87.95679198295853;1.0004912413932723;88566;114277;0.8400450959917714;0.11930340631471331;0.8400450959917714;0.11930340631471331;6.5551275326798155;6.774608766343743E-5;9.936092857304158E-4;0.024467628661111487;1.2420116071630197E-4;0.0030598649594652575;6;6.774608766343743E-5;88;9.936092857304158E-4;2167;0.024467628661111487;11;1.2420116071630197E-4;271;0.0030598649594652575;652620x90159-NZ-AMRT02000009_21435_aligned_37665_R_271_521_9;0.8400450959917714;0.11930340631471331;0.8400450959917714;0.11930340631471331;
128;11;Rickettsia massiliae;species;35791;0;0;0;0;0;;0;0;0;;0.0;0.0;;1397;114277;;;;;;0.0;0.0;0.0;0.0;0.0;5;3.907074148453189E-5;95;7.42344088206106E-4;1904;0.014878138357309745;18;1.4065466934431482E-4;119;9.298836473318591E-4;;0.9311587814427952;0.03709561151272639;0.9311587814427952;0.03709561151272639;
129;12;Rickettsia massiliae MTU5;strain;416276;5;119;95;92;19;5.0;30;18;1904;380.8;7.189016433153868E-4;94.965118277635;0.9687767642328804;127973;35791;0.9311587814427952;0.03709561151272639;0.9311587814427952;0.03709561151272639;6.69991708074726;3.907074148453189E-5;7.42344088206106E-4;0.014878138357309745;1.4065466934431482E-4;9.298836473318591E-4;5;3.907074148453189E-5;95;7.42344088206106E-4;1904;0.014878138357309745;18;1.4065466934431482E-4;119;9.298836473318591E-4;416276x180227-NC-009900_717067_aligned_115009_F_174_106_101;0.9311587814427952;0.03709561151272639;0.9311587814427952;0.03709561151272639;
130;11;Rickettsia parkeri;species;35792;3;30;46;46;16;2.875;14;16;1156;385.3333333333333;2.4107498480179442E-4;45.994576230046555;1.000117921946412;190812;114277;0.9686424413431963;0.014957085684241164;0.9686424413431963;0.014957085684241164;3.364025366531392;1.572228161750833E-5;2.4107498480179442E-4;0.006058319183279878;8.385216862671111E-5;1.5722281617508332E-4;3;1.572228161750833E-5;47;0.0013315875256960147;1156;0.006058319183279878;17;0.0011743647095209314;30;1.5722281617508332E-4;444612x54001-NZ-CM000770_1562106_aligned_0_F_1190_26443_550;0.9686424413431963;0.014957085684241164;0.9686424413431963;0.014957085684241164;
131;12;Rickettsia parkeri str. Grand Bay;strain;1359203;0;0;1;1;1;1.0;1;1;0;;0.0010905125408942203;0.9999999999999871;1.0000000000000129;917;35792;;;;;;0.0;0.0010905125408942203;0.0;0.0010905125408942203;0.0;0;0.0;1;0.0010905125408942203;0;0.0;1;0.0010905125408942203;0;0.0;1462938x23889-NZ-JFKF01000150_5939_aligned_116146_R_312_79_33;;;;;
132;11;Rickettsia slovaca;species;35794;4;272;45;45;10;4.5;10;9;6310;1577.5;6.561871154014407E-4;44.98556690011416;1.0003208384573188;68578;114277;0.9295924863337363;0.044042126445059164;0.9300911897049711;0.04455624718777219;3.719318934070233;5.832774359123917E-5;6.561871154014407E-4;0.09201201551517979;1.3123742308028815E-4;0.0039662865642042635;4;5.832774359123917E-5;45;6.561871154014407E-4;6310;0.09201201551517979;9;1.3123742308028815E-4;272;0.0039662865642042635;1462938x212560-NZ-CP113531_330750_aligned_44683_F_50_118_126;0.9295924863337363;0.044042126445059164;0.9300911897049711;0.04455624718777219;
133;11;Rickettsia honei;species;37816;0;0;0;0;0;;0;0;0;;;0.0;;0;114277;;;;;;;;;;;1;6.160746189578482E-6;15;9.241119284367723E-5;505;0.0031111768257371334;7;4.312522332704937E-5;8;4.9285969516627855E-5;;0.9831578947368421;;0.9831578947368421;;
134;12;Rickettsia honei RB;strain;1175313;1;8;15;15;7;2.142857142857143;7;7;505;505.0;9.241119284367723E-5;14.999353138797396;1.00004312593994;162318;37816;0.9831578947368421;;0.9831578947368421;;2.193062655175134;6.160746189578482E-6;9.241119284367723E-5;0.0031111768257371334;4.312522332704937E-5;4.9285969516627855E-5;1;6.160746189578482E-6;15;9.241119284367723E-5;505;0.0031111768257371334;7;4.312522332704937E-5;8;4.9285969516627855E-5;444612x54001-NZ-CM000770_1009893_aligned_85203_R_333_177_4;0.9831578947368421;;0.9831578947368421;;
135;11;Rickettsia felis;species;42862;18;698;205;205;46;4.456521739130435;18;40;10591;588.3888888888889;3.863113858214299E-4;204.96060126630252;1.0001922258885565;530660;114277;0.9267130623543901;0.05152842814511661;0.9270059607592851;0.05121814158805424;4.375215660661162;3.3920024120906045E-5;3.863113858214299E-4;0.019958165303584217;7.53778313797912E-5;0.0013153431575773564;21;9.887195968858597E-5;230;9.275775155520959E-4;11396;0.03738693468091166;45;1.836310573259244E-4;775;0.0029824428371478078;42862x66326-NZ-JSEL01000012_182590_aligned_98989_F_32_143_35;0.9234630364779528;0.05034665155869383;0.9239285924680771;0.05000101078932347;
136;12;Rickettsia felis str. LSU;strain;1359195;3;77;25;25;5;5.0;9;5;805;268.3333333333333;5.41266129730666E-4;24.99350588443378;1.0002598321178409;46188;42862;0.9039628812193282;0.04597156104460387;0.9054643827208296;0.04589504593110107;3.7416573867739413;6.495193556767992E-5;5.41266129730666E-4;0.017428769377327444;1.0825322594613319E-4;0.0016670996795704511;3;6.495193556767992E-5;25;5.41266129730666E-4;805;0.017428769377327444;5;1.0825322594613319E-4;77;0.0016670996795704511;1462938x212560-NZ-CP113531_1463822_aligned_66723_F_41_304_38;0.9039628812193282;0.04597156104460387;0.9054643827208296;0.04589504593110107;
137;11;Rickettsia peacockii;species;47589;0;0;0;0;0;;0;0;0;;;0.0;;0;114277;;;;;;;;;;;1;8.527184664711099E-6;30;2.5581553994133297E-4;310;0.0026434272460604405;13;1.1085340064124429E-4;35;2.9845146326488845E-4;;0.875;;0.875;;
138;12;Rickettsia peacockii str. Rustic;strain;562019;1;35;30;29;13;2.3076923076923075;15;13;310;310.0;2.472883552766219E-4;29.996290969855817;0.9667861946379631;117272;47589;0.875;;0.875;;3.838068424451189;8.527184664711099E-6;2.5581553994133297E-4;0.0026434272460604405;1.1085340064124429E-4;2.9845146326488845E-4;1;8.527184664711099E-6;30;2.5581553994133297E-4;310;0.0026434272460604405;13;1.1085340064124429E-4;35;2.9845146326488845E-4;444612x27776-NZ-GG688305_1755_aligned_95670_F_94_209_1;0.875;;0.875;;
139;11;Rickettsia monacensis;species;109232;32;1363;586;584;66;8.878787878787879;37;50;16838;526.1875;0.004168242842970016;584.7783116076832;0.9986690484372728;140107;114277;0.9166167246470379;0.05130185984295344;0.9167256889783851;0.05112230290646642;8.57817472339434;2.2839686810794608E-4;0.004182517647226763;0.12017957703754988;3.568701064186657E-4;0.009728279100972828;32;2.2839686810794608E-4;586;0.004182517647226763;16838;0.12017957703754988;50;3.568701064186657E-4;1363;0.009728279100972828;109232x175602-NZ-LN794217_951718_aligned_55022_R_132_252_77;0.9166167246470379;0.05130185984295344;0.9167256889783851;0.05112230290646642;
140;11;Rickettsia asiatica;species;238800;8;280;118;118;23;5.130434782608695;25;22;3003;375.375;5.120238828767064E-4;117.97005162673027;1.0002538642041499;230458;114277;0.9126635987333855;0.053019530938575025;0.9126635987333855;0.053019530938575025;7.040818313920924;3.471348358486145E-5;5.120238828767064E-4;0.013030573900667367;9.546207985836898E-5;0.0012149719254701508;8;3.471348358486145E-5;118;5.120238828767064E-4;3003;0.013030573900667367;22;9.546207985836898E-5;280;0.0012149719254701508;444612x54001-NZ-CM000770_523234_aligned_40087_R_59_284_46;0.9126635987333855;0.053019530938575025;0.9126635987333855;0.053019530938575025;
141;11;Rickettsia sibirica subgroup;;266068;0;0;0;0;0;;0;0;0;;;0.0;;0;114277;;;;;;;;;;;8;9.0911820863884E-5;92;0.0010336141240755341;4380;0.05078332627100268;10;1.0770386815028915E-4;444;0.005423129802265949;;0.8882700746598016;0.08406144457971816;0.8882700746598016;0.08406144457971816;
142;12;Rickettsia sibirica;species;35793;3;87;37;37;5;7.4;16;5;1430;476.6666666666667;3.1065287479849544E-4;36.99440879602122;1.000151136459826;119104;266068;0.9389139939821076;0.02996242975590647;0.9389139939821076;0.02996242975590647;6.4265076052238514;2.5188070929607738E-5;3.1065287479849544E-4;0.012006313809779689;4.1980118216012894E-5;7.304540569586244E-4;8;9.0911820863884E-5;92;0.0010336141240755341;4380;0.05078332627100268;10;1.0770386815028915E-4;444;0.005423129802265949;1462938x212560-NZ-CP113531_1431061_aligned_65405_F_83_346_1;0.8882700746598016;0.08406144457971816;0.8882700746598016;0.08406144457971816;
143;13;Rickettsia sibirica subsp. mongolitimonae;subspecies;45261;0;0;0;0;0;;0;0;0;;;0.0;;0;35793;;;;;;;;;;;5;6.572374993427625E-5;55;7.229612492770387E-4;2950;0.03877701246122299;5;6.572374993427625E-5;357;0.004692675745307324;;0.8578837230664179;0.09401824204814155;0.8578837230664179;0.09401824204814155;
144;14;Rickettsia sibirica subsp. mongolitimonae HA-91;strain;1144280;5;357;55;55;5;11.0;18;5;2950;590.0;7.229612492770387E-4;54.98048457833138;1.000354951794592;76076;45261;0.8578837230664179;0.09401824204814155;0.8578837230664179;0.09401824204814155;4.527692569068709;6.572374993427625E-5;7.229612492770387E-4;0.03877701246122299;6.572374993427625E-5;0.004692675745307324;5;6.572374993427625E-5;55;7.229612492770387E-4;2950;0.03877701246122299;5;6.572374993427625E-5;357;0.004692675745307324;1133329x83198-NZ-LAOP01000001_420680_aligned_9625_F_61_1429_0;0.8578837230664179;0.09401824204814155;0.8578837230664179;0.09401824204814155;
145;11;Rickettsia tamurae;species;334545;20;448;231;231;47;4.914893617021277;21;46;7106;355.3;8.865486392821642E-4;230.8980767707014;1.0004414208672678;260561;114277;0.9246209090297259;0.05317916523767072;0.9259645389546872;0.05198494864150974;5.4526809809249785;7.675745794650772E-5;8.865486392821642E-4;0.027271924808394195;1.7654215327696777E-4;0.0017193670580017732;202;0.004907803565238201;3655;0.09177392155887976;87758;2.1681154997825134;317;0.007370022895453062;7927;0.20024350901643354;1462938x212560-NZ-CP113531_958341_aligned_22501_F_20_196_51;0.8932470087665269;0.07711438172177705;0.8937203306040009;0.07685038982081702;
146;12;Rickettsia tamurae subsp. buchneri;subspecies;1462938;182;7479;3424;3214;320;10.7;124;271;80652;443.14285714285717;0.08531308894964564;3273.05112125799;0.9819583871225043;37673;334545;0.8897993274189225;0.07865197051313019;0.8901770110050244;0.07840528623255005;13.074083579433255;0.004831046107291694;0.09088737291959759;2.1408435749741193;0.007193480742176094;0.19852414195843177;182;0.004831046107291694;3424;0.09088737291959759;80652;2.1408435749741193;271;0.007193480742176094;7479;0.19852414195843177;1462938x212560-NZ-CP113531_257992_aligned_80186_R_191_335_2;0.8897993274189225;0.07865197051313019;0.8901770110050244;0.07840528623255005;
147;11;Rickettsia gravesii;species;354585;0;0;0;0;0;;0;0;0;;;0.0;;0;114277;;;;;;;;;;;7;2.2835444524549735E-5;100;3.262206360649962E-4;2311;0.007538958899462062;18;5.871971449169932E-5;230;7.503074629494912E-4;;0.8892156506525598;0.05581867331229568;0.8896049071726065;0.05595343785001221;
148;12;Rickettsia gravesii BWI-1;strain;1397702;7;230;100;100;18;5.555555555555555;24;18;2311;330.14285714285717;3.262206360649962E-4;99.9838537976226;1.000161488097969;306541;354585;0.8892156506525598;0.05581867331229568;0.8896049071726065;0.05595343785001221;6.363704269224316;2.2835444524549735E-5;3.262206360649962E-4;0.007538958899462062;5.871971449169932E-5;7.503074629494912E-4;7;2.2835444524549735E-5;100;3.262206360649962E-4;2311;0.007538958899462062;18;5.871971449169932E-5;230;7.503074629494912E-4;1462938x27441-NZ-JFKF01000157_789_aligned_75420_R_38_288_34;0.8892156506525598;0.05581867331229568;0.8896049071726065;0.05595343785001221;
149;11;Rickettsia hoogstraalii;species;467174;15;495;180;180;49;3.673469387755102;24;46;5275;351.6666666666667;3.1301898112321645E-4;179.9719876869369;1.0001556481840486;575045;114277;0.884705437022736;0.08578635969332024;0.884705437022736;0.08578635969332024;4.806192858793576;2.6084915093601372E-5;3.1301898112321645E-4;0.009173195141249816;7.999373962037753E-5;8.608021980888453E-4;15;2.6084915093601372E-5;180;3.1301898112321645E-4;5275;0.009173195141249816;46;7.999373962037753E-5;495;8.608021980888453E-4;444612x54001-NZ-CM000770_489161_aligned_71972_R_61_228_2;0.884705437022736;0.08578635969332024;0.884705437022736;0.08578635969332024;
150;11;Rickettsia asembonensis;species;1068590;4;155;50;50;24;2.0833333333333335;11;22;1516;379.0;1.0259419686184871E-4;49.997486523872354;1.0000502720497049;487357;114277;0.8880245976203873;0.03965513681454579;0.8917146345207563;0.041378197269925816;2.465706824609839;8.207535748947897E-6;1.0259419686184871E-4;0.0031106560488512527;4.514144661921343E-5;3.18042010271731E-4;4;8.207535748947897E-6;50;1.0259419686184871E-4;1516;0.0031106560488512527;22;4.514144661921343E-5;155;3.18042010271731E-4;444612x54001-NZ-CM000770_1127397_aligned_42875_F_140_428_17;0.8880245976203873;0.03965513681454579;0.8917146345207563;0.041378197269925816;
151;11;Rickettsia fournieri;species;1436798;3;99;40;40;9;4.444444444444445;16;9;1012;337.3333333333333;3.6736680657219217E-4;39.99283718040845;1.0001791025617721;108883;114277;0.900475596466185;0.06293461587456235;0.900475596466185;0.06293461587456235;5.150512380120815;2.7552510492914413E-5;3.6736680657219217E-4;0.009294380206276463;8.265753147874324E-5;9.092328462661756E-4;3;2.7552510492914413E-5;40;3.6736680657219217E-4;1012;0.009294380206276463;9;8.265753147874324E-5;99;9.092328462661756E-4;1462938x212560-NZ-CP113531_1572750_aligned_7688_F_119_376_2;0.900475596466185;0.06293461587456235;0.900475596466185;0.06293461587456235;
152;11;Rickettsia argasii;species;1441385;0;0;0;0;0;;0;0;0;;;0.0;;0;114277;;;;;;;;;;;4;2.7345939811586474E-5;64;4.375350369853836E-4;2165;0.014800989923021179;22;1.5040266896372562E-4;153;0.0010459821977931826;;0.9296502582691508;0.05335620461331045;0.9296502582691508;0.05335620461331045;
153;12;Rickettsia argasii T170-B;strain;1268837;4;153;64;54;22;2.909090909090909;18;22;2165;541.25;3.691701874564174E-4;63.98621959362681;0.8439317144058709;146274;1441385;0.9296502582691508;0.05335620461331045;0.9296502582691508;0.05335620461331045;3.8780099328084554;2.7345939811586474E-5;4.375350369853836E-4;0.014800989923021179;1.5040266896372562E-4;0.0010459821977931826;4;2.7345939811586474E-5;64;4.375350369853836E-4;2165;0.014800989923021179;22;1.5040266896372562E-4;153;0.0010459821977931826;444612x27776-NZ-GG688305_1654_aligned_88777_R_87_275_2;0.9296502582691508;0.05335620461331045;0.9296502582691508;0.05335620461331045;
154;11;Rickettsia koreansis;species;2358204;7;140;58;58;16;3.625;12;16;2165;309.2857142857143;3.682679975110163E-4;57.989505606106874;1.000180970570165;157494;114277;0.9228290692986406;0.05098083174923664;0.9228290692986406;0.05098083174923664;3.5189960689567887;4.44461376306399E-5;3.682679975110163E-4;0.013746555424333626;1.0159117172717691E-4;8.889227526127979E-4;7;4.44461376306399E-5;58;3.682679975110163E-4;2165;0.013746555424333626;16;1.0159117172717691E-4;140;8.889227526127979E-4;444612x54001-NZ-CM000770_1478061_aligned_30621_F_278_215_9;0.9228290692986406;0.05098083174923664;0.9228290692986406;0.05098083174923664;
155;11;unclassified spotted fever group;no rank;2750824;0;0;0;0;0;;0;0;0;;;0.0;;0;114277;;;;;;;;;;;3805;0.07188804170916888;68340;1.2924318627733793;1625534;30.70635758013837;4757;0.08986352944585817;123202;2.3279527865235945;;0.9100848998808323;0.07100387114629503;0.910206185522351;0.0709289913437457;
156;12;Rickettsia endosymbiont of Ixodes scapularis;species;444612;3796;122931;68268;12469;6509;10.488247042556461;101;4745;1621344;427.1190727081138;0.23599886438913598;38321.727421432486;0.3253767728911502;52835;2750824;0.910095728625272;0.0710218823339325;0.910211499978395;0.07094551366034017;10.18008068999242;0.0718463139964039;1.2920980410712595;30.686931011640013;0.08980789249550487;2.326696318728116;3796;0.0718463139964039;68268;1.2920980410712595;1621344;30.686931011640013;4745;0.08980789249550487;122931;2.326696318728116;444612x47268-NZ-CM000772_7246_aligned_7873_F_82_487_3;0.910095728625272;0.0710218823339325;0.910211499978395;0.07094551366034017;
157;12;Rickettsia sp. Tenjiku01;species;1736693;9;271;72;72;12;6.0;10;12;4190;465.55555555555554;3.338217021197678E-4;71.98815061175351;1.000164601926092;215684;2750824;0.9055175761149429;0.06659387086849447;0.9079646660620327;0.06739540696607474;2.6628760937957834;4.1727712764970975E-5;3.338217021197678E-4;0.01942656849835871;5.5636950353294636E-5;0.0012564677954785704;9;4.1727712764970975E-5;72;3.338217021197678E-4;4190;0.01942656849835871;12;5.5636950353294636E-5;271;0.0012564677954785704;35790x22921-NZ-AP017584_300540_aligned_103381_F_108_148_2;0.9055175761149429;0.06659387086849447;0.9079646660620327;0.06739540696607474;
158;11;Rickettsia tillamookensis;species;2761623;10;260;114;113;34;3.3529411764705883;14;34;4227;422.7;2.0735428773802162E-4;113.98818161355624;0.9913308414998111;544961;114277;0.922854451812935;0.07054118446690512;0.9236047235098764;0.07116422521913664;3.7649286921588563;1.8349936967966515E-5;2.0918928143481827E-4;0.007756518356359446;6.238978569108615E-5;4.7709836116712937E-4;10;1.8349936967966515E-5;114;2.0918928143481827E-4;4227;0.007756518356359446;34;6.238978569108615E-5;260;4.7709836116712937E-4;444612x54001-NZ-CM000770_394684_aligned_102417_R_126_215_2;0.922854451812935;0.07054118446690512;0.9236047235098764;0.07116422521913664;
159;11;Candidatus Rickettsia kedanie;species;3115352;12;414;164;162;28;5.857142857142857;21;28;4670;389.1666666666667;3.2154979059566106E-4;163.97347300188295;0.9879646813246415;503810;114277;0.8984772018578967;0.050516019976984364;0.9083356665226283;0.04454444723112133;5.854496756778697;2.3818503007086004E-5;3.2551954109684205E-4;0.009269367420257637;5.5576507016534013E-5;8.217383537444671E-4;12;2.3818503007086004E-5;164;3.2551954109684205E-4;4670;0.009269367420257637;28;5.5576507016534013E-5;414;8.217383537444671E-4;444612x54001-NZ-CM000770_482967_aligned_96560_F_115_194_22;0.8984772018578967;0.050516019976984364;0.9083356665226283;0.04454444723112133;
160;10;typhus group;species group;114292;2;81;38;38;8;4.75;17;8;889;444.5;2.650373842205111E-4;37.99509721877699;1.0001290372069527;143376;780;0.8998613062430203;0.019652468809596126;0.8998613062430203;0.019652468809596126;5.444525428617001;1.3949336011605848E-5;2.650373842205111E-4;0.006200479857158799;5.579734404642339E-5;5.649481084700368E-4;8;2.086764254608674E-5;128;3.685720272934224E-4;3193;0.008851050704055834;39;9.140695315173808E-5;248;7.573726656902518E-4;1462938x212560-NZ-CP113531_551049_aligned_54739_R_108_404_22;0.9126474522208977;0.027880936853800043;0.9134050279784734;0.02660009169461172;
161;11;Rickettsia prowazekii;species;782;3;88;53;53;20;2.65;8;20;1354;451.3333333333333;6.0316856968247155E-5;52.99843179453427;1.0000295896578941;878693;114292;0.9232266955159001;0.021912169568062537;0.9232266955159001;0.021912169568062537;2.300457620378584;3.4141617151838015E-6;6.0316856968247155E-5;0.0015409249874529557;2.276107810122534E-5;1.0014874364539151E-4;3;3.4141617151838015E-6;53;6.0316856968247155E-5;1354;0.0015409249874529557;20;2.276107810122534E-5;88;1.0014874364539151E-4;444612x54001-NZ-CM000770_990379_aligned_68752_R_51_191_47;0.9232266955159001;0.021912169568062537;0.9232266955159001;0.021912169568062537;
162;11;Rickettsia typhi;species;785;3;79;37;37;11;3.3636363636363638;13;11;950;316.6666666666667;4.3217786104664134E-5;36.999222090561545;1.0000210250214598;856129;114292;0.9105923062444802;0.04134922912990938;0.9126125082646821;0.038394685487899115;3.7489392439122637;3.504144819297092E-6;4.3217786104664134E-5;0.001109645859444079;1.2848531004089337E-5;9.227581357482342E-5;3;3.504144819297092E-6;37;4.3217786104664134E-5;950;0.001109645859444079;11;1.2848531004089337E-5;79;9.227581357482342E-5;1462938x212560-NZ-CP113531_763597_aligned_36993_F_109_195_2;0.9105923062444802;0.04134922912990938;0.9126125082646821;0.038394685487899115;
163;10;unclassified Rickettsia;no rank;114295;27;720;701;699;124;5.653225806451613;32;117;8958;331.77777777777777;1.707113117857722E-4;700.9400833887613;0.9972321694325401;4094632;780;0.8872184574969956;0.10812318552721564;0.8878616407519431;0.10851464669730154;7.492049286924279;6.593999167690771E-6;1.7119975616856412E-4;0.0021877423905249604;2.8573996393326678E-5;1.7583997780508723E-4;170;9.281783922331933E-4;4030;0.021633517634064642;76510;0.47517979613565714;532;0.0035289330015193096;5954;0.03841038271113681;3066265x73211-NZ-CAXIPY010000004_505652_aligned_94664_F_123_174_2;0.9076285050724799;0.07547216162806861;0.908936238570576;0.07525308826820641;
164;11;Rickettsia sp.;species;789;4;80;94;93;30;3.1333333333333333;22;30;1299;324.75;1.8020252438547064E-4;93.99153098511447;0.989450847595285;516086;114295;0.9169743539507067;0.050756829610558316;0.9169743539507067;0.050756829610558316;4.599350278953077;7.750646210127769E-6;1.8214018593800259E-4;0.002517022356738993;5.812984657595827E-5;1.550129242025554E-4;4;7.750646210127769E-6;94;1.8214018593800259E-4;1299;0.002517022356738993;30;5.812984657595827E-5;80;1.550129242025554E-4;789x187231-NZ-JBHEQR010000328_1423_aligned_113839_R_112_72_14;0.9169743539507067;0.050756829610558316;0.9169743539507067;0.050756829610558316;
165;11;Rickettsia endosymbiont of Oedothorax gibbosus;species;931099;0;0;1;1;1;1.0;1;1;0;;2.3037228160707703E-6;0.9999999999979536;1.0000000000020464;434080;114295;;;;;;0.0;2.3037228160707703E-6;0.0;2.3037228160707703E-6;0.0;0;0.0;1;2.3037228160707703E-6;0;0.0;1;2.3037228160707703E-6;0;0.0;1462938x212560-NZ-CP113531_884144_aligned_103943_R_72_125_59;;;;;
166;11;Rickettsia endosymbiont of Ixodes pacificus;species;1133329;62;2938;1736;1710;162;10.716049382716049;67;116;37777;609.3064516129032;0.009225540179655257;1727.9004354004242;0.9896403548296602;185355;114295;0.9159454427244017;0.06653920203302764;0.917194702183288;0.0665730819061124;12.72180557510269;3.3449326967171107E-4;0.00936581155080791;0.20380890723206818;6.258261174502981E-4;0.01585066494024979;62;3.3449326967171107E-4;1736;0.00936581155080791;37777;0.20380890723206818;116;6.258261174502981E-4;2938;0.01585066494024979;1133329x66257-NZ-KR611317_15160_aligned_15591_F_126_526_1;0.9159454427244017;0.06653920203302764;0.917194702183288;0.0665730819061124;
167;11;Rickettsia sp. MEAM1 (Bemisia tabaci);species;1182263;3;126;54;52;14;3.857142857142857;20;14;1499;499.6666666666667;0.007114516349705842;53.80467748151759;0.9664587250404482;7309;114295;0.8700349546818892;0.1173889029336155;0.8806316437850362;0.1139866865870058;5.517205854375967;4.104528663291832E-4;0.007388151593925298;0.20508961554248187;0.0019154467095361882;0.017239020385825695;3;4.104528663291832E-4;54;0.007388151593925298;1499;0.20508961554248187;14;0.0019154467095361882;126;0.017239020385825695;444612x54001-NZ-CM000770_1685722_aligned_30279_F_73_405_43;0.8700349546818892;0.1173889029336155;0.8806316437850362;0.1139866865870058;
168;11;Rickettsia endosymbiont of Proechinophthirus fluctus;species;1462733;6;181;108;108;21;5.142857142857143;24;21;2276;379.3333333333333;4.7095966753736064E-4;107.97480754031122;1.0002333179401999;229319;114295;0.902044790685513;0.06874437842231305;0.9027283586863568;0.06847036179212122;6.544354164359645;2.6164425974297813E-5;4.7095966753736064E-4;0.009925038919583637;9.157549091004234E-5;7.892935168913173E-4;6;2.6164425974297813E-5;108;4.7095966753736064E-4;2276;0.009925038919583637;21;9.157549091004234E-5;181;7.892935168913173E-4;1462938x212560-NZ-CP113531_778682_aligned_8207_R_42_347_37;0.902044790685513;0.06874437842231305;0.9027283586863568;0.06847036179212122;
169;11;Rickettsia sp. TH2014;species;1967503;18;418;300;299;49;6.122448979591836;35;48;4924;273.55555555555554;5.282190890252326E-4;299.92078103955345;0.9969299191727831;566053;114295;0.9020938369916635;0.07698295212920732;0.9022586902722437;0.07675025397534996;7.46556721740224;3.179914248312437E-5;5.299857080520729E-4;0.008698832088161357;8.479771328833166E-5;7.384467532192215E-4;18;3.179914248312437E-5;300;5.299857080520729E-4;4924;0.008698832088161357;48;8.479771328833166E-5;418;7.384467532192215E-4;1967503x198198-NZ-MXAX01000308_8204_aligned_65950_F_57_118_35;0.9020938369916635;0.07698295212920732;0.9022586902722437;0.07675025397534996;
170;11;Rickettsia endosymbiont of Cardiosporidium cionae;species;2777155;1;6;11;11;3;3.6666666666666665;6;3;169;169.0;1.0705450242040497E-5;10.999946472943957;1.000004866119683;1027514;114295;0.9568345323741008;;0.9568345323741008;;2.0816659994661326;9.73222749276409E-7;1.0705450242040497E-5;1.644746446277131E-4;2.9196682478292265E-6;5.839336495658453E-6;1;9.73222749276409E-7;11;1.0705450242040497E-5;169;1.644746446277131E-4;3;2.9196682478292265E-6;6;5.839336495658453E-6;2777155x23546-NZ-JADAQY010000006_20582_aligned_67192_R_57_77_41;0.9568345323741008;;0.9568345323741008;;
171;11;Rickettsia endosymbiont of Halotydeus destructor;species;2996754;0;0;3;3;2;1.5;2;2;0;;2.3371220678856057E-6;2.9999976627964875;1.0000007790684444;1283630;114295;;;;;0.7071067811865476;0.0;2.3371220678856057E-6;0.0;1.5580813785904037E-6;0.0;0;0.0;3;2.3371220678856057E-6;0;0.0;2;1.5580813785904037E-6;0;0.0;444612x54001-NZ-CM000770_104728_aligned_77625_R_40_171_160;;;;;
172;11;Rickettsia endosymbiont of Cantharis rufa;species;3066248;14;381;222;222;58;3.8275862068965516;22;57;5140;367.14285714285717;2.314028222805478E-4;221.9744319323698;1.0001151847418084;959366;114295;0.9124639416971624;0.0559850278843461;0.913634669916665;0.05487758103982489;4.472677015549015;1.459297077444896E-5;2.314028222805478E-4;0.0053577049843334034;5.941423815311362E-5;3.9713727607607524E-4;14;1.459297077444896E-5;222;2.314028222805478E-4;5140;0.0053577049843334034;57;5.941423815311362E-5;381;3.9713727607607524E-4;1462938x212560-NZ-CP113531_1708631_aligned_29094_R_45_207_27;0.9124639416971624;0.0559850278843461;0.913634669916665;0.05487758103982489;
173;11;Rickettsia endosymbiont of Orchestes rusci;species;3066250;1;4;9;9;2;4.5;5;2;183;183.0;2.174758783004985E-5;8.999913009941537;1.0000096656554756;413839;114295;0.9738562091503268;;0.9738562091503268;;0.7071067811865476;2.4163986477833167E-6;2.174758783004985E-5;4.4220095254434696E-4;4.8327972955666334E-6;9.665594591133267E-6;1;2.4163986477833167E-6;9;2.174758783004985E-5;183;4.4220095254434696E-4;2;4.8327972955666334E-6;4;9.665594591133267E-6;1462938x212560-NZ-CP113531_1059038_aligned_53653_R_43_401_123;0.9738562091503268;;0.9738562091503268;;
174;11;Rickettsia endosymbiont of Polydrusus tereticollis;species;3066251;0;0;69;69;18;3.8333333333333335;15;18;0;;5.607121206457453E-5;68.99809361610882;1.0000276295154151;1230578;114295;;;;;3.899472060797612;0.0;5.607121206457453E-5;0.0;1.4627272712497705E-5;0.0;0;0.0;69;5.607121206457453E-5;0;0.0;18;1.4627272712497705E-5;0;0.0;444612x44192-NZ-GG688316_26640_aligned_39506_F_64_410_43;;;;;
175;11;Rickettsia endosymbiont of Rhinocyllus conicus;species;3066252;3;142;54;54;15;3.6;27;14;1237;412.3333333333333;5.085559835378545E-4;53.98652546581168;1.0002495906908633;106183;114295;0.870161730113382;0.14931206625537063;0.8746180580991219;0.14159867057868572;6.620315055083967;2.825311019654747E-5;5.085559835378545E-4;0.011649699104376406;1.3184784758388818E-4;0.0013373138826365803;3;2.825311019654747E-5;54;5.085559835378545E-4;1237;0.011649699104376406;14;1.3184784758388818E-4;142;0.0013373138826365803;444612x54001-NZ-CM000770_1467474_aligned_41090_R_49_314_39;0.870161730113382;0.14931206625537063;0.8746180580991219;0.14159867057868572;
176;11;Rickettsia endosymbiont of Urophora cardui;species;3066265;10;251;145;139;39;3.717948717948718;27;38;3785;378.5;2.7674964510342274E-4;144.97921588502305;0.9587581168202419;502259;114295;0.9246700532985648;0.0650624384848354;0.9250113502268922;0.06521189261535104;5.31110414701678;1.9910046410318182E-5;2.886956729496136E-4;0.007535952566305432;7.56581763592091E-5;4.997421648989864E-4;10;1.9910046410318182E-5;145;2.886956729496136E-4;3785;0.007535952566305432;38;7.56581763592091E-5;251;4.997421648989864E-4;3066265x73211-NZ-CAXIPY010000004_353965_aligned_91770_R_66_150_337;0.9246700532985648;0.0650624384848354;0.9250113502268922;0.06521189261535104;
177;11;Rickettsia endosymbiont of Gonocerus acuteangulatus;species;3066266;14;606;403;403;39;10.333333333333334;57;22;7098;507.0;5.845603540434025E-4;402.88252614187957;1.0002915834033443;689407;114295;0.9041430496024425;0.05278494986580631;0.9069798814715325;0.05393010202602122;11.662655952211276;2.030730758463433E-5;5.845603540434025E-4;0.010295804945409605;3.191148334728252E-5;8.790163140206004E-4;14;2.030730758463433E-5;403;5.845603540434025E-4;7098;0.010295804945409605;22;3.191148334728252E-5;606;8.790163140206004E-4;3066266x73572-NZ-OZ032147_1630805_aligned_5824_F_36_377_31;0.9041430496024425;0.05278494986580631;0.9069798814715325;0.05393010202602122;
178;11;Rickettsia endosymbiont of Pantilius tunicatus;species;3066267;6;94;68;68;12;5.666666666666667;25;11;1879;313.1666666666667;2.119674318275333E-4;67.99289957717549;1.0001044288869672;320804;114295;0.905389896355597;0.07712030295001315;0.9080145682716075;0.07866411447614163;6.786796450506385;1.8703008690664704E-5;2.119674318275333E-4;0.005857158888293163;3.4288849266218623E-5;2.930138028204137E-4;6;1.8703008690664704E-5;68;2.119674318275333E-4;1879;0.005857158888293163;11;3.4288849266218623E-5;94;2.930138028204137E-4;3066267x246428-NZ-OZ198175_1742257_aligned_106953_R_50_68_56;0.905389896355597;0.07712030295001315;0.9080145682716075;0.07866411447614163;
179;11;Rickettsia endosymbiont of Nabis limbatus;species;3066268;1;7;47;46;17;2.764705882352941;7;17;286;286.0;2.653269577957098E-4;46.99376535620338;0.9788532510925473;173371;114295;0.97265625;;0.97265625;;1.8884322785284717;5.767977343384995E-6;2.710949351390948E-4;0.0016496415202081087;9.805561483754491E-5;4.037584140369497E-5;1;5.767977343384995E-6;47;2.710949351390948E-4;286;0.0016496415202081087;17;9.805561483754491E-5;7;4.037584140369497E-5;444612x54001-NZ-CM000770_1562106_aligned_0_F_1190_26443_550;0.97265625;;0.97265625;;
180;11;Rickettsia sp. R1;species;3405422;0;0;5;5;1;5.0;5;1;0;;0.0013358268768367619;4.997329059923384;1.0005344735246746;3743;114295;;;;;;0.0;0.0013358268768367619;0.0;2.671653753673524E-4;0.0;0;0.0;5;0.0013358268768367619;0;0.0;1;2.671653753673524E-4;0;0.0;1462938x212560-NZ-CP113531_1346325_aligned_106340_F_30_152_33;;;;;
181;10;belli group;species group;1129742;2;35;73;73;17;4.294117647058823;11;15;648;324.0;0.0010307531557990455;72.96290528323952;1.0005084051493904;70822;780;0.9436954168170335;0.01021745056612334;0.9436954168170335;0.01021745056612334;3.2932640700821603;2.8239812487645084E-5;0.0010307531557990455;0.009149699245997006;2.1179859365733813E-4;4.941967185337889E-4;66;1.204137621095464E-4;1618;0.0032511758480193755;33718;0.05552096042461967;139;4.755657336507028E-4;2959;0.004699031359933643;1462938x212560-NZ-CP113531_950909_aligned_84186_F_80_274_49;0.90545691407162;0.07091458088159602;0.9064683056473635;0.06844098265170889;
182;11;Rickettsia canadensis;species;788;11;362;134;134;29;4.620689655172414;18;29;3941;358.27272727272725;2.177771132505997E-4;133.98551885888463;1.0001080798972808;615308;1129742;0.8973057650926995;0.09814691499092679;0.9018306519705276;0.08635380568906235;5.1714449010438095;1.7877225714601468E-5;2.177771132505997E-4;0.0064049224128403985;4.713086779304023E-5;5.883232462441574E-4;13;2.6032701708957878E-5;175;3.86440669471189E-4;4580;0.009010596993037271;45;1.1311282491603295E-4;405;7.636659801228202E-4;444612x54001-NZ-CM000770_1562106_aligned_0_F_1190_26443_550;0.9015774450150248;0.09050774514800966;0.90540619545011;0.07966119180034863;
183;12;Rickettsia canadensis str. McKiel;strain;293613;2;43;29;29;10;2.9;9;10;639;319.5;1.1825440191816796E-4;28.99834449896811;1.0000570895015042;245234;788;0.9250716845878136;0.025825871327206772;0.9250716845878136;0.025825871327206772;2.8460498941515415;8.15547599435641E-6;1.1825440191816796E-4;0.0026056745801968733;4.077737997178205E-5;1.7534273387866283E-4;2;8.15547599435641E-6;29;1.1825440191816796E-4;639;0.0026056745801968733;10;4.077737997178205E-5;43;1.7534273387866283E-4;1462938x212560-NZ-CP113531_1458463_aligned_102956_F_154_173_5;0.9250716845878136;0.025825871327206772;0.9250716845878136;0.025825871327206772;
184;12;Rickettsia canadensis str. CA410;strain;1105107;0;0;12;12;6;2.0;3;6;0;;5.040915430242132E-5;11.999722753602935;1.000023104400223;238052;788;;;;;0.8944271909999159;0.0;5.040915430242132E-5;0.0;2.520457715121066E-5;0.0;0;0.0;12;5.040915430242132E-5;0;0.0;6;2.520457715121066E-5;0;0.0;444612x54001-NZ-CM000770_1140310_aligned_13768_F_65_403_12;;;;;
185;11;Rickettsia bellii;species;33990;20;1445;561;561;49;11.448979591836734;60;31;12254;612.7;8.575739370898435E-4;560.7599476878461;1.0004280839120978;654171;1129742;0.8699786330246366;0.07742658914367245;0.8700604660851932;0.07743736427682515;13.290129834595605;3.0573045885555914E-5;8.575739370898435E-4;0.01873210521408011;4.738822112261167E-5;0.002208902565231415;20;3.0573045885555914E-5;563;9.080614086813434E-4;12254;0.01873210521408011;33;9.787569271411156E-5;1445;0.002208902565231415;33990x220621-NZ-CP015010_357133_aligned_39842_R_104_482_0;0.8699786330246366;0.07742658914367245;0.8700604660851932;0.07743736427682515;
186;12;Rickettsia bellii OSU 85-389;strain;391896;0;0;1;1;1;1.0;1;1;0;;2.7020454484044422E-5;0.99999999999816;1.00000000000184;37009;33990;;;;;;0.0;2.7020454484044422E-5;0.0;2.7020454484044422E-5;0.0;0;0.0;1;2.7020454484044422E-5;0;0.0;1;2.7020454484044422E-5;0;0.0;1462938x212560-NZ-CP113531_993133_aligned_112416_R_43_154_38;;;;;
187;12;Rickettsia bellii str. RML Mogi;strain;1359194;0;0;1;1;1;1.0;1;1;0;;2.346701710745547E-5;0.9999999999987367;1.0000000000012634;42613;33990;;;;;;0.0;2.346701710745547E-5;0.0;2.346701710745547E-5;0.0;0;0.0;1;2.346701710745547E-5;0;0.0;1;2.346701710745547E-5;0;0.0;1462938x86281-NZ-JFKF01000199_7837_aligned_64224_R_70_383_53;;;;;
188;11;Rickettsia oklahomensis;species;3141789;31;1074;807;807;79;10.215189873417721;51;46;16236;523.741935483871;9.259206140677976E-4;806.6269688344349;1.0004624580877877;871565;1129742;0.9275060015937032;0.04871856609843527;0.9280008863398911;0.0485149782032262;10.993787156991418;3.556820202738752E-5;9.259206140677976E-4;0.018628558971505282;5.2778622363220186E-5;0.001232266096045619;31;3.556820202738752E-5;807;9.259206140677976E-4;16236;0.018628558971505282;46;5.2778622363220186E-5;1074;0.001232266096045619;3141789x170156-NZ-CP157197_146307_aligned_6078_R_49_548_27;0.9275060015937032;0.04871856609843527;0.9280008863398911;0.0485149782032262;
189;10;Rickettsia incertae sedis;no rank;2749451;0;0;0;0;0;;0;0;0;;;0.0;;0;780;;;;;;;;;;;14;7.408622578306494E-5;203;0.0010742502738544416;5513;0.029174097338716933;38;2.0109118426831914E-4;267;0.0014129301631484528;;0.9332366613829696;0.05544674323020142;0.9347618462273142;0.0564336163445803;
190;11;Candidatus Rickettsia colombianensi;species;1090944;14;267;203;202;38;5.342105263157895;24;38;5513;393.7857142857143;0.0010689584005842228;202.89153918245074;0.9956058336092122;188969;2749451;0.9332366613829696;0.05544674323020142;0.9347618462273142;0.0564336163445803;6.304337056213756;7.408622578306494E-5;0.0010742502738544416;0.029174097338716933;2.0109118426831914E-4;0.0014129301631484528;14;7.408622578306494E-5;203;0.0010742502738544416;5513;0.029174097338716933;38;2.0109118426831914E-4;267;0.0014129301631484528;1090944x246258-NZ-RAQN01000013_105348_aligned_114020_F_32_119_50;0.9332366613829696;0.05544674323020142;0.9347618462273142;0.0564336163445803;
191;7;Anaplasmataceae;family;942;1;30;51;49;9;5.666666666666667;21;6;801;801.0;3.9389067524115757E-4;50.98975214962258;0.9609774108376931;124400;766;0.9610894941634242;;0.9610894941634242;;6.422616289332565;8.038585209003215E-6;4.0996784565916397E-4;0.006438906752411575;4.823151125401929E-5;2.4115755627009645E-4;25813;0.015995263867950596;665807;0.2808928513221705;13111926;7.986739009003804;29439;0.024340532201343527;873998;0.6587424813475492;1184254x45184-NC-021881_92390_aligned_57988_F_233_348_228;0.925061851568616;0.05814311245086928;0.9250621350738439;0.05814325863347703;
192;8;Anaplasma;genus;768;3;72;229;225;32;7.15625;33;27;1407;469.0;3.408383411322195E-4;228.9604581915939;0.9827024359451632;660137;942;0.9413896060110671;0.0388936152490066;0.9413896060110671;0.0388936152490066;7.198160047159005;4.54451121509626E-6;3.4689768941901453E-4;0.0021313757598801462;4.090060093586634E-5;1.0906826916231024E-4;25685;0.015858383940937838;663269;0.277639548705031;13043924;7.916095943528269;29263;0.02409330783351885;869783;0.6542874523478871;1184254x45184-NC-021881_1457284_aligned_6901_R_42_467_35;0.9250297816447195;0.05818279370760851;0.925029952556254;0.05818281385281635;
193;9;phagocytophilum group;species group;106179;0;0;0;0;0;;0;0;0;;;0.0;;0;768;;;;;;;;;;;25682;0.015853839429722738;663039;0.2772917565772298;13042517;7.91396456776839;29235;0.02405151279420084;869711;0.6541783840787248;;0.9250278705991196;0.0581849109535796;0.9250280415306188;0.058184931106019515;
194;10;Anaplasma phagocytophilum;species;948;25410;858484;659490;138849;57341;11.501194607697808;211;28831;12914313;508.2374262101535;0.0260309873154969;620350.2091917858;0.22382357246384652;5333989;106179;0.9253080438755269;0.05789646773461731;0.9253082166367533;0.05789648736819949;12.13135091669486;0.004763789351646582;0.12363917510891005;2.4211360390881946;0.005405148004617183;0.16094596370558695;25682;0.015853839429722738;663039;0.2772917565772298;13042517;7.91396456776839;29235;0.02405151279420084;869711;0.6541783840787248;1359155x119229-NZ-LAOF01000001_403030_aligned_12784_F_45_3319_68;0.9250278705991196;0.0581849109535796;0.9250280415306188;0.058184931106019515;
195;11;Anaplasma phagocytophilum str. CRT38;strain;1269275;0;0;5;5;3;1.6666666666666667;3;3;0;;2.202546143341703E-4;4.999559510177414;1.0000881057264523;22701;948;;;;;1.1547005383792515;0.0;2.202546143341703E-4;0.0;1.321527686005022E-4;0.0;0;0.0;5;2.202546143341703E-4;0;0.0;3;1.321527686005022E-4;0;0.0;1184254x45184-NC-021881_175088_aligned_2321_F_120_491_3;;;;;
196;11;Anaplasma phagocytophilum str. Annie;strain;1359151;1;39;23;23;7;3.2857142857142856;13;7;605;605.0;0.006442577030812325;22.929270415793233;1.0030846853355635;3570;948;0.9321739130434783;;0.9321739130434783;;4.347960660443228;2.8011204481792715E-4;0.006442577030812325;0.16946778711484595;0.00196078431372549;0.010924369747899159;1;2.8011204481792715E-4;23;0.006442577030812325;605;0.16946778711484595;7;0.00196078431372549;39;0.010924369747899159;1359155x119229-NZ-LAOF01000001_1134765_aligned_14342_F_94_486_30;0.9321739130434783;;0.9321739130434783;;
197;11;Anaplasma phagocytophilum str. ApNYW;strain;1359154;1;5;7;7;3;2.3333333333333335;5;3;462;462.0;0.0012594458438287153;6.99622279526657;1.0005398920022937;5558;948;0.9884259259259259;;0.9884259259259259;;2.3094010767585034;1.799208348326736E-4;0.0012594458438287153;0.08312342569269521;5.397625044980209E-4;8.996041741633681E-4;1;1.799208348326736E-4;7;0.0012594458438287153;462;0.08312342569269521;3;5.397625044980209E-4;5;8.996041741633681E-4;1359159x188929-NZ-LAOE01000001_1464620_aligned_55934_F_109_355_1;0.9884259259259259;;0.9884259259259259;;
198;11;Anaplasma phagocytophilum str. ApWI1;strain;1359155;3;195;45;45;3;15.0;18;3;1983;661.0;0.033632286995515695;44.26795415740508;1.016536699211171;1338;948;0.896250768023366;0.01706187321077412;0.896250768023366;0.01706187321077412;3.605551275463989;0.002242152466367713;0.033632286995515695;1.4820627802690582;0.002242152466367713;0.14573991031390135;3;0.002242152466367713;45;0.033632286995515695;1983;1.4820627802690582;3;0.002242152466367713;195;0.14573991031390135;1359155x119229-NZ-LAOF01000001_1496255_aligned_9357_R_144_656_6;0.896250768023366;0.01706187321077412;0.896250768023366;0.01706187321077412;
199;11;Anaplasma phagocytophilum str. CRT53-1;strain;1359157;253;10080;3300;314;354;9.322033898305085;45;331;111331;440.04347826086956;0.010238351429782517;3128.7076276199105;0.10036092769680367;30669;948;0.8967287650932523;0.07796101772481633;0.8967287650932523;0.07796101772481633;8.272156809913572;0.008249372330366168;0.10760050865695002;3.630082493723304;0.010792657080439532;0.3286706446248655;253;0.008249372330366168;3300;0.10760050865695002;111331;3.630082493723304;331;0.010792657080439532;10080;0.3286706446248655;1359157x118545-NZ-LAOD01000041_7704_aligned_80055_R_65_238_44;0.8967287650932523;0.07796101772481633;0.8967287650932523;0.07796101772481633;
200;11;Anaplasma phagocytophilum str. HGE2;strain;1359159;0;0;1;1;1;1.0;1;1;0;;0.0019455252918287938;0.9999999999999964;1.0000000000000036;514;948;;;;;;0.0;0.0019455252918287938;0.0;0.0019455252918287938;0.0;0;0.0;1;0.0019455252918287938;0;0.0;1;0.0019455252918287938;0;0.0;1184254x45184-NC-021881_1329668_aligned_17811_F_29_430_40;;;;;
201;11;Anaplasma phagocytophilum str. NCH-1;strain;1359161;0;0;4;4;2;2.0;3;2;0;;0.0010669511869831954;3.9983998577968958;1.0004001956432607;3749;948;;;;;1.4142135623730951;0.0;0.0010669511869831954;0.0;5.334755934915977E-4;0.0;0;0.0;4;0.0010669511869831954;0;0.0;2;5.334755934915977E-4;0;0.0;1173064x44808-NC-021880_1238190_aligned_13386_F_101_468_23;;;;;
202;11;Anaplasma phagocytophilum str. MRK;strain;1392505;5;570;73;73;21;3.4761904761904763;14;21;8626;1725.2;6.105720976915356E-4;72.9780237544258;1.0003011351149784;119560;948;0.9331089178347668;0.03772362266822425;0.9331089178347668;0.03772362266822425;3.8680621455587763;4.182000669120107E-5;6.105720976915356E-4;0.07214787554366009;1.756440281030445E-4;0.004767480762796922;5;4.182000669120107E-5;73;6.105720976915356E-4;8626;0.07214787554366009;21;1.756440281030445E-4;570;0.004767480762796922;1359159x188929-NZ-LAOE01000001_1090844_aligned_27091_F_34_490_141;0.9331089178347668;0.03772362266822425;0.9331089178347668;0.03772362266822425;
203;11;Anaplasma phagocytophilum str. Norway variant1;strain;1392506;5;209;55;55;19;2.8947368421052633;8;19;2787;557.4;2.568773060576339E-4;54.99306488516969;1.0001261088983637;214110;948;0.9193824015489677;0.0508088880285885;0.9193824015489677;0.0508088880285885;2.1831357885722613;2.3352482368875813E-5;2.568773060576339E-4;0.013016673672411378;8.873943300172808E-5;9.761337630190089E-4;5;2.3352482368875813E-5;55;2.568773060576339E-4;2787;0.013016673672411378;19;8.873943300172808E-5;209;9.761337630190089E-4;948x12492-NZ-LASP01000002_572852_aligned_15330_F_88_471_74;0.9193824015489677;0.0508088880285885;0.9193824015489677;0.0508088880285885;
204;11;Anaplasma phagocytophilum str. Norway variant2;strain;1392507;3;123;28;28;11;2.5454545454545454;7;11;1837;612.3333333333334;2.1716200285412917E-4;27.997068510094554;1.000104707030466;128936;948;0.9184137548851394;0.0613057332283877;0.9184137548851394;0.0613057332283877;2.46429041972071;2.32673574486567E-5;2.1716200285412917E-4;0.014247378544394118;8.531364397840789E-5;9.539616553949247E-4;3;2.32673574486567E-5;28;2.1716200285412917E-4;1837;0.014247378544394118;11;8.531364397840789E-5;123;9.539616553949247E-4;1392507x124255-NZ-CP015376_693242_aligned_85571_R_46_162_21;0.9184137548851394;0.0613057332283877;0.9184137548851394;0.0613057332283877;
205;11;Anaplasma phagocytophilum str. CRT35;strain;1392508;1;6;8;8;3;2.6666666666666665;6;3;573;573.0;4.004204414635367E-4;7.9985986687462125;1.0001751970953692;19979;948;0.988950276243094;;0.988950276243094;;2.886751345948129;5.005255518294209E-5;4.004204414635367E-4;0.028680114119825816;1.5015766554882628E-4;3.0031533109765255E-4;1;5.005255518294209E-5;8;4.004204414635367E-4;573;0.028680114119825816;3;1.5015766554882628E-4;6;3.0031533109765255E-4;1359159x188929-NZ-LAOE01000001_1288026_aligned_18257_R_146_411_3;0.988950276243094;;0.988950276243094;;
206;9;unclassified Anaplasma;no rank;2617684;0;0;0;0;0;;0;0;0;;;0.0;;0;768;;;;;;;;;;;0;0.0;1;8.944383821398544E-7;0;0.0;1;8.944383821398544E-7;0;0.0;;;;;;
207;10;Candidatus Anaplasma sp. TIGMIC;species;3020713;0;0;1;1;1;1.0;1;1;0;;8.944383821398544E-7;0.9999999999972897;1.0000000000027103;1118020;2617684;;;;;;0.0;8.944383821398544E-7;0.0;8.944383821398544E-7;0.0;0;0.0;1;8.944383821398544E-7;0;0.0;1;8.944383821398544E-7;0;0.0;1359162x189685-NZ-LANS01000001_414480_aligned_22417_F_52_755_164;;;;;
208;8;Ehrlichia;genus;943;22;460;525;525;45;11.666666666666666;39;33;8728;396.72727272727275;5.020790855848791E-4;524.8684772139462;1.0002505823682761;1045652;942;0.9354050244714306;0.04932961526837402;0.9354050244714306;0.04932961526837402;10.615169248854123;2.1039504538794932E-5;5.020790855848791E-4;0.00834694525520919;3.15592568081924E-5;4.399169130838941E-4;127;1.288413418037577E-4;2487;0.0028433347714803634;67201;0.06420415872312149;170;1.9899285657066162E-4;4185;0.004213871443392057;1359167x229926-NZ-LANU01000003_223730_aligned_89504_F_84_221_55;0.9312641220622042;0.0494375847020817;0.9312871792093435;0.04946506581811035;
209;9;canis group;species group;106178;1;17;15;15;3;5.0;6;3;301;301.0;5.933896394168958E-5;14.99958463458068;1.000027691794769;252785;943;0.9372693726937269;;0.9372693726937269;;1.7320508075688772;3.955930929445972E-6;5.933896394168958E-5;0.0011907352097632374;1.1867792788337916E-5;6.725082580058152E-5;105;1.0780183726496278E-4;1962;0.0023412556858954845;58473;0.05585721346791231;137;1.6743359976246922E-4;3725;0.0037739545303081628;1423892x42175-NC-023063_375169_aligned_73203_F_100_228_147;0.9303965044145568;0.04965220550471122;0.9304243925830014;0.049685844468865814;
210;10;Ehrlichia canis;species;944;0;0;2;2;1;2.0;2;1;0;;1.7590180457661315E-6;1.9999991204270178;1.0000004397866846;1136998;106178;;;;;;0.0;1.7590180457661315E-6;0.0;8.795090228830657E-7;0.0;0;0.0;14;2.699873697825447E-4;0;0.0;2;2.3231871667614612E-5;0;0.0;1359154x236898-NZ-LAOG01000004_60005_aligned_111402_F_226_61_8;;;;;
211;11;Ehrlichia canis str. Jake;strain;269484;0;0;12;12;1;12.0;12;1;0;;2.6822835173677856E-4;11.998524853956347;1.0001229439503279;44738;944;;;;;;0.0;2.6822835173677856E-4;0.0;2.2352362644731548E-5;0.0;0;0.0;12;2.6822835173677856E-4;0;0.0;1;2.2352362644731548E-5;0;0.0;263x84243-NZ-JACTQH010000080_2324_aligned_10380_R_300_4237_29;;;;;
212;10;Ehrlichia muris;species;35795;5;146;138;138;12;11.5;37;11;1798;359.6;2.140749634676421E-4;137.98533689257889;1.0001062656928;644634;106178;0.9135613390805742;0.050276069379563755;0.9135613390805742;0.050276069379563755;11.634587932696043;7.75633925607399E-6;2.140749634676421E-4;0.0027891795964842063;1.7063946363362776E-5;2.2648510627736049E-4;8;2.1677129956985802E-5;207;5.342531495886138E-4;2756;0.0072345520936420455;14;3.098473706427459E-5;260;7.554751529120094E-4;1423892x42175-NC-023063_375169_aligned_73203_F_100_228_147;0.8979904701251443;0.04868708936036797;0.8979904701251443;0.04868708936036797;
213;11;Ehrlichia muris AS145;strain;1423892;3;114;69;69;4;17.25;25;3;958;319.3333333333333;3.2017818612097167E-4;68.9891150693681;1.0001577775076684;215505;35795;0.8720390218660944;0.04030882833384463;0.8720390218660944;0.04030882833384463;9.03234926989282;1.3920790700911812E-5;3.2017818612097167E-4;0.004445372497157839;1.3920790700911812E-5;5.289900466346488E-4;3;1.3920790700911812E-5;69;3.2017818612097167E-4;958;0.004445372497157839;3;1.3920790700911812E-5;114;5.289900466346488E-4;1423892x42175-NC-023063_1090490_aligned_71667_R_41_228_22;0.8720390218660944;0.04030882833384463;0.8720390218660944;0.04030882833384463;
214;10;Ehrlichia japonica;species;391036;0;0;1;1;1;1.0;1;1;0;;1.20600203090742E-6;0.9999999999994995;1.0000000000005005;829186;106178;;;;;;0.0;1.20600203090742E-6;0.0;1.20600203090742E-6;0.0;0;0.0;1;1.20600203090742E-6;0;0.0;1;1.20600203090742E-6;0;0.0;1359167x229926-NZ-LANU01000003_170728_aligned_56920_R_59_237_32;;;;;
215;10;Ehrlichia minasensis;species;1242993;96;3448;1725;479;158;10.917721518987342;41;117;55416;577.25;4.0998795713871204E-4;1723.727908144731;0.2778860850002443;1168327;106178;0.9330254148940998;0.04927800527473632;0.9330559175783361;0.04931346532054107;8.596373987378142;8.216877637853101E-5;0.001476470200551729;0.047431926164507025;1.0014319621133468E-4;0.002951228551595572;96;8.216877637853101E-5;1725;0.001476470200551729;55416;0.047431926164507025;117;1.0014319621133468E-4;3448;0.002951228551595572;1242993x138247-NZ-QOHL01000046_11_aligned_237_F_176_479_36;0.9330254148940998;0.04927800527473632;0.9330559175783361;0.04931346532054107;
216;4;Spirochaetota;phylum;203691;0;0;0;0;0;;0;0;0;;;0.0;;0;3379134;;;;;;;;;;;2082;0.003415426528338064;62925;0.10062942164171108;929299;1.4081138944927156;3919;0.009138211329605213;63021;0.0642619522934018;;0.9158478531692261;0.07152268939959809;0.9163104786704117;0.07123540316937521;
217;5;Spirochaetia;class;203692;2;15;53;53;6;8.833333333333334;29;4;832;416.0;0.04557179707652623;51.8322683153061;1.022529048460514;1163;203691;0.9816919191919192;0.006249681146860039;0.9816919191919192;0.006249681146860039;10.264826674945205;0.0017196904557179708;0.04557179707652623;0.7153912295786758;0.0034393809114359416;0.012897678417884782;2082;0.003415426528338064;62925;0.10062942164171108;929299;1.4081138944927156;3919;0.009138211329605213;63021;0.0642619522934018;139x14393-NZ-PHQI01000001_303283_aligned_20730_R_249_254_31;0.9158478531692261;0.07152268939959809;0.9163104786704117;0.07123540316937521;
218;6;Spirochaetales;order;136;0;0;24;24;3;8.0;13;3;0;;0.016249153689911984;23.8140592332858;1.0078080248685324;1477;203692;;;;;6.244997998398398;0.0;0.016249153689911984;0.0;0.002031144211238998;0.0;2080;0.0016957360726200944;62872;0.055057624565184905;928467;0.69272266491404;3915;0.0056988304181692755;63006;0.051364273875517015;139x5220-NZ-PHPW01000001_438547_aligned_89399_R_38_269_27;0.9157845415672812;0.07152777582355432;0.9162476119006795;0.07124064348095493;
219;7;Borreliaceae;family;1643685;55;812;4577;4450;620;7.382258064516129;45;497;21576;392.2909090909091;0.009302675616746489;4555.177657289461;0.9769103062048194;478357;136;0.948308576660028;0.04449269910914706;0.9485387262572662;0.04430833153245799;7.297332245262917;1.1497688964518131E-4;0.009568167707381725;0.04510438856335331;0.001038972984611911;0.0016974769889434042;2080;0.0016957360726200944;62848;0.03880847087527293;928467;0.69272266491404;3912;0.003667686206930275;63006;0.051364273875517015;139x24741-NZ-PHOH01000001_110319_aligned_12944_F_110_1533_23;0.9157845415672812;0.07152777582355432;0.9162476119006795;0.07124064348095493;
220;8;Borrelia;genus;138;7;133;238;238;33;7.212121212121212;37;26;1403;200.42857142857142;4.474215733899215E-5;237.9946981754158;1.00002227707014;5319368;1643685;0.8810277456654567;0.10085805537865095;0.8810277456654567;0.10085805537865095;8.271780248824825;1.3159458040880045E-6;4.474215733899215E-5;2.6375313759078147E-4;4.887798700898302E-6;2.5002970277672083E-5;50;3.4012863807625186E-5;1656;6.823337572911069E-4;22427;0.011656920134232949;86;4.945005988900981E-5;1718;7.082912360770008E-4;1653839x5947-NZ-CP073224_561_aligned_107949_F_41_108_28;0.8955770604076304;0.07734886610416673;0.8955832275368317;0.07735017399066793;
221;9;Borrelia hermsii;species;140;0;0;0;0;0;;0;0;0;;0.0;0.0;;833907;138;;;;;;0.0;0.0;0.0;0.0;0.0;1;2.4360417245226577E-6;8;1.948833379618126E-5;178;4.3361542696503303E-4;1;2.4360417245226577E-6;8;1.948833379618126E-5;;0.9459459459459459;;0.9459459459459459;;
222;10;Borrelia hermsii YBT;strain;1313295;1;8;8;8;1;8.0;8;1;178;178.0;1.948833379618126E-5;7.999931791312202;1.0000085261586695;410502;140;0.9459459459459459;;0.9459459459459459;;;2.4360417245226577E-6;1.948833379618126E-5;4.3361542696503303E-4;2.4360417245226577E-6;1.948833379618126E-5;1;2.4360417245226577E-6;8;1.948833379618126E-5;178;4.3361542696503303E-4;1;2.4360417245226577E-6;8;1.948833379618126E-5;1653839x5947-NZ-CP073224_1295_aligned_99976_R_112_64_4;0.9459459459459459;;0.9459459459459459;;
223;9;Borrelia parkeri;species;141;0;0;1;1;1;1.0;1;1;0;;1.728716048016817E-6;0.9999999999771454;1.0000000000228546;578464;138;;;;;;0.0;1.728716048016817E-6;0.0;1.728716048016817E-6;0.0;0;0.0;1;1.728716048016817E-6;0;0.0;1;1.728716048016817E-6;0;0.0;47466x74440-NZ-CP117143_27907_aligned_32789_R_33_3220_36;;;;;
224;9;Borrelia miyamotoi;species;47466;39;1550;1375;1370;107;12.850467289719626;54;50;20093;515.2051282051282;4.4728048567478136E-4;1374.6916429916223;0.9965871306372298;3062955;138;0.8941305119444616;0.07484133225551362;0.8941384185203608;0.07484323198366943;11.069935264522208;1.2732802146946332E-5;4.489128962064412E-4;0.006560004962528016;1.632410531659786E-5;5.060472648145337E-4;39;1.2732802146946332E-5;1375;4.489128962064412E-4;20093;0.006560004962528016;50;1.632410531659786E-5;1550;5.060472648145337E-4;47466x105990-NZ-CP115599_7363_aligned_32282_R_44_8709_24;0.8941305119444616;0.07484133225551362;0.8941384185203608;0.07484323198366943;
225;9;Borrelia turcica;species;229155;0;0;0;0;0;;0;0;0;;;0.0;;0;138;;;;;;;;;;;0;0.0;1;8.878116773869926E-7;0;0.0;1;8.878116773869926E-7;0;0.0;;;;;;
226;10;Borrelia turcica IST7;strain;1104446;0;0;1;1;1;1.0;1;1;0;;8.878116773869926E-7;1.000000000011196;0.9999999999888041;1126365;229155;;;;;;0.0;8.878116773869926E-7;0.0;8.878116773869926E-7;0.0;0;0.0;1;8.878116773869926E-7;0;0.0;1;8.878116773869926E-7;0;0.0;139x184812-NZ-CM135762_701432_aligned_104012_F_54_146_22;;;;;
227;9;Borrelia venezuelensis;species;1653839;3;27;27;27;3;9.0;16;3;753;251.0;1.5775266718861375E-4;26.997949315274205;1.0000759570551765;171154;138;0.9315409629811252;0.0751606803881061;0.9315409629811252;0.0751606803881061;6.082762530298219;1.7528074132068196E-5;1.5775266718861375E-4;0.004399546607149117;1.7528074132068196E-5;1.5775266718861375E-4;3;1.7528074132068196E-5;27;1.5775266718861375E-4;753;0.004399546607149117;3;1.7528074132068196E-5;27;1.5775266718861375E-4;1653839x5947-NZ-CP073224_3074_aligned_108275_R_27_46_61;0.9315409629811252;0.0751606803881061;0.9315409629811252;0.0751606803881061;
228;9;Candidatus Borrelia fainii;species;2518322;0;0;2;2;1;2.0;2;1;0;;3.459345768528256E-6;1.999998270344701;1.0000008648283973;578144;138;;;;;;0.0;3.459345768528256E-6;0.0;1.729672884264128E-6;0.0;0;0.0;2;3.459345768528256E-6;0;0.0;1;1.729672884264128E-6;0;0.0;139x180647-NZ-CP161174_127180_aligned_90487_R_130_142_239;;;;;
229;9;unclassified Borrelia;no rank;2649934;0;0;0;0;0;;0;0;0;;0.0;0.0;;840747;138;;;;;;0.0;0.0;0.0;0.0;0.0;0;0.0;2;2.493849543563187E-6;0;0.0;2;2.493849543563187E-6;0;0.0;;;;;;
230;10;Borrelia sp. HM;species;1882662;0;0;2;2;2;1.0;1;2;0;;2.493849543563187E-6;1.999998753018915;1.0000006234909313;801973;2649934;;;;;0.0;0.0;2.493849543563187E-6;0.0;2.493849543563187E-6;0.0;0;0.0;2;2.493849543563187E-6;0;0.0;2;2.493849543563187E-6;0;0.0;139x5220-NZ-PHPW01000001_93566_aligned_52606_R_415_284_8;;;;;
231;9;Borrelia puertoricensis;species;2756107;0;0;2;2;1;2.0;2;1;0;;2.867979723383356E-6;1.9999985660624364;1.000000716969296;697355;138;;;;;;0.0;2.867979723383356E-6;0.0;1.433989861691678E-6;0.0;0;0.0;2;2.867979723383356E-6;0;0.0;1;1.433989861691678E-6;0;0.0;445985x72642-NC-011728_725409_aligned_166_F_67_519_0;;;;;
232;8;Borreliella;genus;64895;1053;24208;39371;38423;3563;11.049957900645524;110;1901;428224;406.670465337132;0.005975687290354047;39250.711921164526;0.978912180680264;6429888;1643685;0.9266656280656271;0.06241901222227107;0.9268616865656533;0.06215112984447403;11.161178249360809;1.637664606288632E-4;0.006123123762031313;0.06659898275055491;2.956505618760389E-4;0.0037649178337165437;1975;0.0015467463191672878;56615;0.028557969410600098;884464;0.6359613562164538;3329;0.0025792631624293534;60476;0.04895850565049661;139x141496-NZ-CP147139_603167_aligned_689_F_299_624_214;0.9153903907459553;0.0717337241459841;0.9158715146493277;0.07143498879219339;
233;9;Borreliella burgdorferi;species;139;824;30553;14580;14339;1548;9.418604651162791;79;1103;376343;456.7269417475728;0.008168927425924765;14519.619043005418;0.9875603455937484;1755310;64895;0.9007852800619203;0.08059611334815395;0.90145488705529;0.08038119235073017;9.383061944024893;4.6943274977069577E-4;0.008306225111233913;0.2144025841589235;6.283790327634435E-4;0.01740604223755348;831;0.0012711588677824473;14685;0.019810976182010425;378968;0.5003173596456426;1117;0.0018476444474146612;30778;0.04035468688497975;139x244485-NZ-PHQG01000002_53792_aligned_112137_F_258_116_6;0.9009034465156462;0.08033683584877602;0.9015674130168937;0.08012208322202276;
234;10;Borreliella burgdorferi 118a;strain;476210;5;94;85;85;6;14.166666666666666;33;6;1503;300.6;0.01027935663320837;84.56970795232078;1.005088016242433;8269;139;0.9298780886925216;0.03679254178283427;0.9298780886925216;0.03679254178283427;11.143009766964518;6.046680372475511E-4;0.01027935663320837;0.18176321199661385;7.256016446970613E-4;0.011367759100253961;5;6.046680372475511E-4;85;0.01027935663320837;1503;0.18176321199661385;6;7.256016446970613E-4;94;0.011367759100253961;476210x24076-NC-012229_14825_aligned_30410_F_23_223_44;0.9298780886925216;0.03679254178283427;0.9298780886925216;0.03679254178283427;
235;10;Borreliella burgdorferi WI91-23;strain;498737;1;57;5;5;2;2.5;4;2;520;520.0;8.827683615819209E-4;4.998234774961734;1.00035316969245;5664;139;0.8836734693877552;;0.8836734693877552;;2.1213203435596424;1.7655367231638418E-4;8.827683615819209E-4;0.09180790960451977;3.5310734463276836E-4;0.010063559322033898;1;1.7655367231638418E-4;5;8.827683615819209E-4;520;0.09180790960451977;2;3.5310734463276836E-4;57;0.010063559322033898;139x190168-NZ-JAJNFO010000001_415734_aligned_45143_F_27_396_104;0.8836734693877552;;0.8836734693877552;;
236;10;Borreliella burgdorferi JD1;strain;521008;0;0;2;2;1;2.0;2;1;0;;7.606876616461281E-5;1.9999619656147156;1.0000190175543027;26292;139;;;;;;0.0;7.606876616461281E-5;0.0;3.8034383082306405E-5;0.0;0;0.0;2;7.606876616461281E-5;0;0.0;1;3.8034383082306405E-5;0;0.0;498739x120805-NC-012152_27199_aligned_26306_R_48_343_40;;;;;
237;10;Borreliella burgdorferi CA8;strain;747491;1;74;13;13;6;2.1666666666666665;7;5;602;602.0;2.665573098216116E-4;12.998400776371769;1.0001230323372656;48770;139;0.8706293706293706;;0.8706293706293706;;2.401388487243717;2.0504408447816282E-5;2.665573098216116E-4;0.012343653885585401;1.025220422390814E-4;0.0015173262251384047;1;2.0504408447816282E-5;13;2.665573098216116E-4;602;0.012343653885585401;5;1.025220422390814E-4;74;0.0015173262251384047;521007x131146-NC-017418_544195_aligned_1786_F_56_530_9;0.8706293706293706;;0.8706293706293706;;
238;9;Borreliella afzelii;species;29518;3;271;43;43;11;3.909090909090909;8;11;1813;604.3333333333334;4.5730572482957386E-5;42.99903967015458;1.0000223337510044;940290;64895;0.8454831526247064;0.05828528029519308;0.846002363424291;0.05741573173823842;2.2115399817568506;3.1905050569505153E-6;4.5730572482957386E-5;0.0019281285560837614;1.1698518542151889E-5;2.8820895681119655E-4;3;3.1905050569505153E-6;43;4.5730572482957386E-5;1813;0.0019281285560837614;11;1.1698518542151889E-5;271;2.8820895681119655E-4;521007x131146-NC-017418_149080_aligned_36920_F_36_447_118;0.8454831526247064;0.05828528029519308;0.846002363424291;0.05741573173823842;
239;9;Borreliella garinii;species;29519;8;2549;817;817;91;8.978021978021978;35;20;33998;4249.75;3.7475740535770067E-4;816.8471180588842;1.0001871610216109;2180077;64895;0.9290954861546;0.03413004178693829;0.9295385161266211;0.03391229674568997;8.581605679822164;3.669595156501353E-6;3.7475740535770067E-4;0.015594862016341625;9.173987891253383E-6;0.0011692247567402436;8;3.669595156501353E-6;821;4.241248845307954E-4;33998;0.015594862016341625;22;3.385772747780075E-5;2549;0.0011692247567402436;29519x222644-NZ-JAEIOV010000013_6956_aligned_8637_R_39_3326_28;0.9290954861546;0.03413004178693829;0.9295385161266211;0.03391229674568997;
240;10;Borreliella garinii BgVir;strain;1081646;0;0;4;4;2;2.0;3;2;0;;4.936747917309473E-5;3.999925949390942;1.0000185129949892;81025;29519;;;;;1.4142135623730951;0.0;4.936747917309473E-5;0.0;2.4683739586547364E-5;0.0;0;0.0;4;4.936747917309473E-5;0;0.0;2;2.4683739586547364E-5;0;0.0;139x191004-NZ-PHOK01000001_820291_aligned_83454_R_75_307_49;;;;;
241;9;Borreliella japonica;species;34095;1;28;49;49;14;3.5;15;14;347;347.0;5.2605022169259343E-5;48.99873750327513;1.0000257659031477;931470;64895;0.9022082018927445;;0.9116719242902208;;4.345643264767069;1.0735718810052926E-6;5.2605022169259343E-5;3.725294427088366E-4;1.5030006334074097E-5;3.0060012668148194E-5;1;1.0735718810052926E-6;49;5.2605022169259343E-5;347;3.725294427088366E-4;14;1.5030006334074097E-5;28;3.0060012668148194E-5;139x6319-NZ-CP132442_1969_aligned_37406_F_144_421_1;0.9022082018927445;;0.9116719242902208;;
242;9;Borreliella andersonii;species;42109;30;1056;790;790;82;9.634146341463415;43;51;17213;573.7666666666667;8.103420156180602E-4;789.6804062007105;1.0004047128392448;974897;64895;0.9319959802752895;0.050654135974013866;0.9339688109471059;0.04999473032897136;10.506332241248845;3.077248160574912E-5;8.103420156180602E-4;0.017656224195991988;5.23132187297735E-5;0.001083191352522369;30;3.077248160574912E-5;790;8.103420156180602E-4;17213;0.017656224195991988;51;5.23132187297735E-5;1056;0.001083191352522369;42109x2856-NZ-CP179270_33408_aligned_25942_F_69_495_3;0.9319959802752895;0.050654135974013866;0.9339688109471059;0.04999473032897136;
243;9;Borreliella tanukii;species;56146;1;41;15;15;7;2.142857142857143;5;7;232;232.0;1.8048478212478718E-5;14.999873660885724;1.0000084226785593;831095;64895;0.7920792079207921;;0.7970297029702971;;1.4638501094227996;1.2032318808319145E-6;1.8048478212478718E-5;2.791497963530042E-4;8.422623165823402E-6;4.933250711410849E-5;1;1.2032318808319145E-6;15;1.8048478212478718E-5;232;2.791497963530042E-4;7;8.422623165823402E-6;41;4.933250711410849E-5;139x24741-NZ-PHOH01000001_311735_aligned_93964_R_64_158_11;0.7920792079207921;;0.7970297029702971;;
244;9;Borreliella turdi;species;57863;3;126;39;39;7;5.571428571428571;19;7;870;290.0;2.7836464340775424E-5;38.999471112511586;1.0000135614015608;1401040;64895;0.8185595942345154;0.07009872690305557;0.832717114656815;0.0685189836839118;6.604471789556499;2.141266487751956E-6;2.7836464340775424E-5;6.209672814480672E-4;4.99628847142123E-6;8.993319248558214E-5;3;2.141266487751956E-6;39;2.7836464340775424E-5;870;6.209672814480672E-4;7;4.99628847142123E-6;126;8.993319248558214E-5;139x125003-NZ-PHOS01000002_17789_aligned_47713_F_74_160_59;0.8185595942345154;0.07009872690305557;0.832717114656815;0.0685189836839118;
245;9;Borreliella valaisiana;species;62088;4;101;51;51;19;2.6842105263157894;15;19;1904;476.0;4.442725429115009E-5;50.99888933319032;1.000021778254864;1147944;64895;0.9440043153344573;0.04282191431190931;0.9440043153344573;0.04282191431190931;3.2154597317568303;3.484490532639223E-6;4.442725429115009E-5;0.00165861749353627;1.6551330030036307E-5;8.798338594914038E-5;4;3.484490532639223E-6;51;4.442725429115009E-5;1904;0.00165861749353627;19;1.6551330030036307E-5;101;8.798338594914038E-5;139x90338-NZ-CP019916_217263_aligned_12195_F_75_406_1;0.9440043153344573;0.04282191431190931;0.9440043153344573;0.04282191431190931;
246;9;Borreliella bissettiae;species;64897;7;215;88;88;16;5.5;21;16;2651;378.7142857142857;1.919519771053642E-4;87.99165061061936;1.0000948884277394;458448;64895;0.884904281542185;0.1404698126176058;0.8869677568212678;0.13909798263817189;5.773502691896258;1.5268907269744877E-5;1.919519771053642E-4;0.0057825533102990965;3.4900359473702576E-5;4.689735804278784E-4;7;1.5268907269744877E-5;91;2.4223692514425122E-4;2651;0.0057825533102990965;17;5.166200881999825E-5;215;4.689735804278784E-4;139x60172-NZ-PHQI01000013_7456_aligned_99524_F_63_168_44;0.884904281542185;0.1404698126176058;0.8869677568212678;0.13909798263817189;
247;10;Borreliella bissettiae DN127;strain;521010;0;0;3;3;1;3.0;3;1;0;;5.028494803888703E-5;2.9999497153261734;1.0000167618388967;59660;64897;;;;;;0.0;5.028494803888703E-5;0.0;1.6761649346295674E-5;0.0;0;0.0;3;5.028494803888703E-5;0;0.0;1;1.6761649346295674E-5;0;0.0;139x122149-NZ-CP161130_5917_aligned_75807_F_19_200_68;;;;;
248;9;Borreliella sinica;species;87162;4;65;34;34;11;3.090909090909091;8;11;1181;295.25;4.3787911960539365E-5;33.999277508222725;1.000021250209717;776470;64895;0.9357160529475856;0.019337458011000036;0.9372220770439712;0.019981156046435543;2.3432688900143512;5.151519054181102E-6;4.3787911960539365E-5;0.0015209860007469702;1.4166677398998029E-5;8.37121846304429E-5;4;5.151519054181102E-6;34;4.3787911960539365E-5;1181;0.0015209860007469702;11;1.4166677398998029E-5;65;8.37121846304429E-5;521009x154487-NZ-CP161158_794531_aligned_14438_F_13_639_65;0.9357160529475856;0.019337458011000036;0.9372220770439712;0.019981156046435543;
249;9;Borreliella spielmanii;species;88916;0;0;25;25;7;3.5714285714285716;12;7;0;;3.175272501886112E-5;24.999618970951754;1.0000152413942265;787334;64895;;;;;3.866830866792722;0.0;3.175272501886112E-5;0.0;8.890763005281113E-6;0.0;0;0.0;25;3.175272501886112E-5;0;0.0;7;8.890763005281113E-6;0;0.0;139x95058-NZ-CP161126_817728_aligned_9367_R_65_647_6;;;;;
250;9;Borreliella lusitaniae;species;100177;0;0;16;16;13;1.2307692307692308;3;13;0;;1.3480256899995871E-5;15.999898898579529;1.0000063188787074;1186921;64895;;;;;0.599144689515278;0.0;1.3480256899995871E-5;0.0;1.0952708731246646E-5;0.0;0;0.0;16;1.3480256899995871E-5;0;0.0;13;1.0952708731246646E-5;0;0.0;139x137415-NZ-PHON01000001_502268_aligned_10427_R_139_505_151;;;;;
251;9;Borreliella lanei;species;373540;2;16;27;27;13;2.076923076923077;5;12;532;266.0;6.254633061527057E-5;26.99918691361745;1.0000301152173638;431680;64895;0.9682521812552772;0.01464763836063332;0.9682521812552772;0.01464763836063332;1.3204505835470495;4.6330615270570795E-6;6.254633061527057E-5;0.0012323943661971832;2.7798369162342477E-5;3.7064492216456636E-5;2;4.6330615270570795E-6;27;6.254633061527057E-5;532;0.0012323943661971832;12;2.7798369162342477E-5;16;3.7064492216456636E-5;139x42881-NZ-PHPF01000015_1172_aligned_413_F_61_3892_4;0.9682521812552772;0.01464763836063332;0.9682521812552772;0.01464763836063332;
252;9;Borreliella californiensis;species;373543;2;146;59;59;16;3.6875;17;16;2130;1065.0;1.0495139327421665E-4;58.996956511663875;1.0000515872091729;562165;64895;0.9086695835358937;0.03721735254081614;0.9092205477232216;0.03799653356691509;4.3927022814360335;3.5576743482785302E-6;1.0495139327421665E-4;0.003788923180916635;2.8461394786228242E-5;2.597102274243327E-4;2;3.5576743482785302E-6;59;1.0495139327421665E-4;2130;0.003788923180916635;16;2.8461394786228242E-5;146;2.597102274243327E-4;139x190168-NZ-JAJNFO010000001_327283_aligned_14735_R_41_405_32;0.9086695835358937;0.03721735254081614;0.9092205477232216;0.03799653356691509;
253;9;Borreliella carolinensis;species;478174;3;120;72;72;14;5.142857142857143;25;13;1361;453.6666666666667;1.1778543746656612E-4;71.9958187771323;1.0000580759124449;611281;64895;0.8971244819829453;0.06394483889187846;0.897943482801946;0.06338556310774532;8.08471628213615;4.9077265611069215E-6;1.1778543746656612E-4;0.00222647194988884;2.1266815098129992E-5;1.9630906244427686E-4;3;4.9077265611069215E-6;72;1.1778543746656612E-4;1361;0.00222647194988884;13;2.1266815098129992E-5;120;1.9630906244427686E-4;139x64442-NZ-CP077727_97080_aligned_90452_R_73_259_55;0.8971244819829453;0.06394483889187846;0.897943482801946;0.06338556310774532;
254;9;Borreliella americana;species;478807;2;57;47;47;16;2.9375;11;16;879;439.5;4.608367226076691E-5;46.99894009233747;1.0000225517354315;1019884;64895;0.90894545222279;0.11778639337355597;0.90894545222279;0.11778639337355597;2.79210195611359;1.9610073302454003E-6;4.608367226076691E-5;8.618627216428535E-4;1.5688058641963203E-5;5.588870891199391E-5;2;1.9610073302454003E-6;47;4.608367226076691E-5;879;8.618627216428535E-4;16;1.5688058641963203E-5;57;5.588870891199391E-5;139x82279-NZ-JAJNGA010000002_72323_aligned_87506_F_44_256_13;0.90894545222279;0.11778639337355597;0.90894545222279;0.11778639337355597;
255;9;Borreliella finlandensis;species;498741;7;186;87;87;20;4.35;17;20;2867;409.57142857142856;1.7359205866214396E-4;86.99253596221452;1.0000858008989268;501175;64895;0.9278721423994523;0.035909258241961346;0.9328330225730381;0.03914707163582144;3.9506828190633207;1.396717713373572E-5;1.7359205866214396E-4;0.00572055669177433;3.990622038210206E-5;3.7112784955354916E-4;7;1.396717713373572E-5;87;1.7359205866214396E-4;2867;0.00572055669177433;20;3.990622038210206E-5;186;3.7112784955354916E-4;139x113640-NZ-CP147394_21438_aligned_104_F_77_555_0;0.9278721423994523;0.035909258241961346;0.9328330225730381;0.03914707163582144;
256;9;Borreliella bavariensis;species;664662;8;347;153;153;34;4.5;32;22;6264;783.0;1.015864078714195E-4;152.99227968399975;1.0000504621279989;1506107;64895;0.9156959723472564;0.07446161943619373;0.9172068298056306;0.07525298250841123;5.609785822087771;5.311707601119973E-6;1.015864078714195E-4;0.0041590670516769394;1.4607195903079927E-5;2.3039531719857886E-4;8;5.311707601119973E-6;153;1.015864078714195E-4;6264;0.0041590670516769394;22;1.4607195903079927E-5;347;2.3039531719857886E-4;664662x93885-NZ-JACGTQ010000009_12617_aligned_114475_F_61_88_11;0.9156959723472564;0.07446161943619373;0.9172068298056306;0.07525298250841123;
257;9;Borreliella yangtzensis;species;683292;1;31;31;31;10;3.1;16;9;667;667.0;2.5754203542947628E-5;30.99961368856635;1.0000124618144448;1203687;64895;0.9513343799058085;;0.9513343799058085;;4.794672969962487;8.307807594499234E-7;2.5754203542947628E-5;5.541307665530989E-4;7.477026835049311E-6;2.5754203542947628E-5;1;8.307807594499234E-7;31;2.5754203542947628E-5;667;5.541307665530989E-4;9;7.477026835049311E-6;31;2.5754203542947628E-5;139x44210-NZ-CP147359_94035_aligned_19398_F_137_537_0;0.9513343799058085;;0.9513343799058085;;
258;9;Borreliella kurtenbachii;species;1196056;2;91;50;50;12;4.166666666666667;14;11;997;498.5;1.2579913903069248E-4;49.99691804408014;1.0000616429180123;397459;64895;0.893339745246093;0.06167805266500763;0.893339745246093;0.06167805266500763;4.549392233801092;5.031965561227699E-6;1.2579913903069248E-4;0.0025084348322720077;2.7675810586752344E-5;2.289544330358603E-4;2;5.031965561227699E-6;50;1.2579913903069248E-4;997;0.0025084348322720077;11;2.7675810586752344E-5;91;2.289544330358603E-4;139x85744-NZ-PHPC01000001_531560_aligned_9267_R_93_442_77;0.893339745246093;0.06167805266500763;0.893339745246093;0.06167805266500763;
259;9;Borreliella mayonii;species;1674146;3;44;59;59;13;4.538461538461538;17;13;1366;455.3333333333333;1.113983131652037E-4;58.996769563098866;1.0000547561658895;529631;64895;0.9507621326316897;0.034514876223282455;0.9507621326316897;0.034514876223282455;4.5573271518765;5.6643210084001884E-6;1.113983131652037E-4;0.0025791541658248857;2.4545391036400817E-5;8.307670812320276E-5;3;5.6643210084001884E-6;59;1.113983131652037E-4;1366;0.0025791541658248857;13;2.4545391036400817E-5;44;8.307670812320276E-5;498739x150530-NZ-ABJY02000011_56372_aligned_57237_R_80_196_116;0.9507621326316897;0.034514876223282455;0.9507621326316897;0.034514876223282455;
260;4;PVC group;clade;1783257;0;0;0;0;0;;0;0;0;;0.0;0.0;;321;3379134;;;;;;0.0;0.0;0.0;0.0;0.0;221;0.0010002804319774725;8492;0.03602369911123286;167859;0.6965092076147158;262;0.002513614630947987;10154;0.09007069327292448;;0.9373642687364867;0.044129801968864055;0.9373796483492268;0.04413717835206937;
261;5;Chlamydiota;phylum;204428;0;0;0;0;0;;0;0;0;;;0.0;;0;1783257;;;;;;;;;;;221;0.0010002804319774725;8492;0.03602369911123286;167859;0.6965092076147158;262;0.002513614630947987;10154;0.09007069327292448;;0.9373642687364867;0.044129801968864055;0.9373796483492268;0.04413717835206937;
262;6;Chlamydiia;class;204429;0;0;3;3;2;1.5;2;2;0;;0.001763668430335097;2.9982366771837015;1.0005881199538773;1701;204428;;;;;0.7071067811865476;0.0;0.001763668430335097;0.0;0.0011757789535567313;0.0;221;0.0010002804319774725;8492;0.03602369911123286;167859;0.6965092076147158;262;0.002513614630947987;10154;0.09007069327292448;596780x105845-NZ-CP166118_43015_aligned_53853_R_33_446_74;0.9373642687364867;0.044129801968864055;0.9373796483492268;0.04413717835206937;
263;7;Chlamydiales;order;51291;0;0;0;0;0;;0;0;0;;0.0;0.0;;1052;204429;;;;;;0.0;0.0;0.0;0.0;0.0;221;0.0010002804319774725;8489;0.034260030680897766;167859;0.6965092076147158;260;0.0013378356773912552;10154;0.09007069327292448;;0.9373642687364867;0.044129801968864055;0.9373796483492268;0.04413717835206937;
264;8;Chlamydiaceae;family;809;0;0;24;24;1;24.0;24;1;0;;0.007462686567164179;23.914374479824538;1.0035805042798716;3216;51291;;;;;;0.0;0.007462686567164179;0.0;3.109452736318408E-4;0.0;221;0.0010002804319774725;8489;0.034260030680897766;167859;0.6965092076147158;260;0.0013378356773912552;10154;0.09007069327292448;596780x105845-NZ-CP166118_43015_aligned_53853_R_33_446_74;0.9373642687364867;0.044129801968864055;0.9373796483492268;0.04413717835206937;
265;9;Chlamydia/Chlamydophila group;no rank;1113537;0;0;0;0;0;;0;0;0;;;0.0;;0;809;;;;;;;;;;;221;0.0010002804319774725;8465;0.026797344113733596;167859;0.6965092076147158;259;0.0010268904037594145;10154;0.09007069327292448;;0.9373642687364867;0.044129801968864055;0.9373796483492268;0.04413717835206937;
266;10;Chlamydia;genus;810;2;30;785;785;81;9.691358024691358;43;7;1143;571.5;1.8737243457897415E-4;784.926554405122;1.0000935700218903;4189517;1113537;0.9715725406838858;0.02271222476905758;0.9715725406838858;0.02271222476905758;9.248840434493184;4.773819989273227E-7;1.8737243457897415E-4;2.728238123869649E-4;1.6708369962456293E-6;7.1607299839098395E-6;221;0.0010002804319774725;8465;0.026797344113733596;167859;0.6965092076147158;259;0.0010268904037594145;10154;0.09007069327292448;83555x149538-NZ-FPIM01000002_202502_aligned_7031_R_31_26410_34;0.9373642687364867;0.044129801968864055;0.9373796483492268;0.04413717835206937;
267;11;Chlamydia trachomatis;species;813;98;3459;3577;3574;261;13.704980842911878;140;108;62746;640.265306122449;0.0022465228866876234;3572.982854913645;1.0002846767330429;1590903;810;0.9409793973404447;0.03923976568005597;0.9410109498501313;0.03925679885733237;15.087218676862802;6.160023584090294E-5;0.0022484086081929573;0.03944049385789077;6.788597419201547E-5;0.002174236895649829;101;8.99004633266765E-4;3639;0.023545004676137703;64798;0.6168096310618987;111;9.052903716178775E-4;3715;0.08517896757972472;596780x105845-NZ-CP166118_971174_aligned_25967_F_357_998_3;0.9389811377215705;0.04121772102173048;0.9390117530279992;0.04123494959297607;
268;12;Chlamydia trachomatis B/Jali20/OT;strain;580049;1;40;5;5;1;5.0;5;1;666;666.0;5.466870763175158E-4;4.99890674538894;1.0002186987408934;9146;813;0.9371069182389937;;0.9371069182389937;;;1.0933741526350318E-4;5.466870763175158E-4;0.07281871856549312;1.0933741526350318E-4;0.004373496610540126;1;1.0933741526350318E-4;5;5.466870763175158E-4;666;0.07281871856549312;1;1.0933741526350318E-4;40;0.004373496610540126;596780x105845-NZ-CP166118_83614_aligned_5375_R_118_547_0;0.9371069182389937;;0.9371069182389937;;
269;12;Chlamydia trachomatis I/UW-12/UR;strain;596780;2;216;57;57;2;28.5;31;2;1386;693.0;0.02074990899162723;56.42286111191251;1.0102288128732564;2747;813;0.8420035261380292;0.036459074711639956;0.8420035261380292;0.036459074711639956;3.5355339059327378;7.280669821623589E-4;0.02074990899162723;0.5045504186385148;7.280669821623589E-4;0.07863123407353477;2;7.280669821623589E-4;57;0.02074990899162723;1386;0.5045504186385148;2;7.280669821623589E-4;216;0.07863123407353477;596780x105845-NZ-CP166118_110761_aligned_35252_R_103_686_25;0.8420035261380292;0.036459074711639956;0.8420035261380292;0.036459074711639956;
270;11;Chlamydia abortus;species;83555;1;2006;1314;1314;127;10.346456692913385;56;2;26110;26110.0;7.284867710904959E-4;1313.5218644784782;1.0003640103255622;1803739;810;0.9227760736196319;;0.9230828220858895;;10.535938460815617;5.544039353808949E-7;7.284867710904959E-4;0.014475486752795166;1.1088078707617897E-6;0.0011121342943740751;1;5.544039353808949E-7;1314;7.284867710904959E-4;26110;0.014475486752795166;2;1.1088078707617897E-6;2006;0.0011121342943740751;83555x149538-NZ-FPIM01000002_202502_aligned_7031_R_31_26410_34;0.9227760736196319;;0.9230828220858895;;
271;11;Chlamydia caviae;species;83557;0;0;7;7;1;7.0;7;1;0;;6.6923077658495355E-6;6.999979923067494;1.0000028681414412;1045977;810;;;;;;0.0;6.6923077658495355E-6;0.0;9.560439665499337E-7;0.0;0;0.0;7;6.6923077658495355E-6;0;0.0;1;9.560439665499337E-7;0;0.0;83555x149538-NZ-FPIM01000002_202502_aligned_7031_R_31_26410_34;;;;;
272;11;Chlamydia suis;species;83559;0;0;2;2;1;2.0;2;1;0;;7.258029103970904E-7;1.99999963728449;1.000000181357788;2755569;810;;;;;;0.0;7.258029103970904E-7;0.0;3.629014551985452E-7;0.0;0;0.0;2;7.258029103970904E-7;0;0.0;1;3.629014551985452E-7;0;0.0;596780x105845-NZ-CP166118_77656_aligned_12925_F_67_1558_43;;;;;
273;11;Chlamydia ibidis;species;1405396;117;4403;2714;408;202;13.435643564356436;71;135;75808;647.9316239316239;3.495688650664181E-4;2710.848147422684;0.15050640161747994;1167152;810;0.935508438682885;0.04686835440175368;0.935508438682885;0.04686835440175368;12.428034303478606;1.0024401277639931E-4;0.0023253183818388694;0.06495126598763486;1.1566616858815304E-4;0.0037724306688417617;117;1.0024401277639931E-4;2714;0.0023253183818388694;75808;0.06495126598763486;135;1.1566616858815304E-4;4403;0.0037724306688417617;1405396x144292-NZ-KE360154_947_aligned_14276_F_137_458_4;0.935508438682885;0.04686835440175368;0.935508438682885;0.04686835440175368;
274;11;Candidatus Chlamydia corallus;species;2038470;0;0;1;1;1;1.0;1;1;0;;8.810401912914464E-7;0.9999999999499507;1.0000000000500493;1135022;810;;;;;;0.0;8.810401912914464E-7;0.0;8.810401912914464E-7;0.0;0;0.0;1;8.810401912914464E-7;0;0.0;1;8.810401912914464E-7;0;0.0;83555x149538-NZ-FPIM01000002_202502_aligned_7031_R_31_26410_34;;;;;
275;11;unclassified Chlamydia;no rank;2641215;0;0;0;0;0;;0;0;0;;0.0;0.0;;178;810;;;;;;0.0;0.0;0.0;0.0;0.0;0;0.0;3;2.862699220009886E-6;0;0.0;1;9.542330733366286E-7;0;0.0;;;;;;
276;12;Chlamydia sp. 12-01;species;3002742;0;0;3;3;1;3.0;3;1;0;;2.862699220009886E-6;2.9999971372758685;1.0000009542422879;1047962;2641215;;;;;;0.0;2.862699220009886E-6;0.0;9.542330733366286E-7;0.0;0;0.0;3;2.862699220009886E-6;0;0.0;1;9.542330733366286E-7;0;0.0;596780x105845-NZ-CP166118_77656_aligned_12925_F_67_1558_43;;;;;
