pos;name;rank;taxid;reads;kmers from reads;kmers;unique kmers;contigs;average contig length;max contig length;reads >=1 kmer;reads bps;avg. read length;db coverage;exp. unique kmers;unique kmers / exp.;db kmers;parent taxid;mean error;kmer error std. dev.;mean class error;class error std. dev.;contig len std. dev.;norm. reads;norm. kmers;norm. reads bps;norm. read >=1 kmer;norm. reads kmers;acc. reads;acc. norm. reads;acc. kmers;acc. norm. kmers;acc. reads bps;acc. norm. reads bps;acc. read >=1 kmer;acc. norm. read >=1 kmer;acc. reads kmers;acc. norm. reads kmers;max contig desc.;acc. mean error;acc. error std. dev.;acc. class mean error;acc. class error std. dev.;
0;TOTAL;;;1494667;0;348022237;0;0;;0;0;392861851;262.8423929878695;;;;505331577;;;;;;;;;;;;;;;;;;;;;;;;;;;
1;root;no rank;1;0;0;71;71;3;23.666666666666668;64;1;0;;0.02455897613282601;70.14723426456888;1.0121567976894827;2891;;;;;;34.93326972004386;0.0;0.02455897613282601;0.0;3.459010722933241E-4;0.0;69371;0.5056490808332988;5283757;31.582334648625455;25522541;207.57282891108764;78678;0.5538369442055415;5280008;47.691390542820265;SRR17281099.412520;0.7568375588122431;0.21459885697966335;0.7569559156416894;0.21444850005623614;
2;cellular organisms;cellular root;131567;62102;3921954;3986800;57678;142423;27.992669723289076;1952;63061;22343411;359.7856912820843;0.4350790908885184;132568.99999998847;0.43507909088855623;132569;1;0.7853156768143943;0.19199889845572488;0.7853156768143943;0.19199889845572488;37.996186488409016;0.4684503918714028;30.073395741085776;168.54174807081594;0.475684360597123;29.584246694174354;69371;0.5056490808332988;5283686;31.557775672492628;25522541;207.57282891108764;78677;0.5534910431332482;5280008;47.691390542820265;SRR17281099.1000276;0.7568375588122431;0.21459885697966335;0.7569559156416894;0.21444850005623614;
3;Bacteria;domain;2;134;6337;2247;1596;524;4.288167938931298;74;333;76083;567.7835820895523;0.0011597446527124291;2245.1673639705577;0.7108601459347283;1376165;131567;0.8947157697586132;0.1241957846763435;0.8947157697586132;0.1241957846763435;7.007983243552647;9.737204477660746E-5;0.001632798392634604;0.05528624837864646;2.4197679784037526E-4;0.004604825729472847;7269;0.03719868896189617;1296886;1.4843799314068729;3179130;39.03108084027154;15616;0.07780668253612556;1358054;18.107143848645897;SRR17281099.468627;0.5135375059618431;0.2417476494540623;0.5146670329415538;0.241608700588151;
4;Bacillati;kingdom;1783272;6;204;9;8;7;1.2857142857142858;2;6;2895;482.5;3.6859904717146306E-5;8.999834132146121;0.8889052712010707;217038;2;0.9208269345796646;0.13217129641956182;0.9208269345796646;0.13217129641956182;0.48795003647426666;2.7644928537859728E-5;4.146739280678959E-5;0.01333867801951732;2.7644928537859728E-5;9.399275702872308E-4;68;0.001907932452840448;92;0.0032418248301534186;35804;0.66367773633434;68;0.001907932452840448;1765;0.01003686463735683;SRR17281099.1027;0.9345234140106412;0.11262644620765552;0.9345234140106412;0.11262644620765552;
5;Mycoplasmatota;phylum;544448;4;149;4;3;4;1.0;1;4;2162;540.5;4.893229727349239E-6;3.9999902135967313;0.7500018349551023;613092;1783272;0.9322328440764417;0.03747972014718234;0.9322328440764417;0.03747972014718234;0.0;6.524306303132319E-6;6.524306303132319E-6;0.0035263875568430185;6.524306303132319E-6;2.430304097916789E-4;62;0.0018802875243025883;83;0.003200357437346629;32909;0.6503390583148227;62;0.0018802875243025883;1561;0.0090969370670696;SRR17281099.26459;0.935848879762026;0.11171503951280301;0.935848879762026;0.11171503951280301;
6;Mollicutes;class;31969;0;0;0;0;0;;0;0;0;;0.0;0.0;;52442;544448;;;;;;0.0;0.0;0.0;0.0;0.0;37;0.0013954380546930484;55;0.0027118628192698557;18540;0.5326740808502841;37;0.0013954380546930484;1151;0.008096341820326263;;0.919155012904381;0.1349959289923204;0.919155012904381;0.1349959289923204;
7;Mycoplasmatales;order;2085;0;0;0;0;0;;0;0;0;;0.0;0.0;;220;31969;;;;;;0.0;0.0;0.0;0.0;0.0;37;0.0013954380546930484;55;0.0027118628192698557;18540;0.5326740808502841;37;0.0013954380546930484;1151;0.008096341820326263;;0.919155012904381;0.1349959289923204;0.919155012904381;0.1349959289923204;
8;Mycoplasmataceae;family;2092;0;0;0;0;0;;0;0;0;;0.0;0.0;;92;2085;;;;;;0.0;0.0;0.0;0.0;0.0;37;0.0013954380546930484;55;0.0027118628192698557;18540;0.5326740808502841;37;0.0013954380546930484;1151;0.008096341820326263;;0.919155012904381;0.1349959289923204;0.919155012904381;0.1349959289923204;
9;Mycoplasma;genus;2093;1;3;1;1;1;1.0;1;1;741;741.0;4.425552253601846E-7;0.9999999999884635;1.0000000000115365;2259605;2092;0.9957805907172996;;0.9957805907172996;;;4.425552253601846E-7;4.425552253601846E-7;3.279334219918968E-4;4.425552253601846E-7;1.327665676080554E-6;37;0.0013954380546930484;55;0.0027118628192698557;18540;0.5326740808502841;37;0.0013954380546930484;1151;0.008096341820326263;SRR17281099.799495;0.919155012904381;0.1349959289923204;0.919155012904381;0.1349959289923204;
10;Mycoplasma ovis;species;171632;0;0;0;0;0;;0;0;0;;;0.0;;0;2093;;;;;;;;;;;1;1.4663057599422861E-6;1;1.4663057599422861E-6;642;9.413682978829477E-4;1;1.4663057599422861E-6;167;2.448730619103618E-4;;0.7271241830065359;;0.7271241830065359;;
11;Mycoplasma ovis str. Michigan;strain;1415773;1;167;1;1;1;1.0;1;1;642;642.0;1.4663057599422861E-6;0.9999999999867812;1.0000000000132188;681986;171632;0.7271241830065359;;0.7271241830065359;;;1.4663057599422861E-6;1.4663057599422861E-6;9.413682978829477E-4;1.4663057599422861E-6;2.448730619103618E-4;1;1.4663057599422861E-6;1;1.4663057599422861E-6;642;9.413682978829477E-4;1;1.4663057599422861E-6;167;2.448730619103618E-4;SRR17281099.1381163;0.7271241830065359;;0.7271241830065359;;
12;Candidatus Mycoplasma haematobovis;species;432608;1;20;3;3;1;3.0;3;1;153;153.0;3.2703357653730306E-6;2.999996729799979;1.000001090067862;917337;2093;0.8373983739837398;;0.8373983739837398;;;1.0901119217910103E-6;3.2703357653730306E-6;1.6678712403402456E-4;1.0901119217910103E-6;2.1802238435820207E-5;1;1.0901119217910103E-6;3;3.2703357653730306E-6;153;1.6678712403402456E-4;1;1.0901119217910103E-6;20;2.1802238435820207E-5;SRR17281099.525591;0.8373983739837398;;0.8373983739837398;;
13;Mycoplasma seminis;species;512749;1;63;2;2;1;2.0;2;1;369;369.0;2.127308794826385E-6;1.999998936452786;1.0000005317738898;940155;2093;0.8141592920353983;;0.8141592920353983;;;1.0636543974131926E-6;2.127308794826385E-6;3.9248847264546804E-4;1.0636543974131926E-6;6.701022703703113E-5;1;1.0636543974131926E-6;2;2.127308794826385E-6;369;3.9248847264546804E-4;1;1.0636543974131926E-6;63;6.701022703703113E-5;SRR17281099.515346;0.8141592920353983;;0.8141592920353983;;
14;Mycoplasma anserisalpingitidis;species;519450;3;467;3;1;3;1.0;1;3;1957;652.3333333333334;4.927623072313854E-7;2.9999985214571225;0.33333349761595626;2029376;2093;0.7794607281879206;0.17045448970308955;0.7794607281879206;0.17045448970308955;0.0;1.4782869216941562E-6;1.4782869216941562E-6;9.643358352518212E-4;1.4782869216941562E-6;2.30119997477057E-4;3;1.4782869216941562E-6;3;1.4782869216941562E-6;1957;9.643358352518212E-4;3;1.4782869216941562E-6;467;2.30119997477057E-4;SRR17281099.839751;0.7794607281879206;0.17045448970308955;0.7794607281879206;0.17045448970308955;
15;Mycoplasma hafezii;species;525886;2;59;3;2;2;1.5;2;2;767;383.5;2.2439108673725263E-6;2.9999966341238276;0.6666674146399886;891301;2093;0.9178178346810422;0.036252723002208186;0.9178178346810422;0.036252723002208186;0.7071067811865476;2.2439108673725263E-6;3.3658663010587895E-6;8.605398176373639E-4;2.2439108673725263E-6;6.619537058748953E-5;2;2.2439108673725263E-6;3;3.3658663010587895E-6;767;8.605398176373639E-4;2;2.2439108673725263E-6;59;6.619537058748953E-5;SRR17281099.567383;0.9178178346810422;0.036252723002208186;0.9178178346810422;0.036252723002208186;
16;Mycoplasma tauri;species;547987;4;38;6;6;4;1.5;2;4;3356;839.0;5.338026051346472E-6;5.999986654742288;1.0000022242145659;1124011;2093;0.9701663739884934;0.05398339203842136;0.9701663739884934;0.05398339203842136;0.5773502691896257;3.558684034230982E-6;5.338026051346472E-6;0.0029857359047197937;3.558684034230982E-6;3.3807498325194325E-5;4;3.558684034230982E-6;6;5.338026051346472E-6;3356;0.0029857359047197937;4;3.558684034230982E-6;38;3.3807498325194325E-5;SRR17281099.486344;0.9701663739884934;0.05398339203842136;0.9701663739884934;0.05398339203842136;
17;Mycoplasma procyoni;species;568784;1;1;1;1;1;1.0;1;1;510;510.0;1.0379753667685958E-6;1.0000000000002562;0.9999999999997438;963414;2093;0.9979166666666667;;0.9979166666666667;;;1.0379753667685958E-6;1.0379753667685958E-6;5.293674370519839E-4;1.0379753667685958E-6;1.0379753667685958E-6;1;1.0379753667685958E-6;1;1.0379753667685958E-6;510;5.293674370519839E-4;1;1.0379753667685958E-6;1;1.0379753667685958E-6;SRR17281099.965592;0.9979166666666667;;0.9979166666666667;;
18;Mycoplasma mycoides group;species group;656088;0;0;0;0;0;;0;0;0;;0.0;0.0;;743511;2093;;;;;;0.0;0.0;0.0;0.0;0.0;7;2.9174062621551915E-5;7;2.9174062621551915E-5;2002;0.010205859134807416;7;2.9174062621551915E-5;72;2.74007708538111E-4;;0.9662835455358593;0.04508553918098148;0.9662835455358593;0.04508553918098148;
19;Mycoplasma capricolum;species;2095;0;0;0;0;0;;0;0;0;;0.0;0.0;;360365;656088;;;;;;0.0;0.0;0.0;0.0;0.0;3;1.3805690429481224E-6;3;1.3805690429481224E-6;803;3.6953231382911406E-4;3;1.3805690429481224E-6;4;1.8407587239308298E-6;;0.9938049863675972;0.0035144592123494576;0.9938049863675972;0.0035144592123494576;
20;Mycoplasma capricolum subsp. capricolum;subspecies;40479;3;4;3;2;3;1.0;1;3;803;267.6666666666667;9.203793619654149E-7;2.999998619847286;0.6666669733674109;2173017;2095;0.9938049863675972;0.0035144592123494576;0.9938049863675972;0.0035144592123494576;0.0;1.3805690429481224E-6;1.3805690429481224E-6;3.6953231382911406E-4;1.3805690429481224E-6;1.8407587239308298E-6;3;1.3805690429481224E-6;3;1.3805690429481224E-6;803;3.6953231382911406E-4;3;1.3805690429481224E-6;4;1.8407587239308298E-6;SRR17281099.81545;0.9938049863675972;0.0035144592123494576;0.9938049863675972;0.0035144592123494576;
21;Mycoplasma mycoides;species;2102;0;0;0;0;0;;0;0;0;;0.0;0.0;;1058668;656088;;;;;;0.0;0.0;0.0;0.0;0.0;2;2.151263887989639E-5;2;2.151263887989639E-5;664;0.008156198189074072;2;2.151263887989639E-5;24;1.3398814644261737E-4;;0.9558798689233472;0.038220696932481896;0.9558798689233472;0.038220696932481896;
22;Mycoplasma mycoides subsp. mycoides;subspecies;2103;1;6;1;1;1;1.0;1;1;381;381.0;2.1103279449626472E-5;0.9999999999985982;1.0000000000014018;47386;2102;0.9829059829059829;;0.9829059829059829;;;2.1103279449626472E-5;2.1103279449626472E-5;0.008040349470307686;2.1103279449626472E-5;1.2661967669775882E-4;1;2.1103279449626472E-5;1;2.1103279449626472E-5;381;0.008040349470307686;1;2.1103279449626472E-5;6;1.2661967669775882E-4;SRR17281099.826743;0.9829059829059829;;0.9829059829059829;;
23;Mycoplasma mycoides subsp. capri;subspecies;40477;1;18;1;1;1;1.0;1;1;283;283.0;4.0935943026991934E-7;0.9999999999326276;1.0000000000673726;2442841;2102;0.9288537549407114;;0.9288537549407114;;;4.0935943026991934E-7;4.0935943026991934E-7;1.1584871876638717E-4;4.0935943026991934E-7;7.368469744858548E-6;1;4.0935943026991934E-7;1;4.0935943026991934E-7;283;1.1584871876638717E-4;1;4.0935943026991934E-7;18;7.368469744858548E-6;SRR17281099.389329;0.9288537549407114;;0.9288537549407114;;
24;Mycoplasma leachii;species;2105;2;44;2;2;2;1.0;1;2;535;267.5;6.2808546987074005E-6;1.9999968595805262;1.0000015702122025;318428;656088;0.9354050609007648;0.0794668913518361;0.9354050609007648;0.0794668913518361;0.0;6.2808546987074005E-6;6.2808546987074005E-6;0.0016801286319042296;6.2808546987074005E-6;1.381788033715628E-4;2;6.2808546987074005E-6;2;6.2808546987074005E-6;535;0.0016801286319042296;2;6.2808546987074005E-6;44;1.381788033715628E-4;SRR17281099.975961;0.9354050609007648;0.0794668913518361;0.9354050609007648;0.0794668913518361;
25;Mycoplasma miroungirhinis;species;754516;2;8;7;4;2;3.5;4;2;557;278.5;5.4418511000702E-6;6.9999714302391425;0.5714309036634663;735044;2093;0.9833461510290779;0.0023176612069117923;0.9833461510290779;0.0023176612069117923;0.7071067811865476;2.7209255500351E-6;9.52323942512285E-6;7.577777656847753E-4;2.7209255500351E-6;1.08837022001404E-5;2;2.7209255500351E-6;7;9.52323942512285E-6;557;7.577777656847753E-4;2;2.7209255500351E-6;8;1.08837022001404E-5;SRR17281099.61783;0.9833461510290779;0.0023176612069117923;0.9833461510290779;0.0023176612069117923;
26;unclassified Mycoplasma;no rank;2683645;3;18;4;4;3;1.3333333333333333;2;3;1562;520.6666666666666;4.871710803554595E-7;3.9999992690059516;1.0000001827485454;8210668;2093;0.957975918386782;0.07019389814428918;0.957975918386782;0.07019389814428918;0.5773502691896258;3.6537831026659464E-7;4.871710803554595E-7;1.9024030687880695E-4;3.6537831026659464E-7;2.1922698615995676E-6;11;0.0013488369467040547;15;0.0026499895863911437;6227;0.5135663156814274;11;0.0013488369467040547;203;0.007106532452724979;SRR17281099.651340;0.9043627680909658;0.20119747549001082;0.9043627680909658;0.20119747549001082;
27;Mycoplasma sp. NEAQ87857;species;2683967;2;30;2;2;2;1.0;1;2;623;311.5;1.8281786313340677E-6;1.9999990859548067;1.0000004570228056;1093985;2683645;0.8952465383316447;0.1448004717232226;0.8952465383316447;0.1448004717232226;0.0;1.8281786313340677E-6;1.8281786313340677E-6;5.694776436605621E-4;1.8281786313340677E-6;2.7422679470011013E-5;2;1.8281786313340677E-6;2;1.8281786313340677E-6;623;5.694776436605621E-4;2;1.8281786313340677E-6;30;2.7422679470011013E-5;SRR17281099.291932;0.8952465383316447;0.1448004717232226;0.8952465383316447;0.1448004717232226;
28;Mycoplasma sp. 3686d;species;2967300;1;2;2;2;1;2.0;2;1;359;359.0;2.241700105359905E-5;1.999988791502415;1.0000056042802004;89218;2683645;0.993920972644377;;0.993920972644377;;;1.1208500526799525E-5;2.241700105359905E-5;0.0040238516891210295;1.1208500526799525E-5;2.241700105359905E-5;1;1.1208500526799525E-5;2;2.241700105359905E-5;359;0.0040238516891210295;1;1.1208500526799525E-5;2;2.241700105359905E-5;SRR17281099.731419;0.993920972644377;;0.993920972644377;;
29;Mycoplasma sp. 1232;species;3108527;1;133;1;1;1;1.0;1;1;229;229.0;1.2110056190660724E-5;0.9999999999964171;1.000000000003583;82576;2683645;0.3316582914572864;;0.3316582914572864;;;1.2110056190660724E-5;1.2110056190660724E-5;0.002773202867661306;1.2110056190660724E-5;0.0016106374733578764;1;1.2110056190660724E-5;1;1.2110056190660724E-5;229;0.002773202867661306;1;1.2110056190660724E-5;133;0.0016106374733578764;SRR17281099.279433;0.3316582914572864;;0.3316582914572864;;
30;Mycoplasma sp. 4404;species;3108530;1;2;1;1;1;1.0;1;1;1801;1801.0;6.306402890855085E-6;1.00000000000693;0.99999999999307;158569;2683645;0.9988706945228685;;0.9988706945228685;;;6.306402890855085E-6;6.306402890855085E-6;0.01135783160643001;6.306402890855085E-6;1.261280578171017E-5;1;6.306402890855085E-6;1;6.306402890855085E-6;1801;0.01135783160643001;1;6.306402890855085E-6;2;1.261280578171017E-5;SRR17281099.1440470;0.9988706945228685;;0.9988706945228685;;
31;Mycoplasma sp. 21DD0294;species;3138068;1;4;2;2;1;2.0;2;1;364;364.0;0.0025252525252525255;1.9987373737374412;1.000631711939322;792;2683645;0.9880239520958084;;0.9880239520958084;;;0.0012626262626262627;0.0025252525252525255;0.4595959595959596;0.0012626262626262627;0.005050505050505051;1;0.0012626262626262627;2;0.0025252525252525255;364;0.4595959595959596;1;0.0012626262626262627;4;0.005050505050505051;SRR17281099.1290387;0.9880239520958084;;0.9880239520958084;;
32;Mycoplasma sp. SH20;species;3401672;2;14;3;2;2;1.5;2;2;1289;644.5;5.439216752787599E-5;2.9999184124846954;0.6666847977187124;36770;2683645;0.9855478532283236;0.008325243705474102;0.9855478532283236;0.008325243705474102;0.7071067811865476;5.439216752787599E-5;8.158825129181398E-5;0.03505575197171607;5.439216752787599E-5;3.807451726951319E-4;2;5.439216752787599E-5;3;8.158825129181398E-5;1289;0.03505575197171607;2;5.439216752787599E-5;14;3.807451726951319E-4;SRR17281099.1226471;0.9855478532283236;0.008325243705474102;0.9855478532283236;0.008325243705474102;
33;Mycoplasma phocimorsus;species;3045839;3;50;6;4;3;2.0;3;3;1259;419.6666666666667;3.0995137637783074E-6;5.999988376971832;0.6666679581167427;1290525;2093;0.9676684837876136;0.031759234701375115;0.9676684837876136;0.031759234701375115;1.0;2.3246353228337305E-6;4.649270645667461E-6;9.755719571492222E-4;2.3246353228337305E-6;3.874392204722884E-5;3;2.3246353228337305E-6;6;4.649270645667461E-6;1259;9.755719571492222E-4;3;2.3246353228337305E-6;50;3.874392204722884E-5;SRR17281099.5729;0.9676684837876136;0.031759234701375115;0.9676684837876136;0.031759234701375115;
34;Mycoplasmoidales;order;2790996;0;0;0;0;0;;0;0;0;;0.0;0.0;;52090;544448;;;;;;0.0;0.0;0.0;0.0;0.0;21;4.783251633064074E-4;24;4.8197031177364046E-4;12207;0.11413858990769546;21;4.783251633064074E-4;261;7.575648369516549E-4;;0.9659506519751307;0.05984502033449873;0.9659506519751307;0.05984502033449873;
35;Mycoplasmoidaceae;family;2790998;0;0;0;0;0;;0;0;0;;0.0;0.0;;2102;2790996;;;;;;0.0;0.0;0.0;0.0;0.0;15;4.720247352106052E-4;17;4.7410565814154354E-4;8897;0.11035784166301278;15;4.720247352106052E-4;144;6.355887775822875E-4;;0.9684663630336482;0.06849370687041124;0.9684663630336482;0.06849370687041124;
36;Malacoplasma;genus;2791001;0;0;0;0;0;;0;0;0;;0.0;0.0;;3332;2790998;;;;;;0.0;0.0;0.0;0.0;0.0;9;8.637052822726215E-6;9;8.637052822726215E-6;6887;0.0066949849141202345;9;8.637052822726215E-6;45;4.4015037103108534E-5;;0.993735014670102;0.0075823332012096125;0.993735014670102;0.0075823332012096125;
37;Malacoplasma muris;species;2119;8;44;8;2;8;1.0;1;8;6535;816.875;1.965443571132351E-6;7.99997248425653;0.2500008598699409;1017582;2791001;0.9933400902616287;0.008006289611708324;0.9933400902616287;0.008006289611708324;0.0;7.861774284529404E-6;7.861774284529404E-6;0.006422086868674957;7.861774284529404E-6;4.323975856491172E-5;8;7.861774284529404E-6;8;7.861774284529404E-6;6535;0.006422086868674957;8;7.861774284529404E-6;44;4.323975856491172E-5;SRR17281099.527111;0.9933400902616287;0.008006289611708324;0.9933400902616287;0.008006289611708324;
38;Malacoplasma penetrans;species;28227;1;1;1;1;1;1.0;1;1;352;352.0;7.752785381968106E-7;0.9999999999336971;1.000000000066303;1289859;2791001;0.9968944099378882;;0.9968944099378882;;;7.752785381968106E-7;7.752785381968106E-7;2.7289804544527736E-4;7.752785381968106E-7;7.752785381968106E-7;1;7.752785381968106E-7;1;7.752785381968106E-7;352;2.7289804544527736E-4;1;7.752785381968106E-7;1;7.752785381968106E-7;SRR17281099.194034;0.9968944099378882;;0.9968944099378882;;
39;Mycoplasmoides;genus;2995234;0;0;0;0;0;;0;0;0;;0.0;0.0;;43815;2790998;;;;;;0.0;0.0;0.0;0.0;0.0;6;4.63387682387879E-4;8;4.6546860531881734E-4;2010;0.10366285674889254;6;4.63387682387879E-4;99;5.91573740479179E-4;;0.9305633855789676;0.1008495306071416;0.9305633855789676;0.1008495306071416;
40;Mycoplasmoides gallisepticum;species;2096;0;0;0;0;0;;0;0;0;;0.0;0.0;;2238268;2995234;;;;;;0.0;0.0;0.0;0.0;0.0;1;4.572473708276177E-4;1;4.572473708276177E-4;222;0.10150891632373114;1;4.572473708276177E-4;1;4.572473708276177E-4;;0.9947916666666666;;0.9947916666666666;;
41;Mycoplasmoides gallisepticum WI01_2001.043-13-2P;strain;1159201;1;1;1;1;1;1.0;1;1;222;222.0;4.572473708276177E-4;1.0000000000000493;0.9999999999999507;2187;2096;0.9947916666666666;;0.9947916666666666;;;4.572473708276177E-4;4.572473708276177E-4;0.10150891632373114;4.572473708276177E-4;4.572473708276177E-4;1;4.572473708276177E-4;1;4.572473708276177E-4;222;0.10150891632373114;1;4.572473708276177E-4;1;4.572473708276177E-4;SRR17281099.1410349;0.9947916666666666;;0.9947916666666666;;
42;Mycoplasmoides genitalium;species;2097;2;69;2;1;2;1.0;1;2;626;313.0;1.5094635819268906E-6;1.9999984904882417;0.5000003773782244;662487;2995234;0.8274771973466004;0.13595388464977556;0.8274771973466004;0.13595388464977556;0.0;3.0189271638537812E-6;3.0189271638537812E-6;9.449242022862335E-4;3.0189271638537812E-6;1.0415298715295545E-4;2;3.0189271638537812E-6;2;3.0189271638537812E-6;626;9.449242022862335E-4;2;3.0189271638537812E-6;69;1.0415298715295545E-4;SRR17281099.815195;0.8274771973466004;0.13595388464977556;0.8274771973466004;0.13595388464977556;
43;[Mycoplasma] cavipharyngis;species;92757;3;29;5;5;3;1.6666666666666667;3;3;1162;387.3333333333333;5.202307327345824E-6;4.999989595229433;1.0000020809584438;961112;2995234;0.9778780840379793;0.011722665997932992;0.9778780840379793;0.011722665997932992;1.1547005383792515;3.1213843964074944E-6;5.202307327345824E-6;0.0012090162228751695;3.1213843964074944E-6;3.017338249860578E-5;3;3.1213843964074944E-6;5;5.202307327345824E-6;1162;0.0012090162228751695;3;3.1213843964074944E-6;29;3.017338249860578E-5;SRR17281099.304070;0.9778780840379793;0.011722665997932992;0.9778780840379793;0.011722665997932992;
44;Metamycoplasmataceae;family;2895623;0;0;0;0;0;;0;0;0;;0.0;0.0;;130176;2790996;;;;;;0.0;0.0;0.0;0.0;0.0;6;6.300428095802166E-6;7;7.864653632096891E-6;3310;0.0037807482446826834;6;6.300428095802166E-6;117;1.2197605936936739E-4;;0.9596613743288368;0.033516672666048346;0.9596613743288368;0.033516672666048346;
45;Metamycoplasma;genus;2895509;0;0;0;0;0;;0;0;0;;0.0;0.0;;82098;2895623;;;;;;0.0;0.0;0.0;0.0;0.0;6;6.300428095802166E-6;7;7.864653632096891E-6;3310;0.0037807482446826834;6;6.300428095802166E-6;117;1.2197605936936739E-4;;0.9596613743288368;0.033516672666048346;0.9596613743288368;0.033516672666048346;
46;Metamycoplasma hominis;species;2098;1;35;1;1;1;1.0;1;1;565;565.0;3.0062484874812296E-7;1.0000000001474574;0.9999999998525426;3326405;2895509;0.9345794392523364;;0.9345794392523364;;;3.0062484874812296E-7;3.0062484874812296E-7;1.698530395426895E-4;3.0062484874812296E-7;1.0521869706184304E-5;1;3.0062484874812296E-7;1;3.0062484874812296E-7;565;1.698530395426895E-4;1;3.0062484874812296E-7;35;1.0521869706184304E-5;SRR17281099.963604;0.9345794392523364;;0.9345794392523364;;
47;Metamycoplasma salivarium;species;2124;1;23;1;1;1;1.0;1;1;777;777.0;9.07388318645741E-7;0.9999999999429097;1.0000000000570903;1102064;2895509;0.9692101740294511;;0.9692101740294511;;;9.07388318645741E-7;9.07388318645741E-7;7.050407235877408E-4;9.07388318645741E-7;2.0869931328852044E-5;1;9.07388318645741E-7;1;9.07388318645741E-7;777;7.050407235877408E-4;1;9.07388318645741E-7;23;2.0869931328852044E-5;SRR17281099.505898;0.9692101740294511;;0.9692101740294511;;
48;Metamycoplasma canadense;species;29554;1;30;1;1;1;1.0;1;1;343;343.0;1.545585498698617E-6;0.9999999999988027;1.0000000000011973;647004;2895509;0.9041533546325878;;0.9041533546325878;;;1.545585498698617E-6;1.545585498698617E-6;5.301358260536256E-4;1.545585498698617E-6;4.636756496095851E-5;1;1.545585498698617E-6;1;1.545585498698617E-6;343;5.301358260536256E-4;1;1.545585498698617E-6;30;4.636756496095851E-5;SRR17281099.785074;0.9041533546325878;;0.9041533546325878;;
49;Metamycoplasma hyosynoviae;species;29559;1;1;1;1;1;1.0;1;1;145;145.0;4.1837835712023483E-7;0.9999999998797533;1.0000000001202467;2390181;2895509;0.991304347826087;;0.991304347826087;;;4.1837835712023483E-7;4.1837835712023483E-7;6.066486178243405E-5;4.1837835712023483E-7;4.1837835712023483E-7;1;4.1837835712023483E-7;1;4.1837835712023483E-7;145;6.066486178243405E-5;1;4.1837835712023483E-7;1;4.1837835712023483E-7;SRR17281099.1282932;0.991304347826087;;0.991304347826087;;
50;Metamycoplasma cloacale;species;92401;2;28;3;3;2;1.5;2;2;1480;740.0;4.692676608884175E-6;2.999995307408894;1.000001564199482;639294;2895509;0.979360465116279;0.006166628905698446;0.979360465116279;0.006166628905698446;0.7071067811865476;3.1284510725894504E-6;4.692676608884175E-6;0.002315053793716193;3.1284510725894504E-6;4.3798315016252304E-5;2;3.1284510725894504E-6;3;4.692676608884175E-6;1480;0.002315053793716193;2;3.1284510725894504E-6;28;4.3798315016252304E-5;SRR17281099.1313895;0.979360465116279;0.006166628905698446;0.979360465116279;0.006166628905698446;
51;Pseudomonadati;kingdom;3379134;14;526;10569;8240;677;15.61152141802068;142;326;4630;330.7142857142857;0.018843804527544198;10442.308689375253;0.7890975305474317;437279;2;0.8342846582808352;0.1877262957098522;0.8342846582808352;0.1877262957098522;22.76678878968857;3.201617274097316E-5;0.024169923549953235;0.010588205699336122;7.455194509683749E-4;0.0012028933472679913;7067;0.035193384464279116;1294547;1.4795053081840848;3067243;38.31211685555856;15215;0.07565677328544475;1349952;18.092502158279068;SRR17281099.771983;0.5022590385646327;0.23476333012703882;0.5034208514435796;0.2346719252298683;
52;Pseudomonadota;phylum;1224;6;340;376;292;95;3.957894736842105;27;74;2353;392.1666666666667;7.387411547131432E-4;375.8216957916378;0.7769641914496868;395267;3379134;0.8484564640471036;0.10826949244312514;0.8484564640471036;0.10826949244312514;4.653792298197164;1.5179612768078286E-5;9.512557334662393E-4;0.005952938140548035;1.872152241396322E-4;8.601780568577695E-4;4991;0.027694821778786616;812565;1.0813426284670657;2006529;27.3388094767816;9340;0.04725056062873588;867446;11.495902711462655;SRR17281099.499437;0.4996838041438808;0.24100494597255737;0.5003488960040323;0.24095002235582957;
53;Gammaproteobacteria;class;1236;1;3;5;5;3;1.6666666666666667;2;3;192;192.0;1.193596592997885E-5;4.9999761281779715;1.0000047743872003;418902;1224;0.9814814814814815;;0.9814814814814815;;0.5773502691896255;2.3871931859957698E-6;1.193596592997885E-5;4.583410917111878E-4;7.16157955798731E-6;7.16157955798731E-6;8;5.614380523782254E-6;23;2.9037551401918E-5;2061;0.0014092603622487866;12;1.2456674258552815E-5;47;4.0561264801018684E-5;SRR17281099.1386936;0.9721213996210478;0.03927821727045275;0.9721213996210478;0.03927821727045275;
54;Thiotrichales;order;72273;0;0;0;0;0;;0;0;0;;0.0;0.0;;28762;1236;;;;;;0.0;0.0;0.0;0.0;0.0;7;3.227187337786484E-6;18;1.7101585471939153E-5;1869;9.509192705375988E-4;9;5.295094700565508E-6;44;3.3399685243031375E-5;;0.9707842450695571;0.04222819250832509;0.9707842450695571;0.04222819250832509;
55;Francisellaceae;family;34064;0;0;0;0;0;;0;0;0;;0.0;0.0;;883312;72273;;;;;;0.0;0.0;0.0;0.0;0.0;7;3.227187337786484E-6;18;1.7101585471939153E-5;1869;9.509192705375988E-4;9;5.295094700565508E-6;44;3.3399685243031375E-5;;0.9707842450695571;0.04222819250832509;0.9707842450695571;0.04222819250832509;
56;Francisella;genus;262;0;0;0;0;0;;0;0;0;;0.0;0.0;;9693010;34064;;;;;;0.0;0.0;0.0;0.0;0.0;7;3.227187337786484E-6;18;1.7101585471939153E-5;1869;9.509192705375988E-4;9;5.295094700565508E-6;44;3.3399685243031375E-5;;0.9707842450695571;0.04222819250832509;0.9707842450695571;0.04222819250832509;
57;Francisella tularensis;species;263;1;22;2;2;1;2.0;2;1;211;211.0;9.896370159870913E-7;1.999999505071075;1.0000002474645238;2020943;262;0.8784530386740331;;0.8784530386740331;;;4.948185079935456E-7;9.896370159870913E-7;1.0440670518663812E-4;4.948185079935456E-7;1.0886007175858004E-5;5;1.177092883269014E-6;7;1.8424799850814266E-6;1383;3.0431309714235033E-4;5;1.177092883269014E-6;30;1.225055592640894E-5;SRR17281099.1253003;0.9690951070225078;0.05079818876774279;0.9690951070225078;0.05079818876774279;
58;Francisella tularensis subsp. holarctica;subspecies;119857;4;8;5;5;4;1.25;2;4;1172;293.0;8.528429690943354E-7;4.999998293588314;1.0000003412824536;5862744;263;0.9917556241096264;0.004157051648370967;0.9917556241096264;0.004157051648370967;0.5;6.822743752754683E-7;8.528429690943354E-7;1.999063919557122E-4;6.822743752754683E-7;1.3645487505509365E-6;4;6.822743752754683E-7;5;8.528429690943354E-7;1172;1.999063919557122E-4;4;6.822743752754683E-7;8;1.3645487505509365E-6;SRR17281099.619936;0.9917556241096264;0.004157051648370967;0.9917556241096264;0.004157051648370967;
59;Francisella salimarina;species;2599927;1;13;9;9;2;4.5;8;2;374;374.0;1.4324276146578727E-5;8.999942702888724;1.000006366386228;628304;262;0.9622093023255814;;0.9622093023255814;;4.949747468305833;1.5915862385087475E-6;1.4324276146578727E-5;5.952532532022716E-4;3.183172477017495E-6;2.0690621100613716E-5;1;1.5915862385087475E-6;9;1.4324276146578727E-5;374;5.952532532022716E-4;2;3.183172477017495E-6;13;2.0690621100613716E-5;SRR17281099.1431588;0.9622093023255814;;0.9622093023255814;;
60;unclassified Francisella;no rank;2610885;0;0;0;0;0;;0;0;0;;0.0;0.0;;2272911;262;;;;;;0.0;0.0;0.0;0.0;0.0;1;4.585082160087227E-7;2;9.348293402789987E-7;112;5.135292019297694E-5;2;9.348293402789987E-7;1;4.585082160087227E-7;;0.9878048780487805;;0.9878048780487805;;
61;Francisella sp. SYW-9;species;2610888;1;1;1;1;1;1.0;1;1;112;112.0;4.585082160087227E-7;1.0000000001146794;0.9999999998853206;2180986;2610885;0.9878048780487805;;0.9878048780487805;;;4.585082160087227E-7;4.585082160087227E-7;5.135292019297694E-5;4.585082160087227E-7;4.585082160087227E-7;1;4.585082160087227E-7;1;4.585082160087227E-7;112;5.135292019297694E-5;1;4.585082160087227E-7;1;4.585082160087227E-7;SRR17281099.366705;0.9878048780487805;;0.9878048780487805;;
62;Francisella sp. 19X1-34;species;3087177;0;0;1;1;1;1.0;1;1;0;;4.7632112427027606E-7;1.0000000001061409;0.9999999998938591;2099424;2610885;;;;;;0.0;4.7632112427027606E-7;0.0;4.7632112427027606E-7;0.0;0;0.0;1;4.7632112427027606E-7;0;0.0;1;4.7632112427027606E-7;0;0.0;SRR17281099.436038;;;;;
63;Alphaproteobacteria;class;28211;0;0;194;148;46;4.217391304347826;16;36;0;;0.001692937704467983;193.78601150593718;0.7637290166089497;87422;1224;;;;;4.2838873492723915;0.0;0.0022191210450458695;0.0;4.117956578435634E-4;0.0;4977;0.02767402778549476;812166;1.0803623351821974;2002115;27.3314472782788;9254;0.04705088873033769;867059;11.495001972140997;SRR17281099.383913;0.4985039494677232;0.24026224723033843;0.4991709121910538;0.2402102728135425;
64;Hyphomicrobiales;order;356;0;0;0;0;0;;0;0;0;;0.0;0.0;;91192;28211;;;;;;0.0;0.0;0.0;0.0;0.0;21;5.122361527752221E-4;37;9.035855312661799E-4;43605;2.8319018822445123;21;5.122361527752221E-4;6487;0.43624587980394913;;0.9034233319248388;0.07924677064735283;0.9034233319248388;0.07924677064735283;
65;Bartonellaceae;family;772;0;0;0;0;0;;0;0;0;;0.0;0.0;;182;356;;;;;;0.0;0.0;0.0;0.0;0.0;21;5.122361527752221E-4;37;9.035855312661799E-4;43605;2.8319018822445123;21;5.122361527752221E-4;6487;0.43624587980394913;;0.9034233319248388;0.07924677064735283;0.9034233319248388;0.07924677064735283;
66;Bartonella;genus;773;0;0;0;0;0;;0;0;0;;0.0;0.0;;37807667;772;;;;;;0.0;0.0;0.0;0.0;0.0;21;5.122361527752221E-4;37;9.035855312661799E-4;43605;2.8319018822445123;21;5.122361527752221E-4;6487;0.43624587980394913;;0.9034233319248388;0.07924677064735283;0.9034233319248388;0.07924677064735283;
67;Bartonella taylorii;species;33046;1;5;3;3;1;3.0;3;1;639;639.0;1.4845576315169606E-6;2.999998515398239;1.0000004948674985;2020804;773;0.9917898193760263;;0.9917898193760263;;;4.948525438389869E-7;1.4845576315169606E-6;3.162107755131126E-4;4.948525438389869E-7;2.474262719194934E-6;1;4.948525438389869E-7;3;1.4845576315169606E-6;639;3.162107755131126E-4;1;4.948525438389869E-7;5;2.474262719194934E-6;SRR17281099.271314;0.9917898193760263;;0.9917898193760263;;
68;Bartonella vinsonii;species;33047;1;17;1;1;1;1.0;1;1;575;575.0;7.547636910359736E-7;0.9999999999404585;1.0000000000595415;1324918;773;0.9688073394495413;;0.9688073394495413;;;7.547636910359736E-7;7.547636910359736E-7;4.3398912234568477E-4;7.547636910359736E-7;1.283098274761155E-5;2;2.133385944556852E-5;3;4.1912955200101065E-5;957;0.008295203700577118;2;2.133385944556852E-5;19;5.398917425667664E-5;SRR17281099.86076;0.9815627606338615;0.018038889632649973;0.9815627606338615;0.018038889632649973;
69;Bartonella vinsonii subsp. berkhoffii;subspecies;40933;0;0;0;0;0;;0;0;0;;0.0;0.0;;986251;33047;;;;;;0.0;0.0;0.0;0.0;0.0;1;2.0579095754532545E-5;2;4.115819150906509E-5;382;0.007861214578231433;1;2.0579095754532545E-5;2;4.115819150906509E-5;;0.9943181818181818;;0.9943181818181818;;
70;Bartonella vinsonii subsp. berkhoffii ATCC 51672;strain;1408318;1;2;2;2;1;2.0;2;1;382;382.0;4.115819150906509E-5;1.9999794208965795;1.0000102896575862;48593;40933;0.9943181818181818;;0.9943181818181818;;;2.0579095754532545E-5;4.115819150906509E-5;0.007861214578231433;2.0579095754532545E-5;4.115819150906509E-5;1;2.0579095754532545E-5;2;4.115819150906509E-5;382;0.007861214578231433;1;2.0579095754532545E-5;2;4.115819150906509E-5;SRR17281099.1170766;0.9943181818181818;;0.9943181818181818;;
71;Bartonella rattimassiliensis;species;270250;0;0;0;0;0;;0;0;0;;;0.0;;0;773;;;;;;;;;;;1;6.739007667642924E-7;1;6.739007667642924E-7;153;1.0310681731493674E-4;1;6.739007667642924E-7;1;6.739007667642924E-7;;0.991869918699187;;0.991869918699187;;
72;Bartonella rattimassiliensis 15908;strain;1094556;1;1;1;1;1;1.0;1;1;153;153.0;6.739007667642924E-7;0.9999999999722045;1.0000000000277955;1483898;270250;0.991869918699187;;0.991869918699187;;;6.739007667642924E-7;6.739007667642924E-7;1.0310681731493674E-4;6.739007667642924E-7;6.739007667642924E-7;1;6.739007667642924E-7;1;6.739007667642924E-7;153;1.0310681731493674E-4;1;6.739007667642924E-7;1;6.739007667642924E-7;SRR17281099.958987;0.991869918699187;;0.991869918699187;;
73;unclassified Bartonella;no rank;2645622;9;846;18;8;10;1.8;4;9;5362;595.7777777777778;3.3746965673219274E-7;17.99999354299189;0.4444446038768006;23705835;773;0.8559168592095576;0.06927108156235712;0.8559168592095576;0.06927108156235712;0.9189365834726815;3.7965336382371684E-7;7.593067276474337E-7;2.2618903742475217E-4;3.7965336382371684E-7;3.568741619942938E-5;17;4.897335400190502E-4;30;8.595141176677975E-4;41856;2.8231873609511076;17;4.897335400190502E-4;6462;0.43618874246620654;SRR17281099.771628;0.8838296888869809;0.07537661762760639;0.8838296888869809;0.07537661762760639;
74;Bartonella sp. AU18XJBT;species;3019089;1;1;1;1;1;1.0;1;1;155;155.0;1.6809547823163558E-6;1.0000000000308318;0.9999999999691682;594900;2645622;0.992;;0.992;;;1.6809547823163558E-6;1.6809547823163558E-6;2.605479912590351E-4;1.6809547823163558E-6;1.6809547823163558E-6;1;1.6809547823163558E-6;1;1.6809547823163558E-6;155;2.605479912590351E-4;1;1.6809547823163558E-6;1;1.6809547823163558E-6;SRR17281099.851360;0.992;;0.992;;
75;Bartonella sp. AC130YNZD;species;3243445;1;56;1;1;1;1.0;1;1;356;356.0;7.055171440666009E-5;0.9999999999994209;1.000000000000579;14174;2645622;0.8282208588957055;;0.8282208588957055;;;7.055171440666009E-5;7.055171440666009E-5;0.02511641032877099;7.055171440666009E-5;0.003950896006772965;1;7.055171440666009E-5;1;7.055171440666009E-5;356;0.02511641032877099;1;7.055171440666009E-5;56;0.003950896006772965;SRR17281099.117582;0.8282208588957055;;0.8282208588957055;;
76;Bartonella sp. AC62GZZY;species;3243457;1;5500;2;2;1;2.0;2;1;34643;34643.0;1.5513496742165683E-4;1.9999224325148695;1.0000387852468022;12892;2645622;0.8411001646780112;;0.8411001646780112;;;7.756748371082842E-5;1.5513496742165683E-4;2.687170338194229;7.756748371082842E-5;0.42662116040955633;1;7.756748371082842E-5;2;1.5513496742165683E-4;34643;2.687170338194229;1;7.756748371082842E-5;5500;0.42662116040955633;SRR17281099.1440208;0.8411001646780112;;0.8411001646780112;;
77;Bartonella sp. AP28SXKL;species;3243484;1;17;2;2;1;2.0;2;1;366;366.0;5.00751126690035E-4;1.9997496244369264;1.0001252034554797;3994;2645622;0.9494047619047619;;0.9494047619047619;;;2.503755633450175E-4;5.00751126690035E-4;0.09163745618427642;2.503755633450175E-4;0.004256384576865298;1;2.503755633450175E-4;2;5.00751126690035E-4;366;0.09163745618427642;1;2.503755633450175E-4;17;0.004256384576865298;SRR17281099.533787;0.9494047619047619;;0.9494047619047619;;
78;Bartonella sp. CL32QHWL-2;species;3243525;1;13;2;2;1;2.0;2;1;157;157.0;7.337026303239297E-5;1.9999633148687792;1.0000183429020664;27259;2645622;0.8976377952755905;;0.8976377952755905;;;3.6685131516196485E-5;7.337026303239297E-5;0.005759565648042848;3.6685131516196485E-5;4.769067097105543E-4;1;3.6685131516196485E-5;2;7.337026303239297E-5;157;0.005759565648042848;1;3.6685131516196485E-5;13;4.769067097105543E-4;SRR17281099.1318105;0.8976377952755905;;0.8976377952755905;;
79;Bartonella sp. CL434QHHD;species;3243529;1;23;1;1;1;1.0;1;1;170;170.0;3.397893306150187E-5;0.9999999999985176;1.0000000000014824;29430;2645622;0.8357142857142857;;0.8357142857142857;;;3.397893306150187E-5;3.397893306150187E-5;0.0057764186204553175;3.397893306150187E-5;7.81515460414543E-4;1;3.397893306150187E-5;1;3.397893306150187E-5;170;0.0057764186204553175;1;3.397893306150187E-5;23;7.81515460414543E-4;SRR17281099.192216;0.8357142857142857;;0.8357142857142857;;
80;Bartonella sp. MR168JLCBS;species;3243556;1;4;1;1;1;1.0;1;1;463;463.0;1.374136011982466E-5;0.9999999999966691;1.000000000003331;72773;2645622;0.9907621247113164;;0.9907621247113164;;;1.374136011982466E-5;1.374136011982466E-5;0.006362249735478818;1.374136011982466E-5;5.496544047929864E-5;1;1.374136011982466E-5;1;1.374136011982466E-5;463;0.006362249735478818;1;1.374136011982466E-5;4;5.496544047929864E-5;SRR17281099.4667;0.9907621247113164;;0.9907621247113164;;
81;Bartonella sp. MU70NMGDW;species;3243561;1;2;2;2;1;2.0;2;1;184;184.0;9.545491425762326E-6;1.9999952272460142;1.0000023863826877;209523;2645622;0.987012987012987;;0.987012987012987;;;4.772745712881163E-6;9.545491425762326E-6;8.781852111701341E-4;4.772745712881163E-6;9.545491425762326E-6;1;4.772745712881163E-6;2;9.545491425762326E-6;184;8.781852111701341E-4;1;4.772745712881163E-6;2;9.545491425762326E-6;SRR17281099.2649;0.987012987012987;;0.987012987012987;;
82;Rickettsiales;order;766;1;33;2219;353;244;9.094262295081966;43;189;120;120.0;0.008695866384194709;2159.4671513609896;0.16346625128218512;40594;28211;0.6333333333333333;;0.6333333333333333;;10.738728796341345;2.4634182391486427E-5;0.05466325072670838;0.002956101886978371;0.0046558604719909346;8.129280189190521E-4;4956;0.027161791632719538;811935;1.0772396286058854;1958510;24.499545396034286;9197;0.04612685691971891;860572;11.058756092337045;SRR17281099.1461195;0.4967881893725659;0.239264332459946;0.49745797820913096;0.23921672106455974;
83;Rickettsiaceae;family;775;0;0;131;93;25;5.24;21;22;0;;0.0389937106918239;127.49328379669396;0.7294501893001801;2385;766;;;;;4.484045792213396;0.0;0.05492662473794549;0.0;0.009224318658280923;0.0;3816;0.01600588415524513;541578;0.8187482757473005;1336287;6.117770815899379;7709;0.02845499925559447;582929;2.8622840123706657;SRR17281099.577139;0.4842884142024873;0.23336619415856363;0.4851475963216901;0.23334539255447248;
84;Rickettsieae;tribe;33988;10;604;14901;5748;1039;14.34167468719923;173;507;1924;192.4;0.0035075300837218385;14833.463091716865;0.38750222820251146;1638760;775;0.5532490694859606;0.3856753914609058;0.5532490694859606;0.3856753914609058;18.073274787576512;6.102174815104103E-6;0.009092850691986624;0.0011740584344260294;3.0938026312577805E-4;3.685713588322878E-4;3816;0.01600588415524513;541447;0.763821651009355;1336287;6.117770815899379;7687;0.019230680597313546;582929;2.8622840123706657;SRR17281099.937882;0.4842884142024873;0.23336619415856363;0.4851475963216901;0.23334539255447248;
85;Rickettsia;genus;780;460;40081;241154;190674;8920;27.035201793721974;275;2862;178567;388.1891304347826;0.043446479717274555;234648.1803926768;0.8125952636023543;4388710;33988;0.6032327196340251;0.27815148018258296;0.6032463885101814;0.27816312312320246;30.70610690570716;1.0481439876410152E-4;0.05494872069469161;0.04068781031328112;6.521278462236056E-4;0.009132751993182506;3806;0.01599978198043003;526546;0.7547288003173683;1334363;6.116596757464953;7180;0.018921300334187766;582325;2.8619154410118335;SRR17281099.1019162;0.48410722488224694;0.23289170734122333;0.48496866444264575;0.2328714748270379;
86;spotted fever group;species group;114277;2478;382579;253360;151142;9647;26.2630869700425;366;3079;809658;326.73849878934624;0.04788766666518809;243457.62075964065;0.6208144133192632;3156178;780;0.4628561994585193;0.22111098086303996;0.4635777671647624;0.22120029343619277;29.083502589558286;7.851268211108499E-4;0.08027430645546607;0.2565311588890107;9.755470065376541E-4;0.12121591367787242;3281;0.01561186570840553;283792;0.692439242529878;1132380;5.98659441463626;3996;0.016775724212435228;534479;2.8252486542716064;SRR17281099.469262;0.46515811740541047;0.22037379478629862;0.46611627818330187;0.22040456010333162;
87;Rickettsia conorii;species;781;0;0;0;0;0;;0;0;0;;0.0;0.0;;1602;114277;;;;;;0.0;0.0;0.0;0.0;0.0;15;7.668158318621944E-5;45;1.680219809049713E-4;5459;0.027735572488161855;19;9.759087492447829E-5;2581;0.012628144871869236;;0.4756595229492415;0.18424504629099875;0.4758309025550685;0.18402826460590216;
88;Rickettsia conorii subsp. heilongjiangensis;subspecies;226665;6;921;8;8;7;1.1428571428571428;2;7;2084;347.3333333333333;5.445622060214966E-5;7.9998094058204074;1.0000238248400586;146907;781;0.4871358332469706;0.2351242134325226;0.4875642822615378;0.23462294217474838;0.3779644730092273;4.084216545161224E-5;5.445622060214966E-5;0.014185845466859985;4.7649193026880955E-5;0.00626927239682248;6;4.084216545161224E-5;8;5.445622060214966E-5;2084;0.014185845466859985;7;4.7649193026880955E-5;921;0.00626927239682248;SRR17281099.392607;0.4871358332469706;0.2351242134325226;0.4875642822615378;0.23462294217474838;
89;Rickettsia conorii str. Malish 7;strain;272944;2;330;3;3;3;1.0;1;3;767;383.5;2.703701367171658E-5;2.9999729630508294;1.0000090123976129;110959;781;0.5329365079365079;0.003928371006604798;0.5329365079365079;0.003928371006604798;0.0;1.8024675781144387E-5;2.703701367171658E-5;0.006912463162068872;2.703701367171658E-5;0.002974071503888824;2;1.8024675781144387E-5;3;2.703701367171658E-5;767;0.006912463162068872;3;2.703701367171658E-5;330;0.002974071503888824;SRR17281099.1292554;0.5329365079365079;0.003928371006604798;0.5329365079365079;0.003928371006604798;
90;Rickettsia conorii subsp. raoultii;subspecies;369822;7;1330;34;34;10;3.4;10;9;2608;372.57142857142856;8.652874663110505E-5;33.99857231472551;1.000041992506664;392933;781;0.44945783269768347;0.17637916928107905;0.44945783269768347;0.17637916928107905;3.238655413730965;1.7814741953462803E-5;8.652874663110505E-5;0.006637263859232999;2.290466822588075E-5;0.0033848009711579326;7;1.7814741953462803E-5;34;8.652874663110505E-5;2608;0.006637263859232999;9;2.290466822588075E-5;1330;0.0033848009711579326;SRR17281099.301746;0.44945783269768347;0.17637916928107905;0.44945783269768347;0.17637916928107905;
91;Rickettsia rickettsii;species;783;3;598;15;15;3;5.0;10;3;977;325.6666666666667;1.2795468698018409E-4;14.999104350380907;1.0000597135401001;117229;114277;0.3538099957950382;0.1502286684602185;0.3597623767474191;0.1468510913765142;4.58257569495584;2.5590937396036818E-5;1.2795468698018409E-4;0.008334115278642657;2.5590937396036818E-5;0.005101126854276672;3;2.5590937396036818E-5;16;1.515869686769819E-4;977;0.008334115278642657;4;4.922321909283464E-5;598;0.005101126854276672;SRR17281099.1141155;0.3538099957950382;0.1502286684602185;0.3597623767474191;0.1468510913765142;
92;Rickettsia rickettsii str. Hlp#2;strain;1105101;0;0;1;1;1;1.0;1;1;0;;2.3632281696797826E-5;0.9999999999989356;1.0000000000010645;42315;783;;;;;;0.0;2.3632281696797826E-5;0.0;2.3632281696797826E-5;0.0;0;0.0;1;2.3632281696797826E-5;0;0.0;1;2.3632281696797826E-5;0;0.0;SRR17281099.1486889;;;;;
93;Rickettsia akari;species;786;0;0;0;0;0;;0;0;0;;;0.0;;0;114277;;;;;;;;;;;13;2.0683543377368066E-5;64;1.0182667508858125E-4;4207;0.006693512845275958;15;2.386562697388623E-5;1658;0.002637947301513558;;0.5489846372302107;0.20155786727553202;0.5493692526148262;0.20215817175310727;
94;Rickettsia akari str. Hartford;strain;293614;13;1658;64;64;15;4.266666666666667;18;15;4207;323.61538461538464;1.0182667508858125E-4;63.99679256728187;1.0000501186479738;628519;786;0.5489846372302107;0.20155786727553202;0.5493692526148262;0.20215817175310727;5.444088099773482;2.0683543377368066E-5;1.0182667508858125E-4;0.006693512845275958;2.386562697388623E-5;0.002637947301513558;13;2.0683543377368066E-5;64;1.0182667508858125E-4;4207;0.006693512845275958;15;2.386562697388623E-5;1658;0.002637947301513558;SRR17281099.147948;0.5489846372302107;0.20155786727553202;0.5493692526148262;0.20215817175310727;
95;Rickettsia australis;species;787;6;925;16;16;11;1.4545454545454546;3;11;2399;399.8333333333333;3.189411154965514E-5;15.99976079614342;1.0000149504645492;501660;114277;0.5746602469227041;0.2562918531874281;0.575123209885667;0.255927540364373;0.6875516509523286;1.196029183112068E-5;3.189411154965514E-5;0.004782123350476418;2.192720169038791E-5;0.0018438783239644381;6;1.196029183112068E-5;16;3.189411154965514E-5;2399;0.004782123350476418;11;2.192720169038791E-5;925;0.0018438783239644381;SRR17281099.637065;0.5746602469227041;0.2562918531874281;0.575123209885667;0.255927540364373;
96;Rickettsia amblyommatis;species;33989;19;3075;51;43;21;2.4285714285714284;12;21;6936;365.05263157894734;8.746557314359406E-5;50.997406631208214;0.8431801309223017;491622;114277;0.5232222168109346;0.23165274693183943;0.5241940558708036;0.23175481663392977;2.712405363721075;3.86475788308904E-5;1.0373823791449529E-4;0.014108400356371358;4.2715745023615704E-5;0.006254805521315156;34;0.0011612415099832292;229;0.012998982049743977;11309;0.33480722772303645;36;0.0011653096761759544;4337;0.09101496372665857;SRR17281099.575693;0.5936682769586336;0.2505870066891017;0.5963900127295624;0.24747990816083326;
97;Rickettsia amblyommatis str. Ac/Pa;strain;1359164;1;269;20;20;1;20.0;20;1;417;417.0;5.186184005808527E-4;19.995073891630483;1.0002463660997811;38564;33989;0.3049095607235142;;0.3049095607235142;;;2.593092002904263E-5;5.186184005808527E-4;0.010813193652110777;2.593092002904263E-5;0.006975417487812468;1;2.593092002904263E-5;20;5.186184005808527E-4;417;0.010813193652110777;1;2.593092002904263E-5;269;0.006975417487812468;SRR17281099.426876;0.3049095607235142;;0.3049095607235142;;
98;Rickettsia amblyommatis str. Darkwater;strain;1359166;14;993;158;158;15;10.533333333333333;26;14;3956;282.57142857142856;0.01237662541124863;157.03238041673788;1.0061619111975137;12766;33989;0.7098992668901621;0.23849789058937412;0.7151902721811673;0.22748795539435382;9.723804859846837;0.0010966630111232962;0.01237662541124863;0.3098856337145543;0.0010966630111232962;0.07778474071753094;14;0.0010966630111232962;158;0.01237662541124863;3956;0.3098856337145543;14;0.0010966630111232962;993;0.07778474071753094;SRR17281099.778764;0.7098992668901621;0.23849789058937412;0.7151902721811673;0.22748795539435382;
99;Rickettsia montanensis;species;33991;0;0;0;0;0;;0;0;0;;;0.0;;0;114277;;;;;;;;;;;8;3.096166945321692E-5;20;7.740417363304229E-5;2079;0.008046163849154747;11;4.257229549817326E-5;859;0.0033245092575391664;;0.5371840499966264;0.1613902527688129;0.5376901228711203;0.16192261632894303;
100;Rickettsia montanensis str. OSU 85-930;strain;1105114;8;859;20;19;11;1.8181818181818181;7;11;2079;259.875;7.353396495139018E-5;19.99926467739498;0.9500349291079466;258384;33991;0.5371840499966264;0.1613902527688129;0.5376901228711203;0.16192261632894303;1.8340219092574557;3.096166945321692E-5;7.740417363304229E-5;0.008046163849154747;4.257229549817326E-5;0.0033245092575391664;8;3.096166945321692E-5;20;7.740417363304229E-5;2079;0.008046163849154747;11;4.257229549817326E-5;859;0.0033245092575391664;SRR17281099.155013;0.5371840499966264;0.1613902527688129;0.5376901228711203;0.16192261632894303;
101;Rickettsia rhipicephali;species;33992;15;1973;84;84;19;4.421052631578948;26;18;5519;367.93333333333334;2.2542165926442764E-4;83.9906456872836;1.000111373268295;372635;114277;0.5369992708523481;0.2514335108762084;0.5383948173422343;0.25153504801670434;6.371078658661641;4.025386772579065E-5;2.2542165926442764E-4;0.014810739731909241;4.830464127094878E-5;0.005294725401532331;20;1.2515360114062773E-4;97;4.4616096614300406E-4;7116;0.0419277145846082;24;1.5018432136875326E-4;2664;0.017027868559462814;SRR17281099.332363;0.5329204854300483;0.2512510048939748;0.5342235555538732;0.2515446285608696;
102;Rickettsia rhipicephali str. 3-7-female6-CWPP;strain;1105113;5;691;13;13;6;2.1666666666666665;4;6;1597;319.4;2.207393068785764E-4;12.99867564658181;1.0001018837190954;58893;33992;0.5206841291631493;0.2798895973556493;0.5217097701887903;0.28080109159935007;1.169045194450012;8.489973341483708E-5;2.207393068785764E-4;0.027116974852698962;1.018796800978045E-4;0.011733143157930484;5;8.489973341483708E-5;13;2.207393068785764E-4;1597;0.027116974852698962;6;1.018796800978045E-4;691;0.011733143157930484;SRR17281099.688721;0.5206841291631493;0.2798895973556493;0.5217097701887903;0.28080109159935007;
103;Rickettsia africae;species;35788;0;0;0;0;0;;0;0;0;;;0.0;;0;114277;;;;;;;;;;;1;7.656440214686583E-6;2;1.5312880429373167E-5;182;0.0013934721190729583;2;1.5312880429373167E-5;105;8.039262225420913E-4;;0.3092105263157895;;0.3092105263157895;;
104;Rickettsia africae ESF-5;strain;347255;1;105;2;2;2;1.0;1;2;182;182.0;1.5312880429373167E-5;1.999992343564585;1.000003828232363;130609;35788;0.3092105263157895;;0.3092105263157895;;0.0;7.656440214686583E-6;1.5312880429373167E-5;0.0013934721190729583;1.5312880429373167E-5;8.039262225420913E-4;1;7.656440214686583E-6;2;1.5312880429373167E-5;182;0.0013934721190729583;2;1.5312880429373167E-5;105;8.039262225420913E-4;SRR17281099.568869;0.3092105263157895;;0.3092105263157895;;
105;Rickettsia helvetica;species;35789;2;542;16;16;5;3.2;7;4;1071;535.5;6.050842201598935E-5;15.999546194605559;1.0000283636416258;264426;114277;0.44913820148877714;0.04632390722386238;0.4498345803188607;0.04730873560991598;2.6832815729997477;7.563552751998669E-6;6.050842201598935E-5;0.004050282498695287;1.5127105503997338E-5;0.002049722795791639;3;5.073136776895299E-4;29;0.006557260046203895;1274;0.10549955786101413;5;5.148772304415286E-4;622;0.04202973279079414;SRR17281099.1196301;0.4786162191042715;0.060661460235150316;0.4790804716576605;0.060704404396280554;
106;Rickettsia helvetica C9P9;strain;1144888;1;80;13;13;1;13.0;13;1;203;203.0;0.006496751624187906;12.961090829647404;1.0030019981237686;2001;35789;0.5375722543352601;;0.5375722543352601;;;4.997501249375312E-4;0.006496751624187906;0.10144927536231885;4.997501249375312E-4;0.0399800099950025;1;4.997501249375312E-4;13;0.006496751624187906;203;0.10144927536231885;1;4.997501249375312E-4;80;0.0399800099950025;SRR17281099.777315;0.5375722543352601;;0.5375722543352601;;
107;Rickettsia japonica;species;35790;3;352;25;25;3;8.333333333333334;23;3;1013;337.6666666666667;2.8227536526432266E-4;24.99661298891375;1.0001354988008877;88566;114277;0.5962293689638454;0.10377964332536745;0.5970287294754361;0.10335501877639802;12.701705922171765;3.387304383171872E-5;2.8227536526432266E-4;0.011437797800510354;3.387304383171872E-5;0.003974437142921663;5;7.054647160949827E-4;49;0.00834137543242349;1533;0.186051632588959;5;7.054647160949827E-4;617;0.09296033371780413;SRR17281099.428033;0.5158897952913507;0.13644743856692265;0.5163694115983051;0.1366398491563668;
108;Rickettsia japonica YH;strain;652620;2;265;24;24;2;12.0;23;2;520;260.0;0.008059100067159167;23.90754817132478;1.0038670560449234;2978;35790;0.3953804347826087;0.06725200364545952;0.3953804347826087;0.06725200364545952;15.556349186104045;6.71591672263264E-4;0.008059100067159167;0.17461383478844864;6.71591672263264E-4;0.08898589657488247;2;6.71591672263264E-4;24;0.008059100067159167;520;0.17461383478844864;2;6.71591672263264E-4;265;0.08898589657488247;SRR17281099.542833;0.3953804347826087;0.06725200364545952;0.3953804347826087;0.06725200364545952;
109;Rickettsia massiliae;species;35791;0;0;0;0;0;;0;0;0;;0.0;0.0;;1397;114277;;;;;;0.0;0.0;0.0;0.0;0.0;1;7.814087236469908E-6;22;1.7190991920233798E-4;346;0.002703674183818588;3;2.3442261709409725E-5;262;0.002047290855955116;;0.17088607594936708;;0.17088607594936708;;
110;Rickettsia massiliae MTU5;strain;416276;1;262;22;22;3;7.333333333333333;20;3;346;346.0;1.7190991920233798E-4;21.998195039933485;1.000082050371098;127974;35791;0.17088607594936708;;0.17088607594936708;;10.969655114602888;7.814087236469908E-6;1.7190991920233798E-4;0.002703674183818588;2.3442261709409725E-5;0.002047290855955116;1;7.814087236469908E-6;22;1.7190991920233798E-4;346;0.002703674183818588;3;2.3442261709409725E-5;262;0.002047290855955116;SRR17281099.925034;0.17088607594936708;;0.17088607594936708;;
111;Rickettsia parkeri;species;35792;3;437;16;16;4;4.0;12;4;968;322.6666666666667;8.382054022338174E-5;15.999371361495497;1.000039291450289;190884;114277;0.4371254859931815;0.26781796129785623;0.4371254859931815;0.26781796129785623;5.354126134736337;1.5716351291884078E-5;8.382054022338174E-5;0.0050711426835145955;2.0955135055845436E-5;0.0022893485048511137;3;1.5716351291884078E-5;16;8.382054022338174E-5;968;0.0050711426835145955;4;2.0955135055845436E-5;437;0.0022893485048511137;SRR17281099.454081;0.4371254859931815;0.26781796129785623;0.4371254859931815;0.26781796129785623;
112;Rickettsia slovaca;species;35794;3;318;14;14;3;4.666666666666667;10;3;943;314.3333333333333;2.0410841072443907E-4;13.998673372698274;1.0000947680731171;68591;114277;0.6190499039246485;0.3152453007447588;0.6237847524094972;0.3116897478355826;4.725815626252609;4.373751658380837E-5;2.0410841072443907E-4;0.013748159379510431;4.373751658380837E-5;0.004636176757883688;3;4.373751658380837E-5;14;2.0410841072443907E-4;943;0.013748159379510431;3;4.373751658380837E-5;318;0.004636176757883688;SRR17281099.1468448;0.6190499039246485;0.3152453007447588;0.6237847524094972;0.3116897478355826;
113;Rickettsia honei;species;37816;0;0;0;0;0;;0;0;0;;;0.0;;0;114277;;;;;;;;;;;2;1.2321188748290436E-5;29;1.786572368502113E-4;683;0.004207685957541184;5;3.080297187072609E-5;360;0.002217813974692278;;0.3539596408647141;0.28755490855391735;0.38115629358437936;0.2490930334266155;
114;Rickettsia honei RB;strain;1175313;2;360;29;29;5;5.8;23;5;683;341.5;1.786572368502113E-4;28.997498937592596;1.000086250969878;162322;37816;0.3539596408647141;0.28755490855391735;0.38115629358437936;0.2490930334266155;9.654014708917737;1.2321188748290436E-5;1.786572368502113E-4;0.004207685957541184;3.080297187072609E-5;0.002217813974692278;2;1.2321188748290436E-5;29;1.786572368502113E-4;683;0.004207685957541184;5;3.080297187072609E-5;360;0.002217813974692278;SRR17281099.208264;0.3539596408647141;0.28755490855391735;0.38115629358437936;0.2490930334266155;
115;Rickettsia felis;species;42862;10;1350;90;66;20;4.5;26;18;3930;393.0;1.2436568788357864E-4;89.99245367944424;0.7333948270273187;530693;114277;0.6344461830107953;0.168212738444251;0.6395068725717352;0.17104354777602276;5.717010628494212;1.8843286042966463E-5;1.6958957438669814E-4;0.007405411414885819;3.391791487733963E-5;0.0025438436158004723;12;6.214457642141974E-5;98;3.427947359005112E-4;4567;0.021196872400423186;20;7.72192052557929E-5;1744;0.011074197820355767;SRR17281099.1309926;0.5821017154143138;0.19613884262383377;0.5865793733817638;0.19891115075656457;
116;Rickettsia felis str. LSU;strain;1359195;2;394;8;8;2;4.0;7;2;637;318.5;1.732051615138131E-4;7.999393808179016;1.000075779719754;46188;42862;0.3203793774319066;0.06417613101625004;0.3219418774319066;0.06196642232504204;4.242640687119285;4.3301290378453275E-5;1.732051615138131E-4;0.013791460985537369;4.3301290378453275E-5;0.008530354204555295;2;4.3301290378453275E-5;8;1.732051615138131E-4;637;0.013791460985537369;2;4.3301290378453275E-5;394;0.008530354204555295;SRR17281099.1455583;0.3203793774319066;0.06417613101625004;0.3219418774319066;0.06196642232504204;
117;Rickettsia peacockii;species;47589;0;0;0;0;0;;0;0;0;;;0.0;;0;114277;;;;;;;;;;;5;4.2623202366440196E-5;7;5.967248331301627E-5;1445;0.012318105483901217;6;5.114784283972824E-5;766;0.006529874602538638;;0.3556943729327401;0.2678765642484506;0.3556943729327401;0.2678765642484506;
118;Rickettsia peacockii str. Rustic;strain;562019;5;766;7;7;6;1.1666666666666667;2;6;1445;289.0;5.967248331301627E-5;6.999820985096694;1.0000255742116388;117307;47589;0.3556943729327401;0.2678765642484506;0.3556943729327401;0.2678765642484506;0.4082482904638632;4.2623202366440196E-5;5.967248331301627E-5;0.012318105483901217;5.114784283972824E-5;0.006529874602538638;5;4.2623202366440196E-5;7;5.967248331301627E-5;1445;0.012318105483901217;6;5.114784283972824E-5;766;0.006529874602538638;SRR17281099.596481;0.3556943729327401;0.2678765642484506;0.3556943729327401;0.2678765642484506;
119;Rickettsia monacensis;species;109232;16;3041;97;97;20;4.85;31;20;6343;396.4375;6.922835364983299E-4;96.96677789936197;1.0003426132264857;140116;114277;0.4705879349518526;0.16509533666677226;0.47132036250023734;0.16488020182075414;8.06731547340058;1.1419109880384825E-4;6.922835364983299E-4;0.04526963373205058;1.427388735048103E-4;0.021703445716406405;16;1.1419109880384825E-4;97;6.922835364983299E-4;6343;0.04526963373205058;20;1.427388735048103E-4;3041;0.021703445716406405;SRR17281099.609247;0.4705879349518526;0.16509533666677226;0.47132036250023734;0.16488020182075414;
120;Rickettsia asiatica;species;238800;7;983;48;48;12;4.0;24;12;2256;322.2857142857143;2.0825921330082175E-4;47.99510623354145;1.0001019638634558;230482;114277;0.5325798621067042;0.14623458686435248;0.5355783187001651;0.14784011715825995;6.424385361474456;3.0371135273036507E-5;2.0825921330082175E-4;0.009788183025138623;5.206480332520544E-5;0.004264975139056412;7;3.0371135273036507E-5;48;2.0825921330082175E-4;2256;0.009788183025138623;12;5.206480332520544E-5;983;0.004264975139056412;SRR17281099.1106719;0.5325798621067042;0.14623458686435248;0.5355783187001651;0.14784011715825995;
121;Rickettsia sibirica subgroup;;266068;0;0;0;0;0;;0;0;0;;;0.0;;0;114277;;;;;;;;;;;4;4.307559637163407E-5;22;2.796313446763179E-4;1146;0.012398112446649602;5;5.621758238856095E-5;460;0.005233717839772084;;0.5270453515292459;0.3649180548560392;0.5270453515292459;0.3649180548560392;
122;Rickettsia sibirica;species;35793;2;171;2;2;2;1.0;1;2;561;280.5;1.6791624337780316E-5;1.9999916042048267;1.000004197915209;119107;266068;0.6575927578732628;0.1544401270142241;0.6575927578732628;0.1544401270142241;0.0;1.6791624337780316E-5;1.6791624337780316E-5;0.004710050626747378;1.6791624337780316E-5;0.001435683880880217;4;4.307559637163407E-5;22;2.796313446763179E-4;1146;0.012398112446649602;5;5.621758238856095E-5;460;0.005233717839772084;SRR17281099.717262;0.5270453515292459;0.3649180548560392;0.5270453515292459;0.3649180548560392;
123;Rickettsia sibirica subsp. mongolitimonae;subspecies;45261;0;0;0;0;0;;0;0;0;;;0.0;;0;35793;;;;;;;;;;;2;2.6283972033853757E-5;20;2.628397203385376E-4;585;0.007688061819902224;3;3.942595805078063E-5;289;0.0037980339588918675;;0.396497945185229;0.5545027558407413;0.396497945185229;0.5545027558407413;
124;Rickettsia sibirica subsp. mongolitimonae HA-91;strain;1144280;2;289;20;20;3;6.666666666666667;13;3;585;292.5;2.628397203385376E-4;19.997503219456213;1.0001248546139179;76092;45261;0.396497945185229;0.5545027558407413;0.396497945185229;0.5545027558407413;5.686240703077327;2.6283972033853757E-5;2.628397203385376E-4;0.007688061819902224;3.942595805078063E-5;0.0037980339588918675;2;2.6283972033853757E-5;20;2.628397203385376E-4;585;0.007688061819902224;3;3.942595805078063E-5;289;0.0037980339588918675;SRR17281099.589439;0.396497945185229;0.5545027558407413;0.396497945185229;0.5545027558407413;
125;Rickettsia tamurae;species;334545;21;3254;177;177;32;5.53125;25;31;7320;348.57142857142856;6.792643988701953E-4;176.94023811055925;1.0003377518312335;260576;114277;0.5247865146224197;0.20576031638433864;0.5262175797581209;0.2059303678847512;6.495578521008013;8.05906913913791E-5;6.792643988701953E-4;0.028091612427852145;1.1896721110155963E-4;0.012487719513692742;167;0.00395049818469856;4353;0.1113692211937386;63649;1.521160237020319;192;0.004386467940022492;30832;0.7434761362974286;SRR17281099.361830;0.44482160623853323;0.18249095604606738;0.4468462050983612;0.18279701583573107;
126;Rickettsia tamurae subsp. buchneri;subspecies;1462938;146;27578;4176;3249;253;16.50592885375494;145;161;56329;385.8150684931507;0.08611869483393855;3953.2256442174667;0.8218604988441365;37727;334545;0.43331980434770023;0.17671224837403693;0.43542977449661496;0.17709099539744816;16.93723721247782;0.0038699074933071804;0.1106899567948684;1.493068624592467;0.004267500728920932;0.7309884167837358;146;0.0038699074933071804;4176;0.1106899567948684;56329;1.493068624592467;161;0.004267500728920932;27578;0.7309884167837358;SRR17281099.710121;0.43331980434770023;0.17671224837403693;0.43542977449661496;0.17709099539744816;
127;Rickettsia gravesii;species;354585;0;0;0;0;0;;0;0;0;;;0.0;;0;114277;;;;;;;;;;;6;1.9572599665308547E-5;32;1.0438719821497891E-4;1927;0.006286066592508261;11;3.5883099386399E-5;1125;0.003669862437245352;;0.33288387371957157;0.21232238703741535;0.33288387371957157;0.21232238703741535;
128;Rickettsia gravesii BWI-1;strain;1397702;6;1125;32;32;13;2.4615384615384617;10;11;1927;321.1666666666667;1.0438719821497891E-4;31.998382050715946;1.000050563471662;306551;354585;0.33288387371957157;0.21232238703741535;0.33288387371957157;0.21232238703741535;2.9612887007569473;1.9572599665308547E-5;1.0438719821497891E-4;0.006286066592508261;3.5883099386399E-5;0.003669862437245352;6;1.9572599665308547E-5;32;1.0438719821497891E-4;1927;0.006286066592508261;11;3.5883099386399E-5;1125;0.003669862437245352;SRR17281099.235825;0.33288387371957157;0.21232238703741535;0.33288387371957157;0.21232238703741535;
129;Rickettsia hoogstraalii;species;467174;22;3467;119;101;26;4.576923076923077;14;26;8490;385.90909090909093;1.7562010415489345E-4;118.98779262296804;0.8488265709746776;575105;114277;0.526119462769494;0.22182255319826666;0.5280071555983077;0.22257296402147514;3.9311380227417803;3.8253884073343125E-5;2.0691873657853783E-4;0.014762521626485598;4.520913572304188E-5;0.006028464367376392;22;3.8253884073343125E-5;119;2.0691873657853783E-4;8490;0.014762521626485598;26;4.520913572304188E-5;3467;0.006028464367376392;SRR17281099.90223;0.526119462769494;0.22182255319826666;0.5280071555983077;0.22257296402147514;
130;Rickettsia asembonensis;species;1068590;10;1582;65;65;15;4.333333333333333;13;15;3860;386.0;1.33366982849006E-4;64.99573243965779;1.000065659085328;487377;114277;0.5511122790735093;0.12932058014383055;0.5527951466192504;0.12811137305545298;4.402380308532235;2.051799736138554E-5;1.33366982849006E-4;0.007919946981494818;3.077699604207831E-5;0.0032459471825711924;10;2.051799736138554E-5;65;1.33366982849006E-4;3860;0.007919946981494818;15;3.077699604207831E-5;1582;0.0032459471825711924;SRR17281099.295883;0.5511122790735093;0.12932058014383055;0.5527951466192504;0.12811137305545298;
131;Rickettsia fournieri;species;1436798;4;1019;11;10;10;1.1;2;10;1681;420.25;9.180966021244755E-5;10.999495060731325;0.9091326415246491;108921;114277;0.3512974511880625;0.1350185700406452;0.3512974511880625;0.1350185700406452;0.316227766016838;3.672386408497902E-5;1.0099062623369231E-4;0.015433203881712433;9.180966021244755E-5;0.009355404375648406;4;3.672386408497902E-5;11;1.0099062623369231E-4;1681;0.015433203881712433;10;9.180966021244755E-5;1019;0.009355404375648406;SRR17281099.1366104;0.3512974511880625;0.1350185700406452;0.3512974511880625;0.1350185700406452;
132;Rickettsia argasii;species;1441385;0;0;0;0;0;;0;0;0;;;0.0;;0;114277;;;;;;;;;;;4;2.734276202910637E-5;21;1.4354950065280844E-4;1277;0.008729176777792209;7;4.784983355093615E-5;495;0.003383666801101913;;0.5733970744458167;0.2903542141640353;0.5733970744458167;0.2903542141640353;
133;Rickettsia argasii T170-B;strain;1268837;4;495;21;21;8;2.625;9;7;1277;319.25;1.4354950065280844E-4;20.998564567219624;1.0000683586145034;146291;1441385;0.5733970744458167;0.2903542141640353;0.5733970744458167;0.2903542141640353;2.774243783705493;2.734276202910637E-5;1.4354950065280844E-4;0.008729176777792209;4.784983355093615E-5;0.003383666801101913;4;2.734276202910637E-5;21;1.4354950065280844E-4;1277;0.008729176777792209;7;4.784983355093615E-5;495;0.003383666801101913;SRR17281099.182680;0.5733970744458167;0.2903542141640353;0.5733970744458167;0.2903542141640353;
134;Rickettsia koreansis;species;2358204;3;864;7;7;3;2.3333333333333335;4;3;1612;537.3333333333334;4.4441904907021186E-5;6.9998666756503996;1.0000190466984271;157509;114277;0.3835997509394871;0.13946441728917156;0.3835997509394871;0.13946441728917156;1.5275252316519468;1.904653067443765E-5;4.4441904907021186E-5;0.010234335815731164;1.904653067443765E-5;0.005485400834238044;3;1.904653067443765E-5;7;4.4441904907021186E-5;1612;0.010234335815731164;3;1.904653067443765E-5;864;0.005485400834238044;SRR17281099.1478431;0.3835997509394871;0.13946441728917156;0.3835997509394871;0.13946441728917156;
135;unclassified spotted fever group;no rank;2750824;0;0;0;0;0;;0;0;0;;;0.0;;0;114277;;;;;;;;;;;408;0.00763540283494159;24772;0.4686937464397887;175528;3.2751869995217895;418;0.007810358225867948;85189;1.5922853023464199;;0.4612269116962528;0.23063813007085787;0.4627890312995831;0.23044869199813933;
136;Rickettsia endosymbiont of Ixodes scapularis;species;444612;402;83799;24765;14310;1044;23.721264367816094;278;411;172269;428.52985074626866;0.2708073123651641;19771.534526762844;0.7237677976198517;52842;2750824;0.45851587034482866;0.23063454200135933;0.4600947960631386;0.23045966008625607;26.59381425800186;0.007607584875667083;0.46866129215396846;3.260077211309186;0.007777903940047689;1.5858408084478255;402;0.007607584875667083;24765;0.46866129215396846;172269;3.260077211309186;411;0.007777903940047689;83799;1.5858408084478255;SRR17281099.114920;0.45851587034482866;0.23063454200135933;0.4600947960631386;0.23045966008625607;
137;Rickettsia sp. Tenjiku01;species;1736693;6;1390;7;7;7;1.0;1;7;3259;543.1666666666666;3.245428582025889E-5;6.999902637966414;1.0000139090553999;215688;2750824;0.6428666822416683;0.15421720634166738;0.6433027921413631;0.15374201955258898;0.0;2.781795927450762E-5;3.245428582025889E-5;0.01510978821260339;3.245428582025889E-5;0.006444493898594266;6;2.781795927450762E-5;7;3.245428582025889E-5;3259;0.01510978821260339;7;3.245428582025889E-5;1390;0.006444493898594266;SRR17281099.332363;0.6428666822416683;0.15421720634166738;0.6433027921413631;0.15374201955258898;
138;Rickettsia tillamookensis;species;2761623;7;1242;31;31;10;3.1;11;10;2737;391.0;5.6881568903763724E-5;30.99914679172632;1.000027523605066;544992;114277;0.4744938128809678;0.18145247545840498;0.47514241715026173;0.18217803479637598;3.314949304120485;1.2844225236333744E-5;5.6881568903763724E-5;0.005022092067406494;1.834889319476249E-5;0.0022789325347895013;7;1.2844225236333744E-5;31;5.6881568903763724E-5;2737;0.005022092067406494;10;1.834889319476249E-5;1242;0.0022789325347895013;SRR17281099.912716;0.4744938128809678;0.18145247545840498;0.47514241715026173;0.18217803479637598;
139;Candidatus Rickettsia kedanie;species;3115352;11;2748;101;101;18;5.611111111111111;31;15;6729;611.7272727272727;2.0046921705854098E-4;100.98997719605552;1.0000992455313167;503818;114277;0.4621251650878161;0.1600874364269986;0.4628203052542977;0.16017197104076766;7.405394606707043;2.183328106578169E-5;2.0046921705854098E-4;0.013356013481058636;2.9772655998793215E-5;0.005454350578978917;11;2.183328106578169E-5;101;2.0046921705854098E-4;6729;0.013356013481058636;15;2.9772655998793215E-5;2748;0.005454350578978917;SRR17281099.1384413;0.4621251650878161;0.1600874364269986;0.4628203052542977;0.16017197104076766;
140;typhus group;species group;114292;0;0;10;10;3;3.3333333333333335;8;3;0;;6.974035665218392E-5;9.999686174191984;1.0000313835656989;143389;780;;;;;4.041451884327381;0.0;6.974035665218392E-5;0.0;2.0922106995655175E-5;0.0;10;1.1589932915956198E-5;73;1.4236385652340402E-4;3834;0.004447186991078089;22;4.290397184520133E-5;1755;0.0020330280285650697;SRR17281099.1367525;0.5076870518428549;0.1948319065206109;0.5076870518428549;0.1948319065206109;
141;Rickettsia prowazekii;species;782;3;560;32;32;7;4.571428571428571;12;7;1030;343.3333333333333;3.6415652813166076E-5;31.999435562242038;1.0000176389910649;878743;114292;0.40561963341024154;0.33596337210397464;0.40561963341024154;0.33596337210397464;4.790864322059325;3.41396745123432E-6;3.6415652813166076E-5;0.001172128824923783;7.96592405288008E-6;6.372739242304063E-4;3;3.41396745123432E-6;32;3.6415652813166076E-5;1030;0.001172128824923783;7;7.96592405288008E-6;560;6.372739242304063E-4;SRR17281099.1367525;0.40561963341024154;0.33596337210397464;0.40561963341024154;0.33596337210397464;
142;Rickettsia typhi;species;785;7;1195;31;31;12;2.5833333333333335;9;12;2804;400.57142857142856;3.620784705805403E-5;30.99945688980707;1.0000175199905876;856168;114292;0.5514302311711177;0.10896860214028893;0.5514302311711177;0.10896860214028893;2.6443192398846707;8.175965464721877E-6;3.620784705805403E-5;0.003275058166154306;1.4015940796666075E-5;0.0013957541043346632;7;8.175965464721877E-6;31;3.620784705805403E-5;2804;0.003275058166154306;12;1.4015940796666075E-5;1195;0.0013957541043346632;SRR17281099.1320976;0.5514302311711177;0.10896860214028893;0.5514302311711177;0.10896860214028893;
143;unclassified Rickettsia;no rank;114295;8;1279;438;288;78;5.615384615384615;26;59;4094;511.75;7.047806150091841E-5;437.97658081322555;0.6575694058007571;4086378;780;0.6164179069790426;0.26712122876952865;0.6171383680741435;0.26601724737555865;6.380226697170933;1.9577239305810672E-6;1.0718538519931343E-4;0.001001865221474861;1.443821398803537E-5;3.129911134016481E-4;43;2.3568343776507987E-4;1306;0.006168947322043176;16459;0.07671411291278747;227;0.001173931849828751;5011;0.022952966672743644;SRR17281099.739850;0.613359201728967;0.21204519216037757;0.6162649994265522;0.2120331580914354;
144;Rickettsia sp.;species;789;3;194;31;29;19;1.631578947368421;6;19;767;255.66666666666666;5.618837443157709E-5;30.99909906456291;0.9355110591956458;516121;114295;0.6930387177806901;0.27460314491474563;0.6930387177806901;0.27460314491474563;1.2565617248750864;5.8125904584390095E-6;6.0063434737203096E-5;0.0014860856272075735;3.681307290344706E-5;3.7588084964572263E-4;3;5.8125904584390095E-6;31;6.0063434737203096E-5;767;0.0014860856272075735;19;3.681307290344706E-5;194;3.7588084964572263E-4;SRR17281099.429717;0.6930387177806901;0.27460314491474563;0.6930387177806901;0.27460314491474563;
145;Rickettsia endosymbiont of Ixodes pacificus;species;1133329;6;911;259;227;31;8.35483870967742;27;28;4189;698.1666666666666;0.0012245118135721222;258.8198534578441;0.8770579110036208;185380;114295;0.7254746473447261;0.21215141104048132;0.7306909126221974;0.213587757318469;8.300796697091888;3.236595101952746E-5;0.0013971302190096018;0.022596828136800088;1.510411047577948E-4;0.004914230229798252;6;3.236595101952746E-5;259;0.0013971302190096018;4189;0.022596828136800088;28;1.510411047577948E-4;911;0.004914230229798252;SRR17281099.586024;0.7254746473447261;0.21215141104048132;0.7306909126221974;0.213587757318469;
146;Rickettsia sp. MEAM1 (Bemisia tabaci);species;1182263;1;57;21;18;8;2.625;9;8;313;313.0;0.0011373688866422344;20.986736004994416;0.8576845868607851;15826;114295;0.7915194346289752;;0.7985865724381626;;2.9246489410818914;6.318716036901302E-5;0.0013269303677492733;0.019777581195501073;5.054972829521042E-4;0.003601668141033742;1;6.318716036901302E-5;21;0.0013269303677492733;313;0.019777581195501073;8;5.054972829521042E-4;57;0.003601668141033742;SRR17281099.106961;0.7915194346289752;;0.7985865724381626;;
147;Rickettsia endosymbiont of Proechinophthirus fluctus;species;1462733;3;378;49;40;8;6.125;22;8;743;247.66666666666666;1.7442342157704936E-4;48.99487230176148;0.8164119655958754;229327;114295;0.3853309481216458;0.09487424976406796;0.3977539256609024;0.09942035305484997;7.31803057034961;1.3081756618278703E-5;2.1366869143188546E-4;0.003239915055793692;3.488468431540987E-5;0.0016483013339031165;3;1.3081756618278703E-5;49;2.1366869143188546E-4;743;0.003239915055793692;8;3.488468431540987E-5;378;0.0016483013339031165;SRR17281099.1398724;0.3853309481216458;0.09487424976406796;0.3977539256609024;0.09942035305484997;
148;Rickettsia sp. TH2014;species;1967503;4;660;67;67;14;4.785714285714286;19;14;1439;359.75;1.1836180199660461E-4;66.99609421204606;1.0000582987411413;566061;114295;0.47277110711681547;0.13353518786676186;0.4772605221926843;0.13824186848417125;5.394848988099259;7.0663762386032605E-6;1.1836180199660461E-4;0.0025421288518375227;2.473231683511141E-5;0.001165952079369538;4;7.0663762386032605E-6;67;1.1836180199660461E-4;1439;0.0025421288518375227;14;2.473231683511141E-5;660;0.001165952079369538;SRR17281099.900173;0.47277110711681547;0.13353518786676186;0.4772605221926843;0.13824186848417125;
149;Rickettsia endosymbiont of Halotydeus destructor;species;2996754;1;117;14;14;4;3.5;11;4;300;300.0;1.0905720050166312E-5;13.999929113608196;1.0000050633393376;1283730;114295;0.562962962962963;;0.5666666666666667;;5.0;7.78980003583308E-7;1.0905720050166312E-5;2.336940010749924E-4;3.115920014333232E-6;9.114066041924704E-5;1;7.78980003583308E-7;14;1.0905720050166312E-5;300;2.336940010749924E-4;4;3.115920014333232E-6;117;9.114066041924704E-5;SRR17281099.604975;0.562962962962963;;0.5666666666666667;;
150;Rickettsia endosymbiont of Aspidapion aeneum;species;3066247;1;101;25;25;2;12.5;24;2;222;222.0;0.002160947359322327;24.97408580799709;1.0010376432675911;11569;114295;0.4739583333333333;;0.4739583333333333;;16.263455967290593;8.643789437289307E-5;0.002160947359322327;0.019189212550782264;1.7287578874578615E-4;0.008730227331662201;1;8.643789437289307E-5;25;0.002160947359322327;222;0.019189212550782264;2;1.7287578874578615E-4;101;0.008730227331662201;SRR17281099.179295;0.4739583333333333;;0.4739583333333333;;
151;Rickettsia endosymbiont of Cantharis rufa;species;3066248;5;332;25;25;14;1.7857142857142858;5;14;1173;234.6;2.605719241047791E-5;24.999687315058445;1.000012507554099;959428;114295;0.6906343380737662;0.19212940578739277;0.6906343380737662;0.19212940578739277;1.2513728724621074;5.211438482095582E-6;2.605719241047791E-5;0.0012226034678996236;1.459202774986763E-5;3.4603951521114667E-4;5;5.211438482095582E-6;25;2.605719241047791E-5;1173;0.0012226034678996236;14;1.459202774986763E-5;332;3.4603951521114667E-4;SRR17281099.264649;0.6906343380737662;0.19212940578739277;0.6906343380737662;0.19212940578739277;
152;Rickettsia endosymbiont of Orchestes rusci;species;3066250;0;0;34;34;4;8.5;31;4;0;;8.214941528945588E-5;33.9986445694655;1.0000398671932857;413880;114295;;;;;15.0;0.0;8.214941528945588E-5;0.0;9.664637092877163E-6;0.0;0;0.0;34;8.214941528945588E-5;0;0.0;4;9.664637092877163E-6;0;0.0;SRR17281099.174667;;;;;
153;Rickettsia endosymbiont of Polydrusus tereticollis;species;3066251;0;0;36;35;13;2.769230769230769;10;12;0;;2.8440070271350773E-5;35.999488083014015;0.9722360473374172;1230658;114295;;;;;2.8911890908369102;0.0;2.925264370767508E-5;0.0;9.750881235891694E-6;0.0;0;0.0;36;2.925264370767508E-5;0;0.0;12;9.750881235891694E-6;0;0.0;SRR17281099.1201786;;;;;
154;Rickettsia endosymbiont of Rhinocyllus conicus;species;3066252;0;0;2;2;2;1.0;1;2;0;;1.8835229413094253E-5;1.999990582376041;1.0000047088341524;106184;114295;;;;;0.0;0.0;1.8835229413094253E-5;0.0;1.8835229413094253E-5;0.0;0;0.0;2;1.8835229413094253E-5;0;0.0;2;1.8835229413094253E-5;0;0.0;SRR17281099.1137159;;;;;
155;Rickettsia endosymbiont of Urophora cardui;species;3066265;4;223;48;45;25;1.92;12;24;651;162.75;8.959217641296817E-5;47.997754291169706;0.9375438635527743;502276;114295;0.5903408659430001;0.052768589064082286;0.5903408659430001;0.052768589064082286;2.5806975801127883;7.96374901448606E-6;9.556498817383271E-5;0.0012961001521076061;4.778249408691636E-5;4.4397900755759783E-4;4;7.96374901448606E-6;48;9.556498817383271E-5;651;0.0012961001521076061;24;4.778249408691636E-5;223;4.4397900755759783E-4;SRR17281099.719620;0.5903408659430001;0.052768589064082286;0.5903408659430001;0.052768589064082286;
156;Rickettsia endosymbiont of Gonocerus acuteangulatus;species;3066266;6;626;207;77;20;10.35;31;11;2326;387.6666666666667;1.1168549364988193E-4;206.96907778136716;0.37203625210786;689436;114295;0.6580739522950912;0.2451095083484023;0.661722383317824;0.24740100586729802;9.143735272679438;8.70276573895184E-6;3.002454179938384E-4;0.0033737721848003297;1.5955070521411704E-5;9.079885587639752E-4;6;8.70276573895184E-6;207;3.002454179938384E-4;2326;0.0033737721848003297;11;1.5955070521411704E-5;626;9.079885587639752E-4;SRR17281099.348425;0.6580739522950912;0.2451095083484023;0.661722383317824;0.24740100586729802;
157;Rickettsia endosymbiont of Pantilius tunicatus;species;3066267;1;133;38;35;9;4.222222222222222;24;9;242;242.0;1.090968031519625E-4;37.99780879531285;0.921105745558606;320816;114295;0.37264150943396224;;0.37264150943396224;;7.446102634562892;3.1170515186274997E-6;1.18447957707845E-4;7.54326467507855E-4;2.80534636676475E-5;4.1456785197745746E-4;1;3.1170515186274997E-6;38;1.18447957707845E-4;242;7.54326467507855E-4;9;2.80534636676475E-5;133;4.1456785197745746E-4;SRR17281099.780396;0.37264150943396224;;0.37264150943396224;;
158;Rickettsia endosymbiont of Nabis limbatus;species;3066268;0;0;11;10;8;1.375;3;8;0;;5.7672787671864906E-5;10.999682805218015;0.9091171242916398;173392;114295;;;;;0.7440238091428449;0.0;6.344006643905139E-5;0.0;4.6138230137491926E-5;0.0;0;0.0;11;6.344006643905139E-5;0;0.0;8;4.6138230137491926E-5;0;0.0;SRR17281099.233567;;;;;
159;Rickettsia endosymbiont of Lasioglossum villosulum;species;3066269;0;0;1;1;1;1.0;1;1;0;;3.9761431411530815E-5;0.9999999999989517;1.0000000000010483;25150;114295;;;;;;0.0;3.9761431411530815E-5;0.0;3.9761431411530815E-5;0.0;0;0.0;1;3.9761431411530815E-5;0;0.0;1;3.9761431411530815E-5;0;0.0;SRR17281099.565751;;;;;
160;belli group;species group;1129742;0;0;40;40;6;6.666666666666667;25;6;0;;5.647005675240704E-4;39.988990307842485;1.0002753180831214;70834;780;;;;;9.647106647418523;0.0;5.647005675240704E-4;0.0;8.470508512861055E-5;0.0;7;9.367735958036152E-6;182;8.231319345856424E-4;2130;0.002898124360551002;54;1.7606154069392397E-4;677;8.439666753222469E-4;SRR17281099.1402145;0.6331349677447837;0.24469129647287188;0.6331349677447837;0.24469129647287188;
161;Rickettsia canadensis;species;788;2;140;39;39;12;3.25;11;12;762;381.0;6.337825605790497E-5;38.99879583728063;1.0000308769205182;615353;1129742;0.7950126796280642;0.21219180669587845;0.7950126796280642;0.21219180669587845;2.800162332956625;3.25016697732846E-6;6.337825605790497E-5;0.0012383136183621434;1.950100186397076E-5;2.2751168841299223E-4;2;3.25016697732846E-6;60;1.4986683063731706E-4;762;0.0012383136183621434;21;5.6567533826575936E-5;140;2.2751168841299223E-4;SRR17281099.769436;0.7950126796280642;0.21219180669587845;0.7950126796280642;0.21219180669587845;
162;Rickettsia canadensis str. McKiel;strain;293613;0;0;14;14;6;2.3333333333333335;6;6;0;;5.708484030515925E-5;13.999628954540876;1.000026503949521;245249;788;;;;;1.9663841605003503;0.0;5.708484030515925E-5;0.0;2.4464931559353963E-5;0.0;0;0.0;14;5.708484030515925E-5;0;0.0;6;2.4464931559353963E-5;0;0.0;SRR17281099.974929;;;;;
163;Rickettsia canadensis str. CA410;strain;1105107;0;0;7;7;3;2.3333333333333335;4;3;0;;2.940373427425283E-5;6.999911789376122;1.0000126016764972;238065;788;;;;;1.5275252316519468;0.0;2.940373427425283E-5;0.0;1.2601600403251214E-5;0.0;0;0.0;7;2.940373427425283E-5;0;0.0;3;1.2601600403251214E-5;0;0.0;SRR17281099.931415;;;;;
164;Rickettsia bellii;species;33990;1;1;38;38;10;3.8;14;10;237;237.0;5.808550185873606E-5;37.998925436959254;1.000028278774423;654208;1129742;0.9951690821256038;;0.9951690821256038;;4.732863826479693;1.528565838387791E-6;5.808550185873606E-5;3.622701036979065E-4;1.528565838387791E-5;1.528565838387791E-6;1;1.528565838387791E-6;38;5.808550185873606E-5;237;3.622701036979065E-4;10;1.528565838387791E-5;1;1.528565838387791E-6;SRR17281099.388494;0.9951690821256038;;0.9951690821256038;;
165;Rickettsia oklahomensis;species;3141789;4;536;44;44;17;2.588235294117647;12;17;1131;282.75;5.047903456551892E-5;43.998914718753035;1.0000246660912866;871649;1129742;0.46168758320793835;0.06624024644139716;0.46168758320793835;0.06624024644139716;2.9803276566808004;4.589003142319902E-6;5.047903456551892E-5;0.0012975406384909522;1.9503263354859583E-5;6.149264210708669E-4;4;4.589003142319902E-6;44;5.047903456551892E-5;1131;0.0012975406384909522;17;1.9503263354859583E-5;536;6.149264210708669E-4;SRR17281099.1130307;0.46168758320793835;0.06624024644139716;0.46168758320793835;0.06624024644139716;
166;Rickettsia incertae sedis;no rank;2749451;0;0;0;0;0;;0;0;0;;;0.0;;0;780;;;;;;;;;;;5;2.6460766621330552E-5;39;2.0639397964637832E-4;993;0.005255108250996248;19;1.0055091316105611E-4;322;0.0017040733704136875;;0.5916005392081517;0.29211592000078423;0.5923358333257986;0.29250300392400735;
167;Candidatus Rickettsia colombianensi;species;1090944;5;322;39;36;19;2.0526315789473686;12;19;993;198.6;1.9051751967357999E-4;38.99607877007696;0.923169742585094;188959;2749451;0.5916005392081517;0.29211592000078423;0.5923358333257986;0.29250300392400735;2.5270466778990652;2.6460766621330552E-5;2.0639397964637832E-4;0.005255108250996248;1.0055091316105611E-4;0.0017040733704136875;5;2.6460766621330552E-5;39;2.0639397964637832E-4;993;0.005255108250996248;19;1.0055091316105611E-4;322;0.0017040733704136875;SRR17281099.396524;0.5916005392081517;0.29211592000078423;0.5923358333257986;0.29250300392400735;
168;Anaplasmataceae;family;942;0;0;207;204;33;6.2727272727272725;44;21;0;;0.0016639206538229393;206.82619270936772;0.9863354216777607;122602;766;;;;;9.203507236621562;0.0;0.0016883900752026884;0.0;1.7128594965824375E-4;0.0;1139;0.011131273295082915;268138;0.20382810213187655;622103;18.378818478247926;1299;0.013015997192133514;277610;8.19565915194746;SRR17281099.1049420;0.5385463956105467;0.2537866221867737;0.5385822468020639;0.2537902851936606;
169;Anaplasma;genus;768;1;33;390;364;51;7.647058823529412;28;39;189;189.0;9.016797501058978E-4;389.8121565644511;0.9337830898042213;403691;942;0.7924528301886793;;0.7924528301886793;;6.199430713901929;2.4771421706205984E-6;9.660854465420334E-4;4.681798702472931E-4;9.660854465420334E-5;8.174569163047975E-5;946;0.010925413848311223;207813;0.14076744264954785;497102;18.236408711845236;1043;0.012573415174271914;216202;8.127462128872834;SRR17281099.777523;0.5529539464711511;0.25286817061823513;0.5529889556108681;0.252867887398731;
170;Anaplasma platys;species;949;0;0;4;4;1;4.0;4;1;0;;3.4172758672832572E-6;3.999994873953261;1.000001281513327;1170523;768;;;;;;0.0;3.4172758672832572E-6;0.0;8.543189668208143E-7;0.0;0;0.0;4;3.4172758672832572E-6;0;0.0;1;8.543189668208143E-7;0;0.0;SRR17281099.778527;;;;;
171;phagocytophilum group;species group;106179;0;0;0;0;0;;0;0;0;;;0.0;;0;768;;;;;;;;;;;945;0.0109229367061406;207419;0.13979793992713851;496913;18.23594053197499;1003;0.012475952310650889;216169;8.127380383181205;;0.5527005084989632;0.2528818311037455;0.5527355546853889;0.2528815827574706;
172;Anaplasma phagocytophilum;species;948;858;183224;206848;184739;4522;45.742591773551524;420;905;424964;495.2960372960373;0.03459465755523022;202893.13475583988;0.9105236617410124;5340102;106179;0.55010267769395;0.2571925486756607;0.5501079651176148;0.2571902198943809;50.02224317633147;1.6067108830505484E-4;0.03873484064536595;0.07957975334553535;1.694724183171033E-4;0.034310955109097166;945;0.0109229367061406;207419;0.13979793992713851;496913;18.23594053197499;1003;0.012475952310650889;216169;8.127380383181205;SRR17281099.720690;0.5527005084989632;0.2528818311037455;0.5527355546853889;0.2528815827574706;
173;Anaplasma phagocytophilum str. CRT38;strain;1269275;1;201;8;8;3;2.6666666666666665;5;3;356;356.0;3.5240738293467247E-4;7.998766682824728;1.000154188417312;22701;948;0.3834355828220859;;0.3834355828220859;;2.081665999466133;4.405092286683406E-5;3.5240738293467247E-4;0.015682128540592925;1.321527686005022E-4;0.008854235496233646;1;4.405092286683406E-5;8;3.5240738293467247E-4;356;0.015682128540592925;3;1.321527686005022E-4;201;0.008854235496233646;SRR17281099.419577;0.3834355828220859;;0.3834355828220859;;
174;Anaplasma phagocytophilum str. Annie;strain;1359151;8;470;54;50;10;5.4;27;10;1768;221.0;0.013808340237503451;53.60669041370331;0.9327193977865617;3621;948;0.6747898142411477;0.1425480157851742;0.6762265958503431;0.14425649018577502;8.315981935740094;0.0022093344380005524;0.014913007456503728;0.48826291079812206;0.0027616680475006906;0.12979839823253245;8;0.0022093344380005524;54;0.014913007456503728;1768;0.48826291079812206;10;0.0027616680475006906;470;0.12979839823253245;SRR17281099.660390;0.6747898142411477;0.1425480157851742;0.6762265958503431;0.14425649018577502;
175;Anaplasma phagocytophilum str. ApNYW;strain;1359154;5;7022;74;74;5;14.8;27;5;14884;2976.8;0.013311746717035437;73.51621225934981;1.0065806945948668;5559;948;0.5039964575908684;0.14160774612974153;0.5054804208604052;0.1387579630491784;10.425929215182693;8.994423457456377E-4;0.013311746717035437;2.6774599748156143;8.994423457456377E-4;1.2631768303651736;5;8.994423457456377E-4;74;0.013311746717035437;14884;2.6774599748156143;5;8.994423457456377E-4;7022;1.2631768303651736;SRR17281099.831985;0.5039964575908684;0.14160774612974153;0.5054804208604052;0.1387579630491784;
176;Anaplasma phagocytophilum str. ApWI1;strain;1359155;1;14;17;17;2;8.5;13;2;133;133.0;0.012705530642750373;16.898734599685096;1.0059924842133914;1338;948;0.8640776699029126;;0.8640776699029126;;6.363961030678928;7.473841554559044E-4;0.012705530642750373;0.09940209267563528;0.0014947683109118087;0.01046337817638266;1;7.473841554559044E-4;17;0.012705530642750373;133;0.09940209267563528;2;0.0014947683109118087;14;0.01046337817638266;SRR17281099.322542;0.8640776699029126;;0.8640776699029126;;
177;Anaplasma phagocytophilum str. CRT53-1;strain;1359157;35;2534;136;109;38;3.5789473684210527;28;36;9381;268.0285714285714;0.0035331107581601895;135.70287111172354;0.8032254521001314;30851;948;0.6566153787373524;0.19912265815226496;0.6566153787373524;0.19912265815226496;5.65031249529195;0.0011344851058312534;0.004408284982658585;0.3040744222229425;0.0011668989659978607;0.08213672166218275;35;0.0011344851058312534;136;0.004408284982658585;9381;0.3040744222229425;36;0.0011668989659978607;2534;0.08213672166218275;SRR17281099.1430892;0.6566153787373524;0.19912265815226496;0.6566153787373524;0.19912265815226496;
178;Anaplasma phagocytophilum str. HGE2;strain;1359159;1;392;1;1;1;1.0;1;1;649;649.0;0.0019455252918287938;0.9999999999999964;1.0000000000000036;514;948;0.3667205169628433;;0.3667205169628433;;;0.0019455252918287938;0.0019455252918287938;1.2626459143968871;0.0019455252918287938;0.7626459143968871;1;0.0019455252918287938;1;0.0019455252918287938;649;1.2626459143968871;1;0.0019455252918287938;392;0.7626459143968871;SRR17281099.126926;0.3667205169628433;;0.3667205169628433;;
179;Anaplasma phagocytophilum str. NCH-1;strain;1359161;6;2026;79;79;7;11.285714285714286;26;6;5606;934.3333333333334;0.02107228594291811;78.18377884316394;1.010439776241481;3749;948;0.5225460442741473;0.2520700712347383;0.5230141195468136;0.252498150357634;10.06171432898466;0.0016004267804747934;0.02107228594291811;1.4953320885569485;0.0016004267804747934;0.5404107762069885;6;0.0016004267804747934;79;0.02107228594291811;5606;1.4953320885569485;6;0.0016004267804747934;2026;0.5404107762069885;SRR17281099.542456;0.5225460442741473;0.2520700712347383;0.5230141195468136;0.252498150357634;
180;Anaplasma phagocytophilum str. Webster;strain;1359162;1;2723;16;16;1;16.0;16;1;6159;6159.0;0.029143897996357013;15.783267803775571;1.013731769549813;549;948;0.5550660792951542;;0.5557187143090226;;;0.0018214936247723133;0.029143897996357013;11.218579234972678;0.0018214936247723133;4.959927140255009;1;0.0018214936247723133;16;0.029143897996357013;6159;11.218579234972678;1;0.0018214936247723133;2723;4.959927140255009;SRR17281099.1322035;0.5550660792951542;;0.5557187143090226;;
181;Anaplasma phagocytophilum str. MRK;strain;1392505;5;1602;12;12;6;2.0;3;6;2858;571.6;1.0036801605888258E-4;11.999447991235233;1.0000460028465619;119560;948;0.35770318339621204;0.12325928406912834;0.35770318339621204;0.12325928406912834;0.8944271909999159;4.182000669120107E-5;1.0036801605888258E-4;0.023904315824690534;5.018400802944129E-5;0.013399130143860823;5;4.182000669120107E-5;12;1.0036801605888258E-4;2858;0.023904315824690534;6;5.018400802944129E-5;1602;0.013399130143860823;SRR17281099.228343;0.35770318339621204;0.12325928406912834;0.35770318339621204;0.12325928406912834;
182;Anaplasma phagocytophilum str. Norway variant1;strain;1392506;12;6536;60;60;14;4.285714285714286;28;12;13670;1139.1666666666667;2.8022978842650974E-4;59.991733967860334;1.000137786184745;214110;948;0.5684283181424997;0.20346607295560862;0.5684283181424997;0.20346607295560862;7.6402635015833305;5.604595768530195E-5;2.8022978842650974E-4;0.06384568679650647;5.604595768530195E-5;0.030526364952594462;12;5.604595768530195E-5;60;2.8022978842650974E-4;13670;0.06384568679650647;12;5.604595768530195E-5;6536;0.030526364952594462;SRR17281099.264342;0.5684283181424997;0.20346607295560862;0.5684283181424997;0.20346607295560862;
183;Anaplasma phagocytophilum str. Norway variant2;strain;1392507;8;4256;68;68;10;6.8;26;10;7517;939.625;5.273975258851359E-4;67.98233519718384;1.0002598440133739;128935;948;0.4425522256724118;0.18221749184593175;0.4433280857720143;0.18183856539241267;8.560892995995738;6.204676775119246E-5;5.273975258851359E-4;0.05830069414821422;7.755845968899057E-5;0.03300888044363439;8;6.204676775119246E-5;68;5.273975258851359E-4;7517;0.05830069414821422;10;7.755845968899057E-5;4256;0.03300888044363439;SRR17281099.242215;0.4425522256724118;0.18221749184593175;0.4433280857720143;0.18183856539241267;
184;Anaplasma phagocytophilum str. CRT35;strain;1392508;4;5169;46;38;6;7.666666666666667;26;6;8968;2242.0;0.0019019970969517993;45.94823361478521;0.8270176459573926;19979;948;0.48984858943048615;0.13657605678921464;0.48984858943048615;0.13657605678921464;9.437513796899408;2.0021022073176835E-4;0.002302417538415336;0.44887131488062465;3.0031533109765255E-4;0.25872165774062766;4;2.0021022073176835E-4;46;0.002302417538415336;8968;0.44887131488062465;6;3.0031533109765255E-4;5169;0.25872165774062766;SRR17281099.1063676;0.48984858943048615;0.13657605678921464;0.48984858943048615;0.13657605678921464;
185;Ehrlichia;genus;943;151;33966;57018;55043;1093;52.16651418115279;352;177;68867;456.07284768211923;0.05263520265456684;55491.47658692932;0.991918099598111;1045745;942;0.45635320458054934;0.2512796672285162;0.45635320458054934;0.2512796672285162;54.72521847387878;1.4439466600366246E-4;0.05452380838540945;0.06585448651439882;1.692573237261474E-4;0.03248019354622781;193;2.0585944677169095E-4;60118;0.06137226940712604;125001;0.1424097664026894;235;2.712960682033549E-4;61408;0.06819702307462541;SRR17281099.1171349;0.46792700123680675;0.24697695428830088;0.4679669797910324;0.24700211824062437;
186;canis group;species group;106178;4;624;864;728;43;20.093023255813954;111;11;2389;597.25;0.00287844880077813;862.527591163237;0.8440309706709694;252914;943;0.6760989542717272;0.10678696584186613;0.6778087197778506;0.10604915977789171;26.106753325791622;1.5815652751528187E-5;0.0034161809943300883;0.00944589860585021;4.349304506670252E-5;0.0024672418292383974;42;6.14647807680285E-5;3100;0.0068484610217165905;56134;0.07655527988829057;58;1.0203874447720752E-4;27442;0.03571682952839761;SRR17281099.783758;0.5095375558819226;0.22885581321754495;0.5097212668572929;0.22894869650544733;
187;Ehrlichia ruminantium;species;779;7;1760;9;7;8;1.125;2;8;4385;626.4285714285714;1.4476625523407565E-6;8.999992556317611;0.7777784210595039;4835381;106178;0.6425957349735739;0.23795029565917766;0.6425957349735739;0.23795029565917766;0.3535533905932738;1.4476625523407565E-6;1.8612804244381157E-6;9.068571845734597E-4;1.654471488389436E-6;3.639837274456759E-4;7;1.4476625523407565E-6;9;1.8612804244381157E-6;4385;9.068571845734597E-4;8;1.654471488389436E-6;1760;3.639837274456759E-4;SRR17281099.1049420;0.6425957349735739;0.23795029565917766;0.6425957349735739;0.23795029565917766;
188;Ehrlichia canis;species;944;2;3905;3;3;3;1.0;1;2;6082;3041.0;2.6183722452542003E-6;2.9999973817529115;1.000000872749791;1145750;106178;0.31915661638624215;0.05330465849944957;0.31924614190101386;0.053431266696617755;0.0;1.7455814968361336E-6;2.6183722452542003E-6;0.005308313331878682;1.7455814968361336E-6;0.0034082478725725508;2;1.7455814968361336E-6;3;2.6183722452542003E-6;6082;0.005308313331878682;2;1.7455814968361336E-6;3905;0.0034082478725725508;SRR17281099.437124;0.31915661638624215;0.05330465849944957;0.31924614190101386;0.053431266696617755;
189;Ehrlichia chaffeensis;species;945;4;1504;33;33;6;5.5;16;6;2784;696.0;2.7736639764927775E-5;32.999556218462956;1.0000134481062142;1189762;106178;0.3253463506252713;0.2514365075447529;0.3253463506252713;0.2514365075447529;5.890670590009257;3.3620169412033668E-6;2.7736639764927775E-5;0.0023399637910775433;5.04302541180505E-6;0.0012641183698924659;4;3.3620169412033668E-6;33;2.7736639764927775E-5;2784;0.0023399637910775433;6;5.04302541180505E-6;1504;0.0012641183698924659;SRR17281099.420631;0.3253463506252713;0.2514365075447529;0.3253463506252713;0.2514365075447529;
190;Ehrlichia muris;species;35795;18;10839;2160;2081;75;28.8;299;20;23327;1295.9444444444443;0.0032278128582042443;2156.3873305342718;0.9650399863388208;644709;106178;0.4638658826015184;0.22302682279253844;0.4638776304457889;0.22303327216796073;41.42169427675257;2.7919573016663333E-5;0.0033503487619995997;0.03618221554220586;3.1021747796292594E-5;0.01681223621820077;19;3.2558437422656746E-5;2164;0.0033689042196235735;23964;0.03913717216882366;22;4.029947660827942E-5;11127;0.018148229167126873;SRR17281099.605811;0.46711164773295666;0.2172043775986797;0.467122777269634;0.21721045642440284;
191;Ehrlichia muris AS145;strain;1423892;1;288;4;4;2;2.0;3;2;637;637.0;1.8555457623973652E-5;3.999972166954638;1.0000069583097582;215570;35795;0.5255354200988468;;0.5255354200988468;;1.4142135623730951;4.638864405993413E-6;1.8555457623973652E-5;0.002954956626617804;9.277728811986826E-6;0.0013359929489261029;1;4.638864405993413E-6;4;1.8555457623973652E-5;637;0.002954956626617804;2;9.277728811986826E-6;288;0.0013359929489261029;SRR17281099.1421420;0.5255354200988468;;0.5255354200988468;;
192;Ehrlichia japonica;species;391036;4;7917;23;23;6;3.8333333333333335;14;6;15054;3763.5;2.7735939386119247E-5;22.99969490717816;1.0000132650812574;829249;106178;0.5056965892888742;0.20596071694874707;0.505818160967536;0.20592407244891786;5.231315959361149;4.8236416323685645E-6;2.7735939386119247E-5;0.018153775283419094;7.235462448552847E-6;0.009547192700865481;4;4.8236416323685645E-6;23;2.7735939386119247E-5;15054;0.018153775283419094;6;7.235462448552847E-6;7917;0.009547192700865481;SRR17281099.924238;0.5056965892888742;0.20596071694874707;0.505818160967536;0.20592407244891786;
193;Ehrlichia minasensis;species;1242993;2;605;4;4;3;1.3333333333333333;2;3;1476;738.0;3.423575942189497E-6;3.9999948647072276;1.0000012838248413;1168369;106178;0.680202542891789;0.26243457724639063;0.680202542891789;0.26243457724639063;0.5773502691896258;1.7117879710947484E-6;3.423575942189497E-6;0.0012632995226679242;2.5676819566421223E-6;5.178158612561614E-4;2;1.7117879710947484E-6;4;3.423575942189497E-6;1476;0.0012632995226679242;3;2.5676819566421223E-6;605;5.178158612561614E-4;SRR17281099.1194828;0.680202542891789;0.26243457724639063;0.680202542891789;0.26243457724639063;
194;Spirochaetota;phylum;203691;0;0;0;0;0;;0;0;0;;;0.0;;0;3379134;;;;;;;;;;;2061;0.007464937792199149;471411;0.37398953872596125;1055690;10.962085337179975;5548;0.027659084485188154;481978;6.595393336028039;;0.5060011006034506;0.21732307697640046;0.5083742486585224;0.21710530593410587;
195;Spirochaetia;class;203692;0;0;70;70;5;14.0;46;4;0;;0.05998286203941731;67.97021498783066;1.0298628599678956;1167;203691;;;;;19.196353820452465;0.0;0.05998286203941731;0.0;0.003427592116538132;0.0;2061;0.007464937792199149;471411;0.37398953872596125;1055690;10.962085337179975;5548;0.027659084485188154;481978;6.595393336028039;SRR17281099.1000460;0.5060011006034506;0.21732307697640046;0.5083742486585224;0.21710530593410587;
196;Spirochaetales;order;136;0;0;60;47;18;3.3333333333333335;14;17;0;;0.031907671418873046;58.81399080377602;0.7991295839251648;1473;203692;;;;;3.3606722016672235;0.0;0.04073319755600815;0.0;0.011541072640868975;0.0;2061;0.007464937792199149;471341;0.314006676686544;1055690;10.962085337179975;5544;0.02423149236865002;481978;6.595393336028039;SRR17281099.808011;0.5060011006034506;0.21732307697640046;0.5083742486585224;0.21710530593410587;
197;Borreliaceae;family;1643685;6;171;37749;30875;3488;10.822534403669724;88;1121;873;145.5;0.06473832089239286;36293.73729889385;0.8506977318354315;476920;136;0.759508832660881;0.1633089815414661;0.759508832660881;0.1633089815414661;10.803497463356171;1.2580726327266628E-5;0.07915163968799799;0.0018304956806172942;0.0023504990354776484;3.585507003270989E-4;2061;0.007464937792199149;471281;0.2732734791305358;1055690;10.962085337179975;5527;0.012690419727781024;481978;6.595393336028039;SRR17281099.622285;0.5060011006034506;0.21732307697640046;0.5083742486585224;0.21710530593410587;
198;Borrelia;genus;138;1;14;134;133;34;3.9411764705882355;16;32;113;113.0;2.5000343049820045E-5;133.99832497900775;0.992549720459833;5319927;1643685;0.7951807228915663;;0.8313253012048193;;4.320081203435657;1.879725041339853E-7;2.518831555395403E-5;2.124089296714034E-5;6.0151201322875296E-6;2.631615057875794E-6;9;1.2072326130286706E-5;166;6.154032007038075E-5;2927;0.0035340480819915027;49;2.6839742102418584E-5;118;1.0712347871036048E-4;SRR17281099.483891;0.9438439793162261;0.06752231943345535;0.9478600435732543;0.05797482119150167;
199;Borrelia turicatae;species;142;2;14;2;1;2;1.0;1;2;695;347.5;2.2065654147350025E-6;1.9999977934423496;0.5000005516400212;453193;138;0.9777607668908102;0.0029222212278473543;0.9777607668908102;0.0029222212278473543;0.0;4.413130829470005E-6;4.413130829470005E-6;0.0015335629632408268;4.413130829470005E-6;3.0891915806290035E-5;2;4.413130829470005E-6;2;4.413130829470005E-6;695;0.0015335629632408268;2;4.413130829470005E-6;14;3.0891915806290035E-5;SRR17281099.216459;0.9777607668908102;0.0029222212278473543;0.9777607668908102;0.0029222212278473543;
200;Borrelia coriaceae;species;144;1;51;1;1;1;1.0;1;1;408;408.0;6.86601453260636E-7;0.9999999999816824;1.0000000000183176;1456449;138;0.8650793650793651;;0.8650793650793651;;;6.86601453260636E-7;6.86601453260636E-7;2.801333929303395E-4;6.86601453260636E-7;3.5016674116292435E-5;1;6.86601453260636E-7;1;6.86601453260636E-7;408;2.801333929303395E-4;1;6.86601453260636E-7;51;3.5016674116292435E-5;SRR17281099.1457178;0.8650793650793651;;0.8650793650793651;;
201;Borrelia crocidurae;species;29520;0;0;0;0;0;;0;0;0;;0.0;0.0;;236315;138;;;;;;0.0;0.0;0.0;0.0;0.0;2;5.064098830952785E-6;4;1.012819766190557E-5;296;7.494866269810122E-4;2;5.064098830952785E-6;5;1.2660247077381962E-5;;0.9749981201594105;0.025468392224106153;0.9749981201594105;0.025468392224106153;
202;Borrelia crocidurae DOU;strain;1293575;2;5;4;4;2;2.0;3;2;296;148.0;1.012819766190557E-5;3.9999848077281563;1.0000037980823864;394937;29520;0.9749981201594105;0.025468392224106153;0.9749981201594105;0.025468392224106153;1.4142135623730951;5.064098830952785E-6;1.012819766190557E-5;7.494866269810122E-4;5.064098830952785E-6;1.2660247077381962E-5;2;5.064098830952785E-6;4;1.012819766190557E-5;296;7.494866269810122E-4;2;5.064098830952785E-6;5;1.2660247077381962E-5;SRR17281099.138152;0.9749981201594105;0.025468392224106153;0.9749981201594105;0.025468392224106153;
203;Borrelia hispanica;species;40835;0;0;0;0;0;;0;0;0;;;0.0;;0;138;;;;;;;;;;;1;1.0676437742488593E-6;3;3.2029313227465776E-6;658;7.025096034557494E-4;2;2.1352875484977185E-6;20;2.1352875484977186E-5;;0.9681528662420382;;0.9681528662420382;;
204;Borrelia hispanica CRI;strain;1417229;1;20;3;3;2;1.5;2;2;658;658.0;3.2029313227465776E-6;2.9999967971410655;1.0000010676207847;936642;40835;0.9681528662420382;;0.9681528662420382;;0.7071067811865476;1.0676437742488593E-6;3.2029313227465776E-6;7.025096034557494E-4;2.1352875484977185E-6;2.1352875484977186E-5;1;1.0676437742488593E-6;3;3.2029313227465776E-6;658;7.025096034557494E-4;2;2.1352875484977185E-6;20;2.1352875484977186E-5;SRR17281099.363538;0.9681528662420382;;0.9681528662420382;;
205;Borrelia persica;species;44448;0;0;0;0;0;;0;0;0;;;0.0;;0;138;;;;;;;;;;;0;0.0;3;2.0831365926551382E-6;0;0.0;2;1.3887577284367587E-6;0;0.0;;;;;;
206;Borrelia persica No12;strain;1417230;0;0;3;3;2;1.5;2;2;0;;2.0831365926551382E-6;2.9999979166876534;1.0000006944379312;1440136;44448;;;;;0.7071067811865476;0.0;2.0831365926551382E-6;0.0;1.3887577284367587E-6;0.0;0;0.0;3;2.0831365926551382E-6;0;0.0;2;1.3887577284367587E-6;0;0.0;SRR17281099.115558;;;;;
207;Borrelia miyamotoi;species;47466;2;14;14;14;5;2.8;6;5;757;378.5;4.5701511675430475E-6;13.999970293094089;1.0000021219263533;3063356;138;0.9803325427663117;0.004085569281236342;0.9803325427663117;0.004085569281236342;2.4899799195977463;6.528787382204353E-7;4.5701511675430475E-6;2.4711460241643476E-4;1.6321968455510884E-6;4.5701511675430475E-6;2;6.528787382204353E-7;14;4.5701511675430475E-6;757;2.4711460241643476E-4;5;1.6321968455510884E-6;14;4.5701511675430475E-6;SRR17281099.987266;0.9803325427663117;0.004085569281236342;0.9803325427663117;0.004085569281236342;
208;Candidatus Borrelia fainii;species;2518322;0;0;1;1;1;1.0;1;1;0;;1.729293013137439E-6;0.9999999999897057;1.0000000000102944;578271;138;;;;;;0.0;1.729293013137439E-6;0.0;1.729293013137439E-6;0.0;0;0.0;1;1.729293013137439E-6;0;0.0;1;1.729293013137439E-6;0;0.0;SRR17281099.281606;;;;;
209;unclassified Borrelia;no rank;2649934;0;0;0;0;0;;0;0;0;;0.0;0.0;;840859;138;;;;;;0.0;0.0;0.0;0.0;0.0;0;0.0;4;9.53856247570831E-6;0;0.0;2;3.7752557208246264E-6;0;0.0;;;;;;
210;Borrelia sp. A-FGy1;species;2608247;0;0;1;1;1;1.0;1;1;0;;8.936023433827852E-7;0.9999999999562388;1.0000000000437612;1119066;2649934;;;;;;0.0;8.936023433827852E-7;0.0;8.936023433827852E-7;0.0;0;0.0;1;8.936023433827852E-7;0;0.0;1;8.936023433827852E-7;0;0.0;SRR17281099.987078;;;;;
211;Borrelia sp. RT1S;species;2898580;0;0;3;3;1;3.0;3;1;0;;8.644960132325523E-6;2.9999913550863035;1.0000028816462028;347023;2649934;;;;;;0.0;8.644960132325523E-6;0.0;2.8816533774418412E-6;0.0;0;0.0;3;8.644960132325523E-6;0;0.0;1;2.8816533774418412E-6;0;0.0;SRR17281099.1243208;;;;;
212;Borreliella;genus;64895;374;34604;321357;260009;13673;23.503035178819573;319;1991;94224;251.93582887700535;0.04026589437289666;313491.64051844436;0.829396916517467;6457301;1643685;0.5580201598964548;0.24750501281841716;0.5582333140794468;0.2475827773598049;25.298071117873153;5.791893548093855E-5;0.04976645815333682;0.01459185501806405;3.0833315653087874E-4;0.005358895303161491;2046;0.007440284739741595;433366;0.19406029912246736;1051890;10.956720793417366;4357;0.010313080950200958;481689;6.594927661849002;SRR17281099.747071;0.503331681101613;0.21553032524158267;0.5057045616310314;0.21531343973818784;
213;Borreliella burgdorferi;species;139;1549;416032;108906;92063;6629;16.428722280887012;195;1600;888371;573.5125887669465;0.0528201579848441;105573.37919802245;0.8720285426056011;1742952;64895;0.4842768050581008;0.2027420475160885;0.4869431637704281;0.20258435783623152;15.32756189951953;8.887221220090973E-4;0.06248364843093786;0.5096933248878913;9.179828245413529E-4;0.23869389403724256;1583;0.006673265103646124;109194;0.12931181293019203;929146;10.740167863975968;1636;0.007136696041833311;438092;6.498240559093323;SRR17281099.377623;0.4843055855549657;0.20190484431708736;0.4869639635189573;0.20173101782814232;
214;Borreliella burgdorferi ZS7;strain;445985;3;3177;36;36;3;12.0;25;3;4818;1606.0;0.010922330097087379;35.80951482112103;1.0053194012773001;3296;139;0.3365920443672145;0.09740442414427572;0.346912556441326;0.10306517270167685;11.789826122551595;9.101941747572816E-4;0.010922330097087379;1.4617718446601942;9.101941747572816E-4;0.9638956310679612;3;9.101941747572816E-4;36;0.010922330097087379;4818;1.4617718446601942;3;9.101941747572816E-4;3177;0.9638956310679612;SRR17281099.455530;0.3365920443672145;0.09740442414427572;0.346912556441326;0.10306517270167685;
215;Borreliella burgdorferi 118a;strain;476210;4;1428;10;10;4;2.5;7;4;2659;664.75;0.0012090436464756377;9.994561057359203;1.000544190246033;8271;139;0.575210934243149;0.26666658173690755;0.5764056773733759;0.2652285012105381;3.0;4.836174585902551E-4;0.0012090436464756377;0.32148470559787207;4.836174585902551E-4;0.17265143271672106;4;4.836174585902551E-4;10;0.0012090436464756377;2659;0.32148470559787207;4;4.836174585902551E-4;1428;0.17265143271672106;SRR17281099.1319851;0.575210934243149;0.26666658173690755;0.5764056773733759;0.2652285012105381;
216;Borreliella burgdorferi WI91-23;strain;498737;7;1409;81;80;7;11.571428571428571;25;7;2731;390.14285714285717;0.014124293785310734;80.43061649704507;0.9946461121921043;5664;139;0.4473241856917786;0.13605967976399824;0.4492184227225147;0.13548191831672926;7.955231881329059;0.0012358757062146894;0.014300847457627119;0.4821680790960452;0.0012358757062146894;0.2487641242937853;7;0.0012358757062146894;81;0.014300847457627119;2731;0.4821680790960452;7;0.0012358757062146894;1409;0.2487641242937853;SRR17281099.338385;0.4473241856917786;0.13605967976399824;0.4492184227225147;0.13548191831672926;
217;Borreliella burgdorferi 29805;strain;498738;2;637;16;16;3;5.333333333333333;10;3;1037;518.5;0.006339144215530904;15.952544209441136;1.002974810157917;2524;139;0.3467952772506852;0.00332457963745723;0.3479063883617963;0.0017532312348204407;4.163331998932266;7.92393026941363E-4;0.006339144215530904;0.41085578446909665;0.0011885895404120444;0.2523771790808241;2;7.92393026941363E-4;16;0.006339144215530904;1037;0.41085578446909665;3;0.0011885895404120444;637;0.2523771790808241;SRR17281099.714705;0.3467952772506852;0.00332457963745723;0.3479063883617963;0.0017532312348204407;
218;Borreliella burgdorferi CA-11.2A;strain;498739;1;6312;31;31;1;31.0;31;1;9497;9497.0;0.018441403926234383;30.724963060196394;1.0089515791854575;1681;139;0.3312559416921939;;0.33326291327770147;;;5.94883997620464E-4;0.018441403926234383;5.649613325401547;5.94883997620464E-4;3.7549077929803687;1;5.94883997620464E-4;31;0.018441403926234383;9497;5.649613325401547;1;5.94883997620464E-4;6312;3.7549077929803687;SRR17281099.525825;0.3312559416921939;;0.33326291327770147;;
219;Borreliella burgdorferi JD1;strain;521008;6;3165;58;58;7;8.285714285714286;31;7;6644;1107.3333333333333;0.002202475886686413;57.937273908519686;1.0010826552105188;26334;139;0.4638473148361182;0.12114522628047951;0.46612243769869793;0.12073458395503853;10.843035948083386;2.27842333105491E-4;0.002202475886686413;0.252297410192147;2.658160552897395E-4;0.12018683071314651;6;2.27842333105491E-4;58;0.002202475886686413;6644;0.252297410192147;7;2.658160552897395E-4;3165;0.12018683071314651;SRR17281099.580238;0.4638473148361182;0.12114522628047951;0.46612243769869793;0.12073458395503853;
220;Borreliella burgdorferi 297;strain;521009;3;1427;28;28;3;9.333333333333334;26;3;3145;1048.3333333333333;0.012838147638697846;27.827371741556163;1.006203541608137;2181;139;0.5850041552226058;0.09782550018741085;0.5850041552226058;0.09782550018741085;14.433756729740644;0.001375515818431912;0.012838147638697846;1.4419990829894545;0.001375515818431912;0.6542870243007795;3;0.001375515818431912;28;0.012838147638697846;3145;1.4419990829894545;3;0.001375515818431912;1427;0.6542870243007795;SRR17281099.473929;0.5850041552226058;0.09782550018741085;0.5850041552226058;0.09782550018741085;
221;Borreliella burgdorferi CA8;strain;747491;8;4505;28;27;8;3.5;19;8;10244;1280.5;5.542440726675562E-4;27.992241963314463;0.9645529656175859;48715;139;0.5632673597147151;0.1574600821733609;0.5646601812974574;0.1568725674294841;6.301927142889365;1.642204659755722E-4;5.747716309145027E-4;0.2102843066817202;1.642204659755722E-4;0.0924766499024941;8;1.642204659755722E-4;28;5.747716309145027E-4;10244;0.2102843066817202;8;1.642204659755722E-4;4505;0.0924766499024941;SRR17281099.1360113;0.5632673597147151;0.1574600821733609;0.5646601812974574;0.1568725674294841;
222;Borreliella afzelii;species;29518;4;296;86;86;24;3.5833333333333335;19;24;1024;256.0;9.066011102701038E-5;85.9961470599136;1.0000448036361875;948598;64895;0.6371460167763967;0.2177335544450911;0.6423006559516544;0.20908359900759155;4.735771978451249;4.216749350093507E-6;9.066011102701038E-5;0.0010794878336239377;2.5300496100561037E-5;3.1203945190691945E-4;4;4.216749350093507E-6;86;9.066011102701038E-5;1024;0.0010794878336239377;24;2.5300496100561037E-5;296;3.1203945190691945E-4;SRR17281099.223540;0.6371460167763967;0.2177335544450911;0.6423006559516544;0.20908359900759155;
223;Borreliella garinii;species;29519;9;635;216;207;64;3.375;22;61;2218;246.44444444444446;8.588655672080978E-5;215.99036607861132;0.9583760783324049;2410156;64895;0.6849125470026525;0.22983988019127838;0.6886473742668915;0.22965133821694342;4.4525719337700576;3.734198118296077E-6;8.962075483910585E-5;9.202723807089666E-4;2.5309565024006743E-5;2.634684227908899E-4;15;5.934689138273005E-4;347;0.011518918671725534;3526;0.14861475044716496;82;0.0019161514960366584;1296;0.07377476137766814;SRR17281099.129844;0.5799308979582257;0.24468359361134395;0.5821717943167691;0.2456181113494826;
224;Borreliella garinii PBr;strain;498743;0;0;19;19;1;19.0;19;1;0;;0.0010417237787159383;18.990627398211547;1.000493538290859;18239;29519;;;;;;0.0;0.0010417237787159383;0.0;5.482756730083886E-5;0.0;0;0.0;19;0.0010417237787159383;0;0.0;1;5.482756730083886E-5;0;0.0;SRR17281099.175735;;;;;
225;Borreliella garinii Far04;strain;519049;2;275;21;21;4;5.25;13;4;596;298.0;0.0034762456546929316;20.965273960983403;1.0016563598969048;6041;29519;0.5382454657840791;0.21848463130883322;0.5382454657840791;0.21848463130883322;5.678908345800274;3.3107101473266014E-4;0.0034762456546929316;0.09865916239033273;6.621420294653203E-4;0.04552226452574077;2;3.3107101473266014E-4;21;0.0034762456546929316;596;0.09865916239033273;4;6.621420294653203E-4;275;0.04552226452574077;SRR17281099.676971;0.5382454657840791;0.21848463130883322;0.5382454657840791;0.21848463130883322;
226;Borreliella garinii BgVir;strain;1081646;1;53;8;8;2;4.0;7;2;135;135.0;9.967481092934301E-5;7.999651146858528;1.0000436085443063;80261;29519;0.49523809523809526;;0.49523809523809526;;4.242640687119285;1.2459351366167876E-5;9.967481092934301E-5;0.0016820124344326633;2.4918702732335753E-5;6.603456224068975E-4;1;1.2459351366167876E-5;8;9.967481092934301E-5;135;0.0016820124344326633;2;2.4918702732335753E-5;53;6.603456224068975E-4;SRR17281099.882028;0.49523809523809526;;0.49523809523809526;;
227;Borreliella garinii IPT108;strain;1408841;3;333;83;83;14;5.928571428571429;13;14;577;192.33333333333334;0.006811653672548215;82.72134001973804;1.0033686589239907;12185;29519;0.32100717318108624;0.1686287766087134;0.32100717318108624;0.1686287766087134;4.322824676853457;2.4620434961017645E-4;0.006811653672548215;0.047353303241690604;0.0011489536315141568;0.027328682806729586;3;2.4620434961017645E-4;83;0.006811653672548215;577;0.047353303241690604;14;0.0011489536315141568;333;0.027328682806729586;SRR17281099.275639;0.32100717318108624;0.1686287766087134;0.32100717318108624;0.1686287766087134;
228;Borreliella japonica;species;34095;3;107;151;125;30;5.033333333333333;26;29;573;191.0;1.3438490416743714E-4;150.9878253726879;0.8278813188510972;930164;64895;0.8046938489561439;0.15793066508025236;0.8061368503991456;0.1560474974568074;6.73889038923775;3.225237700018491E-6;1.6233696423426406E-4;6.160204007035319E-4;3.117729776684542E-5;1.150334779673262E-4;3;3.225237700018491E-6;151;1.6233696423426406E-4;573;6.160204007035319E-4;29;3.117729776684542E-5;107;1.150334779673262E-4;SRR17281099.997548;0.8046938489561439;0.15793066508025236;0.8061368503991456;0.1560474974568074;
229;Borreliella andersonii;species;42109;11;1171;273;273;70;3.9;28;63;3473;315.72727272727275;2.801479755973668E-4;272.961903394139;1.000139567483181;974485;64895;0.5615283479056884;0.23820045867190714;0.5731372780902847;0.24087595089690528;5.496111932704027;1.128801366875837E-5;2.801479755973668E-4;0.003563933770145256;6.464953283016157E-5;0.0012016603641923683;11;1.128801366875837E-5;273;2.801479755973668E-4;3473;0.003563933770145256;63;6.464953283016157E-5;1171;0.0012016603641923683;SRR17281099.349564;0.5615283479056884;0.23820045867190714;0.5731372780902847;0.24087595089690528;
230;Borreliella tanukii;species;56146;2;128;87;83;24;3.625;15;24;415;207.5;9.999831328146272E-5;86.99549299792963;0.9540724138660296;830014;64895;0.6228239517713201;0.030151305206053566;0.6378615457562826;0.00888493584704693;3.5972513661550463;2.4095979103966922E-6;1.048175091022561E-4;4.999915664073136E-4;2.8915174924760305E-5;1.542142662653883E-4;2;2.4095979103966922E-6;87;1.048175091022561E-4;415;4.999915664073136E-4;24;2.8915174924760305E-5;128;1.542142662653883E-4;SRR17281099.1478235;0.6228239517713201;0.030151305206053566;0.6378615457562826;0.00888493584704693;
231;Borreliella turdi;species;57863;1;272;122;120;37;3.2972972972972974;31;33;1165;1165.0;8.574797241773554E-5;121.99472593333294;0.9836490805805571;1399450;64895;0.7541850220264317;;0.760352422907489;;5.23272217697265;7.145664368144629E-7;8.717710529136446E-5;8.324698988888492E-4;2.3580692414877274E-5;1.943620708135339E-4;1;7.145664368144629E-7;122;8.717710529136446E-5;1165;8.324698988888492E-4;33;2.3580692414877274E-5;272;1.943620708135339E-4;SRR17281099.297214;0.7541850220264317;;0.760352422907489;;
232;Borreliella valaisiana;species;62088;1;51;43;43;23;1.8695652173913044;9;23;711;711.0;3.749027868355066E-5;42.99921271131137;1.0000183093744974;1146964;64895;0.9251101321585903;;0.9251101321585903;;1.8166990000869698;8.718669461290851E-7;3.749027868355066E-5;6.198973986977795E-4;2.0052939760968958E-5;4.446521425258334E-5;1;8.718669461290851E-7;43;3.749027868355066E-5;711;6.198973986977795E-4;23;2.0052939760968958E-5;51;4.446521425258334E-5;SRR17281099.1344421;0.9251101321585903;;0.9251101321585903;;
233;Borreliella bissettiae;species;64897;1;79;134;134;36;3.7222222222222223;25;35;250;250.0;2.9240404128570496E-4;133.98055699493634;1.0001451181089238;458270;64895;0.6181818181818182;;0.6409090909090909;;5.124791904408613;2.18211971108735E-6;2.9240404128570496E-4;5.455299277718375E-4;7.637418988805726E-5;1.7238745717590068E-4;2;1.8940117465515652E-5;137;3.426780345489899E-4;1542;0.022196863026493204;38;1.2664818315134217E-4;511;0.007411842487088927;SRR17281099.1017550;0.63516063967728;0.024011679631990447;0.649297651635211;0.011863216347664724;
234;Borreliella bissettiae DN127;strain;521010;1;432;3;3;3;1.0;1;3;1292;1292.0;5.0273993263284905E-5;2.999949726295543;1.0000167581823176;59673;64897;0.6521394611727417;;0.6576862123613312;;0.0;1.6757997754428302E-5;5.0273993263284905E-5;0.021651333098721366;5.0273993263284905E-5;0.007239455029913026;1;1.6757997754428302E-5;3;5.0273993263284905E-5;1292;0.021651333098721366;3;5.0273993263284905E-5;432;0.007239455029913026;SRR17281099.236671;0.6521394611727417;;0.6576862123613312;;
235;Borreliella sinica;species;87162;1;77;27;27;13;2.076923076923077;8;13;234;234.0;3.481943543509464E-5;26.999547352109175;1.0000167650177583;775429;64895;0.6225490196078431;;0.6225490196078431;;2.1000610491736684;1.2896087198183199E-6;3.481943543509464E-5;3.017684404374869E-4;1.676491335763816E-5;9.929987142601063E-5;1;1.2896087198183199E-6;27;3.481943543509464E-5;234;3.017684404374869E-4;13;1.676491335763816E-5;77;9.929987142601063E-5;SRR17281099.1247138;0.6225490196078431;;0.6225490196078431;;
236;Borreliella spielmanii;species;88916;9;724;93;93;28;3.3214285714285716;19;28;2886;320.6666666666667;1.1831835270319269E-4;92.99455756409591;1.0000585242410593;786015;64895;0.6076766965075322;0.29878022180760044;0.6083755085270989;0.29842129407760026;4.251828116004024;1.1450163164825098E-5;1.1831835270319269E-4;0.003671685654853915;3.562272984612253E-5;9.211020145925968E-4;9;1.1450163164825098E-5;93;1.1831835270319269E-4;2886;0.003671685654853915;28;3.562272984612253E-5;724;9.211020145925968E-4;SRR17281099.635688;0.6076766965075322;0.29878022180760044;0.6083755085270989;0.29842129407760026;
237;Borreliella lusitaniae;species;100177;3;291;60;60;24;2.5;9;23;975;325.0;5.062095032397408E-5;59.99850670730609;1.0000248888310037;1185280;64895;0.6685398342401201;0.2824870447223655;0.6685398342401201;0.2824870447223655;1.978141420187361;2.531047516198704E-6;5.062095032397408E-5;8.225904427645788E-4;1.9404697624190064E-5;2.455116090712743E-4;3;2.531047516198704E-6;60;5.062095032397408E-5;975;8.225904427645788E-4;23;1.9404697624190064E-5;291;2.455116090712743E-4;SRR17281099.1191748;0.6685398342401201;0.2824870447223655;0.6685398342401201;0.2824870447223655;
238;Borreliella lanei;species;373540;2;84;111;111;35;3.1714285714285713;19;34;686;343.0;2.573155267897918E-4;110.98584883629069;1.0001275042165978;431377;64895;0.7891431550895082;0.15711117126508597;0.8364173570476797;0.1204879476754456;4.985188144928547;4.636315798014266E-6;2.573155267897918E-4;0.0015902563187188933;7.881736856624252E-5;1.9472526351659917E-4;2;4.636315798014266E-6;111;2.573155267897918E-4;686;0.0015902563187188933;34;7.881736856624252E-5;84;1.9472526351659917E-4;SRR17281099.237490;0.7891431550895082;0.15711117126508597;0.8364173570476797;0.1204879476754456;
239;Borreliella californiensis;species;373543;2;222;97;97;29;3.3448275862068964;25;29;631;315.5;1.726522410082891E-4;96.99171315876518;1.0000854386520759;561823;64895;0.623193315266486;0.11385888323983948;0.623193315266486;0.11385888323983948;4.834960939929132;3.5598400207894657E-6;1.726522410082891E-4;0.0011231295265590763;5.161768030144725E-5;3.951422423076307E-4;2;3.5598400207894657E-6;97;1.726522410082891E-4;631;0.0011231295265590763;29;5.161768030144725E-5;222;3.951422423076307E-4;SRR17281099.541109;0.623193315266486;0.11385888323983948;0.623193315266486;0.11385888323983948;
240;Borreliella carolinensis;species;478174;10;1172;227;198;45;5.044444444444444;28;42;2790;279.0;3.2408119707082975E-4;226.95802026762573;0.8724080328446695;610958;64895;0.5945070626526501;0.21965994620449855;0.605259136946629;0.21484647220495978;7.226704126035085;1.6367737225799482E-5;3.7154763502564823E-4;0.004566598685998056;6.874449634835782E-5;0.0019182988028636993;10;1.6367737225799482E-5;227;3.7154763502564823E-4;2790;0.004566598685998056;42;6.874449634835782E-5;1172;0.0019182988028636993;SRR17281099.132037;0.5945070626526501;0.21965994620449855;0.605259136946629;0.21484647220495978;
241;Borreliella americana;species;478807;4;559;248;234;70;3.5428571428571427;31;64;1119;279.75;2.2960017190576973E-4;247.9699503075964;0.9436627289303915;1019163;64895;0.4773851665873118;0.27756618273557043;0.4820351293876094;0.2712910519031923;5.914084672671499;3.924789263346491E-6;2.4333693432748246E-4;0.0010979597964211809;6.279662821354386E-5;5.484892995526721E-4;4;3.924789263346491E-6;248;2.4333693432748246E-4;1119;0.0010979597964211809;64;6.279662821354386E-5;559;5.484892995526721E-4;SRR17281099.577974;0.4773851665873118;0.27756618273557043;0.4820351293876094;0.2712910519031923;
242;Borreliella finlandensis;species;498741;6;738;209;207;69;3.028985507246377;15;60;2477;412.8333333333333;4.1333453140443886E-4;208.95660385727916;0.9906363148081428;500805;64895;0.6018078380039046;0.26486793429147215;0.6097536756911217;0.2543158618033692;3.189924462007883;1.1980711055201126E-5;4.1732810175617257E-4;0.0049460368806221984;1.1980711055201126E-4;0.0014736274597897385;6;1.1980711055201126E-5;209;4.1732810175617257E-4;2477;0.0049460368806221984;60;1.1980711055201126E-4;738;0.0014736274597897385;SRR17281099.275014;0.6018078380039046;0.26486793429147215;0.6097536756911217;0.2543158618033692;
243;Borreliella bavariensis;species;664662;5;159;169;169;33;5.121212121212121;25;31;1933;386.6;1.1281746601290391E-4;168.99052367103863;1.0000560760967865;1497995;64895;0.896805203407054;0.1577625085529381;0.896805203407054;0.1577625085529381;6.479571628190284;3.3377948524527785E-6;1.1281746601290391E-4;0.0012903914899582442;2.0694328085207228E-5;1.0614187630799836E-4;5;3.3377948524527785E-6;169;1.1281746601290391E-4;1933;0.0012903914899582442;31;2.0694328085207228E-5;159;1.0614187630799836E-4;SRR17281099.782685;0.896805203407054;0.1577625085529381;0.896805203407054;0.1577625085529381;
244;Borreliella yangtzensis;species;683292;2;162;80;80;28;2.857142857142857;11;27;359;179.5;6.65085978989934E-5;79.99737296849312;1.0000328389721986;1202852;64895;0.5006263701847792;0.15878345196077523;0.5006263701847792;0.15878345196077523;2.6626954557266007;1.662714947474835E-6;6.65085978989934E-5;2.9845733307173287E-4;2.244665179091027E-5;1.3467991074546162E-4;2;1.662714947474835E-6;80;6.65085978989934E-5;359;2.9845733307173287E-4;27;2.244665179091027E-5;162;1.3467991074546162E-4;SRR17281099.841968;0.5006263701847792;0.15878345196077523;0.5006263701847792;0.15878345196077523;
245;Borreliella kurtenbachii;species;1196056;3;388;74;71;29;2.5517241379310347;20;28;711;237.0;1.787787147573016E-4;73.99319926595683;0.9595476436260277;397139;64895;0.4356873627573448;0.18425724409307426;0.4356873627573448;0.18425724409307426;3.5414505391410263;7.554030201012743E-6;1.8633274495831435E-4;0.0017903051576400202;7.050428187611894E-5;9.769879059976481E-4;3;7.554030201012743E-6;74;1.8633274495831435E-4;711;0.0017903051576400202;28;7.050428187611894E-5;388;9.769879059976481E-4;SRR17281099.1256043;0.4356873627573448;0.18425724409307426;0.4356873627573448;0.18425724409307426;
246;Borreliella mayonii;species;1674146;3;585;171;171;35;4.885714285714286;26;33;1290;430.0;3.2324041904056194E-4;170.97252749130968;1.0001606837606802;529018;64895;0.4159672178463028;0.25589788313196055;0.4298246839096513;0.2446706641655049;5.854969877711375;5.670884544571262E-6;3.2324041904056194E-4;0.002438480354165643;6.237972999028389E-5;0.0011058224861913962;3;5.670884544571262E-6;171;3.2324041904056194E-4;1290;0.002438480354165643;33;6.237972999028389E-5;585;0.0011058224861913962;SRR17281099.296064;0.4159672178463028;0.25589788313196055;0.4298246839096513;0.2446706641655049;
247;Candidatus Borreliella tachyglossi;species;1964448;0;0;3;3;2;1.5;2;2;0;;2.9629834477867996E-6;2.999997037147582;1.0000009876184481;1012493;64895;;;;;0.7071067811865476;0.0;2.9629834477867996E-6;0.0;1.975322298524533E-6;0.0;0;0.0;3;2.9629834477867996E-6;0;0.0;2;1.975322298524533E-6;0;0.0;SRR17281099.1337734;;;;;
248;PVC group;clade;1783257;0;0;0;0;0;;0;0;0;;0.0;0.0;;315;3379134;;;;;;0.0;0.0;0.0;0.0;0.0;1;1.6087205523702889E-6;2;3.2174411047405778E-6;394;6.338358976338938E-4;1;1.6087205523702889E-6;2;3.2174411047405778E-6;;0.9945054945054945;;0.9945054945054945;;
249;Chlamydiota;phylum;204428;0;0;0;0;0;;0;0;0;;;0.0;;0;1783257;;;;;;;;;;;1;1.6087205523702889E-6;2;3.2174411047405778E-6;394;6.338358976338938E-4;1;1.6087205523702889E-6;2;3.2174411047405778E-6;;0.9945054945054945;;0.9945054945054945;;
250;Chlamydiia;class;204429;0;0;0;0;0;;0;0;0;;0.0;0.0;;1716;204428;;;;;;0.0;0.0;0.0;0.0;0.0;1;1.6087205523702889E-6;2;3.2174411047405778E-6;394;6.338358976338938E-4;1;1.6087205523702889E-6;2;3.2174411047405778E-6;;0.9945054945054945;;0.9945054945054945;;
251;Chlamydiales;order;51291;0;0;0;0;0;;0;0;0;;0.0;0.0;;1054;204429;;;;;;0.0;0.0;0.0;0.0;0.0;1;1.6087205523702889E-6;2;3.2174411047405778E-6;394;6.338358976338938E-4;1;1.6087205523702889E-6;2;3.2174411047405778E-6;;0.9945054945054945;;0.9945054945054945;;
252;Chlamydiaceae;family;809;0;0;0;0;0;;0;0;0;;0.0;0.0;;3218;51291;;;;;;0.0;0.0;0.0;0.0;0.0;1;1.6087205523702889E-6;2;3.2174411047405778E-6;394;6.338358976338938E-4;1;1.6087205523702889E-6;2;3.2174411047405778E-6;;0.9945054945054945;;0.9945054945054945;;
253;Chlamydia/Chlamydophila group;no rank;1113537;0;0;0;0;0;;0;0;0;;;0.0;;0;809;;;;;;;;;;;1;1.6087205523702889E-6;2;3.2174411047405778E-6;394;6.338358976338938E-4;1;1.6087205523702889E-6;2;3.2174411047405778E-6;;0.9945054945054945;;0.9945054945054945;;
254;Chlamydia;genus;810;0;0;0;0;0;;0;0;0;;0.0;0.0;;4190012;1113537;;;;;;0.0;0.0;0.0;0.0;0.0;1;1.6087205523702889E-6;2;3.2174411047405778E-6;394;6.338358976338938E-4;1;1.6087205523702889E-6;2;3.2174411047405778E-6;;0.9945054945054945;;0.9945054945054945;;
255;Chlamydia psittaci;species;83554;1;2;2;2;1;2.0;2;1;394;394.0;3.2174411047405778E-6;1.999998391257054;1.00000080437212;621612;810;0.9945054945054945;;0.9945054945054945;;;1.6087205523702889E-6;3.2174411047405778E-6;6.338358976338938E-4;1.6087205523702889E-6;3.2174411047405778E-6;1;1.6087205523702889E-6;2;3.2174411047405778E-6;394;6.338358976338938E-4;1;1.6087205523702889E-6;2;3.2174411047405778E-6;SRR17281099.788482;0.9945054945054945;;0.9945054945054945;;
