pos;name;rank;taxid;reads;kmers from reads;kmers;unique kmers;contigs;average contig length;max contig length;reads >=1 kmer;reads bps;avg. read length;db coverage;exp. unique kmers;unique kmers / exp.;db kmers;parent taxid;mean error;kmer error std. dev.;mean class error;class error std. dev.;contig len std. dev.;norm. reads;norm. kmers;norm. reads bps;norm. read >=1 kmer;norm. reads kmers;acc. reads;acc. norm. reads;acc. kmers;acc. norm. kmers;acc. reads bps;acc. norm. reads bps;acc. read >=1 kmer;acc. norm. read >=1 kmer;acc. reads kmers;acc. norm. reads kmers;max contig desc.;acc. mean error;acc. error std. dev.;acc. class mean error;acc. class error std. dev.;
0;TOTAL;;;2233967;0;554297479;0;0;;0;0;621315636;278.122119082332;;;;505331577;;;;;;;;;;;;;;;;;;;;;;;;;;;
1;root;no rank;1;0;0;69;69;4;17.25;30;2;0;;0.023867173988239364;68.19474928010764;1.011808104412626;2891;;;;;;12.579745625409124;0.0;0.023867173988239364;0.0;6.918021445866483E-4;0.0;102879;0.757982573359636;8186574;56.36736693364938;40024393;299.7792400716186;110037;0.7892321978355231;8118913;61.42133727057936;SRR17281100.879627;0.7608540217393369;0.2087114803019466;0.7609110195635512;0.20864093893743965;
2;cellular organisms;cellular root;131567;96831;7148297;7324893;59941;262346;27.920734449924907;1340;97841;37537613;387.6611105947475;0.45214944670322627;132569.0;0.45214944670322627;132569;1;0.7765659334118354;0.19477157754047478;0.7765680167507003;0.19477261693244466;35.81877365040577;0.7304196305320249;55.25343783237408;283.15528517224993;0.7380383045810106;53.921331533012996;102879;0.757982573359636;8186505;56.34349975966114;40024393;299.7792400716186;110035;0.7885403956909365;8118913;61.42133727057936;SRR17281100.2054757;0.7608540217393369;0.2087114803019466;0.7609110195635512;0.20864093893743965;
3;Bacteria;domain;2;157;6486;1870;1461;399;4.68671679197995;76;277;83496;531.8216560509554;0.00106164595088525;1868.7307301664227;0.7818140818339774;1376165;131567;0.9079324774393963;0.1150713465772876;0.9079324774393963;0.1150713465772876;8.55514767588936;1.140851569397565E-4;0.0013588486845690741;0.06067295709453445;2.012840030083602E-4;0.0047130976300080295;6048;0.02756294282761131;861612;1.0900619272870506;2486780;16.62395489936837;12194;0.050502091109925755;970616;7.500005737566381;SRR17281100.432723;0.5092997692327581;0.2576614273317831;0.510235970848449;0.25758740625497956;
4;Bacillati;kingdom;1783272;2;2;7;5;7;1.0;1;6;429;214.5;2.3037440448216442E-5;6.999903243437604;0.7142955875407979;217038;2;0.994490563784042;9.924157524284203E-4;0.994490563784042;9.924157524284203E-4;0.0;9.214976179286577E-6;3.225241662750302E-5;0.0019766123904569706;2.7644928537859728E-5;9.214976179286577E-6;73;0.001740979141413646;135;0.0034443713111900072;241693;1.067080123824066;82;0.0017654311700234192;30558;0.0658432759884313;SRR17281100.243998;0.9282478754226027;0.08979294750585769;0.9282488784341447;0.08979351321317872;
5;Mycoplasmatota;phylum;544448;2;22;4;4;4;1.0;1;4;643;321.5;6.524306303132319E-6;3.9999902135967313;1.000002446606803;613092;1783272;0.9536955403717582;0.061432206946812846;0.9536955403717582;0.061432206946812846;0.0;3.2621531515661596E-6;6.524306303132319E-6;0.0010487822382285203;6.524306303132319E-6;3.5883684667227754E-5;71;0.0017317641652343596;128;0.003412118894562504;241264;1.065103511433609;76;0.0017377862414855595;30556;0.06583406101225202;SRR17281100.301006;0.9263818842011536;0.09035606528832647;0.9263829154665421;0.09035666513350078;
6;Mollicutes;class;31969;0;0;0;0;0;;0;0;0;;0.0;0.0;;52442;544448;;;;;;0.0;0.0;0.0;0.0;0.0;39;9.342554028347962E-4;65;9.585045566534803E-4;102754;0.4896742826739438;41;9.359748644689609E-4;7220;0.007543634580929486;;0.939842679869582;0.0669404985716199;0.939844557301443;0.06694160259080222;
7;Mycoplasmatales;order;2085;0;0;0;0;0;;0;0;0;;0.0;0.0;;220;31969;;;;;;0.0;0.0;0.0;0.0;0.0;39;9.342554028347962E-4;65;9.585045566534803E-4;102754;0.4896742826739438;41;9.359748644689609E-4;7220;0.007543634580929486;;0.939842679869582;0.0669404985716199;0.939844557301443;0.06694160259080222;
8;Mycoplasmataceae;family;2092;0;0;0;0;0;;0;0;0;;0.0;0.0;;92;2085;;;;;;0.0;0.0;0.0;0.0;0.0;39;9.342554028347962E-4;65;9.585045566534803E-4;102754;0.4896742826739438;41;9.359748644689609E-4;7220;0.007543634580929486;;0.939842679869582;0.0669404985716199;0.939844557301443;0.06694160259080222;
9;Mycoplasma;genus;2093;0;0;0;0;0;;0;0;0;;0.0;0.0;;2259605;2092;;;;;;0.0;0.0;0.0;0.0;0.0;39;9.342554028347962E-4;65;9.585045566534803E-4;102754;0.4896742826739438;41;9.359748644689609E-4;7220;0.007543634580929486;;0.939842679869582;0.0669404985716199;0.939844557301443;0.06694160259080222;
10;Mycoplasma nasistruthionis;species;353852;1;22;1;1;1;1.0;1;1;393;393.0;9.940674057226472E-7;1.000000000001414;0.999999999998586;1005968;2093;0.9393939393939394;;0.9393939393939394;;;9.940674057226472E-7;9.940674057226472E-7;3.9066849044900036E-4;9.940674057226472E-7;2.186948292589824E-5;1;9.940674057226472E-7;1;9.940674057226472E-7;393;3.9066849044900036E-4;1;9.940674057226472E-7;22;2.186948292589824E-5;SRR17281100.2220637;0.9393939393939394;;0.9393939393939394;;
11;Mycoplasma zalophidermidis;species;398174;1;20;1;1;1;1.0;1;1;870;870.0;1.180822962755663E-6;0.999999999989295;1.000000000010705;846867;2093;0.9761904761904762;;0.9761904761904762;;;1.180822962755663E-6;1.180822962755663E-6;0.0010273159775974268;1.180822962755663E-6;2.361645925511326E-5;1;1.180822962755663E-6;1;1.180822962755663E-6;870;0.0010273159775974268;1;1.180822962755663E-6;20;2.361645925511326E-5;SRR17281100.281826;0.9761904761904762;;0.9761904761904762;;
12;Candidatus Mycoplasma haematobovis;species;432608;1;22;1;1;1;1.0;1;1;529;529.0;1.0901119217910103E-6;1.0000000000468223;0.9999999999531777;917337;2093;0.9559118236472945;;0.9559118236472945;;;1.0901119217910103E-6;1.0901119217910103E-6;5.766692066274445E-4;1.0901119217910103E-6;2.3982462279402226E-5;1;1.0901119217910103E-6;1;1.0901119217910103E-6;529;5.766692066274445E-4;1;1.0901119217910103E-6;22;2.3982462279402226E-5;SRR17281100.1708302;0.9559118236472945;;0.9559118236472945;;
13;Mycoplasma seminis;species;512749;2;66;4;4;2;2.0;2;2;1478;739.0;4.25461758965277E-6;3.9999936182424936;1.0000015954419221;940155;2093;0.933348505775992;0.05810057759152868;0.933348505775992;0.05810057759152868;0.0;2.127308794826385E-6;4.25461758965277E-6;0.0015720811993766984;2.127308794826385E-6;7.02011902292707E-5;2;2.127308794826385E-6;4;4.25461758965277E-6;1478;0.0015720811993766984;2;2.127308794826385E-6;66;7.02011902292707E-5;SRR17281100.88850;0.933348505775992;0.05810057759152868;0.933348505775992;0.05810057759152868;
14;Mycoplasma anserisalpingitidis;species;519450;1;31;1;1;1;1.0;1;1;624;624.0;4.927623072313854E-7;0.9999999998965876;1.0000000001034124;2029376;2093;0.9478114478114478;;0.9478114478114478;;;4.927623072313854E-7;4.927623072313854E-7;3.074836797123845E-4;4.927623072313854E-7;1.5275631524172948E-5;1;4.927623072313854E-7;1;4.927623072313854E-7;624;3.074836797123845E-4;1;4.927623072313854E-7;31;1.5275631524172948E-5;SRR17281100.448433;0.9478114478114478;;0.9478114478114478;;
15;Mycoplasma struthionis;species;538220;1;22;1;1;1;1.0;1;1;679;679.0;1.248241539730904E-6;0.9999999999643385;1.0000000000356615;801127;2093;0.9661016949152542;;0.9661016949152542;;;1.248241539730904E-6;1.248241539730904E-6;8.475560054772838E-4;1.248241539730904E-6;2.746131387407989E-5;1;1.248241539730904E-6;1;1.248241539730904E-6;679;8.475560054772838E-4;1;1.248241539730904E-6;22;2.746131387407989E-5;SRR17281100.1649799;0.9661016949152542;;0.9661016949152542;;
16;Mycoplasma tauri;species;547987;2;5389;4;4;2;2.0;3;2;31470;15735.0;3.558684034230982E-6;3.9999946618477993;1.000001334539831;1124011;2093;0.8664681588974833;0.05415553475553377;0.8664681588974833;0.05415553475553377;1.4142135623730951;1.779342017115491E-6;3.558684034230982E-6;0.027997946639312248;1.779342017115491E-6;0.00479443706511769;2;1.779342017115491E-6;4;3.558684034230982E-6;31470;0.027997946639312248;2;1.779342017115491E-6;5389;0.00479443706511769;SRR17281100.1665654;0.8664681588974833;0.05415553475553377;0.8664681588974833;0.05415553475553377;
17;Mycoplasma mycoides group;species group;656088;1;17;1;1;1;1.0;1;1;414;414.0;1.3449700138935401E-6;1.0000000000172622;0.9999999999827378;743511;2093;0.9557291666666666;;0.9557291666666666;;;1.3449700138935401E-6;1.3449700138935401E-6;5.568175857519256E-4;1.3449700138935401E-6;2.2864490236190184E-5;6;7.337071376832834E-6;12;1.1193381282743562E-5;57669;0.03111606537728171;7;8.281654570052994E-6;1223;6.406022775226224E-4;SRR17281100.2205098;0.9732140610215766;0.021241273974197696;0.9732262643286728;0.02124470601879971;
18;Mycoplasma capricolum;species;2095;0;0;0;0;0;;0;0;0;;0.0;0.0;;360365;656088;;;;;;0.0;0.0;0.0;0.0;0.0;1;4.6018968098270745E-7;2;9.203793619654149E-7;183;8.421471161983546E-5;1;4.6018968098270745E-7;9;4.1417071288443674E-6;;0.9411764705882353;;0.9411764705882353;;
19;Mycoplasma capricolum subsp. capricolum;subspecies;40479;1;9;2;2;1;2.0;2;1;183;183.0;9.203793619654149E-7;1.9999995401291657;1.00000022993547;2173017;2095;0.9411764705882353;;0.9411764705882353;;;4.6018968098270745E-7;9.203793619654149E-7;8.421471161983546E-5;4.6018968098270745E-7;4.1417071288443674E-6;1;4.6018968098270745E-7;2;9.203793619654149E-7;183;8.421471161983546E-5;1;4.6018968098270745E-7;9;4.1417071288443674E-6;SRR17281100.243998;0.9411764705882353;;0.9411764705882353;;
20;Mycoplasma mycoides;species;2102;2;4;4;4;3;1.3333333333333333;2;3;2075;1037.5;3.7783327728806387E-6;3.9999943325369;1.0000014168677827;1058668;656088;0.9886229314420804;0.01533736339808246;0.9886229314420804;0.01533736339808246;0.5773502691896258;1.8891663864403194E-6;3.7783327728806387E-6;0.0019600101259318312;2.833749579660479E-6;3.7783327728806387E-6;2;1.8891663864403194E-6;4;3.7783327728806387E-6;2075;0.0019600101259318312;3;2.833749579660479E-6;4;3.7783327728806387E-6;SRR17281100.584024;0.9886229314420804;0.01533736339808246;0.9886229314420804;0.01533736339808246;
21;Mycoplasma leachii;species;2105;1;4;1;1;1;1.0;1;1;337;337.0;3.1404273493537002E-6;1.0000000000117768;0.9999999999882232;318428;656088;0.9869706840390879;;0.9869706840390879;;;3.1404273493537002E-6;3.1404273493537002E-6;0.0010583240167321968;3.1404273493537002E-6;1.2561709397414801E-5;1;3.1404273493537002E-6;1;3.1404273493537002E-6;337;0.0010583240167321968;1;3.1404273493537002E-6;4;1.2561709397414801E-5;SRR17281100.881437;0.9869706840390879;;0.9869706840390879;;
22;Mycoplasma feriruminatoris;species;1179777;1;1189;4;4;1;4.0;4;1;54660;54660.0;2.0092717846502686E-6;3.9999969858899713;1.000000753528075;1990771;656088;0.9781621819513088;;0.9782354017938861;;;5.023179461625671E-7;2.0092717846502686E-6;0.02745669893724592;5.023179461625671E-7;5.972560379872924E-4;1;5.023179461625671E-7;4;2.0092717846502686E-6;54660;0.02745669893724592;1;5.023179461625671E-7;1189;5.972560379872924E-4;SRR17281100.1942526;0.9781621819513088;;0.9782354017938861;;
23;Mycoplasma enhydrae;species;2499220;6;62;13;8;6;2.1666666666666665;3;6;2016;336.0;9.88192336815476E-6;12.99990365209825;0.6153891762658379;809559;2093;0.9345923020768452;0.0912514757339496;0.9345923020768452;0.0912514757339496;0.9831920802501749;7.411442526116071E-6;1.6058125473251487E-5;0.0024902446887749997;7.411442526116071E-6;7.65849061031994E-5;6;7.411442526116071E-6;13;1.6058125473251487E-5;2016;0.0024902446887749997;6;7.411442526116071E-6;62;7.65849061031994E-5;SRR17281100.534698;0.9345923020768452;0.0912514757339496;0.9345923020768452;0.0912514757339496;
24;unclassified Mycoplasma;no rank;2683645;4;69;6;6;4;1.5;3;4;1737;434.25;7.307566205331893E-7;5.999998173343547;1.0000003044428347;8210668;2093;0.9426177898791226;0.06608457821332049;0.9426177898791226;0.06608457821332049;1.0;4.871710803554595E-7;7.307566205331893E-7;2.115540416443583E-4;4.871710803554595E-7;8.403701136131676E-6;12;9.061025032394063E-4;16;9.100676211883796E-4;4476;0.4214150052404763;12;9.061025032394063E-4;199;0.0017333941190487226;SRR17281100.1848737;0.942826341297923;0.059050469193814646;0.942826341297923;0.059050469193814646;
25;Mycoplasma sp. NEAQ87857;species;2683967;3;57;4;4;3;1.3333333333333333;2;3;1195;398.3333333333333;3.6563572626681354E-6;3.9999945155761063;1.0000013711078533;1093985;2683645;0.9374027855073704;0.06548106158330823;0.9374027855073704;0.06548106158330823;0.5773502691896258;2.7422679470011014E-6;3.6563572626681354E-6;0.0010923367322221054;2.7422679470011014E-6;5.210309099302093E-5;3;2.7422679470011014E-6;4;3.6563572626681354E-6;1195;0.0010923367322221054;3;2.7422679470011014E-6;57;5.210309099302093E-5;SRR17281100.738769;0.9374027855073704;0.06548106158330823;0.9374027855073704;0.06548106158330823;
26;Mycoplasma sp. 1654_15;species;2725994;1;1;1;1;1;1.0;1;1;299;299.0;1.2078184503930846E-6;0.9999999999776625;1.0000000000223375;827939;2683645;0.9962825278810409;;0.9962825278810409;;;1.2078184503930846E-6;1.2078184503930846E-6;3.6113771666753227E-4;1.2078184503930846E-6;1.2078184503930846E-6;1;1.2078184503930846E-6;1;1.2078184503930846E-6;299;3.6113771666753227E-4;1;1.2078184503930846E-6;1;1.2078184503930846E-6;SRR17281100.749100;0.9962825278810409;;0.9962825278810409;;
27;Mycoplasma sp. 1018B;species;2967302;1;23;1;1;1;1.0;1;1;221;221.0;4.502516906950986E-6;1.0000000000062228;0.9999999999937772;222098;2683645;0.8795811518324608;;0.8795811518324608;;;4.502516906950986E-6;4.502516906950986E-6;9.950562364361678E-4;4.502516906950986E-6;1.0355788885987267E-4;1;4.502516906950986E-6;1;4.502516906950986E-6;221;9.950562364361678E-4;1;4.502516906950986E-6;23;1.0355788885987267E-4;SRR17281100.1452122;0.8795811518324608;;0.8795811518324608;;
28;Mycoplasma sp. 888;species;3108483;1;2;2;2;1;2.0;2;1;164;164.0;5.614886186257005E-6;1.9999971925594195;1.0000014037222607;356196;2683645;0.9850746268656716;;0.9850746268656716;;;2.8074430931285025E-6;5.614886186257005E-6;4.604206672730744E-4;2.8074430931285025E-6;5.614886186257005E-6;1;2.8074430931285025E-6;2;5.614886186257005E-6;164;4.604206672730744E-4;1;2.8074430931285025E-6;2;5.614886186257005E-6;SRR17281100.932636;0.9850746268656716;;0.9850746268656716;;
29;Mycoplasma sp. 21DD0573;species;3108525;1;1;1;1;1;1.0;1;1;469;469.0;8.795074758135445E-4;1.0000000000000142;0.9999999999999858;1137;2683645;0.9977220956719818;;0.9977220956719818;;;8.795074758135445E-4;8.795074758135445E-4;0.4124890061565523;8.795074758135445E-4;8.795074758135445E-4;1;8.795074758135445E-4;1;8.795074758135445E-4;469;0.4124890061565523;1;8.795074758135445E-4;1;8.795074758135445E-4;SRR17281100.1857568;0.9977220956719818;;0.9977220956719818;;
30;Mycoplasma sp. 005V;species;3398776;1;46;1;1;1;1.0;1;1;391;391.0;1.4847809948032665E-5;0.9999999999965925;1.0000000000034075;67350;2683645;0.8725761772853186;;0.8725761772853186;;;1.4847809948032665E-5;1.4847809948032665E-5;0.005805493689680772;1.4847809948032665E-5;6.829992576095026E-4;1;1.4847809948032665E-5;1;1.4847809948032665E-5;391;0.005805493689680772;1;1.4847809948032665E-5;46;6.829992576095026E-4;SRR17281100.298558;0.8725761772853186;;0.8725761772853186;;
31;Mycoplasma bradburyae;species;2963128;1;69;1;1;1;1.0;1;1;271;271.0;6.173365385446414E-7;1.0000000000173226;0.9999999999826774;1619862;2093;0.7136929460580913;;0.7136929460580913;;;6.173365385446414E-7;6.173365385446414E-7;1.6729820194559783E-4;6.173365385446414E-7;4.259622115958026E-5;1;6.173365385446414E-7;1;6.173365385446414E-7;271;1.6729820194559783E-4;1;6.173365385446414E-7;69;4.259622115958026E-5;SRR17281100.1944594;0.7136929460580913;;0.7136929460580913;;
32;Mycoplasma phocimorsus;species;3045839;5;95;10;9;6;1.6666666666666667;3;6;2279;455.8;6.973905968501191E-6;9.999965130819048;0.9000031382372284;1290525;2093;0.9588749166769286;0.046450079708476956;0.9588749166769286;0.046450079708476956;0.8164965809277259;3.874392204722884E-6;7.748784409445768E-6;0.0017659479669126907;4.649270645667461E-6;7.36134518897348E-5;5;3.874392204722884E-6;10;7.748784409445768E-6;2279;0.0017659479669126907;6;4.649270645667461E-6;95;7.36134518897348E-5;SRR17281100.878871;0.9588749166769286;0.046450079708476956;0.9588749166769286;0.046450079708476956;
33;Mycoplasmoidales;order;2790996;0;0;0;0;0;;0;0;0;;0.0;0.0;;52090;544448;;;;;;0.0;0.0;0.0;0.0;0.0;30;7.942466092479971E-4;59;0.0024470900316058914;137867;0.5743804465214367;31;7.952870707134662E-4;23314;0.05825454274665531;;0.9070619394208239;0.11412120306737633;0.9070619394208239;0.11412120306737633;
34;Mycoplasmoidaceae;family;2790998;0;0;0;0;0;;0;0;0;;0.0;0.0;;2102;2790996;;;;;;0.0;0.0;0.0;0.0;0.0;19;7.867750076362934E-4;37;0.0024311413059752117;19070;0.5335040903057842;20;7.878154691017625E-4;2388;0.050646934358071605;;0.9369784071871391;0.08071181141004187;0.9369784071871391;0.08071181141004187;
35;Malacoplasma;genus;2791001;0;0;0;0;0;;0;0;0;;0.0;0.0;;3332;2790998;;;;;;0.0;0.0;0.0;0.0;0.0;7;6.4722030448046695E-6;9;8.43764661593702E-6;7528;0.005135439787166421;7;6.4722030448046695E-6;486;2.843492970598456E-4;;0.9812001453257962;0.031167202113728084;0.9812001453257962;0.031167202113728084;
36;Malacoplasma iowae;species;2116;1;475;1;1;1;1.0;1;1;5561;5561.0;5.758723314076163E-7;0.9999999999458957;1.0000000000541043;1736496;2791001;0.9141204122220213;;0.9141204122220213;;;5.758723314076163E-7;5.758723314076163E-7;0.003202426034957754;5.758723314076163E-7;2.735393574186177E-4;1;5.758723314076163E-7;1;5.758723314076163E-7;5561;0.003202426034957754;1;5.758723314076163E-7;475;2.735393574186177E-4;SRR17281100.1872433;0.9141204122220213;;0.9141204122220213;;
37;Malacoplasma muris;species;2119;6;11;8;4;6;1.3333333333333333;3;6;1967;327.8333333333333;3.930887142264702E-6;7.99997248425653;0.5000017197398818;1017582;2791001;0.992380100843092;0.01075851197984125;0.992380100843092;0.01075851197984125;0.816496580927726;5.896330713397053E-6;7.861774284529404E-6;0.0019330137522086672;5.896330713397053E-6;1.080993964122793E-5;6;5.896330713397053E-6;8;7.861774284529404E-6;1967;0.0019330137522086672;6;5.896330713397053E-6;11;1.080993964122793E-5;SRR17281100.2110131;0.992380100843092;0.01075851197984125;0.992380100843092;0.01075851197984125;
38;Mycoplasmoides;genus;2995234;0;0;0;0;0;;0;0;0;;0.0;0.0;;43815;2790998;;;;;;0.0;0.0;0.0;0.0;0.0;12;7.803028045914887E-4;28;0.0024227036593592747;11542;0.5283686505186177;13;7.813432660569578E-4;1902;0.05036258506101176;;0.911182393272922;0.0903310191460816;0.911182393272922;0.0903310191460816;
39;Mycoplasmoides gallisepticum;species;2096;3;1598;6;6;3;2.0;3;3;6309;2103.0;2.680644140916101E-6;5.999993297947024;1.000001117010077;2238268;2995234;0.8620772741224277;0.11905926516967721;0.8620772741224277;0.11905926516967721;1.0;1.3403220704580506E-6;2.680644140916101E-6;0.0028186973141732805;1.3403220704580506E-6;7.13944889530655E-4;8;7.7621313526981E-4;20;0.0024143094853640115;10061;0.5269328198081834;8;7.7621313526981E-4;1833;0.050290899541804664;SRR17281100.384188;0.9007996716460265;0.08565259358796389;0.9007996716460265;0.08565259358796389;
40;Mycoplasmoides gallisepticum str. R;strain;233150;2;7;4;3;2;2.0;2;2;1880;940.0;1.9269060312158777E-4;3.99961463529524;0.7500722628440298;15569;2096;0.9921367441279361;0.009198837280222864;0.9921367441279361;0.009198837280222864;0.0;1.2846040208105853E-4;2.5692080416211705E-4;0.120752777956195;1.2846040208105853E-4;4.496114072837048E-4;2;1.2846040208105853E-4;4;2.5692080416211705E-4;1880;0.120752777956195;2;1.2846040208105853E-4;7;4.496114072837048E-4;SRR17281100.418529;0.9921367441279361;0.009198837280222864;0.9921367441279361;0.009198837280222864;
41;Mycoplasmoides gallisepticum S6;strain;1006581;3;228;10;3;6;1.6666666666666667;2;3;1872;624.0;6.464124111182935E-4;9.990309383052875;0.3002910005058571;4641;2096;0.8786306875150189;0.011448717490559302;0.8786306875150189;0.011448717490559302;0.5163977794943221;6.464124111182935E-4;0.0021547080370609784;0.40336134453781514;6.464124111182935E-4;0.0491273432449903;3;6.464124111182935E-4;10;0.0021547080370609784;1872;0.40336134453781514;3;6.464124111182935E-4;228;0.0491273432449903;SRR17281100.1587522;0.8786306875150189;0.011448717490559302;0.8786306875150189;0.011448717490559302;
42;Mycoplasmoides pneumoniae;species;2104;1;56;2;2;1;2.0;2;1;272;272.0;2.074374627909051E-6;1.9999989627063233;1.0000005186471073;964146;2995234;0.768595041322314;;0.768595041322314;;;1.0371873139545255E-6;2.074374627909051E-6;2.8211494939563093E-4;1.0371873139545255E-6;5.808248958145343E-5;1;1.0371873139545255E-6;2;2.074374627909051E-6;272;2.8211494939563093E-4;1;1.0371873139545255E-6;56;5.808248958145343E-5;SRR17281100.777422;0.768595041322314;;0.768595041322314;;
43;[Mycoplasma] imitans;species;29560;0;0;0;0;0;;0;0;0;;;0.0;;0;2995234;;;;;;;;;;;1;1.1863944286917628E-6;2;2.3727888573835256E-6;156;1.85077530875915E-4;1;1.1863944286917628E-6;2;2.3727888573835256E-6;;0.9841269841269841;;0.9841269841269841;;
44;Mycoplasma imitans ATCC 51306;strain;1399794;1;2;2;2;1;2.0;2;1;156;156.0;2.3727888573835256E-6;1.9999988136089608;1.0000005931958715;842890;29560;0.9841269841269841;;0.9841269841269841;;;1.1863944286917628E-6;2.3727888573835256E-6;1.85077530875915E-4;1.1863944286917628E-6;2.3727888573835256E-6;1;1.1863944286917628E-6;2;2.3727888573835256E-6;156;1.85077530875915E-4;1;1.1863944286917628E-6;2;2.3727888573835256E-6;SRR17281100.432362;0.9841269841269841;;0.9841269841269841;;
45;[Mycoplasma] cavipharyngis;species;92757;1;10;3;1;3;1.0;1;2;462;462.0;1.0404614654691649E-6;2.999996878553798;0.33333368016104997;961112;2995234;0.9768518518518519;;0.9768518518518519;;0.0;1.0404614654691649E-6;3.1213843964074944E-6;4.8069319704675416E-4;2.0809229309383298E-6;1.0404614654691648E-5;1;1.0404614654691649E-6;3;3.1213843964074944E-6;462;4.8069319704675416E-4;2;2.0809229309383298E-6;10;1.0404614654691648E-5;SRR17281100.1660767;0.9768518518518519;;0.9768518518518519;;
46;Mycoplasmoides fastidiosum;species;92758;1;1;1;1;1;1.0;1;1;591;591.0;8.256261135632206E-7;1.000000000029403;0.9999999999705971;1211202;2995234;0.9982174688057041;;0.9982174688057041;;;8.256261135632206E-7;8.256261135632206E-7;4.879450331158634E-4;8.256261135632206E-7;8.256261135632206E-7;1;8.256261135632206E-7;1;8.256261135632206E-7;591;4.879450331158634E-4;1;8.256261135632206E-7;1;8.256261135632206E-7;SRR17281100.1223210;0.9982174688057041;;0.9982174688057041;;
47;Metamycoplasmataceae;family;2895623;0;0;0;0;0;;0;0;0;;0.0;0.0;;130176;2790996;;;;;;0.0;0.0;0.0;0.0;0.0;11;7.4716016117037164E-6;22;1.594872563067996E-5;118797;0.040876356215652485;11;7.4716016117037164E-6;20926;0.007607608388583717;;0.855388040551734;0.1463043634964057;0.855388040551734;0.1463043634964057;
48;Metamycoplasma;genus;2895509;0;0;0;0;0;;0;0;0;;0.0;0.0;;82098;2895623;;;;;;0.0;0.0;0.0;0.0;0.0;11;7.4716016117037164E-6;22;1.594872563067996E-5;118797;0.040876356215652485;11;7.4716016117037164E-6;20926;0.007607608388583717;;0.855388040551734;0.1463043634964057;0.855388040551734;0.1463043634964057;
49;Metamycoplasma hominis;species;2098;3;10035;7;5;3;2.3333333333333335;4;3;82525;27508.333333333332;1.503124243740615E-6;6.9999936877607984;0.7142863583923361;3326405;2895509;0.7492666957661146;0.16152565665487367;0.7492666957661146;0.16152565665487367;1.5275252316519468;9.018745462443689E-7;2.104373941236861E-6;0.02480906564293885;9.018745462443689E-7;0.003016770357187414;3;9.018745462443689E-7;7;2.104373941236861E-6;82525;0.02480906564293885;3;9.018745462443689E-7;10035;0.003016770357187414;SRR17281100.1728370;0.7492666957661146;0.16152565665487367;0.7492666957661146;0.16152565665487367;
50;Metamycoplasma salivarium;species;2124;1;48;2;2;1;2.0;2;1;252;252.0;1.814776637291482E-6;1.9999990925109081;1.0000004537447518;1102064;2895509;0.7837837837837838;;0.7837837837837838;;;9.07388318645741E-7;1.814776637291482E-6;2.2866185629872676E-4;9.07388318645741E-7;4.355463929499557E-5;1;9.07388318645741E-7;2;1.814776637291482E-6;252;2.2866185629872676E-4;1;9.07388318645741E-7;48;4.355463929499557E-5;SRR17281100.2057118;0.7837837837837838;;0.7837837837837838;;
51;Metamycoplasma hyosynoviae;species;29559;3;10828;5;4;4;1.25;2;3;34722;11574.0;1.6735134284809393E-6;4.999995815679435;0.8000006694918507;2390181;2895509;0.8162110192538073;0.16289238745098863;0.8162110192538073;0.16289238745098863;0.5;1.2551350713607044E-6;2.091891785601174E-6;0.014526933315928794;1.2551350713607044E-6;0.004530200850897902;3;1.2551350713607044E-6;5;2.091891785601174E-6;34722;0.014526933315928794;3;1.2551350713607044E-6;10828;0.004530200850897902;SRR17281100.1322166;0.8162110192538073;0.16289238745098863;0.8162110192538073;0.16289238745098863;
52;Metamycoplasma alkalescens;species;45363;1;4;1;1;1;1.0;1;1;291;291.0;1.1072063633364113E-6;1.000000000031264;0.9999999999687359;903174;2895509;0.9846743295019157;;0.9846743295019157;;;1.1072063633364113E-6;1.1072063633364113E-6;3.221970517308957E-4;1.1072063633364113E-6;4.428825453345645E-6;1;1.1072063633364113E-6;1;1.1072063633364113E-6;291;3.221970517308957E-4;1;1.1072063633364113E-6;4;4.428825453345645E-6;SRR17281100.498778;0.9846743295019157;;0.9846743295019157;;
53;Metamycoplasma auris;species;51363;0;0;0;0;0;;0;0;0;;0.0;0.0;;715445;2895509;;;;;;0.0;0.0;0.0;0.0;0.0;1;1.3807005674679332E-6;4;5.522802269871733E-6;170;2.3471909646954864E-4;1;1.3807005674679332E-6;6;8.284203404807599E-6;;0.9571428571428572;;0.9571428571428572;;
54;Metamycoplasma auris 15026;strain;1188233;1;6;4;4;1;4.0;4;1;170;170.0;5.522802269871733E-6;3.999991715725324;1.0000020710729582;724270;51363;0.9571428571428572;;0.9571428571428572;;;1.3807005674679332E-6;5.522802269871733E-6;2.3471909646954864E-4;1.3807005674679332E-6;8.284203404807599E-6;1;1.3807005674679332E-6;4;5.522802269871733E-6;170;2.3471909646954864E-4;1;1.3807005674679332E-6;6;8.284203404807599E-6;SRR17281100.1323514;0.9571428571428572;;0.9571428571428572;;
55;[Mycoplasma] anseris;species;92400;1;2;2;2;1;2.0;2;1;362;362.0;2.7767557773874894E-6;1.9999986115847956;1.0000006942080841;720265;2895509;0.9939759036144579;;0.9939759036144579;;;1.3883778886937447E-6;2.7767557773874894E-6;5.025927957071355E-4;1.3883778886937447E-6;2.7767557773874894E-6;1;1.3883778886937447E-6;2;2.7767557773874894E-6;362;5.025927957071355E-4;1;1.3883778886937447E-6;2;2.7767557773874894E-6;SRR17281100.395774;0.9939759036144579;;0.9939759036144579;;
56;Metamycoplasma equirhinis;species;92402;1;3;1;1;1;1.0;1;1;475;475.0;5.309188559548125E-7;1.0000000000660534;0.9999999999339466;1883527;2895509;0.9932584269662922;;0.9932584269662922;;;5.309188559548125E-7;5.309188559548125E-7;2.521864565785359E-4;5.309188559548125E-7;1.5927565678644373E-6;1;5.309188559548125E-7;1;5.309188559548125E-7;475;2.521864565785359E-4;1;5.309188559548125E-7;3;1.5927565678644373E-6;SRR17281100.1474183;0.9932584269662922;;0.9932584269662922;;
57;Pseudomonadati;kingdom;3379134;20;1068;4104;3539;306;13.411764705882353;270;176;7412;370.6;0.008093231095021714;4084.806096209991;0.8663813940357152;437279;2;0.8444000232946418;0.17923674073309862;0.8444000232946418;0.17923674073309862;22.79834029385234;4.573738962996165E-5;0.00938531235206813;0.016950276596863788;4.024890287436625E-4;0.002442376606239952;5818;0.025707878529257905;859607;1.0852587072912914;2161591;15.496201818449778;11835;0.04853537593689398;933572;7.429449363947942;SRR17281100.124295;0.4932859247947552;0.24861910591702077;0.4942591242020869;0.24860196989419509;
58;Pseudomonadota;phylum;1224;7;51;483;403;94;5.138297872340425;41;74;3780;540.0;0.0010195639909225916;482.70562734231487;0.8348773603880302;395267;3379134;0.9766964653130977;0.02517526768001181;0.9766964653130977;0.02517526768001181;7.211998759280703;1.7709548229424666E-5;0.0012219588278303021;0.00956315604388932;1.872152241396322E-4;1.2902670852866545E-4;4861;0.022963760670420507;683288;0.8619966061936675;1710262;10.398462499448943;9323;0.0394456552788799;742363;4.538525127331337;SRR17281100.642501;0.4868167114920044;0.2497898990459383;0.48762315367387954;0.249844053829201;
59;Gammaproteobacteria;class;1236;0;0;2;2;2;1.0;1;2;0;;4.7743863719915395E-6;1.9999976128347348;1.0000011935840574;418902;1224;;;;;0.0;0.0;4.7743863719915395E-6;0.0;4.7743863719915395E-6;0.0;17;1.5780125947358708E-5;33;3.495911361868278E-5;6769;0.005032933948351429;19;2.0554512319350246E-5;257;3.1977779009270153E-4;SRR17281100.15272;0.9322046017791422;0.12981156548209677;0.9322046017791422;0.12981156548209677;
60;Thiotrichales;order;72273;0;0;0;0;0;;0;0;0;;0.0;0.0;;28762;1236;;;;;;0.0;0.0;0.0;0.0;0.0;17;1.5780125947358708E-5;31;3.0184727246691247E-5;6769;0.005032933948351429;17;1.5780125947358708E-5;257;3.1977779009270153E-4;;0.9322046017791422;0.12981156548209677;0.9322046017791422;0.12981156548209677;
61;Francisellaceae;family;34064;0;0;0;0;0;;0;0;0;;0.0;0.0;;883312;72273;;;;;;0.0;0.0;0.0;0.0;0.0;17;1.5780125947358708E-5;31;3.0184727246691247E-5;6769;0.005032933948351429;17;1.5780125947358708E-5;257;3.1977779009270153E-4;;0.9322046017791422;0.12981156548209677;0.9322046017791422;0.12981156548209677;
62;Francisella;genus;262;0;0;0;0;0;;0;0;0;;0.0;0.0;;9693010;34064;;;;;;0.0;0.0;0.0;0.0;0.0;17;1.5780125947358708E-5;31;3.0184727246691247E-5;6769;0.005032933948351429;17;1.5780125947358708E-5;257;3.1977779009270153E-4;;0.9322046017791422;0.12981156548209677;0.9322046017791422;0.12981156548209677;
63;Francisella tularensis;species;263;2;63;4;4;2;2.0;3;2;1976;988.0;1.9792740319741825E-6;3.99999703075226;1.0000007423124861;2020943;262;0.9792388697064549;0.02439851918089921;0.9792388697064549;0.02439851918089921;1.4142135623730951;9.896370159870913E-7;1.9792740319741825E-6;9.77761371795246E-4;9.896370159870913E-7;3.1173566003593374E-5;6;1.6719113912625594E-6;12;3.343822782525119E-6;4068;0.0013345908700643158;6;1.6719113912625594E-6;74;3.304982053560091E-5;SRR17281100.1811489;0.9815693540636143;0.024172348996235573;0.9815693540636143;0.024172348996235573;
64;Francisella tularensis subsp. holarctica;subspecies;119857;4;11;8;8;4;2.0;3;4;2092;523.0;1.3645487505509365E-6;7.9999952237168985;1.0000005970357442;5862744;263;0.9827345962421941;0.027748459835590204;0.9827345962421941;0.027748459835590204;1.1547005383792515;6.822743752754683E-7;1.3645487505509365E-6;3.568294982690699E-4;6.822743752754683E-7;1.8762545320075377E-6;4;6.822743752754683E-7;8;1.3645487505509365E-6;2092;3.568294982690699E-4;4;6.822743752754683E-7;11;1.8762545320075377E-6;SRR17281100.581149;0.9827345962421941;0.027748459835590204;0.9827345962421941;0.027748459835590204;
65;Francisella salimarina;species;2599927;8;179;16;16;9;1.7777777777777777;3;8;2171;271.375;2.546537981613996E-5;15.99980901064715;1.0000119369770428;628304;262;0.873074350360027;0.1747105943277742;0.873074350360027;0.1747105943277742;0.8333333333333335;1.273268990806998E-5;2.546537981613996E-5;0.0034553337238024907;1.273268990806998E-5;2.8489393669306576E-4;8;1.273268990806998E-5;16;2.546537981613996E-5;2171;0.0034553337238024907;8;1.273268990806998E-5;179;2.8489393669306576E-4;SRR17281100.347455;0.873074350360027;0.1747105943277742;0.873074350360027;0.1747105943277742;
66;unclassified Francisella;no rank;2610885;0;0;0;0;0;;0;0;0;;0.0;0.0;;2272911;262;;;;;;0.0;0.0;0.0;0.0;0.0;3;1.375524648026168E-6;3;1.375524648026168E-6;530;2.43009354484623E-4;3;1.375524648026168E-6;4;1.8340328640348907E-6;;0.9911557676611716;0.0022956813561997146;0.9911557676611716;0.0022956813561997146;
67;Francisella sp. SYW-9;species;2610888;3;4;3;3;3;1.0;1;3;530;176.66666666666666;1.375524648026168E-6;2.9999986247575636;1.0000004584143556;2180986;2610885;0.9911557676611716;0.0022956813561997146;0.9911557676611716;0.0022956813561997146;0.0;1.375524648026168E-6;1.375524648026168E-6;2.43009354484623E-4;1.375524648026168E-6;1.8340328640348907E-6;3;1.375524648026168E-6;3;1.375524648026168E-6;530;2.43009354484623E-4;3;1.375524648026168E-6;4;1.8340328640348907E-6;SRR17281100.616168;0.9911557676611716;0.0022956813561997146;0.9911557676611716;0.0022956813561997146;
68;Alphaproteobacteria;class;28211;0;0;249;215;47;5.297872340425532;65;34;0;;0.002459335178787948;248.64714898313494;0.864679128151125;87422;1224;;;;;9.991115387132757;0.0;0.002848253300084647;0.0;3.889181212966988E-4;0.0;4837;0.022930270996243722;682772;0.8607396882522186;1699713;10.3838664094567;9230;0.03923788554242092;742055;4.538076322832716;SRR17281100.1961088;0.48454241907694784;0.2481899150470277;0.4853528626258613;0.24825210909511475;
69;Hyphomicrobiales;order;356;0;0;0;0;0;;0;0;0;;0.0;0.0;;91192;28211;;;;;;0.0;0.0;0.0;0.0;0.0;16;3.9588614097217466E-4;28;3.9639234545727294E-4;64662;0.342981742460285;16;3.9588614097217466E-4;10160;0.0029692905942954443;;0.9246735711127463;0.0607475488448444;0.9246735711127463;0.0607475488448444;
70;Bartonellaceae;family;772;0;0;0;0;0;;0;0;0;;0.0;0.0;;182;356;;;;;;0.0;0.0;0.0;0.0;0.0;16;3.9588614097217466E-4;28;3.9639234545727294E-4;64662;0.342981742460285;16;3.9588614097217466E-4;10160;0.0029692905942954443;;0.9246735711127463;0.0607475488448444;0.9246735711127463;0.0607475488448444;
71;Bartonella;genus;773;0;0;0;0;0;;0;0;0;;0.0;0.0;;37807667;772;;;;;;0.0;0.0;0.0;0.0;0.0;16;3.9588614097217466E-4;28;3.9639234545727294E-4;64662;0.342981742460285;16;3.9588614097217466E-4;10160;0.0029692905942954443;;0.9246735711127463;0.0607475488448444;0.9246735711127463;0.0607475488448444;
72;Bartonella vinsonii;species;33047;1;1;1;1;1;1.0;1;1;438;438.0;7.547636910359736E-7;0.9999999999404585;1.0000000000595415;1324918;773;0.9975490196078431;;0.9975490196078431;;;7.547636910359736E-7;7.547636910359736E-7;3.3058649667375644E-4;7.547636910359736E-7;7.547636910359736E-7;1;7.547636910359736E-7;1;7.547636910359736E-7;438;3.3058649667375644E-4;1;7.547636910359736E-7;1;7.547636910359736E-7;SRR17281100.111809;0.9975490196078431;;0.9975490196078431;;
73;Bartonella bovis;species;155194;1;76;1;1;1;1.0;1;1;619;619.0;6.284316294666563E-7;1.0000000000728333;0.9999999999271667;1591263;773;0.8709677419354839;;0.8709677419354839;;;6.284316294666563E-7;6.284316294666563E-7;3.889991786398603E-4;6.284316294666563E-7;4.776080383946588E-5;1;6.284316294666563E-7;1;6.284316294666563E-7;619;3.889991786398603E-4;1;6.284316294666563E-7;76;4.776080383946588E-5;SRR17281100.434803;0.8709677419354839;;0.8709677419354839;;
74;unclassified Bartonella;no rank;2645622;8;9972;20;10;8;2.5;7;8;58673;7334.125;4.218370709152409E-7;19.999991981883948;0.5000002004529817;23705835;773;0.896144426427957;0.05644585480662564;0.896144426427957;0.05644585480662564;1.8516401995451028;3.3746965673219274E-7;8.436741418304818E-7;0.002475044646180993;3.3746965673219274E-7;4.206559271166782E-4;14;3.94502945651672E-4;26;3.950091501367703E-4;63605;0.3422621567849714;14;3.94502945651672E-4;10083;0.0029207750267649423;SRR17281100.1788881;0.9233043125900438;0.06021281176872304;0.9233043125900438;0.06021281176872304;
75;Bartonella sp. JB15;species;1933906;1;1;1;1;1;1.0;1;1;752;752.0;2.920560747663551E-4;0.9999999999999645;1.0000000000000355;3424;2645622;0.9986149584487535;;0.9986149584487535;;;2.920560747663551E-4;2.920560747663551E-4;0.21962616822429906;2.920560747663551E-4;2.920560747663551E-4;1;2.920560747663551E-4;1;2.920560747663551E-4;752;0.21962616822429906;1;2.920560747663551E-4;1;2.920560747663551E-4;SRR17281100.560768;0.9986149584487535;;0.9986149584487535;;
76;Bartonella sp. HY406;species;2979331;1;16;1;1;1;1.0;1;1;180;180.0;1.0999381834740887E-6;0.9999999999546829;1.000000000045317;909142;2645622;0.8933333333333333;;0.8933333333333333;;;1.0999381834740887E-6;1.0999381834740887E-6;1.9798887302533599E-4;1.0999381834740887E-6;1.759901093558542E-5;1;1.0999381834740887E-6;1;1.0999381834740887E-6;180;1.9798887302533599E-4;1;1.0999381834740887E-6;16;1.759901093558542E-5;SRR17281100.1142053;0.8933333333333333;;0.8933333333333333;;
77;Bartonella sp. AC67GZZY;species;3243459;1;3;1;1;1;1.0;1;1;2333;2333.0;3.511112671605632E-5;1.0000000000000664;0.9999999999999336;28481;2645622;0.998697351280938;;0.998697351280938;;;3.511112671605632E-5;3.511112671605632E-5;0.08191425862855939;3.511112671605632E-5;1.0533338014816895E-4;1;3.511112671605632E-5;1;3.511112671605632E-5;2333;0.08191425862855939;1;3.511112671605632E-5;3;1.0533338014816895E-4;SRR17281100.1838139;0.998697351280938;;0.998697351280938;;
78;Bartonella sp. AD24XZML;species;3243463;1;14;1;1;1;1.0;1;1;349;349.0;1.6187254156077504E-5;1.0000000000005191;0.9999999999994809;61777;2645622;0.9561128526645768;;0.9561128526645768;;;1.6187254156077504E-5;1.6187254156077504E-5;0.005649351700471049;1.6187254156077504E-5;2.2662155818508505E-4;1;1.6187254156077504E-5;1;1.6187254156077504E-5;349;0.005649351700471049;1;1.6187254156077504E-5;14;2.2662155818508505E-4;SRR17281100.282746;0.9561128526645768;;0.9561128526645768;;
79;Bartonella sp. MM55XZML;species;3243552;1;76;1;1;1;1.0;1;1;903;903.0;2.4117306579201234E-5;1.0000000000021112;0.9999999999978888;41464;2645622;0.9129438717067583;;0.9129438717067583;;;2.4117306579201234E-5;2.4117306579201234E-5;0.021777927841018715;2.4117306579201234E-5;0.0018329153000192938;1;2.4117306579201234E-5;1;2.4117306579201234E-5;903;0.021777927841018715;1;2.4117306579201234E-5;76;0.0018329153000192938;SRR17281100.1801472;0.9129438717067583;;0.9129438717067583;;
80;Bartonella sp. PS17NMGDW;species;3243573;1;1;1;1;1;1.0;1;1;415;415.0;2.5593775593775595E-5;0.999999999998856;1.000000000001144;39072;2645622;0.9974025974025974;;0.9974025974025974;;;2.5593775593775595E-5;2.5593775593775595E-5;0.01062141687141687;2.5593775593775595E-5;2.5593775593775595E-5;1;2.5593775593775595E-5;1;2.5593775593775595E-5;415;0.01062141687141687;1;2.5593775593775595E-5;1;2.5593775593775595E-5;SRR17281100.2027790;0.9974025974025974;;0.9974025974025974;;
81;Rickettsiales;order;766;2;267;1989;445;223;8.919282511210762;41;183;593;296.5;0.01096221116421146;1941.0816173209769;0.22925362644677238;40594;28211;0.6356385030864198;0.37165390561323036;0.6356385030864198;0.37165390561323036;10.386353461231218;4.9268364782972854E-5;0.048997388776666505;0.014608070158151451;0.004508055377642016;0.006577326698526876;4821;0.02253438485527155;682495;0.8574950426066766;1635051;10.040884666996416;9180;0.03845308128015205;731895;4.535107032238421;SRR17281100.462925;0.48308170585716514;0.24727727810962455;0.4838948391170894;0.24734470747280593;
82;Rickettsiaceae;family;775;0;0;120;81;21;5.714285714285714;17;17;0;;0.033962264150943396;117.0550618114304;0.6919820360309302;2385;766;;;;;3.716757419348984;0.0;0.050314465408805034;0.0;0.007127882599580713;0.0;4420;0.02129428675046276;572934;0.7801138638893448;1316854;7.498204802257386;8545;0.03225643476036698;616799;3.400485669935728;SRR17281100.247781;0.46334836273456476;0.23559920067149637;0.4642344293155897;0.23575042770737437;
83;Rickettsieae;tribe;33988;10;454;15056;5277;1035;14.546859903381643;209;517;2040;204.0;0.003220117649930435;14987.052870961106;0.352103915655406;1638760;775;0.6485064726929908;0.26391606467812745;0.6485064726929908;0.26391606467812745;17.80640783143709;6.102174815104103E-6;0.009187434401620738;0.001244843662281237;3.1548243794088214E-4;2.770387366057263E-4;4420;0.02129428675046276;572814;0.7297993984805398;1316854;7.498204802257386;8528;0.025128552160786275;616799;3.400485669935728;SRR17281100.1206700;0.46334836273456476;0.23559920067149637;0.4642344293155897;0.23575042770737437;
84;Rickettsia;genus;780;580;58868;264288;212321;9352;28.26005132591959;319;3242;141741;244.38103448275862;0.04837890860868;256487.68166092027;0.8278019381869998;4388710;33988;0.5091470367090797;0.26174390110061385;0.5094914264576867;0.2615012617845425;32.80737042470919;1.3215728539821498E-4;0.06021997352297144;0.032296734120048944;7.387136538982981E-4;0.013413508753141583;4410;0.021288184575647656;557758;0.720611964078919;1314814;7.496959958595105;8011;0.024813069722845395;616345;3.4002086311991224;SRR17281100.720435;0.46292850307479505;0.23539916134116898;0.46381657887709216;0.23555243950601157;
85;spotted fever group;species group;114277;2898;413383;265101;161531;9924;26.713119709794437;289;3509;852786;294.2670807453416;0.051179306110111664;254272.8299566947;0.6352664577946074;3156178;780;0.44437588122820465;0.2297891420512925;0.4449838770831408;0.2298920770619899;29.396085195695523;9.181991636720109E-4;0.08399431210787224;0.2701957874365768;0.0011117877382074142;0.130975819488001;3748;0.020704810610191346;291485;0.6534483468988663;1145255;7.3497677620404085;4468;0.022370801150184038;548352;3.356617373348877;SRR17281100.383601;0.45249242672796475;0.22895449024119102;0.45333149112791055;0.22909993818280508;
86;Rickettsia conorii;species;781;1;168;6;6;1;6.0;6;1;328;328.0;0.003745318352059925;5.990644493477763;1.0015616861478631;1602;114277;0.436241610738255;;0.436241610738255;;;6.242197253433209E-4;0.003745318352059925;0.20474406991260924;6.242197253433209E-4;0.10486891385767791;16;6.838530507733015E-4;121;0.004173358313990943;5256;0.22425244804422623;28;7.487862363033814E-4;1907;0.11149676773252906;SRR17281100.924375;0.5640196283165224;0.1857701246869342;0.5672329924709145;0.18237846618320327;
87;Rickettsia conorii subsp. heilongjiangensis;subspecies;226665;2;239;9;9;4;2.25;5;4;624;312.0;6.126324817741837E-5;8.99975495089892;1.0000272284192644;146907;781;0.5531841768313228;0.12596307469428708;0.5531841768313228;0.12596307469428708;1.8929694486000912;1.3614055150537415E-5;6.126324817741837E-5;0.004247585206967674;2.722811030107483E-5;0.001626879590489221;2;1.3614055150537415E-5;9;6.126324817741837E-5;624;0.004247585206967674;4;2.722811030107483E-5;239;0.001626879590489221;SRR17281100.1131692;0.5531841768313228;0.12596307469428708;0.5531841768313228;0.12596307469428708;
88;Rickettsia conorii str. Malish 7;strain;272944;2;183;15;15;6;2.5;10;6;666;333.0;1.351850683585829E-4;14.999053741398006;1.00006308788663;110959;781;0.6995526753455297;0.0096595076721058;0.6995526753455297;0.0096595076721058;3.6742346141747673;1.8024675781144387E-5;1.351850683585829E-4;0.006002217035121081;5.407402734343316E-5;0.0016492578339747114;2;1.8024675781144387E-5;15;1.351850683585829E-4;666;0.006002217035121081;6;5.407402734343316E-5;183;0.0016492578339747114;SRR17281100.1886474;0.6995526753455297;0.0096595076721058;0.6995526753455297;0.0096595076721058;
89;Rickettsia conorii subsp. raoultii;subspecies;369822;11;1317;91;91;17;5.352941176470588;27;17;3638;330.72727272727275;2.3159164539501644E-4;90.98957916351368;1.0001145278017782;392933;781;0.5529635216338545;0.21143628454108163;0.5576375058584246;0.20721614009445977;7.407269878897591;2.7994594498298693E-5;2.3159164539501644E-4;0.00925857588952824;4.326437331555253E-5;0.003351716450387216;11;2.7994594498298693E-5;91;2.3159164539501644E-4;3638;0.00925857588952824;17;4.326437331555253E-5;1317;0.003351716450387216;SRR17281100.895856;0.5529635216338545;0.21143628454108163;0.5576375058584246;0.20721614009445977;
90;Rickettsia rickettsii;species;783;4;390;45;45;4;11.25;26;4;912;228.0;3.8386406094055223E-4;44.99155602336906;1.000187679141983;117229;114277;0.5209787178482831;0.20908776861201667;0.5209787178482831;0.20908776861201667;11.98262631201246;3.412124986138242E-5;3.8386406094055223E-4;0.007779644968395193;3.412124986138242E-5;0.003326821861484786;4;3.412124986138242E-5;45;3.8386406094055223E-4;912;0.007779644968395193;4;3.412124986138242E-5;390;0.003326821861484786;SRR17281100.1551362;0.5209787178482831;0.20908776861201667;0.5209787178482831;0.20908776861201667;
91;Rickettsia akari;species;786;0;0;0;0;0;;0;0;0;;;0.0;;0;114277;;;;;;;;;;;12;1.9092501579108986E-5;31;4.9322295746031546E-5;4070;0.006475540118914464;16;2.5456668772145313E-5;1733;0.002757275436382989;;0.49770084904545936;0.21820626135817858;0.49831865700622147;0.21878268274043813;
92;Rickettsia akari str. Hartford;strain;293614;12;1733;31;31;16;1.9375;6;16;4070;339.1666666666667;4.9322295746031546E-5;30.99926017792406;1.0000238657978189;628519;786;0.49770084904545936;0.21820626135817858;0.49831865700622147;0.21878268274043813;1.2893796958227628;1.9092501579108986E-5;4.9322295746031546E-5;0.006475540118914464;2.5456668772145313E-5;0.002757275436382989;12;1.9092501579108986E-5;31;4.9322295746031546E-5;4070;0.006475540118914464;16;2.5456668772145313E-5;1733;0.002757275436382989;SRR17281100.1801473;0.49770084904545936;0.21820626135817858;0.49831865700622147;0.21878268274043813;
93;Rickettsia australis;species;787;8;857;24;18;9;2.6666666666666665;7;9;2234;279.25;3.588087549336204E-5;23.99944983423455;0.750017193074297;501660;114277;0.6128189007338974;0.2646645415763578;0.6128189007338974;0.2646645415763578;2.345207879911715;1.594705577482757E-5;4.784116732448272E-5;0.0044532153251206;1.794043774668102E-5;0.0017083283498784037;9;5.70886012489589E-4;26;0.0011577190807540055;2564;0.18758307104099187;11;0.0011278183511762038;1063;0.11602575343311924;SRR17281100.1248193;0.5795427265782792;0.26694032763852116;0.5795427265782792;0.26694032763852116;
94;Rickettsia australis str. Phillips;strain;1196662;1;206;2;1;2;1.0;1;2;330;330.0;5.549389567147614E-4;1.999445061043264;0.5001387732445238;1802;787;0.31333333333333335;;0.31333333333333335;;0.0;5.549389567147614E-4;0.0011098779134295228;0.18312985571587126;0.0011098779134295228;0.11431742508324085;1;5.549389567147614E-4;2;0.0011098779134295228;330;0.18312985571587126;2;0.0011098779134295228;206;0.11431742508324085;SRR17281100.1085516;0.31333333333333335;;0.31333333333333335;;
95;Rickettsia amblyommatis;species;33989;16;2762;91;89;22;4.136363636363637;19;22;6048;378.0;1.810333955762761E-4;90.9916709341611;0.9781115028033476;491622;114277;0.4846185661779097;0.20869200333517945;0.4881772211228219;0.20937187634701532;5.017070427151254;3.2545329541802444E-5;1.851015617690014E-4;0.012302134566801322;4.4749828119978354E-5;0.005618137512153646;41;0.001990872135119117;282;0.015146718356379686;14046;0.6388100462070958;48;0.0020814097059203853;4824;0.16714093243617056;SRR17281100.2125559;0.6204847419609525;0.2363655364098245;0.621873485354089;0.2357785853277147;
96;Rickettsia amblyommatis str. Darkwater;strain;1359166;25;2062;191;157;27;7.074074074074074;27;26;7998;319.92;0.012298292339025537;189.58563501205177;0.8281218141343867;12766;33989;0.7074390944621;0.21380296802084298;0.7074390944621;0.21380296802084298;6.32410483739019;0.0019583268055773147;0.014961616794610685;0.6265079116402945;0.002036659877800407;0.16152279492401692;25;0.0019583268055773147;191;0.014961616794610685;7998;0.6265079116402945;26;0.002036659877800407;2062;0.16152279492401692;SRR17281100.224878;0.7074390944621;0.21380296802084298;0.7074390944621;0.21380296802084298;
97;Rickettsia montanensis;species;33991;0;0;0;0;0;;0;0;0;;;0.0;;0;114277;;;;;;;;;;;12;4.644250417982538E-5;23;8.901479967799864E-5;3810;0.014745495077094557;12;4.644250417982538E-5;1359;0.0052596135983652235;;0.6160554187812289;0.2520963383683312;0.6172405561645872;0.25170723525936245;
98;Rickettsia montanensis str. OSU 85-930;strain;1105114;12;1359;23;23;12;1.9166666666666667;4;12;3810;317.5;8.901479967799864E-5;22.99902086367108;1.0000425729571152;258384;33991;0.6160554187812289;0.2520963383683312;0.6172405561645872;0.25170723525936245;0.9003366373785199;4.644250417982538E-5;8.901479967799864E-5;0.014745495077094557;4.644250417982538E-5;0.0052596135983652235;12;4.644250417982538E-5;23;8.901479967799864E-5;3810;0.014745495077094557;12;4.644250417982538E-5;1359;0.0052596135983652235;SRR17281100.687473;0.6160554187812289;0.2520963383683312;0.6172405561645872;0.25170723525936245;
99;Rickettsia rhipicephali;species;33992;16;2620;74;68;20;3.7;22;20;5161;322.5625;1.8248420035691762E-4;73.99275208701843;0.9190089310373168;372635;114277;0.4453333337211284;0.1552508787016039;0.4461992217353591;0.15470019157334233;4.96408151254166;4.293745890751003E-5;1.985857474472339E-4;0.013850014088853705;5.3671823634387534E-5;0.007031008896104768;19;9.387729895641227E-5;78;2.6650553417910356E-4;6325;0.03361467202782777;23;1.0461166368328978E-4;2962;0.012838150661679624;SRR17281100.1031879;0.49240538933155237;0.1973102541291765;0.4931345581856414;0.19676570471910992;
100;Rickettsia rhipicephali str. 3-7-female6-CWPP;strain;1105113;3;342;4;4;3;1.3333333333333333;2;3;1164;388.0;6.791978673186966E-5;3.999898121460438;1.0000254702836093;58893;33992;0.7434563525871475;0.2394674421420593;0.7434563525871475;0.2394674421420593;0.5773502691896258;5.093984004890225E-5;6.791978673186966E-5;0.01976465793897407;5.093984004890225E-5;0.005807141765574856;3;5.093984004890225E-5;4;6.791978673186966E-5;1164;0.01976465793897407;3;5.093984004890225E-5;342;0.005807141765574856;SRR17281100.67476;0.7434563525871475;0.2394674421420593;0.7434563525871475;0.2394674421420593;
101;Rickettsia africae;species;35788;0;0;0;0;0;;0;0;0;;;0.0;;0;114277;;;;;;;;;;;5;3.828220107343292E-5;16;1.2250304343498533E-4;1351;0.010343850730041574;6;4.5938641288119504E-5;672;0.005145127824269384;;0.35243733204520883;0.2668959057488438;0.35243733204520883;0.2668959057488438;
102;Rickettsia africae ESF-5;strain;347255;5;672;16;16;6;2.6666666666666665;7;6;1351;270.2;1.2250304343498533E-4;15.999081260078313;1.0000574245424942;130609;35788;0.35243733204520883;0.2668959057488438;0.35243733204520883;0.2668959057488438;2.250925735484551;3.828220107343292E-5;1.2250304343498533E-4;0.010343850730041574;4.5938641288119504E-5;0.005145127824269384;5;3.828220107343292E-5;16;1.2250304343498533E-4;1351;0.010343850730041574;6;4.5938641288119504E-5;672;0.005145127824269384;SRR17281100.1399311;0.35243733204520883;0.2668959057488438;0.35243733204520883;0.2668959057488438;
103;Rickettsia helvetica;species;35789;7;1228;19;19;10;1.9;6;10;2470;352.85714285714283;7.185375114398736E-5;18.99935332981543;1.0000340364313112;264426;114277;0.43681258712215676;0.10798358622962753;0.4372548692981851;0.1074249708244983;1.5238839267549946;2.647243463199534E-5;7.185375114398736E-5;0.009340987648718355;3.781776375999335E-5;0.004644021389727183;9;0.0010259726845070578;31;0.006068855250394362;3701;0.6245333914468193;12;0.0010373180136350557;1785;0.2830048409799321;SRR17281100.788596;0.4529002242487792;0.11574363921707752;0.4532442214968011;0.11529929930350173;
104;Rickettsia helvetica C9P9;strain;1144888;2;557;12;12;2;6.0;10;2;1231;615.5;0.005997001499250375;11.967071375062293;1.0027516026190273;2001;35789;0.5092069541919575;0.17046234373498131;0.5092069541919575;0.17046234373498131;5.656854249492381;9.995002498750624E-4;0.005997001499250375;0.6151924037981009;9.995002498750624E-4;0.2783608195902049;2;9.995002498750624E-4;12;0.005997001499250375;1231;0.6151924037981009;2;9.995002498750624E-4;557;0.2783608195902049;SRR17281100.134447;0.5092069541919575;0.17046234373498131;0.5092069541919575;0.17046234373498131;
105;Rickettsia japonica;species;35790;3;370;7;5;4;1.75;2;4;659;219.66666666666666;5.645507305286453E-5;6.999762893184352;0.7143099096782957;88566;114277;0.3021571021571021;0.2123538537939525;0.3021571021571021;0.2123538537939525;0.5;3.387304383171872E-5;7.903710227401034E-5;0.007440778628367545;4.5164058442291625E-5;0.0041776754059119755;6;0.0010412605522266145;27;0.006794953824906649;1838;0.4033440694275616;7;0.0010525515668371875;642;0.09551414283371587;SRR17281100.77290;0.534715234020587;0.3137205215712233;0.535107390883332;0.31374580104324373;
106;Rickettsia japonica YH;strain;652620;3;272;20;20;3;6.666666666666667;16;3;1179;393.0;0.006715916722632639;19.936327152963024;1.0031938103015887;2978;35790;0.7672733658840718;0.19674196509300076;0.7680576796095618;0.19544666512023667;8.144527815247077;0.0010073875083948958;0.006715916722632639;0.39590329079919406;0.0010073875083948958;0.0913364674278039;3;0.0010073875083948958;20;0.006715916722632639;1179;0.39590329079919406;3;0.0010073875083948958;272;0.0913364674278039;SRR17281100.1002303;0.7672733658840718;0.19674196509300076;0.7680576796095618;0.19544666512023667;
107;Rickettsia massiliae;species;35791;0;0;0;0;0;;0;0;0;;0.0;0.0;;1397;114277;;;;;;0.0;0.0;0.0;0.0;0.0;4;3.125634894587963E-5;52;4.0633253629643524E-4;1571;0.012275931048494225;6;4.688452341881945E-5;896;0.007001422163877037;;0.3503581032558096;0.2376576200062241;0.3509136588113652;0.23871302018270973;
108;Rickettsia massiliae MTU5;strain;416276;4;896;52;52;6;8.666666666666666;17;6;1571;392.75;4.0633253629643524E-4;51.98963986975163;1.0001992729758145;127974;35791;0.3503581032558096;0.2376576200062241;0.3509136588113652;0.23871302018270973;8.066391179868893;3.125634894587963E-5;4.0633253629643524E-4;0.012275931048494225;4.688452341881945E-5;0.007001422163877037;4;3.125634894587963E-5;52;4.0633253629643524E-4;1571;0.012275931048494225;6;4.688452341881945E-5;896;0.007001422163877037;SRR17281100.1244435;0.3503581032558096;0.2376576200062241;0.3509136588113652;0.23871302018270973;
109;Rickettsia parkeri;species;35792;3;332;6;6;4;1.5;2;4;807;269.0;3.1432702583768155E-5;5.999921418862247;1.000013097027822;190884;114277;0.5420986094535304;0.23454775677216813;0.5420986094535304;0.23454775677216813;0.5773502691896257;1.5716351291884078E-5;3.1432702583768155E-5;0.004227698497516816;2.0955135055845436E-5;0.001739276209635171;4;0.0011062288921861044;7;0.0011219452434779885;1196;0.4284370769053685;5;0.0011114676759500658;546;0.23510895996099831;SRR17281100.47734;0.5075488874522648;0.20359232131729083;0.5075488874522648;0.20359232131729083;
110;Rickettsia parkeri str. Grand Bay;strain;1359203;1;214;1;1;1;1.0;1;1;389;389.0;0.0010905125408942203;0.9999999999999871;1.0000000000000129;917;35792;0.403899721448468;;0.403899721448468;;;0.0010905125408942203;0.0010905125408942203;0.42420937840785167;0.0010905125408942203;0.23336968375136313;1;0.0010905125408942203;1;0.0010905125408942203;389;0.42420937840785167;1;0.0010905125408942203;214;0.23336968375136313;SRR17281100.379363;0.403899721448468;;0.403899721448468;;
111;Rickettsia slovaca;species;35794;2;308;2;2;2;1.0;1;2;666;333.0;2.915834438920558E-5;1.9999854208250722;1.0000072896406023;68591;114277;0.49676996944565693;0.16549570321790777;0.49676996944565693;0.16549570321790777;0.0;2.915834438920558E-5;2.915834438920558E-5;0.009709728681605459;2.915834438920558E-5;0.0044903850359376595;2;2.915834438920558E-5;2;2.915834438920558E-5;666;0.009709728681605459;2;2.915834438920558E-5;308;0.0044903850359376595;SRR17281100.1327209;0.49676996944565693;0.16549570321790777;0.49676996944565693;0.16549570321790777;
112;Rickettsia honei;species;37816;0;0;0;0;0;;0;0;0;;;0.0;;0;114277;;;;;;;;;;;2;1.2321188748290436E-5;2;1.2321188748290436E-5;781;0.004811424206207415;2;1.2321188748290436E-5;352;0.0021685292196991167;;0.5214108002934515;0.08314724088048903;0.522579024592517;0.08149512223285606;
113;Rickettsia honei RB;strain;1175313;2;352;2;2;2;1.0;1;2;781;390.5;1.2321188748290436E-5;1.9999938394131127;1.0000030803029318;162322;37816;0.5214108002934515;0.08314724088048903;0.522579024592517;0.08149512223285606;0.0;1.2321188748290436E-5;1.2321188748290436E-5;0.004811424206207415;1.2321188748290436E-5;0.0021685292196991167;2;1.2321188748290436E-5;2;1.2321188748290436E-5;781;0.004811424206207415;2;1.2321188748290436E-5;352;0.0021685292196991167;SRR17281100.618829;0.5214108002934515;0.08314724088048903;0.522579024592517;0.08149512223285606;
114;Rickettsia felis;species;42862;11;1591;99;77;20;4.95;16;20;3654;332.1818181818182;1.4509330253084174E-4;98.99085967704096;0.7778495939040591;530693;114277;0.5575745623838484;0.16534519171300271;0.5580531351515778;0.16501645263317527;5.14500268528394;2.0727614647263106E-5;1.8654853182536795E-4;0.006885336720099945;3.7686572085932925E-5;0.002997966809435964;18;1.7228213097184958E-4;172;0.0017670456306389127;5762;0.0525248967789897;27;1.892410884105194E-4;2809;0.02936845264991401;SRR17281100.1085516;0.4773536947819117;0.17508054705217344;0.4778253673872804;0.17484211884109221;
115;Rickettsia felis str. LSU;strain;1359195;7;1218;73;73;7;10.428571428571429;24;7;2108;301.14285714285717;0.0015804970988135447;72.9431312477802;1.0007796313545496;46188;42862;0.35129233140743976;0.10462990816022992;0.3517531609005274;0.10433989632767694;9.727232269204206;1.5155451632458647E-4;0.0015804970988135447;0.04563956005888976;1.5155451632458647E-4;0.026370485840478047;7;1.5155451632458647E-4;73;0.0015804970988135447;2108;0.04563956005888976;7;1.5155451632458647E-4;1218;0.026370485840478047;SRR17281100.4058;0.35129233140743976;0.10462990816022992;0.3517531609005274;0.10433989632767694;
116;Rickettsia peacockii;species;47589;0;0;0;0;0;;0;0;0;;;0.0;;0;114277;;;;;;;;;;;1;8.524640473288039E-6;2;1.7049280946576078E-5;326;0.0027790327942919008;2;1.7049280946576078E-5;216;0.0018413223422302164;;0.2702702702702703;;0.2702702702702703;;
117;Rickettsia peacockii str. Rustic;strain;562019;1;216;2;2;2;1.0;1;2;326;326.0;1.7049280946576078E-5;1.9999914753563117;1.0000042623400116;117307;47589;0.2702702702702703;;0.2702702702702703;;0.0;8.524640473288039E-6;1.7049280946576078E-5;0.0027790327942919008;1.7049280946576078E-5;0.0018413223422302164;1;8.524640473288039E-6;2;1.7049280946576078E-5;326;0.0027790327942919008;2;1.7049280946576078E-5;216;0.0018413223422302164;SRR17281100.138803;0.2702702702702703;;0.2702702702702703;;
118;Rickettsia monacensis;species;109232;18;2402;215;215;27;7.962962962962963;30;26;5196;288.6666666666667;0.0015344428901767108;214.83589777662036;1.0007638491754776;140116;114277;0.46440657649462147;0.19588348229739294;0.4654316432004549;0.19621570755146256;9.242383481637862;1.2846498615432927E-4;0.0015344428901767108;0.037083559336549714;1.855605355562534E-4;0.017142938707927716;18;1.2846498615432927E-4;215;0.0015344428901767108;5196;0.037083559336549714;26;1.855605355562534E-4;2402;0.017142938707927716;SRR17281100.2067266;0.46440657649462147;0.19588348229739294;0.4654316432004549;0.19621570755146256;
119;Rickettsia asiatica;species;238800;11;1629;21;21;12;1.75;6;12;3691;335.54545454545456;9.111340581910952E-5;20.99908889075571;1.00004338803693;230482;114277;0.4766282389740754;0.22098238553174368;0.4769012392470758;0.22056875761893321;1.4847711791873706;4.772606971477165E-5;9.111340581910952E-5;0.016014265756111108;5.206480332520544E-5;0.0070677970513966385;11;4.772606971477165E-5;21;9.111340581910952E-5;3691;0.016014265756111108;12;5.206480332520544E-5;1629;0.0070677970513966385;SRR17281100.1283919;0.4766282389740754;0.22098238553174368;0.4769012392470758;0.22056875761893321;
120;Rickettsia sibirica subgroup;;266068;0;0;0;0;0;;0;0;0;;;0.0;;0;114277;;;;;;;;;;;5;7.024795697457947E-4;23;0.008138094482092748;1537;0.16746148238649866;7;7.287635417796485E-4;634;0.09383001310785645;;0.5177765148671332;0.1375889396494674;0.5183336179312;0.13721508308431124;
121;Rickettsia sibirica;species;35793;4;500;7;7;4;1.75;4;4;1303;325.75;5.8770685182231104E-5;6.999823690457421;1.0000251877119162;119107;266068;0.5614363298584263;0.11195129350746023;0.5621327086885098;0.11097253275773031;1.5;3.358324867556063E-5;5.8770685182231104E-5;0.010939743256063875;3.358324867556063E-5;0.004197906084445079;5;7.024795697457947E-4;23;0.008138094482092748;1537;0.16746148238649866;7;7.287635417796485E-4;634;0.09383001310785645;SRR17281100.852859;0.5177765148671332;0.1375889396494674;0.5183336179312;0.13721508308431124;
122;Rickettsia sibirica subsp. mongolitimonae;subspecies;45261;0;0;0;0;0;;0;0;0;;;0.0;;0;35793;;;;;;;;;;;0;0.0;4;5.256794406770751E-5;0;0.0;2;2.6283972033853757E-5;0;0.0;;;;;;
123;Rickettsia sibirica subsp. mongolitimonae HA-91;strain;1144280;0;0;4;4;2;2.0;2;2;0;;5.256794406770751E-5;3.999921148755215;1.0000197131997988;76092;45261;;;;;0.0;0.0;5.256794406770751E-5;0.0;2.6283972033853757E-5;0.0;0;0.0;4;5.256794406770751E-5;0;0.0;2;2.6283972033853757E-5;0;0.0;SRR17281100.41372;;;;;
124;Rickettsia sibirica subsp. sibirica;subspecies;1144281;0;0;0;0;0;;0;0;0;;;0.0;;0;35793;;;;;;;;;;;1;6.688963210702341E-4;12;0.008026755852842809;234;0.1565217391304348;1;6.688963210702341E-4;134;0.08963210702341137;;0.3431372549019608;;0.3431372549019608;;
125;Rickettsia sibirica subsp. sibirica BJ-90;strain;1130827;1;134;12;12;1;12.0;12;1;234;234.0;0.008026755852842809;11.95595112772837;1.003684263326359;1495;1144281;0.3431372549019608;;0.3431372549019608;;;6.688963210702341E-4;0.008026755852842809;0.1565217391304348;6.688963210702341E-4;0.08963210702341137;1;6.688963210702341E-4;12;0.008026755852842809;234;0.1565217391304348;1;6.688963210702341E-4;134;0.08963210702341137;SRR17281100.851391;0.3431372549019608;;0.3431372549019608;;
126;Rickettsia tamurae;species;334545;28;3635;194;172;41;4.7317073170731705;23;38;8612;307.57142857142856;6.60076139015105E-4;193.9281729582344;0.8869263159460746;260576;114277;0.5019872192602767;0.23008159761645045;0.5025616736538285;0.23036819095203373;5.459049323114339;1.0745425518850546E-4;7.445044823775022E-4;0.03304985877440746;1.45830774898686E-4;0.01394986491465062;230;0.005461709828120358;7360;0.19068804624292035;73887;1.7632430890869157;252;0.00581816093632154;36214;0.8774958664520112;SRR17281100.132088;0.4376747143150073;0.22611911580959;0.4399861616764705;0.22592684844100203;
127;Rickettsia tamurae subsp. buchneri;subspecies;1462938;202;32579;7166;5896;343;20.892128279883384;164;214;65275;323.14356435643566;0.1562806478119119;6526.629824527136;0.903375885950016;37727;334545;0.4287601096691284;0.22468949651304246;0.4313123283330743;0.22450741949041125;24.709955421229896;0.005354255572931853;0.18994354176054284;1.7301932303125083;0.005672330161422854;0.8635460015373605;202;0.005354255572931853;7166;0.18994354176054284;65275;1.7301932303125083;214;0.005672330161422854;32579;0.8635460015373605;SRR17281100.1289770;0.4287601096691284;0.22468949651304246;0.4313123283330743;0.22450741949041125;
128;Rickettsia gravesii;species;354585;0;0;0;0;0;;0;0;0;;;0.0;;0;114277;;;;;;;;;;;12;3.9145199330617095E-5;42;1.3700819765715983E-4;5368;0.017510952500562713;14;4.5669399219053275E-5;2213;0.007219027176554635;;0.49439801831091273;0.20477919762223717;0.4977763966892912;0.20786645616265054;
129;Rickettsia gravesii BWI-1;strain;1397702;12;2213;42;42;15;2.8;12;14;5368;447.3333333333333;1.3700819765715983E-4;41.99719145347591;1.0000668746272523;306551;354585;0.49439801831091273;0.20477919762223717;0.4977763966892912;0.20786645616265054;3.2115861679683633;3.9145199330617095E-5;1.3700819765715983E-4;0.017510952500562713;4.5669399219053275E-5;0.007219027176554635;12;3.9145199330617095E-5;42;1.3700819765715983E-4;5368;0.017510952500562713;14;4.5669399219053275E-5;2213;0.007219027176554635;SRR17281100.127781;0.49439801831091273;0.20477919762223717;0.4977763966892912;0.20786645616265054;
130;Rickettsia hoogstraalii;species;467174;19;2235;117;117;22;5.318181818181818;26;22;5598;294.63157894736844;2.0344111075368845E-4;116.98820120255716;1.0001008545932115;575105;114277;0.5528930285620387;0.21673786733128023;0.5555524464499421;0.21591234319153388;6.454133881152773;3.303744533606906E-5;2.0344111075368845E-4;0.009733874683753401;3.8253884073343125E-5;0.003886246859269177;19;3.303744533606906E-5;117;2.0344111075368845E-4;5598;0.009733874683753401;22;3.8253884073343125E-5;2235;0.003886246859269177;SRR17281100.1249119;0.5528930285620387;0.21673786733128023;0.5555524464499421;0.21591234319153388;
131;Rickettsia asembonensis;species;1068590;14;1917;55;55;20;2.75;11;19;4469;319.2142857142857;1.1284898548762046E-4;54.9969531871837;1.000055399665613;487377;114277;0.5090488527089566;0.16768737637925382;0.5109743027731003;0.16815659224839066;2.593006789525688;2.8725196305939755E-5;1.1284898548762046E-4;0.009169493020803197;3.8984194986632524E-5;0.003933300094177608;14;2.8725196305939755E-5;55;1.1284898548762046E-4;4469;0.009169493020803197;19;3.8984194986632524E-5;1917;0.003933300094177608;SRR17281100.2198418;0.5090488527089566;0.16768737637925382;0.5109743027731003;0.16815659224839066;
132;Rickettsia fournieri;species;1436798;6;1059;31;31;8;3.875;13;8;1921;320.1666666666667;2.846099466585874E-4;30.995731229527244;1.0001377212378422;108921;114277;0.3937062951445651;0.21431196439027678;0.3937062951445651;0.21431196439027678;4.323936698360485;5.5085796127468534E-5;2.846099466585874E-4;0.017636635726811175;7.344772816995804E-5;0.009722643016498196;6;5.5085796127468534E-5;31;2.846099466585874E-4;1921;0.017636635726811175;8;7.344772816995804E-5;1059;0.009722643016498196;SRR17281100.635837;0.3937062951445651;0.21431196439027678;0.3937062951445651;0.21431196439027678;
133;Rickettsia argasii;species;1441385;0;0;0;0;0;;0;0;0;;;0.0;;0;114277;;;;;;;;;;;5;3.4178452536382963E-5;35;2.3924916775468075E-4;1236;0.008448913466993868;10;6.835690507276593E-5;543;0.0037117799454511897;;0.4968034323229583;0.14221699357095893;0.4974465191396785;0.14144966113227672;
134;Rickettsia argasii T170-B;strain;1268837;5;543;35;33;10;3.5;15;10;1236;247.2;2.2557778674012755E-4;34.99593307008202;0.9429667137011318;146291;1441385;0.4968034323229583;0.14221699357095893;0.4974465191396785;0.14144966113227672;4.222953153106642;3.4178452536382963E-5;2.3924916775468075E-4;0.008448913466993868;6.835690507276593E-5;0.0037117799454511897;5;3.4178452536382963E-5;35;2.3924916775468075E-4;1236;0.008448913466993868;10;6.835690507276593E-5;543;0.0037117799454511897;SRR17281100.1886846;0.4968034323229583;0.14221699357095893;0.4974465191396785;0.14144966113227672;
135;Rickettsia koreansis;species;2358204;6;1145;8;8;6;1.3333333333333333;2;6;2304;384.0;5.079074846516707E-5;7.9998222345887156;1.00002222117018;157509;114277;0.4815028645124198;0.2720689432063875;0.4819557630631444;0.2713037054380568;0.5163977794943223;3.80930613488753E-5;5.079074846516707E-5;0.014627735557968116;3.80930613488753E-5;0.007269425874077037;6;3.80930613488753E-5;8;5.079074846516707E-5;2304;0.014627735557968116;6;3.80930613488753E-5;1145;0.007269425874077037;SRR17281100.184864;0.4815028645124198;0.2720689432063875;0.4819557630631444;0.2713037054380568;
136;unclassified spotted fever group;no rank;2750824;0;0;0;0;0;;0;0;0;;;0.0;;0;114277;;;;;;;;;;;334;0.006263577666805237;17459;0.3301714523348338;125063;2.341202113379883;343;0.006405320703303878;58977;1.1051133461654974;;0.47393880580677517;0.22382172032026273;0.47554988340668675;0.22465049044492105;
137;Rickettsia endosymbiont of Ixodes scapularis;species;444612;330;58208;17443;9110;760;22.951315789473686;295;337;123276;373.56363636363636;0.17240074183414708;14856.445813447122;0.6132018461477643;52842;2750824;0.47330015156607913;0.2246488133014312;0.4749250398264357;0.22548544073339122;28.692527447686544;0.006245032360622232;0.3300972711101018;2.3329169978426254;0.00637750274402937;1.1015480110518148;330;0.006245032360622232;17443;0.3300972711101018;123276;2.3329169978426254;337;0.00637750274402937;58208;1.1015480110518148;SRR17281100.464046;0.47330015156607913;0.2246488133014312;0.4749250398264357;0.22548544073339122;
138;Rickettsia sp. Tenjiku01;species;1736693;4;769;16;16;6;2.6666666666666665;10;6;1787;446.75;7.418122473202032E-5;15.999443653001407;1.0000347728965244;215688;2750824;0.5266277806641964;0.14956671893585458;0.5270994787774039;0.1499570563457114;3.614784456460256;1.854530618300508E-5;7.418122473202032E-5;0.00828511553725752;2.781795927450762E-5;0.003565335113682727;4;1.854530618300508E-5;16;7.418122473202032E-5;1787;0.00828511553725752;6;2.781795927450762E-5;769;0.003565335113682727;SRR17281100.777610;0.5266277806641964;0.14956671893585458;0.5270994787774039;0.1499570563457114;
139;Rickettsia tillamookensis;species;2761623;11;1732;28;28;12;2.3333333333333335;6;12;3380;307.27272727272725;5.1376900945334976E-5;27.999306422974648;1.0000247712216466;544992;114277;0.48802904422144755;0.23609969344588377;0.48802904422144755;0.23609969344588377;1.6143297699232975;2.0183782514238743E-5;5.1376900945334976E-5;0.0062019258998297225;2.201867183371499E-5;0.0031780283013328635;11;2.0183782514238743E-5;28;5.1376900945334976E-5;3380;0.0062019258998297225;12;2.201867183371499E-5;1732;0.0031780283013328635;SRR17281100.251480;0.48802904422144755;0.23609969344588377;0.48802904422144755;0.23609969344588377;
140;Candidatus Rickettsia kedanie;species;3115352;15;1805;73;73;17;4.294117647058823;18;17;4644;309.6;1.448935925274603E-4;72.9947840759383;1.0000714561201562;503818;114277;0.5638975601570008;0.23951892720539122;0.5640689397628277;0.23949943664900983;5.181272839302531;2.9772655998793215E-5;1.448935925274603E-4;0.00921761429722638;3.374234346529898E-5;0.0035826429385214503;15;2.9772655998793215E-5;73;1.448935925274603E-4;4644;0.00921761429722638;17;3.374234346529898E-5;1805;0.0035826429385214503;SRR17281100.1138250;0.5638975601570008;0.23951892720539122;0.5640689397628277;0.23949943664900983;
141;typhus group;species group;114292;1;23;3;3;2;1.5;2;2;94;94.0;2.0922106995655175E-5;2.9999790779289985;1.0000069740723045;143389;780;0.640625;;0.640625;;0.7071067811865476;6.974035665218392E-6;2.0922106995655175E-5;6.555593525305289E-4;1.3948071330436784E-5;1.60402820300023E-4;11;1.841393900128759E-5;56;3.0539948640798706E-4;2840;0.0037956305471289298;22;2.6066176736734933E-4;1163;0.0014649118716036406;SRR17281100.1551488;0.5295237763686734;0.1853812923066629;0.5307691063811267;0.18378511605845402;
142;Rickettsia prowazekii;species;782;8;900;41;41;15;2.7333333333333334;10;15;2241;280.125;4.665755516686904E-5;40.999066860742865;1.0000227600120828;878743;114292;0.5188033957368481;0.18632566655370397;0.5188033957368481;0.18632566655370397;2.914659173083209;9.103913203291519E-6;4.665755516686904E-5;0.002550233686072037;1.70698372561716E-5;0.001024190235370296;8;9.103913203291519E-6;42;2.7162943368205463E-4;2241;0.002550233686072037;16;2.420417157713572E-4;900;0.001024190235370296;SRR17281100.1786961;0.5188033957368481;0.18632566655370397;0.5188033957368481;0.18632566655370397;
143;Rickettsia prowazekii str. Breinl;strain;1290428;0;0;1;1;1;1.0;1;1;0;;2.249718785151856E-4;1.0000000000001674;0.9999999999998326;4445;782;;;;;;0.0;2.249718785151856E-4;0.0;2.249718785151856E-4;0.0;0;0.0;1;2.249718785151856E-4;0;0.0;1;2.249718785151856E-4;0;0.0;SRR17281100.1883887;;;;;
144;Rickettsia typhi;species;785;2;240;11;11;4;2.75;8;4;505;252.5;1.2847945730277235E-5;10.999935760997708;1.000005839943404;856168;114292;0.5168546870803116;0.29505516641775476;0.5237040021488047;0.2853687721549255;3.5;2.335990132777679E-6;1.2847945730277235E-5;5.89837508526364E-4;4.671980265555358E-6;2.803188159333215E-4;2;2.335990132777679E-6;11;1.2847945730277235E-5;505;5.89837508526364E-4;4;4.671980265555358E-6;240;2.803188159333215E-4;SRR17281100.2115636;0.5168546870803116;0.29505516641775476;0.5237040021488047;0.2853687721549255;
145;unclassified Rickettsia;no rank;114295;17;2871;662;374;75;8.826666666666666;34;50;7556;444.47058823529414;9.152359375466489E-5;661.9464613160652;0.5650003767017995;4086378;780;0.5453416146373177;0.24193837917693797;0.5529906298735838;0.2383323076271071;9.272705272090938;4.160163352484768E-6;1.620016552555833E-4;0.001849070252433818;1.223577456613167E-5;7.025781755872804E-4;53;3.9258806036348193E-4;1402;0.005213469414064666;19507;0.09839616132582149;205;0.0011585930117073498;6389;0.024295837666156495;SRR17281100.1332695;0.6165416082620803;0.24617307313185252;0.6240806367371787;0.24589679618061733;
146;Rickettsia sp.;species;789;7;378;94;84;27;3.4814814814814814;17;26;1641;234.42857142857142;1.6275253283629226E-4;93.99153155645644;0.8936975343310054;516121;114295;0.7675583923522131;0.19937554190600343;0.7798736632881736;0.20463776765748393;4.2459969416486905;1.3562711069691021E-5;1.821278343644223E-4;0.003179486980766138;5.037578397313808E-5;7.323863977633151E-4;7;1.3562711069691021E-5;94;1.821278343644223E-4;1641;0.003179486980766138;26;5.037578397313808E-5;378;7.323863977633151E-4;SRR17281100.681288;0.7675583923522131;0.19937554190600343;0.7798736632881736;0.20463776765748393;
147;Rickettsia endosymbiont of Ixodes pacificus;species;1133329;5;624;266;244;33;8.06060606060606;30;32;2916;583.2;0.0013162153414607832;265.8099672269888;0.9179490240546015;185380;114295;0.7183209773198078;0.19076310833229346;0.7353980422642759;0.17811086956590064;8.838620487452333;2.6971625849606216E-5;0.0014348904951990507;0.015729852195490345;1.7261840543747977E-4;0.0033660589060308557;5;2.6971625849606216E-5;266;0.0014348904951990507;2916;0.015729852195490345;32;1.7261840543747977E-4;624;0.0033660589060308557;SRR17281100.631305;0.7183209773198078;0.19076310833229346;0.7353980422642759;0.17811086956590064;
148;Rickettsia sp. MEAM1 (Bemisia tabaci);species;1182263;5;251;44;21;11;4.0;9;11;1075;215.0;0.0013269303677492733;43.940277790284554;0.47792142098480817;15826;114295;0.6562833705081912;0.26353832602804783;0.6640605822589128;0.2677854419324503;3.492849839314596;3.159358018450651E-4;0.0027802350562365725;0.067926197396689;6.950587640591431E-4;0.015859977252622268;5;3.159358018450651E-4;44;0.0027802350562365725;1075;0.067926197396689;11;6.950587640591431E-4;251;0.015859977252622268;SRR17281100.1210921;0.6562833705081912;0.26353832602804783;0.6640605822589128;0.2677854419324503;
149;Rickettsia endosymbiont of Proechinophthirus fluctus;species;1462733;1;50;2;2;2;1.0;1;2;258;258.0;8.721171078852468E-6;1.999995639423099;1.0000021802932042;229327;114295;0.7807017543859649;;0.7807017543859649;;0.0;4.360585539426234E-6;8.721171078852468E-6;0.0011250310691719684;8.721171078852468E-6;2.180292769713117E-4;1;4.360585539426234E-6;2;8.721171078852468E-6;258;0.0011250310691719684;2;8.721171078852468E-6;50;2.180292769713117E-4;SRR17281100.1425768;0.7807017543859649;;0.7807017543859649;;
150;Rickettsia sp. TH2014;species;1967503;2;254;73;62;16;4.5625;18;16;558;279.0;1.0952883169835053E-4;72.99535758714396;0.8493690838623897;566061;114295;0.4862797004132231;0.18513158559603923;0.4862797004132231;0.18513158559603923;5.807681694675309;3.5331881193016302E-6;1.289613663545095E-4;9.857594852851548E-4;2.8265504954413042E-5;4.48714891151307E-4;2;3.5331881193016302E-6;73;1.289613663545095E-4;558;9.857594852851548E-4;16;2.8265504954413042E-5;254;4.48714891151307E-4;SRR17281100.1369975;0.4862797004132231;0.18513158559603923;0.4862797004132231;0.18513158559603923;
151;Rickettsia endosymbiont of Halotydeus destructor;species;2996754;0;0;2;2;1;2.0;2;1;0;;1.557960007166616E-6;1.999999221047044;1.0000003894766296;1283730;114295;;;;;;0.0;1.557960007166616E-6;0.0;7.78980003583308E-7;0.0;0;0.0;2;1.557960007166616E-6;0;0.0;1;7.78980003583308E-7;0;0.0;SRR17281100.621571;;;;;
152;Rickettsia endosymbiont of Cantharis rufa;species;3066248;8;744;70;70;23;3.0434782608695654;11;22;2169;271.125;7.296013874933814E-5;69.99748293163132;1.0000359594125854;959428;114295;0.6471141656379223;0.24960619617900234;0.6502343256792233;0.24715689657909404;3.226005986433678;8.33830157135293E-6;7.296013874933814E-5;0.0022607220135330633;2.293032932122056E-5;7.754620461358226E-4;8;8.33830157135293E-6;70;7.296013874933814E-5;2169;0.0022607220135330633;22;2.293032932122056E-5;744;7.754620461358226E-4;SRR17281100.18103;0.6471141656379223;0.24960619617900234;0.6502343256792233;0.24715689657909404;
153;Rickettsia endosymbiont of Orchestes rusci;species;3066250;0;0;4;4;2;2.0;3;2;0;;9.664637092877163E-6;3.9999855030648934;1.0000036242469117;413880;114295;;;;;1.4142135623730951;0.0;9.664637092877163E-6;0.0;4.832318546438581E-6;0.0;0;0.0;4;9.664637092877163E-6;0;0.0;2;4.832318546438581E-6;0;0.0;SRR17281100.756872;;;;;
154;Rickettsia endosymbiont of Polydrusus tereticollis;species;3066251;2;121;17;17;6;2.8333333333333335;6;6;434;217.0;1.3813748417513234E-5;16.9998894902028;1.0000065006185637;1230658;114295;0.641571928606555;0.3907506968962544;0.6475599525586508;0.3822823522113854;1.9407902170679516;1.6251468726486156E-6;1.3813748417513234E-5;3.526568713647496E-4;4.875440617945847E-6;9.832138579524125E-5;2;1.6251468726486156E-6;17;1.3813748417513234E-5;434;3.526568713647496E-4;6;4.875440617945847E-6;121;9.832138579524125E-5;SRR17281100.1580327;0.641571928606555;0.3907506968962544;0.6475599525586508;0.3822823522113854;
155;Rickettsia endosymbiont of Rhinocyllus conicus;species;3066252;0;0;15;13;9;1.6666666666666667;4;9;0;;1.2242899118511264E-4;14.999011190763596;0.8667238016333644;106184;114295;;;;;1.3228756555322954;0.0;1.4126422059820688E-4;0.0;8.475853235892413E-5;0.0;0;0.0;15;1.4126422059820688E-4;0;0.0;9;8.475853235892413E-5;0;0.0;SRR17281100.56454;;;;;
156;Rickettsia endosymbiont of Urophora cardui;species;3066265;2;87;28;26;12;2.3333333333333335;7;11;279;139.5;5.176436859415939E-5;27.99924743859117;0.9285963866358915;502276;114295;0.4926355066771406;0.4011845033087068;0.4926355066771406;0.4011845033087068;2.2696949467968492;3.98187450724303E-6;5.5746243101402416E-5;5.554714937604027E-4;2.1900309789836664E-5;1.7321154106507178E-4;2;3.98187450724303E-6;28;5.5746243101402416E-5;279;5.554714937604027E-4;11;2.1900309789836664E-5;87;1.7321154106507178E-4;SRR17281100.1216743;0.4926355066771406;0.4011845033087068;0.4926355066771406;0.4011845033087068;
157;Rickettsia endosymbiont of Gonocerus acuteangulatus;species;3066266;3;903;112;106;13;8.615384615384615;31;9;2475;825.0;1.5374886138814914E-4;111.99098441121724;0.9465047615867088;689436;114295;0.6250570186718195;0.20186489406082495;0.6324302326389614;0.2030727118942188;10.782226590848953;4.35138286947592E-6;1.62451627127101E-4;0.0035898908673176336;1.3054148608427758E-5;0.0013097662437122517;3;4.35138286947592E-6;112;1.62451627127101E-4;2475;0.0035898908673176336;9;1.3054148608427758E-5;903;0.0013097662437122517;SRR17281100.1514668;0.6250570186718195;0.20186489406082495;0.6324302326389614;0.2030727118942188;
158;Rickettsia endosymbiont of Pantilius tunicatus;species;3066267;0;0;6;5;3;2.0;3;3;0;;1.55852575931375E-5;5.999953244518148;0.8333398272008613;320816;114295;;;;;1.0;0.0;1.8702309111764998E-5;0.0;9.351154555882499E-6;0.0;0;0.0;6;1.8702309111764998E-5;0;0.0;3;9.351154555882499E-6;0;0.0;SRR17281100.261769;;;;;
159;Rickettsia endosymbiont of Nabis limbatus;species;3066268;1;106;7;7;5;1.4;3;5;146;146.0;4.037095137030543E-5;6.999878888361483;1.000017301961998;173392;114295;0.08620689655172414;;0.08620689655172414;;0.8944271909999157;5.767278767186491E-6;4.037095137030543E-5;8.420227000092277E-4;2.8836393835932453E-5;6.11331549321768E-4;1;5.767278767186491E-6;7;4.037095137030543E-5;146;8.420227000092277E-4;5;2.8836393835932453E-5;106;6.11331549321768E-4;SRR17281100.528705;0.08620689655172414;;0.08620689655172414;;
160;belli group;species group;1129742;0;0;14;14;4;3.5;11;4;0;;1.9764519863342463E-4;13.99871537877059;1.0000917670796676;70834;780;;;;;5.0;0.0;1.9764519863342463E-4;0.0;5.6470056752407034E-5;0.0;15;2.4338220720529225E-5;443;9.802338773699049E-4;4440;0.007247460484377447;51;1.6258061323023312E-4;1034;0.0015645289175640093;SRR17281100.111935;0.7014594563243641;0.2504441796139182;0.711840949265159;0.2503450084314298;
161;Rickettsia canadensis;species;788;4;309;54;54;14;3.857142857142857;12;13;1247;311.75;8.775450838786842E-5;53.997674571080466;1.0000430653530545;615353;1129742;0.634898965379449;0.2489047277146286;0.638805215379449;0.25012502089736544;3.4161864220691576;6.50033395465692E-6;8.775450838786842E-5;0.002026479110364295;2.112608535263499E-5;5.021507979972471E-4;5;1.057782254788258E-5;62;1.2074355175724794E-4;1528;0.0031722534050607053;19;4.596015153556319E-5;354;6.856377846924018E-4;SRR17281100.1542619;0.6720625985983799;0.23102132104889397;0.67518759859838;0.2313877343391959;
162;Rickettsia canadensis str. McKiel;strain;293613;1;45;5;5;3;1.6666666666666667;2;3;281;281.0;2.0387442966128303E-5;4.999959225265103;1.0000081550134832;245249;788;0.8207171314741036;;0.8207171314741036;;0.5773502691896255;4.0774885932256605E-6;2.0387442966128303E-5;0.0011457742946964105;1.2232465779676982E-5;1.834869866951547E-4;1;4.0774885932256605E-6;5;2.0387442966128303E-5;281;0.0011457742946964105;3;1.2232465779676982E-5;45;1.834869866951547E-4;SRR17281100.607196;0.8207171314741036;;0.8207171314741036;;
163;Rickettsia canadensis str. CA410;strain;1105107;0;0;3;3;3;1.0;1;3;0;;1.2601600403251214E-5;2.9999873984094134;1.00000420054784;238065;788;;;;;0.0;0.0;1.2601600403251214E-5;0.0;1.2601600403251214E-5;0.0;0;0.0;3;1.2601600403251214E-5;0;0.0;3;1.2601600403251214E-5;0;0.0;SRR17281100.1101140;;;;;
164;Rickettsia bellii;species;33990;6;259;339;195;22;15.409090909090908;44;15;1926;321.0;2.9807033848561925E-4;338.9124419611299;0.5753698473612388;654208;1129742;0.826514181080165;0.13024199125651517;0.8498637467654854;0.09758833469606824;14.500111956576292;9.171395030326745E-6;5.181838192134611E-4;0.0029440178047348857;2.2928487575816867E-5;3.958985521424379E-4;6;9.171395030326745E-6;344;6.354583589108929E-4;1926;0.0029440178047348857;16;4.63833955153032E-5;259;3.958985521424379E-4;SRR17281100.1143424;0.826514181080165;0.13024199125651517;0.8498637467654854;0.09758833469606824;
165;Rickettsia bellii str. RML Mogi;strain;1359194;0;0;5;5;1;5.0;5;1;0;;1.1727453969743169E-4;4.999765456431441;1.0000469109142425;42635;33990;;;;;;0.0;1.1727453969743169E-4;0.0;2.3454907939486336E-5;0.0;0;0.0;5;1.1727453969743169E-4;0;0.0;1;2.3454907939486336E-5;0;0.0;SRR17281100.1605339;;;;;
166;Rickettsia oklahomensis;species;3141789;4;421;23;23;12;1.9166666666666667;5;12;986;246.5;2.6386768068339433E-5;22.999709748158498;1.0000126198045403;871649;1129742;0.5506234413481428;0.36085765425667726;0.5506234413481428;0.36085765425667726;1.4433756729740643;4.589003142319902E-6;2.6386768068339433E-5;0.0011311892745818558;1.3767009426959705E-5;4.829925807291697E-4;4;4.589003142319902E-6;23;2.6386768068339433E-5;986;0.0011311892745818558;12;1.3767009426959705E-5;421;4.829925807291697E-4;SRR17281100.1035950;0.5506234413481428;0.36085765425667726;0.5506234413481428;0.36085765425667726;
167;Rickettsia incertae sedis;no rank;2749451;0;0;0;0;0;;0;0;0;;;0.0;;0;780;;;;;;;;;;;3;1.5876459972798333E-5;84;4.445408792383533E-4;1031;0.0054562100773183604;23;1.2171952645812055E-4;539;0.0028524706417794336;;0.4148144231187881;0.15700750006868378;0.4157695329564195;0.15780456769796886;
168;Candidatus Rickettsia colombianensi;species;1090944;3;539;84;83;25;3.36;11;23;1031;343.6666666666667;4.392487259140872E-4;83.9815542213009;0.9883122641584556;188959;2749451;0.4148144231187881;0.15700750006868378;0.4157695329564195;0.15780456769796886;3.3025242870668894;1.5876459972798333E-5;4.445408792383533E-4;0.0054562100773183604;1.2171952645812055E-4;0.0028524706417794336;3;1.5876459972798333E-5;84;4.445408792383533E-4;1031;0.0054562100773183604;23;1.2171952645812055E-4;539;0.0028524706417794336;SRR17281100.1367836;0.4148144231187881;0.15700750006868378;0.4157695329564195;0.15780456769796886;
169;Anaplasmataceae;family;942;0;0;80;66;7;11.428571428571429;30;5;0;;5.383272703544804E-4;79.97423100803296;0.8252658283562698;122602;766;;;;;10.030904626156486;0.0;6.525179034599761E-4;0.0;4.078236896624851E-5;0.0;399;0.0011908297400258126;107572;0.0283837899406653;317604;2.528071794580879;452;0.0016885911421430481;114829;1.1280440356041654;SRR17281100.866601;0.7009169514898359;0.26806276852100636;0.7009262275749575;0.26805545613472903;
170;Anaplasma;genus;768;0;0;104;101;16;6.5;19;11;0;;2.501913592326804E-4;103.98673354343272;0.9712777443654845;403691;942;;;;;6.110100926607787;0.0;2.5762278574454223E-4;0.0;2.7248563876826583E-5;0.0;391;0.0011876763742770216;107390;0.027639327303852136;314152;2.5268587583449253;438;0.0016438149031927079;113733;1.1277176965419393;SRR17281100.1995469;0.7029552590254874;0.26887494677358115;0.7029647249026318;0.2688674349804751;
171;phagocytophilum group;species group;106179;0;0;0;0;0;;0;0;0;;;0.0;;0;768;;;;;;;;;;;391;0.0011876763742770216;107286;0.02738170451810759;314152;2.5268587583449253;427;0.0016165663393158812;113733;1.1277176965419393;;0.7029552590254874;0.26887494677358115;0.7029647249026318;0.2688674349804751;
172;Anaplasma phagocytophilum;species;948;364;75663;107121;101426;2407;44.50394682176984;459;387;224908;617.8791208791209;0.018993270166000574;106053.74891313213;0.9563641176237656;5340102;106179;0.7166463359578196;0.266597022527363;0.7166472211214155;0.2665955985905816;51.87543312723745;6.816349200820508E-5;0.020059729196183894;0.04211679851808074;7.247052584388837E-5;0.014168830483013246;391;0.0011876763742770216;107286;0.02738170451810759;314152;2.5268587583449253;427;0.0016165663393158812;113733;1.1277176965419393;SRR17281100.1769883;0.7029552590254874;0.26887494677358115;0.7029647249026318;0.2688674349804751;
173;Anaplasma phagocytophilum str. CRT38;strain;1269275;0;0;1;1;1;1.0;1;1;0;;4.405092286683406E-5;1.0000000000005023;0.9999999999994977;22701;948;;;;;;0.0;4.405092286683406E-5;0.0;4.405092286683406E-5;0.0;0;0.0;1;4.405092286683406E-5;0;0.0;1;4.405092286683406E-5;0;0.0;SRR17281100.607202;;;;;
174;Anaplasma phagocytophilum str. Annie;strain;1359151;0;0;1;1;1;1.0;1;1;0;;2.7616680475006904E-4;0.9999999999999908;1.0000000000000093;3621;948;;;;;;0.0;2.7616680475006904E-4;0.0;2.7616680475006904E-4;0.0;0;0.0;1;2.7616680475006904E-4;0;0.0;1;2.7616680475006904E-4;0;0.0;SRR17281100.607202;;;;;
175;Anaplasma phagocytophilum str. ApNYW;strain;1359154;1;94;8;8;1;8.0;8;1;788;788.0;0.0014391077531930203;7.994964934611208;1.0006297795462484;5559;948;0.8759894459102903;;0.8759894459102903;;;1.7988846914912754E-4;0.0014391077531930203;0.14175211368951252;1.7988846914912754E-4;0.01690951610001799;1;1.7988846914912754E-4;8;0.0014391077531930203;788;0.14175211368951252;1;1.7988846914912754E-4;94;0.01690951610001799;SRR17281100.1823545;0.8759894459102903;;0.8759894459102903;;
176;Anaplasma phagocytophilum str. CRT53-1;strain;1359157;9;5086;72;72;11;6.545454545454546;16;10;13960;1551.111111111111;0.0023337979319957214;71.91721279966873;1.0011511458398963;30851;948;0.604760385042525;0.2955480285149592;0.6050451873893933;0.2954292034901994;5.837184875668003;2.9172474149946517E-4;0.0023337979319957214;0.4524974879258371;3.241386016660724E-4;0.16485689280736443;9;2.9172474149946517E-4;72;0.0023337979319957214;13960;0.4524974879258371;10;3.241386016660724E-4;5086;0.16485689280736443;SRR17281100.823794;0.604760385042525;0.2955480285149592;0.6050451873893933;0.2954292034901994;
177;Anaplasma phagocytophilum str. NCH-1;strain;1359161;2;2595;10;10;2;5.0;7;2;5039;2519.5;0.002667377967457989;9.988005333048498;1.0012009071432726;3749;948;0.4807989085243281;0.10850817261686846;0.4807989085243281;0.10850817261686846;2.8284271247461903;5.334755934915977E-4;0.002667377967457989;1.3440917578020806;5.334755934915977E-4;0.6921845825553481;2;5.334755934915977E-4;10;0.002667377967457989;5039;1.3440917578020806;2;5.334755934915977E-4;2595;0.6921845825553481;SRR17281100.14614;0.4807989085243281;0.10850817261686846;0.4807989085243281;0.10850817261686846;
178;Anaplasma phagocytophilum str. MRK;strain;1392505;7;9239;43;40;13;3.3076923076923075;8;13;16760;2394.285714285714;3.3456005352960856E-4;42.9924481698;0.9303959579603089;119560;948;0.3534499538077113;0.1875009970515221;0.3534499538077113;0.1875009970515221;2.3588350014578308;5.85480093676815E-5;3.596520575443292E-4;0.14018066242890598;1.0873201739712278E-4;0.07727500836400134;7;5.85480093676815E-5;43;3.596520575443292E-4;16760;0.14018066242890598;13;1.0873201739712278E-4;9239;0.07727500836400134;SRR17281100.281604;0.3534499538077113;0.1875009970515221;0.3534499538077113;0.1875009970515221;
179;Anaplasma phagocytophilum str. Norway variant1;strain;1392506;2;319;10;10;6;1.6666666666666667;4;5;807;403.5;4.6704964737751625E-5;9.999789830318296;1.0000210174098927;214110;948;0.5728669162256357;0.0064500941272626995;0.5728669162256357;0.0064500941272626995;1.2110601416389966;9.340992947550324E-6;4.6704964737751625E-5;0.003769090654336556;2.3352482368875813E-5;0.0014898883751342767;2;9.340992947550324E-6;10;4.6704964737751625E-5;807;0.003769090654336556;5;2.3352482368875813E-5;319;0.0014898883751342767;SRR17281100.779406;0.5728669162256357;0.0064500941272626995;0.5728669162256357;0.0064500941272626995;
180;Anaplasma phagocytophilum str. Norway variant2;strain;1392507;6;20737;20;20;7;2.857142857142857;7;7;51890;8648.333333333334;1.5511691937798115E-4;19.998526457858357;1.0000736825357983;128935;948;0.5159876254787149;0.1347871838698633;0.5161235816941812;0.1348322914417119;2.115700942049815;4.653507581339435E-5;1.5511691937798115E-4;0.4024508473261721;5.42909217822934E-5;0.16083297785705977;6;4.653507581339435E-5;20;1.5511691937798115E-4;51890;0.4024508473261721;7;5.42909217822934E-5;20737;0.16083297785705977;SRR17281100.220535;0.5159876254787149;0.1347871838698633;0.5161235816941812;0.1348322914417119;
181;Ehrlichia;genus;943;2;133;92;92;4;23.0;67;2;666;333.0;8.797555809494666E-5;91.9959972240807;1.0000435103269716;1045745;942;0.643859957776214;0.3131721694157309;0.643859957776214;0.3131721694157309;29.754551472561865;1.9125121324988404E-6;8.797555809494666E-5;6.368665401221138E-4;1.9125121324988404E-6;1.271820568111729E-4;8;3.1533657487909174E-6;102;9.194473335318994E-5;3452;0.001213036235953735;9;3.9938699840917595E-6;1096;3.263390622260513E-4;SRR17281100.431913;0.6012946706848705;0.21506316106243642;0.6012946706848705;0.21506316106243642;
182;canis group;species group;106178;0;0;0;0;0;;0;0;0;;0.0;0.0;;252914;943;;;;;;0.0;0.0;0.0;0.0;0.0;6;1.240853616292077E-6;10;3.969175258243282E-6;2786;5.761696958316211E-4;7;2.0813578515929186E-6;963;1.9915700541487836E-4;;0.5871062416544227;0.21016986396063897;0.5871062416544227;0.21016986396063897;
183;Ehrlichia ruminantium;species;779;6;963;7;3;6;1.1666666666666667;2;6;2786;464.3333333333333;6.204268081460385E-7;6.999995658313604;0.4285716943891279;4835381;106178;0.5871062416544227;0.21016986396063897;0.5871062416544227;0.21016986396063897;0.4082482904638632;1.240853616292077E-6;1.4476625523407565E-6;5.761696958316211E-4;1.240853616292077E-6;1.9915700541487836E-4;6;1.240853616292077E-6;7;1.4476625523407565E-6;2786;5.761696958316211E-4;6;1.240853616292077E-6;963;1.9915700541487836E-4;SRR17281100.239217;0.5871062416544227;0.21016986396063897;0.5871062416544227;0.21016986396063897;
184;Ehrlichia chaffeensis;species;945;0;0;3;3;2;1.5;2;1;0;;2.521512705902525E-6;2.9999974786076935;1.0000008404648086;1189762;106178;;;;;0.7071067811865476;0.0;2.521512705902525E-6;0.0;8.405042353008417E-7;0.0;0;0.0;3;2.521512705902525E-6;0;0.0;1;8.405042353008417E-7;0;0.0;SRR17281100.1883443;;;;;
185;Spirochaetota;phylum;203691;0;0;0;0;0;;0;0;0;;;0.0;;0;3379134;;;;;;;;;;;931;0.002692274060234148;172204;0.21386369295913563;442433;5.079237192357069;2330;0.008681125220297134;190042;2.888357097723101;;0.5166688541195235;0.23495608492441558;0.5185399161020809;0.23446883281499753;
186;Spirochaetia;class;203692;0;0;115;115;5;23.0;85;1;0;;0.09854327335047129;109.56006100286174;1.0496525736417412;1167;203691;;;;;35.552777669262355;0.0;0.09854327335047129;0.0;8.56898029134533E-4;0.0;931;0.002692274060234148;172204;0.21386369295913563;442433;5.079237192357069;2330;0.008681125220297134;190042;2.888357097723101;SRR17281100.48874;0.5166688541195235;0.23495608492441558;0.5185399161020809;0.23446883281499753;
187;Spirochaetales;order;136;0;0;20;20;6;3.3333333333333335;7;5;0;;0.013577732518669382;19.87153543964749;1.0064647525976376;1473;203692;;;;;2.338090388900024;0.0;0.013577732518669382;0.0;0.0033944331296673455;0.0;931;0.002692274060234148;172089;0.1153204196086643;442433;5.079237192357069;2329;0.007824227191162603;190042;2.888357097723101;SRR17281100.2088417;0.5166688541195235;0.23495608492441558;0.5185399161020809;0.23446883281499753;
188;Borreliaceae;family;1643685;4;193;12307;11607;1158;10.627806563039723;72;447;953;238.25;0.02433741508009729;12149.577601055234;0.9553418547647196;476920;136;0.717656351166002;0.3169185925002965;0.717656351166002;0.3169185925002965;10.33695841497077;8.387150884844418E-6;0.025805166484945064;0.001998238698314183;9.372641113813637E-4;4.046800301937432E-4;931;0.002692274060234148;172069;0.10174268708999491;442433;5.079237192357069;2324;0.004429794061495257;190042;2.888357097723101;SRR17281100.1406262;0.5166688541195235;0.23495608492441558;0.5185399161020809;0.23446883281499753;
189;Borrelia;genus;138;0;0;27;27;11;2.4545454545454546;13;10;0;;5.075257611617603E-6;26.999934019492063;1.000002443728488;5319927;1643685;;;;;3.531674853766591;0.0;5.075257611617603E-6;0.0;1.879725041339853E-6;0.0;7;1.9604391951860383E-5;57;8.894273295006707E-5;3403;0.007904140535189536;24;4.078855925080938E-5;390;5.935754955333107E-4;SRR17281100.734867;0.9139614574043005;0.08057561318349983;0.9139614574043005;0.08057561318349983;
190;Borrelia turicatae;species;142;2;20;2;2;2;1.0;1;2;554;277.0;4.413130829470005E-6;1.9999977934423496;1.0000011032800424;453193;138;0.9685616335141651;0.03550984551392762;0.9685616335141651;0.03550984551392762;0.0;4.413130829470005E-6;4.413130829470005E-6;0.0012224372397631913;4.413130829470005E-6;4.413130829470005E-5;3;1.4452384310581151E-5;4;2.4491637791692296E-5;965;0.0053485704204998714;3;1.4452384310581151E-5;46;3.051518988035898E-4;SRR17281100.848108;0.956293932404019;0.03289322173024865;0.956293932404019;0.03289322173024865;
191;Borrelia turicatae 91E135;strain;314724;1;26;2;2;1;2.0;2;1;411;411.0;2.007850696222229E-5;1.9999899607425617;1.0000050196539159;99609;142;0.931758530183727;;0.931758530183727;;;1.0039253481111145E-5;2.007850696222229E-5;0.0041261331807366805;1.0039253481111145E-5;2.6102059050888977E-4;1;1.0039253481111145E-5;2;2.007850696222229E-5;411;0.0041261331807366805;1;1.0039253481111145E-5;26;2.6102059050888977E-4;SRR17281100.891424;0.931758530183727;;0.931758530183727;;
192;Borrelia coriaceae;species;144;2;315;8;4;2;4.0;4;2;1697;848.5;2.746405813042544E-6;7.999980775054933;0.5000012015619542;1456449;138;0.8079030259602609;0.044693598930298804;0.8079030259602609;0.044693598930298804;0.0;1.373202906521272E-6;5.492811626085088E-6;0.0011651626661832992;1.373202906521272E-6;2.1627945777710032E-4;2;1.373202906521272E-6;8;5.492811626085088E-6;1697;0.0011651626661832992;2;1.373202906521272E-6;315;2.1627945777710032E-4;SRR17281100.83534;0.8079030259602609;0.044693598930298804;0.8079030259602609;0.044693598930298804;
193;Borrelia crocidurae;species;29520;0;0;0;0;0;;0;0;0;;0.0;0.0;;236315;138;;;;;;0.0;0.0;0.0;0.0;0.0;1;2.5320494154763924E-6;1;2.5320494154763924E-6;363;9.191339378179304E-4;1;2.5320494154763924E-6;28;7.089738363333899E-5;;0.9159159159159159;;0.9159159159159159;;
194;Borrelia crocidurae DOU;strain;1293575;1;28;1;1;1;1.0;1;1;363;363.0;2.5320494154763924E-6;0.9999999999979687;1.0000000000020313;394937;29520;0.9159159159159159;;0.9159159159159159;;;2.5320494154763924E-6;2.5320494154763924E-6;9.191339378179304E-4;2.5320494154763924E-6;7.089738363333899E-5;1;2.5320494154763924E-6;1;2.5320494154763924E-6;363;9.191339378179304E-4;1;2.5320494154763924E-6;28;7.089738363333899E-5;SRR17281100.2172545;0.9159159159159159;;0.9159159159159159;;
195;Borrelia recurrentis;species;44449;0;0;4;4;1;4.0;4;1;0;;2.2430325800482252E-5;3.9999663546092146;1.0000084114184478;178330;138;;;;;;0.0;2.2430325800482252E-5;0.0;5.607581450120563E-6;0.0;0;0.0;4;2.2430325800482252E-5;0;0.0;1;5.607581450120563E-6;0;0.0;SRR17281100.452554;;;;;
196;Borrelia miyamotoi;species;47466;0;0;1;1;1;1.0;1;1;0;;3.2643936911021767E-7;0.9999999999429745;1.0000000000570255;3063356;138;;;;;;0.0;3.2643936911021767E-7;0.0;3.2643936911021767E-7;0.0;0;0.0;1;3.2643936911021767E-7;0;0.0;1;3.2643936911021767E-7;0;0.0;SRR17281100.969364;;;;;
197;unclassified Borrelia;no rank;2649934;0;0;0;0;0;;0;0;0;;0.0;0.0;;840859;138;;;;;;0.0;0.0;0.0;0.0;0.0;1;1.2467553192815697E-6;10;1.0453292679482468E-5;378;4.7127351068843335E-4;5;5.546717429599554E-6;1;1.2467553192815697E-6;;0.9971264367816092;;0.9971264367816092;;
198;Borrelia sp. HM;species;1882662;1;1;3;3;2;1.5;2;2;378;378.0;3.740265957844709E-6;2.9999962598505077;1.0000012467180517;802082;2649934;0.9971264367816092;;0.9971264367816092;;0.7071067811865476;1.2467553192815697E-6;3.740265957844709E-6;4.7127351068843335E-4;2.4935106385631395E-6;1.2467553192815697E-6;1;1.2467553192815697E-6;3;3.740265957844709E-6;378;4.7127351068843335E-4;2;2.4935106385631395E-6;1;1.2467553192815697E-6;SRR17281100.1482142;0.9971264367816092;;0.9971264367816092;;
199;Borrelia sp. A-FGy1;species;2608247;0;0;4;4;1;4.0;4;1;0;;3.574409373531141E-6;3.999994638192347;1.00000134045371;1119066;2649934;;;;;;0.0;3.574409373531141E-6;0.0;8.936023433827852E-7;0.0;0;0.0;4;3.574409373531141E-6;0;0.0;1;8.936023433827852E-7;0;0.0;SRR17281100.123188;;;;;
200;Borrelia sp. BU AG58;species;2887345;0;0;1;1;1;1.0;1;1;0;;1.1805915472006404E-6;0.9999999999906786;1.0000000000093214;847033;2649934;;;;;;0.0;1.1805915472006404E-6;0.0;1.1805915472006404E-6;0.0;0;0.0;1;1.1805915472006404E-6;0;0.0;1;1.1805915472006404E-6;0;0.0;SRR17281100.2053262;;;;;
201;Borrelia sp. P9F1;species;3058374;0;0;2;2;1;2.0;2;1;0;;1.9580258009059785E-6;1.9999990209204883;1.0000004895399954;1021437;2649934;;;;;;0.0;1.9580258009059785E-6;0.0;9.790129004529893E-7;0.0;0;0.0;2;1.9580258009059785E-6;0;0.0;1;9.790129004529893E-7;0;0.0;SRR17281100.1509941;;;;;
202;Borrelia nietonii;species;3117462;0;0;0;0;0;;0;0;0;;;0.0;;0;138;;;;;;;;;;;0;0.0;2;1.8140918656120747E-5;0;0.0;1;9.070459328060374E-6;0;0.0;;;;;;
203;Borrelia nietonii YOR;strain;1293576;0;0;2;2;1;2.0;2;1;0;;1.8140918656120747E-5;1.999990929548873;1.000004535246132;110248;3117462;;;;;;0.0;1.8140918656120747E-5;0.0;9.070459328060374E-6;0.0;0;0.0;2;1.8140918656120747E-5;0;0.0;1;9.070459328060374E-6;0;0.0;SRR17281100.1942526;;;;;
204;Borreliella;genus;64895;177;12095;110069;101596;4973;22.13331992760909;264;874;36659;207.1129943502825;0.01573350847358672;109136.21616608313;0.9309100458952282;6457301;1643685;0.5596073590586746;0.2639864669804178;0.5606631791573661;0.26414899302978495;23.04071656107131;2.741083310194151E-5;0.0170456666028113;0.005677139721378947;1.35350667407327E-4;0.0018730735952993364;920;0.0026642825173974435;159705;0.0758485778720998;438077;5.069334813123565;1853;0.0034517413908630853;189459;2.8873588421973735;SRR17281100.11170;0.5127721169334589;0.23259744976939978;0.5146655503092862;0.23213107862593596;
205;Borreliella burgdorferi;species;139;687;150547;48481;45081;2696;17.982566765578635;180;702;325030;473.1149927219796;0.025864739820717953;47812.96141664442;0.9428614891088217;1742952;64895;0.49389422971495744;0.22231594693121784;0.4959926836869641;0.221724809056593;18.113537825500504;3.9415887528744336E-4;0.02781545332286833;0.18648247341292246;4.0276496426751854E-4;0.0863747251788919;699;0.002580618944804899;48585;0.05548800721485456;341888;4.996307795834853;714;0.002589225033784974;159852;2.8653712595703507;SRR17281100.36496;0.4934214481249034;0.22113406382129663;0.4954952341371915;0.2205510146929353;
206;Borreliella burgdorferi ZS7;strain;445985;1;174;25;25;1;25.0;25;1;333;333.0;0.00758495145631068;24.909191945562718;1.0036455640406055;3296;139;0.42244224422442245;;0.42574257425742573;;;3.0339805825242716E-4;0.00758495145631068;0.10103155339805825;3.0339805825242716E-4;0.05279126213592233;1;3.0339805825242716E-4;25;0.00758495145631068;333;0.10103155339805825;1;3.0339805825242716E-4;174;0.05279126213592233;SRR17281100.723235;0.42244224422442245;;0.42574257425742573;;
207;Borreliella burgdorferi 118a;strain;476210;2;706;3;3;2;1.5;2;2;1214;607.0;3.627130939426913E-4;2.9996373015224136;1.0001209141109835;8271;139;0.36516867616611864;0.041060591069266066;0.36516867616611864;0.041060591069266066;0.7071067811865476;2.4180872929512756E-4;3.627130939426913E-4;0.14677789868214242;2.4180872929512756E-4;0.08535848144118002;2;2.4180872929512756E-4;3;3.627130939426913E-4;1214;0.14677789868214242;2;2.4180872929512756E-4;706;0.08535848144118002;SRR17281100.295933;0.36516867616611864;0.041060591069266066;0.36516867616611864;0.041060591069266066;
208;Borreliella burgdorferi WI91-23;strain;498737;2;1641;27;27;2;13.5;15;2;2912;1456.0;0.004766949152542373;26.938120740270037;1.0022970889590475;5664;139;0.3867956242844942;0.14339757006127202;0.3873089713070815;0.14412355238281893;2.1213203435596424;3.5310734463276836E-4;0.004766949152542373;0.5141242937853108;3.5310734463276836E-4;0.2897245762711864;2;3.5310734463276836E-4;27;0.004766949152542373;2912;0.5141242937853108;2;3.5310734463276836E-4;1641;0.2897245762711864;SRR17281100.873819;0.3867956242844942;0.14339757006127202;0.3873089713070815;0.14412355238281893;
209;Borreliella burgdorferi 29805;strain;498738;3;5878;37;37;3;12.333333333333334;23;3;10061;3353.6666666666665;0.014659270998415214;36.73734869523161;1.007149435495395;2524;139;0.3992591514621719;0.020815566198462077;0.4004629913764079;0.02171692944816969;9.71253485622231;0.0011885895404120444;0.014659270998415214;3.986133122028526;0.0011885895404120444;2.3288431061806656;3;0.0011885895404120444;37;0.014659270998415214;10061;3.986133122028526;3;0.0011885895404120444;5878;2.3288431061806656;SRR17281100.340105;0.3992591514621719;0.020815566198462077;0.4004629913764079;0.02171692944816969;
210;Borreliella burgdorferi JD1;strain;521008;1;211;3;3;1;3.0;3;1;789;789.0;1.139211665527455E-4;2.9998860802792144;1.0000379746822836;26334;139;0.7220026350461133;;0.7220026350461133;;;3.79737221842485E-5;1.139211665527455E-4;0.029961266803372067;3.79737221842485E-5;0.008012455380876433;1;3.79737221842485E-5;3;1.139211665527455E-4;789;0.029961266803372067;1;3.79737221842485E-5;211;0.008012455380876433;SRR17281100.1827515;0.7220026350461133;;0.7220026350461133;;
211;Borreliella burgdorferi CA8;strain;747491;3;695;9;9;3;3.0;4;3;1549;516.3333333333334;1.8474802422251873E-4;8.999261043319995;1.000082113039776;48715;139;0.5833684968577875;0.14178052573519836;0.5833684968577875;0.14178052573519836;1.7320508075688772;6.158267474083957E-5;1.8474802422251873E-4;0.03179718772452017;6.158267474083957E-5;0.014266652981627836;3;6.158267474083957E-5;9;1.8474802422251873E-4;1549;0.03179718772452017;3;6.158267474083957E-5;695;0.014266652981627836;SRR17281100.1329370;0.5833684968577875;0.14178052573519836;0.5833684968577875;0.14178052573519836;
212;Borreliella afzelii;species;29518;0;0;15;15;8;1.875;4;8;0;;1.581281006285065E-5;14.999889311007333;1.0000073793206317;948598;64895;;;;;1.1259916264596033;0.0;1.581281006285065E-5;0.0;8.433498700187014E-6;0.0;0;0.0;16;1.3147323106678312E-4;0;0.0;9;1.2409391970411948E-4;0;0.0;SRR17281100.972786;;;;;
213;Borreliella afzelii ACA-1;strain;445986;0;0;1;1;1;1.0;1;1;0;;1.1566042100393245E-4;1.0000000000003362;0.9999999999996638;8646;29518;;;;;;0.0;1.1566042100393245E-4;0.0;1.1566042100393245E-4;0.0;0;0.0;1;1.1566042100393245E-4;0;0.0;1;1.1566042100393245E-4;0;0.0;SRR17281100.600232;;;;;
214;Borreliella garinii;species;29519;3;62;35;35;15;2.3333333333333335;9;15;1041;347.0;1.4521881571151411E-5;34.99975313315488;1.0000070533881817;2410156;64895;0.889363949527762;0.18021871731590194;0.8911954513592638;0.17704729141838027;2.193062655175134;1.2447327060986924E-6;1.4521881571151411E-5;4.3192224901624627E-4;6.223663530493462E-6;2.5724475926039643E-5;3;1.2447327060986924E-6;60;0.0017181809691365004;1041;4.3192224901624627E-4;19;2.648873645068378E-4;62;2.5724475926039643E-5;SRR17281100.317147;0.889363949527762;0.18021871731590194;0.8911954513592638;0.17704729141838027;
215;Borreliella garinii BgVir;strain;1081646;0;0;5;5;1;5.0;5;1;0;;6.229675683083939E-5;4.999875408041793;1.0000249190125832;80261;29519;;;;;;0.0;6.229675683083939E-5;0.0;1.2459351366167876E-5;0.0;0;0.0;5;6.229675683083939E-5;0;0.0;1;1.2459351366167876E-5;0;0.0;SRR17281100.254850;;;;;
216;Borreliella garinii IPT108;strain;1408841;0;0;20;20;3;6.666666666666667;11;3;0;;0.0016413623307345096;19.984414733292112;1.000779871060318;12185;29519;;;;;5.131601439446884;0.0;0.0016413623307345096;0.0;2.4620434961017645E-4;0.0;0;0.0;20;0.0016413623307345096;0;0.0;3;2.4620434961017645E-4;0;0.0;SRR17281100.721008;;;;;
217;Borreliella japonica;species;34095;4;13262;32;30;13;2.4615384615384617;5;11;45959;11489.75;3.225237700018491E-5;31.999466765377306;0.9375156223684113;930164;64895;0.5783181257967929;0.1235179433296602;0.5893511993546516;0.10661120412242267;1.5063966175050874;4.300316933357989E-6;3.440253546686391E-5;0.04940956648504995;1.1825871566734468E-5;0.01425770079254841;4;4.300316933357989E-6;32;3.440253546686391E-5;45959;0.04940956648504995;11;1.1825871566734468E-5;13262;0.01425770079254841;SRR17281100.228291;0.5783181257967929;0.1235179433296602;0.5893511993546516;0.10661120412242267;
218;Borreliella andersonii;species;42109;3;465;38;38;17;2.235294117647059;11;16;1154;384.6666666666667;3.899495631025619E-5;37.99927860046183;1.0000189845587795;974485;64895;0.6394420671494405;0.13347553344980512;0.6394420671494405;0.13347553344980512;2.5132004437744784;3.0785491823886464E-6;3.899495631025619E-5;0.0011842152521588326;1.6418928972739446E-5;4.771751232702402E-4;3;3.0785491823886464E-6;38;3.899495631025619E-5;1154;0.0011842152521588326;16;1.6418928972739446E-5;465;4.771751232702402E-4;SRR17281100.2139258;0.6394420671494405;0.13347553344980512;0.6394420671494405;0.13347553344980512;
219;Borreliella tanukii;species;56146;1;40;62;62;9;6.888888888888889;23;8;129;129.0;7.469753522229745E-5;61.99772177796423;1.0000367468669886;830014;64895;0.5959595959595959;;0.5959595959595959;;8.477093317353013;1.2047989551983461E-6;7.469753522229745E-5;1.5541906522058665E-4;9.638391641586769E-6;4.819195820793384E-5;1;1.2047989551983461E-6;62;7.469753522229745E-5;129;1.5541906522058665E-4;8;9.638391641586769E-6;40;4.819195820793384E-5;SRR17281100.2171088;0.5959595959595959;;0.5959595959595959;;
220;Borreliella turdi;species;57863;2;79;35;35;9;3.888888888888889;11;9;400;200.0;2.50098252885062E-5;34.99957483548356;1.0000121477051775;1399450;64895;0.7221428571428572;0.3646650685833478;0.7221428571428572;0.3646650685833478;3.982601048449507;1.4291328736289257E-6;2.50098252885062E-5;2.858265747257851E-4;6.431097931330165E-6;5.6450748508342564E-5;2;1.4291328736289257E-6;35;2.50098252885062E-5;400;2.858265747257851E-4;9;6.431097931330165E-6;79;5.6450748508342564E-5;SRR17281100.592278;0.7221428571428572;0.3646650685833478;0.7221428571428572;0.3646650685833478;
221;Borreliella valaisiana;species;62088;2;111;33;25;11;3.0;9;11;1074;537.0;2.1796673653227127E-5;32.999539656700755;0.7575863257511715;1146964;64895;0.8901377217553688;0.09436343296086679;0.8901377217553688;0.09436343296086679;2.449489742783178;1.7437338922581702E-6;2.877160922225981E-5;9.363851001426374E-4;9.590536407419936E-6;9.677723102032845E-5;2;1.7437338922581702E-6;33;2.877160922225981E-5;1074;9.363851001426374E-4;11;9.590536407419936E-6;111;9.677723102032845E-5;SRR17281100.1092157;0.8901377217553688;0.09436343296086679;0.8901377217553688;0.09436343296086679;
222;Borreliella bissettiae;species;64897;2;180;22;22;9;2.4444444444444446;5;9;421;210.5;4.80066336439217E-5;21.999495937140527;1.0000229124731272;458270;64895;0.5117572731755424;0.23023246866481364;0.5117572731755424;0.23023246866481364;1.2360330811826103;4.3642394221747E-6;4.80066336439217E-5;9.186723983677745E-4;1.963907739978615E-5;3.9278154799572305E-4;2;4.3642394221747E-6;22;4.80066336439217E-5;421;9.186723983677745E-4;9;1.963907739978615E-5;180;3.9278154799572305E-4;SRR17281100.1659591;0.5117572731755424;0.23023246866481364;0.5117572731755424;0.23023246866481364;
223;Borreliella sinica;species;87162;0;0;11;11;7;1.5714285714285714;3;6;0;;1.418569591800152E-5;10.99992907175991;1.0000064480634037;775429;64895;;;;;0.7867957924694432;0.0;1.418569591800152E-5;0.0;7.73765231890992E-6;0.0;0;0.0;11;1.418569591800152E-5;0;0.0;6;7.73765231890992E-6;0;0.0;SRR17281100.975010;;;;;
224;Borreliella spielmanii;species;88916;0;0;11;11;4;2.75;5;4;0;;1.3994643868119566E-5;10.999930026814166;1.0000063612391772;786015;64895;;;;;1.707825127659933;0.0;1.3994643868119566E-5;0.0;5.0889614065889326E-6;0.0;0;0.0;11;1.3994643868119566E-5;0;0.0;4;5.0889614065889326E-6;0;0.0;SRR17281100.966675;;;;;
225;Borreliella lusitaniae;species;100177;1;359;46;46;10;4.6;17;10;740;740.0;3.880939524838013E-5;45.99912680021475;1.000018982964373;1185280;64895;0.4943661971830986;;0.4943661971830986;;5.641118880348314;8.43682505399568E-7;3.880939524838013E-5;6.243250539956803E-4;8.436825053995681E-6;3.028820194384449E-4;1;8.43682505399568E-7;46;3.880939524838013E-5;740;6.243250539956803E-4;10;8.436825053995681E-6;359;3.028820194384449E-4;SRR17281100.1741501;0.4943661971830986;;0.4943661971830986;;
226;Borreliella lanei;species;373540;1;155;38;38;13;2.923076923076923;19;13;324;324.0;8.809000016227105E-5;37.998370379773945;1.000042886581971;431377;64895;0.47278911564625853;;0.47278911564625853;;4.923777994953645;2.318157899007133E-6;8.809000016227105E-5;7.510831592783111E-4;3.013605268709273E-5;3.593144743461056E-4;1;2.318157899007133E-6;38;8.809000016227105E-5;324;7.510831592783111E-4;13;3.013605268709273E-5;155;3.593144743461056E-4;SRR17281100.452554;0.47278911564625853;;0.47278911564625853;;
227;Borreliella californiensis;species;373543;3;441;80;80;17;4.705882352941177;28;17;1562;520.6666666666666;1.4239360083157863E-4;79.99437571242993;1.0000703085375688;561823;64895;0.7132690575041977;0.07814356429842442;0.7132690575041977;0.07814356429842442;6.926080293737152;5.339760031184199E-6;1.4239360083157863E-4;0.0027802350562365725;3.0258640176710458E-5;7.849447245840772E-4;3;5.339760031184199E-6;80;1.4239360083157863E-4;1562;0.0027802350562365725;17;3.0258640176710458E-5;441;7.849447245840772E-4;SRR17281100.261394;0.7132690575041977;0.07814356429842442;0.7132690575041977;0.07814356429842442;
228;Borreliella carolinensis;species;478174;6;603;184;184;20;9.2;41;18;1923;320.5;3.0116636495471045E-4;183.97244601120616;1.0001497723675;610958;64895;0.6505814053584124;0.1409487215899487;0.6524705741241554;0.13960922501446216;10.84629454067876;9.82064233547969E-6;3.0116636495471045E-4;0.00314751586852124;2.9461927006439067E-5;9.869745547157088E-4;6;9.82064233547969E-6;184;3.0116636495471045E-4;1923;0.00314751586852124;18;2.9461927006439067E-5;603;9.869745547157088E-4;SRR17281100.1434014;0.6505814053584124;0.1409487215899487;0.6524705741241554;0.13960922501446216;
229;Borreliella americana;species;478807;7;715;49;49;24;2.0416666666666665;8;22;2013;287.57142857142856;4.807866847599452E-5;48.998846129911115;1.0000235489236997;1019163;64895;0.5835781311647786;0.304504875946371;0.5848096582583746;0.3047650984384662;2.0319013727063124;6.868381210856359E-6;4.807866847599452E-5;0.001975150196779122;2.15863409484057E-5;7.015560808231853E-4;7;6.868381210856359E-6;49;4.807866847599452E-5;2013;0.001975150196779122;22;2.15863409484057E-5;715;7.015560808231853E-4;SRR17281100.5011;0.5835781311647786;0.304504875946371;0.5848096582583746;0.3047650984384662;
230;Borreliella finlandensis;species;498741;3;467;180;180;27;6.666666666666667;31;25;1004;334.6666666666667;3.5942133165603376E-4;179.96783560215442;1.0001787230353578;500805;64895;0.4616425342939829;0.07051584047688036;0.4667001128809733;0.06490338610925143;9.034123345150022;5.990355527600563E-6;3.5942133165603376E-4;0.0020047723165703218;4.991962939667136E-5;9.32498677129821E-4;3;5.990355527600563E-6;180;3.5942133165603376E-4;1004;0.0020047723165703218;25;4.991962939667136E-5;467;9.32498677129821E-4;SRR17281100.1169197;0.4616425342939829;0.07051584047688036;0.4667001128809733;0.06490338610925143;
231;Borreliella bavariensis;species;664662;4;406;67;67;22;3.0454545454545454;13;19;947;236.75;4.472645102286723E-5;66.99852404283055;1.0000220296967812;1497995;64895;0.5181185340271813;0.35519862151540793;0.5181185340271813;0.35519862151540793;3.2289947238121846;2.670235881962223E-6;4.472645102286723E-5;6.321783450545563E-4;1.2683620439320558E-5;2.710289420191656E-4;4;2.670235881962223E-6;67;4.472645102286723E-5;947;6.321783450545563E-4;19;1.2683620439320558E-5;406;2.710289420191656E-4;SRR17281100.442952;0.5181185340271813;0.35519862151540793;0.5181185340271813;0.35519862151540793;
232;Borreliella yangtzensis;species;683292;0;0;19;19;11;1.7272727272727273;3;11;0;;1.579579200101093E-5;18.99985783883902;1.0000074822223506;1202852;64895;;;;;0.9045340337332908;0.0;1.579579200101093E-5;0.0;9.144932211111592E-6;0.0;0;0.0;19;1.579579200101093E-5;0;0.0;11;9.144932211111592E-6;0;0.0;SRR17281100.750003;;;;;
233;Borreliella kurtenbachii;species;1196056;2;167;35;35;14;2.5;12;13;839;419.5;8.813035234514867E-5;34.99850182556947;1.0000428068160745;397139;64895;0.7508136790633821;0.10530959867275616;0.7611871230467846;0.0906393335029105;3.180469244527388;5.036020134008496E-6;8.813035234514867E-5;0.002112610446216564;3.273413087105522E-5;4.205076811897094E-4;2;5.036020134008496E-6;35;8.813035234514867E-5;839;0.002112610446216564;13;3.273413087105522E-5;167;4.205076811897094E-4;SRR17281100.47685;0.7508136790633821;0.10530959867275616;0.7611871230467846;0.0906393335029105;
234;Borreliella mayonii;species;1674146;0;0;31;31;14;2.2142857142857144;9;14;0;;5.859914029390304E-5;30.999121029184177;1.000028354701251;529018;64895;;;;;2.22498302253061;0.0;5.859914029390304E-5;0.0;2.646412787466589E-5;0.0;0;0.0;31;5.859914029390304E-5;0;0.0;14;2.646412787466589E-5;0;0.0;SRR17281100.2139258;;;;;
235;Candidatus Borreliella tachyglossi;species;1964448;0;0;2;2;1;2.0;2;1;0;;1.975322298524533E-6;1.99999901246814;1.0000004937661737;1012493;64895;;;;;;0.0;1.975322298524533E-6;0.0;9.876611492622665E-7;0.0;0;0.0;2;1.975322298524533E-6;0;0.0;1;9.876611492622665E-7;0;0.0;SRR17281100.1629115;;;;;
236;PVC group;clade;1783257;0;0;0;0;0;;0;0;0;;0.0;0.0;;315;3379134;;;;;;0.0;0.0;0.0;0.0;0.0;6;6.106408973286663E-6;11;1.3095786420208225E-5;1484;0.0015518500468986412;6;6.106408973286663E-6;99;1.2476228726567145E-4;;0.9357953736807305;0.05322524043258655;0.9357953736807305;0.05322524043258655;
237;Chlamydiota;phylum;204428;0;0;0;0;0;;0;0;0;;;0.0;;0;1783257;;;;;;;;;;;6;6.106408973286663E-6;11;1.3095786420208225E-5;1484;0.0015518500468986412;6;6.106408973286663E-6;99;1.2476228726567145E-4;;0.9357953736807305;0.05322524043258655;0.9357953736807305;0.05322524043258655;
238;Chlamydiia;class;204429;0;0;0;0;0;;0;0;0;;0.0;0.0;;1716;204428;;;;;;0.0;0.0;0.0;0.0;0.0;6;6.106408973286663E-6;11;1.3095786420208225E-5;1484;0.0015518500468986412;6;6.106408973286663E-6;99;1.2476228726567145E-4;;0.9357953736807305;0.05322524043258655;0.9357953736807305;0.05322524043258655;
239;Chlamydiales;order;51291;0;0;0;0;0;;0;0;0;;0.0;0.0;;1054;204429;;;;;;0.0;0.0;0.0;0.0;0.0;6;6.106408973286663E-6;11;1.3095786420208225E-5;1484;0.0015518500468986412;6;6.106408973286663E-6;99;1.2476228726567145E-4;;0.9357953736807305;0.05322524043258655;0.9357953736807305;0.05322524043258655;
240;Chlamydiaceae;family;809;0;0;0;0;0;;0;0;0;;0.0;0.0;;3218;51291;;;;;;0.0;0.0;0.0;0.0;0.0;6;6.106408973286663E-6;11;1.3095786420208225E-5;1484;0.0015518500468986412;6;6.106408973286663E-6;99;1.2476228726567145E-4;;0.9357953736807305;0.05322524043258655;0.9357953736807305;0.05322524043258655;
241;Chlamydia/Chlamydophila group;no rank;1113537;0;0;0;0;0;;0;0;0;;;0.0;;0;809;;;;;;;;;;;6;6.106408973286663E-6;11;1.3095786420208225E-5;1484;0.0015518500468986412;6;6.106408973286663E-6;99;1.2476228726567145E-4;;0.9357953736807305;0.05322524043258655;0.9357953736807305;0.05322524043258655;
242;Chlamydia;genus;810;0;0;0;0;0;;0;0;0;;0.0;0.0;;4190012;1113537;;;;;;0.0;0.0;0.0;0.0;0.0;6;6.106408973286663E-6;11;1.3095786420208225E-5;1484;0.0015518500468986412;6;6.106408973286663E-6;99;1.2476228726567145E-4;;0.9357953736807305;0.05322524043258655;0.9357953736807305;0.05322524043258655;
243;Chlamydia psittaci;species;83554;3;69;7;7;3;2.3333333333333335;3;3;786;262.0;1.1261043866592023E-5;6.999966216733979;1.0000048262041523;621612;810;0.9343606388039847;0.0678813359829916;0.9343606388039847;0.0678813359829916;0.5773502691896263;4.826161657110866E-6;1.1261043866592023E-5;0.0012644543541630471;4.826161657110866E-6;1.1100171811354994E-4;3;4.826161657110866E-6;7;1.1261043866592023E-5;786;0.0012644543541630471;3;4.826161657110866E-6;69;1.1100171811354994E-4;SRR17281100.799112;0.9343606388039847;0.0678813359829916;0.9343606388039847;0.0678813359829916;
244;Chlamydia abortus;species;83555;1;15;2;2;1;2.0;2;1;178;178.0;1.1089904748808112E-6;1.999999445412046;1.000000277294054;1803442;810;0.8986486486486487;;0.8986486486486487;;;5.544952374404056E-7;1.1089904748808112E-6;9.87001522643922E-5;5.544952374404056E-7;8.317428561606084E-6;1;5.544952374404056E-7;2;1.1089904748808112E-6;178;9.87001522643922E-5;1;5.544952374404056E-7;15;8.317428561606084E-6;SRR17281100.1940147;0.8986486486486487;;0.8986486486486487;;
245;Chlamydia suis;species;83559;2;15;2;2;2;1.0;1;2;520;260.0;7.257520787353915E-7;1.9999996369241826;1.0000001815379416;2755762;810;0.95652083851189;0.05199745366667136;0.95652083851189;0.05199745366667136;0.0;7.257520787353915E-7;7.257520787353915E-7;1.886955404712018E-4;7.257520787353915E-7;5.443140590515436E-6;2;7.257520787353915E-7;2;7.257520787353915E-7;520;1.886955404712018E-4;2;7.257520787353915E-7;15;5.443140590515436E-6;SRR17281100.1159642;0.95652083851189;0.05199745366667136;0.95652083851189;0.05199745366667136;
