pos;level;name;rank;taxid;reads;kmers from reads;kmers;unique kmers;contigs;average contig length;max contig length;reads >=1 kmer;reads bps;avg. read length;db coverage;exp. unique kmers;unique kmers / exp.;db kmers;parent taxid;mean error;kmer error std. dev.;mean class error;class error std. dev.;contig len std. dev.;norm. reads;norm. kmers;norm. reads bps;norm. read >=1 kmer;norm. reads kmers;acc. reads;acc. norm. reads;acc. kmers;acc. norm. kmers;acc. reads bps;acc. norm. reads bps;acc. read >=1 kmer;acc. norm. read >=1 kmer;acc. reads kmers;acc. norm. reads kmers;max contig desc.;acc. mean error;acc. error std. dev.;acc. class mean error;acc. class error std. dev.;
0;0;TOTAL;;;212613;0;704298613;0;0;;0;0;762872683;3588.0810815895547;;;;524530554;;;;;;;;;;;;;;;;;;;;;;;;;;;
1;0;root;no rank;1;1;18;18;18;1;18.0;18;1;180;180.0;0.006112054329371817;17.948141503334703;1.0028893518950506;2945;;0.88;;0.88;;;3.3955857385398983E-4;0.006112054329371817;0.06112054329371817;3.3955857385398983E-4;0.006112054329371817;143060;0.6386993832127367;7255256;29.419269919361426;62559221;281.8368290917185;228490;1.135078186791162;7234179;36.07829865728661;83560x68273-NZ-JBEQOX010000002_15453_aligned_182277_F_48_67_64;0.8353812422440363;0.1616222987145999;0.8354504253476732;0.1615861009922143;
2;1;cellular organisms;cellular root;131567;35039;1415720;2669571;70037;160903;16.59118226509139;444;80958;14919102;425.7856103199292;0.5354838216404673;130791.99982125084;0.5354838223722956;130792;1;0.8657438509379869;0.1400633269329876;0.8657439535985166;0.14006342006661032;21.832053554650592;0.2678986482353661;20.410812587925868;114.06738944277937;0.6189828124044284;10.824209431769527;143059;0.6383598246388827;7255238;29.413157865032055;62559041;281.7757085484248;228489;1.1347386282173082;7234161;36.07218660295724;1359166x139103-NZ-LAOH01000004_1915_aligned_81347_F_73_515_40;0.8353809303534334;0.16162282054545465;0.8354501139406687;0.1615866228203446;
3;2;Bacteria;domain;2;1581;70316;124349;13175;10692;11.630097268986157;202;7190;704420;445.55344718532575;0.009206829056263334;119099.45144271737;0.1106218361243814;1431003;131567;0.8719892852538599;0.12690951113125395;0.8719892852538599;0.12690951113125395;13.921886235352328;0.0011048194867516001;0.08689639364837111;0.49225613083969777;0.00502444788725111;0.04913756295409583;108020;0.3704611764035162;4585667;9.002345277106178;47639939;167.70831910564544;147531;0.5157558158128803;5818441;25.247977171187678;948x181097-NZ-FLMB01000190_144_aligned_45615_R_7_645_286;0.8255319544752424;0.1668409074964879;0.8256235461960723;0.16679983685341637;
4;3;Bacillati;kingdom;1783272;1;24;22;22;5;4.4;10;4;688;688.0;9.322191901557654E-5;21.99902119747953;1.000044493003197;235996;2;0.9635258358662614;;0.9635258358662614;;3.2093613071762426;4.237359955253479E-6;9.322191901557654E-5;0.0029153036492143933;1.6949439821013915E-5;1.0169663892608349E-4;125;3.671745765098258E-4;19648;0.019595279504183723;140069;0.5500954280900164;183;5.679452559642456E-4;20046;0.0850619493376484;2104x178739-NZ-JBLTZR010000055_1397_aligned_341_R_33_478_161;0.8226261879792417;0.14937448530359496;0.8227968663002825;0.14916062678756475;
5;4;Mycoplasmatota;phylum;544448;1;53;153;153;16;9.5625;35;10;144;144.0;2.3052549265407165E-4;152.9824813923579;1.0001145138154557;663701;1783272;0.5350877192982456;;0.5350877192982456;;9.993122635092597;1.5067025663664812E-6;2.3052549265407165E-4;2.169651695567733E-4;1.5067025663664814E-5;7.985523601742351E-5;124;3.629372165545723E-4;19626;0.019502057585168146;139381;0.547180124440802;179;5.509958161432316E-4;20022;0.08496025269872232;3401667x159231-NZ-JBLVZQ010000015_3896_aligned_1887_F_42_6418_5;0.8214899004962817;0.14943706175308494;0.8216619552553956;0.14922287370807794;
6;5;Mollicutes;class;31969;0;0;1;1;1;1.0;1;1;0;;1.9021532374648102E-5;1.0000000000002216;0.9999999999997784;52572;544448;;;;;;0.0;1.9021532374648102E-5;0.0;1.9021532374648102E-5;0.0;57;3.0833810350879985E-4;7108;0.010168395328838094;47984;0.48075074674014473;87;3.7076178935517714E-4;7193;0.07580884922036035;29559x190374-NZ-JFKG01000031_11038_aligned_20917_R_197_13198_141;0.7904135694795584;0.18303792542725802;0.7907865753801296;0.18271771713223617;
7;6;Mycoplasmatales;order;2085;0;0;0;0;0;;0;0;0;;0.0;0.0;;241;31969;;;;;;0.0;0.0;0.0;0.0;0.0;57;3.0833810350879985E-4;7107;0.010149373796463445;47984;0.48075074674014473;86;3.5174025698052905E-4;7193;0.07580884922036035;;0.7904135694795584;0.18303792542725802;0.7907865753801296;0.18271771713223617;
8;7;Mycoplasmataceae;family;2092;0;0;0;0;0;;0;0;0;;0.0;0.0;;1514;2085;;;;;;0.0;0.0;0.0;0.0;0.0;57;3.0833810350879985E-4;7107;0.010149373796463445;47984;0.48075074674014473;86;3.5174025698052905E-4;7193;0.07580884922036035;;0.7904135694795584;0.18303792542725802;0.7907865753801296;0.18271771713223617;
9;8;Mycoplasma;genus;2093;1;166;774;774;57;13.578947368421053;61;8;1179;1179.0;3.4096405604497554E-4;773.8682322400028;1.000170271571448;2270034;2092;0.855526544821584;;0.855526544821584;;12.603779717128301;4.405220362338185E-7;3.4096405604497554E-4;5.193754807196721E-4;3.524176289870548E-6;7.312665801481388E-5;57;3.0833810350879985E-4;7107;0.010149373796463445;47984;0.48075074674014473;86;3.5174025698052905E-4;7193;0.07580884922036035;3401677x146654-NZ-JBLWAA010000004_76993_aligned_23002_R_1888_3460_316;0.7904135694795584;0.18303792542725802;0.7907865753801296;0.18271771713223617;
10;9;Mycoplasma mycoides group;species group;656088;3;37;25;25;4;6.25;8;3;395;131.66666666666666;3.3640674535893256E-5;24.99959631531955;1.0000161476479603;743148;2093;0.8693232131562302;0.061570591102069465;0.8693232131562302;0.061570591102069465;1.707825127659933;4.036880944307191E-6;3.3640674535893256E-5;5.315226576671135E-4;4.036880944307191E-6;4.978819831312202E-5;16;1.3107493641282185E-5;434;3.7082602664432183E-4;6407;0.0047899208084481;22;1.7705773846750894E-5;443;3.413072817559461E-4;40477x218895-NZ-LS483514_103007_aligned_162147_F_0_97_1;0.8271970690690396;0.2243706956141078;0.8271970690690396;0.2243706956141078;
11;10;Mycoplasma mycoides;species;2102;7;234;317;317;23;13.782608695652174;37;11;3356;479.42857142857144;2.995160500919335E-4;316.95268115770955;1.000149293080966;1058374;656088;0.8528677165944556;0.1820710534348771;0.8528677165944556;0.1820710534348771;11.556015834892431;6.613919087203578E-6;2.995160500919335E-4;0.0031709017795221728;1.0393301422748481E-5;2.2109386662937677E-4;13;9.070612696974995E-6;409;3.371853521084285E-4;6012;0.004258398150780987;19;1.3668892902443703E-5;406;2.9151908344282406E-4;2102x117831-NZ-JAUYZB010000015_15473_aligned_60058_F_36_2085_63;0.8174756512027648;0.24849527942897257;0.8174756512027648;0.24849527942897257;
12;11;Mycoplasma mycoides subsp. capri;subspecies;40477;6;172;92;92;9;10.222222222222221;31;8;2656;442.6666666666667;3.766930201649506E-5;91.99828607160747;1.0000186300035112;2442307;2102;0.7761849082457922;0.3234507365940053;0.7761849082457922;0.3234507365940053;8.814445214784902;2.4566936097714168E-6;3.766930201649506E-5;0.001087496371258814;3.2755914796952228E-6;7.042521681344729E-5;6;2.4566936097714168E-6;92;3.766930201649506E-5;2656;0.001087496371258814;8;3.2755914796952228E-6;172;7.042521681344729E-5;40477x218895-NZ-LS483514_72527_aligned_135655_R_3_140_1;0.7761849082457922;0.3234507365940053;0.7761849082457922;0.3234507365940053;
13;9;Mycoplasma miroungigenitalium;species;754515;0;0;1;1;1;1.0;1;1;0;;1.4743347801471976E-6;1.0000000000014637;0.9999999999985363;678272;2093;;;;;;0.0;1.4743347801471976E-6;0.0;1.4743347801471976E-6;0.0;0;0.0;1;1.4743347801471976E-6;0;0.0;1;1.4743347801471976E-6;0;0.0;444612x54001-NZ-CM000770_1244394_aligned_32598_F_1_176_8;;;;;
14;9;unclassified Asterococcus (in: mycoplasmas, genus);no rank;2683645;14;731;4377;4376;205;21.351219512195122;145;24;3599;257.07142857142856;3.1245943418280506E-4;4376.316251818208;0.9999277356114114;14005018;2093;0.745469109663946;0.16964994069731432;0.745469109663946;0.16964994069731432;24.3836485104664;9.99641699853581E-7;3.1253083716136605E-4;2.569793198409313E-4;1.7136714854632817E-6;5.2195577328069124E-5;22;2.8058604678160516E-4;5013;0.008737744027384803;34980;0.47116603409502367;34;3.1246459083913536E-4;5694;0.07469210436202216;3568888x55503-NZ-JBTKTI010000005_39998_aligned_12163_R_16_3304_316;0.7694383851349361;0.14219629849998025;0.7699386090474886;0.1422525565188608;
15;10;Mycoplasma sp. CSL7503-lung;species;536372;1;442;348;348;17;20.470588235294116;58;1;2463;2463.0;5.104847404669176E-4;347.9114458847447;1.0002545306177844;681705;2683645;0.8183312782572956;;0.8183312782572956;;17.223231574891887;1.46691017375551E-6;5.104847404669176E-4;0.003612999757959821;1.46691017375551E-6;6.483742967999355E-4;1;1.46691017375551E-6;348;5.104847404669176E-4;2463;0.003612999757959821;1;1.46691017375551E-6;442;6.483742967999355E-4;536372x92908-NZ-JAOPHP010000007_27091_aligned_42380_R_341_2053_39;0.8183312782572956;;0.8183312782572956;;
16;10;Mycoplasma sp. 1654_15;species;2725994;0;0;3;3;1;3.0;3;1;0;;3.6247512514453694E-6;2.9999963752813317;1.000001208241016;827643;2683645;;;;;;0.0;3.6247512514453694E-6;0.0;1.2082504171484565E-6;0.0;0;0.0;3;3.6247512514453694E-6;0;0.0;1;1.2082504171484565E-6;0;0.0;3401667x159231-NZ-JBLVZQ010000015_3896_aligned_1887_F_42_6418_5;;;;;
17;10;Mycoplasma sp. 4079;species;3398615;1;528;14;14;1;14.0;14;1;4481;4481.0;2.076042469897384E-4;13.998650652440991;1.0000963912588798;67436;2683645;0.8813749719164232;;0.8813749719164232;;;1.4828874784981316E-5;2.076042469897384E-4;0.06644818791150127;1.4828874784981316E-5;0.007829645886470135;1;1.4828874784981316E-5;14;2.076042469897384E-4;4481;0.06644818791150127;1;1.4828874784981316E-5;528;0.007829645886470135;3398615x38368-NZ-JBLNNG010000005_755_aligned_25775_F_1_4421_1;0.8813749719164232;;0.8813749719164232;;
18;10;Mycoplasma sp. Z473B;species;3401667;1;1241;34;34;4;8.5;13;1;6524;6524.0;2.2052003813699482E-4;33.996361671134316;1.0001070211248155;154181;2683645;0.8084385586695411;;0.8089005235602095;;4.203173404306164;6.485883474617495E-6;2.2052003813699482E-4;0.042313903788404536;6.485883474617495E-6;0.008048981392000311;1;6.485883474617495E-6;34;2.2052003813699482E-4;6524;0.042313903788404536;1;6.485883474617495E-6;1241;0.008048981392000311;3401667x159231-NZ-JBLVZQ010000015_3896_aligned_1887_F_42_6418_5;0.8084385586695411;;0.8089005235602095;;
19;10;Mycoplasma sp. 653B;species;3401677;1;812;17;17;4;4.25;9;1;5676;5676.0;3.367136745365235E-4;16.997306557316083;1.0001584629114522;50488;2683645;0.8561813673397095;;0.8561813673397095;;3.4034296427770228;1.980668673744256E-5;3.367136745365235E-4;0.11242275392172398;1.980668673744256E-5;0.01608302963080336;1;1.980668673744256E-5;17;3.367136745365235E-4;5676;0.11242275392172398;1;1.980668673744256E-5;812;0.01608302963080336;3401677x146654-NZ-JBLWAA010000004_76993_aligned_23002_R_1888_3460_316;0.8561813673397095;;0.8561813673397095;;
20;10;Mycoplasma sp. Z407A;species;3401678;1;1102;116;116;8;14.5;52;1;7948;7948.0;0.00222849787716366;115.87195486592283;1.0011050571661222;52053;2683645;0.8606971457438747;;0.8608234402626926;;17.29574679344194;1.921118859623845E-5;0.00222849787716366;0.1526905269629032;1.921118859623845E-5;0.02117072983305477;1;1.921118859623845E-5;116;0.00222849787716366;7948;0.1526905269629032;1;1.921118859623845E-5;1102;0.02117072983305477;3401678x204436-NZ-JBLWAB010000012_10856_aligned_57350_F_8_7682_10;0.8606971457438747;;0.8608234402626926;;
21;10;Mycoplasma sp. Sp48II;species;3401682;0;0;1;1;1;1.0;1;1;0;;2.9956263854772032E-5;1.0000000000017524;0.9999999999982476;33382;2683645;;;;;;0.0;2.9956263854772032E-5;0.0;2.9956263854772032E-5;0.0;0;0.0;1;2.9956263854772032E-5;0;0.0;1;2.9956263854772032E-5;0;0.0;3401678x204436-NZ-JBLWAB010000012_10856_aligned_57350_F_8_7682_10;;;;;
22;10;Mycoplasma sp. 128;species;3458463;2;147;42;42;2;21.0;25;2;615;307.5;0.00440852314474651;41.9097516284391;1.0021533979098949;9527;2683645;0.7278401997503121;0.07062240011850784;0.7330485330836454;0.07798809575586706;5.656854249492381;2.0992967355935762E-4;0.00440852314474651;0.06455337461950246;2.0992967355935762E-4;0.015429831006612785;2;2.0992967355935762E-4;42;0.00440852314474651;615;0.06455337461950246;2;2.0992967355935762E-4;147;0.015429831006612785;3458463x7971-NZ-JBSQBH010000002_79088_aligned_183229_R_64_165_71;0.7278401997503121;0.07062240011850784;0.7330485330836454;0.07798809575586706;
23;10;Mycoplasma sp. HF14;species;3568888;1;691;61;61;2;30.5;51;1;3674;3674.0;4.792884530768747E-4;60.98562356764755;1.0002357347766806;127272;2683645;0.8103732162458837;;0.8103732162458837;;28.991378028648448;7.857187755358601E-6;4.792884530768747E-4;0.028867307813187505;7.857187755358601E-6;0.005429316738952794;1;7.857187755358601E-6;61;4.792884530768747E-4;3674;0.028867307813187505;1;7.857187755358601E-6;691;0.005429316738952794;3568888x55503-NZ-JBTKTI010000005_39998_aligned_12163_R_16_3304_316;0.8103732162458837;;0.8103732162458837;;
24;9;Candidatus Mycoplasma pogonae;species;3472838;18;890;885;885;35;25.285714285714285;131;21;5418;301.0;6.983653516091995E-4;884.6913941757535;1.0003488287851312;1267245;2093;0.7797360743022234;0.19685667729532164;0.780305874872024;0.1959255532316576;30.727044447915937;1.4204041049678633E-5;6.983653516091995E-4;0.004275416355953268;1.6571381224625074E-5;7.023109185674435E-4;18;1.4204041049678633E-5;885;6.983653516091995E-4;5418;0.004275416355953268;21;1.6571381224625074E-5;890;7.023109185674435E-4;3472838x164245-NZ-JBSWZS010000002_61066_aligned_18761_R_4_202_1;0.7797360743022234;0.19685667729532164;0.780305874872024;0.1959255532316576;
25;5;Mycoplasmoidales;order;2790996;0;0;0;0;0;;0;0;0;;0.0;0.0;;51948;544448;;;;;;0.0;0.0;0.0;0.0;0.0;66;5.3092410479406005E-5;12365;0.009103136763675988;91253;0.06621241253110058;82;1.6516700112438986E-4;12776;0.009071548242344516;;0.8526679769985737;0.1014794469464371;0.8526690899349004;0.10147967292707222;
26;6;Mycoplasmoidaceae;family;2790998;0;0;0;0;0;;0;0;0;;0.0;0.0;;2088;2790996;;;;;;0.0;0.0;0.0;0.0;0.0;43;3.120014285515021E-5;5720;0.005648928275700563;48833;0.04467927755346091;49;7.9176390992078E-5;6100;0.005910267035634056;;0.8610976795942741;0.09569672480981262;0.8610976795942741;0.09569672480981262;
27;7;Malacoplasma;genus;2791001;0;0;0;0;0;;0;0;0;;0.0;0.0;;3325;2790998;;;;;;0.0;0.0;0.0;0.0;0.0;29;1.6701971178157047E-5;882;5.079702958322247E-4;12817;0.007381695330704789;33;1.9005691340661468E-5;885;5.096980859541029E-4;;0.8612596369093775;0.10862961120135148;0.8612596369093775;0.10862961120135148;
28;8;Malacoplasma iowae;species;2116;29;885;882;882;45;19.6;86;33;12817;441.9655172413793;5.079702958322247E-4;881.7762769311895;1.0002537186298424;1736322;2791001;0.8612596369093775;0.10862961120135148;0.8612596369093775;0.10862961120135148;18.940576932750876;1.6701971178157047E-5;5.079702958322247E-4;0.007381695330704789;1.9005691340661468E-5;5.096980859541029E-4;29;1.6701971178157047E-5;882;5.079702958322247E-4;12817;0.007381695330704789;33;1.9005691340661468E-5;885;5.096980859541029E-4;2116x149700-NZ-CP129194_1026027_aligned_138081_R_42_138_294;0.8612596369093775;0.10862961120135148;0.8612596369093775;0.10862961120135148;
29;7;Mycoplasmoides;genus;2995234;0;0;6;6;2;3.0;4;2;0;;1.3701758392327016E-4;5.999657466479044;1.0000570921794902;43790;2790998;;;;;1.4142135623730951;0.0;1.3701758392327016E-4;0.0;4.567252797442338E-5;0.0;14;1.4498171676993162E-5;4838;0.005140957979868339;36016;0.03729758222275612;16;6.017069965141654E-5;5215;0.005400568949679953;2104x130852-NZ-JBLTZD010000008_13100_aligned_26481_F_384_2260_5;0.8607621965844169;0.06457966306435788;0.8607621965844169;0.06457966306435788;
30;8;Mycoplasmoides pneumoniae;species;2104;14;5215;4832;4769;216;22.37037037037037;155;14;36016;2572.5714285714284;0.004938698623398599;4819.933109507877;0.9894328181842595;965639;2995234;0.8607621965844169;0.06457966306435788;0.8607621965844169;0.06457966306435788;25.349498446519505;1.4498171676993162E-5;0.0050039403959450685;0.03729758222275612;1.4498171676993162E-5;0.005400568949679953;14;1.4498171676993162E-5;4832;0.0050039403959450685;36016;0.03729758222275612;14;1.4498171676993162E-5;5215;0.005400568949679953;2104x130852-NZ-JBLTZD010000008_13100_aligned_26481_F_384_2260_5;0.8607621965844169;0.06457966306435788;0.8607621965844169;0.06457966306435788;
31;6;Metamycoplasmataceae;family;2895623;0;0;9;9;2;4.5;5;1;0;;7.058989623285254E-5;8.999717645648797;1.0000313736899669;127497;2790996;;;;;0.7071067811865476;0.0;7.058989623285254E-5;0.0;7.843321803650282E-6;0.0;23;2.1892267624255805E-5;6645;0.0034542084879754234;42420;0.021533134977639673;33;8.599061013231184E-5;6676;0.0031612812067104584;29559x199656-NZ-JAQRAO010000006_17574_aligned_0_R_102_13296_532;0.836908098232699;0.1120017564923818;0.8369112918760713;0.11200283120800154;
32;7;Metamycoplasma;genus;2895509;0;0;20;20;6;3.3333333333333335;8;4;0;;2.4748187195287945E-4;19.997649096797254;1.0001175589786262;80814;2895623;;;;;2.503331114069145;0.0;2.4748187195287945E-4;0.0;4.949637439057589E-5;0.0;23;2.1892267624255805E-5;6636;0.003383618591742571;42420;0.021533134977639673;32;7.814728832866155E-5;6676;0.0031612812067104584;92400x102205-NZ-CP030140_731968_aligned_200357_F_250_99_84;0.836908098232699;0.1120017564923818;0.8369112918760713;0.11200283120800154;
33;8;Metamycoplasma hominis;species;2098;4;430;430;430;20;21.5;72;4;4125;1031.25;1.2919768537839749E-4;429.9722882679222;1.0000644500420932;3328233;2895509;0.9022999635381845;0.01796834503887316;0.9022999635381845;0.01796834503887316;20.337934480850517;1.2018389337525347E-6;1.2919768537839749E-4;0.0012393964004323015;1.2018389337525347E-6;1.2919768537839749E-4;4;1.2018389337525347E-6;430;1.2919768537839749E-4;4125;0.0012393964004323015;4;1.2018389337525347E-6;430;1.2919768537839749E-4;2098x65939-NZ-JADMIW010000005_22008_aligned_2115_R_71_2059_493;0.9022999635381845;0.01796834503887316;0.9022999635381845;0.01796834503887316;
34;8;Metamycoplasma hyosynoviae;species;29559;5;5274;5217;5217;208;25.08173076923077;296;5;32269;6453.8;0.002183552330336268;5211.30943600667;1.0010919643255134;2389226;2895509;0.7964305011532442;0.052498963252344856;0.7964451919127564;0.052525723458291124;34.90010662448748;2.092727937834261E-6;0.002183552330336268;0.013506047565194754;2.092727937834261E-6;0.0022074094288275785;5;2.092727937834261E-6;5217;0.002183552330336268;32269;0.013506047565194754;5;2.092727937834261E-6;5274;0.0022074094288275785;29559x199656-NZ-JAQRAO010000006_17574_aligned_0_R_102_13296_532;0.7964305011532442;0.052498963252344856;0.7964451919127564;0.052525723458291124;
35;8;Metamycoplasma auris;species;51363;1;39;39;39;1;39.0;39;1;107;107.0;5.4543013459537476E-5;38.9989637005347;1.0000265724872397;715032;2895509;0.4935064935064935;;0.4935064935064935;;;1.398538806654807E-6;5.4543013459537476E-5;1.4964365231206437E-4;1.398538806654807E-6;5.4543013459537476E-5;1;1.398538806654807E-6;41;5.730588706912133E-5;107;1.4964365231206437E-4;2;2.779975611446735E-6;39;5.4543013459537476E-5;51363x191361-NZ-QKUB01000023_1669_aligned_134127_F_0_114_1;0.4935064935064935;;0.4935064935064935;;
36;9;Metamycoplasma auris 15026;strain;1188233;0;0;2;2;1;2.0;2;1;0;;2.762873609583856E-6;1.999998618632341;1.0000006906843064;723884;51363;;;;;;0.0;2.762873609583856E-6;0.0;1.381436804791928E-6;0.0;0;0.0;2;2.762873609583856E-6;0;0.0;1;1.381436804791928E-6;0;0.0;3472838x164245-NZ-JBSWZS010000002_77470_aligned_138537_F_3_219_1;;;;;
37;8;[Mycoplasma] anseris;species;92400;12;320;316;316;19;16.63157894736842;86;15;4073;339.4166666666667;4.3892180802449074E-4;315.9308798589548;1.0002187824788638;719946;2895509;0.8751318726671601;0.08134785167197224;0.8751318726671601;0.08134785167197224;19.80799649500673;1.6667916760423697E-5;4.3892180802449074E-4;0.005657368747100477;2.0834895950529622E-5;4.4447778027796527E-4;12;1.6667916760423697E-5;316;4.3892180802449074E-4;4073;0.005657368747100477;15;2.0834895950529622E-5;320;4.4447778027796527E-4;92400x102205-NZ-CP030140_640420_aligned_178426_F_402_143_4;0.8751318726671601;0.08134785167197224;0.8751318726671601;0.08134785167197224;
38;8;Metamycoplasma equirhinis;species;92402;1;613;609;609;15;40.6;153;1;1846;1846.0;3.235283180246179E-4;608.901657995869;1.0001615072037326;1882370;2895509;0.6624449339207048;;0.6624449339207048;;40.98396899137166;5.312451855905056E-7;3.235283180246179E-4;9.806786126000733E-4;5.312451855905056E-7;3.256532987669799E-4;1;5.312451855905056E-7;609;3.235283180246179E-4;1846;9.806786126000733E-4;1;5.312451855905056E-7;613;3.256532987669799E-4;92402x74729-NZ-JAXIHL010000004_5513_aligned_20236_F_1_1842_0;0.6624449339207048;;0.6624449339207048;;
39;8;[Mycoplasma] gypis;species;92404;0;0;3;3;1;3.0;3;1;0;;3.630690956795988E-6;2.9999963694132665;1.0000012101970424;826289;2895509;;;;;;0.0;3.630690956795988E-6;0.0;1.210230318931996E-6;0.0;0;0.0;3;3.630690956795988E-6;0;0.0;1;1.210230318931996E-6;0;0.0;3458463x7971-NZ-JBSQBH010000002_31632_aligned_182870_R_64_162_91;;;;;
40;3;Pseudomonadati;kingdom;3379134;193;11464;12251;5787;1033;11.859632139399807;193;769;100609;521.2901554404145;0.012932623867808784;12084.828296581027;0.47886489224155765;447473;2;0.8629719655016627;0.12630788459149883;0.8629719655016627;0.12630788459149883;18.070668947804247;4.313109394309824E-4;0.027378188181186352;0.22483814665912805;0.0017185394426032408;0.025619422847858977;106314;0.3689891823402548;4441670;8.895853603953622;46795450;166.6659675467157;140158;0.510163422669665;5728079;25.11377765889593;1405396x3190-NZ-KE360087_525_aligned_37278_F_27_557_173;0.824844502031077;0.1672859885437613;0.8249373628292215;0.16724497722994175;
41;4;Pseudomonadota;phylum;1224;1233;25758;68932;2476;4743;14.533417668142526;127;3503;345690;280.3649635036496;0.0061007460847796735;63395.998509473764;0.03905609278525666;405852;3379134;0.8481597462830673;0.17264832650163645;0.8481668605813841;0.17265024719877334;15.968775239334084;0.0030380532805061944;0.1698451652326464;0.8517636971112622;0.008631225175679805;0.06346648531977174;100148;0.3602224279282032;4115058;8.482319489526377;43962303;163.12854105212526;127895;0.4785836236764035;5391747;24.639602486670775;263x62188-NZ-VIZG01000101_5338_aligned_12147_R_6_4463_9;0.8248138641181366;0.16704374181851042;0.8248769952892526;0.16701472799448663;
42;5;Gammaproteobacteria;class;1236;2;156;11104;10854;534;20.794007490636705;187;99;2141;1070.5;0.025539063897071973;10960.209053568587;0.9903095777599237;424996;1224;0.9315664290884044;0.01649681811855666;0.9315664290884044;0.01649681811855666;24.51646231867137;4.705926644015473E-6;0.026127304727573908;0.005037694472418564;2.329433688787659E-4;3.670622782332069E-4;244;3.1574283706477376E-4;76523;0.048234007997841465;555873;1.1652492546614184;767;0.0017368434193782705;78544;0.1534860777066535;263x128977-NZ-VJGH01000012_17498_aligned_12303_F_1_1654_0;0.847380982843884;0.10895629352690736;0.8479356075485188;0.1090314584858661;
43;6;Thiotrichales;order;72273;0;0;15;15;4;3.75;10;4;0;;5.160668822679419E-4;14.99638807033656;1.000240853307243;29066;1236;;;;;4.272001872658765;0.0;5.160668822679419E-4;0.0;1.376178352714512E-4;0.0;242;3.110369104207583E-4;65419;0.022106703270267578;553732;1.1602115601889995;668;0.0015039000504995046;78388;0.15311901542842032;2599927x232579-NZ-OZ220197_122323_aligned_61212_R_0_732_4;0.8466852353542598;0.10913094061596787;0.8472444437341395;0.10921017354699601;
44;7;Francisellaceae;family;34064;0;0;1608;1530;223;7.210762331838565;64;80;0;;0.001726396604076327;1606.5430026156394;0.9523554598345526;886239;72273;;;;;8.453128364455498;0.0;0.0018144089799704143;0.0;9.026910348111514E-5;0.0;242;3.110369104207583E-4;65404;0.02159063638799964;553732;1.1602115601889995;664;0.0013662822152280536;78388;0.15311901542842032;263x87284-NZ-VJBI01000043_10753_aligned_1_R_20_12555_32;0.8466852353542598;0.10913094061596787;0.8472444437341395;0.10921017354699601;
45;8;Francisella;genus;262;74;5023;42901;41801;2481;17.291817815397017;256;239;48048;649.2972972972973;0.0043151080810646955;42806.14531161689;0.9765186679552734;9687127;34064;0.8720360942031005;0.1371832484905287;0.8722882119925317;0.13724065937028526;20.567363003751495;7.639003803707745E-6;0.0044286608403089995;0.004959984523791212;2.4671917690353394E-5;5.18523190621946E-4;242;3.110369104207583E-4;63796;0.01977622740802922;553732;1.1602115601889995;584;0.0012760131117469384;78388;0.15311901542842032;2599927x232579-NZ-OZ220197_37675_aligned_81163_F_21_620_54;0.8466852353542598;0.10913094061596787;0.8472444437341395;0.10921017354699601;
46;9;Francisella tularensis;species;263;73;22264;17450;17012;1312;13.300304878048781;125;137;164501;2253.4383561643835;0.008429017780609692;17374.78456392809;0.9791200539728551;2018266;262;0.8387478626660553;0.09425326918897345;0.8391072829830337;0.0943063215044219;12.916787008953397;3.61696624726374E-5;0.008646035755445517;0.08150610474536062;6.788005148974417E-5;0.011031251579326015;129;2.4274487983368747E-4;19244;0.012902596381745174;464444;1.0884924655058557;244;0.0010715512749636465;66348;0.14130439426730218;264x156885-NZ-JBKJFO010000031_5870_aligned_11390_F_23_9348_37;0.8464418991185706;0.07672356361192446;0.8470432651053614;0.07673750508374193;
47;10;Francisella tularensis subsp. novicida;subspecies;264;3;3485;565;565;52;10.865384615384615;38;15;25253;8417.666666666666;5.759564189578349E-4;564.8376113844141;1.00028749610917;980977;263;0.854089631397922;0.031308856066432106;0.8559259151473211;0.030833624214500203;9.715620828565951;3.058175675882309E-6;5.759564189578349E-4;0.025742703447685318;1.5290878379411545E-5;0.0035525807434832824;5;3.106257868947777E-5;601;8.994614776121724E-4;27999;0.06681553503269486;22;8.003512193204535E-5;3768;0.008621691718004856;264x156885-NZ-JBKJFO010000031_5870_aligned_11390_F_23_9348_37;0.873932170579031;0.05198774311383744;0.8750339408286703;0.05132558985644301;
48;11;Francisella cf. novicida Fx1;strain;984129;1;47;9;9;3;3.0;5;3;1149;1149.0;7.332991127080736E-5;8.999706685974465;1.0000325915094537;122733;264;0.9579982126899017;;0.9579982126899017;;1.7320508075688772;8.147767918978596E-6;7.332991127080736E-5;0.009361785338906407;2.4443303756935786E-5;3.82945092191994E-4;1;8.147767918978596E-6;9;7.332991127080736E-5;1149;0.009361785338906407;3;2.4443303756935786E-5;47;3.82945092191994E-4;263x181315-NZ-VJJO01000089_910_aligned_13211_F_8_1097_4;0.9579982126899017;;0.9579982126899017;;
49;11;Francisella tularensis subsp. novicida FSC159;strain;1088879;1;236;6;6;1;6.0;6;1;1597;1597.0;1.191398105677012E-4;5.999702158364586;1.000049642736848;50361;264;0.8493937460114869;;0.8493937460114869;;;1.9856635094616865E-5;1.191398105677012E-4;0.03171104624610314;1.9856635094616865E-5;0.00468616588232958;1;1.9856635094616865E-5;6;1.191398105677012E-4;1597;0.03171104624610314;1;1.9856635094616865E-5;236;0.00468616588232958;119857x204165-NZ-PKBM01000067_1825_aligned_63532_R_38_1232_319;0.8493937460114869;;0.8493937460114869;;
50;11;Francisella tularensis subsp. novicida FSC595;strain;1088885;0;0;8;8;2;4.0;7;2;0;;5.988472191032263E-5;7.9997904065982475;1.0000261998616338;133590;264;;;;;4.242640687119285;0.0;5.988472191032263E-5;0.0;1.4971180477580657E-5;0.0;0;0.0;8;5.988472191032263E-5;0;0.0;2;1.4971180477580657E-5;0;0.0;263x166079-NZ-JACTRD010000063_8727_aligned_4244_R_1_8441_2;;;;;
51;11;Francisella tularensis subsp. novicida PA10-7858;strain;1386968;0;0;13;13;1;13.0;13;1;0;;7.115061490550651E-5;12.99957310487304;1.0000328391650646;182711;264;;;;;;0.0;7.115061490550651E-5;0.0;5.4731242235005E-6;0.0;0;0.0;13;7.115061490550651E-5;0;0.0;1;5.4731242235005E-6;0;0.0;263x57501-NZ-VJIV01000013_13314_aligned_1831_F_6_12564_0;;;;;
52;10;Francisella tularensis subsp. tularensis;subspecies;119856;0;0;0;0;0;;0;0;0;;0.0;0.0;;17693;263;;;;;;0.0;0.0;0.0;0.0;0.0;0;0.0;2;0.0011514104778353484;0;0.0;1;5.757052389176742E-4;0;0.0;;;;;;
53;11;Francisella tularensis subsp. tularensis 80700075;strain;1210520;0;0;2;2;1;2.0;2;1;0;;0.0011514104778353484;1.9994242947611767;1.0002879355024004;1737;119856;;;;;;0.0;0.0011514104778353484;0.0;5.757052389176742E-4;0.0;0;0.0;2;0.0011514104778353484;0;0.0;1;5.757052389176742E-4;0;0.0;263x116194-NZ-VJBS01000093_2040_aligned_6158_R_0_1125_1;;;;;
54;10;Francisella tularensis subsp. holarctica;subspecies;119857;50;39628;1179;1179;202;5.836633663366337;31;82;266586;5331.72;2.02684164091999E-4;1178.8806268885348;1.0001012597109007;5816932;263;0.8544413395119044;0.04313000273998561;0.8553541793163187;0.042935142317125544;7.093409775505659;8.595596441560603E-6;2.02684164091999E-4;0.045829313459397496;1.4096778164159388E-5;0.006812525915723271;50;8.595596441560603E-6;1179;2.02684164091999E-4;266586;0.045829313459397496;82;1.4096778164159388E-5;39628;0.006812525915723271;263x91994-NZ-VFRW01000042_14056_aligned_12687_R_1_4158_16;0.8544413395119044;0.04313000273998561;0.8553541793163187;0.042935142317125544;
55;10;Francisella tularensis subsp. mediasiatica;subspecies;135248;1;688;12;12;2;6.0;11;2;5358;5358.0;0.00200300450676014;11.988989602399126;1.0009183757736073;5991;263;0.8706831831831832;;0.8708708708708709;;7.0710678118654755;1.6691704223001168E-4;0.00200300450676014;0.8943415122684026;3.3383408446002337E-4;0.11483892505424804;1;1.6691704223001168E-4;12;0.00200300450676014;5358;0.8943415122684026;2;3.3383408446002337E-4;688;0.11483892505424804;135248x44941-NZ-SGWN01000019_15478_aligned_22515_R_0_5330_0;0.8706831831831832;;0.8708708708708709;;
56;9;Francisella persica;species;954;0;0;0;0;0;;0;0;0;;;0.0;;0;262;;;;;;;;;;;0;0.0;22;1.966232635708036E-5;0;0.0;7;6.256194749980114E-6;0;0.0;;;;;;
57;10;Francisella persica ATCC VR-331;strain;1086726;0;0;22;22;7;3.142857142857143;10;7;0;;1.966232635708036E-5;21.999793545765314;1.0000093843714604;1118891;954;;;;;3.532165125838609;0.0;1.966232635708036E-5;0.0;6.256194749980114E-6;0.0;0;0.0;22;1.966232635708036E-5;0;0.0;7;6.256194749980114E-6;0;0.0;263x144225-NZ-JACTOX010000042_3144_aligned_14500_R_2_571_0;;;;;
58;9;Francisella philomiragia;species;28110;1;103;86;86;11;7.818181818181818;21;9;546;546.0;1.340298104117162E-5;85.99943039365134;1.0000066233735043;6416483;262;0.8003875968992248;;0.8003875968992248;;6.337478707154475;1.5584861675780953E-7;1.340298104117162E-5;8.509334474976401E-5;1.4026375508202857E-6;1.605240752605438E-5;1;1.5584861675780953E-7;86;1.340298104117162E-5;546;8.509334474976401E-5;9;1.4026375508202857E-6;103;1.605240752605438E-5;2599927x232579-NZ-OZ220197_306519_aligned_16998_R_1_539_5;0.8003875968992248;;0.8003875968992248;;
59;9;Francisella orientalis;species;299583;0;0;9;9;3;3.0;6;3;0;;1.2460093090739936E-5;8.999950159509298;1.000005537862968;722306;262;;;;;2.6457513110645907;0.0;1.2460093090739936E-5;0.0;4.153364363579978E-6;0.0;0;0.0;9;1.2460093090739936E-5;0;0.0;3;4.153364363579978E-6;0;0.0;657445x209015-NZ-JACVLE010000141_4841_aligned_59613_F_122_2527_7;;;;;
60;9;Francisella halioticida;species;549298;0;0;3;3;2;1.5;2;2;0;;1.5716787677200232E-6;2.999998428564984;1.0000005238119463;1908787;262;;;;;0.7071067811865476;0.0;1.5716787677200232E-6;0.0;1.0477858451466821E-6;0.0;0;0.0;3;1.5716787677200232E-6;0;0.0;2;1.0477858451466821E-6;0;0.0;263x45639-NZ-VJJD01000074_3426_aligned_12451_R_3_1262_1;;;;;
61;9;Francisella salina;species;573569;0;0;1;1;1;1.0;1;1;0;;3.6121686738283932E-6;1.0000000000028935;0.9999999999971065;276842;262;;;;;;0.0;3.6121686738283932E-6;0.0;3.6121686738283932E-6;0.0;0;0.0;1;3.6121686738283932E-6;0;0.0;1;3.6121686738283932E-6;0;0.0;2599927x232579-NZ-OZ220197_71581_aligned_15334_F_37_565_0;;;;;
62;9;Francisella hispaniensis;species;622488;1;44;166;166;26;6.384615384615385;27;20;866;866.0;8.090654319483368E-5;165.9933253852687;1.000040210139268;2051750;262;0.9473684210526315;;0.9473684210526315;;7.77213959255454;4.873888144267089E-7;8.090654319483368E-5;4.220787132935299E-4;9.747776288534178E-6;2.1445107834775193E-5;1;4.873888144267089E-7;174;1.0272756174542708E-4;866;4.220787132935299E-4;24;2.0658285563830874E-5;44;2.1445107834775193E-5;263x144225-NZ-JACTOX010000042_10010_aligned_65902_F_308_558_1;0.9473684210526315;;0.9473684210526315;;
63;10;Francisella hispaniensis FSC454;strain;1088883;0;0;8;8;4;2.0;3;4;0;;2.1821018550593394E-5;7.9999236267502685;1.000009546747356;366619;622488;;;;;0.816496580927726;0.0;2.1821018550593394E-5;0.0;1.0910509275296697E-5;0.0;0;0.0;8;2.1821018550593394E-5;0;0.0;4;1.0910509275296697E-5;0;0.0;263x57501-NZ-VJIV01000013_13314_aligned_1831_F_6_12564_0;;;;;
64;9;Candidatus Francisella endociliophora;species;653937;0;0;11;11;1;11.0;11;1;0;;5.862483198656105E-6;10.999970687347785;1.0000026647936662;1876338;262;;;;;;0.0;5.862483198656105E-6;0.0;5.32953018059646E-7;0.0;0;0.0;11;5.862483198656105E-6;0;0.0;1;5.32953018059646E-7;0;0.0;263x151685-NZ-VJJA01000083_49_aligned_40003_R_23_3485_300;;;;;
65;9;Francisella noatunensis;species;657445;5;1455;378;378;27;14.0;74;6;12882;2576.4;6.852344662059764E-4;377.87086263802007;1.0003417499859035;551636;262;0.8757381493570859;0.05233354875212954;0.8794101349136746;0.051288012889525156;17.65045216243656;9.063947965687518E-6;6.852344662059764E-4;0.023352355538797324;1.0876737558825022E-5;0.002637608858015068;5;9.063947965687518E-6;378;6.852344662059764E-4;12882;0.023352355538797324;6;1.0876737558825022E-5;1455;0.002637608858015068;657445x215054-NZ-JACVKY010000050_205_aligned_12899_R_18_2159_0;0.8757381493570859;0.05233354875212954;0.8794101349136746;0.051288012889525156;
66;9;Francisella frigiditurris;species;1542390;0;0;12;12;1;12.0;12;1;0;;8.501539841403775E-6;11.999953241700892;1.0000038965401086;1411509;262;;;;;;0.0;8.501539841403775E-6;0.0;7.084616534503145E-7;0.0;0;0.0;12;8.501539841403775E-6;0;0.0;1;7.084616534503145E-7;0;0.0;264x156885-NZ-JBKJFO010000031_5870_aligned_11390_F_23_9348_37;;;;;
67;9;Francisella opportunistica;species;2016517;0;0;1;1;1;1.0;1;1;0;;5.879240402140044E-5;1.0000000000000202;0.9999999999999798;17009;262;;;;;;0.0;5.879240402140044E-5;0.0;5.879240402140044E-5;0.0;0;0.0;1;5.879240402140044E-5;0;0.0;1;5.879240402140044E-5;0;0.0;263x141673-NZ-VIZJ01000198_12_aligned_48034_F_0_1102_1;;;;;
68;9;Francisella marina;species;2249302;0;0;6;6;1;6.0;6;1;0;;2.365725370827452E-5;5.99994085710882;1.0000098572456944;253622;262;;;;;;0.0;2.365725370827452E-5;0.0;3.942875618045753E-6;0.0;0;0.0;6;2.365725370827452E-5;0;0.0;1;3.942875618045753E-6;0;0.0;2599927x232579-NZ-OZ220197_12915_aligned_30822_F_60_561_98;;;;;
69;9;Francisella salimarina;species;2599927;32;5415;886;855;62;14.290322580645162;68;35;26946;842.0625;0.0013612091995453084;885.3761186077855;0.9656912830949737;628118;262;0.7828032573021417;0.1316541101226855;0.7834512439094565;0.13211838926014324;13.814208765928726;5.094584138649107E-5;0.0014105629833884715;0.04289958256251214;5.572201401647461E-5;0.008620991597120287;32;5.094584138649107E-5;886;0.0014105629833884715;26946;0.04289958256251214;35;5.572201401647461E-5;5415;0.008620991597120287;2599927x232579-NZ-OZ220197_314476_aligned_54303_F_6_435_0;0.7828032573021417;0.1316541101226855;0.7834512439094565;0.13211838926014324;
70;9;unclassified Francisella;no rank;2610885;0;0;23;23;4;5.75;14;4;0;;1.0121314961239764E-5;22.99988866745438;1.0000048405688928;2272432;262;;;;;5.737304826019502;0.0;1.0121314961239764E-5;0.0;1.7602286889112634E-6;0.0;0;0.0;59;9.520673056194562E-5;0;0.0;9;1.0845531335181333E-5;0;0.0;2599927x232579-NZ-OZ220197_141150_aligned_44064_R_2_1351_69;;;;;
71;10;Francisella sp. TX07-6608;species;573568;0;0;32;32;2;16.0;29;2;0;;8.04478936478846E-5;31.9987530890442;1.0000389674857746;397773;2610885;;;;;18.384776310850235;0.0;8.04478936478846E-5;0.0;5.027993352992787E-6;0.0;0;0.0;32;8.04478936478846E-5;0;0.0;2;5.027993352992787E-6;0;0.0;263x246982-NZ-VJHC01000033_20482_aligned_1730_F_42_13212_101;;;;;
72;10;Francisella sp. LA112445;species;1395624;0;0;2;2;1;2.0;2;1;0;;1.160425319087952E-6;1.9999994199734448;1.0000002900133618;1723506;2610885;;;;;;0.0;1.160425319087952E-6;0.0;5.80212659543976E-7;0.0;0;0.0;2;1.160425319087952E-6;0;0.0;1;5.80212659543976E-7;0;0.0;119857x97727-NZ-JAMKWE010000042_10937_aligned_1946_F_3_4149_0;;;;;
73;10;Francisella sp. XLW-1;species;2610887;0;0;1;1;1;1.0;1;1;0;;3.000705165713943E-6;0.9999999999883058;1.0000000000116942;333255;2610885;;;;;;0.0;3.000705165713943E-6;0.0;3.000705165713943E-6;0.0;0;0.0;1;3.000705165713943E-6;0;0.0;1;3.000705165713943E-6;0;0.0;2599927x232579-NZ-OZ220197_262829_aligned_8497_F_3_517_58;;;;;
74;10;Francisella sp. 19X1-34;species;3087177;0;0;1;1;1;1.0;1;1;0;;4.7639146801936436E-7;1.0000000000678204;0.9999999999321796;2099114;2610885;;;;;;0.0;4.7639146801936436E-7;0.0;4.7639146801936436E-7;0.0;0;0.0;1;4.7639146801936436E-7;0;0.0;1;4.7639146801936436E-7;0;0.0;263x30984-NZ-JPML01000064_7177_aligned_27927_F_121_1115_208;;;;;
75;9;Francisella sciaenopsi;species;3055034;0;0;3;3;1;3.0;3;1;0;;3.7155153729448556E-6;2.999996284585435;1.0000012384730554;807425;262;;;;;;0.0;3.7155153729448556E-6;0.0;1.2385051243149519E-6;0.0;0;0.0;3;3.7155153729448556E-6;0;0.0;1;1.2385051243149519E-6;0;0.0;263x37944-NZ-JPPJ01000006_5929_aligned_2_R_57_9894_0;;;;;
76;5;Alphaproteobacteria;class;28211;4;40;455;364;144;3.1597222222222223;21;120;710;177.5;0.003883660883852933;453.89978447480775;0.8019391338138048;93726;1224;0.9168465714102315;0.05772409747015663;0.9168465714102315;0.05772409747015663;3.306410798713973;4.267759213025201E-5;0.004854576104816166;0.007575272603119732;0.0012803277639075604;4.267759213025201E-4;98671;0.3568686318106323;3969603;8.264240316295888;43060740;161.1115281003526;123625;0.46821555508134544;5287445;24.42264992364435;33990x219763-NZ-CP015011_16344_aligned_159867_R_26_169_286;0.824466326851073;0.1670679446977297;0.824528942616264;0.16703828586877892;
77;6;Hyphomicrobiales;order;356;1;55;70;69;12;5.833333333333333;16;5;733;733.0;7.198973363798554E-4;69.97480955095082;0.9860691360618704;95847;28211;0.9217638691322901;;0.9217638691322901;;4.7065396154197146;1.0433294730142832E-5;7.303306311099982E-4;0.007647605037194696;5.216647365071416E-5;5.738312101578558E-4;542;0.006145031424564894;35274;0.14581134489966074;381991;6.115107511812757;875;0.008135448738685859;52219;1.0164422003825444;774x200963-NZ-JBLKQX010000012_1034_aligned_73340_F_17_7358_125;0.8307689327923612;0.14127721978597965;0.8308613090761949;0.14123281167271354;
78;7;Bartonellaceae;family;772;0;0;0;0;0;;0;0;0;;0.0;0.0;;190;356;;;;;;0.0;0.0;0.0;0.0;0.0;541;0.00613459812983475;35204;0.14508101426855075;381258;6.107459906775562;870;0.008083282265035144;52164;1.0158683691723864;;0.8306007351281469;0.14135364370378317;0.8306932821629673;0.14130928770687365;
79;8;Bartonella;genus;773;91;3718;15019;14996;830;18.095180722891566;172;179;36103;396.7362637362637;3.867192023000973E-4;15016.092016832625;0.9986619676537609;38777490;772;0.8104499706719454;0.18826195173141477;0.8104499706719454;0.18826195173141477;20.42366353608217;2.346722286563674E-6;3.87312329910987E-4;9.310298319978936E-4;4.616080102141732E-6;9.588036770817296E-5;541;0.00613459812983475;35204;0.14508101426855075;381258;6.107459906775562;870;0.008083282265035144;52164;1.0158683691723864;85701x151613-NZ-JAQNDQ010000028_464_aligned_42145_F_12_9893_71;0.8306007351281469;0.14135364370378317;0.8306932821629673;0.14130928770687365;
80;9;Bartonella bacilliformis;species;774;1;1087;589;589;24;24.541666666666668;113;1;7537;7537.0;2.1682830621752407E-4;588.9362571066325;1.0001082339431446;2716435;773;0.8541361396030371;;0.855201811642467;;26.83440226514346;3.681295521519933E-7;2.1682830621752407E-4;0.0027745924345695737;3.681295521519933E-7;4.0015682318921675E-4;1;3.681295521519933E-7;589;2.1682830621752407E-4;7537;0.0027745924345695737;1;3.681295521519933E-7;1087;4.0015682318921675E-4;774x200963-NZ-JBLKQX010000012_1034_aligned_73340_F_17_7358_125;0.8541361396030371;;0.855201811642467;;
81;9;Bartonella quintana;species;803;10;117;109;109;15;7.266666666666667;19;13;4159;415.9;7.130213396166431E-5;108.99614977104449;1.0000353244491993;1528706;773;0.8174497964282977;0.18641464247012085;0.8174497964282977;0.18641464247012085;6.029293569928483;6.541480179969202E-6;7.130213396166431E-5;0.0027206016068491916;8.503924233959964E-6;7.653531810563967E-5;10;6.541480179969202E-6;109;7.130213396166431E-5;4159;0.0027206016068491916;13;8.503924233959964E-6;117;7.653531810563967E-5;803x186498-NZ-CP076601_1097319_aligned_161777_F_6_66_8;0.8174497964282977;0.18641464247012085;0.8174497964282977;0.18641464247012085;
82;9;Bartonella doshiae;species;33044;0;0;2;2;1;2.0;2;1;0;;1.0318783332894785E-6;1.999999483860074;1.0000002580700296;1938213;773;;;;;;0.0;1.0318783332894785E-6;0.0;5.159391666447392E-7;0.0;0;0.0;2;1.0318783332894785E-6;0;0.0;1;5.159391666447392E-7;0;0.0;3243469x51367-NZ-JBHIQB010000021_20357_aligned_17837_F_1_5311_289;;;;;
83;9;Bartonella grahamii;species;33045;0;0;2;2;1;2.0;2;1;0;;3.427909352365086E-6;1.9999982860435122;1.0000008569789782;583446;773;;;;;;0.0;3.427909352365086E-6;0.0;1.713954676182543E-6;0.0;0;0.0;3;4.3925216281454305E-5;0;0.0;2;4.221126160527176E-5;0;0.0;3243557x53268-NZ-JBHIMO010000016_23215_aligned_41272_F_275_9897_48;;;;;
84;10;Bartonella grahamii as4aup;strain;634504;0;0;1;1;1;1.0;1;1;0;;4.0497306929089216E-5;1.0000000000007963;0.9999999999992037;24693;33045;;;;;;0.0;4.0497306929089216E-5;0.0;4.0497306929089216E-5;0.0;0;0.0;1;4.0497306929089216E-5;0;0.0;1;4.0497306929089216E-5;0;0.0;3243463x211017-NZ-JBHIQH010000093_2178_aligned_12209_F_0_2083_0;;;;;
85;9;Bartonella vinsonii;species;33047;0;0;1;1;1;1.0;1;1;0;;7.623735127045734E-7;0.9999999999320058;1.0000000000679943;1311693;773;;;;;;0.0;7.623735127045734E-7;0.0;7.623735127045734E-7;0.0;0;0.0;1;7.623735127045734E-7;0;0.0;1;7.623735127045734E-7;0;0.0;3243485x213466-NZ-JBHIPL010000017_1053_aligned_6574_F_9_1247_2;;;;;
86;9;Bartonella henselae;species;38323;13;626;368;368;21;17.523809523809526;86;15;4404;338.7692307692308;2.6705796464094494E-4;367.9509991934896;1.0001331720979636;1377978;773;0.8166072936875847;0.20457836112715413;0.8169601518386079;0.20374044014819545;22.67954816044413;9.434112881337729E-6;2.6705796464094494E-4;0.0031959871638008734;1.0885514863081993E-5;4.542888202859552E-4;13;9.434112881337729E-6;368;2.6705796464094494E-4;4404;0.0031959871638008734;15;1.0885514863081993E-5;626;4.542888202859552E-4;38323x128719-NZ-LNZZ01000053_16472_aligned_143366_F_37_253_27;0.8166072936875847;0.20457836112715413;0.8169601518386079;0.20374044014819545;
87;9;Bartonella clarridgeiae;species;56426;1;51;31;31;1;31.0;31;1;88;88.0;2.6859104933324438E-5;30.99959711642418;1.0000129964132858;1154171;773;0.1206896551724138;;0.1206896551724138;;;8.664227397846593E-7;2.6859104933324438E-5;7.624520110105002E-5;8.664227397846593E-7;4.418755972901763E-5;1;8.664227397846593E-7;31;2.6859104933324438E-5;88;7.624520110105002E-5;1;8.664227397846593E-7;51;4.418755972901763E-5;56426x51040-NZ-CP116497_1292173_aligned_114687_F_0_83_3;0.1206896551724138;;0.1206896551724138;;
88;9;Bartonella tribocorum;species;85701;0;0;1;1;1;1.0;1;1;0;;2.8685070625512386E-7;1.0000000001536238;0.9999999998463762;3486134;773;;;;;;0.0;2.8685070625512386E-7;0.0;2.8685070625512386E-7;0.0;0;0.0;1;2.8685070625512386E-7;0;0.0;1;2.8685070625512386E-7;0;0.0;85701x151613-NZ-JAQNDQ010000028_464_aligned_42145_F_12_9893_71;;;;;
89;9;environmental samples;no rank;104107;0;0;0;0;0;;0;0;0;;;0.0;;0;773;;;;;;;;;;;2;2.081854349306014E-7;306;3.185237154438201E-5;3384;3.522497559025775E-4;2;2.081854349306014E-7;306;3.185237154438201E-5;;0.8675889328063241;0.058692657726947574;0.8675889328063241;0.058692657726947574;
90;10;uncultured Bartonella sp.;species;104108;2;306;306;306;12;25.5;66;2;3384;1692.0;3.185237154438201E-5;305.99514250666266;1.0000158744132261;9606820;104107;0.8675889328063241;0.058692657726947574;0.8675889328063241;0.058692657726947574;21.601767604443012;2.081854349306014E-7;3.185237154438201E-5;3.522497559025775E-4;2.081854349306014E-7;3.185237154438201E-5;2;2.081854349306014E-7;306;3.185237154438201E-5;3384;3.522497559025775E-4;2;2.081854349306014E-7;306;3.185237154438201E-5;104108x64197-NZ-CALYQK010000002_64630_aligned_58362_R_6_3296_6;0.8675889328063241;0.058692657726947574;0.8675889328063241;0.058692657726947574;
91;9;Bartonella birtlesii;species;111504;1;487;103;103;6;17.166666666666668;31;2;2243;2243.0;8.415754619473076E-5;102.99570807943735;1.000041670868065;1223895;773;0.7799367374604609;;0.7799367374604609;;15.171244730300367;8.170635552886481E-7;8.415754619473076E-5;0.0018326735545124376;1.6341271105772962E-6;3.9790995142557163E-4;1;8.170635552886481E-7;103;8.415754619473076E-5;2243;0.0018326735545124376;2;1.6341271105772962E-6;487;3.9790995142557163E-4;1202451x71024-NZ-KE007221_2014_aligned_76894_F_4_2256_28;0.7799367374604609;;0.7799367374604609;;
92;9;Bartonella bovis;species;155194;1;264;264;264;16;16.5;42;1;2578;2578.0;1.6627679796235343E-4;263.9781358208417;1.0000828257199799;1587714;773;0.8963893249607535;;0.8963893249607535;;10.327955589886445;6.298363559180054E-7;1.6627679796235343E-4;0.001623718125556618;6.298363559180054E-7;1.6627679796235343E-4;1;6.298363559180054E-7;264;1.6627679796235343E-4;2578;0.001623718125556618;1;6.298363559180054E-7;264;1.6627679796235343E-4;155194x64018-NZ-CACVBI010000023_809_aligned_59672_R_321_2255_12;0.8963893249607535;;0.8963893249607535;;
93;9;Candidatus Bartonella washoeensis;species;186739;1;383;246;246;22;11.181818181818182;45;1;3249;3249.0;1.806581243280399E-4;245.9778707190498;1.0000899645195136;1361688;773;0.8810189499844673;;0.8810189499844673;;12.707839214011857;7.343826192196744E-7;1.806581243280399E-4;0.0023860091298447223;7.343826192196744E-7;2.812685431611353E-4;1;7.343826192196744E-7;246;1.806581243280399E-4;3249;0.0023860091298447223;1;7.343826192196744E-7;383;2.812685431611353E-4;186739x885-NZ-UAQI01000004_129040_aligned_5_R_35_2833_368;0.8810189499844673;;0.8810189499844673;;
94;9;Bartonella phoceensis;species;270249;0;0;2;2;2;1.0;1;2;0;;1.4454104604355022E-6;1.9999992773648745;1.0000003613176933;1383690;773;;;;;0.0;0.0;1.4454104604355022E-6;0.0;1.4454104604355022E-6;0.0;0;0.0;2;1.4454104604355022E-6;0;0.0;2;1.4454104604355022E-6;0;0.0;2133959x84476-NZ-CP031843_1507985_aligned_155399_F_17_105_16;;;;;
95;9;Bartonella silvatica;species;357760;2;17;17;17;2;8.5;10;2;457;228.5;1.0608119829321591E-5;16.999915135996606;1.00000499202512;1602546;773;0.9330437929786464;0.062444464209018204;0.9330437929786464;0.062444464209018204;2.1213203435596424;1.248014097567246E-6;1.0608119829321591E-5;2.8517122129411576E-4;1.248014097567246E-6;1.0608119829321591E-5;2;1.248014097567246E-6;17;1.0608119829321591E-5;457;2.8517122129411576E-4;2;1.248014097567246E-6;17;1.0608119829321591E-5;357760x123527-NZ-JBEPLI010000021_12964_aligned_196134_R_14_40_66;0.9330437929786464;0.062444464209018204;0.9330437929786464;0.062444464209018204;
96;9;Bartonella rochalimae;species;395923;1;43;20;20;3;6.666666666666667;17;3;486;486.0;1.1467232383464251E-4;19.99891065035451;1.0000544704491428;174410;773;0.9057017543859649;;0.9057017543859649;;8.962886439832502;5.733616191732126E-6;1.1467232383464251E-4;0.002786537469181813;1.7200848575196376E-5;2.465454962444814E-4;1;5.733616191732126E-6;20;1.1467232383464251E-4;486;0.002786537469181813;3;1.7200848575196376E-5;43;2.465454962444814E-4;1933912x59330-NZ-CP019786_74619_aligned_28775_R_0_502_1;0.9057017543859649;;0.9057017543859649;;
97;9;Bartonella queenslandensis;species;481138;0;0;2;2;1;2.0;2;1;0;;1.693713865673247E-6;1.999999153015441;1.0000004234924589;1180837;773;;;;;;0.0;1.693713865673247E-6;0.0;8.468569328366235E-7;0.0;0;0.0;12;1.0334567996822402E-5;0;0.0;3;2.5750277590664547E-6;0;0.0;3243557x53268-NZ-JBHIMO010000016_23215_aligned_41272_F_275_9897_48;;;;;
98;10;Bartonella queenslandensis AUST/NH15;strain;1221525;0;0;10;10;2;5.0;8;2;0;;8.640854131149155E-6;9.999961116173584;1.0000038883977613;1157293;481138;;;;;4.242640687119285;0.0;8.640854131149155E-6;0.0;1.7281708262298312E-6;0.0;0;0.0;10;8.640854131149155E-6;0;0.0;2;1.7281708262298312E-6;0;0.0;3243482x147964-NZ-JBHIPO010000054_229_aligned_19880_F_3_3584_48;;;;;
99;9;Bartonella jaculi;species;686226;0;0;1;1;1;1.0;1;1;0;;6.9557475341875E-7;1.0000000000622467;0.9999999999377533;1437660;773;;;;;;0.0;6.9557475341875E-7;0.0;6.9557475341875E-7;0.0;0;0.0;1;6.9557475341875E-7;0;0.0;1;6.9557475341875E-7;0;0.0;85701x151613-NZ-JAQNDQ010000028_464_aligned_42145_F_12_9893_71;;;;;
100;9;Bartonella acomydis;species;686234;0;0;9;9;2;4.5;8;1;0;;6.436166104574827E-6;8.999974256106343;1.0000028604408107;1398348;773;;;;;4.949747468305833;0.0;6.436166104574827E-6;0.0;7.151295671749807E-7;0.0;0;0.0;9;6.436166104574827E-6;0;0.0;1;7.151295671749807E-7;0;0.0;931097x34704-NZ-BAABJA010000028_1142_aligned_5135_R_13_3491_364;;;;;
101;9;Bartonella florencae;species;928210;1;67;19;19;2;9.5;14;2;811;811.0;1.3762979757554246E-5;18.99987613355144;1.0000065193292678;1380515;773;0.912932138284251;;0.9142125480153649;;6.363961030678928;7.243673556607498E-7;1.3762979757554246E-5;5.874619254408681E-4;1.4487347113214996E-6;4.8532612829270236E-5;1;7.243673556607498E-7;19;1.3762979757554246E-5;811;5.874619254408681E-4;2;1.4487347113214996E-6;67;4.8532612829270236E-5;1933912x59330-NZ-CP019786_116114_aligned_48286_R_218_510_73;0.912932138284251;;0.9142125480153649;;
102;9;Bartonella massiliensis;species;929795;0;0;4;4;1;4.0;4;1;0;;2.578140206998877E-6;3.9999961329309057;1.0000009667682082;1551506;773;;;;;;0.0;2.578140206998877E-6;0.0;6.445350517497193E-7;0.0;0;0.0;4;2.578140206998877E-6;0;0.0;1;6.445350517497193E-7;0;0.0;2699889x189998-NZ-CAHOYM010000015_35121_aligned_40844_R_1_2966_1;;;;;
103;9;Bartonella pachyuromydis;species;931097;1;600;116;116;12;9.666666666666666;39;1;3877;3877.0;8.262755629002272E-5;115.9952490483807;1.0000409581569787;1403890;773;0.8416948271380297;;0.8440343124512607;;11.146408580454255;7.123065197415752E-7;8.262755629002272E-5;0.002761612377038087;7.123065197415752E-7;4.2738391184494513E-4;1;7.123065197415752E-7;116;8.262755629002272E-5;3877;0.002761612377038087;1;7.123065197415752E-7;600;4.2738391184494513E-4;931097x34704-NZ-BAABJA010000028_1142_aligned_5135_R_13_3491_364;0.8416948271380297;;0.8440343124512607;;
104;9;Bartonella saheliensis;species;1457016;1;1883;23;23;1;23.0;23;1;9903;9903.0;5.8712261417620315E-5;22.99935417712449;1.0000280800439236;391741;773;0.806846956345589;;0.809277828420946;;;2.552707018157405E-6;5.8712261417620315E-5;0.025279457600812783;2.552707018157405E-6;0.004806747315190394;1;2.552707018157405E-6;23;5.8712261417620315E-5;9903;0.025279457600812783;1;2.552707018157405E-6;1883;0.004806747315190394;85701x151613-NZ-JAQNDQ010000028_464_aligned_42145_F_12_9893_71;0.806846956345589;;0.809277828420946;;
105;9;Bartonella raoultii;species;1457020;5;188;45;45;5;9.0;19;5;1599;319.8;1.4036580576678876E-5;44.999691200459196;1.000006862259108;3205909;773;0.8125999238136978;0.12094307025305659;0.8125999238136978;0.12094307025305659;5.958187643906492;1.5596200640754306E-6;1.4036580576678876E-5;4.987664964913228E-4;1.5596200640754306E-6;5.864171440923619E-5;5;1.5596200640754306E-6;45;1.4036580576678876E-5;1599;4.987664964913228E-4;5;1.5596200640754306E-6;188;5.864171440923619E-5;1457020x8343-NZ-CADDYC010000001_22430_aligned_179413_F_35_83_206;0.8125999238136978;0.12094307025305659;0.8125999238136978;0.12094307025305659;
106;9;Bartonella heixiaziensis;species;1461000;0;0;2;2;1;2.0;2;1;0;;1.1817593087180748E-6;1.9999994089312798;1.0000002955344474;1692392;773;;;;;;0.0;1.1817593087180748E-6;0.0;5.908796543590374E-7;0.0;0;0.0;2;1.1817593087180748E-6;0;0.0;1;5.908796543590374E-7;0;0.0;3243468x175190-NZ-JBHIQC010000078_1145_aligned_12299_R_4_1954_70;;;;;
107;9;Bartonella apis;species;1686310;1;412;147;147;9;16.333333333333332;46;1;2952;2952.0;2.7732275255849104E-5;146.9979755324194;1.000013772077971;5300683;773;0.8590006844626967;;0.8590006844626967;;15.992185591719476;1.8865493371325922E-7;2.7732275255849104E-5;5.569093643215412E-4;1.8865493371325922E-7;7.77258326898628E-5;1;1.8865493371325922E-7;147;2.7732275255849104E-5;2952;5.569093643215412E-4;1;1.8865493371325922E-7;412;7.77258326898628E-5;1686310x198912-NZ-LXYS01000009_2765_aligned_12078_F_20_2744_197;0.8590006844626967;;0.8590006844626967;;
108;9;Bartonella kosoyi;species;2133959;2;39;18;18;3;6.0;10;2;205;102.5;3.100379968789508E-5;17.9997364699067;1.000014640775088;580574;773;0.7280952380952381;0.12054487031656362;0.7280952380952381;0.12054487031656362;3.605551275463989;3.4448666319883426E-6;3.100379968789508E-5;3.530988297788051E-4;3.4448666319883426E-6;6.717489932377268E-5;2;3.4448666319883426E-6;18;3.100379968789508E-5;205;3.530988297788051E-4;2;3.4448666319883426E-6;39;6.717489932377268E-5;2133959x84476-NZ-CP031843_1230096_aligned_206889_F_1_98_0;0.7280952380952381;0.12054487031656362;0.7280952380952381;0.12054487031656362;
109;9;Bartonella krasnovii;species;2267275;0;0;3;3;2;1.5;2;2;0;;2.0456716656063267E-6;2.9999979545670272;1.0000006818114557;1466511;773;;;;;0.7071067811865476;0.0;2.0456716656063267E-6;0.0;1.363781110404218E-6;0.0;0;0.0;3;2.0456716656063267E-6;0;0.0;2;1.363781110404218E-6;0;0.0;2133959x84476-NZ-CP031843_189271_aligned_118128_R_7_94_417;;;;;
110;9;unclassified Bartonella;no rank;2645622;230;21165;12459;6092;901;13.827968923418425;197;399;159166;692.0260869565218;2.706010363504431E-4;12455.553407441756;0.4890991030844317;22512848;773;0.8489446798056879;0.10909378382982764;0.8489831809373625;0.10906422796348003;14.813144882657049;1.0216388437393616E-5;5.534173197455959E-4;0.007070007313157358;1.7723212984869795E-5;9.401298316410256E-4;405;0.006095637535493752;17309;0.14287283453487437;294194;6.055882813845701;619;0.007972322430885687;41163;1.0075705271936735;3243491x218956-NZ-JBHIPF010000090_1931_aligned_5032_R_4_1693_2;0.8372451144407154;0.1225221564020348;0.8373110250428464;0.12250831769669038;
111;10;Bartonella sp. 1-1C;species;515256;0;0;4;4;3;1.3333333333333333;2;3;0;;5.113010310385291E-6;3.9999923303624403;1.0000019174130663;782318;2645622;;;;;0.5773502691896258;0.0;5.113010310385291E-6;0.0;3.8347577327889685E-6;0.0;0;0.0;4;5.113010310385291E-6;0;0.0;3;3.8347577327889685E-6;0;0.0;1933912x59330-NZ-CP019786_1535368_aligned_13368_F_26_1070_284;;;;;
112;10;Bartonella sp. DB5-6;species;1094755;0;0;3;3;1;3.0;3;1;0;;5.159381906047655E-6;2.9999948406482977;1.0000017197868585;581465;2645622;;;;;;0.0;5.159381906047655E-6;0.0;1.7197939686825518E-6;0.0;0;0.0;3;5.159381906047655E-6;0;0.0;1;1.7197939686825518E-6;0;0.0;3243520x181371-NZ-JBHIOC010000030_2245_aligned_2000_F_0_4145_0;;;;;
113;10;Bartonella sp. WD16.2;species;1933904;0;0;2;2;1;2.0;2;1;0;;1.927435893482183E-6;1.9999990364114364;1.0000004817945138;1037648;2645622;;;;;;0.0;1.927435893482183E-6;0.0;9.637179467410914E-7;0.0;0;0.0;2;1.927435893482183E-6;0;0.0;1;9.637179467410914E-7;0;0.0;3243581x117237-NZ-JBHILQ010000049_439_aligned_76344_F_6_2607_327;;;;;
114;10;Bartonella sp. CDC_skunk;species;1933905;1;36;20;20;1;20.0;20;1;195;195.0;8.339240295209107E-4;19.9920797033649;1.0003961717216325;23983;2645622;0.7818181818181819;;0.7818181818181819;;;4.169620147604553E-5;8.339240295209107E-4;0.008130759287828878;4.169620147604553E-5;0.001501063253137639;1;4.169620147604553E-5;20;8.339240295209107E-4;195;0.008130759287828878;1;4.169620147604553E-5;36;0.001501063253137639;1933905x3345-NZ-CP019782_1005617_aligned_195244_R_2_105_66;0.7818181818181819;;0.7818181818181819;;
115;10;Bartonella sp. JB15;species;1933906;2;126;36;36;2;18.0;24;2;536;268.0;0.010535557506584723;35.81623778655359;1.0051306955951524;3417;2645622;0.7840787119856887;0.10802668893261481;0.7840787119856887;0.10802668893261481;8.48528137423857;5.85308750365818E-4;0.010535557506584723;0.1568627450980392;5.85308750365818E-4;0.03687445127304653;2;5.85308750365818E-4;36;0.010535557506584723;536;0.1568627450980392;2;5.85308750365818E-4;126;0.03687445127304653;1933906x60789-NZ-CP019787_727883_aligned_57401_F_26_262_134;0.7840787119856887;0.10802668893261481;0.7840787119856887;0.10802668893261481;
116;10;Bartonella sp. Raccoon60;species;1933912;2;226;28;28;2;14.0;22;2;1562;781.0;0.0012498884028211766;27.983133032561454;1.0006027547887122;22402;2645622;0.8043143365491938;0.14379221012465476;0.8043143365491938;0.14379221012465476;11.313708498984761;8.927774305865548E-5;0.0012498884028211766;0.06972591732880992;8.927774305865548E-5;0.01008838496562807;2;8.927774305865548E-5;28;0.0012498884028211766;1562;0.06972591732880992;2;8.927774305865548E-5;226;0.01008838496562807;1933912x59330-NZ-CP019786_1009817_aligned_8485_R_4_454_3;0.8043143365491938;0.14379221012465476;0.8043143365491938;0.14379221012465476;
117;10;Bartonella sp. B1099;species;2911422;0;0;31;31;1;31.0;31;1;0;;4.844703801060834E-5;30.999273304449492;1.0000234423414824;639874;2645622;;;;;;0.0;4.844703801060834E-5;0.0;1.5628076777615594E-6;0.0;0;0.0;31;4.844703801060834E-5;0;0.0;1;1.5628076777615594E-6;0;0.0;2699889x189998-NZ-CAHOYM010000015_35121_aligned_40844_R_1_2966_1;;;;;
118;10;Bartonella sp. AU18XJBT;species;3019089;0;0;1;1;1;1.0;1;1;0;;1.6836434043269636E-6;1.0000000000195575;0.9999999999804425;593950;2645622;;;;;;0.0;1.6836434043269636E-6;0.0;1.6836434043269636E-6;0.0;0;0.0;1;1.6836434043269636E-6;0;0.0;1;1.6836434043269636E-6;0;0.0;3243466x210643-NZ-JBHIQE010000033_8258_aligned_12176_R_9_8463_0;;;;;
119;10;Bartonella sp. AU55XJBT;species;3019091;0;0;2;2;1;2.0;2;1;0;;2.6231400297726395E-6;1.9999986885212384;1.000000655739811;762445;2645622;;;;;;0.0;2.6231400297726395E-6;0.0;1.3115700148863197E-6;0.0;0;0.0;2;2.6231400297726395E-6;0;0.0;1;1.3115700148863197E-6;0;0.0;3243557x53268-NZ-JBHIMO010000016_23215_aligned_41272_F_275_9897_48;;;;;
120;10;Bartonella sp. ML69XJBT;species;3019092;0;0;12;12;2;6.0;10;1;0;;2.9478235236317184E-4;11.99837882979202;1.000135115771137;40708;2645622;;;;;5.656854249492381;0.0;2.9478235236317184E-4;0.0;2.456519603026432E-5;0.0;0;0.0;12;2.9478235236317184E-4;0;0.0;1;2.456519603026432E-5;0;0.0;85701x151613-NZ-JAQNDQ010000028_464_aligned_42145_F_12_9893_71;;;;;
121;10;Bartonella sp. ML70XJBT;species;3019096;0;0;1;1;1;1.0;1;1;0;;2.8147606046105777E-6;0.9999999999951603;1.0000000000048397;355270;2645622;;;;;;0.0;2.8147606046105777E-6;0.0;2.8147606046105777E-6;0.0;0;0.0;1;2.8147606046105777E-6;0;0.0;1;2.8147606046105777E-6;0;0.0;3243468x175190-NZ-JBHIQC010000078_1145_aligned_12299_R_4_1954_70;;;;;
122;10;Bartonella sp. B41;species;3239296;0;0;2;2;1;2.0;2;1;0;;1.5649195122771849E-6;1.9999992173819567;1.0000003913091748;1278021;2645622;;;;;;0.0;1.5649195122771849E-6;0.0;7.824597561385924E-7;0.0;0;0.0;2;1.5649195122771849E-6;0;0.0;1;7.824597561385924E-7;0;0.0;1933912x59330-NZ-CP019786_1343510_aligned_62850_F_211_716_5;;;;;
123;10;Bartonella sp. AA56HLJMS;species;3243434;0;0;14;14;1;14.0;14;1;0;;2.61433026460757E-4;13.998300812253465;1.0001213852859232;53551;2645622;;;;;;0.0;2.61433026460757E-4;0.0;1.8673787604339788E-5;0.0;0;0.0;14;2.61433026460757E-4;0;0.0;1;1.8673787604339788E-5;0;0.0;3243469x51367-NZ-JBHIQB010000021_20357_aligned_17837_F_1_5311_289;;;;;
124;10;Bartonella sp. AA83SXKL;species;3243439;0;0;3;3;1;3.0;3;1;0;;6.985191394244202E-5;2.999930148625493;1.00002328433365;42948;2645622;;;;;;0.0;6.985191394244202E-5;0.0;2.3283971314147342E-5;0.0;0;0.0;3;6.985191394244202E-5;0;0.0;1;2.3283971314147342E-5;0;0.0;3243459x109374-NZ-JBHIQL010000067_3649_aligned_43528_R_249_1578_2834;;;;;
125;10;Bartonella sp. AC130YNZD;species;3243445;2;35;10;6;2;5.0;6;2;900;450.0;4.241181876016117E-4;9.996819713107397;0.6001908779182102;14147;2645622;0.956474493899413;0.03345740284376362;0.956474493899413;0.03345740284376362;1.4142135623730951;1.413727292005372E-4;7.068636460026861E-4;0.06361772814024175;1.413727292005372E-4;0.002474022761009401;2;1.413727292005372E-4;10;7.068636460026861E-4;900;0.06361772814024175;2;1.413727292005372E-4;35;0.002474022761009401;1405396x144292-NZ-KE360154_400_aligned_51411_R_219_214_60;0.956474493899413;0.03345740284376362;0.956474493899413;0.03345740284376362;
126;10;Bartonella sp. AC70YNML;species;3243460;0;0;1;1;1;1.0;1;1;0;;3.4209085933223865E-5;0.9999999999996607;1.0000000000003393;29232;2645622;;;;;;0.0;3.4209085933223865E-5;0.0;3.4209085933223865E-5;0.0;0;0.0;1;3.4209085933223865E-5;0;0.0;1;3.4209085933223865E-5;0;0.0;3243525x147084-NZ-JBHINX010000039_2990_aligned_77799_F_1_1789_4;;;;;
127;10;Bartonella sp. AD13SXNS;species;3243462;0;0;2;2;1;2.0;2;1;0;;1.1788490896337905E-5;1.9999941057595683;1.0000029471289014;169657;2645622;;;;;;0.0;1.1788490896337905E-5;0.0;5.8942454481689525E-6;0.0;0;0.0;2;1.1788490896337905E-5;0;0.0;1;5.8942454481689525E-6;0;0.0;3243482x147964-NZ-JBHIPO010000054_229_aligned_19880_F_3_3584_48;;;;;
128;10;Bartonella sp. AD24XZML;species;3243463;1;391;30;30;3;10.0;15;1;2082;2082.0;4.865075246497146E-4;29.99294670850345;1.0002351650061296;61664;2645622;0.8089668615984406;;0.8094541910331384;;7.810249675906654;1.621691748832382E-5;4.865075246497146E-4;0.033763622210690195;1.621691748832382E-5;0.006340814737934614;1;1.621691748832382E-5;30;4.865075246497146E-4;2082;0.033763622210690195;1;1.621691748832382E-5;391;0.006340814737934614;3243463x211017-NZ-JBHIQH010000093_2178_aligned_12209_F_0_2083_0;0.8089668615984406;;0.8094541910331384;;
129;10;Bartonella sp. AP150HLJHH;species;3243468;1;295;15;15;1;15.0;15;1;2084;2084.0;0.006957328385899814;14.951396449726012;1.0032507699489754;2156;2645622;0.8544303797468354;;0.8563777994157741;;;4.6382189239332097E-4;0.006957328385899814;0.9666048237476809;4.6382189239332097E-4;0.13682745825602968;1;4.6382189239332097E-4;15;0.006957328385899814;2084;0.9666048237476809;1;4.6382189239332097E-4;295;0.13682745825602968;3243468x175190-NZ-JBHIQC010000078_1145_aligned_12299_R_4_1954_70;0.8544303797468354;;0.8563777994157741;;
130;10;Bartonella sp. AP152HLJHH;species;3243469;1;816;31;31;1;31.0;31;1;5643;5643.0;0.0019174862373971672;30.971254896689352;1.0009281220088282;16167;2645622;0.8510600391947265;;0.8546231961517905;;;6.185439475474733E-5;0.0019174862373971672;0.34904434960103914;6.185439475474733E-5;0.050473186119873815;1;6.185439475474733E-5;31;0.0019174862373971672;5643;0.34904434960103914;1;6.185439475474733E-5;816;0.050473186119873815;3243469x51367-NZ-JBHIQB010000021_20357_aligned_17837_F_1_5311_289;0.8510600391947265;;0.8546231961517905;;
131;10;Bartonella sp. AP282QHHD;species;3243482;1;761;6;6;1;6.0;6;1;3693;3693.0;0.002894356005788712;5.992768762356399;1.0012066605487975;2073;2645622;0.7884247884247885;;0.7922467922467923;;;4.82392667631452E-4;0.002894356005788712;1.7814761215629522;4.82392667631452E-4;0.36710082006753497;1;4.82392667631452E-4;6;0.002894356005788712;3693;1.7814761215629522;1;4.82392667631452E-4;761;0.36710082006753497;3243482x147964-NZ-JBHIPO010000054_229_aligned_19880_F_3_3584_48;0.7884247884247885;;0.7922467922467923;;
132;10;Bartonella sp. AP35XZML;species;3243492;0;0;1;1;1;1.0;1;1;0;;9.578544061302681E-4;1.0000000000000084;0.9999999999999916;1044;2645622;;;;;;0.0;9.578544061302681E-4;0.0;9.578544061302681E-4;0.0;0;0.0;1;9.578544061302681E-4;0;0.0;1;9.578544061302681E-4;0;0.0;3243468x175190-NZ-JBHIQC010000078_1145_aligned_12299_R_4_1954_70;;;;;
133;10;Bartonella sp. AP58NXGY;species;3243498;1;107;8;8;1;8.0;8;1;4666;4666.0;4.09242747451185E-5;7.999856766477351;1.0000179045108968;195483;2645622;0.9760569456427955;;0.9769197584124245;;;5.115534343139812E-6;4.09242747451185E-5;0.023869083245090367;5.115534343139812E-6;5.473621747159599E-4;1;5.115534343139812E-6;8;4.09242747451185E-5;4666;0.023869083245090367;1;5.115534343139812E-6;107;5.473621747159599E-4;3243459x109374-NZ-JBHIQL010000067_3649_aligned_43528_R_249_1578_2834;0.9760569456427955;;0.9769197584124245;;
134;10;Bartonella sp. AP72JLCBS;species;3243502;0;0;1;1;1;1.0;1;1;0;;2.3040412884198886E-5;0.9999999999976825;1.0000000000023175;43402;2645622;;;;;;0.0;2.3040412884198886E-5;0.0;2.3040412884198886E-5;0.0;0;0.0;1;2.3040412884198886E-5;0;0.0;1;2.3040412884198886E-5;0;0.0;3243581x174678-NZ-JBHILQ010000091_923_aligned_15000_F_38_557_263;;;;;
135;10;Bartonella sp. AP7XZML;species;3243503;0;0;6;6;1;6.0;6;1;0;;1.4662039978495674E-4;5.999633460931964;1.00006109357687;40922;2645622;;;;;;0.0;1.4662039978495674E-4;0.0;2.443673329749279E-5;0.0;0;0.0;6;1.4662039978495674E-4;0;0.0;1;2.443673329749279E-5;0;0.0;3243581x117237-NZ-JBHILQ010000049_439_aligned_76344_F_6_2607_327;;;;;
136;10;Bartonella sp. CL27QHWL;species;3243521;1;17;17;17;1;17.0;17;1;66;66.0;6.34044457705505E-4;16.99492859010839;1.0002984072492402;26812;2645622;0.5277777777777778;;0.5277777777777778;;;3.7296732806206175E-5;6.34044457705505E-4;0.0024615843652096075;3.7296732806206175E-5;6.34044457705505E-4;1;3.7296732806206175E-5;17;6.34044457705505E-4;66;0.0024615843652096075;1;3.7296732806206175E-5;17;6.34044457705505E-4;3243521x204762-NZ-JBHIOB010000207_888_aligned_178579_F_1_64_0;0.5277777777777778;;0.5277777777777778;;
137;10;Bartonella sp. CL29QHWL;species;3243522;83;8465;1835;49;102;17.99019607843137;49;98;47661;574.2289156626506;0.0011494792155390824;1796.0858274700977;0.027281547045566106;42628;2645622;0.8043778005248464;0.14543187234848198;0.8043778005248464;0.14543187234848198;15.173906144560961;0.0019470770385662005;0.04304682368396359;1.1180679365675144;0.0022989584310781647;0.19857839917425166;83;0.0019470770385662005;1835;0.04304682368396359;47661;1.1180679365675144;98;0.0022989584310781647;8465;0.19857839917425166;3243522x30644-NZ-JBHIOA010000283_57_aligned_42874_F_2_376_17;0.8043778005248464;0.14543187234848198;0.8043778005248464;0.14543187234848198;
138;10;Bartonella sp. CL2QHWL;species;3243523;0;0;6;6;1;6.0;6;1;0;;4.868549172346641E-4;5.9987829943843165;1.000202875419368;12324;2645622;;;;;;0.0;4.868549172346641E-4;0.0;8.114248620577734E-5;0.0;0;0.0;6;4.868549172346641E-4;0;0.0;1;8.114248620577734E-5;0;0.0;948x79739-NZ-FLME02000092_3956_aligned_42255_F_1_255_0;;;;;
139;10;Bartonella sp. CL34QHWL;species;3243526;2;106;18;11;2;9.0;11;2;811;405.5;6.955422067657287E-4;17.990328901948267;0.6114396273660541;15815;2645622;0.8382139454702173;0.1172309455086081;0.8382139454702173;0.1172309455086081;2.8284271247461903;1.2646221941195067E-4;0.0011381599747075561;0.051280429971546;1.2646221941195067E-4;0.006702497628833386;2;1.2646221941195067E-4;18;0.0011381599747075561;811;0.051280429971546;2;1.2646221941195067E-4;106;0.006702497628833386;1242993x135453-NZ-QOHL01000049_785_aligned_22290_R_68_404_18;0.8382139454702173;0.1172309455086081;0.8382139454702173;0.1172309455086081;
140;10;Bartonella sp. CL436QHHD;species;3243531;0;0;2;2;1;2.0;2;1;0;;8.330556481172943E-5;1.999958347217409;1.0000208268250432;24008;2645622;;;;;;0.0;8.330556481172943E-5;0.0;4.165278240586471E-5;0.0;0;0.0;2;8.330556481172943E-5;0;0.0;1;4.165278240586471E-5;0;0.0;3243469x51367-NZ-JBHIQB010000021_20357_aligned_17837_F_1_5311_289;;;;;
141;10;Bartonella sp. CL45QHWL;species;3243533;52;5495;1801;209;86;20.941860465116278;108;56;38694;744.1153846153846;0.005788351289223696;1756.84479901766;0.11896326876276286;36107;2645622;0.8243922844437155;0.13635727623928096;0.8243922844437155;0.13635727623928096;22.525987424286743;0.0014401639571274267;0.04987952474589415;1.0716481568670895;0.0015509457999833827;0.15218655662336944;52;0.0014401639571274267;1801;0.04987952474589415;38694;1.0716481568670895;56;0.0015509457999833827;5495;0.15218655662336944;3243533x135413-NZ-JBHINP010000243_958_aligned_26693_R_696_658_16;0.8243922844437155;0.13635727623928096;0.8243922844437155;0.13635727623928096;
142;10;Bartonella sp. CL9QHWL;species;3243542;9;313;288;168;13;22.153846153846153;72;11;3524;391.55555555555554;0.00903225806451613;285.7894094386229;0.5878454360152917;18600;2645622;0.8570246193789238;0.14804259059587946;0.8570246193789238;0.14804259059587946;24.687534485532552;4.838709677419355E-4;0.015483870967741935;0.18946236559139784;5.913978494623656E-4;0.01682795698924731;9;4.838709677419355E-4;288;0.015483870967741935;3524;0.18946236559139784;11;5.913978494623656E-4;313;0.01682795698924731;3243542x76561-NZ-JBHING010000075_1190_aligned_76827_R_77_208_9;0.8570246193789238;0.14804259059587946;0.8570246193789238;0.14804259059587946;
143;10;Bartonella sp. MR100HLJHH;species;3243554;0;0;1;1;1;1.0;1;1;0;;2.414234325583641E-5;1.0000000000015132;0.9999999999984868;41421;2645622;;;;;;0.0;2.414234325583641E-5;0.0;2.414234325583641E-5;0.0;0;0.0;1;2.414234325583641E-5;0;0.0;1;2.414234325583641E-5;0;0.0;3243441x57218-NZ-JBHIRE010000034_7153_aligned_60483_F_0_1367_0;;;;;
144;10;Bartonella sp. MR30HLJHH;species;3243557;1;1313;316;316;25;12.64;37;1;10295;10295.0;8.440982573110663E-4;315.8670916856135;1.0004207729069756;374364;2645622;0.8713102776424744;;0.8720896249391135;;10.144292319657724;2.6711970168071717E-6;8.440982573110663E-4;0.027499973288029833;2.6711970168071717E-6;0.0035072816830678164;1;2.6711970168071717E-6;316;8.440982573110663E-4;10295;0.027499973288029833;1;2.6711970168071717E-6;1313;0.0035072816830678164;3243557x53268-NZ-JBHIMO010000016_23215_aligned_41272_F_275_9897_48;0.8713102776424744;;0.8720896249391135;;
145;10;Bartonella sp. MU70NMGDW;species;3243561;0;0;2;2;1;2.0;2;1;0;;9.555798697544638E-6;1.9999952220836326;1.000002388963891;209297;2645622;;;;;;0.0;9.555798697544638E-6;0.0;4.777899348772319E-6;0.0;0;0.0;2;9.555798697544638E-6;0;0.0;1;4.777899348772319E-6;0;0.0;3243557x53268-NZ-JBHIMO010000016_23215_aligned_41272_F_275_9897_48;;;;;
146;10;Bartonella sp. TT110JLCBS;species;3243578;3;354;25;17;4;6.25;10;4;2497;832.3333333333334;1.6408949634176946E-4;24.997104517171838;0.6800787662555796;103602;2645622;0.8759673902330852;0.07646942102547032;0.8759673902330852;0.07646942102547032;3.774917217635375;2.89569699426652E-5;2.4130808285554334E-4;0.02410185131561167;3.860929325688693E-5;0.0034169224532344935;3;2.89569699426652E-5;25;2.4130808285554334E-4;2497;0.02410185131561167;4;3.860929325688693E-5;354;0.0034169224532344935;3243522x30644-NZ-JBHIOA010000283_186_aligned_6568_R_424_818_10;0.8759673902330852;0.07646942102547032;0.8759673902330852;0.07646942102547032;
147;10;Bartonella sp. TT29SHDZB;species;3243581;12;1142;269;137;18;14.944444444444445;105;13;10119;843.25;0.0015054614184303642;268.604285919358;0.5100439835912781;91002;2645622;0.8856755654817839;0.0940790323479911;0.8862069374508614;0.09368679719287369;22.992255018803032;1.318652337311268E-4;0.0029559789894727587;0.11119535834377267;1.4285400320872068E-4;0.012549174743412233;12;1.318652337311268E-4;269;0.0029559789894727587;10119;0.11119535834377267;13;1.4285400320872068E-4;1142;0.012549174743412233;3243581x174678-NZ-JBHILQ010000091_1192_aligned_13145_F_54_632_393;0.8856755654817839;0.0940790323479911;0.8862069374508614;0.09368679719287369;
148;9;Bartonella gabonensis;species;2699889;1;713;411;411;29;14.172413793103448;47;2;3029;3029.0;3.4939353443439055E-4;410.9283826324493;1.0001742818714343;1176324;773;0.7505835278426142;;0.7622540846948983;;12.784111135974445;8.501059231980305E-7;3.4939353443439055E-4;0.0025749708413668345;1.700211846396061E-6;6.061255232401957E-4;1;8.501059231980305E-7;411;3.4939353443439055E-4;3029;0.0025749708413668345;2;1.700211846396061E-6;713;6.061255232401957E-4;2699889x189998-NZ-CAHOYM010000015_35121_aligned_40844_R_1_2966_1;0.7505835278426142;;0.7622540846948983;;
149;9;Bartonella gliris;species;3004109;0;0;4;4;1;4.0;4;1;0;;2.6020135681997515E-6;3.9999960968628137;1.0000009757852488;1537271;773;;;;;;0.0;2.6020135681997515E-6;0.0;6.505033920499379E-7;0.0;0;0.0;4;2.6020135681997515E-6;0;0.0;1;6.505033920499379E-7;0;0.0;3243482x147964-NZ-JBHIPO010000054_229_aligned_19880_F_3_3584_48;;;;;
150;6;Rickettsiales;order;766;49;1695;3891;541;469;8.296375266524521;41;423;15379;313.85714285714283;0.013351760902292752;3710.0584899669702;0.14581980350525858;40519;28211;0.8253162846128176;0.1997503085524314;0.8254941335301622;0.19986540143051074;9.33170817329409;0.0012093092129618205;0.09602902342111108;0.37955033441101704;0.010439546879241837;0.04183222685653644;98125;0.3506809227939371;3933874;8.113574395291412;42678039;154.98884531593671;122630;0.458799778578752;5235186;23.405780947340503;444612x44192-NZ-GG688316_24250_aligned_22184_R_4_574_1;0.8244277481667579;0.1672013606764754;0.8244902021002236;0.1671717626451349;
151;7;Rickettsiaceae;family;775;1;25;239;186;38;6.2894736842105265;30;35;503;503.0;0.07811843763124737;227.441715397368;0.8177919326498029;2381;766;0.9471458773784355;;0.9471458773784355;;5.351978137639881;4.1999160016799666E-4;0.10037799244015119;0.2112557748845023;0.014699706005879883;0.010499790004199917;30002;0.30945714107344907;1249496;7.064982945583636;12428900;136.84389354269504;48075;0.39985373572362576;1537721;20.69739464505058;1462938x212560-NZ-CP113531_457160_aligned_94577_R_57_292_290;0.8189207121083233;0.17569574885188818;0.819122477569977;0.17561213385302413;
152;8;Rickettsieae;tribe;33988;167;4576;20701;6869;2020;10.248019801980199;142;1449;61273;366.90419161676647;0.004192154342562909;20570.78872735737;0.33392010831674257;1638537;775;0.8883009426186466;0.11863131944845826;0.8886946502513109;0.11708926032144532;13.14834667729422;1.0192018855845184E-4;0.012633831277535998;0.03739494439246718;8.843254683903995E-4;0.0027927352266076382;30001;0.30903714947328104;1249257;6.964604953143485;12428397;136.63263776781054;48040;0.38515402971774587;1537696;20.686894855046383;444612x44192-NZ-GG688316_32624_aligned_3600_F_290_477_69;0.8189164380786152;0.17569711738233804;0.8191182102655603;0.17561350515423663;
153;9;Rickettsia;genus;780;7398;244500;488682;351693;27974;17.469149924930292;302;16147;2687423;363.2634495809678;0.08014749985870788;462453.3998072768;0.7604939225153601;4388072;33988;0.8567087914199133;0.15079570549355523;0.856769276183764;0.15076540955260231;21.52979351023769;0.0016859340503072877;0.11136599399462907;0.6124382188806382;0.003679748190093508;0.05571923158963663;29834;0.3089352292847226;1228556;6.951971121865949;12367124;136.59524282341806;46591;0.38426970424935547;1533120;20.684102119819773;42862x66326-NZ-JSEL01000012_22616_aligned_28900_R_7_775_37;0.8185280485814581;0.17588880132920617;0.8187287463828218;0.17581013793131828;
154;10;spotted fever group;species group;114277;11143;608919;459465;222238;28139;16.328405415970717;363;15787;4914916;441.07655030063717;0.0704170371220009;427585.45585408;0.5197510742176462;3156026;780;0.8186621314853275;0.1735689934025018;0.8189272893655432;0.17342048798039034;19.74661996712855;0.0035307060207995754;0.14558340140417095;1.5573116317799662;0.005002176788150668;0.19293852458756677;22097;0.30553264949500186;729890;6.803320383776109;9522790;135.01590884499046;29429;0.3748427967660694;1270013;20.55482817475476;1462938x148930-NZ-JFKF01000207_42523_aligned_8492_R_9_408_27;0.8054831354821936;0.18207629992399457;0.8056908149527977;0.18200290175781558;
155;11;Rickettsia conorii;species;781;0;0;0;0;0;;0;0;0;;0.0;0.0;;1602;114277;;;;;;0.0;0.0;0.0;0.0;0.0;37;1.260390393999651E-4;593;0.001928872836664864;14694;0.045064245229495294;115;4.3760457751995197E-4;1577;0.004827557668995792;;0.7960414789968813;0.19240614517315982;0.7977176149351113;0.19252592098261023;
156;12;Rickettsia conorii subsp. heilongjiangensis;subspecies;226665;3;23;39;39;16;2.4375;7;16;617;205.66666666666666;2.6551745266640794E-4;38.99495559169104;1.0001293605347774;146883;781;0.9122256931794399;0.0789069467522877;0.9289297824493589;0.06573300478399537;2.0320351046836436;2.0424419435877536E-5;2.6551745266640794E-4;0.004200622263978813;1.0893023699134685E-4;1.565872156750611E-4;3;2.0424419435877536E-5;39;2.6551745266640794E-4;617;0.004200622263978813;16;1.0893023699134685E-4;23;1.565872156750611E-4;1462938x212560-NZ-CP113531_1311597_aligned_156052_F_1_137_19;0.9122256931794399;0.0789069467522877;0.9289297824493589;0.06573300478399537;
157;12;Rickettsia conorii str. Malish 7;strain;272944;3;113;40;40;12;3.3333333333333335;14;12;800;266.6666666666667;3.605162592832937E-4;39.9929707352293;1.0001757625062973;110952;781;0.793098424754863;0.13168762809039894;0.793098424754863;0.13168762809039894;3.773913650631694;2.7038719446247027E-5;3.605162592832937E-4;0.007210325185665873;1.0815487778498811E-4;0.0010184584324753046;3;2.7038719446247027E-5;40;3.605162592832937E-4;800;0.007210325185665873;12;1.0815487778498811E-4;113;0.0010184584324753046;1462938x85312-NZ-JFKF01000055_629_aligned_212530_F_22_59_7;0.793098424754863;0.13168762809039894;0.793098424754863;0.13168762809039894;
158;12;Rickettsia conorii subsp. raoultii;subspecies;369822;31;1441;514;510;91;5.648351648351649;32;87;13277;428.2903225806452;0.0012927002988418926;513.6659662705027;0.9928631318576162;394523;781;0.7850826570671514;0.20341610434749674;0.7854666816447243;0.20287046890081414;6.568229300324109;7.857590051784053E-5;0.0013028391247151623;0.033653297779850606;2.2051946274361696E-4;0.003652512020845426;31;7.857590051784053E-5;514;0.0013028391247151623;13277;0.033653297779850606;87;2.2051946274361696E-4;1441;0.003652512020845426;369822x156056-NZ-JBGCYB010000078_3468_aligned_44973_F_0_1152_2;0.7850826570671514;0.20341610434749674;0.7854666816447243;0.20287046890081414;
159;11;Rickettsia rickettsii;species;783;4;55;43;43;11;3.909090909090909;12;11;1409;352.25;3.668722857849787E-4;42.99229658040578;1.0001791813931087;117207;114277;0.9561332049846232;0.022185444058489167;0.9561332049846232;0.022185444058489167;3.9863403129824593;3.412765449162593E-5;3.668722857849787E-4;0.012021466294675232;9.38510498519713E-5;4.692552492598565E-4;4;3.412765449162593E-5;46;4.378009788055953E-4;1409;0.012021466294675232;13;1.4113684519904903E-4;55;4.692552492598565E-4;444612x54001-NZ-CM000770_549825_aligned_135104_R_1_179_197;0.9561332049846232;0.022185444058489167;0.9561332049846232;0.022185444058489167;
160;12;Rickettsia rickettsii str. Hlp#2;strain;1105101;0;0;3;3;2;1.5;2;2;0;;7.092869302061661E-5;2.9999290718671476;1.0000236432699419;42296;783;;;;;0.7071067811865476;0.0;7.092869302061661E-5;0.0;4.728579534707774E-5;0.0;0;0.0;3;7.092869302061661E-5;0;0.0;2;4.728579534707774E-5;0;0.0;1462938x212560-NZ-CP113531_200696_aligned_187911_F_36_92_353;;;;;
161;11;Rickettsia akari;species;786;0;0;0;0;0;;0;0;0;;;0.0;;0;114277;;;;;;;;;;;18;2.864052953156823E-5;255;4.057408350305499E-4;6646;0.010574719959266803;57;9.069501018329939E-5;804;0.0012792769857433808;;0.869406499163073;0.06609418672807654;0.8701781041013447;0.06641530113339723;
162;12;Rickettsia akari str. Hartford;strain;293614;18;804;255;255;57;4.473684210526316;23;57;6646;369.22222222222223;4.057408350305499E-4;254.94847783155933;1.000202088550906;628480;786;0.869406499163073;0.06609418672807654;0.8701781041013447;0.06641530113339723;4.97531500495157;2.864052953156823E-5;4.057408350305499E-4;0.010574719959266803;9.069501018329939E-5;0.0012792769857433808;18;2.864052953156823E-5;255;4.057408350305499E-4;6646;0.010574719959266803;57;9.069501018329939E-5;804;0.0012792769857433808;444612x54001-NZ-CM000770_361372_aligned_188301_R_288_164_26;0.869406499163073;0.06609418672807654;0.8701781041013447;0.06641530113339723;
163;11;Rickettsia australis;species;787;12;466;215;215;52;4.134615384615385;31;51;5320;443.3333333333333;4.28588230369164E-4;214.95414754776868;1.0002133127122896;501647;114277;0.8733572399155207;0.1516122618276784;0.8744634346057863;0.14801226796423525;5.509453003537651;2.392120355548822E-5;4.28588230369164E-4;0.010605066909599779;1.0166511511082495E-4;9.289400714047926E-4;13;5.791682885082923E-4;228;0.007646800334755616;5743;0.24547458384463589;52;6.56912200063629E-4;481;0.009257646345696853;1462938x212560-NZ-CP113531_39099_aligned_39146_R_130_333_234;0.8801629953888424;0.1472171619528231;0.8811840981798569;0.14376776640694763;
164;12;Rickettsia australis str. Phillips;strain;1196662;1;15;13;13;1;13.0;13;1;423;423.0;0.007218212104386452;12.956778778707513;1.0033357998952266;1801;787;0.9618320610687023;;0.9618320610687023;;;5.55247084952804E-4;0.007218212104386452;0.2348695169350361;5.55247084952804E-4;0.00832870627429206;1;5.55247084952804E-4;13;0.007218212104386452;423;0.2348695169350361;1;5.55247084952804E-4;15;0.00832870627429206;444612x54001-NZ-CM000770_166873_aligned_23870_R_72_323_19;0.9618320610687023;;0.9618320610687023;;
165;11;Rickettsia amblyommatis;species;33989;38;2121;939;937;106;8.858490566037736;97;87;13959;367.3421052631579;0.001906048296049781;938.1047241621621;0.9988223871666899;491593;114277;0.8150664177329762;0.16469032968826977;0.8157986078429301;0.16472392469476005;13.387583927437985;7.72997174491907E-5;0.0019101167022313173;0.02839544094403297;1.7697566889683132E-4;0.004314544755519302;1744;0.13389163135940435;29826;2.267253281151374;851327;65.70983004124264;2267;0.1709896228437614;142273;10.996343093556726;33989x219258-NZ-CP015012_745574_aligned_190788_F_3_162_0;0.7871355199811507;0.17198236559092506;0.7871585049836741;0.17198527778901;
166;12;Rickettsia amblyommatis str. Ac/Pa;strain;1359164;2;186;43;43;6;7.166666666666667;24;6;974;487.0;0.0011152030706986877;42.97658903411016;1.0005447376447503;38558;33989;0.7710097719869706;0.10042298260499585;0.7718241042345277;0.10157462231376675;8.565434412022933;5.186991026505524E-5;0.0011152030706986877;0.025260646299081903;1.5560973079516572E-4;0.004823901654650137;2;5.186991026505524E-5;43;0.0011152030706986877;974;0.025260646299081903;6;1.5560973079516572E-4;186;0.004823901654650137;1359164x31536-NZ-LANR01000001_107170_aligned_19667_R_246_366_5;0.7710097719869706;0.10042298260499585;0.7718241042345277;0.10157462231376675;
167;12;Rickettsia amblyommatis str. Darkwater;strain;1359166;1704;139966;28844;951;2626;10.984006092916983;39;2174;836394;490.84154929577466;0.0746526414946228;11415.405266453778;0.08330847462723769;12739;33989;0.786531574782453;0.17221898160812693;0.7865378153668;0.17221828970222808;8.66377962732317;0.1337624617316901;2.264227961378444;65.65617395399953;0.1706570374440694;10.987204647146557;1704;0.1337624617316901;28844;2.264227961378444;836394;65.65617395399953;2174;0.1706570374440694;139966;10.987204647146557;1359166x139103-NZ-LAOH01000004_1625_aligned_82085_R_2_318_4;0.786531574782453;0.17221898160812693;0.7865378153668;0.17221828970222808;
168;11;Rickettsia montanensis;species;33991;0;0;0;0;0;;0;0;0;;;0.0;;0;114277;;;;;;;;;;;22;8.514887506724826E-5;330;0.0012772331260087239;9904;0.038332475393910305;47;1.8190896037093945E-4;1420;0.00549597284524966;;0.8382201472965668;0.1414586068335537;0.8388053989547797;0.1418139530151511;
169;12;Rickettsia montanensis str. OSU 85-930;strain;1105114;22;1420;330;330;51;6.470588235294118;39;47;9904;450.1818181818182;0.0012772331260087239;329.78998402727404;1.0006368173167703;258371;33991;0.8382201472965668;0.1414586068335537;0.8388053989547797;0.1418139530151511;7.923011905018118;8.514887506724826E-5;0.0012772331260087239;0.038332475393910305;1.8190896037093945E-4;0.00549597284524966;22;8.514887506724826E-5;330;0.0012772331260087239;9904;0.038332475393910305;47;1.8190896037093945E-4;1420;0.00549597284524966;1105114x157121-NC-017043_1155594_aligned_74798_F_218_364_378;0.8382201472965668;0.1414586068335537;0.8388053989547797;0.1418139530151511;
170;11;Rickettsia rhipicephali;species;33992;36;1676;941;941;91;10.340659340659341;58;72;16593;460.9166666666667;0.002525340625779944;939.8140862845096;1.0012618599069725;372623;114277;0.8652471805681289;0.11282841559906741;0.8663791668448138;0.11330629649415536;13.058177327483156;9.661239375991283E-5;0.002525340625779944;0.04453026249050649;1.9322478751982567E-4;0.0044978436650448305;38;1.3059883317058797E-4;967;0.002967164338118721;17321;0.056901326435992244;77;2.781908860465135E-4;1853;0.007505643552889581;33992x184994-NZ-CP013134_14377_aligned_95637_F_0_309_0;0.8609996022816633;0.1133833003518525;0.8623174934440215;0.11350372082369042;
171;12;Rickettsia rhipicephali str. 3-7-female6-CWPP;strain;1105113;2;177;26;25;5;5.2;12;5;728;364.0;4.2483049263343926E-4;25.994477954393968;0.9617427225836683;58847;33992;0.7845431931252826;0.13328211264563364;0.7892073722297603;0.12668596729874226;5.761944116355173;3.398643941067514E-5;4.418237123387768E-4;0.012371063945485752;8.496609852668785E-5;0.0030077998878447498;2;3.398643941067514E-5;26;4.418237123387768E-4;728;0.012371063945485752;5;8.496609852668785E-5;177;0.0030077998878447498;1462938x212560-NZ-CP113531_1006120_aligned_2073_F_94_381_73;0.7845431931252826;0.13328211264563364;0.7892073722297603;0.12668596729874226;
172;11;Rickettsia africae;species;35788;0;0;0;0;0;;0;0;0;;;0.0;;0;114277;;;;;;;;;;;5;3.8285425504219055E-5;90;6.89137659075943E-4;1531;0.011722997289391874;15;1.1485627651265716E-4;202;0.0015467311903704498;;0.8177546946636747;0.11450815589369627;0.8262653329615471;0.10276881520251972;
173;12;Rickettsia africae ESF-5;strain;347255;5;202;90;83;15;6.0;26;15;1531;306.2;6.355380633700363E-4;89.96934026123125;0.9225364969777997;130598;35788;0.8177546946636747;0.11450815589369627;0.8262653329615471;0.10276881520251972;7.511895328648518;3.8285425504219055E-5;6.89137659075943E-4;0.011722997289391874;1.1485627651265716E-4;0.0015467311903704498;5;3.8285425504219055E-5;90;6.89137659075943E-4;1531;0.011722997289391874;15;1.1485627651265716E-4;202;0.0015467311903704498;1462938x212560-NZ-CP113531_793291_aligned_194608_R_4_132_64;0.8177546946636747;0.11450815589369627;0.8262653329615471;0.10276881520251972;
174;11;Rickettsia helvetica;species;35789;9;578;104;104;27;3.8518518518518516;19;27;5116;568.4444444444445;3.933419313845258E-4;103.97974549399218;1.0001947928023058;264401;114277;0.7959549458985512;0.2650746824783148;0.8003758123883833;0.26490500145749407;4.382690635668597;3.403920560058396E-5;3.933419313845258E-4;0.019349397316954172;1.0211761680175188E-4;0.0021860734263486146;9;3.403920560058396E-5;104;3.933419313845258E-4;5116;0.019349397316954172;27;1.0211761680175188E-4;578;0.0021860734263486146;444612x54001-NZ-CM000770_518163_aligned_101346_R_0_164_2;0.7959549458985512;0.2650746824783148;0.8003758123883833;0.26490500145749407;
175;11;Rickettsia japonica;species;35790;4;55;36;36;11;3.272727272727273;12;11;1373;343.25;4.0647652598062463E-4;35.9928875711047;1.0001976065099318;88566;114277;0.9024648131370637;0.06748183213032659;0.9024648131370637;0.06748183213032659;3.495451590021212;4.5164058442291625E-5;4.0647652598062463E-4;0.0155025630603166;1.2420116071630197E-4;6.210058035815098E-4;4;4.5164058442291625E-5;36;4.0647652598062463E-4;1373;0.0155025630603166;11;1.2420116071630197E-4;55;6.210058035815098E-4;35790x222536-NZ-AP017576_11030_aligned_207074_F_518_60_388;0.9024648131370637;0.06748183213032659;0.9024648131370637;0.06748183213032659;
176;11;Rickettsia massiliae;species;35791;0;0;0;0;0;;0;0;0;;0.0;0.0;;1397;114277;;;;;;0.0;0.0;0.0;0.0;0.0;5;3.907074148453189E-5;61;4.766630461112891E-4;1909;0.014917209098794277;18;1.4065466934431482E-4;133;0.0010392817234885483;;0.9033007125093618;0.08231023395244297;0.9033007125093618;0.08231023395244297;
177;12;Rickettsia massiliae MTU5;strain;416276;5;133;61;60;18;3.388888888888889;11;18;1909;381.8;4.6884889781438274E-4;60.985702305666244;0.9838371574254272;127973;35791;0.9033007125093618;0.08231023395244297;0.9033007125093618;0.08231023395244297;2.9533408577782247;3.907074148453189E-5;4.766630461112891E-4;0.014917209098794277;1.4065466934431482E-4;0.0010392817234885483;5;3.907074148453189E-5;61;4.766630461112891E-4;1909;0.014917209098794277;18;1.4065466934431482E-4;133;0.0010392817234885483;1462938x212560-NZ-CP113531_1058907_aligned_32717_F_51_371_296;0.9033007125093618;0.08231023395244297;0.9033007125093618;0.08231023395244297;
178;11;Rickettsia parkeri;species;35792;11;355;146;145;31;4.709677419354839;24;31;3140;285.45454545454544;7.599102781795694E-4;145.94454050276403;0.993528086083178;190812;114277;0.8333243557302538;0.13463272626541783;0.8348055629141086;0.13567557627429172;5.311581988994093;5.7648365930863886E-5;7.651510387187389E-4;0.016455988092992056;1.6246357671425278E-4;0.0018604699914051526;11;5.7648365930863886E-5;146;7.651510387187389E-4;3140;0.016455988092992056;31;1.6246357671425278E-4;355;0.0018604699914051526;1462938x212560-NZ-CP113531_1319303_aligned_135996_R_22_269_23;0.8333243557302538;0.13463272626541783;0.8348055629141086;0.13567557627429172;
179;11;Rickettsia slovaca;species;35794;3;103;38;38;8;4.75;16;8;922;307.3333333333333;5.541135641167721E-4;37.98975069247696;1.0002697913867877;68578;114277;0.8757269503068382;0.05345990599201022;0.8757269503068382;0.05345990599201022;5.230405611149374;4.374580769342938E-5;5.541135641167721E-4;0.013444544897780629;1.1665548718247835E-4;0.0015019393974744087;3;4.374580769342938E-5;38;5.541135641167721E-4;922;0.013444544897780629;8;1.1665548718247835E-4;103;0.0015019393974744087;444612x54001-NZ-CM000770_1142872_aligned_129991_R_7_223_285;0.8757269503068382;0.05345990599201022;0.8757269503068382;0.05345990599201022;
180;11;Rickettsia honei;species;37816;0;0;0;0;0;;0;0;0;;;0.0;;0;114277;;;;;;;;;;;3;1.8482238568735446E-5;32;1.9714387806651142E-4;888;0.005470742616345692;13;8.008970046452026E-5;280;0.0017250089330819748;;0.608064695861989;0.21383009974267572;0.608064695861989;0.21383009974267572;
181;12;Rickettsia honei RB;strain;1175313;3;280;32;32;13;2.4615384615384617;9;13;888;296.0;1.9714387806651142E-4;31.99694445789111;1.0000954948092906;162318;37816;0.608064695861989;0.21383009974267572;0.608064695861989;0.21383009974267572;2.3669736167866557;1.8482238568735446E-5;1.9714387806651142E-4;0.005470742616345692;8.008970046452026E-5;0.0017250089330819748;3;1.8482238568735446E-5;32;1.9714387806651142E-4;888;0.005470742616345692;13;8.008970046452026E-5;280;0.0017250089330819748;1462938x212560-NZ-CP113531_714402_aligned_62390_F_13_309_0;0.608064695861989;0.21383009974267572;0.608064695861989;0.21383009974267572;
182;11;Rickettsia felis;species;42862;211;20481;7865;7496;571;13.774080560420316;154;262;133170;631.1374407582938;0.014125805600572871;7807.00994904352;0.9601627318174966;530660;114277;0.8267737205558033;0.13457293941694567;0.8276423845832971;0.1344505337570159;15.77650131273381;3.976180605283986E-4;0.014821166095051446;0.25095164512116985;4.937247955376324E-4;0.03859533411223759;213;4.409193509068519E-4;7888;0.015319130934403659;133560;0.25939539674496825;269;6.452793118622189E-4;20531;0.03967786637169892;42862x66326-NZ-JSEL01000012_53483_aligned_9967_R_3_384_0;0.8267727153549663;0.13396169914865758;0.8276332229127185;0.1338399278739326;
183;12;Rickettsia felis str. LSU;strain;1359195;2;50;23;23;7;3.2857142857142856;10;7;390;195.0;4.979648393522127E-4;22.994523216826373;1.0002381777226683;46188;42862;0.8266666666666667;0.037712361663285364;0.8266666666666667;0.037712361663285364;3.450327796711771;4.3301290378453275E-5;4.979648393522127E-4;0.008443751623798389;1.5155451632458647E-4;0.001082532259461332;2;4.3301290378453275E-5;23;4.979648393522127E-4;390;0.008443751623798389;7;1.5155451632458647E-4;50;0.001082532259461332;1462938x212560-NZ-CP113531_1243579_aligned_80154_F_113_251_0;0.8266666666666667;0.037712361663285364;0.8266666666666667;0.037712361663285364;
184;11;Rickettsia peacockii;species;47589;0;0;0;0;0;;0;0;0;;;0.0;;0;114277;;;;;;;;;;;14;1.1938058530595538E-4;291;0.00248141073743093;4224;0.03601882802373968;37;3.1550583259431066E-4;547;0.004664370011596971;;0.8148049440563886;0.11468798157344715;0.8169356777728002;0.11068490612430956;
185;12;Rickettsia peacockii str. Rustic;strain;562019;14;547;291;291;37;7.864864864864865;72;37;4224;301.7142857142857;0.00248141073743093;290.64049082381786;1.0012369548894;117272;47589;0.8148049440563886;0.11468798157344715;0.8169356777728002;0.11068490612430956;13.464278175482962;1.1938058530595538E-4;0.00248141073743093;0.03601882802373968;3.1550583259431066E-4;0.004664370011596971;14;1.1938058530595538E-4;291;0.00248141073743093;4224;0.03601882802373968;37;3.1550583259431066E-4;547;0.004664370011596971;562019x219394-NC-012732_24812_aligned_149024_F_738_130_108;0.8148049440563886;0.11468798157344715;0.8169356777728002;0.11068490612430956;
186;11;Rickettsia monacensis;species;109232;37;3067;1333;1317;106;12.575471698113208;90;62;18765;507.1621621621622;0.009399958603067655;1326.6835889840088;0.992700905427326;140107;114277;0.8266838069313244;0.10538064603426708;0.8268744737886577;0.10547969882055176;13.778484340730762;2.6408387874981263E-4;0.00951415703712163;0.13393335093892525;4.425189319591455E-4;0.021890412327720956;37;2.6408387874981263E-4;1333;0.00951415703712163;18765;0.13393335093892525;62;4.425189319591455E-4;3067;0.021890412327720956;109232x175602-NZ-LN794217_141678_aligned_2600_R_128_634_63;0.8266838069313244;0.10538064603426708;0.8268744737886577;0.10547969882055176;
187;11;Rickettsia asiatica;species;238800;11;394;152;152;38;4.0;13;38;8393;763.0;6.595561881123675E-4;151.95021430838509;1.0003276447607627;230458;114277;0.8661301211541904;0.14212135969246167;0.8663658404910333;0.14231557761041597;3.883436761565853;4.773103992918449E-5;6.595561881123675E-4;0.03641878346596777;1.6488904702809188E-4;0.0017096390665544265;11;4.773103992918449E-5;152;6.595561881123675E-4;8393;0.03641878346596777;38;1.6488904702809188E-4;394;0.0017096390665544265;1462938x212560-NZ-CP113531_1209628_aligned_79266_F_83_96_149;0.8661301211541904;0.14212135969246167;0.8663658404910333;0.14231557761041597;
188;11;Rickettsia sibirica subgroup;;266068;0;0;0;0;0;;0;0;0;;;0.0;;0;114277;;;;;;;;;;;13;1.281432127362442E-4;179;0.0017213296439412846;4315;0.04458660038524783;26;2.5153769912883574E-4;481;0.005021473725516544;;0.7707768734270168;0.25618344569663715;0.7707768734270168;0.25618344569663715;
189;12;Rickettsia sibirica;species;35793;9;274;133;133;20;6.65;31;19;2555;283.8888888888889;0.001116671144545943;132.92632671783824;1.0005542414657869;119104;266068;0.7702206077738633;0.25254150900340483;0.7702206077738633;0.25254150900340483;8.719457974462692;7.556421278882321E-5;0.001116671144545943;0.02145184040838259;1.59524449220849E-4;0.002300510478237507;13;1.281432127362442E-4;179;0.0017213296439412846;4315;0.04458660038524783;26;2.5153769912883574E-4;481;0.005021473725516544;35793x101787-NZ-CP170627_641766_aligned_153914_F_3_130_6;0.7707768734270168;0.25618344569663715;0.7707768734270168;0.25618344569663715;
190;13;Rickettsia sibirica subsp. mongolitimonae;subspecies;45261;0;0;0;0;0;;0;0;0;;;0.0;;0;35793;;;;;;;;;;;4;5.2578999947421E-5;46;6.046584993953415E-4;1760;0.02313475997686524;7;9.201324990798675E-5;207;0.002720963247279037;;0.7720284711466123;0.30404645103426164;0.7720284711466123;0.30404645103426164;
191;14;Rickettsia sibirica subsp. mongolitimonae HA-91;strain;1144280;4;207;46;46;7;6.571428571428571;23;7;1760;440.0;6.046584993953415E-4;45.986397806121715;1.0002957873311937;76076;45261;0.7720284711466123;0.30404645103426164;0.7720284711466123;0.30404645103426164;7.807200583588266;5.2578999947421E-5;6.046584993953415E-4;0.02313475997686524;9.201324990798675E-5;0.002720963247279037;4;5.2578999947421E-5;46;6.046584993953415E-4;1760;0.02313475997686524;7;9.201324990798675E-5;207;0.002720963247279037;1462938x212560-NZ-CP113531_695142_aligned_92882_F_3_176_14;0.7720284711466123;0.30404645103426164;0.7720284711466123;0.30404645103426164;
192;11;Rickettsia tamurae;species;334545;39;1321;592;583;109;5.431192660550459;56;105;11108;284.8205128205128;0.0022374798991407004;591.3291243346907;0.9859145711044388;260561;114277;0.7837715022200017;0.2096920026818049;0.7851558373748286;0.20966711199011356;7.379108362875337;1.4967704299569007E-4;0.002272020755216629;0.04263109214349039;4.029766542191656E-4;0.005069830097366835;401;0.00975868083881763;10137;0.2556364992942234;174961;4.391979431803193;586;0.013170741366347216;26714;0.6791069389020811;334545x209044-NZ-CCMG01000008_200214_aligned_158800_R_9_149_0;0.783805439091101;0.19893971826654314;0.7844460346367614;0.19893006100134167;
193;12;Rickettsia tamurae subsp. buchneri;subspecies;1462938;362;25393;9545;8335;642;14.867601246105918;184;481;163853;452.6325966850829;0.22124598518833116;8431.883556226254;0.9885098560030856;37673;334545;0.7838090952733466;0.19805086635199415;0.7843695641760303;0.19804273989475468;18.074803231728644;0.009609003795821941;0.25336447853900673;4.349348339659703;0.01276776471212805;0.6740371088047142;362;0.009609003795821941;9545;0.25336447853900673;163853;4.349348339659703;481;0.01276776471212805;25393;0.6740371088047142;1462938x212560-NZ-CP113531_255331_aligned_79109_R_318_434_3;0.7838090952733466;0.19805086635199415;0.7843695641760303;0.19804273989475468;
194;11;Rickettsia gravesii;species;354585;0;0;0;0;0;;0;0;0;;;0.0;;0;114277;;;;;;;;;;;19;6.198192085234928E-5;278;9.068933682606894E-4;11805;0.0385103460874728;40;1.3048825442599847E-4;858;0.002798973057437667;;0.8096443993046387;0.25285660373086394;0.8100540934747636;0.25287357841441443;
195;12;Rickettsia gravesii BWI-1;strain;1397702;19;858;278;278;40;6.95;31;40;11805;621.3157894736842;9.068933682606894E-4;277.87443295257987;1.0004518841337287;306541;354585;0.8096443993046387;0.25285660373086394;0.8100540934747636;0.25287357841441443;8.031827712934113;6.198192085234928E-5;9.068933682606894E-4;0.0385103460874728;1.3048825442599847E-4;0.002798973057437667;19;6.198192085234928E-5;278;9.068933682606894E-4;11805;0.0385103460874728;40;1.3048825442599847E-4;858;0.002798973057437667;1462938x212560-NZ-CP113531_1000832_aligned_111201_R_0_117_1;0.8096443993046387;0.25285660373086394;0.8100540934747636;0.25287357841441443;
196;11;Rickettsia hoogstraalii;species;467174;31;1432;815;811;89;9.157303370786517;80;75;8282;267.16129032258067;0.0014103244093940474;814.4234386083438;0.995796488109191;575045;114277;0.7020757193153213;0.2851191764953801;0.7043409628920264;0.2844820482477051;14.213389075417343;5.390882452677617E-5;0.001417280386752341;0.014402351120347103;1.3042457546800685E-4;0.002490239894269144;31;5.390882452677617E-5;815;0.001417280386752341;8282;0.014402351120347103;75;1.3042457546800685E-4;1432;0.002490239894269144;467174x113389-NZ-JAPJZU010000049_5888_aligned_96431_F_0_216_0;0.7020757193153213;0.2851191764953801;0.7043409628920264;0.2844820482477051;
197;11;Rickettsia asembonensis;species;1068590;13;515;191;190;59;3.23728813559322;25;58;4882;375.53846153846155;3.898579480750251E-4;190.96277337529082;0.9949583190573027;487357;114277;0.8637152132134776;0.1493843601111767;0.8637152132134776;0.1493843601111767;4.3720861549815035;2.6674491184080665E-5;3.9190983201226206E-4;0.010017297381590908;1.190092683597445E-4;0.0010567202276770416;13;2.6674491184080665E-5;191;3.9190983201226206E-4;4882;0.010017297381590908;58;1.190092683597445E-4;515;0.0010567202276770416;1462938x212560-NZ-CP113531_1326725_aligned_148262_F_19_176_28;0.8637152132134776;0.1493843601111767;0.8637152132134776;0.1493843601111767;
198;11;Rickettsia fournieri;species;1436798;6;193;96;94;25;3.84;25;24;1294;215.66666666666666;8.633119954446516E-4;95.95813223286085;0.9795938896756654;108883;114277;0.7760334321054113;0.2291190682660735;0.7760334321054113;0.2291190682660735;5.520265694088766;5.5105020985828826E-5;8.816803357732612E-4;0.011884316192610416;2.204200839433153E-4;0.0017725448417108272;6;5.5105020985828826E-5;96;8.816803357732612E-4;1294;0.011884316192610416;24;2.204200839433153E-4;193;0.0017725448417108272;1436798x7717-NZ-LT978483_145770_aligned_171797_R_1_116_2;0.7760334321054113;0.2291190682660735;0.7760334321054113;0.2291190682660735;
199;11;Rickettsia argasii;species;1441385;0;0;0;0;0;;0;0;0;;;0.0;;0;114277;;;;;;;;;;;12;8.203781943475943E-5;188;0.0012852591711445644;4378;0.029930131123781397;38;2.597864282100715E-4;751;0.005134200199625361;;0.8118301099867397;0.10346068225218932;0.8142835091095467;0.10334637005390696;
200;12;Rickettsia argasii T170-B;strain;1268837;12;751;188;180;38;4.947368421052632;31;38;4378;364.8333333333333;0.0012305672915213913;187.87987918831254;0.9580589511641397;146274;1441385;0.8118301099867397;0.10346068225218932;0.8142835091095467;0.10334637005390696;6.0847499600898685;8.203781943475943E-5;0.0012852591711445644;0.029930131123781397;2.597864282100715E-4;0.005134200199625361;12;8.203781943475943E-5;188;0.0012852591711445644;4378;0.029930131123781397;38;2.597864282100715E-4;751;0.005134200199625361;444612x47268-NZ-CM000772_10949_aligned_51985_R_0_442_1;0.8118301099867397;0.10346068225218932;0.8142835091095467;0.10334637005390696;
201;11;Rickettsia koreansis;species;2358204;11;439;131;115;24;5.458333333333333;22;24;3661;332.8181818181818;7.30186546789084E-4;130.94594920699757;0.878224952329068;157494;114277;0.7964671777677818;0.19315922747613384;0.8034929388919035;0.18602839281188865;5.978069825669462;6.984393056243412E-5;8.317777185162609E-4;0.023245329980824667;1.5238675759076536E-4;0.0027874077742644165;11;6.984393056243412E-5;131;8.317777185162609E-4;3661;0.023245329980824667;24;1.5238675759076536E-4;439;0.0027874077742644165;444612x54001-NZ-CM000770_569625_aligned_62435_F_47_248_38;0.7964671777677818;0.19315922747613384;0.8034929388919035;0.18602839281188865;
202;11;unclassified spotted fever group;no rank;2750824;0;0;0;0;0;;0;0;0;;;0.0;;0;114277;;;;;;;;;;;8233;0.1556961234731511;215700;4.080734751717595;3287769;62.17640078185035;9536;0.1800719973658332;452167;8.552822788527708;;0.7913661673363416;0.19411823737453363;0.7914442466151472;0.19411956646652725;
203;12;Rickettsia endosymbiont of Ixodes scapularis;species;444612;8224;451798;215575;19876;14639;14.726074185395177;217;9507;3284221;399.3459387159533;0.3761900255512444;51941.86716966095;0.3826585581738482;52835;2750824;0.7913015290143922;0.1941866475169456;0.7913794276669457;0.19418788413723156;14.954354097786853;0.15565439576038612;4.080155200151415;62.15995079019589;0.17993754140247942;8.551111952304344;8224;0.15565439576038612;215575;4.080155200151415;3284221;62.15995079019589;9507;0.17993754140247942;451798;8.551111952304344;444612x44192-NZ-GG688316_27516_aligned_110005_R_1_320_17;0.7913015290143922;0.1941866475169456;0.7913794276669457;0.19418788413723156;
204;12;Rickettsia sp. Tenjiku01;species;1736693;9;369;125;125;29;4.310344827586207;24;29;3548;394.22222222222223;5.795515661801524E-4;124.96407463282976;1.0002874855615567;215684;2750824;0.8504312295265236;0.10563427809587088;0.8506743610606836;0.10570676250118648;5.298944964234876;4.1727712764970975E-5;5.795515661801524E-4;0.016449991654457447;1.3445596335379538E-4;0.00171083622336381;9;4.1727712764970975E-5;125;5.795515661801524E-4;3548;0.016449991654457447;29;1.3445596335379538E-4;369;0.00171083622336381;444612x54001-NZ-CM000770_654164_aligned_189061_R_35_146_306;0.8504312295265236;0.10563427809587088;0.8506743610606836;0.10570676250118648;
205;11;Rickettsia tillamookensis;species;2761623;14;2215;181;181;42;4.309523809523809;28;42;14776;1055.4285714285713;3.321338591201939E-4;180.97011122259042;1.0001651586397757;544961;114277;0.8428368184806975;0.12294445334337487;0.8431841992695787;0.12232378755083065;5.357866772613688;2.568991175515312E-5;3.321338591201939E-4;0.027113866863867322;7.706973526545936E-5;0.004064511038404583;14;2.568991175515312E-5;181;3.321338591201939E-4;14776;0.027113866863867322;42;7.706973526545936E-5;2215;0.004064511038404583;1462938x212560-NZ-CP113531_298738_aligned_165195_F_7_135_204;0.8428368184806975;0.12294445334337487;0.8431841992695787;0.12232378755083065;
206;11;Candidatus Rickettsia kedanie;species;3115352;10;621;113;105;36;3.138888888888889;10;36;4886;488.6;2.0841190131200255E-4;112.98744063258067;0.9293068274857671;503810;114277;0.8516130643091285;0.07405365660098831;0.8547648159458665;0.07038197225184806;3.015699660848945;1.9848752505905004E-5;2.2429090331672655E-4;0.009698100474385185;7.145550902125802E-5;0.0012326075306167007;10;1.9848752505905004E-5;113;2.2429090331672655E-4;4886;0.009698100474385185;36;7.145550902125802E-5;621;0.0012326075306167007;444612x54001-NZ-CM000770_257207_aligned_53077_R_180_281_57;0.8516130643091285;0.07405365660098831;0.8547648159458665;0.07038197225184806;
207;10;typhus group;species group;114292;4;103;40;40;9;4.444444444444445;15;9;2748;687.0;2.7898672023211695E-4;39.99456023959238;1.0001360125070768;143376;780;0.9609339074259594;0.03780228706294102;0.9609339074259594;0.03780228706294102;4.419024527854284;2.7898672023211696E-5;2.7898672023211695E-4;0.019166387679946436;6.277201205222631E-5;7.183908045977011E-4;18;4.401139290229602E-5;294;5.709918601853796E-4;7249;0.02434551765095465;72;1.3536923911221905E-4;624;0.0013178856557348915;444612x54001-NZ-CM000770_1146668_aligned_48386_F_60_303_197;0.8371475178644268;0.17031523567198034;0.8383641242742832;0.17026787924607586;
208;11;Rickettsia prowazekii;species;782;8;302;156;156;33;4.7272727272727275;23;33;2609;326.125;1.7753640918955767E-4;155.9862417393613;1.0000882017573172;878693;114292;0.8203364019145802;0.15321594258395885;0.8210985970365314;0.15139912561791932;5.287205826761944;9.104431240490137E-6;1.7753640918955767E-4;0.002969182638304846;3.755577886702182E-5;3.436922793285027E-4;8;9.104431240490137E-6;156;1.7753640918955767E-4;2609;0.002969182638304846;33;3.755577886702182E-5;302;3.436922793285027E-4;444612x54001-NZ-CM000770_496113_aligned_12169_R_3_9884_0;0.8203364019145802;0.15321594258395885;0.8210985970365314;0.15139912561791932;
209;11;Rickettsia typhi;species;785;6;219;98;98;30;3.2666666666666666;18;30;1892;315.3333333333333;1.14468730763705E-4;97.99444847442157;1.0000566514293907;856129;114292;0.7770380794232002;0.2187595848973773;0.779671638490168;0.22134299845475558;3.7502490338765444;7.008289638594184E-6;1.14468730763705E-4;0.002209947332703366;3.504144819297092E-5;2.558025718086877E-4;6;7.008289638594184E-6;98;1.14468730763705E-4;1892;0.002209947332703366;30;3.504144819297092E-5;219;2.558025718086877E-4;785x207223-NZ-LS992663_168583_aligned_181783_R_265_69_89;0.7770380794232002;0.2187595848973773;0.779671638490168;0.22134299845475558;
210;10;unclassified Rickettsia;no rank;114295;71;3181;2440;2436;268;9.104477611940299;56;201;27884;392.7323943661972;5.949252582405452E-4;2439.2734411710226;0.9986580261500116;4094632;780;0.8503551441931522;0.14088756065139402;0.8537078472708438;0.13936096204721848;10.686032506843905;1.733977558911277E-5;5.95902147006129E-4;0.006809891584884795;4.9088660470586854E-5;7.768707908305313E-4;244;0.001371844455719021;6912;0.02727355428220113;118168;0.7866264791726065;716;0.004662960180539651;14226;0.058871609402160935;3348345x74198-NZ-CP170741_322336_aligned_86741_R_45_348_30;0.8406992046778075;0.1422878377825282;0.844129454919485;0.14041286102301564;
211;11;Rickettsia sp.;species;789;10;466;295;293;57;5.175438596491228;31;56;4368;436.8;5.677348348918591E-4;294.9159892077474;0.99350327117599;516086;114295;0.8760560601346261;0.07580180069428155;0.8801636732090884;0.07189915604326205;6.403466714593923;1.9376615525319423E-5;5.71610157996923E-4;0.008463705661459524;1.0850904694178877E-4;9.029502834798851E-4;10;1.9376615525319423E-5;295;5.71610157996923E-4;4368;0.008463705661459524;56;1.0850904694178877E-4;466;9.029502834798851E-4;444612x54001-NZ-CM000770_335876_aligned_92193_F_196_358_251;0.8760560601346261;0.07580180069428155;0.8801636732090884;0.07189915604326205;
212;11;Rickettsia endosymbiont of Ixodes pacificus;species;1133329;64;5611;1842;1806;170;10.83529411764706;89;126;40891;638.921875;0.009743465242372745;1832.882553295683;0.9853331828341397;185355;114295;0.8244064723765265;0.12907222960103665;0.827785886940882;0.1274155191111582;12.829189220945691;3.4528337514499205E-4;0.009937687140891802;0.2206091014539667;6.797766448167031E-4;0.03027164090528985;64;3.4528337514499205E-4;1842;0.009937687140891802;40891;0.2206091014539667;126;6.797766448167031E-4;5611;0.03027164090528985;1133329x66257-NZ-KR611317_78808_aligned_56581_F_0_304_4;0.8244064723765265;0.12907222960103665;0.827785886940882;0.1274155191111582;
213;11;Rickettsia sp. MEAM1 (Bemisia tabaci);species;1182263;5;88;67;63;20;3.35;9;20;1686;337.2;0.008619510192912848;66.6983910145069;0.9445505212606629;7309;114295;0.8611414703302167;0.1790637658208932;0.8826799318686781;0.13355406384522814;2.888725816360089;6.840881105486386E-4;0.009166780681351757;0.23067451087700097;0.0027363524421945545;0.012039950745656041;5;6.840881105486386E-4;67;0.009166780681351757;1686;0.23067451087700097;20;0.0027363524421945545;88;0.012039950745656041;1462938x212560-NZ-CP113531_1083049_aligned_21975_F_47_423_49;0.8611414703302167;0.1790637658208932;0.8826799318686781;0.13355406384522814;
214;11;Rickettsia endosymbiont of Proechinophthirus fluctus;species;1462733;6;293;85;85;15;5.666666666666667;15;15;2039;339.8333333333333;3.7066270130255234E-4;84.98443404514991;1.0001831624229187;229319;114295;0.8402718399233797;0.23057307615202774;0.8491494683569836;0.21950640010753916;4.908690058991104;2.6164425974297813E-5;3.7066270130255234E-4;0.008891544093598873;6.541106493574453E-5;0.0012776961350782097;6;2.6164425974297813E-5;85;3.7066270130255234E-4;2039;0.008891544093598873;15;6.541106493574453E-5;293;0.0012776961350782097;1462938x212560-NZ-CP113531_446320_aligned_110380_R_233_124_151;0.8402718399233797;0.23057307615202774;0.8491494683569836;0.21950640010753916;
215;11;Rickettsia endosymbiont of Culicoides newsteadi;species;1961830;1;258;45;45;4;11.25;22;1;2211;2211.0;2.8901734104046245E-4;44.99364220366774;1.0001413043270309;155700;114295;0.8817056396148556;;0.8817056396148556;;10.242883708539635;6.422607578676943E-6;2.8901734104046245E-4;0.014200385356454721;6.422607578676943E-6;0.0016570327552986512;1;6.422607578676943E-6;45;2.8901734104046245E-4;2211;0.014200385356454721;1;6.422607578676943E-6;258;0.0016570327552986512;1961830x18260-NZ-MWZE01000139_817_aligned_2043_R_45_2074_53;0.8817056396148556;;0.8817056396148556;;
216;11;Rickettsia sp. TH2014;species;1967503;10;438;147;147;41;3.5853658536585367;12;40;3471;347.1;2.596929969455157E-4;146.98104403017868;1.0001289688064634;566053;114295;0.8507939976595005;0.13886547189509627;0.8530156650537668;0.13926268623310145;2.8633512686718823;1.766619026840243E-5;2.596929969455157E-4;0.006131934642162483;7.066476107360972E-5;7.737791337560264E-4;10;1.766619026840243E-5;147;2.596929969455157E-4;3471;0.006131934642162483;40;7.066476107360972E-5;438;7.737791337560264E-4;444612x46767-NZ-CM000771_17411_aligned_96779_F_17_404_14;0.8507939976595005;0.13886547189509627;0.8530156650537668;0.13926268623310145;
217;11;Rickettsia endosymbiont of Cardiosporidium cionae;species;2777155;1;8;8;8;1;8.0;8;1;66;66.0;7.785781994211272E-6;7.999972749882524;1.0000034062762873;1027514;114295;0.7777777777777778;;0.7777777777777778;;;9.73222749276409E-7;7.785781994211272E-6;6.423270145224299E-5;9.73222749276409E-7;7.785781994211272E-6;1;9.73222749276409E-7;8;7.785781994211272E-6;66;6.423270145224299E-5;1;9.73222749276409E-7;8;7.785781994211272E-6;2777155x23546-NZ-JADAQY010000006_5050_aligned_212580_F_18_43_8;0.7777777777777778;;0.7777777777777778;;
218;11;Rickettsia endosymbiont of Halotydeus destructor;species;2996754;0;0;3;3;3;1.0;1;3;0;;2.3371220678856057E-6;2.9999976627964875;1.0000007790684444;1283630;114295;;;;;0.0;0.0;2.3371220678856057E-6;0.0;2.3371220678856057E-6;0.0;0;0.0;3;2.3371220678856057E-6;0;0.0;3;2.3371220678856057E-6;0;0.0;1462938x212560-NZ-CP113531_1388630_aligned_59776_R_10_494_294;;;;;
219;11;Rickettsia endosymbiont of Aspidapion aeneum;species;3066247;1;32;15;15;1;15.0;15;1;2348;2348.0;0.0012965684155933962;14.990927419747614;1.0006052047347274;11569;114295;0.9857635893011216;;0.9861949956859362;;;8.643789437289307E-5;0.0012965684155933962;0.20295617598755294;8.643789437289307E-5;0.0027660126199325783;1;8.643789437289307E-5;15;0.0012965684155933962;2348;0.20295617598755294;1;8.643789437289307E-5;32;0.0027660126199325783;1462938x212560-NZ-CP113531_1043378_aligned_201060_R_183_107_2058;0.9857635893011216;;0.9861949956859362;;
220;11;Rickettsia endosymbiont of Cantharis rufa;species;3066248;22;921;358;358;74;4.837837837837838;29;73;7389;335.8636363636364;3.7316310980376626E-4;357.9333986067509;1.0001860720276685;959366;114295;0.8209282498324644;0.17381157629502553;0.8214589446420106;0.1739822068629296;5.7624838323893535;2.2931811216991223E-5;3.7316310980376626E-4;0.007701961503743097;7.609191903819814E-5;9.60009005947678E-4;22;2.2931811216991223E-5;358;3.7316310980376626E-4;7389;0.007701961503743097;73;7.609191903819814E-5;921;9.60009005947678E-4;1462938x212560-NZ-CP113531_1702358_aligned_167933_F_7_124_10;0.8209282498324644;0.17381157629502553;0.8214589446420106;0.1739822068629296;
221;11;Rickettsia endosymbiont of Ceutorhynchus obstrictus;species;3066249;0;0;2;2;1;2.0;2;1;0;;1.8183967196123178E-5;1.9999909080219798;1.0000045460096763;109987;114295;;;;;;0.0;1.8183967196123178E-5;0.0;9.091983598061589E-6;0.0;0;0.0;2;1.8183967196123178E-5;0;0.0;1;9.091983598061589E-6;0;0.0;1462938x212560-NZ-CP113531_1575073_aligned_105474_R_1_133_0;;;;;
222;11;Rickettsia endosymbiont of Orchestes rusci;species;3066250;0;0;5;5;3;1.6666666666666667;3;3;0;;1.2081993238916583E-5;4.9999758359412185;1.0000048328351125;413839;114295;;;;;1.1547005383792515;0.0;1.2081993238916583E-5;0.0;7.24919594334995E-6;0.0;0;0.0;5;1.2081993238916583E-5;0;0.0;3;7.24919594334995E-6;0;0.0;444612x54001-NZ-CM000770_1392952_aligned_57308_R_4_351_5;;;;;
223;11;Rickettsia endosymbiont of Polydrusus tereticollis;species;3066251;1;8;73;67;30;2.433333333333333;9;28;401;401.0;5.444595954096368E-5;72.99786446207858;0.9178350694739242;1230578;114295;0.9784366576819407;;0.9784366576819407;;1.977168531587242;8.12626261805428E-7;5.9321717111796245E-5;3.258631309839766E-4;2.2753535330551986E-5;6.501010094443424E-6;1;8.12626261805428E-7;73;5.9321717111796245E-5;401;3.258631309839766E-4;28;2.2753535330551986E-5;8;6.501010094443424E-6;444612x47268-NZ-CM000772_14170_aligned_47208_F_126_289_55;0.9784366576819407;;0.9784366576819407;;
224;11;Rickettsia endosymbiont of Rhinocyllus conicus;species;3066252;5;246;121;108;17;7.117647058823529;28;17;4211;842.2;0.001017111967075709;120.93165300739264;0.8930664330983542;106183;114295;0.907903217053294;0.06190770653941806;0.9082729028203917;0.06226848618291585;7.192725082863035;4.708851699424578E-5;0.001139542111260748;0.039657949012553796;1.6010095778043565E-4;0.0023167550361168927;5;4.708851699424578E-5;121;0.001139542111260748;4211;0.039657949012553796;17;1.6010095778043565E-4;246;0.0023167550361168927;444612x54001-NZ-CM000770_1632175_aligned_52753_F_0_282_7;0.907903217053294;0.06190770653941806;0.9082729028203917;0.06226848618291585;
225;11;Rickettsia endosymbiont of Urophora cardui;species;3066265;7;207;190;172;48;3.9583333333333335;29;45;2540;362.85714285714283;3.4245279825747274E-4;189.96425597278224;0.9054334938918397;502259;114295;0.8896336107855474;0.07872386377877648;0.8930430801041076;0.08097141487944572;5.849016405157487;1.3937032487222728E-5;3.7829088179604546E-4;0.005057151788220819;8.959520884643182E-5;4.121379606935864E-4;7;1.3937032487222728E-5;190;3.7829088179604546E-4;2540;0.005057151788220819;45;8.959520884643182E-5;207;4.121379606935864E-4;1462938x212560-NZ-CP113531_1662353_aligned_17183_F_0_479_1;0.8896336107855474;0.07872386377877648;0.8930430801041076;0.08097141487944572;
226;11;Rickettsia endosymbiont of Gonocerus acuteangulatus;species;3066266;28;1914;918;918;83;11.060240963855422;61;46;14351;512.5357142857143;0.0013315791687638797;917.3897412496652;1.000665212093503;689407;114295;0.8380827158258347;0.14141326051626213;0.8410181823370234;0.14123206189358406;12.60598908919241;4.061461516926866E-5;0.0013315791687638797;0.02081644079622052;6.672401063522708E-5;0.0027762990512135793;28;4.061461516926866E-5;918;0.0013315791687638797;14351;0.02081644079622052;46;6.672401063522708E-5;1914;0.0027762990512135793;3066266x73572-NZ-OZ032147_1459283_aligned_24376_F_0_528_2;0.8380827158258347;0.14141326051626213;0.8410181823370234;0.14123206189358406;
227;11;Rickettsia endosymbiont of Pantilius tunicatus;species;3066267;10;481;195;194;29;6.724137931034483;28;23;4001;400.1;6.047306143314921E-4;194.94105058501196;0.9951726402305318;320804;114295;0.8099000387394177;0.18819910903592477;0.8137391644173897;0.18963021196068122;6.712975451233752;3.117168115110784E-5;6.07847782446603E-4;0.012471789628558248;7.169486664754803E-5;0.0014993578633682872;10;3.117168115110784E-5;195;6.07847782446603E-4;4001;0.012471789628558248;23;7.169486664754803E-5;481;0.0014993578633682872;3066267x246428-NZ-OZ198175_1361335_aligned_41227_R_0_157_4;0.8099000387394177;0.18819910903592477;0.8137391644173897;0.18963021196068122;
228;11;Rickettsia endosymbiont of Nabis limbatus;species;3066268;2;74;102;102;15;6.8;64;15;311;155.5;5.883336890252695E-4;101.9702948608688;1.0002913116920151;173371;114295;0.6805822752340644;0.34924563477611825;0.6805822752340644;0.34924563477611825;16.049922118191105;1.153595468676999E-5;5.883336890252695E-4;0.0017938409537927335;8.651966015077492E-5;4.2683032341048964E-4;2;1.153595468676999E-5;102;5.883336890252695E-4;311;0.0017938409537927335;15;8.651966015077492E-5;74;4.2683032341048964E-4;3066268x143941-NZ-OZ239771_1119519_aligned_158408_R_2_110_31;0.6805822752340644;0.34924563477611825;0.6805822752340644;0.34924563477611825;
229;11;Rickettsia sp. R1;species;3405422;0;0;1;1;1;1.0;1;1;0;;2.671653753673524E-4;0.999999999999828;1.000000000000172;3743;114295;;;;;;0.0;2.671653753673524E-4;0.0;2.671653753673524E-4;0.0;0;0.0;1;2.671653753673524E-4;0;0.0;1;2.671653753673524E-4;0;0.0;444612x44192-NZ-GG688316_10433_aligned_7683_R_23_390_12;;;;;
230;10;belli group;species group;1129742;3;119;118;116;21;5.619047619047619;17;17;2267;755.6666666666666;0.0016379091242834148;117.9025834807739;0.9838630891316801;70822;780;0.891477668331464;0.09990541387154954;0.891477668331464;0.09990541387154954;5.093880549013596;4.2359718731467624E-5;0.00166614893677106;0.0320098274547457;2.4003840614498319E-4;0.0016802688430148825;62;2.2141179173891713E-4;2334;0.007090606220845038;27578;0.1352007869971895;173;6.630687169487164E-4;3058;0.009666199001608772;3141789x170156-NZ-CP157197_418079_aligned_79501_F_23_378_2;0.8365218901213899;0.14605287386981078;0.8370021459241571;0.14593479595290065;
231;11;Rickettsia canadensis;species;788;6;375;155;145;44;3.522727272727273;14;42;2070;345.0;2.3565433896520117E-4;154.9806048192398;0.9356009428993997;615308;1129742;0.7399113515567942;0.22130021282353768;0.7409123525577953;0.22161690625235198;3.460666936418513;9.751214026146254E-6;2.519063623421116E-4;0.003364168839020458;6.825849818302379E-5;6.094508766341409E-4;10;2.6308215737572886E-5;193;4.0907485373930765E-4;4751;0.014367692779319517;52;1.0977402732294727E-4;500;0.001124950294765191;444612x46767-NZ-CM000771_44113_aligned_18683_R_98_336_207;0.8192581454119725;0.19495251891950388;0.8198587460125731;0.19488144446459033;
232;12;Rickettsia canadensis str. McKiel;strain;293613;2;78;20;20;4;5.0;13;4;2103;1051.5;8.15547599435641E-5;19.999225248623766;1.0000387390694692;245234;788;0.9620184280017932;0.0019350679746468465;0.9620184280017932;0.0019350679746468465;5.477225575051661;8.15547599435641E-6;8.15547599435641E-5;0.008575483008065765;1.631095198871282E-5;3.1806356377990004E-4;2;8.15547599435641E-6;20;8.15547599435641E-5;2103;0.008575483008065765;4;1.631095198871282E-5;78;3.1806356377990004E-4;444612x54001-NZ-CM000770_507312_aligned_50450_R_956_217_4;0.9620184280017932;0.0019350679746468465;0.9620184280017932;0.0019350679746468465;
233;12;Rickettsia canadensis str. CA410;strain;1105107;2;47;18;18;6;3.0;10;6;578;289.0;7.561373145363198E-5;17.99935729780716;1.000035706952321;238052;788;0.9145382443876865;0.02219511136000215;0.9145382443876865;0.02219511136000215;3.63318042491699;8.40152571707022E-6;7.561373145363198E-5;0.0024280409322332934;2.520457715121066E-5;1.9743585435115017E-4;2;8.40152571707022E-6;18;7.561373145363198E-5;578;0.0024280409322332934;6;2.520457715121066E-5;47;1.9743585435115017E-4;42862x66326-NZ-JSEL01000012_210044_aligned_61775_F_0_390_6;0.9145382443876865;0.02219511136000215;0.9145382443876865;0.02219511136000215;
234;11;Rickettsia bellii;species;33990;19;762;667;667;37;18.027027027027028;104;31;6187;325.63157894736844;0.00101961108028329;666.6605845421784;1.0005091278316007;654171;1129742;0.8255167505556084;0.14182022275093303;0.8255167505556084;0.14182022275093303;22.723563988960013;2.9044393591278122E-5;0.00101961108028329;0.009457771744696723;4.738822112261167E-5;0.0011648330482396804;23;1.229124620211E-4;776;0.0035846228197491145;9004;0.07556435893639879;39;2.386777953588444E-4;931;0.0051307589393996544;33990x219763-NZ-CP015011_7898_aligned_149288_F_322_211_24;0.8301261132829744;0.15460495341688055;0.8301261132829744;0.15460495341688055;
235;12;Rickettsia bellii OSU 85-389;strain;391896;0;0;2;2;1;2.0;2;1;0;;5.4040908968088844E-5;1.9999729795412455;1.000013510411906;37009;33990;;;;;;0.0;5.4040908968088844E-5;0.0;2.7020454484044422E-5;0.0;0;0.0;2;5.4040908968088844E-5;0;0.0;1;2.7020454484044422E-5;0;0.0;1462938x212560-NZ-CP113531_1403501_aligned_73780_R_1_99_0;;;;;
236;12;Rickettsia bellii str. RML Mogi;strain;1359194;4;169;107;107;10;10.7;37;7;2817;704.25;0.0025109708304977356;106.86702778505595;1.0012442772827135;42613;33990;0.8520205862379627;0.23202335022460605;0.8520205862379627;0.23202335022460605;12.614365708279676;9.386806842982188E-5;0.0025109708304977356;0.06610658719170207;1.642691197521883E-4;0.003965925891159974;4;9.386806842982188E-5;107;0.0025109708304977356;2817;0.06610658719170207;7;1.642691197521883E-4;169;0.003965925891159974;1359194x184381-NZ-LAOJ01000002_25361_aligned_189694_R_12_213_55;0.8520205862379627;0.23202335022460605;0.8520205862379627;0.23202335022460605;
237;11;Rickettsia oklahomensis;species;3141789;26;1508;1247;1216;105;11.876190476190477;73;65;11556;444.46153846153845;0.0013951914085581683;1246.1090610165702;0.9758375394590203;871565;1129742;0.8424785431886017;0.1264015911118606;0.8433927683334311;0.12609416521922215;15.23135382013494;2.9831395248776626E-5;0.0014307596105855558;0.013258907826725489;7.457848812194156E-5;0.0017302209244290444;26;2.9831395248776626E-5;1247;0.0014307596105855558;11556;0.013258907826725489;65;7.457848812194156E-5;1508;0.0017302209244290444;3141789x170156-NZ-CP157197_1147091_aligned_35029_F_5_333_3;0.8424785431886017;0.1264015911118606;0.8433927683334311;0.12609416521922215;
238;10;Rickettsia incertae sedis;no rank;2749451;0;0;0;0;0;;0;0;0;;;0.0;;0;780;;;;;;;;;;;15;7.937809905328387E-5;444;0.0023495917319772026;3916;0.02072297572617731;54;2.8576115659182196E-4;699;0.0036990194158830285;;0.7473132836138748;0.22894008966570212;0.7514734720708829;0.2314794596531489;
239;11;Candidatus Rickettsia colombianensi;species;1090944;15;699;444;441;57;7.7894736842105265;120;54;3916;261.06666666666666;0.002333716112166546;443.47997096440696;0.9944079301732298;188969;2749451;0.7473132836138748;0.22894008966570212;0.7514734720708829;0.2314794596531489;17.36554145643573;7.937809905328387E-5;0.0023495917319772026;0.02072297572617731;2.8576115659182196E-4;0.0036990194158830285;15;7.937809905328387E-5;444;0.0023495917319772026;3916;0.02072297572617731;54;2.8576115659182196E-4;699;0.0036990194158830285;1090944x246258-NZ-RAQN01000013_104302_aligned_107676_F_0_288_10;0.7473132836138748;0.22894008966570212;0.7514734720708829;0.2314794596531489;
240;7;Anaplasmataceae;family;942;0;0;27;27;10;2.7;7;10;0;;2.170418006430868E-4;26.997178645705098;1.000104505523778;124400;766;;;;;2.1108186931983415;0.0;2.170418006430868E-4;0.0;8.038585209003216E-5;0.0;68074;0.04001447250752625;2680487;0.9525624262866658;30233760;17.765401438830665;74132;0.048506495975884446;3695770;2.666554075433384;1184253x25152-NC-021879_313657_aligned_92573_F_1_415_0;0.8268542040462314;0.16323528972724943;0.8268551766678468;0.16323409473994455;
241;8;Anaplasma;genus;768;2;58;238;224;34;7.0;32;28;1325;662.5;3.393235040605208E-4;237.95728213626168;0.941345429688219;660137;942;0.9585036721736513;0.043029168910223486;0.9585036721736513;0.043029168910223486;7.773303186177831;3.029674143397507E-6;3.6053122306430334E-4;0.0020071591200008483;4.24154380075651E-5;8.78605501585277E-5;67867;0.03983584212240071;2671878;0.9457904229241038;30110447;17.66545057393945;73885;0.048200078368553126;3678948;2.6531209147761214;212042x124275-NC-007797_278019_aligned_73929_R_313_435_31;0.8268171193759649;0.1633230874210423;0.8268178493857956;0.16332304519678315;
242;9;Anaplasma platys;species;949;0;0;2;2;1;2.0;2;1;0;;1.7086963245087712E-6;1.9999991456203612;1.0000004271900018;1170483;768;;;;;;0.0;1.7086963245087712E-6;0.0;8.543481622543856E-7;0.0;0;0.0;2;1.7086963245087712E-6;0;0.0;1;8.543481622543856E-7;0;0.0;1173064x44808-NC-021880_956140_aligned_9902_R_53_412_50;;;;;
243;9;phagocytophilum group;species group;106179;0;0;0;0;0;;0;0;0;;;0.0;;0;768;;;;;;;;;;;67864;0.0398318531751561;2671421;0.9452201504111895;30107932;17.662301879829002;73853;0.04815399559779874;3678671;2.652822973416797;;0.8268134685024123;0.16332503824323794;0.826814198544514;0.16332499603393566;
244;10;Anaplasma phagocytophilum;species;948;67241;3632481;2660692;208387;160285;16.59975668340768;450;73082;29843950;443.83560625213784;0.03906775960730328;2094936.36581999;0.09947175646952607;5333989;106179;0.8272665311133185;0.16311735182895382;0.8272672679193919;0.1631173071277846;19.37612204888164;0.012606137732942457;0.49881842650969094;5.595052783198465;0.013701190609879397;0.6810064662675532;67864;0.0398318531751561;2671421;0.9452201504111895;30107932;17.662301879829002;73853;0.04815399559779874;3678671;2.652822973416797;1359155x119229-NZ-LAOF01000001_1476741_aligned_23454_F_30_927_2;0.8268134685024123;0.16332503824323794;0.826814198544514;0.16332499603393566;
245;11;Anaplasma phagocytophilum str. JM;strain;1173064;1;52;16;16;1;16.0;16;1;398;398.0;0.05333333333333334;15.606155350794083;1.0252364942135397;300;948;0.8586956521739131;;0.8586956521739131;;;0.0033333333333333335;0.05333333333333334;1.3266666666666667;0.0033333333333333335;0.17333333333333334;1;0.0033333333333333335;16;0.05333333333333334;398;1.3266666666666667;1;0.0033333333333333335;52;0.17333333333333334;1173064x44808-NC-021880_435570_aligned_1525_F_8_402_1;0.8586956521739131;;0.8586956521739131;;
246;11;Anaplasma phagocytophilum str. CRT38;strain;1269275;1;110;20;20;2;10.0;18;2;646;646.0;8.810184573366812E-4;19.99163253640341;1.000418548289208;22701;948;0.8214285714285714;;0.8214285714285714;;11.313708498984761;4.405092286683406E-5;8.810184573366812E-4;0.0284568961719748;8.810184573366812E-5;0.004845601515351746;1;4.405092286683406E-5;20;8.810184573366812E-4;646;0.0284568961719748;2;8.810184573366812E-5;110;0.004845601515351746;1184253x25152-NC-021879_132083_aligned_56083_F_167_476_2;0.8214285714285714;;0.8214285714285714;;
247;11;Anaplasma phagocytophilum str. Annie;strain;1359151;0;0;1;1;1;1.0;1;1;0;;2.8011204481792715E-4;0.9999999999999964;1.0000000000000036;3570;948;;;;;;0.0;2.8011204481792715E-4;0.0;2.8011204481792715E-4;0.0;0;0.0;1;2.8011204481792715E-4;0;0.0;1;2.8011204481792715E-4;0;0.0;1173064x44808-NC-021880_1424802_aligned_13691_R_94_715_2;;;;;
248;11;Anaplasma phagocytophilum str. ApWI1;strain;1359155;0;0;1;1;1;1.0;1;1;0;;7.473841554559044E-4;1.0000000000000524;0.9999999999999476;1338;948;;;;;;0.0;7.473841554559044E-4;0.0;7.473841554559044E-4;0.0;0;0.0;1;7.473841554559044E-4;0;0.0;1;7.473841554559044E-4;0;0.0;1173064x44808-NC-021880_563763_aligned_16940_F_0_517_9;;;;;
249;11;Anaplasma phagocytophilum str. CRT53-1;strain;1359157;603;44243;10412;350;767;13.57496740547588;45;705;253213;419.922056384743;0.011412175160585607;8828.830112803962;0.03964285137760375;30669;948;0.7781906453078348;0.17780955187322492;0.7781906453078348;0.17780955187322492;10.534503757557651;0.019661547490951774;0.3394959079200496;8.256317454106753;0.022987381394893865;1.4425967589422544;603;0.019661547490951774;10412;0.3394959079200496;253213;8.256317454106753;705;0.022987381394893865;44243;1.4425967589422544;1359157x118545-NZ-LAOD01000041_7756_aligned_103907_R_6_176_1;0.7781906453078348;0.17780955187322492;0.7781906453078348;0.17780955187322492;
250;11;Anaplasma phagocytophilum str. HGE2;strain;1359159;1;22;6;6;1;6.0;6;1;466;466.0;0.011673151750972763;5.97089271162252;1.004874863740362;514;948;0.9495412844036697;;0.9495412844036697;;;0.0019455252918287938;0.011673151750972763;0.9066147859922179;0.0019455252918287938;0.042801556420233464;1;0.0019455252918287938;6;0.011673151750972763;466;0.9066147859922179;1;0.0019455252918287938;22;0.042801556420233464;1359159x188929-NZ-LAOE01000001_6640_aligned_52405_F_1_481_0;0.9495412844036697;;0.9495412844036697;;
251;11;Anaplasma phagocytophilum str. NCH-1;strain;1359161;1;135;11;11;3;3.6666666666666665;8;3;466;466.0;0.0029341157642037877;10.985341154512108;1.0013344005690594;3749;948;0.6903669724770642;;0.6903669724770642;;3.7859388972001824;2.6673779674579886E-4;0.0029341157642037877;0.12429981328354228;8.002133902373967E-4;0.03600960256068285;1;2.6673779674579886E-4;11;0.0029341157642037877;466;0.12429981328354228;3;8.002133902373967E-4;135;0.03600960256068285;1359162x189685-NZ-LANS01000001_753328_aligned_37093_F_8_453_0;0.6903669724770642;;0.6903669724770642;;
252;11;Anaplasma phagocytophilum str. Webster;strain;1359162;1;142;19;19;2;9.5;16;2;731;731.0;0.03460837887067395;18.69171627933298;1.016493066557397;549;948;0.797432239657632;;0.797432239657632;;9.192388155425117;0.0018214936247723133;0.03460837887067395;1.331511839708561;0.0036429872495446266;0.2586520947176685;1;0.0018214936247723133;19;0.03460837887067395;731;1.331511839708561;2;0.0036429872495446266;142;0.2586520947176685;1359162x189685-NZ-LANS01000001_1103778_aligned_24899_F_247_487_5;0.797432239657632;;0.797432239657632;;
253;11;Anaplasma phagocytophilum str. MRK;strain;1392505;6;831;88;88;15;5.866666666666666;24;15;3535;589.1666666666666;7.360321177651389E-4;87.96799027773528;1.0003638792038292;119560;948;0.7567139513429085;0.2080309516734329;0.7567139513429085;0.2080309516734329;6.906173911453294;5.018400802944129E-5;7.360321177651389E-4;0.02956674473067916;1.2546002007360322E-4;0.006950485112077618;6;5.018400802944129E-5;88;7.360321177651389E-4;3535;0.02956674473067916;15;1.2546002007360322E-4;831;0.006950485112077618;1173064x44808-NC-021880_649735_aligned_2398_R_6_823_0;0.7567139513429085;0.2080309516734329;0.7567139513429085;0.2080309516734329;
254;11;Anaplasma phagocytophilum str. Norway variant1;strain;1392506;3;280;54;54;20;2.7;15;20;1979;659.6666666666666;2.5220680958385876E-4;53.99331706075606;1.0001237734521184;214110;948;0.8142122214007493;0.13116754811950382;0.8142122214007493;0.13116754811950382;3.686390332589663;1.4011489421325487E-5;2.5220680958385876E-4;0.009242912521601046;9.340992947550325E-5;0.0013077390126570454;3;1.4011489421325487E-5;54;2.5220680958385876E-4;1979;0.009242912521601046;20;9.340992947550325E-5;280;0.0013077390126570454;1184253x25152-NC-021879_1407013_aligned_32312_F_0_391_0;0.8142122214007493;0.13116754811950382;0.8142122214007493;0.13116754811950382;
255;11;Anaplasma phagocytophilum str. Norway variant2;strain;1392507;5;318;85;85;14;6.071428571428571;21;14;1725;345.0;6.592417943786065E-4;84.97231778519759;1.0003257792128537;128936;948;0.67258851695526;0.2546429066206305;0.67258851695526;0.2546429066206305;7.518840803805267;3.8778929081094496E-5;6.592417943786065E-4;0.013378730532977601;1.0858100142706458E-4;0.00246633988955761;5;3.8778929081094496E-5;85;6.592417943786065E-4;1725;0.013378730532977601;14;1.0858100142706458E-4;318;0.00246633988955761;1392507x124255-NZ-CP015376_719179_aligned_191280_F_0_62_0;0.67258851695526;0.2546429066206305;0.67258851695526;0.2546429066206305;
256;11;Anaplasma phagocytophilum str. CRT35;strain;1392508;1;57;16;16;6;2.6666666666666665;8;6;823;823.0;8.008408829270734E-4;15.993995096104882;1.0003754474012925;19979;948;0.9281210592686002;;0.9281210592686002;;2.7325202042558927;5.005255518294209E-5;8.008408829270734E-4;0.04119325291556134;3.0031533109765255E-4;0.0028529956454276992;1;5.005255518294209E-5;16;8.008408829270734E-4;823;0.04119325291556134;6;3.0031533109765255E-4;57;0.0028529956454276992;212042x124275-NC-007797_1327222_aligned_37390_F_47_415_355;0.9281210592686002;;0.9281210592686002;;
257;9;Anaplasma bovis;species;186733;1;219;215;215;12;17.916666666666668;99;2;1190;1190.0;2.0624371676118705E-4;214.97793341643862;1.000102645807459;1042456;768;0.8112068965517242;;0.8112068965517242;;26.414384281479986;9.592731012148234E-7;2.0624371676118705E-4;0.0011415349904456398;1.918546202429647E-6;2.1008080916604634E-4;1;9.592731012148234E-7;215;2.0624371676118705E-4;1190;0.0011415349904456398;2;1.918546202429647E-6;219;2.1008080916604634E-4;186733x58166-NZ-JAWLNY010000040_2422_aligned_25320_R_0_1158_1;0.8112068965517242;;0.8112068965517242;;
258;9;unclassified Anaplasma;no rank;2617684;0;0;0;0;0;;0;0;0;;;0.0;;0;768;;;;;;;;;;;0;0.0;2;1.7888767642797088E-6;0;0.0;1;8.944383821398544E-7;0;0.0;;;;;;
259;10;Candidatus Anaplasma sp. TIGMIC;species;3020713;0;0;2;2;1;2.0;2;1;0;;1.7888767642797088E-6;1.9999991055487154;1.0000004472258424;1118020;2617684;;;;;;0.0;1.7888767642797088E-6;0.0;8.944383821398544E-7;0.0;0;0.0;2;1.7888767642797088E-6;0;0.0;1;8.944383821398544E-7;0;0.0;1184253x25152-NC-021879_12805_aligned_66254_F_1_551_0;;;;;
260;8;Ehrlichia;genus;943;3;26;23;23;3;7.666666666666667;11;3;804;268.0;2.1995845654194703E-5;22.99975804750956;1.0000105197841622;1045652;942;0.8347155536155973;0.18664489995337086;0.8347155536155973;0.18664489995337086;2.886751345948128;2.869023346199309E-6;2.1995845654194703E-5;7.688982567814149E-4;2.869023346199309E-6;2.486486900039401E-5;207;1.7863038512553844E-4;8582;0.006554961561919009;123313;0.0999508648912165;237;2.2603175524129E-4;16822;0.013433160657263158;1242993x110803-NZ-QOHL01000001_12740_aligned_141161_R_14_66_582;0.8390127804567143;0.1310744791786661;0.839093295754621;0.1305916882601753;
261;9;canis group;species group;106178;1;9;65;65;9;7.222222222222222;20;8;68;68.0;2.5713551041398817E-4;64.99177234806741;1.0001265952848388;252785;943;0.7631578947368421;;0.7631578947368421;;6.704061787039588;3.955930929445972E-6;2.5713551041398817E-4;2.6900330320232607E-4;3.1647447435567774E-5;3.560337836501375E-5;204;1.7576136177933913E-4;8559;0.006532965716264814;122509;0.09918196663443508;234;2.2316273189509068E-4;16796;0.013408295788262763;1242993x110803-NZ-QOHL01000001_28409_aligned_209118_R_176_214_5;0.8390759749690837;0.13073227036359447;0.8391576743154889;0.1302410036992291;
262;10;Ehrlichia ruminantium;species;779;3;1534;1532;1532;75;20.426666666666666;132;3;9070;3023.3333333333335;3.1685848463050206E-4;1531.757470521362;1.0001583341248896;4834966;106178;0.8361256584675475;0.04685084647145451;0.8361256584675475;0.04685084647145451;20.354409398997113;6.204800612868839E-7;3.1685848463050206E-4;0.0018759180519573456;6.204800612868839E-7;3.172721380046933E-4;3;6.204800612868839E-7;1532;3.1685848463050206E-4;9070;0.0018759180519573456;3;6.204800612868839E-7;1534;3.172721380046933E-4;779x177385-NZ-BDDM01000346_1162_aligned_11772_F_0_4019_1;0.8361256584675475;0.04685084647145451;0.8361256584675475;0.04685084647145451;
263;10;Ehrlichia canis;species;944;0;0;1;1;1;1.0;1;1;0;;8.795090228830657E-7;0.9999999999431541;1.0000000000568459;1136998;106178;;;;;;0.0;8.795090228830657E-7;0.0;8.795090228830657E-7;0.0;0;0.0;1;8.795090228830657E-7;0;0.0;1;8.795090228830657E-7;0;0.0;1242993x111312-NZ-QOHL01000002_91396_aligned_161601_F_0_86_4;;;;;
264;10;Ehrlichia minasensis;species;1242993;200;15253;6961;1738;387;17.987080103359173;138;222;113371;566.855;0.0014875972223529885;6940.306944884143;0.2504212009356616;1168327;106178;0.8394998201177679;0.13184509110877018;0.8395831534511013;0.13134790600685603;19.970115976771172;1.7118495078860627E-4;0.005958092212197441;0.09703704527927541;1.9001529537535295E-4;0.013055420271893057;200;1.7118495078860627E-4;6961;0.005958092212197441;113371;0.09703704527927541;222;1.9001529537535295E-4;15253;0.013055420271893057;1242993x135453-NZ-QOHL01000049_1852_aligned_114892_F_0_572_1;0.8394998201177679;0.13184509110877018;0.8395831534511013;0.13134790600685603;
265;4;Spirochaetota;phylum;203691;0;0;0;0;0;;0;0;0;;;0.0;;0;3379134;;;;;;;;;;;5773;0.008177157615052482;305049;0.3786535948949005;2610040;3.2111449716552354;11268;0.029684385610100984;307984;0.4345861377216924;;0.82393585125447;0.17283322047271207;0.8245507728496544;0.17259109986619528;
266;5;Spirochaetia;class;203692;1;76;157;151;11;14.272727272727273;35;8;502;502.0;0.1298366294067068;146.92303243160734;1.0277490023239924;1163;203691;0.8389830508474576;;0.8389830508474576;;10.649797266529623;8.598452278589854E-4;0.1349957007738607;0.4316423043852107;0.006878761822871883;0.06534823731728288;5773;0.008177157615052482;305049;0.3786535948949005;2610040;3.2111449716552354;11268;0.029684385610100984;307984;0.4345861377216924;139x122022-NZ-PHOL01000001_303438_aligned_26488_F_3_442_44;0.82393585125447;0.17283322047271207;0.8245507728496544;0.17259109986619528;
267;6;Spirochaetales;order;136;1;17;80;66;12;6.666666666666667;16;9;103;103.0;0.04468517264725796;77.89770391387026;0.8472650243064253;1477;203692;0.7671232876712328;;0.7671232876712328;;5.565042405022352;6.770480704129993E-4;0.05416384563303995;0.06973595125253892;0.006093432633716994;0.011509817197020988;5772;0.007317312387193497;304892;0.24365789412103972;2609538;2.779502667270024;11260;0.0228056237872291;307908;0.3692379004044095;139x85362-NZ-PHPT01000001_468322_aligned_5913_R_2_868_13;0.8239332443245337;0.1728480805993222;0.8245482724549908;0.17260594795788717;
268;7;Borreliaceae;family;1643685;94;1656;20619;18611;2329;8.853155860884499;79;1575;32482;345.5531914893617;0.03890608896702672;20180.958699084218;0.9222059406347499;478357;136;0.9020883504642749;0.10848304898676935;0.9030663832424511;0.10826032631526776;9.2111490067329;1.9650595684812808E-4;0.043103790683527154;0.06790326053554145;0.003292520021657465;0.0034618496227712776;5771;0.0066402643167804976;304812;0.18949404848799978;2609435;2.7097667160174854;11251;0.016712191153512104;307891;0.3577280832073885;139x85744-NZ-PHPC01000001_258120_aligned_29672_F_114_656_140;0.8239430883648478;0.1728614399724743;0.8245582230674989;0.17261924880437174;
269;8;Borrelia;genus;138;11;622;1788;1742;119;15.025210084033613;100;70;4892;444.72727272727275;3.2748251296018624E-4;1787.6997016374012;0.9744365893245137;5319368;1643685;0.8658678526373738;0.08292499469188774;0.8658678526373738;0.08292499469188774;19.149041744787812;2.0679148349954356E-6;3.361301568156217E-4;9.196581247997883E-4;1.3159458040880045E-5;1.1693118430610554E-4;38;1.443406909840126E-4;3177;0.003879239887613955;24714;0.08099975318458796;122;1.9896666675662923E-4;2928;0.009821586193732926;1653839x5947-NZ-CP073224_1307_aligned_75501_F_19_420_1;0.824915846095935;0.17153834316362382;0.8258596624658737;0.16900426237453564;
270;9;Borrelia parkeri;species;141;0;0;1;1;1;1.0;1;1;0;;1.728716048016817E-6;0.9999999999771454;1.0000000000228546;578464;138;;;;;;0.0;1.728716048016817E-6;0.0;1.728716048016817E-6;0.0;0;0.0;1;1.728716048016817E-6;0;0.0;1;1.728716048016817E-6;0;0.0;139x21603-NZ-PHOM01000001_82946_aligned_103691_F_138_201_140;;;;;
271;9;Borrelia turicatae;species;142;0;0;1;1;1;1.0;1;1;0;;2.2068819406437032E-6;0.9999999999966134;1.0000000000033866;453128;138;;;;;;0.0;2.2068819406437032E-6;0.0;2.2068819406437032E-6;0.0;0;0.0;1;2.2068819406437032E-6;0;0.0;1;2.2068819406437032E-6;0;0.0;139x124274-NZ-CP161147_29222_aligned_54187_F_3_216_6;;;;;
272;9;Borrelia anserina;species;143;0;0;4;4;3;1.3333333333333333;2;3;0;;4.3992881951700216E-6;3.999993400985389;1.0000016497563744;909238;138;;;;;0.5773502691896258;0.0;4.3992881951700216E-6;0.0;3.299466146377516E-6;0.0;0;0.0;4;4.3992881951700216E-6;0;0.0;3;3.299466146377516E-6;0;0.0;139x48119-NZ-PHPR01000001_688357_aligned_67724_F_31_495_309;;;;;
273;9;Borrelia crocidurae;species;29520;0;0;1;1;1;1.0;1;1;0;;4.231747415460266E-6;1.000000000005619;0.9999999999943809;236309;138;;;;;;0.0;4.231747415460266E-6;0.0;4.231747415460266E-6;0.0;1;2.532536766102502E-6;31;8.345463789201398E-5;87;2.2033069865091766E-4;4;1.5076145207246419E-5;35;8.863878681358756E-5;139x122022-NZ-PHOL01000001_172074_aligned_83_R_210_671_202;0.3508771929824561;;0.38596491228070173;;
274;10;Borrelia crocidurae str. Achema;strain;1155096;0;0;2;2;2;1.0;1;2;0;;8.31186102568365E-6;1.999995844072724;1.000002077967956;240620;29520;;;;;0.0;0.0;8.31186102568365E-6;0.0;8.31186102568365E-6;0.0;0;0.0;2;8.31186102568365E-6;0;0.0;2;8.31186102568365E-6;0;0.0;139x28987-NZ-JAJNFK010000013_2838_aligned_195677_F_138_85_74;;;;;
275;10;Borrelia crocidurae DOU;strain;1293575;1;35;28;28;1;28.0;28;1;87;87.0;7.091102945087006E-5;27.999042721834897;1.0000341896747904;394861;29520;0.3508771929824561;;0.38596491228070173;;;2.532536766102502E-6;7.091102945087006E-5;2.2033069865091766E-4;2.532536766102502E-6;8.863878681358756E-5;1;2.532536766102502E-6;28;7.091102945087006E-5;87;2.2033069865091766E-4;1;2.532536766102502E-6;35;8.863878681358756E-5;412419x159301-NC-011264_9516_aligned_200341_F_4_86_0;0.3508771929824561;;0.38596491228070173;;
276;9;Borrelia duttonii;species;40834;1;8;5;5;1;5.0;5;1;99;99.0;1.0627218431847649E-4;4.999787460157036;1.0000425097755972;47049;138;0.8840579710144928;;0.8840579710144928;;;2.1254436863695298E-5;1.0627218431847649E-4;0.002104189249505834;2.1254436863695298E-5;1.7003549490956238E-4;9;5.242456341440909E-5;114;5.30965158571952E-4;1842;0.008895380571742603;10;5.6320829233248314E-5;248;0.0011051392914309763;412419x159301-NC-011264_14785_aligned_208916_R_0_82_4;0.7807415993061771;0.20348671913076932;0.7807415993061771;0.20348671913076932;
277;10;Borrelia duttonii Ly;strain;412419;8;240;109;109;9;12.11111111111111;25;9;1743;217.875;4.246929742534755E-4;108.9770697669065;1.0002104133754244;256656;40834;0.7678270528426376;0.21355701886816142;0.7678270528426376;0.21355701886816142;8.535872018201252;3.11701265507138E-5;4.246929742534755E-4;0.006791191322236768;3.506639236955302E-5;9.351037965214139E-4;8;3.11701265507138E-5;109;4.246929742534755E-4;1743;0.006791191322236768;9;3.506639236955302E-5;240;9.351037965214139E-4;412419x159301-NC-011264_2323_aligned_211828_F_209_63_9;0.7678270528426376;0.21355701886816142;0.7678270528426376;0.21355701886816142;
278;9;Borrelia hispanica;species;40835;0;0;0;0;0;;0;0;0;;;0.0;;0;138;;;;;;;;;;;1;1.0678193420524341E-6;242;2.584122807766891E-4;1356;0.0014479630278231008;2;2.1356386841048683E-6;270;2.8831122235415725E-4;;0.7963800904977375;;0.7963800904977375;;
279;10;Borrelia hispanica CRI;strain;1417229;1;270;242;242;11;22.0;100;2;1356;1356.0;2.584122807766891E-4;241.968863981774;1.0001286777881817;936488;40835;0.7963800904977375;;0.7963800904977375;;29.842922108935646;1.0678193420524341E-6;2.584122807766891E-4;0.0014479630278231008;2.1356386841048683E-6;2.8831122235415725E-4;1;1.0678193420524341E-6;242;2.584122807766891E-4;1356;0.0014479630278231008;2;2.1356386841048683E-6;270;2.8831122235415725E-4;1417229x55424-NZ-AYOU01000135_1337_aligned_13706_R_3_1341_11;0.7963800904977375;;0.7963800904977375;;
280;9;Borrelia miyamotoi;species;47466;1;439;456;456;35;13.028571428571428;47;7;5176;5176.0;1.488758404873725E-4;455.9661324445507;1.0000742764715171;3062955;138;0.9139137193937038;;0.9146910221531287;;11.880497400672876;3.264821063319572E-7;1.488758404873725E-4;0.0016898713823742105;2.2853747443237005E-6;1.4332564467972922E-4;1;3.264821063319572E-7;456;1.488758404873725E-4;5176;0.0016898713823742105;7;2.2853747443237005E-6;439;1.4332564467972922E-4;47466x103881-NZ-CP044634_1855_aligned_42708_F_6_4403_586;0.9139137193937038;;0.9146910221531287;;
281;9;Borrelia venezuelensis;species;1653839;13;949;397;370;25;15.88;65;14;7902;607.8461538461538;0.002161795809621744;396.5410825110645;0.9330685175341853;171154;138;0.8413010233388766;0.18351330205713082;0.8413010233388766;0.18351330205713082;14.154857823376398;7.595498790562886E-5;0.002319548476810358;0.04616894726386763;8.179767928298491E-5;0.005544714117110906;13;7.595498790562886E-5;397;0.002319548476810358;7902;0.04616894726386763;14;8.179767928298491E-5;949;0.005544714117110906;1653839x5947-NZ-CP073224_3648_aligned_91434_F_1_437_3;0.8413010233388766;0.18351330205713082;0.8413010233388766;0.18351330205713082;
282;9;unclassified Borrelia;no rank;2649934;0;0;1;1;1;1.0;1;1;0;;1.1894184576335092E-6;0.9999999999839709;1.0000000000160292;840747;138;;;;;;0.0;1.1894184576335092E-6;0.0;1.1894184576335092E-6;0.0;1;8.937053650026766E-7;132;1.2427372188292295E-4;1189;0.0010626156789881826;8;1.0449806317621637E-5;95;8.490200967525429E-5;139x64442-NZ-CP077727_445124_aligned_9697_F_0_344_5;0.9180327868852459;;0.9180327868852459;;
283;10;Borrelia sp. HM;species;1882662;0;0;4;4;3;1.3333333333333333;2;2;0;;4.987699087126374E-6;3.9999925184584204;1.0000018703888933;801973;2649934;;;;;0.5773502691896258;0.0;4.987699087126374E-6;0.0;2.493849543563187E-6;0.0;0;0.0;4;4.987699087126374E-6;0;0.0;2;2.493849543563187E-6;0;0.0;139x45972-NZ-CP031412_494980_aligned_203_R_223_563_218;;;;;
284;10;Borrelia sp. A-FGy1;species;2608247;1;95;125;125;9;13.88888888888889;28;4;1189;1189.0;1.1171317062533459E-4;124.99307404322182;1.0000554107244037;1118937;2649934;0.9180327868852459;;0.9180327868852459;;9.930312739844155;8.937053650026766E-7;1.1171317062533459E-4;0.0010626156789881826;3.5748214600107065E-6;8.490200967525429E-5;1;8.937053650026766E-7;125;1.1171317062533459E-4;1189;0.0010626156789881826;4;3.5748214600107065E-6;95;8.490200967525429E-5;139x45972-NZ-CP031412_435782_aligned_12290_F_0_1823_0;0.9180327868852459;;0.9180327868852459;;
285;10;Borrelia sp. RT5S;species;2898581;0;0;2;2;1;2.0;2;1;0;;6.383433712828468E-6;1.9999968082473343;1.0000015958788797;313311;2649934;;;;;;0.0;6.383433712828468E-6;0.0;3.191716856414234E-6;0.0;0;0.0;2;6.383433712828468E-6;0;0.0;1;3.191716856414234E-6;0;0.0;139x151645-NZ-PHPQ01000001_749795_aligned_66160_R_18_512_3;;;;;
286;9;Borrelia puertoricensis;species;2756107;0;0;4;4;1;4.0;4;1;0;;5.735959446766712E-6;3.999991396241712;1.0000021509441985;697355;138;;;;;;0.0;5.735959446766712E-6;0.0;1.433989861691678E-6;0.0;0;0.0;4;5.735959446766712E-6;0;0.0;1;1.433989861691678E-6;0;0.0;47466x103881-NZ-CP044634_1855_aligned_42708_F_6_4403_586;;;;;
287;9;Borrelia nietonii;species;3117462;0;0;0;0;0;;0;0;0;;;0.0;;0;138;;;;;;;;;;;1;9.072681249489662E-6;7;6.350876874642763E-5;2270;0.02059498643634153;1;9.072681249489662E-6;270;0.002449623937362209;;0.8794642857142857;;0.8794642857142857;;
288;10;Borrelia nietonii YOR;strain;1293576;1;270;7;7;1;7.0;7;1;2270;2270.0;6.350876874642763E-5;6.999809476584066;1.0000272183716672;110221;3117462;0.8794642857142857;;0.8794642857142857;;;9.072681249489662E-6;6.350876874642763E-5;0.02059498643634153;9.072681249489662E-6;0.002449623937362209;1;9.072681249489662E-6;7;6.350876874642763E-5;2270;0.02059498643634153;1;9.072681249489662E-6;270;0.002449623937362209;1293576x24592-NZ-CP004201_146_aligned_5549_R_92_2119_38;0.8794642857142857;;0.8794642857142857;;
289;8;Borreliella;genus;64895;2489;78742;191220;169995;12173;15.708535283003368;246;5235;982164;394.60184813177983;0.026438252112633998;188404.62359870752;0.9022867738218617;6429888;1643685;0.8529171219605948;0.1588532935106671;0.8531252356337085;0.15886320045976995;17.78027492485864;3.8709850000497677E-4;0.029739242736420913;0.1527497835110036;8.141665920152886E-4;0.012246247524062627;5639;0.006299417668948357;281016;0.14251101791685872;2552239;2.5608637022973557;9554;0.013220704465098012;303307;0.3444446473908843;476212x61046-NC-012250_13327_aligned_199148_F_31_432_211;0.8226338811594698;0.1734644127375918;0.8232407515736908;0.1732332419862042;
290;9;Borreliella burgdorferi;species;139;2892;201844;78067;70265;6029;12.948581854370543;157;3466;1393636;481.8934993084371;0.04002996621679362;76356.46804312397;0.9202232869167851;1755310;64895;0.7963824458626256;0.1817955607026587;0.79718723707227;0.1815256684392746;13.153943174234783;0.001647572223709772;0.04447476514120013;0.7939543442468852;0.001974579988719941;0.11499051449601495;2917;0.005634254809616785;78524;0.0997139420550006;1408408;2.2327829880153764;3513;0.01093691126558009;204035;0.3100829176397128;139x125003-NZ-PHOS01000002_30997_aligned_137473_F_36_219_0;0.796651372304777;0.18140356023652712;0.7974523006651029;0.18113536633835647;
291;10;Borreliella burgdorferi 156a;strain;445983;1;17;14;13;5;2.8;6;5;314;314.0;0.00634765625;13.955653074194743;0.9315221531293415;2048;139;0.9401408450704225;;0.9401408450704225;;1.9235384061671343;4.8828125E-4;0.0068359375;0.1533203125;0.00244140625;0.00830078125;1;4.8828125E-4;14;0.0068359375;314;0.1533203125;5;0.00244140625;17;0.00830078125;445983x53130-NC-011864_11395_aligned_139001_R_119_147_42;0.9401408450704225;;0.9401408450704225;;
292;10;Borreliella burgdorferi 118a;strain;476210;1;12;13;13;2;6.5;10;2;122;122.0;0.0015721368968436328;12.990571360082031;1.0007258064065558;8269;139;0.8695652173913043;;0.8695652173913043;;4.949747468305833;1.2093360744951022E-4;0.0015721368968436328;0.014753900108840246;2.4186721489902045E-4;0.0014512032893941227;1;1.2093360744951022E-4;13;0.0015721368968436328;122;0.014753900108840246;2;2.4186721489902045E-4;12;0.0014512032893941227;139x96810-NZ-CP179304_43752_aligned_140998_R_6_113_0;0.8695652173913043;;0.8695652173913043;;
293;10;Borreliella burgdorferi 72a;strain;476211;1;13;16;16;2;8.0;13;2;95;95.0;0.01982651796778191;15.852157548688448;1.0093263299243316;807;139;0.8;;0.8;;7.0710678118654755;0.0012391573729863693;0.01982651796778191;0.11771995043370508;0.0024783147459727386;0.0161090458488228;1;0.0012391573729863693;16;0.01982651796778191;95;0.11771995043370508;2;0.0024783147459727386;13;0.0161090458488228;476211x7219-NC-011972_3633_aligned_161240_R_1_94_0;0.8;;0.8;;
294;10;Borreliella burgdorferi 94a;strain;476212;3;109;27;27;3;9.0;16;3;843;281.0;0.008656620711766592;26.8877640266761;1.0041742397475875;3119;139;0.6949745949832747;0.281481861716178;0.6949745949832747;0.281481861716178;6.244997998398398;9.618467457518436E-4;0.008656620711766592;0.27027893555626803;9.618467457518436E-4;0.03494709842898365;3;9.618467457518436E-4;27;0.008656620711766592;843;0.27027893555626803;3;9.618467457518436E-4;109;0.03494709842898365;476212x49698-NC-012259_11383_aligned_143527_R_7_234_241;0.6949745949832747;0.281481861716178;0.6949745949832747;0.281481861716178;
295;10;Borreliella burgdorferi WI91-23;strain;498737;1;444;6;6;1;6.0;6;1;2098;2098.0;0.001059322033898305;5.997352318256933;1.0004414751047737;5664;139;0.7838491295938105;;0.7852998065764023;;;1.7655367231638418E-4;0.001059322033898305;0.370409604519774;1.7655367231638418E-4;0.07838983050847458;1;1.7655367231638418E-4;6;0.001059322033898305;2098;0.370409604519774;1;1.7655367231638418E-4;444;0.07838983050847458;139x45972-NZ-CP031412_408733_aligned_59963_F_74_1980_69;0.7838491295938105;;0.7852998065764023;;
296;10;Borreliella burgdorferi 29805;strain;498738;0;0;3;3;2;1.5;2;2;0;;0.0011956954962136308;2.9988044633583257;1.00039867108919;2509;139;;;;;0.7071067811865476;0.0;0.0011956954962136308;0.0;7.971303308090873E-4;0.0;0;0.0;3;0.0011956954962136308;0;0.0;2;7.971303308090873E-4;0;0.0;139x52956-NZ-PHOO01000001_167428_aligned_21503_F_151_208_59;;;;;
297;10;Borreliella burgdorferi JD1;strain;521008;11;797;276;225;27;10.222222222222221;31;19;6315;574.0909090909091;0.00855773619351894;274.5615962824787;0.8194882425163059;26292;139;0.844286099127379;0.10195483732693643;0.8446656777950579;0.1019505286071299;10.278182020232256;4.183782139053705E-4;0.010497489730716568;0.24018712916476495;7.226532785638217E-4;0.030313403316598205;11;4.183782139053705E-4;276;0.010497489730716568;6315;0.24018712916476495;19;7.226532785638217E-4;797;0.030313403316598205;521008x112318-NC-017404_15799_aligned_70416_F_40_483_13;0.844286099127379;0.10195483732693643;0.8446656777950579;0.1019505286071299;
298;10;Borreliella burgdorferi 297;strain;521009;1;21;8;8;2;4.0;5;2;388;388.0;0.0036680421824850985;7.987173618333623;1.0016058723998356;2181;139;0.9413407821229051;;0.9413407821229051;;1.4142135623730951;4.585052728106373E-4;0.0036680421824850985;0.1779000458505273;9.170105456212746E-4;0.009628610729023384;1;4.585052728106373E-4;8;0.0036680421824850985;388;0.1779000458505273;2;9.170105456212746E-4;21;0.009628610729023384;139x153661-NZ-CP161155_9568_aligned_37306_F_44_332_17;0.9413407821229051;;0.9413407821229051;;
299;10;Borreliella burgdorferi CA8;strain;747491;6;778;94;94;11;8.545454545454545;30;11;4597;766.1666666666666;0.0019274143940947303;93.9104315605796;1.0009537645385287;48770;139;0.8311754547986266;0.08753831316227366;0.8317130892072288;0.08825461037991937;10.745823713086274;1.2302645068689767E-4;0.0019274143940947303;0.09425876563461144;2.255484929259791E-4;0.015952429772401067;6;1.2302645068689767E-4;94;0.0019274143940947303;4597;0.09425876563461144;11;2.255484929259791E-4;778;0.015952429772401067;139x134991-NZ-CM135758_46049_aligned_51537_R_11_451_11;0.8311754547986266;0.08753831316227366;0.8317130892072288;0.08825461037991937;
300;9;Borreliella afzelii;species;29518;5;894;356;356;46;7.739130434782608;31;25;8163;1632.6;3.7860660009146114E-4;355.9328057461175;1.0001887835366612;940290;64895;0.8920388492972278;0.06115822510522899;0.8986395273647224;0.06825460469514812;7.93987064716547;5.317508428250859E-6;3.7860660009146114E-4;0.008681364259962352;2.6587542141254295E-5;9.507705069712536E-4;5;5.317508428250859E-6;364;0.0012234345064026108;8163;0.008681364259962352;28;2.9531221075220816E-4;894;9.507705069712536E-4;29518x3601-NZ-CAXOVK010000001_29547_aligned_4793_R_5_2006_2;0.8920388492972278;0.06115822510522899;0.8986395273647224;0.06825460469514812;
301;10;Borreliella afzelii K78;strain;411555;0;0;1;1;1;1.0;1;1;0;;3.828337353087554E-5;0.9999999999992077;1.0000000000007923;26121;29518;;;;;;0.0;3.828337353087554E-5;0.0;3.828337353087554E-5;0.0;0;0.0;1;3.828337353087554E-5;0;0.0;1;3.828337353087554E-5;0;0.0;139x132385-NZ-CP147280_11671_aligned_132718_F_8_60_8;;;;;
302;10;Borreliella afzelii ACA-1;strain;445986;0;0;7;7;2;3.5;6;2;0;;8.065445327802742E-4;6.9975808309978165;1.0003457150493307;8679;29518;;;;;3.5355339059327378;0.0;8.065445327802742E-4;0.0;2.3044129508007836E-4;0.0;0;0.0;7;8.065445327802742E-4;0;0.0;2;2.3044129508007836E-4;0;0.0;664662x184748-NZ-JACGTR010000010_6582_aligned_41662_F_49_9926_1;;;;;
303;9;Borreliella garinii;species;29519;46;2998;1545;1471;145;10.655172413793103;100;84;25720;559.1304347826087;6.747468094016862E-4;1544.4530199918183;0.9524407547260924;2180077;64895;0.8239818312905107;0.16969697961435773;0.8266883561082244;0.169718962156533;13.665334950536149;2.110017214988278E-5;7.086905645993238E-4;0.01179774842815185;3.8530749143264206E-5;0.001375180784898882;46;2.110017214988278E-5;1549;9.104879650485137E-4;25720;0.01179774842815185;86;2.156444100059068E-4;2998;0.001375180784898882;29519x241198-NZ-JAEIPA010000008_4118_aligned_207987_R_13_327_1;0.8239818312905107;0.16969697961435773;0.8266883561082244;0.169718962156533;
304;10;Borreliella garinii Far04;strain;519049;0;0;1;1;1;1.0;1;1;0;;1.6477179106936892E-4;0.9999999999997586;1.0000000000002414;6069;29519;;;;;;0.0;1.6477179106936892E-4;0.0;1.6477179106936892E-4;0.0;0;0.0;1;1.6477179106936892E-4;0;0.0;1;1.6477179106936892E-4;0;0.0;139x134991-NZ-CM135758_881088_aligned_78386_R_26_409_29;;;;;
305;10;Borreliella garinii BgVir;strain;1081646;0;0;3;3;1;3.0;3;1;0;;3.7025609379821044E-5;2.999962974541781;1.0000123419717286;81025;29519;;;;;;0.0;3.7025609379821044E-5;0.0;1.2341869793273682E-5;0.0;0;0.0;3;3.7025609379821044E-5;0;0.0;1;1.2341869793273682E-5;0;0.0;139x64442-NZ-CP077727_310654_aligned_33499_R_112_351_3;;;;;
306;9;Borreliella japonica;species;34095;4;153;109;109;39;2.7948717948717947;12;38;1146;286.5;1.170193350295769E-4;108.99368120349615;1.0000579739709134;931470;64895;0.7212078414172057;0.2728459450426855;0.7228678679776307;0.2743800919896219;2.5358429220352288;4.2942875240211705E-6;1.170193350295769E-4;0.0012303133756320654;4.079573147820112E-5;1.6425649779380977E-4;4;4.2942875240211705E-6;109;1.170193350295769E-4;1146;0.0012303133756320654;38;4.079573147820112E-5;153;1.6425649779380977E-4;139x162499-NZ-PHQJ01000001_161107_aligned_64862_R_0_784_12;0.7212078414172057;0.2728459450426855;0.7228678679776307;0.2743800919896219;
307;9;Borreliella andersonii;species;42109;72;7161;6228;5694;320;19.4625;227;123;49305;684.7916666666666;0.005840617008771183;6208.152093027908;0.9171811377486501;974897;64895;0.846109409032119;0.1070595591827562;0.8468006632874976;0.10691113124601737;26.201626573739993;7.385395585379789E-5;0.006388367181353517;0.05057457351904868;1.261671745835714E-4;0.007345391359292315;72;7.385395585379789E-5;6228;0.006388367181353517;49305;0.05057457351904868;123;1.261671745835714E-4;7161;0.007345391359292315;42109x2856-NZ-CP179270_30349_aligned_61744_F_299_900_1;0.846109409032119;0.1070595591827562;0.8468006632874976;0.10691113124601737;
308;9;Borreliella tanukii;species;56146;4;301;85;84;16;5.3125;17;16;2286;571.5;1.0107147798988083E-4;84.995704602769;0.9882852362078477;831095;64895;0.8697303218547487;0.10140266245444475;0.8704902002742017;0.1019750423706184;5.147410352141486;4.812927523327658E-6;1.0227470987071274E-4;0.0027505880795817565;1.925171009331063E-5;3.621727961304063E-4;4;4.812927523327658E-6;85;1.0227470987071274E-4;2286;0.0027505880795817565;16;1.925171009331063E-5;301;3.621727961304063E-4;139x85744-NZ-PHPC01000001_33908_aligned_45456_R_65_660_287;0.8697303218547487;0.10140266245444475;0.8704902002742017;0.1019750423706184;
309;9;Borreliella turdi;species;57863;4;515;125;125;33;3.787878787878788;27;33;2520;630.0;8.921943698966482E-5;124.99446855890027;1.0000442534870824;1401040;64895;0.8072406354543983;0.09459895714518002;0.8123864723939863;0.08866723619881853;5.301872167909038;2.855021983669274E-6;8.921943698966482E-5;0.0017986638497116429;2.3553931365271513E-5;3.6758408039741904E-4;4;2.855021983669274E-6;125;8.921943698966482E-5;2520;0.0017986638497116429;33;2.3553931365271513E-5;515;3.6758408039741904E-4;139x137415-NZ-PHON01000001_80118_aligned_73514_F_32_213_3;0.8072406354543983;0.09459895714518002;0.8123864723939863;0.08866723619881853;
310;9;Borreliella valaisiana;species;62088;11;1728;262;262;49;5.346938775510204;29;44;14535;1321.3636363636363;2.282341298878691E-4;261.97021768835464;1.0001136858682187;1147944;64895;0.7951867693400534;0.2670950453162714;0.7959688579178125;0.2675023755071646;6.549653363627229;9.582348964757863E-6;2.282341298878691E-4;0.012661767472977776;3.832939585903145E-5;0.0015052999101001442;11;9.582348964757863E-6;262;2.282341298878691E-4;14535;0.012661767472977776;44;3.832939585903145E-5;1728;0.0015052999101001442;62088x61340-NZ-CP116883_5014_aligned_3_R_472_9884_98;0.7951867693400534;0.2670950453162714;0.7959688579178125;0.2675023755071646;
311;9;Borreliella bissettiae;species;64897;8;545;157;157;41;3.8292682926829267;29;39;3910;488.75;3.424597773357066E-4;156.97329114667366;1.0001701490306487;458448;64895;0.778279528489925;0.2073765571706765;0.7793712315466937;0.20783098473689512;5.009503164109143;1.7450179736851288E-5;3.424597773357066E-4;0.008528775346386068;8.506962621715004E-5;0.0011887934945729942;10;5.097347842944264E-5;192;9.291175044560552E-4;4440;0.017412449499922777;42;1.3535457425603706E-4;636;0.0027141035850859006;139x123762-NZ-PHPE01000001_568055_aligned_4103_R_227_440_17;0.7846372282341169;0.19435661544112767;0.785918753944838;0.19444577794041715;
312;10;Borreliella bissettiae DN127;strain;521010;2;91;35;35;3;11.666666666666666;27;3;530;265.0;5.866577271203486E-4;34.99002865718682;1.0002849766975292;59660;64897;0.8100680272108843;0.19317964852008018;0.812108843537415;0.19029349839278814;13.613718571108091;3.352329869259135E-5;5.866577271203486E-4;0.008883674153536709;5.028494803888703E-5;0.0015253100905129064;2;3.352329869259135E-5;35;5.866577271203486E-4;530;0.008883674153536709;3;5.028494803888703E-5;91;0.0015253100905129064;476212x49698-NC-012259_265_aligned_94205_F_3_225_48;0.8100680272108843;0.19317964852008018;0.812108843537415;0.19029349839278814;
313;9;Borreliella sinica;species;87162;3;184;72;72;21;3.4285714285714284;12;21;1646;548.6666666666666;9.272734297525983E-5;71.99670827572336;1.000045720482998;776470;64895;0.8081904165974962;0.15879595118110088;0.8113190480447118;0.16116377525592485;3.3551665915633544;3.863639290635826E-6;9.272734297525983E-5;0.0021198500907955234;2.7045475034450784E-5;2.369698764923307E-4;3;3.863639290635826E-6;72;9.272734297525983E-5;1646;0.0021198500907955234;21;2.7045475034450784E-5;184;2.369698764923307E-4;139x45972-NZ-CP031412_803259_aligned_51529_F_1_558_0;0.8081904165974962;0.15879595118110088;0.8113190480447118;0.16116377525592485;
314;9;Borreliella spielmanii;species;88916;2;94;88;88;30;2.933333333333333;17;28;1043;521.5;1.1176959206639113E-4;87.99513819946405;1.0000552507858438;787334;64895;0.7675471889074439;0.2100101057023358;0.7680785385354992;0.21076154755269297;3.039207398187133;2.5402180015088896E-6;1.1176959206639113E-4;0.001324723687786886;3.556305202112445E-5;1.193902460709178E-4;2;2.5402180015088896E-6;88;1.1176959206639113E-4;1043;0.001324723687786886;28;3.556305202112445E-5;94;1.193902460709178E-4;139x68186-NZ-CP161107_658296_aligned_62567_F_21_687_272;0.7675471889074439;0.2100101057023358;0.7680785385354992;0.21076154755269297;
315;9;Borreliella lusitaniae;species;100177;10;1261;168;168;33;5.090909090909091;18;31;8380;838.0;1.4154269744995666E-4;167.98818173663895;1.0000703517547418;1186921;64895;0.8415280350424844;0.07592742416192545;0.84896154384664;0.07784283266948826;4.745811550486099;8.42516056249742E-6;1.4154269744995666E-4;0.007060284551372838;2.6117997743742E-5;0.0010624127469309247;10;8.42516056249742E-6;168;1.4154269744995666E-4;8380;0.007060284551372838;31;2.6117997743742E-5;1261;0.0010624127469309247;139x232204-NZ-PHOF01000001_561700_aligned_69696_R_2_537_0;0.8415280350424844;0.07592742416192545;0.84896154384664;0.07784283266948826;
316;9;Borreliella lanei;species;373540;4;344;160;160;32;5.0;31;30;2996;749.0;3.7064492216456633E-4;159.97053732459887;1.0001841756356757;431680;64895;0.8388283145022416;0.10425450386637308;0.8408177044226659;0.1015805610764022;7.273460373608398;9.266123054114159E-6;3.7064492216456633E-4;0.006940326167531504;6.949592290585619E-5;7.968865826538177E-4;4;9.266123054114159E-6;160;3.7064492216456633E-4;2996;0.006940326167531504;30;6.949592290585619E-5;344;7.968865826538177E-4;139x150298-NZ-PHQO01000001_171585_aligned_45918_F_0_398_0;0.8388283145022416;0.10425450386637308;0.8408177044226659;0.1015805610764022;
317;9;Borreliella californiensis;species;373543;6;515;230;226;41;5.609756097560975;29;32;5387;897.8333333333334;4.020172013554739E-4;229.9531606524876;0.9828088440216669;562165;64895;0.880333710853178;0.07274961437936316;0.8838245852878895;0.0718541309336546;6.487981383991818;1.067302304483559E-5;4.09132550052031E-4;0.009582595857088221;5.6922789572456484E-5;9.161011446817216E-4;6;1.067302304483559E-5;230;4.09132550052031E-4;5387;0.009582595857088221;32;5.6922789572456484E-5;515;9.161011446817216E-4;373543x121939-NZ-CP179443_11281_aligned_12602_R_93_1245_701;0.880333710853178;0.07274961437936316;0.8838245852878895;0.0718541309336546;
318;9;Borreliella carolinensis;species;478174;7;361;153;153;35;4.371428571428571;22;34;3269;467.0;2.50294054616453E-4;152.98097921919512;1.0001243342858828;611281;64895;0.8684172728617968;0.05900378384165533;0.8719321459592508;0.057241310154030105;5.000504176261302;1.1451361975916149E-5;2.50294054616453E-4;0.005347786042752842;5.562090102587844E-5;5.905630961865329E-4;7;1.1451361975916149E-5;153;2.50294054616453E-4;3269;0.005347786042752842;34;5.562090102587844E-5;361;5.905630961865329E-4;478174x153295-NZ-CP179469_24019_aligned_189902_R_222_174_9;0.8684172728617968;0.05900378384165533;0.8719321459592508;0.057241310154030105;
319;9;Borreliella americana;species;478807;10;337;176;176;54;3.259259259259259;14;52;7349;734.9;1.7256864506159524E-4;175.9849011069297;1.0000857965255845;1019884;64895;0.9124783397438012;0.08230262006228084;0.9124783397438012;0.08230262006228084;3.1989690862112576;9.805036651227003E-6;1.7256864506159524E-4;0.007205721434986724;5.0986190586380414E-5;3.3042973514634997E-4;10;9.805036651227003E-6;176;1.7256864506159524E-4;7349;0.007205721434986724;52;5.0986190586380414E-5;337;3.3042973514634997E-4;139x45972-NZ-CP031412_266794_aligned_7032_R_206_591_120;0.9124783397438012;0.08230262006228084;0.9124783397438012;0.08230262006228084;
320;9;Borreliella finlandensis;species;498741;9;568;249;249;44;5.659090909090909;30;43;6510;723.3333333333334;4.968324437571707E-4;248.93840289302955;1.0002474391506277;501175;64895;0.8033849163620137;0.2585757329390221;0.8102508274123392;0.2581254641240845;7.451995773938627;1.7957799171945926E-5;4.968324437571707E-4;0.01298947473437422;8.579837382151943E-5;0.0011333366588516984;9;1.7957799171945926E-5;249;4.968324437571707E-4;6510;0.01298947473437422;43;8.579837382151943E-5;568;0.0011333366588516984;498741x22700-NZ-ABJZ02000005_343324_aligned_171174_R_1_166_1;0.8033849163620137;0.2585757329390221;0.8102508274123392;0.2581254641240845;
321;9;Borreliella bavariensis;species;664662;14;1846;759;759;79;9.60759493670886;49;42;12721;908.6428571428571;5.039482586562575E-4;758.8090355704193;1.0002516633574838;1506107;64895;0.7200769175000644;0.3048122156622355;0.720748292258251;0.30512343466435604;10.227436355114744;9.295488301959954E-6;5.039482586562575E-4;0.008446279049230898;2.788646490587986E-5;0.0012256765289584339;14;9.295488301959954E-6;759;5.039482586562575E-4;12721;0.008446279049230898;42;2.788646490587986E-5;1846;0.0012256765289584339;664662x184748-NZ-JACGTR010000010_6582_aligned_41662_F_49_9926_1;0.7200769175000644;0.3048122156622355;0.720748292258251;0.30512343466435604;
322;9;Borreliella yangtzensis;species;683292;3;304;89;89;27;3.2962962962962963;12;27;1040;346.6666666666667;7.393948759104318E-5;88.9967467365391;1.0000365548582415;1203687;64895;0.618906514645114;0.20313836201423907;0.620013934357185;0.20418276868847718;2.7289729656582247;2.4923422783497705E-6;7.393948759104318E-5;8.640119898279204E-4;2.2431080505147934E-5;2.5255735087277673E-4;3;2.4923422783497705E-6;89;7.393948759104318E-5;1040;8.640119898279204E-4;27;2.2431080505147934E-5;304;2.5255735087277673E-4;139x107172-NZ-PHPO01000001_834547_aligned_75512_R_0_220_0;0.618906514645114;0.20313836201423907;0.620013934357185;0.20418276868847718;
323;9;Borreliella kurtenbachii;species;1196056;4;69;76;76;23;3.3043478260869565;10;22;764;191.0;1.9121469132665257E-4;75.99282989244222;1.0000943524220367;397459;64895;0.7050331581581581;0.37348298634614513;0.7235516766766767;0.33669093970737535;2.7868976333859723;1.0063931122455397E-5;1.9121469132665257E-4;0.001922210844388981;5.535162117350469E-5;1.736028118623556E-4;4;1.0063931122455397E-5;76;1.9121469132665257E-4;764;0.001922210844388981;22;5.535162117350469E-5;69;1.736028118623556E-4;139x214374-NZ-PHPS01000013_551_aligned_210171_R_0_57_0;0.7050331581581581;0.37348298634614513;0.7235516766766767;0.33669093970737535;
324;9;Borreliella mayonii;species;1674146;5;261;133;133;32;4.15625;27;32;2447;489.4;2.511182313724083E-4;132.98342755925285;1.0001246203459433;529631;64895;0.8831898663372162;0.1132659295602405;0.8875908443323262;0.10363880593207694;5.358799666993322;9.440535014000314E-6;2.511182313724083E-4;0.004620197835851754;6.0419424089602E-5;4.927959277308164E-4;5;9.440535014000314E-6;133;2.511182313724083E-4;2447;0.004620197835851754;32;6.0419424089602E-5;261;4.927959277308164E-4;139x232533-NZ-PHPN01000011_6652_aligned_74360_F_0_293_2;0.8831898663372162;0.1132659295602405;0.8875908443323262;0.10363880593207694;
325;9;Candidatus Borreliella tachyglossi;species;1964448;0;0;5;5;2;2.5;3;2;0;;3.945439308885287E-6;4.999992109484142;1.000001578105662;1267286;64895;;;;;0.7071067811865476;0.0;3.945439308885287E-6;0.0;1.5781757235541149E-6;0.0;0;0.0;5;3.945439308885287E-6;0;0.0;2;1.5781757235541149E-6;0;0.0;29518x3601-NZ-CAXOVK010000001_29547_aligned_4793_R_5_2006_2;;;;;
326;4;PVC group;clade;1783257;0;0;0;0;0;;0;0;0;;0.0;0.0;;321;3379134;;;;;;0.0;0.0;0.0;0.0;0.0;200;1.5828585756809974E-4;9312;0.007502331351160479;122498;0.10144337627609726;226;1.7687394055720279E-4;16884;0.01396961165561319;;0.8296213329744906;0.15681539590483318;0.8296213329744906;0.15681539590483318;
327;5;Chlamydiota;phylum;204428;0;0;0;0;0;;0;0;0;;;0.0;;0;1783257;;;;;;;;;;;200;1.5828585756809974E-4;9312;0.007502331351160479;122498;0.10144337627609726;226;1.7687394055720279E-4;16884;0.01396961165561319;;0.8296213329744906;0.15681539590483318;0.8296213329744906;0.15681539590483318;
328;6;Chlamydiia;class;204429;0;0;0;0;0;;0;0;0;;0.0;0.0;;1701;204428;;;;;;0.0;0.0;0.0;0.0;0.0;200;1.5828585756809974E-4;9312;0.007502331351160479;122498;0.10144337627609726;226;1.7687394055720279E-4;16884;0.01396961165561319;;0.8296213329744906;0.15681539590483318;0.8296213329744906;0.15681539590483318;
329;7;Chlamydiales;order;51291;0;0;0;0;0;;0;0;0;;0.0;0.0;;1052;204429;;;;;;0.0;0.0;0.0;0.0;0.0;200;1.5828585756809974E-4;9312;0.007502331351160479;122498;0.10144337627609726;226;1.7687394055720279E-4;16884;0.01396961165561319;;0.8296213329744906;0.15681539590483318;0.8296213329744906;0.15681539590483318;
330;8;Chlamydiaceae;family;809;0;0;0;0;0;;0;0;0;;0.0;0.0;;3216;51291;;;;;;0.0;0.0;0.0;0.0;0.0;200;1.5828585756809974E-4;9312;0.007502331351160479;122498;0.10144337627609726;226;1.7687394055720279E-4;16884;0.01396961165561319;;0.8296213329744906;0.15681539590483318;0.8296213329744906;0.15681539590483318;
331;9;Chlamydia/Chlamydophila group;no rank;1113537;0;0;0;0;0;;0;0;0;;;0.0;;0;809;;;;;;;;;;;200;1.5828585756809974E-4;9312;0.007502331351160479;122498;0.10144337627609726;226;1.7687394055720279E-4;16884;0.01396961165561319;;0.8296213329744906;0.15681539590483318;0.8296213329744906;0.15681539590483318;
332;10;Chlamydia;genus;810;4;65;122;122;10;12.2;30;8;1282;320.5;2.9120301934566683E-5;121.99823821108701;1.0000144411012717;4189517;1113537;0.8807081117818448;0.12609346391025622;0.8807081117818448;0.12609346391025622;7.524773898411979;9.547639978546453E-7;2.9120301934566683E-5;3.0600186131241383E-4;1.9095279957092907E-6;1.5514914965137984E-5;200;1.5828585756809974E-4;9312;0.007502331351160479;122498;0.10144337627609726;226;1.7687394055720279E-4;16884;0.01396961165561319;83559x242822-NZ-JASNMW010000001_46479_aligned_178943_F_18_95_1;0.8296213329744906;0.15681539590483318;0.8296213329744906;0.15681539590483318;
333;11;Chlamydia trachomatis;species;813;4;353;356;356;13;27.384615384615383;72;5;1772;443.0;2.2377228529960657E-4;355.9602833549566;1.0001115760575003;1590903;810;0.7131461722658047;0.1897542588822267;0.7131461722658047;0.1897542588822267;25.07833879911261;2.514295340445018E-6;2.2377228529960657E-4;0.0011138328358171429;3.142869175556272E-6;2.2188656379427282E-4;4;2.514295340445018E-6;356;2.2377228529960657E-4;1772;0.0011138328358171429;5;3.142869175556272E-6;353;2.2188656379427282E-4;813x118590-NZ-CP166128_80063_aligned_21472_F_35_1132_12;0.7131461722658047;0.1897542588822267;0.7131461722658047;0.1897542588822267;
334;11;Chlamydia abortus;species;83555;1;112;11;11;1;11.0;11;1;345;345.0;6.098443289189844E-6;10.999969508840028;1.0000027719313174;1803739;810;0.6444444444444445;;0.6444444444444445;;;5.544039353808949E-7;6.098443289189844E-6;1.9126935770640875E-4;5.544039353808949E-7;6.209324076266023E-5;1;5.544039353808949E-7;11;6.098443289189844E-6;345;1.9126935770640875E-4;1;5.544039353808949E-7;112;6.209324076266023E-5;1242993x135453-NZ-QOHL01000049_881_aligned_101854_R_0_339_1;0.6444444444444445;;0.6444444444444445;;
335;11;Chlamydia suis;species;83559;19;692;640;640;27;23.703703703703702;159;21;4475;235.52631578947367;2.3225693132706893E-4;639.925799674669;1.00011595145151;2755569;810;0.7407768531712989;0.2842088616705743;0.7407768531712989;0.2842088616705743;41.51720200926434;6.895127648772359E-6;2.3225693132706893E-4;0.0016239840120134898;7.6209305591694495E-6;2.511278069973933E-4;19;6.895127648772359E-6;640;2.3225693132706893E-4;4475;0.0016239840120134898;21;7.6209305591694495E-6;692;2.511278069973933E-4;83559x242822-NZ-JASNMW010000001_1057811_aligned_181392_R_3_255_1;0.7407768531712989;0.2842088616705743;0.7407768531712989;0.2842088616705743;
336;11;Chlamydia ibidis;species;1405396;172;15662;8183;1415;363;22.542699724517906;180;191;114624;666.4186046511628;0.0012123528040906412;8154.384555990993;0.1735262778305452;1167152;810;0.8420328186279558;0.13264062840021706;0.8420328186279558;0.13264062840021706;28.447299736611438;1.4736726664564683E-4;0.007011083389310047;0.0982082882092478;1.636462088913869E-4;0.013418989129093726;172;1.4736726664564683E-4;8183;0.007011083389310047;114624;0.0982082882092478;191;1.636462088913869E-4;15662;0.013418989129093726;1405396x144292-NZ-KE360154_962_aligned_22188_F_0_783_6;0.8420328186279558;0.13264062840021706;0.8420328186279558;0.13264062840021706;
