pos;level;name;rank;taxid;reads;kmers from reads;kmers;unique kmers;contigs;average contig length;max contig length;reads >=1 kmer;reads bps;avg. read length;db coverage;exp. unique kmers;unique kmers / exp.;db kmers;parent taxid;mean error;kmer error std. dev.;mean class error;class error std. dev.;contig len std. dev.;norm. reads;norm. kmers;norm. reads bps;norm. read >=1 kmer;norm. reads kmers;acc. reads;acc. norm. reads;acc. kmers;acc. norm. kmers;acc. reads bps;acc. norm. reads bps;acc. read >=1 kmer;acc. norm. read >=1 kmer;acc. reads kmers;acc. norm. reads kmers;max contig desc.;acc. mean error;acc. error std. dev.;acc. class mean error;acc. class error std. dev.;
0;0;TOTAL;;;241151;0;795715789;0;0;;0;0;861524389;3572.551592155952;;;;524530554;;;;;;;;;;;;;;;;;;;;;;;;;;;
1;0;root;no rank;1;0;0;0;0;0;;0;0;0;;0.0;0.0;;2945;;;;;;;0.0;0.0;0.0;0.0;0.0;178739;0.7181038551444813;12456083;42.00112828396609;79582882;398.43355460611656;300610;1.3877720256133939;12426934;76.68163179737999;;0.7886203386279346;0.18632350457331742;0.7887652144161075;0.18626642853770936;
2;1;cellular organisms;cellular root;131567;30355;1683709;3525559;72163;185794;18.975634304659998;458;80121;13069484;430.55457091088783;0.5517386384488348;130791.99999974301;0.5517386384499189;130792;1;0.829178666163703;0.1623424458661543;0.8291789151192426;0.1623424055013563;25.478108824052846;0.23208606030949905;26.95546363691969;99.9257141109548;0.6125833384304851;12.873180316838951;178739;0.7181038551444813;12456083;42.00112828396609;79582882;398.43355460611656;300610;1.3877720256133939;12426934;76.68163179737999;1359166x126875-NZ-LAOH01000010_797_aligned_155153_F_10_539_22;0.7886203386279346;0.18632350457331742;0.7887652144161075;0.18626642853770936;
3;2;Bacteria;domain;2;2253;133822;231492;21223;18351;12.614680398888344;258;11487;982378;436.03106968486463;0.014830856399322712;213738.06240741018;0.09929443432282284;1431003;131567;0.8249120301766162;0.1642364391608802;0.8249120301766162;0.1642364391608802;15.586811313622166;0.0015744201794126217;0.1617690528950673;0.686496114962722;0.00802723684017434;0.09351622603167149;148384;0.48601779483498203;8930524;15.045664647046406;66513398;298.50784049516176;220489;0.7751886871829097;10743225;63.808451480541;2104x178739-NZ-JBLTZR010000055_1454_aligned_31360_R_53_954_144;0.7803232982977887;0.18979402475310475;0.7804977604800785;0.18973414008010844;
4;3;Bacillati;kingdom;1783272;2;340;139;105;29;4.793103448275862;34;20;1715;857.5;4.449227953016153E-4;138.9593673436275;0.7556165662466595;235996;2;0.790930916976456;0.20727998503648448;0.790930916976456;0.20727998503648448;6.8315408758870975;8.474719910506958E-6;5.889930337802336E-4;0.007267072323259716;8.474719910506958E-5;0.0014407023847861828;199;2.927973525376847E-4;37186;0.03308683598104447;206272;0.6743327658769909;285;6.02595983171045E-4;40106;0.1403768663098954;2104x178739-NZ-JBLTZR010000055_1342_aligned_91184_F_8_458_807;0.7656023959791363;0.19363827877074538;0.765650149653131;0.1936713141740646;
5;4;Mycoplasmatota;phylum;544448;2;46;470;470;66;7.121212121212121;32;17;413;206.5;7.081502061922462E-4;469.8339778054645;1.000353363533457;663701;1783272;0.8666277030976037;0.0064470285134589364;0.8666277030976037;0.0064470285134589364;6.8847996485348935;3.0134051327329624E-6;7.081502061922462E-4;6.222681599093567E-4;2.561394362823018E-5;6.930831805285813E-5;197;2.843226326271778E-4;37047;0.03249784294726423;204557;0.6670656935537311;265;5.178487840659755E-4;39766;0.1389361639251092;3401674x15551-NZ-JBLVZX010000013_8533_aligned_104_R_36_9668_26;0.7653452536339858;0.1940427044943931;0.7653934921168537;0.19407607160076953;
6;5;Mollicutes;class;31969;0;0;23;23;4;5.75;15;3;0;;4.3749524461690636E-4;22.995188193032263;1.000209252776161;52572;544448;;;;;6.601767440112787;0.0;4.3749524461690636E-4;0.0;5.7064597123944306E-5;0.0;89;1.8425581832826477E-4;17732;0.015277777829408918;97548;0.5827211965592208;127;2.775875932897214E-4;18325;0.12233332185069813;2103x68252-NZ-CP011264_177431_aligned_219806_F_1_68_0;0.7641898576666695;0.19397150849211744;0.7642050352757923;0.19397607410588336;
7;6;Mycoplasmatales;order;2085;0;0;0;0;0;;0;0;0;;0.0;0.0;;241;31969;;;;;;0.0;0.0;0.0;0.0;0.0;89;1.8425581832826477E-4;17709;0.014840282584792008;97548;0.5827211965592208;124;2.205229961657771E-4;18325;0.12233332185069813;;0.7641898576666695;0.19397150849211744;0.7642050352757923;0.19397607410588336;
8;7;Mycoplasmataceae;family;2092;0;0;0;0;0;;0;0;0;;0.0;0.0;;1514;2085;;;;;;0.0;0.0;0.0;0.0;0.0;89;1.8425581832826477E-4;17709;0.014840282584792008;97548;0.5827211965592208;124;2.205229961657771E-4;18325;0.12233332185069813;;0.7641898576666695;0.19397150849211744;0.7642050352757923;0.19397607410588336;
9;8;Mycoplasma;genus;2093;1;38;2145;2145;147;14.591836734693878;159;14;100;100.0;9.449197677215408E-4;2143.987364440088;1.0004723141454597;2270034;2092;0.45714285714285713;;0.45714285714285713;;18.21513562346932;4.405220362338185E-7;9.449197677215408E-4;4.405220362338185E-5;6.167308507273459E-6;1.6739837376885104E-5;89;1.8425581832826477E-4;17709;0.014840282584792008;97548;0.5827211965592208;124;2.205229961657771E-4;18325;0.12233332185069813;3401674x15551-NZ-JBLVZX010000013_8533_aligned_104_R_36_9668_26;0.7641898576666695;0.19397150849211744;0.7642050352757923;0.19397607410588336;
10;9;Mycoplasma yeatsii;species;51365;0;0;13;13;2;6.5;9;1;0;;2.0357827976353598E-5;12.999877853396402;1.000009395980868;638575;2093;;;;;3.5355339059327378;0.0;2.0357827976353598E-5;0.0;1.5659867674118154E-6;0.0;1;2.9339279427297264E-6;167;4.721827311567315E-4;3753;0.011011031569064664;2;4.499914710141542E-6;558;0.0016371317920431873;1188240x99480-NZ-AORK01000022_9128_aligned_62_R_0_3674_2;0.8501208702659145;;0.8501208702659145;;
11;10;Mycoplasma yeatsii 13926;strain;1188240;1;558;154;154;10;15.4;42;1;3753;3753.0;4.518249031803779E-4;153.9654405311786;1.0002244625073144;340840;51365;0.8501208702659145;;0.8501208702659145;;15.108496505829647;2.9339279427297264E-6;4.518249031803779E-4;0.011011031569064664;2.9339279427297264E-6;0.0016371317920431873;1;2.9339279427297264E-6;154;4.518249031803779E-4;3753;0.011011031569064664;1;2.9339279427297264E-6;558;0.0016371317920431873;1188240x99480-NZ-AORK01000022_9128_aligned_62_R_0_3674_2;0.8501208702659145;;0.8501208702659145;;
12;9;Mycoplasma buteonis;species;171280;1;467;467;467;13;35.92307692307692;106;1;1634;1634.0;5.71149723169722E-4;466.8669473593095;1.0002849904912803;817649;2093;0.7088528678304239;;0.7088528678304239;;30.346503199055018;1.2230186791642868E-6;5.71149723169722E-4;0.001998412521754445;1.2230186791642868E-6;5.71149723169722E-4;1;1.2230186791642868E-6;467;5.71149723169722E-4;1634;0.001998412521754445;1;1.2230186791642868E-6;467;5.71149723169722E-4;171280x139134-NZ-JPOK01000008_15448_aligned_746_R_14_1573_61;0.7088528678304239;;0.7088528678304239;;
13;9;Mycoplasma iguanae;species;292461;1;888;888;888;52;17.076923076923077;69;1;7745;7745.0;0.0013155769945880599;887.416796790112;1.0006571919891505;674989;2093;0.884899546338302;;0.884899546338302;;17.54863958064048;1.4815056245361034E-6;0.0013155769945880599;0.011474261062032122;1.4815056245361034E-6;0.0013155769945880599;1;1.4815056245361034E-6;888;0.0013155769945880599;7745;0.011474261062032122;1;1.4815056245361034E-6;888;0.0013155769945880599;292461x241771-NZ-CP102734_636174_aligned_6452_F_16_7432_292;0.884899546338302;;0.884899546338302;;
14;9;Mycoplasma tauri;species;547987;2;2231;2132;2132;66;32.303030303030305;126;2;9590;4795.0;0.001898401674012733;2129.9785312187782;1.000949055941923;1123050;2093;0.7505878103526373;0.045608127094763785;0.7505878103526373;0.045608127094763785;34.7093291369558;1.7808646097680425E-6;0.001898401674012733;0.008539245803837763;1.7808646097680425E-6;0.0019865544721962515;2;1.7808646097680425E-6;2132;0.001898401674012733;9590;0.008539245803837763;2;1.7808646097680425E-6;2231;0.0019865544721962515;547987x76784-NZ-JAIQBZ010000015_7615_aligned_17194_F_0_6995_1;0.7505878103526373;0.045608127094763785;0.7505878103526373;0.045608127094763785;
15;9;Mycoplasma mycoides group;species group;656088;2;45;384;384;21;18.285714285714285;72;9;141;70.5;5.167207608713204E-4;383.90106491586556;1.00025770984552;743148;2093;0.42857142857142855;0.6060915267313264;0.42857142857142855;0.6060915267313264;21.700559571455425;2.69125396287146E-6;5.167207608713204E-4;1.8973340438243794E-4;1.2110642832921572E-5;6.0553214164607856E-5;17;3.60686250251236E-5;1852;0.002343362868275633;9805;0.013619232104391548;26;4.9209025538208934E-5;2013;0.0017967241422917027;1188251x50540-NZ-LAUV01000043_3725_aligned_1583_F_69_1040_0;0.7340520485547513;0.22897467143731132;0.7340520485547513;0.22897467143731132;
16;10;Mycoplasma capricolum;species;2095;0;0;203;203;10;20.3;49;1;0;;5.635617100072458E-4;202.9430908530475;1.0002804192382864;360209;656088;;;;;16.885562537926365;0.0;5.635617100072458E-4;0.0;2.776166059148994E-6;0.0;1;4.6037760170892166E-7;294;6.054560717627576E-4;2096;9.649514531818998E-4;2;3.2365436608579155E-6;306;1.4087554612293002E-4;1188238x244827-NZ-JFDO01000013_5463_aligned_7645_F_89_1916_18;0.8518877057115198;;0.8518877057115198;;
17;11;Mycoplasma capricolum subsp. capricolum;subspecies;40479;1;306;91;91;6;15.166666666666666;29;1;2096;2096.0;4.1894361755511874E-5;90.99811477922634;1.0000207171409894;2172130;2095;0.8518877057115198;;0.8518877057115198;;14.469508169480628;4.6037760170892166E-7;4.1894361755511874E-5;9.649514531818998E-4;4.6037760170892166E-7;1.4087554612293002E-4;1;4.6037760170892166E-7;91;4.1894361755511874E-5;2096;9.649514531818998E-4;1;4.6037760170892166E-7;306;1.4087554612293002E-4;1188238x244827-NZ-JFDO01000013_5463_aligned_7645_F_89_1916_18;0.8518877057115198;;0.8518877057115198;;
18;10;Mycoplasma mycoides;species;2102;12;1127;879;810;41;21.4390243902439;335;13;6171;514.25;7.653249229478427E-4;878.6355027233418;0.9218839865785013;1058374;656088;0.7759022584338249;0.12022895349228199;0.7759022584338249;0.12022895349228199;51.07545828501581;1.1338147006634705E-5;8.305192682359922E-4;0.0058306420981618975;1.228299259052093E-5;0.0010648409730397762;14;3.2916993460543215E-5;1174;0.0012211860356415546;7568;0.01246454724682721;15;3.386183904442944E-5;1662;0.001595295382004165;2102x143764-NZ-JAUYYX010000015_8209_aligned_1377_F_15_3218_60;0.7692753044697425;0.13967872882268792;0.7692753044697425;0.13967872882268792;
19;11;Mycoplasma mycoides subsp. mycoides;subspecies;2103;1;15;13;13;2;6.5;12;1;292;292.0;2.7520216774630594E-4;12.998348915159747;1.0001270226588799;47238;2102;0.9427480916030534;;0.9427480916030534;;7.7781745930520225;2.116939751894661E-5;2.7520216774630594E-4;0.00618146407553241;2.116939751894661E-5;3.1754096278419915E-4;1;2.116939751894661E-5;13;2.7520216774630594E-4;292;0.00618146407553241;1;2.116939751894661E-5;15;3.1754096278419915E-4;2103x68252-NZ-CP011264_65017_aligned_240354_R_184_100_7;0.9427480916030534;;0.9427480916030534;;
20;11;Mycoplasma mycoides subsp. capri;subspecies;40477;1;520;282;282;15;18.8;55;1;1105;1105.0;1.154645996592566E-4;281.98377785569744;1.0000575286437607;2442307;2102;0.5162790697674419;;0.5162790697674419;;17.20132885232168;4.0944893496190285E-7;1.154645996592566E-4;4.524410731329026E-4;4.0944893496190285E-7;2.1291344618018946E-4;1;4.0944893496190285E-7;282;1.154645996592566E-4;1105;4.524410731329026E-4;1;4.0944893496190285E-7;520;2.1291344618018946E-4;40477x172583-NZ-CP068011_971_aligned_9371_F_6_1117_2;0.5162790697674419;;0.5162790697674419;;
21;9;unclassified Asterococcus (in: mycoplasmas, genus);no rank;2683645;26;3674;7120;7120;285;24.982456140350877;259;33;19669;756.5;5.083892073541069E-4;7118.190692048684;1.0002541808767975;14005018;2093;0.7750404219062268;0.15719919273448194;0.7750570431415171;0.15720784303602794;29.295658494428647;1.8564774425852219E-6;5.083892073541069E-4;0.0014044251853157204;2.3562982925120123E-6;2.6233454323300407E-4;46;1.2457290773615893E-4;7742;0.005468952317844269;50094;0.5243635441143526;56;1.3884259561804989E-4;9808;0.1131789597900799;3453139x150881-NZ-JBTHHI010000017_2373_aligned_31237_F_38_1373_190;0.7546803038559126;0.20254558255538282;0.7547096692300852;0.20255554106964438;
22;10;Mycoplasma sp. Ms02;species;353851;0;0;6;6;1;6.0;6;1;0;;6.76063193880276E-6;5.999983098556389;1.0000028169152035;887491;2683645;;;;;;0.0;6.76063193880276E-6;0.0;1.12677198980046E-6;0.0;0;0.0;6;6.76063193880276E-6;0;0.0;1;1.12677198980046E-6;0;0.0;3401674x15551-NZ-JBLVZX010000013_8533_aligned_104_R_36_9668_26;;;;;
23;10;Mycoplasma sp. P36-A1;species;3252900;14;375;375;375;18;20.833333333333332;53;15;3656;261.14285714285717;2.0631488603165696E-4;374.9614217893197;1.0001028858128824;1817610;2683645;0.7123452245651467;0.30124079238291457;0.7123452245651467;0.30124079238291457;15.819756821214192;7.702422411848527E-6;2.0631488603165696E-4;0.002011432595551301;8.252595441266279E-6;2.0631488603165696E-4;14;7.702422411848527E-6;375;2.0631488603165696E-4;3656;0.002011432595551301;15;8.252595441266279E-6;375;2.0631488603165696E-4;3252900x47672-NZ-CP168083_1120781_aligned_232506_R_30_105_55;0.7123452245651467;0.30124079238291457;0.7123452245651467;0.30124079238291457;
24;10;Mycoplasma sp. Z473B;species;3401667;1;481;17;17;1;17.0;17;1;2109;2109.0;1.1026001906849741E-4;16.99911794847992;1.0000518880757667;154181;2683645;0.7686387686387687;;0.7686387686387687;;;6.485883474617495E-6;1.1026001906849741E-4;0.013678728247968296;6.485883474617495E-6;0.003119709951291015;1;6.485883474617495E-6;17;1.1026001906849741E-4;2109;0.013678728247968296;1;6.485883474617495E-6;481;0.003119709951291015;3401667x193182-NZ-JBLVZQ010000039_1022_aligned_52871_R_139_1879_86;0.7686387686387687;;0.7686387686387687;;
25;10;Mycoplasma sp. B6400;species;3401674;1;1869;37;37;2;18.5;30;1;9736;9736.0;4.817269259312302E-4;36.9913302323064;1.0002343729635876;76807;2683645;0.8068205233875954;;0.807438697712755;;16.263455967290593;1.3019646646790005E-5;4.817269259312302E-4;0.1267592797531475;1.3019646646790005E-5;0.02433371958285052;1;1.3019646646790005E-5;37;4.817269259312302E-4;9736;0.1267592797531475;1;1.3019646646790005E-5;1869;0.02433371958285052;3401674x15551-NZ-JBLVZX010000013_8533_aligned_104_R_36_9668_26;0.8068205233875954;;0.807438697712755;;
26;10;Mycoplasma sp. SK341A;species;3401679;1;811;88;88;6;14.666666666666666;26;1;2511;2511.0;0.002088872009115078;87.9091958674529;1.0010329309880621;42128;2683645;0.6731156791616284;;0.6731156791616284;;9.852241707685954;2.3737181921762248E-5;0.002088872009115078;0.059604063805545004;2.3737181921762248E-5;0.019250854538549182;1;2.3737181921762248E-5;88;0.002088872009115078;2511;0.059604063805545004;1;2.3737181921762248E-5;811;0.019250854538549182;3401679x13800-NZ-JBLWAC010000020_6264_aligned_24188_F_1_2531_14;0.6731156791616284;;0.6731156791616284;;
27;10;Mycoplasma sp. Sp48II;species;3401682;1;1287;11;11;2;5.5;9;1;6686;6686.0;3.2951890240249236E-4;10.998352553564672;1.0001497902915282;33382;2683645;0.8063401442307693;;0.806640625;;4.949747468305833;2.9956263854772032E-5;3.2951890240249236E-4;0.20028758013300582;2.9956263854772032E-5;0.0385537115810916;1;2.9956263854772032E-5;11;3.2951890240249236E-4;6686;0.20028758013300582;1;2.9956263854772032E-5;1287;0.0385537115810916;3401682x184757-NZ-JBLWAF010000010_3222_aligned_154_F_0_6491_3;0.8063401442307693;;0.806640625;;
28;10;Mycoplasma sp. 2634B;species;3401692;0;0;2;2;1;2.0;2;1;0;;2.418584402549188E-5;1.9999879070778315;1.0000060464976441;82693;2683645;;;;;;0.0;2.418584402549188E-5;0.0;1.209292201274594E-5;0.0;0;0.0;2;2.418584402549188E-5;0;0.0;1;1.209292201274594E-5;0;0.0;3401682x184757-NZ-JBLWAF010000010_3222_aligned_154_F_0_6491_3;;;;;
29;10;Mycoplasma sp. 1573;species;3458464;1;662;30;30;3;10.0;12;1;2998;2998.0;7.254437297480292E-4;29.989483439573295;1.0003506749440314;41354;2683645;0.7769541778975741;;0.7769541778975741;;3.4641016151377544;2.418145765826764E-5;7.254437297480292E-4;0.07249601005948639;2.418145765826764E-5;0.016008124969773177;1;2.418145765826764E-5;30;7.254437297480292E-4;2998;0.07249601005948639;1;2.418145765826764E-5;662;0.016008124969773177;3458464x197898-NZ-JBSQBG010000002_224506_aligned_22806_F_5_3037_1;0.7769541778975741;;0.7769541778975741;;
30;10;Mycoplasma sp. VS1572C;species;3568892;1;649;56;56;4;14.0;31;1;2729;2729.0;9.874801622288838E-4;55.972852912792355;1.0004850045297842;56710;2683645;0.7595405705816969;;0.7595405705816969;;12.569805089976535;1.7633574325515784E-5;9.874801622288838E-4;0.04812202433433257;1.7633574325515784E-5;0.011444189737259743;1;1.7633574325515784E-5;56;9.874801622288838E-4;2729;0.04812202433433257;1;1.7633574325515784E-5;649;0.011444189737259743;3568892x100686-NZ-JBTKTE010000017_8600_aligned_25_R_275_2380_50;0.7595405705816969;;0.7595405705816969;;
31;9;Mycoplasma phocimorsus;species;3045839;2;132;133;133;9;14.777777777777779;35;3;2068;1034.0;1.0310197405396187E-4;132.99319549151863;1.0000511643355603;1289985;2093;0.9502172875480419;0.035340240946740466;0.9502172875480419;0.035340240946740466;12.507775359529147;1.550405624871607E-6;1.0310197405396187E-4;0.0016031194161172416;2.3256084373074105E-6;1.0232677124152607E-4;2;1.550405624871607E-6;133;1.0310197405396187E-4;2068;0.0016031194161172416;3;2.3256084373074105E-6;132;1.0232677124152607E-4;3045839x235560-NZ-JASDDP010000015_8467_aligned_1564_F_219_1319_116;0.9502172875480419;0.035340240946740466;0.9502172875480419;0.035340240946740466;
32;9;Candidatus Mycoplasma pogonae;species;3472838;18;2190;2183;2183;82;26.621951219512194;137;19;12759;708.8333333333334;0.0017226345339693588;2181.1216833903277;1.0008611700227346;1267245;2093;0.8064495662306648;0.1499136316088002;0.8064495662306648;0.1499136316088002;27.993226801550104;1.4204041049678633E-5;0.0017226345339693588;0.010068297764047204;1.4993154441327447E-5;0.0017281583277109003;18;1.4204041049678633E-5;2183;0.0017226345339693588;12759;0.010068297764047204;19;1.4993154441327447E-5;2190;0.0017281583277109003;3472838x164245-NZ-JBSWZS010000002_49793_aligned_202436_F_110_296_402;0.8064495662306648;0.1499136316088002;0.8064495662306648;0.1499136316088002;
33;5;Mycoplasmoidales;order;2790996;0;0;50;50;5;10.0;28;2;0;;9.625009625009625E-4;49.97642598795488;1.0004717026393763;51948;544448;;;;;10.392304845413264;0.0;9.625009625009625E-4;0.0;3.85000385000385E-5;0.0;106;9.705340916618011E-5;18845;0.016511914911663074;106596;0.08372222883460095;121;2.1464724714802388E-4;21395;0.016533533756358215;2098x50202-NZ-JBNEDN010000003_29638_aligned_122384_R_55_3657_7;0.764404360635532;0.19635095422996668;0.7644812679365983;0.19640916701288666;
34;6;Mycoplasmoidaceae;family;2790998;0;0;0;0;0;;0;0;0;;0.0;0.0;;2088;2790996;;;;;;0.0;0.0;0.0;0.0;0.0;47;3.751193644265527E-5;9570;0.008585154795490262;59319;0.05373814976426771;48;3.854752013386907E-5;12087;0.011177853451194937;;0.7896189708668665;0.13227020137167622;0.7897924213756545;0.13243353323174242;
35;7;Malacoplasma;genus;2791001;0;0;0;0;0;;0;0;0;;0.0;0.0;;3325;2790998;;;;;;0.0;0.0;0.0;0.0;0.0;23;1.3246390934400416E-5;2251;0.0012964185214493626;13227;0.007617826647361492;23;1.3246390934400416E-5;2253;0.0012975703815306147;;0.8118040726104325;0.14219335202106895;0.8118040726104325;0.14219335202106895;
36;8;Malacoplasma iowae;species;2116;23;2253;2251;2251;82;27.451219512195124;160;23;13227;575.0869565217391;0.0012964185214493626;2249.542158787997;1.0006480612982993;1736322;2791001;0.8118040726104325;0.14219335202106895;0.8118040726104325;0.14219335202106895;29.559796036243313;1.3246390934400416E-5;0.0012964185214493626;0.007617826647361492;1.3246390934400416E-5;0.0012975703815306147;23;1.3246390934400416E-5;2251;0.0012964185214493626;13227;0.007617826647361492;23;1.3246390934400416E-5;2253;0.0012975703815306147;2116x149700-NZ-CP129194_179130_aligned_103403_F_0_352_1;0.8118040726104325;0.14219335202106895;0.8118040726104325;0.14219335202106895;
37;7;Mycoplasmoides;genus;2995234;0;0;0;0;0;;0;0;0;;0.0;0.0;;43790;2790998;;;;;;0.0;0.0;0.0;0.0;0.0;24;2.4265545508254856E-5;7319;0.0072887362740409;46092;0.04612032311690622;25;2.5301129199468653E-5;9834;0.009880283069664321;;0.7683582483626156;0.12119033668691448;0.768697922275659;0.12160830274695048;
38;8;Mycoplasmoides gallisepticum;species;2096;1;516;494;494;22;22.454545454545453;127;1;2739;2739.0;2.2087758150673387E-4;493.945557642499;1.0001102193483848;2236533;2995234;0.8095238095238095;;0.8095238095238095;;27.751837815980803;4.4712061033751795E-7;2.2087758150673387E-4;0.0012246633517144616;4.4712061033751795E-7;2.3071423493415926E-4;1;4.4712061033751795E-7;494;2.2087758150673387E-4;2739;0.0012246633517144616;1;4.4712061033751795E-7;516;2.3071423493415926E-4;2096x51600-NZ-JBIEBW010000009_30957_aligned_34233_R_395_2284_41;0.8095238095238095;;0.8095238095238095;;
39;8;Mycoplasmoides pneumoniae;species;2104;23;9318;6825;6665;235;29.04255319148936;343;24;43353;1884.9130434782608;0.006902165301939959;6800.94116458012;0.9800114188183081;965639;2995234;0.7665684413556072;0.12358930621014093;0.7669228836996524;0.12402311060965764;36.476990433151045;2.3818424897917338E-5;0.007067858692534166;0.044895659765191755;2.4854008589131135E-5;0.009649568834730162;23;2.3818424897917338E-5;6825;0.007067858692534166;43353;0.044895659765191755;24;2.4854008589131135E-5;9318;0.009649568834730162;2104x65139-NZ-BLGX01000017_6698_aligned_457_R_6_2395_1;0.7665684413556072;0.12358930621014093;0.7669228836996524;0.12402311060965764;
40;6;Metamycoplasmataceae;family;2895623;0;0;23;23;5;4.6;8;2;0;;1.803964014839565E-4;22.998015748685752;1.0000862792397367;127497;2790996;;;;;2.4083189157584592;0.0;1.803964014839565E-4;0.0;1.5686643607300564E-5;0.0;59;5.954147272352484E-5;9225;0.006964259153671848;47277;0.029984079070333246;71;1.3759968851411632E-4;9308;0.005355680305163276;29559x105092-NZ-JAQTIP010000010_14384_aligned_298_R_6_1709_13;0.7443181457054859;0.23450844115548114;0.7443181457054859;0.23450844115548114;
41;7;Metamycoplasma;genus;2895509;0;0;121;121;12;10.083333333333334;75;4;0;;0.0014972653253149206;120.9102081595873;1.0007426324193751;80814;2895623;;;;;20.654994259955338;0.0;0.0014972653253149206;0.0;4.949637439057589E-5;0.0;59;5.954147272352484E-5;9202;0.006783862752187892;47277;0.029984079070333246;69;1.2191304490681576E-4;9308;0.005355680305163276;2098x50202-NZ-JBNEDN010000003_29638_aligned_122384_R_55_3657_7;0.7443181457054859;0.23450844115548114;0.7443181457054859;0.23450844115548114;
42;8;Metamycoplasma hominis;species;2098;3;2430;2295;2295;77;29.805194805194805;326;3;10408;3469.3333333333335;6.895550882405168E-4;2294.2092618303504;1.0003446669764635;3328233;2895509;0.7637704743432537;0.022948676198428396;0.7637704743432537;0.022948676198428396;44.51464542001257;9.01379200314401E-7;6.895550882405168E-4;0.0031271849056240955;9.01379200314401E-7;7.301171522546649E-4;3;9.01379200314401E-7;2295;6.895550882405168E-4;10408;0.0031271849056240955;3;9.01379200314401E-7;2430;7.301171522546649E-4;2098x83640-NZ-JBNEDS010000004_67377_aligned_27344_F_2_5463_0;0.7637704743432537;0.022948676198428396;0.7637704743432537;0.022948676198428396;
43;8;Metamycoplasma hyosynoviae;species;29559;19;4965;4874;4767;185;26.345945945945946;199;20;24031;1264.7894736842106;0.0019952068159311844;4869.032937706243;0.9790445168452055;2389226;2895509;0.6785061739471047;0.2842056490616593;0.6785061739471047;0.2842056490616593;30.762754465094165;7.952366163770192E-6;0.0020399911938008375;0.010058069014819026;8.370911751337043E-6;0.002078078842269421;19;7.952366163770192E-6;4874;0.0020399911938008375;24031;0.010058069014819026;20;8.370911751337043E-6;4965;0.002078078842269421;29559x230310-NZ-JAQRAU010000001_72698_aligned_28826_R_430_1480_8;0.6785061739471047;0.2842056490616593;0.6785061739471047;0.2842056490616593;
44;8;Metamycoplasma alkalescens;species;45363;0;0;0;0;0;;0;0;0;;0.0;0.0;;902554;2895509;;;;;;0.0;0.0;0.0;0.0;0.0;0;0.0;2;1.370444983486138E-5;0;0.0;1;6.85222491743069E-6;0;0.0;;;;;;
45;9;Metamycoplasma alkalescens 14918;strain;1188234;0;0;2;2;1;2.0;2;1;0;;1.370444983486138E-5;1.9999931477864996;1.0000034261184885;145938;45363;;;;;;0.0;1.370444983486138E-5;0.0;6.85222491743069E-6;0.0;0;0.0;2;1.370444983486138E-5;0;0.0;1;6.85222491743069E-6;0;0.0;444612x54001-NZ-CM000770_762924_aligned_34948_F_130_268_2171;;;;;
46;8;Metamycoplasma auris;species;51363;16;553;552;517;23;24.0;93;17;3379;211.1875;7.230445630405353E-4;551.7873703327576;0.9369551167657589;715032;2895509;0.7388791982550338;0.24918628467441895;0.7388791982550338;0.24918628467441895;26.483270877360226;2.2376620906476913E-5;7.719934212734535E-4;0.004725662627686593;2.377515971313172E-5;7.733919600801083E-4;16;2.2376620906476913E-5;552;7.719934212734535E-4;3379;0.004725662627686593;17;2.377515971313172E-5;553;7.733919600801083E-4;51363x191361-NZ-QKUB01000023_2066_aligned_126998_F_253_120_1;0.7388791982550338;0.24918628467441895;0.7388791982550338;0.24918628467441895;
47;8;Metamycoplasma buccale;species;55602;0;0;1;1;1;1.0;1;1;0;;1.4279023543254019E-6;1.0000000000215632;0.9999999999784368;700328;2895509;;;;;;0.0;1.4279023543254019E-6;0.0;1.4279023543254019E-6;0.0;0;0.0;1;1.4279023543254019E-6;0;0.0;1;1.4279023543254019E-6;0;0.0;3458465x171742-NZ-JBSQBF010000003_36811_aligned_26381_R_11_2212_11;;;;;
48;8;[Mycoplasma] anseris;species;92400;20;1226;1223;1223;47;26.02127659574468;159;22;8217;410.85;0.0016987385164998485;1221.9626572593731;1.0008489152548683;719946;2895509;0.8010167876311993;0.18267545223075546;0.8010167876311993;0.18267545223075546;32.1474113919681;2.777986126737283E-5;0.0016987385164998485;0.011413356001700127;3.0557847394110115E-5;0.0017029054956899546;20;2.777986126737283E-5;1223;0.0016987385164998485;8217;0.011413356001700127;22;3.0557847394110115E-5;1226;0.0017029054956899546;92400x102205-NZ-CP030140_80528_aligned_49141_F_0_382_1;0.8010167876311993;0.18267545223075546;0.8010167876311993;0.18267545223075546;
49;8;Metamycoplasma equirhinis;species;92402;1;134;134;134;6;22.333333333333332;80;1;1242;1242.0;7.118685486912775E-5;133.99526619212546;1.0000353281724725;1882370;2895509;0.8894389438943895;;0.8894389438943895;;28.87674958624441;5.312451855905056E-7;7.118685486912775E-5;6.598065205034079E-4;5.312451855905056E-7;7.118685486912775E-5;1;5.312451855905056E-7;134;7.118685486912775E-5;1242;6.598065205034079E-4;1;5.312451855905056E-7;134;7.118685486912775E-5;92402x108819-NZ-JAXIHM010000002_26340_aligned_38469_F_56_1030_117;0.8894389438943895;;0.8894389438943895;;
50;3;Pseudomonadati;kingdom;3379134;358;24708;44999;19637;3274;13.744349419670128;185;2229;175046;488.9553072625698;0.04388421200832229;42810.41504731482;0.4586967909163423;447473;2;0.8303804826616009;0.1594395721859924;0.8304681815463161;0.15947867082594394;19.772159446386127;8.00048271068869E-4;0.1005624920386258;0.39118784820536656;0.004981306134671812;0.055216739333993334;145932;0.48415057730303174;8661846;14.850808758170293;65324748;297.147011614322;208717;0.7665588543595643;10569297;63.57455838819943;139x190168-NZ-JAJNFO010000001_300762_aligned_5338_R_7_447_5;0.7796549804966102;0.19007487863840025;0.7798323089336614;0.19001465934625797;
51;4;Pseudomonadota;phylum;1224;1750;40286;120584;5850;7785;15.48927424534361;203;5549;486261;277.8634285714286;0.014414121403861507;104320.35726248732;0.05607726194112267;405852;3379134;0.8097035600627018;0.19972733009067475;0.8097035600627018;0.19972733009067475;17.68740992880689;0.00431191665927481;0.29711323339542495;1.198123946660359;0.013672471738466238;0.09926278544888284;125658;0.4576645442502126;6991236;12.901510251788235;55064980;280.0991257679991;163920;0.639745162705832;8878983;60.58163099625399;263x98110-NZ-VJKR01000043_15883_aligned_29732_R_1_4781_0;0.7780246675674218;0.19171389703565986;0.7780910564998333;0.19169041042751608;
52;5;Gammaproteobacteria;class;1236;4;878;33858;30812;1495;22.647491638795987;271;275;3872;968.0;0.07249950587770237;32544.473107056263;0.9467659807747624;424996;1224;0.7503999463270588;0.10213021376610532;0.7503999463270588;0.10213021376610532;28.719471633942508;9.411853288030947E-6;0.07966663215653795;0.009110673982813957;6.470649135521275E-4;0.0020659017967227925;507;0.0019569274237694985;237579;0.1694321062767876;1184243;4.594313995083791;1890;0.00798320784027359;245738;0.9138977911297615;263x209535-NZ-JPSV01000009_19716_aligned_753_F_10_7003_0;0.7869002306356896;0.10320903733698643;0.7874496932260551;0.10307486874976099;
53;6;Thiotrichales;order;72273;0;0;53;52;12;4.416666666666667;10;11;0;;0.0017890318585288654;52.952618372403364;0.9820099854986618;29066;1236;;;;;3.088345639315455;0.0;0.0018234363173467282;0.0;3.7844904699649073E-4;0.0;503;0.0019475155704814671;203721;0.08976547412024957;1180371;4.585203321100977;1615;0.007336142926721462;244860;0.9118318893330387;119857x153290-NZ-JAMKVL010000052_4900_aligned_2324_F_0_2274_0;0.7871904913458972;0.10326639556344172;0.7877443234200829;0.10312965879591406;
54;7;Francisellaceae;family;34064;0;0;5678;4912;654;8.681957186544343;66;249;0;;0.00554252295374047;5659.852919579439;0.8678670753099695;886239;72273;;;;;8.744969859758674;0.0;0.006406849619572147;0.0;2.8096258458497087E-4;0.0;503;0.0019475155704814671;203668;0.08794203780290283;1180371;4.585203321100977;1604;0.006957693879724971;244860;0.9118318893330387;263x89924-NZ-VJIT01000069_1915_aligned_8261_F_48_1434_150;0.7871904913458972;0.10326639556344172;0.7877443234200829;0.10312965879591406;
55;8;Francisella;genus;262;65;5827;117873;108197;6222;18.944551591128256;234;495;44914;690.9846153846154;0.011169152629050905;117158.76637648224;0.923507504784711;9687127;34064;0.8437796869141586;0.1397469446380158;0.8438280164181179;0.13975736677926626;21.742305222969502;6.709935773527074E-6;0.012168003991276257;0.004636462389726077;5.109874165993695E-5;6.015199346514193E-4;503;0.0019475155704814671;197990;0.08153518818333069;1180371;4.585203321100977;1355;0.006676731295140001;244860;0.9118318893330387;2599927x232579-NZ-OZ220197_19641_aligned_93010_F_6_440_214;0.7871904913458972;0.10326639556344172;0.7877443234200829;0.10312965879591406;
56;9;Francisella tularensis;species;263;189;91708;67150;61752;4004;16.77072927072927;214;361;428560;2267.5132275132273;0.03059656160288089;66045.22419798942;0.9349956904511483;2018266;262;0.7777017017868932;0.09030443602556391;0.7780028349945642;0.09011614930916285;16.914810057112117;9.364474256614341E-5;0.03327113472654249;0.21234069245580117;1.7886641304961783E-4;0.04543900556220042;361;0.0018323484146434356;70832;0.059640044791499834;1007684;4.410027983287747;673;0.006420880791225593;215731;0.881098280440504;263x74464-NZ-VJIC01000051_13215_aligned_29322_R_0_5144_2;0.7796899785249636;0.07762933370508565;0.7802821524264073;0.07743347919139414;
57;10;Francisella tularensis subsp. novicida;subspecies;264;17;8596;698;698;55;12.690909090909091;86;39;42659;2509.3529411764707;7.115355405886173E-4;697.7520885320149;1.0003553002163084;980977;263;0.7901403332963305;0.08300053566917753;0.7919042423476202;0.08271703573641774;18.816730860310464;1.7329662163333086E-5;7.115355405886173E-4;0.043486238719154476;3.975628378647002E-5;0.008762692703294777;20;3.909832222479078E-5;751;0.0011340789385692839;59903;0.15694837559643332;53;1.6590794951607126E-4;12834;0.03705833868976663;264x128996-NZ-JACTTN010000078_809_aligned_7953_F_316_1653_5;0.7865476488726943;0.08075018016586878;0.7881492799739316;0.08046990121871249;
58;11;Francisella cf. novicida Fx1;strain;984129;2;1907;32;32;4;8.0;15;4;7135;3567.5;2.6072857340731507E-4;31.995959036528774;1.0001262960571555;122733;264;0.7651681680605505;0.11043879383561084;0.7659432116567528;0.10934271667043129;6.582805886043833;1.629553583795719E-5;2.6072857340731507E-4;0.05813432410191228;3.259107167591438E-5;0.015537793421492183;2;1.629553583795719E-5;32;2.6072857340731507E-4;7135;0.05813432410191228;4;3.259107167591438E-5;1907;0.015537793421492183;263x219168-NZ-JACTQG010000060_8710_aligned_38284_F_0_1962_0;0.7651681680605505;0.11043879383561084;0.7659432116567528;0.10934271667043129;
59;11;Francisella tularensis subsp. novicida FSC159;strain;1088879;0;0;2;2;2;1.0;1;2;0;;3.971327018923373E-5;1.9999801433670683;1.0000099284150383;50361;264;;;;;0.0;0.0;3.971327018923373E-5;0.0;3.971327018923373E-5;0.0;0;0.0;2;3.971327018923373E-5;0;0.0;2;3.971327018923373E-5;0;0.0;263x27407-NZ-JACTRG010000004_20226_aligned_25789_F_1_2079_14;;;;;
60;11;Francisella tularensis subsp. novicida FSC595;strain;1088885;0;0;9;9;5;1.8;4;5;0;;6.737031214911295E-5;8.999730523441164;1.0000299427364112;133590;264;;;;;1.3038404810405297;0.0;6.737031214911295E-5;0.0;3.742795119395164E-5;0.0;0;0.0;9;6.737031214911295E-5;0;0.0;5;3.742795119395164E-5;0;0.0;119857x211766-NZ-JAACKR010000059_771_aligned_70_R_1_1490_1;;;;;
61;11;Francisella tularensis subsp. novicida PA10-7858;strain;1386968;1;2331;10;10;3;3.3333333333333335;4;3;10109;10109.0;5.4731242235005006E-5;9.999753713004617;1.0000246293061261;182711;264;0.7682309752951682;;0.7687270562555809;;1.154700538379251;5.4731242235005E-6;5.4731242235005006E-5;0.05532781277536656;1.6419372670501504E-5;0.012757852564979667;1;5.4731242235005E-6;10;5.4731242235005006E-5;10109;0.05532781277536656;3;1.6419372670501504E-5;2331;0.012757852564979667;263x11670-NZ-VJKD01000011_25465_aligned_48369_R_0_10081_1;0.7682309752951682;;0.7687270562555809;;
62;10;Francisella tularensis subsp. tularensis;subspecies;119856;1;329;10;10;1;10.0;10;1;2512;2512.0;5.651952749675012E-4;9.997457004559644;1.000254364228743;17693;263;0.8658340048348107;;0.8674456083803385;;;5.651952749675013E-5;5.651952749675012E-4;0.1419770530718363;5.651952749675013E-5;0.018594924546430792;3;0.0011584880218776816;45;0.019240923831507016;6062;2.1048596473095604;8;0.0038972429559920975;1173;0.48210374757611596;119857x201405-NZ-JACWLK010000018_25147_aligned_773_F_0_2452_1;0.7861622513410219;0.09719204401963677;0.7876979547694947;0.09829882224816529;
63;11;Francisella tularensis subsp. tularensis MA00-2987;strain;543737;0;0;2;2;1;2.0;2;1;0;;2.639567110993797E-4;1.9998680216440017;1.0000659935328582;7577;119856;;;;;;0.0;2.639567110993797E-4;0.0;1.3197835554968986E-4;0.0;0;0.0;2;2.639567110993797E-4;0;0.0;1;1.3197835554968986E-4;0;0.0;119857x226099-NZ-PJZX01000082_3034_aligned_7354_F_640_2011_60;;;;;
64;11;Francisella tularensis subsp. tularensis TI0902;strain;1001534;0;0;0;0;0;;0;0;0;;0.0;0.0;;330;119856;;;;;;0.0;0.0;0.0;0.0;0.0;0;0.0;2;0.0015174506828528073;0;0.0;2;0.0015174506828528073;0;0.0;;;;;;
65;12;Francisella tularensis subsp. tularensis TIGB03;no rank;1001542;0;0;2;2;2;1.0;1;2;0;;0.0015174506828528073;1.9992412746586181;1.000379506641344;1318;1001534;;;;;0.0;0.0;0.0015174506828528073;0.0;0.0015174506828528073;0.0;0;0.0;2;0.0015174506828528073;0;0.0;2;0.0015174506828528073;0;0.0;119857x124723-NZ-JAMKWA010000036_14241_aligned_434_F_165_6065_13;;;;;
66;11;Francisella tularensis subsp. tularensis 70001275;strain;1208319;1;479;21;21;1;21.0;21;1;1517;1517.0;0.01129032258064516;20.88748028330597;1.0053869454413782;1860;119856;0.6778749159381304;;0.6778749159381304;;;5.376344086021505E-4;0.01129032258064516;0.8155913978494623;5.376344086021505E-4;0.2575268817204301;1;5.376344086021505E-4;21;0.01129032258064516;1517;0.8155913978494623;1;5.376344086021505E-4;479;0.2575268817204301;263x27486-NZ-VJEN01000075_6064_aligned_540_R_201_1289_24;0.6778749159381304;;0.6778749159381304;;
67;11;Francisella tularensis subsp. tularensis 1378;strain;1292389;0;0;1;1;1;1.0;1;1;0;;4.847309743092584E-4;0.999999999999948;1.000000000000052;2063;119856;;;;;;0.0;4.847309743092584E-4;0.0;4.847309743092584E-4;0.0;0;0.0;1;4.847309743092584E-4;0;0.0;1;4.847309743092584E-4;0;0.0;263x206440-NZ-JACTQQ010000028_22766_aligned_25761_R_662_2155_4;;;;;
68;11;Francisella tularensis subsp. tularensis 79201237;strain;1292390;1;365;8;8;1;8.0;8;1;2033;2033.0;0.004514672686230248;7.984216467509585;1.0019768417545596;1772;119856;0.8147778332501248;;0.817773339990015;;;5.64334085778781E-4;0.004514672686230248;1.147291196388262;5.64334085778781E-4;0.20598194130925507;1;5.64334085778781E-4;8;0.004514672686230248;2033;1.147291196388262;1;5.64334085778781E-4;365;0.20598194130925507;119857x183121-NZ-MRLI01000156_1219_aligned_1205_F_3_2033_0;0.8147778332501248;;0.817773339990015;;
69;11;Francisella tularensis subsp. tularensis 80700069;strain;1292391;0;0;1;1;1;1.0;1;1;0;;6.045949214026602E-4;0.9999999999999578;1.0000000000000422;1654;119856;;;;;;0.0;6.045949214026602E-4;0.0;6.045949214026602E-4;0.0;0;0.0;1;6.045949214026602E-4;0;0.0;1;6.045949214026602E-4;0;0.0;263x209535-NZ-JPSV01000009_19716_aligned_753_F_10_7003_0;;;;;
70;10;Francisella tularensis subsp. holarctica;subspecies;119857;147;108713;2860;2858;479;5.970772442588727;32;242;506504;3445.605442176871;4.913242925996041E-4;2859.297275059992;0.9995462958429305;5816932;263;0.7809307550816419;0.05773125013281541;0.7817485841283173;0.05744944043456513;7.664730780506844;2.527105353818817E-5;4.916681164572665E-4;0.08707407960072423;4.1602686777153314E-5;0.018689061519027557;149;5.411173279748202E-4;2880;0.004530060782011947;513159;1.9358792679259513;247;0.0012800231740032499;110016;0.3164971886124209;119857x95445-NZ-JAMKWD010000081_28_aligned_7189_F_1_2078_0;0.7811612139484029;0.05762375481827449;0.7819680654239819;0.05734205465012652;
71;11;Francisella tularensis subsp. holarctica OSU18;strain;393011;1;562;6;6;1;6.0;6;1;3637;3637.0;0.002830188679245283;5.992928976710448;1.0011798943917125;2120;119857;0.8441918491821458;;0.8441918491821458;;;4.716981132075472E-4;0.002830188679245283;1.715566037735849;4.716981132075472E-4;0.2650943396226415;1;4.716981132075472E-4;6;0.002830188679245283;3637;1.715566037735849;1;4.716981132075472E-4;562;0.2650943396226415;263x131608-NZ-JAJJMT010000001_12975_aligned_7976_F_1_3574_3;0.8441918491821458;;0.8441918491821458;;
72;11;Francisella tularensis subsp. holarctica F92;strain;1232394;0;0;2;1;2;1.0;1;2;0;;3.3921302578018993E-4;1.9996607869745087;0.5000848176419973;2948;119857;;;;;0.0;0.0;6.784260515603799E-4;0.0;6.784260515603799E-4;0.0;0;0.0;2;6.784260515603799E-4;0;0.0;2;6.784260515603799E-4;0;0.0;119857x158118-NZ-JAFCSB010000064_7981_aligned_28018_R_316_1382_81;;;;;
73;11;Francisella tularensis subsp. holarctica PHIT-FT049;strain;1432652;1;741;12;12;2;6.0;9;2;3018;3018.0;5.297779347490177E-4;11.99708665011656;1.0002428381129858;22651;119857;0.7520080321285141;;0.7520080321285141;;4.242640687119285;4.414816122908481E-5;5.297779347490177E-4;0.13323915058937796;8.829632245816962E-5;0.03271378747075184;1;4.414816122908481E-5;12;5.297779347490177E-4;3018;0.13323915058937796;2;8.829632245816962E-5;741;0.03271378747075184;263x202431-NZ-VIZZ01000033_20844_aligned_23918_F_41_2969_79;0.7520080321285141;;0.7520080321285141;;
74;10;Francisella tularensis subsp. mediasiatica;subspecies;135248;0;0;4;4;3;1.3333333333333333;2;3;0;;6.676681689200467E-4;3.998998609187858;1.0002504103927021;5991;263;;;;;0.5773502691896258;0.0;6.676681689200467E-4;0.0;5.00751126690035E-4;0.0;0;0.0;4;6.676681689200467E-4;0;0.0;3;5.00751126690035E-4;0;0.0;263x17243-NZ-VJGY01000090_1426_aligned_60850_F_35_1908_548;;;;;
75;10;Francisella tularensis 99A-2628;strain;1367846;0;0;2;2;1;2.0;2;1;0;;7.961783439490446E-4;1.9996019108279288;1.0001990842126702;2512;263;;;;;;0.0;7.961783439490446E-4;0.0;3.980891719745223E-4;0.0;0;0.0;2;7.961783439490446E-4;0;0.0;1;3.980891719745223E-4;0;0.0;263x191314-NZ-JACTRJ010000047_14722_aligned_19000_F_3_3961_0;;;;;
76;9;Francisella persica;species;954;0;0;0;0;0;;0;0;0;;;0.0;;0;262;;;;;;;;;;;1;8.937421071400163E-7;74;6.613691592836121E-5;1580;0.0014121125292812257;10;8.937421071400164E-6;197;1.7606719510658323E-4;;0.86;;0.8729032258064516;;
77;10;Francisella persica ATCC VR-331;strain;1086726;1;197;74;74;10;7.4;30;10;1580;1580.0;6.613691592836121E-5;73.99758605100077;1.000032621996582;1118891;954;0.86;;0.8729032258064516;;9.901739465591106;8.937421071400163E-7;6.613691592836121E-5;0.0014121125292812257;8.937421071400164E-6;1.7606719510658323E-4;1;8.937421071400163E-7;74;6.613691592836121E-5;1580;0.0014121125292812257;10;8.937421071400164E-6;197;1.7606719510658323E-4;263x41348-NZ-VJGL01000049_9765_aligned_26501_F_1_1573_0;0.86;;0.8729032258064516;;
78;9;Francisella philomiragia;species;28110;6;4287;2141;2141;133;16.097744360902254;99;25;20717;3452.8333333333335;3.336718884784702E-4;2140.643011185795;1.0001667670939711;6416483;262;0.7873563646697228;0.06524220367096961;0.7874757021082641;0.06530660153235911;18.640484070664556;9.350917005468572E-7;3.336718884784702E-4;0.00322871579337154;3.896215418945239E-6;6.681230200407295E-4;6;9.350917005468572E-7;2141;3.336718884784702E-4;20717;0.00322871579337154;25;3.896215418945239E-6;4287;6.681230200407295E-4;28110x150654-NZ-JBGFDH010000110_2748_aligned_50028_R_41_2273_43;0.7873563646697228;0.06524220367096961;0.7874757021082641;0.06530660153235911;
79;9;Francisella orientalis;species;299583;6;1862;773;773;59;13.101694915254237;64;8;9702;1617.0;0.0010701835510157744;772.5870560629018;1.0005344950240334;722306;262;0.724017080525926;0.1881213119745527;0.724017080525926;0.1881213119745527;11.936173526597319;8.306728727159956E-6;0.0010701835510157744;0.013431980351817651;1.1075638302879942E-5;0.0025778548149953066;6;8.306728727159956E-6;773;0.0010701835510157744;9702;0.013431980351817651;8;1.1075638302879942E-5;1862;0.0025778548149953066;299583x224499-NZ-CP022938_1051879_aligned_238095_R_161_106_1;0.724017080525926;0.1881213119745527;0.724017080525926;0.1881213119745527;
80;9;Francisella halioticida;species;549298;0;0;2;2;2;1.0;1;2;0;;1.0477858451466821E-6;1.999999476237773;1.000000261881182;1908787;262;;;;;0.0;0.0;1.0477858451466821E-6;0.0;1.0477858451466821E-6;0.0;0;0.0;2;1.0477858451466821E-6;0;0.0;2;1.0477858451466821E-6;0;0.0;263x180478-NZ-VJET01000087_936_aligned_25936_F_1_1635_0;;;;;
81;9;Francisella uliginis;species;573570;4;193;201;201;9;22.333333333333332;81;9;1243;310.75;1.0763323093004214E-4;200.98923703860248;1.000053549939072;1867453;262;0.5191170388751034;0.38107906785156354;0.5191170388751034;0.38107906785156354;32.64965543462902;2.1419548443789482E-6;1.0763323093004214E-4;6.656124678907581E-4;4.819398399852633E-6;1.0334932124128425E-4;4;2.1419548443789482E-6;201;1.0763323093004214E-4;1243;6.656124678907581E-4;9;4.819398399852633E-6;193;1.0334932124128425E-4;573570x66666-NZ-CP016796_1495670_aligned_236262_R_0_122_1;0.5191170388751034;0.38107906785156354;0.5191170388751034;0.38107906785156354;
82;9;Francisella hispaniensis;species;622488;0;0;254;254;35;7.257142857142857;31;33;0;;1.2379675886438406E-4;253.98434034698118;1.0000616559784647;2051750;262;;;;;7.754857518101182;0.0;1.2379675886438406E-4;0.0;1.6083830876081395E-5;0.0;0;0.0;283;2.028979511102851E-4;0;0.0;40;3.517722210785062E-5;0;0.0;263x209535-NZ-JPSV01000009_19716_aligned_753_F_10_7003_0;;;;;
83;10;Francisella hispaniensis FSC454;strain;1088883;0;0;29;29;8;3.625;13;7;0;;7.910119224590106E-5;28.99889261009094;1.0000381873171487;366619;622488;;;;;3.9256482631170977;0.0;7.910119224590106E-5;0.0;1.9093391231769222E-5;0.0;0;0.0;29;7.910119224590106E-5;0;0.0;7;1.9093391231769222E-5;0;0.0;263x138044-NZ-VJGK01000051_6465_aligned_27014_F_614_1524_70;;;;;
84;9;Candidatus Francisella endociliophora;species;653937;0;0;5;5;2;2.5;3;2;0;;2.66476509029823E-6;4.999994670377621;1.000001065925612;1876338;262;;;;;0.7071067811865476;0.0;2.66476509029823E-6;0.0;1.065906036119292E-6;0.0;0;0.0;5;2.66476509029823E-6;0;0.0;2;1.065906036119292E-6;0;0.0;263x7125-NZ-JACTPX010000053_9614_aligned_123145_R_1_2621_4;;;;;
85;9;Francisella noatunensis;species;657445;12;6531;1860;1860;131;14.198473282442748;56;14;34585;2882.0833333333335;0.003371788643235757;1856.8694381563162;1.0016859353594576;551636;262;0.80293250274576;0.0907992913618952;0.8037434294732715;0.09069773708503508;12.079493014914062;2.1753475117650043E-5;0.003371788643235757;0.06269532807866057;2.537905430392505E-5;0.011839328832781036;12;2.1753475117650043E-5;1860;0.003371788643235757;34585;0.06269532807866057;14;2.537905430392505E-5;6531;0.011839328832781036;657445x52390-NZ-JACVKW010000150_2620_aligned_20218_F_15_2630_14;0.80293250274576;0.0907992913618952;0.8037434294732715;0.09069773708503508;
86;9;Francisella frigiditurris;species;1542390;0;0;4;4;1;4.0;4;1;0;;2.833846613801258E-6;3.9999957492875935;1.0000010626792308;1411509;262;;;;;;0.0;2.833846613801258E-6;0.0;7.084616534503145E-7;0.0;0;0.0;4;2.833846613801258E-6;0;0.0;1;7.084616534503145E-7;0;0.0;119857x94848-NZ-JAFCSF010000057_6990_aligned_71587_R_13_1543_0;;;;;
87;9;Francisella salimarina;species;2599927;44;7857;1603;1571;112;14.3125;106;48;49215;1118.5227272727273;0.0025011224005680463;1600.9575290739592;0.9812877427852271;628118;262;0.7927845175635184;0.12377474142162788;0.7936552213355417;0.12347345339140495;15.301198946134555;7.005053190642523E-5;0.0025520682419545374;0.07835311199487995;7.641876207973661E-5;0.012508796117926886;44;7.005053190642523E-5;1603;0.0025520682419545374;49215;0.07835311199487995;48;7.641876207973661E-5;7857;0.012508796117926886;2599927x232579-NZ-OZ220197_316599_aligned_29869_R_38_1335_10;0.7927845175635184;0.12377474142162788;0.7936552213355417;0.12347345339140495;
88;9;unclassified Francisella;no rank;2610885;1;662;777;777;35;22.2;165;6;2800;2800.0;3.419244228210129E-4;776.8673484565347;1.000170751858382;2272432;262;0.7610108303249098;;0.7610108303249098;;35.31938311365888;4.4005717222781586E-7;3.419244228210129E-4;0.0012321600822378844;2.640343033366895E-6;2.913178480148141E-4;4;4.3756956612031275E-6;2321;0.0019939194881144844;10731;0.01075201420760227;24;3.1271876537903125E-5;2375;0.002258569655791653;3087176x224851-NZ-JAWRHS010000028_25183_aligned_476_F_253_2513_2;0.780159404408977;0.01730289482939836;0.780159404408977;0.01730289482939836;
89;10;Francisella sp. TX07-6608;species;573568;0;0;21;21;6;3.5;9;6;0;;5.2793930206424265E-5;20.999472069125147;1.000025140197483;397773;2610885;;;;;3.5637059362410923;0.0;5.2793930206424265E-5;0.0;1.5083980058978362E-5;0.0;0;0.0;21;5.2793930206424265E-5;0;0.0;6;1.5083980058978362E-5;0;0.0;263x165139-NZ-JACTRO010000004_41350_aligned_22148_F_18_7411_106;;;;;
90;10;Francisella sp. LA112445;species;1395624;0;0;10;10;3;3.3333333333333335;5;3;0;;5.802126595439761E-6;9.999973891124935;1.0000026108943234;1723506;2610885;;;;;1.5275252316519463;0.0;5.802126595439761E-6;0.0;1.7406379786319281E-6;0.0;0;0.0;10;5.802126595439761E-6;0;0.0;3;1.7406379786319281E-6;0;0.0;263x88768-NZ-VJFU01000067_6332_aligned_56211_F_5_3638_11;;;;;
91;10;Francisella sp. XLW-1;species;2610887;1;463;352;352;20;17.6;48;3;2305;2305.0;0.0010562482183313078;351.814693311887;1.0005267167393395;333255;2610885;0.7964835164835165;;0.7964835164835165;;14.968036119115892;3.000705165713943E-6;0.0010562482183313078;0.006916625406970638;9.002115497141828E-6;0.0013893264917255554;1;3.000705165713943E-6;352;0.0010562482183313078;2305;0.006916625406970638;3;9.002115497141828E-6;463;0.0013893264917255554;2610887x112680-NZ-VXKP01000015_772_aligned_978_F_6_2262_0;0.7964835164835165;;0.7964835164835165;;
92;10;Francisella sp. SYW-9;species;2610888;1;984;893;893;34;26.264705882352942;253;3;4311;4311.0;4.094778767311101E-4;892.81739777837;1.0002045235924886;2180826;2610885;0.7701471618780659;;0.7701471618780659;;44.25019008589846;4.5854185524200465E-7;4.094778767311101E-4;0.001976773937948282;1.3756255657260139E-6;4.5120518555813254E-4;1;4.5854185524200465E-7;893;4.094778767311101E-4;4311;0.001976773937948282;3;1.3756255657260139E-6;984;4.5120518555813254E-4;2610888x24523-NZ-VXKQ01000025_7101_aligned_47034_R_20_4032_291;0.7701471618780659;;0.7701471618780659;;
93;10;Francisella sp. 19X1-34;species;3087177;1;266;268;268;10;26.8;102;3;1315;1315.0;1.2767291342918966E-4;267.9829564040607;1.0000635995518818;2099114;2610885;0.7929961089494163;;0.7929961089494163;;38.8438469315855;4.7639146801936436E-7;1.2767291342918966E-4;6.264547804454641E-4;1.429174404058093E-6;1.2672013049315093E-4;1;4.7639146801936436E-7;268;1.2767291342918966E-4;1315;6.264547804454641E-4;3;1.429174404058093E-6;266;1.2672013049315093E-4;3087177x175392-NZ-JBGCTX010000113_1867_aligned_65707_F_4_1087_232;0.7929961089494163;;0.7929961089494163;;
94;9;Francisella sciaenopsi;species;3055034;0;0;18;18;4;4.5;9;4;0;;2.2293092237669134E-5;17.999810510409734;1.0000105273102824;807425;262;;;;;3.696845502136472;0.0;2.2293092237669134E-5;0.0;4.9540204972598075E-6;0.0;0;0.0;18;2.2293092237669134E-5;0;0.0;4;4.9540204972598075E-6;0;0.0;263x227557-NZ-JPML01000032_20956_aligned_66186_F_288_3208_1;;;;;
95;5;Alphaproteobacteria;class;28211;4;32;1271;884;346;3.6734104046242773;24;284;1092;273.0;0.009431747860785695;1262.427621076745;0.7002381643440454;93726;1224;0.9468816815767088;0.03802375185544855;0.9468816815767088;0.03802375185544855;4.039692690178281;4.267759213025201E-5;0.013560804899387576;0.011650982651558799;0.0030301090412478927;3.4142073704201606E-4;123401;0.4513957001671683;6633073;12.434964912116023;53394476;274.3066878262549;156481;0.6180894831270918;8592959;59.56847041967535;2020671x138139-NZ-CP118226_918060_aligned_33960_F_5_358_2;0.7775389504959044;0.1918400241611652;0.7776042961813981;0.19181647785193742;
96;6;Hyphomicrobiales;order;356;0;0;112;66;23;4.869565217391305;23;16;0;;6.885974521894268E-4;111.93517144302676;0.5896270059638311;95847;28211;;;;;5.353880052873183;0.0;0.0011685290097759973;0.0;1.669327156822853E-4;0.0;726;0.00801657771580163;77106;0.2299134749528349;589571;8.339880770997693;1292;0.009813122797771563;112724;1.6863014180293951;3243499x221173-NZ-JBHIOX010000027_7150_aligned_36_R_358_5964_704;0.7773127356853405;0.15960981154580262;0.7775653634723408;0.15964103488818351;
97;7;Bartonellaceae;family;772;0;0;0;0;0;;0;0;0;;0.0;0.0;;190;356;;;;;;0.0;0.0;0.0;0.0;0.0;726;0.00801657771580163;76994;0.22874494594305886;589571;8.339880770997693;1276;0.009646190082089279;112724;1.6863014180293951;;0.7773127356853405;0.15960981154580262;0.7775653634723408;0.15964103488818351;
98;8;Bartonella;genus;773;49;3284;31912;31651;1577;20.23589093214965;267;214;22901;467.3673469387755;8.162209570552401E-4;31898.872931382564;0.9922294141264564;38777490;772;0.8415843165079903;0.13659962681041007;0.8415843165079903;0.13659962681041007;25.845699017905034;1.2636196927650551E-6;8.229516660309887E-4;5.905745833471945E-4;5.518665596973915E-6;8.468830757225391E-5;726;0.00801657771580163;76994;0.22874494594305886;589571;8.339880770997693;1276;0.009646190082089279;112724;1.6863014180293951;1457020x8343-NZ-CADDYC010000001_265660_aligned_177926_R_14_399_327;0.7773127356853405;0.15960981154580262;0.7775653634723408;0.15964103488818351;
99;9;Bartonella bacilliformis;species;774;16;2176;2465;2416;107;23.037383177570092;143;20;11175;698.4375;8.894009979992159E-4;2463.8823726914784;0.9805662911419051;2716435;773;0.6843378350107262;0.25857022327407514;0.6843378350107262;0.25857022327407514;28.3648484404536;5.890072834431893E-6;9.074393460546636E-4;0.0041138477452985255;7.362591043039867E-6;8.010499054827375E-4;17;6.700356058117761E-5;2474;0.001457460735775375;13911;0.17132035022039477;21;6.847607878978558E-5;2650;0.029768843097440205;774x194146-NZ-JBLKQR010000054_2315_aligned_1071_F_325_2224_9;0.6926022978267119;0.25266781199250654;0.6926022978267119;0.25266781199250654;
100;10;Bartonella bacilliformis Peru38;strain;1293905;1;474;9;9;1;9.0;9;1;2736;2736.0;5.500213897207114E-4;8.997800228139239;1.0002444788509397;16363;774;0.8248337028824834;;0.8248337028824834;;;6.111348774674571E-5;5.500213897207114E-4;0.16720650247509625;6.111348774674571E-5;0.028967793191957466;1;6.111348774674571E-5;9;5.500213897207114E-4;2736;0.16720650247509625;1;6.111348774674571E-5;474;0.028967793191957466;1293905x22505-NZ-KL503812_338697_aligned_24670_R_9_2646_4;0.8248337028824834;;0.8248337028824834;;
101;9;Bartonella quintana;species;803;27;621;542;542;39;13.897435897435898;57;34;5427;201.0;3.545482257543308E-4;541.9041059788368;1.0001769575467416;1528706;773;0.7509465262871087;0.2467211745408549;0.7515200306903651;0.246873465913162;14.621172232857663;1.7661996485916846E-5;3.545482257543308E-4;0.003550061293669286;2.224103261189529E-5;4.062259191760875E-4;27;1.7661996485916846E-5;542;3.545482257543308E-4;5427;0.003550061293669286;34;2.224103261189529E-5;621;4.062259191760875E-4;803x129412-NZ-CP091505_1245530_aligned_178221_F_5_115_14;0.7509465262871087;0.2467211745408549;0.7515200306903651;0.246873465913162;
102;9;Bartonella elizabethae;species;807;0;0;18;18;2;9.0;17;2;0;;2.9750787569459824E-5;17.999747120539006;1.0000140490563174;605026;773;;;;;11.313708498984761;0.0;2.9750787569459824E-5;0.0;3.305643063273314E-6;0.0;0;0.0;18;2.9750787569459824E-5;0;0.0;2;3.305643063273314E-6;0;0.0;2699889x397-NZ-CAHOYM010000059_4344_aligned_286_R_2_3658_198;;;;;
103;9;Bartonella grahamii;species;33045;1;709;18;18;2;9.0;11;2;2635;2635.0;3.085118417128577E-5;17.999737767359605;1.0000145686922657;583446;773;0.7243761996161229;;0.727831094049904;;2.8284271247461903;1.713954676182543E-6;3.085118417128577E-5;0.004516270571741001;3.427909352365086E-6;0.001215193865413423;1;1.713954676182543E-6;24;3.648356434943796E-5;2635;0.004516270571741001;3;4.366639382057117E-6;709;0.001215193865413423;1415777x168965-NZ-KI912377_127173_aligned_24970_R_3_2635_1;0.7243761996161229;;0.727831094049904;;
104;10;Bartonella grahamii subsp. shimonis;subspecies;3004106;0;0;6;6;1;6.0;6;1;0;;5.632380178152185E-6;5.999985919166669;1.0000023468110628;1065269;33045;;;;;;0.0;5.632380178152185E-6;0.0;9.387300296920309E-7;0.0;0;0.0;6;5.632380178152185E-6;0;0.0;1;9.387300296920309E-7;0;0.0;3243489x71043-NZ-JBHIPH010000085_72318_aligned_49979_R_7_6086_0;;;;;
105;9;Bartonella taylorii;species;33046;3;1145;537;537;40;13.425;56;5;6812;2270.6666666666665;2.679358610445707E-4;536.9281995243708;1.0001337245383886;2004211;773;0.8246764530861416;0.010527498258459127;0.8252595434651502;0.009912714438685202;12.17371590658986;1.4968483857238583E-6;2.679358610445707E-4;0.0033988437345169745;2.494747309539764E-6;5.71297133884606E-4;3;1.4968483857238583E-6;537;2.679358610445707E-4;6812;0.0033988437345169745;5;2.494747309539764E-6;1145;5.71297133884606E-4;33046x191124-NZ-MUYW01000025_1080_aligned_23790_R_0_3954_0;0.8246764530861416;0.010527498258459127;0.8252595434651502;0.009912714438685202;
106;9;Bartonella vinsonii;species;33047;1;596;470;470;21;22.38095238095238;69;2;2751;2751.0;3.583155509711495E-4;469.91598496354743;1.0001787873559123;1311693;773;0.7794928335170893;;0.780962881293642;;21.476676163867143;7.623735127045734E-7;3.583155509711495E-4;0.0020972895334502814;1.5247470254091468E-6;4.5437461357192575E-4;1;7.623735127045734E-7;470;3.583155509711495E-4;2751;0.0020972895334502814;2;1.5247470254091468E-6;596;4.5437461357192575E-4;110577x41073-NZ-CADEAJ010000014_13676_aligned_6653_F_1_2509_210;0.7794928335170893;;0.780962881293642;;
107;9;Bartonella henselae;species;38323;35;6787;2559;2521;161;15.894409937888199;107;38;43497;1242.7714285714285;0.0018294921979886472;2556.626277368809;0.9860651211777912;1377978;773;0.8288424627250528;0.12035931768234821;0.8296213662073508;0.12046846284325408;17.74598633651848;2.5399534680524653E-5;0.001857068835641788;0.03156581599996516;2.7576637653141052E-5;0.004925332625049166;35;2.5399534680524653E-5;2559;0.001857068835641788;43497;0.03156581599996516;38;2.7576637653141052E-5;6787;0.004925332625049166;38323x197968-NZ-CACVBL010000016_7780_aligned_7449_F_2_4147_0;0.8288424627250528;0.12035931768234821;0.8296213662073508;0.12046846284325408;
108;9;Bartonella alsatica;species;52764;0;0;2;2;1;2.0;2;1;0;;1.7771159008333785E-6;1.9999991114328501;1.0000004442837722;1125419;773;;;;;;0.0;1.7771159008333785E-6;0.0;8.885579504166893E-7;0.0;0;0.0;2;1.7771159008333785E-6;0;0.0;1;8.885579504166893E-7;0;0.0;3243480x4926-NZ-JBHIPQ010000050_77808_aligned_127232_R_20_1740_51;;;;;
109;9;Bartonella clarridgeiae;species;56426;2;546;326;326;22;14.818181818181818;50;2;3300;1650.0;2.824538131697989E-4;325.9541055467139;1.000140800353501;1154171;773;0.8611658109332527;0.09128532846583545;0.8611658109332527;0.09128532846583545;12.392917960852301;1.7328454795693187E-6;2.824538131697989E-4;0.0028591950412893757;1.7328454795693187E-6;4.73066815922424E-4;2;1.7328454795693187E-6;326;2.824538131697989E-4;3300;0.0028591950412893757;2;1.7328454795693187E-6;546;4.73066815922424E-4;1408425x221262-NZ-JADC01000019_19974_aligned_556_F_1_2392_0;0.8611658109332527;0.09128532846583545;0.8611658109332527;0.09128532846583545;
110;9;Bartonella tribocorum;species;85701;0;0;8;8;4;2.0;5;4;0;;2.294805650040991E-6;7.999991969403478;1.0000010038255729;3486134;773;;;;;2.0;0.0;2.294805650040991E-6;0.0;1.1474028250204954E-6;0.0;0;0.0;8;2.294805650040991E-6;0;0.0;4;1.1474028250204954E-6;0;0.0;1933912x59330-NZ-CP019786_238172_aligned_32164_R_0_705_1;;;;;
111;9;Bartonella koehlerae;species;92181;0;0;0;0;0;;0;0;0;;;0.0;;0;773;;;;;;;;;;;0;0.0;2;1.5915900382379506E-6;0;0.0;2;1.5915900382379506E-6;0;0.0;;;;;;
112;10;Bartonella koehlerae subsp. koehlerae;subspecies;1819240;0;0;0;0;0;;0;0;0;;;0.0;;0;92181;;;;;;;;;;;0;0.0;2;1.5915900382379506E-6;0;0.0;2;1.5915900382379506E-6;0;0.0;;;;;;
113;11;Bartonella koehlerae C-29;strain;1134510;0;0;2;2;2;1.0;1;2;0;;1.5915900382379506E-6;1.9999992041905512;1.0000003979048828;1256605;1819240;;;;;0.0;0.0;1.5915900382379506E-6;0.0;1.5915900382379506E-6;0.0;0;0.0;2;1.5915900382379506E-6;0;0.0;2;1.5915900382379506E-6;0;0.0;38323x180116-NZ-HG969191_65573_aligned_2721_F_1_2030_0;;;;;
114;9;environmental samples;no rank;104107;0;0;0;0;0;;0;0;0;;;0.0;;0;773;;;;;;;;;;;4;4.163708698612028E-7;823;8.566830647394246E-5;6911;7.193847704026931E-4;7;7.286490222571048E-7;1443;1.502057913024289E-4;;0.6980409050418641;0.2929133755511384;0.6994104269542147;0.2934560490823513;
115;10;uncultured Bartonella sp.;species;104108;4;1443;823;823;36;22.86111111111111;175;7;6911;1727.75;8.566830647394246E-5;822.9647911734861;1.0000427829074725;9606820;104107;0.6980409050418641;0.2929133755511384;0.6994104269542147;0.2934560490823513;31.47620668539313;4.163708698612028E-7;8.566830647394246E-5;7.193847704026931E-4;7.286490222571048E-7;1.502057913024289E-4;4;4.163708698612028E-7;823;8.566830647394246E-5;6911;7.193847704026931E-4;7;7.286490222571048E-7;1443;1.502057913024289E-4;104108x77853-NZ-CALYQK010000019_9775_aligned_36708_F_298_2184_16;0.6980409050418641;0.2929133755511384;0.6994104269542147;0.2934560490823513;
116;9;Bartonella birtlesii;species;111504;0;0;4;4;1;4.0;4;1;0;;3.2682542211545924E-6;3.9999950974506344;1.0000012256388435;1223895;773;;;;;;0.0;3.2682542211545924E-6;0.0;8.170635552886481E-7;0.0;0;0.0;4;3.2682542211545924E-6;0;0.0;1;8.170635552886481E-7;0;0.0;110577x41073-NZ-CADEAJ010000014_13676_aligned_6653_F_1_2509_210;;;;;
117;9;Bartonella capreoli;species;155192;1;318;25;25;2;12.5;20;1;1699;1699.0;2.7487328341634505E-4;24.99670179851512;1.0001319454667046;90951;773;0.8088675853804673;;0.8094667465548232;;10.606601717798213;1.0994931336653802E-5;2.7487328341634505E-4;0.01868038834097481;1.0994931336653802E-5;0.003496388165055909;1;1.0994931336653802E-5;25;2.7487328341634505E-4;1699;0.01868038834097481;1;1.0994931336653802E-5;318;0.003496388165055909;155192x195438-NZ-CADDZX010000015_6296_aligned_25717_F_0_1702_2;0.8088675853804673;;0.8094667465548232;;
118;9;Bartonella schoenbuchensis;species;165694;0;0;1;1;1;1.0;1;1;0;;1.1122258085325516E-6;1.0000000000281397;0.9999999999718603;899098;773;;;;;;0.0;1.1122258085325516E-6;0.0;1.1122258085325516E-6;0.0;0;0.0;1;1.1122258085325516E-6;0;0.0;1;1.1122258085325516E-6;0;0.0;155192x195438-NZ-CADDZX010000015_6296_aligned_25717_F_0_1702_2;;;;;
119;9;Bartonella phoceensis;species;270249;0;0;2;2;2;1.0;1;2;0;;1.4454104604355022E-6;1.9999992773648745;1.0000003613176933;1383690;773;;;;;0.0;0.0;1.4454104604355022E-6;0.0;1.4454104604355022E-6;0.0;0;0.0;2;1.4454104604355022E-6;0;0.0;2;1.4454104604355022E-6;0;0.0;3243529x178988-NZ-JBHINT010000025_57554_aligned_1293_F_5_3416_1;;;;;
120;9;Bartonella silvatica;species;357760;1;577;36;36;4;9.0;31;3;2406;2406.0;2.246425375621043E-5;35.99960687993857;1.0000109201209542;1602546;773;0.7546296296296297;;0.7571548821548821;;14.696938456699069;6.24007048783623E-7;2.246425375621043E-5;0.0015013609593733971;1.872021146350869E-6;3.600520671481505E-4;1;6.24007048783623E-7;36;2.246425375621043E-5;2406;0.0015013609593733971;3;1.872021146350869E-6;577;3.600520671481505E-4;357760x152676-NZ-JBEPLI010000043_2419_aligned_24723_F_2_2229_198;0.7546296296296297;;0.7571548821548821;;
121;9;Bartonella japonica;species;357761;0;0;1;1;1;1.0;1;1;0;;6.85179297718627E-7;1.0000000000364295;0.9999999999635705;1459472;773;;;;;;0.0;6.85179297718627E-7;0.0;6.85179297718627E-7;0.0;0;0.0;1;6.85179297718627E-7;0;0.0;1;6.85179297718627E-7;0;0.0;3243437x55149-NZ-JBHIRI010000058_1796_aligned_8866_F_53_1258_284;;;;;
122;9;Bartonella tamiae;species;373638;0;0;1;1;1;1.0;1;1;0;;4.624818533682785E-7;1.000000000002403;0.999999999997597;2162247;773;;;;;;0.0;4.624818533682785E-7;0.0;4.624818533682785E-7;0.0;0;0.0;1;4.624818533682785E-7;0;0.0;1;4.624818533682785E-7;0;0.0;1359166x126875-NZ-LAOH01000010_1338_aligned_124209_R_0_220_1;;;;;
123;9;Bartonella australis;species;388640;0;0;0;0;0;;0;0;0;;;0.0;;0;773;;;;;;;;;;;0;0.0;2;1.3203446627707696E-6;0;0.0;1;6.601723313853848E-7;0;0.0;;;;;;
124;10;Bartonella australis AUST/NH1;strain;1094489;0;0;2;2;1;2.0;2;1;0;;1.3203446627707696E-6;1.9999993396721223;1.0000003301640479;1514756;388640;;;;;;0.0;1.3203446627707696E-6;0.0;6.601723313853848E-7;0.0;0;0.0;2;1.3203446627707696E-6;0;0.0;1;6.601723313853848E-7;0;0.0;1933912x59330-NZ-CP019786_1573620_aligned_49516_F_1_442_0;;;;;
125;9;Bartonella rattaustraliani;species;481139;0;0;0;0;0;;0;0;0;;;0.0;;0;773;;;;;;;;;;;11;6.232135724584926E-6;1192;6.753368894277483E-4;5961;0.0033772510049318856;15;8.498366897161262E-6;1226;6.945998543946471E-4;;0.7178818637015195;0.27268101429999997;0.7178818637015195;0.27268101429999997;
126;10;Bartonella rattaustraliani AUST/NH4;strain;1205681;11;1226;1192;1192;47;25.361702127659573;116;15;5961;541.9090909090909;6.753368894277483E-4;1191.5979272061968;1.0003374232067908;1765045;481139;0.7178818637015195;0.27268101429999997;0.7178818637015195;0.27268101429999997;27.10480908068986;6.232135724584926E-6;6.753368894277483E-4;0.0033772510049318856;8.498366897161262E-6;6.945998543946471E-4;11;6.232135724584926E-6;1192;6.753368894277483E-4;5961;0.0033772510049318856;15;8.498366897161262E-6;1226;6.945998543946471E-4;1205681x204299-NZ-CALW02000016_1277_aligned_63590_F_1_4021_6;0.7178818637015195;0.27268101429999997;0.7178818637015195;0.27268101429999997;
127;9;Bartonella callosciuri;species;686223;0;0;3;3;1;3.0;3;1;0;;2.141734262179686E-6;2.999997858409829;1.0000007138639;1400734;773;;;;;;0.0;2.141734262179686E-6;0.0;7.13911420726562E-7;0.0;0;0.0;3;2.141734262179686E-6;0;0.0;1;7.13911420726562E-7;0;0.0;3243489x71043-NZ-JBHIPH010000085_72318_aligned_49979_R_7_6086_0;;;;;
128;9;Bartonella jaculi;species;686226;0;0;4;4;2;2.0;3;2;0;;2.782299013675E-6;3.9999958268655678;1.0000010432846964;1437660;773;;;;;1.4142135623730951;0.0;2.782299013675E-6;0.0;1.3911495068375E-6;0.0;0;0.0;4;2.782299013675E-6;0;0.0;2;1.3911495068375E-6;0;0.0;38323x128719-NZ-LNZZ01000053_5187_aligned_37963_F_54_569_51;;;;;
129;9;Bartonella florencae;species;928210;0;0;11;11;3;3.6666666666666665;8;2;0;;7.968040912268249E-6;10.99996015972298;1.0000036218564834;1380515;773;;;;;3.7859388972001824;0.0;7.968040912268249E-6;0.0;1.4487347113214996E-6;0.0;0;0.0;11;7.968040912268249E-6;0;0.0;2;1.4487347113214996E-6;0;0.0;38323x128719-NZ-LNZZ01000053_11636_aligned_28331_F_79_490_50;;;;;
130;9;Bartonella massiliensis;species;929795;0;0;1;1;1;1.0;1;1;0;;6.445350517497193E-7;1.0000000000388396;0.9999999999611604;1551506;773;;;;;;0.0;6.445350517497193E-7;0.0;6.445350517497193E-7;0.0;0;0.0;1;6.445350517497193E-7;0;0.0;1;6.445350517497193E-7;0;0.0;38323x128719-NZ-LNZZ01000053_13876_aligned_49258_R_10_497_280;;;;;
131;9;Bartonella saheliensis;species;1457016;2;2422;229;228;21;10.904761904761905;31;2;9856;4928.0;5.820172001398884E-4;228.93337190552808;0.9959229539242831;391741;773;0.7586350078471789;0.05499687456178358;0.758999173906902;0.05551188314240181;9.580734637306065;5.10541403631481E-6;5.845699071580458E-4;0.025159480370959383;5.10541403631481E-6;0.006182656397977235;2;5.10541403631481E-6;229;5.845699071580458E-4;9856;0.025159480370959383;2;5.10541403631481E-6;2422;0.006182656397977235;1457016x98329-NZ-LR607208_41224_aligned_28804_F_52_5660_40;0.7586350078471789;0.05499687456178358;0.758999173906902;0.05551188314240181;
132;9;Bartonella raoultii;species;1457020;8;349;136;136;16;8.5;26;14;2245;280.625;4.2421665742851715E-5;135.99713658903343;1.0000210549357023;3205909;773;0.7832231248375316;0.13331334754844576;0.7832231248375316;0.13331334754844576;8.221921916437786;2.495392102520689E-6;4.2421665742851715E-5;7.002694087698684E-4;4.366936179411206E-6;1.0886148047246506E-4;8;2.495392102520689E-6;136;4.2421665742851715E-5;2245;7.002694087698684E-4;14;4.366936179411206E-6;349;1.0886148047246506E-4;1457020x8343-NZ-CADDYC010000001_310_aligned_176065_F_52_152_240;0.7832231248375316;0.13331334754844576;0.7832231248375316;0.13331334754844576;
133;9;Bartonella senegalensis;species;1468418;0;0;0;0;0;;0;0;0;;;0.0;;0;773;;;;;;;;;;;1;6.694134933677859E-7;9;6.0247214403100725E-6;162;1.084449859255813E-4;3;2.0082404801033575E-6;29;1.941299130766579E-5;;0.7803030303030303;;0.7803030303030303;;
134;10;Bartonella senegalensis OS02;strain;929794;1;29;9;9;3;3.0;4;3;162;162.0;6.0247214403100725E-6;8.999975901782616;1.0000026775868789;1493845;1468418;0.7803030303030303;;0.7803030303030303;;1.7320508075688772;6.694134933677859E-7;6.0247214403100725E-6;1.084449859255813E-4;2.0082404801033575E-6;1.941299130766579E-5;1;6.694134933677859E-7;9;6.0247214403100725E-6;162;1.084449859255813E-4;3;2.0082404801033575E-6;29;1.941299130766579E-5;38323x110391-NZ-LOAG01000016_19424_aligned_21485_F_51_6058_8;0.7803030303030303;;0.7803030303030303;;
135;9;Bartonella apis;species;1686310;3;2204;717;717;32;22.40625;132;3;9053;3017.6666666666665;1.3526558747240685E-4;716.951576951176;1.0000675401943182;5300683;773;0.7496681463695923;0.038929377743485157;0.7515181845773423;0.04178259693904484;30.63295650428715;5.659648011397777E-7;1.3526558747240685E-4;0.0017078931149061356;5.659648011397777E-7;4.1579547390402334E-4;3;5.659648011397777E-7;717;1.3526558747240685E-4;9053;0.0017078931149061356;3;5.659648011397777E-7;2204;4.1579547390402334E-4;1686310x103461-NZ-CAXUOR020000002_207550_aligned_655_F_18_2683_592;0.7496681463695923;0.038929377743485157;0.7515181845773423;0.04178259693904484;
136;9;Bartonella kosoyi;species;2133959;0;0;3;3;1;3.0;3;1;0;;5.167299947982514E-6;2.999994832671094;1.0000017224459354;580574;773;;;;;;0.0;5.167299947982514E-6;0.0;1.7224333159941713E-6;0.0;0;0.0;3;5.167299947982514E-6;0;0.0;1;1.7224333159941713E-6;0;0.0;3243437x55149-NZ-JBHIRI010000058_1796_aligned_8866_F_53_1258_284;;;;;
137;9;unclassified Bartonella;no rank;2645622;295;42817;26288;14767;1579;16.648511716276126;203;548;226018;766.1627118644068;6.559365567608327E-4;26272.658471320137;0.5620672158517955;22512848;773;0.7732873383447929;0.15651710120991152;0.77351261598322;0.15652915577802584;18.12010912994731;1.3103628647961378E-5;0.0011676887793139277;0.01003951166018622;2.4341655929094354E-5;0.001901891755321228;556;0.007868688482329377;34476;0.22103957974630012;443725;8.06220882923713;875;0.009449741454377094;86575;1.6358456993704773;3243548x14820-NZ-JBHINA010000079_1431_aligned_6582_F_4_2591_0;0.7731647879987731;0.15164653640638756;0.7733710019269739;0.1516677701576476;
138;10;Bartonella sp. 1-1C;species;515256;0;0;1;1;1;1.0;1;1;0;;1.2782525775963228E-6;0.9999999999742606;1.0000000000257394;782318;2645622;;;;;;0.0;1.2782525775963228E-6;0.0;1.2782525775963228E-6;0.0;0;0.0;1;1.2782525775963228E-6;0;0.0;1;1.2782525775963228E-6;0;0.0;1933912x59330-NZ-CP019786_384967_aligned_135961_R_1_752_6;;;;;
139;10;Bartonella sp. DB5-6;species;1094755;0;0;8;8;1;8.0;8;1;0;;1.3758351749460415E-5;7.9999518459116;1.0000060192972817;581465;2645622;;;;;;0.0;1.3758351749460415E-5;0.0;1.7197939686825518E-6;0.0;0;0.0;8;1.3758351749460415E-5;0;0.0;1;1.7197939686825518E-6;0;0.0;3243503x28487-NZ-JBHIOT010000023_1201_aligned_79182_F_10_1035_2;;;;;
140;10;Bartonella sp. WD16.2;species;1933904;0;0;1;1;1;1.0;1;1;0;;9.637179467410914E-7;1.0000000000383764;0.9999999999616236;1037648;2645622;;;;;;0.0;9.637179467410914E-7;0.0;9.637179467410914E-7;0.0;0;0.0;1;9.637179467410914E-7;0;0.0;1;9.637179467410914E-7;0;0.0;1933912x59330-NZ-CP019786_827826_aligned_15058_R_3_293_228;;;;;
141;10;Bartonella sp. Raccoon60;species;1933912;4;627;54;54;5;10.8;24;4;4191;1047.75;0.0024104990625836977;53.936171171830395;1.001183414150149;22402;2645622;0.8247635506157852;0.10202862603923413;0.8269852471279273;0.10442851155570397;8.927485648266257;1.7855548611731096E-4;0.0024104990625836977;0.18708151057941255;1.7855548611731096E-4;0.027988572448888492;4;1.7855548611731096E-4;54;0.0024104990625836977;4191;0.18708151057941255;4;1.7855548611731096E-4;627;0.027988572448888492;1933912x59330-NZ-CP019786_659335_aligned_30747_F_2_667_8;0.8247635506157852;0.10202862603923413;0.8269852471279273;0.10442851155570397;
142;10;Bartonella sp. M0283;species;2751016;0;0;22;22;1;22.0;22;1;0;;7.449067004357705E-5;21.99921786543605;1.0000355528350477;295339;2645622;;;;;;0.0;7.449067004357705E-5;0.0;3.38593954743532E-6;0.0;0;0.0;22;7.449067004357705E-5;0;0.0;1;3.38593954743532E-6;0;0.0;104108x168458-NZ-CAMLGB010000010_60852_aligned_7611_F_58_3774_158;;;;;
143;10;Bartonella sp. 220B;species;2967260;0;0;2;2;1;2.0;2;1;0;;1.6735673426763019E-6;1.9999991632415814;1.0000004183793842;1195052;2645622;;;;;;0.0;1.6735673426763019E-6;0.0;8.367836713381509E-7;0.0;0;0.0;2;1.6735673426763019E-6;0;0.0;1;8.367836713381509E-7;0;0.0;38323x110391-NZ-LOAG01000016_19424_aligned_21485_F_51_6058_8;;;;;
144;10;Bartonella sp. A05;species;2967261;0;0;5;5;2;2.5;3;2;0;;3.434240476507735E-6;4.999993131484933;1.0000013737049005;1455926;2645622;;;;;0.7071067811865476;0.0;3.434240476507735E-6;0.0;1.3736961906030938E-6;0.0;0;0.0;5;3.434240476507735E-6;0;0.0;2;1.3736961906030938E-6;0;0.0;1933912x59330-NZ-CP019786_348987_aligned_313_R_0_689_10;;;;;
145;10;Bartonella sp. AU18XJBT;species;3019089;1;112;79;79;6;13.166666666666666;30;3;1516;1516.0;1.3300782894183012E-4;78.99481292034152;1.0000656635476017;593950;2645622;0.9246298788694481;;0.9246298788694481;;12.106472098289686;1.6836434043269636E-6;1.3300782894183012E-4;0.002552403400959677;5.0509302129808905E-6;1.8856806128461992E-4;1;1.6836434043269636E-6;79;1.3300782894183012E-4;1516;0.002552403400959677;3;5.0509302129808905E-6;112;1.8856806128461992E-4;3019089x202960-NZ-JAQITE010000076_470_aligned_637_R_87_1141_207;0.9246298788694481;;0.9246298788694481;;
146;10;Bartonella sp. AU55XJBT;species;3019091;0;0;1;1;1;1.0;1;1;0;;1.3115700148863197E-6;1.0000000000317693;0.9999999999682307;762445;2645622;;;;;;0.0;1.3115700148863197E-6;0.0;1.3115700148863197E-6;0.0;0;0.0;1;1.3115700148863197E-6;0;0.0;1;1.3115700148863197E-6;0;0.0;3243431x1716-NZ-JBHIRO010000010_1975_aligned_31105_F_176_2819_123;;;;;
147;10;Bartonella sp. MM73XJBT;species;3019095;2;1438;426;410;21;20.285714285714285;70;2;5970;2985.0;9.797900381640168E-4;425.78374258370116;0.9629301426871686;418457;2645622;0.7469341291321487;0.023078771558000533;0.7500554264627134;0.018984983282729396;15.723049504287827;4.779463600800083E-6;0.0010180257469704175;0.014266698848388245;4.779463600800083E-6;0.0034364343289752593;2;4.779463600800083E-6;426;0.0010180257469704175;5970;0.014266698848388245;2;4.779463600800083E-6;1438;0.0034364343289752593;3019095x101938-NZ-JAQISY010000055_2038_aligned_208_R_6_4286_14;0.7469341291321487;0.023078771558000533;0.7500554264627134;0.018984983282729396;
148;10;Bartonella sp. B23;species;3239292;0;0;2;2;1;2.0;2;1;0;;1.5578483621561245E-6;1.9999992209705943;1.0000003895148546;1283822;2645622;;;;;;0.0;1.5578483621561245E-6;0.0;7.789241810780623E-7;0.0;0;0.0;2;1.5578483621561245E-6;0;0.0;1;7.789241810780623E-7;0;0.0;3243498x232371-NZ-JBHIOY010000003_109903_aligned_34728_R_95_1959_95;;;;;
149;10;Bartonella sp. B35(2025);species;3239294;0;0;8;8;1;8.0;8;1;0;;6.034261025537747E-6;7.999978880676058;1.000002639922462;1325763;2645622;;;;;;0.0;6.034261025537747E-6;0.0;7.542826281922184E-7;0.0;0;0.0;8;6.034261025537747E-6;0;0.0;1;7.542826281922184E-7;0;0.0;1933912x59330-NZ-CP019786_1227646_aligned_98358_R_297_400_412;;;;;
150;10;Bartonella sp. AA126HLJHH;species;3243426;0;0;7;7;1;7.0;7;1;0;;2.021952628538417E-4;6.999393443400468;1.0000866584518269;34620;2645622;;;;;;0.0;2.021952628538417E-4;0.0;2.8885037550548817E-5;0.0;0;0.0;7;2.021952628538417E-4;0;0.0;1;2.8885037550548817E-5;0;0.0;3243557x93238-NZ-JBHIMO010000044_3589_aligned_35543_F_4_1651_1;;;;;
151;10;Bartonella sp. AA78NXGY;species;3243437;1;262;6;6;2;3.0;4;2;1591;1591.0;3.17225335730147E-4;5.999206992569995;1.000132185375665;18914;2645622;0.8251121076233184;;0.8321588725176169;;1.4142135623730951;5.287088928835783E-5;3.17225335730147E-4;0.0841175848577773;1.0574177857671566E-4;0.013852172993549752;1;5.287088928835783E-5;6;3.17225335730147E-4;1591;0.0841175848577773;2;1.0574177857671566E-4;262;0.013852172993549752;3243437x55149-NZ-JBHIRI010000058_1796_aligned_8866_F_53_1258_284;0.8251121076233184;;0.8321588725176169;;
152;10;Bartonella sp. AA89HNZF;species;3243442;0;0;1;1;1;1.0;1;1;0;;1.2504532893173776E-5;0.9999999999975224;1.0000000000024776;79971;2645622;;;;;;0.0;1.2504532893173776E-5;0.0;1.2504532893173776E-5;0.0;0;0.0;1;1.2504532893173776E-5;0;0.0;1;1.2504532893173776E-5;0;0.0;3243444x32961-NZ-JBHIRA010000003_150964_aligned_34739_F_1_248_5;;;;;
153;10;Bartonella sp. AC10YNML;species;3243444;1;60;17;17;2;8.5;14;2;883;883.0;0.0010202244493788632;16.991840652958366;1.0004801920644315;16663;2645622;0.9296600234466589;;0.9296600234466589;;7.7781745930520225;6.001320290463902E-5;0.0010202244493788632;0.05299165816479626;1.2002640580927805E-4;0.003600792174278341;1;6.001320290463902E-5;17;0.0010202244493788632;883;0.05299165816479626;2;1.2002640580927805E-4;60;0.003600792174278341;3243444x32961-NZ-JBHIRA010000003_8123_aligned_104206_F_230_250_406;0.9296600234466589;;0.9296600234466589;;
154;10;Bartonella sp. AC130YNZD;species;3243445;0;0;1;1;1;1.0;1;1;0;;7.06863646002686E-5;1.0000000000001736;0.9999999999998264;14147;2645622;;;;;;0.0;7.06863646002686E-5;0.0;7.06863646002686E-5;0.0;0;0.0;1;7.06863646002686E-5;0;0.0;1;7.06863646002686E-5;0;0.0;3243575x184872-NZ-JBHILW010000041_1717_aligned_68_R_114_3260_111;;;;;
155;10;Bartonella sp. AC535YNZD;species;3243455;1;752;29;29;1;29.0;29;1;2281;2281.0;0.001542225058498192;28.978419179620712;1.0007447204157522;18804;2645622;0.6659262549977788;;0.6659262549977788;;;5.318017443097213E-5;0.001542225058498192;0.12130397787704744;5.318017443097213E-5;0.03999149117209105;1;5.318017443097213E-5;29;0.001542225058498192;2281;0.12130397787704744;1;5.318017443097213E-5;752;0.03999149117209105;3243455x225653-NZ-JBHIQP010000008_76774_aligned_21035_F_5_2278_20;0.6659262549977788;;0.6659262549977788;;
156;10;Bartonella sp. AD13SXNS;species;3243462;1;1226;108;108;11;9.818181818181818;25;1;5690;5690.0;6.365785084022469E-4;107.96595014150105;1.000315375898182;169657;2645622;0.7830388692579505;;0.7833922261484099;;6.779648690281553;5.8942454481689525E-6;6.365785084022469E-4;0.03353825660008134;5.8942454481689525E-6;0.007226344919455136;1;5.8942454481689525E-6;108;6.365785084022469E-4;5690;0.03353825660008134;1;5.8942454481689525E-6;1226;0.007226344919455136;3243462x138981-NZ-JBHIQI010000028_1489_aligned_63365_R_0_5520_0;0.7830388692579505;;0.7833922261484099;;
157;10;Bartonella sp. AD24XZML;species;3243463;1;1014;42;42;3;14.0;21;1;3895;3895.0;6.811105345096004E-4;41.98604025266287;1.0003324854464275;61664;2645622;0.7355756791720569;;0.7376455368693402;;9.643650760992955;1.621691748832382E-5;6.811105345096004E-4;0.06316489361702128;1.621691748832382E-5;0.016443954333160354;1;1.621691748832382E-5;42;6.811105345096004E-4;3895;0.06316489361702128;1;1.621691748832382E-5;1014;0.016443954333160354;3243463x11071-NZ-JBHIQH010000113_31487_aligned_65513_R_69_3653_195;0.7355756791720569;;0.7376455368693402;;
158;10;Bartonella sp. AP172QHHD;species;3243471;1;617;11;11;1;11.0;11;1;2831;2831.0;0.002812579902838149;10.985947882160463;1.0012790992630098;3911;2645622;0.7768654052124241;;0.7797215280257052;;;2.5568908207619537E-4;0.002812579902838149;0.723855791357709;2.5568908207619537E-4;0.15776016364101253;1;2.5568908207619537E-4;11;0.002812579902838149;2831;0.723855791357709;1;2.5568908207619537E-4;617;0.15776016364101253;3243503x41044-NZ-JBHIOT010000034_3056_aligned_23279_F_1_2750_2;0.7768654052124241;;0.7797215280257052;;
159;10;Bartonella sp. AP282QHHD;species;3243482;2;1043;32;28;3;10.666666666666666;23;2;4749;2374.5;0.013506994693680656;31.76188341640429;0.8815598128396452;2073;2645622;0.7807238351972605;0.14769364144436703;0.7811655313103347;0.1483182940779242;10.692676621563628;9.64785335262904E-4;0.015436565364206465;2.2908827785817656;9.64785335262904E-4;0.5031355523396044;2;9.64785335262904E-4;32;0.015436565364206465;4749;2.2908827785817656;2;9.64785335262904E-4;1043;0.5031355523396044;3243482x153186-NZ-JBHIPO010000059_3370_aligned_20789_F_1_2473_3;0.7807238351972605;0.14769364144436703;0.7811655313103347;0.1483182940779242;
160;10;Bartonella sp. AP331QHHD;species;3243490;0;0;8;8;1;8.0;8;1;0;;2.550776392564487E-4;7.9991072851795035;1.0001116018061353;31363;2645622;;;;;;0.0;2.550776392564487E-4;0.0;3.188470490705609E-5;0.0;0;0.0;8;2.550776392564487E-4;0;0.0;1;3.188470490705609E-5;0;0.0;3243503x28487-NZ-JBHIOT010000023_1201_aligned_79182_F_10_1035_2;;;;;
161;10;Bartonella sp. AP4SXKL;species;3243496;0;0;2;2;1;2.0;2;1;0;;9.689453030376436E-5;1.9999515527339367;1.0000242242198303;20641;2645622;;;;;;0.0;9.689453030376436E-5;0.0;4.844726515188218E-5;0.0;0;0.0;2;9.689453030376436E-5;0;0.0;1;4.844726515188218E-5;0;0.0;3243496x147299-NZ-JBHIPA010000024_9927_aligned_32943_R_0_2504_0;;;;;
162;10;Bartonella sp. AP58NXGY;species;3243498;1;301;36;36;6;6.0;17;2;2183;2183.0;1.8415923635303326E-4;35.99677740008858;1.0000895246781567;195483;2645622;0.8592661402693915;;0.8601950766372504;;6.0332412515993425;5.115534343139812E-6;1.8415923635303326E-4;0.01116721147107421;1.0231068686279625E-5;0.0015397758372850837;1;5.115534343139812E-6;36;1.8415923635303326E-4;2183;0.01116721147107421;2;1.0231068686279625E-5;301;0.0015397758372850837;3243498x232371-NZ-JBHIOY010000003_109903_aligned_34728_R_95_1959_95;0.8592661402693915;;0.8601950766372504;;
163;10;Bartonella sp. AP72JLCBS;species;3243502;0;0;6;1;6;1.0;1;6;0;;2.3040412884198886E-5;5.9996544044106255;0.16667626709712702;43402;2645622;;;;;0.0;0.0;1.3824247730519332E-4;0.0;1.3824247730519332E-4;0.0;0;0.0;6;1.3824247730519332E-4;0;0.0;6;1.3824247730519332E-4;0;0.0;3243581x174678-NZ-JBHILQ010000091_408_aligned_9778_F_0_1048_0;;;;;
164;10;Bartonella sp. AP7XZML;species;3243503;0;0;15;15;2;7.5;8;2;0;;3.6655099946239186E-4;14.997434414655377;1.0001710682823268;40922;2645622;;;;;0.7071067811865476;0.0;3.6655099946239186E-4;0.0;4.887346659498558E-5;0.0;0;0.0;15;3.6655099946239186E-4;0;0.0;2;4.887346659498558E-5;0;0.0;3243503x41044-NZ-JBHIOT010000034_3056_aligned_23279_F_1_2750_2;;;;;
165;10;Bartonella sp. CL162QHHD;species;3243516;0;0;1;1;1;1.0;1;1;0;;4.525910839556461E-5;1.0000000000005609;0.9999999999994391;22095;2645622;;;;;;0.0;4.525910839556461E-5;0.0;4.525910839556461E-5;0.0;0;0.0;1;4.525910839556461E-5;0;0.0;1;4.525910839556461E-5;0;0.0;3243517x76289-NZ-JBHIOF010000048_744_aligned_28102_F_0_3012_1;;;;;
166;10;Bartonella sp. CL266QHHD;species;3243519;0;0;3;3;1;3.0;3;1;0;;8.918219923303308E-5;2.99991081868731;1.000029727987957;33639;2645622;;;;;;0.0;8.918219923303308E-5;0.0;2.972739974434436E-5;0.0;0;0.0;3;8.918219923303308E-5;0;0.0;1;2.972739974434436E-5;0;0.0;3243437x55149-NZ-JBHIRI010000058_1796_aligned_8866_F_53_1258_284;;;;;
167;10;Bartonella sp. CL26QHWL;species;3243520;0;0;2;2;1;2.0;2;1;0;;1.8340210912425492E-4;1.9999082989453032;1.0000458526297156;10905;2645622;;;;;;0.0;1.8340210912425492E-4;0.0;9.170105456212746E-5;0.0;0;0.0;2;1.8340210912425492E-4;0;0.0;1;9.170105456212746E-5;0;0.0;3243581x174678-NZ-JBHILQ010000091_800_aligned_125510_F_1_236_1;;;;;
168;10;Bartonella sp. CL27QHWL;species;3243521;1;73;36;36;3;12.0;17;1;455;455.0;0.0013426823810234224;35.976512987310564;1.0006528429449992;26812;2645622;0.8282352941176471;;0.8282352941176471;;7.810249675906654;3.7296732806206175E-5;0.0013426823810234224;0.01697001342682381;3.7296732806206175E-5;0.002722661494853051;1;3.7296732806206175E-5;36;0.0013426823810234224;455;0.01697001342682381;1;3.7296732806206175E-5;73;0.002722661494853051;3243521x204762-NZ-JBHIOB010000207_899_aligned_173896_F_98_164_193;0.8282352941176471;;0.8282352941176471;;
169;10;Bartonella sp. CL29QHWL;species;3243522;143;17466;3214;49;169;19.01775147928994;49;158;83089;581.0419580419581;0.0011494792155390824;3095.8613831055504;0.015827582031740273;42628;2645622;0.7599297977734968;0.15740841788643134;0.7599297977734968;0.15740841788643134;15.120733704791018;0.0033546026086140567;0.07539645303556348;1.9491648681617717;0.0037064840011260206;0.4097306934409308;143;0.0033546026086140567;3214;0.07539645303556348;83089;1.9491648681617717;158;0.0037064840011260206;17466;0.4097306934409308;3243522x30644-NZ-JBHIOA010000283_856_aligned_51059_F_35_846_22;0.7599297977734968;0.15740841788643134;0.7599297977734968;0.15740841788643134;
170;10;Bartonella sp. CL2QHWL;species;3243523;0;0;3;3;1;3.0;3;1;0;;2.4342745861733204E-4;2.9997565791269976;1.000081146875282;12324;2645622;;;;;;0.0;2.4342745861733204E-4;0.0;8.114248620577734E-5;0.0;0;0.0;3;2.4342745861733204E-4;0;0.0;1;8.114248620577734E-5;0;0.0;948x79739-NZ-FLME02000092_3961_aligned_37891_F_24_203_59;;;;;
171;10;Bartonella sp. CL436QHHD;species;3243531;1;210;9;9;1;9.0;9;1;1773;1773.0;3.748750416527824E-4;8.998500645560295;1.0001666226962427;24008;2645622;0.8783706253585771;;0.8795180722891566;;;4.165278240586471E-5;3.748750416527824E-4;0.07385038320559813;4.165278240586471E-5;0.008747084305231589;1;4.165278240586471E-5;9;3.748750416527824E-4;1773;0.07385038320559813;1;4.165278240586471E-5;210;0.008747084305231589;3243531x136526-NZ-JBHINR010000069_4393_aligned_27775_F_6_1579_183;0.8783706253585771;;0.8795180722891566;;
172;10;Bartonella sp. CL43QHWL;species;3243532;0;0;1;1;1;1.0;1;1;0;;5.4013179215728635E-5;0.9999999999997891;1.000000000000211;18514;2645622;;;;;;0.0;5.4013179215728635E-5;0.0;5.4013179215728635E-5;0.0;0;0.0;1;5.4013179215728635E-5;0;0.0;1;5.4013179215728635E-5;0;0.0;3243533x135413-NZ-JBHINP010000243_41_aligned_503_R_0_549_1;;;;;
173;10;Bartonella sp. CL45QHWL;species;3243533;51;6760;1935;212;99;19.545454545454547;108;57;39725;778.9215686274509;0.005871437671365663;1884.090310895009;0.1125211454960949;36107;2645622;0.7840622058486787;0.1555131853259629;0.7840996253966505;0.15553783975010374;21.049636541179755;0.0014124684964134378;0.05359071648156867;1.1002021768632122;0.0015786412606973717;0.18722131442656548;51;0.0014124684964134378;1935;0.05359071648156867;39725;1.1002021768632122;57;0.0015786412606973717;6760;0.18722131442656548;3243533x135413-NZ-JBHINP010000243_849_aligned_352_R_58_761_31;0.7840622058486787;0.1555131853259629;0.7840996253966505;0.15553783975010374;
174;10;Bartonella sp. CL50QHWL;species;3243536;0;0;2;2;1;2.0;2;1;0;;1.1740534194305841E-4;1.9999412973285429;1.0000293521972548;17035;2645622;;;;;;0.0;1.1740534194305841E-4;0.0;5.870267097152921E-5;0.0;0;0.0;2;1.1740534194305841E-4;0;0.0;1;5.870267097152921E-5;0;0.0;1242993x135453-NZ-QOHL01000049_1914_aligned_93211_R_5_308_30;;;;;
175;10;Bartonella sp. CL5QHWL;species;3243537;0;0;2;2;1;2.0;2;1;0;;1.2131505519835011E-4;1.9999393424740906;1.0000303296828166;16486;2645622;;;;;;0.0;1.2131505519835011E-4;0.0;6.0657527599175054E-5;0.0;0;0.0;2;1.2131505519835011E-4;0;0.0;1;6.0657527599175054E-5;0;0.0;3243522x30644-NZ-JBHIOA010000283_484_aligned_59907_F_1_343_2;;;;;
176;10;Bartonella sp. CL9QHWL;species;3243542;20;2287;883;360;48;18.395833333333332;59;20;13807;690.35;0.01935483870967742;862.3910249238844;0.4174440475325842;18600;2645622;0.8004406358625709;0.1435439505819111;0.8004406358625709;0.1435439505819111;14.168799380558848;0.001075268817204301;0.04747311827956989;0.7423118279569892;0.001075268817204301;0.12295698924731183;20;0.001075268817204301;883;0.04747311827956989;13807;0.7423118279569892;20;0.001075268817204301;2287;0.12295698924731183;3243542x76561-NZ-JBHING010000075_270_aligned_147170_F_0_206_4;0.8004406358625709;0.1435439505819111;0.8004406358625709;0.1435439505819111;
177;10;Bartonella sp. MM55XZML;species;3243552;0;0;2;2;1;2.0;2;1;0;;4.829751267809708E-5;1.9999758512447174;1.0000120745234335;41410;2645622;;;;;;0.0;4.829751267809708E-5;0.0;2.414875633904854E-5;0.0;0;0.0;2;4.829751267809708E-5;0;0.0;1;2.414875633904854E-5;0;0.0;3243573x28325-NZ-JBHILY010000033_4298_aligned_32619_F_15_4964_325;;;;;
178;10;Bartonella sp. MR100HLJHH;species;3243554;0;0;1;1;1;1.0;1;1;0;;2.414234325583641E-5;1.0000000000015132;0.9999999999984868;41421;2645622;;;;;;0.0;2.414234325583641E-5;0.0;2.414234325583641E-5;0.0;0;0.0;1;2.414234325583641E-5;0;0.0;1;2.414234325583641E-5;0;0.0;3243575x184872-NZ-JBHILW010000041_1717_aligned_68_R_114_3260_111;;;;;
179;10;Bartonella sp. MR110HLJHH;species;3243555;1;498;24;24;3;8.0;16;2;1976;1976.0;5.638302870835879E-4;23.993517068623046;1.0002701951263924;42566;2645622;0.7440904419321686;;0.7440904419321686;;6.928203230275509;2.3492928628482827E-5;5.638302870835879E-4;0.04642202696988207;4.6985857256965655E-5;0.011699478456984448;1;2.3492928628482827E-5;24;5.638302870835879E-4;1976;0.04642202696988207;2;4.6985857256965655E-5;498;0.011699478456984448;3243555x141070-NZ-JBHIMQ010000006_64876_aligned_27332_F_374_1527_4;0.7440904419321686;;0.7440904419321686;;
180;10;Bartonella sp. MR30HLJHH;species;3243557;2;1152;112;112;8;14.0;31;3;3229;1614.5;2.9917406588240324E-4;111.9833974652505;1.0001482588948478;374364;2645622;0.6364098837209302;0.06033018612739838;0.6385132491055456;0.05735557827384824;11.263087625386872;5.342394033614343E-6;2.9917406588240324E-4;0.008625295167270357;8.013591050421514E-6;0.0030772189633618617;2;5.342394033614343E-6;112;2.9917406588240324E-4;3229;0.008625295167270357;3;8.013591050421514E-6;1152;0.0030772189633618617;3243557x93238-NZ-JBHIMO010000044_3589_aligned_35543_F_4_1651_1;0.6364098837209302;0.06033018612739838;0.6385132491055456;0.05735557827384824;
181;10;Bartonella sp. MU37NMGALS;species;3243560;0;0;1;1;1;1.0;1;1;0;;5.4476615912619505E-6;1.000000000002124;0.9999999999978759;183565;2645622;;;;;;0.0;5.4476615912619505E-6;0.0;5.4476615912619505E-6;0.0;0;0.0;1;5.4476615912619505E-6;0;0.0;1;5.4476615912619505E-6;0;0.0;357760x152676-NZ-JBEPLI010000043_2419_aligned_24723_F_2_2229_198;;;;;
182;10;Bartonella sp. MU70NMGDW;species;3243561;1;445;19;19;1;19.0;19;1;1315;1315.0;9.078008762667406E-5;18.9991830011204;1.000043001790106;209297;2645622;0.6536964980544747;;0.6536964980544747;;;4.777899348772319E-6;9.078008762667406E-5;0.006282937643635599;4.777899348772319E-6;0.002126165210203682;1;4.777899348772319E-6;19;9.078008762667406E-5;1315;0.006282937643635599;1;4.777899348772319E-6;445;0.002126165210203682;3243561x80369-NZ-JBHIMK010000286_175_aligned_31988_F_6_1310_1;0.6536964980544747;;0.6536964980544747;;
183;10;Bartonella sp. OT172YNZD;species;3243572;0;0;5;5;2;2.5;3;2;0;;8.484527615440482E-6;4.999983030985903;1.0000033938143373;589308;2645622;;;;;0.7071067811865476;0.0;8.484527615440482E-6;0.0;3.393811046176193E-6;0.0;0;0.0;5;8.484527615440482E-6;0;0.0;2;3.393811046176193E-6;0;0.0;33046x47365-NZ-CADDYG010000066_189_aligned_58583_R_23_1509_176;;;;;
184;10;Bartonella sp. PS17NMGDW;species;3243573;1;1207;52;52;2;26.0;34;1;5285;5285.0;0.0013331624150749904;51.96601887999265;1.0006539103964422;39005;2645622;0.7670789724072312;;0.770313986679353;;11.313708498984761;2.5637738751442122E-5;0.0013331624150749904;0.1354954493013716;2.5637738751442122E-5;0.030944750672990642;1;2.5637738751442122E-5;52;0.0013331624150749904;5285;0.1354954493013716;1;2.5637738751442122E-5;1207;0.030944750672990642;3243573x28325-NZ-JBHILY010000033_4298_aligned_32619_F_15_4964_325;0.7670789724072312;;0.770313986679353;;
185;10;Bartonella sp. SD1336NMGDW;species;3243575;1;885;44;44;4;11.0;19;1;3470;3470.0;0.0010640355968272394;43.97713097781503;1.0005200207852691;41352;2645622;0.7421511627906977;;0.7427325581395349;;8.12403840463596;2.4182627200619074E-5;0.0010640355968272394;0.0839137163861482;2.4182627200619074E-5;0.02140162507254788;1;2.4182627200619074E-5;44;0.0010640355968272394;3470;0.0839137163861482;1;2.4182627200619074E-5;885;0.02140162507254788;3243575x184872-NZ-JBHILW010000041_1717_aligned_68_R_114_3260_111;0.7421511627906977;;0.7427325581395349;;
186;10;Bartonella sp. TS82HLJMH;species;3243577;1;514;6;6;1;6.0;6;1;2279;2279.0;6.194955241448381E-5;5.999845128260814;1.0000258126228052;96853;2645622;0.7701200533570476;;0.7714539795464651;;;1.0324925402413968E-5;6.194955241448381E-5;0.023530504992101433;1.0324925402413968E-5;0.005307011656840779;1;1.0324925402413968E-5;6;6.194955241448381E-5;2279;0.023530504992101433;1;1.0324925402413968E-5;514;0.005307011656840779;3243577x53684-NZ-JBHILU010000023_3011_aligned_50496_R_6_2277_1;0.7701200533570476;;0.7714539795464651;;
187;10;Bartonella sp. TT29SHDZB;species;3243581;22;4809;900;340;59;15.254237288135593;65;24;25524;1160.1818181818182;0.003736181622381926;895.5690799715794;0.3796468721438996;91002;2645622;0.7992228960467791;0.09083554397361668;0.799519137805317;0.09084638631534278;14.265455285214268;2.4175292850706577E-4;0.009889892529834509;0.2804773521461067;2.637304674622536E-4;0.05284499241774906;22;2.4175292850706577E-4;900;0.009889892529834509;25524;0.2804773521461067;24;2.637304674622536E-4;4809;0.05284499241774906;3243581x174678-NZ-JBHILQ010000091_1139_aligned_1034_R_1_1071_3;0.7992228960467791;0.09083554397361668;0.799519137805317;0.09084638631534278;
188;10;Bartonella sp. TT67HLJMS;species;3243582;0;0;1;1;1;1.0;1;1;0;;1.1989401369189636E-5;0.9999999999967079;1.0000000000032923;83407;2645622;;;;;;0.0;1.1989401369189636E-5;0.0;1.1989401369189636E-5;0.0;0;0.0;1;1.1989401369189636E-5;0;0.0;1;1.1989401369189636E-5;0;0.0;3243458x103207-NZ-JBHIQM010000033_3051_aligned_8830_F_351_2254_36;;;;;
189;9;Bartonella refiksaydamii;species;2654951;0;0;1;1;1;1.0;1;1;0;;1.8803177737037559E-6;1.0000000000011389;0.9999999999988611;531825;773;;;;;;0.0;1.8803177737037559E-6;0.0;1.8803177737037559E-6;0.0;0;0.0;1;1.8803177737037559E-6;0;0.0;1;1.8803177737037559E-6;0;0.0;3243480x4926-NZ-JBHIPQ010000050_77808_aligned_127232_R_20_1740_51;;;;;
190;9;Bartonella gabonensis;species;2699889;2;1069;415;415;22;18.863636363636363;95;2;5188;2594.0;3.5279395812718264E-4;414.92698020296916;1.0001759822824612;1176324;773;0.8286947714885426;0.11693843931867064;0.8309204850261178;0.11379080504787512;19.59663589823872;1.700211846396061E-6;3.5279395812718264E-4;0.004410349529551382;1.700211846396061E-6;9.087632318986946E-4;2;1.700211846396061E-6;415;3.5279395812718264E-4;5188;0.004410349529551382;2;1.700211846396061E-6;1069;9.087632318986946E-4;2699889x397-NZ-CAHOYM010000059_4344_aligned_286_R_2_3658_198;0.8286947714885426;0.11693843931867064;0.8309204850261178;0.11379080504787512;
191;9;Bartonella machadoae;species;2893471;0;0;5;5;2;2.5;4;2;0;;3.0674338523226916E-6;4.999993865390881;1.0000012269233292;1630027;773;;;;;2.1213203435596424;0.0;3.0674338523226916E-6;0.0;1.2269735409290766E-6;0.0;0;0.0;5;3.0674338523226916E-6;0;0.0;2;1.2269735409290766E-6;0;0.0;3243437x55149-NZ-JBHIRI010000058_1796_aligned_8866_F_53_1258_284;;;;;
192;9;Bartonella bilalgolemii;species;2942911;1;170;9;9;2;4.5;5;2;1063;1063.0;1.148086586139023E-5;8.999954076395351;1.0000051026487757;783913;773;0.8354307841239109;;0.8354307841239109;;0.7071067811865476;1.2756517623766923E-6;1.148086586139023E-5;0.001356017823406424;2.5513035247533847E-6;2.168607996040377E-4;1;1.2756517623766923E-6;9;1.148086586139023E-5;1063;0.001356017823406424;2;2.5513035247533847E-6;170;2.168607996040377E-4;1933912x59330-NZ-CP019786_856144_aligned_10476_F_5_802_227;0.8354307841239109;;0.8354307841239109;;
193;9;Bartonella harrusi;species;2961895;0;0;2;2;1;2.0;2;1;0;;1.3583911215556295E-6;1.999999320862943;1.0000003395686439;1472330;773;;;;;;0.0;1.3583911215556295E-6;0.0;6.791955607778148E-7;0.0;0;0.0;2;1.3583911215556295E-6;0;0.0;1;6.791955607778148E-7;0;0.0;357760x152676-NZ-JBEPLI010000043_2419_aligned_24723_F_2_2229_198;;;;;
194;9;Bartonella gliris;species;3004109;0;0;7;7;1;7.0;7;1;0;;4.553523744349565E-6;6.999986339369864;1.0000019515223995;1537271;773;;;;;;0.0;4.553523744349565E-6;0.0;6.505033920499379E-7;0.0;0;0.0;7;4.553523744349565E-6;0;0.0;1;6.505033920499379E-7;0;0.0;1415777x168965-NZ-KI912377_127173_aligned_24970_R_3_2635_1;;;;;
195;9;Bartonella vaga;species;3112257;1;4;4;4;1;4.0;4;1;68;68.0;3.100027822749709E-6;3.999995350177365;1.00000116245701;1290311;773;0.8947368421052632;;0.8947368421052632;;;7.750069556874273E-7;3.100027822749709E-6;5.270047298674505E-5;7.750069556874273E-7;3.100027822749709E-6;1;7.750069556874273E-7;4;3.100027822749709E-6;68;5.270047298674505E-5;1;7.750069556874273E-7;4;3.100027822749709E-6;1205681x220427-NZ-CALW02000028_42801_aligned_212436_F_0_68_1;0.8947368421052632;;0.8947368421052632;;
196;9;Bartonella propinqua;species;3385560;0;0;1;1;1;1.0;1;1;0;;8.767061798141909E-7;0.999999999943115;1.0000000000568852;1140633;773;;;;;;0.0;8.767061798141909E-7;0.0;8.767061798141909E-7;0.0;0;0.0;1;8.767061798141909E-7;0;0.0;1;8.767061798141909E-7;0;0.0;1457016x99870-NZ-LR607203_20137_aligned_7292_F_17_4123_1;;;;;
197;6;Rickettsiales;order;766;71;2289;7615;926;850;8.958823529411765;53;746;20839;293.50704225352115;0.02285347614699277;6942.307282575873;0.13338504942357104;40519;28211;0.8234726051199521;0.20076722437434452;0.823640778338367;0.20065080168241844;10.298464602676974;0.0017522643698018214;0.18793652360620944;0.5143019324267627;0.018411115772847306;0.056492016091216464;122671;0.4433364448592364;6554696;12.1914906322638;52803813;265.95515607260563;154905;0.6052462512880723;8480203;57.881827580908904;3405422x158786-NZ-JBMDTU010000163_1098_aligned_23415_F_187_1281_1;0.7775347674455352;0.1920158076782235;0.7775990068758997;0.1919919921163027;
198;7;Rickettsiaceae;family;775;5;111;446;249;85;5.247058823529412;17;77;1720;344.0;0.10457790844183117;406.796615854362;0.6120994873004177;2381;766;0.9052959094901718;0.08505812860400806;0.9052959094901718;0.08505812860400806;4.292590189176331;0.0020999580008399833;0.1873162536749265;0.7223855522889542;0.03233935321293574;0.046619067618647626;41231;0.34194481620470624;2236789;9.723839540611303;16870160;170.03952910005748;66647;0.46720192150815487;2723070;32.787372458633044;1462938x212560-NZ-CP113531_457471_aligned_120118_R_11_194_315;0.7727340271003681;0.19981090312879837;0.7729197858032256;0.19974671747722195;
199;8;Rickettsieae;tribe;33988;276;8472;43564;10184;3732;11.67309753483387;218;2431;89655;324.8369565217391;0.006215300600474692;42989.99048696799;0.2368923529556766;1638537;775;0.8489557487440507;0.1724783976760601;0.8490026098384176;0.17251313156607084;13.964644822194733;1.684429463600761E-4;0.026587132301559256;0.05471649404316167;0.0014836405891353079;0.005170466092617988;41226;0.3398448582038663;2236343;9.536523286936376;16868440;169.31714354776852;66570;0.43486256829521913;2722959;32.7407533910144;1462938x212560-NZ-CP113531_1095774_aligned_35850_R_8_367_30;0.7727179496392527;0.19981592955998098;0.7729037308714245;0.1997517526805802;
200;9;Rickettsia;genus;780;11326;426193;924603;565520;45504;20.319158755274263;341;24984;3717346;328.2134910824651;0.12887664559742867;833688.3587471995;0.6783350085993984;4388072;33988;0.809208063034642;0.1922202631601765;0.809255899580152;0.19221831951248108;24.874118104480896;0.002581088004025458;0.21070825638230184;0.8471479045922674;0.005693616695441643;0.09712534343101024;40950;0.3396764152575062;2192779;9.509936154634818;16778785;169.26242705372536;64139;0.4333789277060838;2714487;32.73558292492178;444612x54001-NZ-CM000770_873961_aligned_222134_F_4_455_49;0.772204112458473;0.1998906986086866;0.7723908300021964;0.19982627122916777;
201;10;spotted fever group;species group;114277;17704;1255291;895754;314846;47115;19.012076833280272;362;23454;7389133;417.3708201536376;0.09976026813467316;779855.3871978818;0.40372356871352927;3156026;780;0.7614167208332117;0.20307141521837818;0.7616427301546128;0.20298199723722846;22.01163317230131;0.005609586232813038;0.28382339055508415;2.341277606711732;0.007431497712629744;0.39774418841923354;29293;0.33571113092793214;1253263;9.24880936509624;12876521;167.6242589413947;37776;0.41976708967585336;2258609;32.52436786218295;444612x54001-NZ-CM000770_1300222_aligned_39811_F_1_442_7;0.7576800570404494;0.20119411770776977;0.757897399355955;0.20112118066903242;
202;11;Rickettsia conorii;species;781;0;0;0;0;0;;0;0;0;;0.0;0.0;;1602;114277;;;;;;0.0;0.0;0.0;0.0;0.0;43;1.6054577825455984E-4;1168;0.0037069454899926755;24576;0.08954003569209971;133;5.584907274515124E-4;5378;0.018280820863799993;;0.689369314553073;0.24493636888283682;0.6915496181675453;0.24364976951581468;
203;12;Rickettsia conorii subsp. heilongjiangensis;subspecies;226665;6;524;64;64;23;2.782608695652174;9;23;1766;294.3333333333333;4.357209479653874E-4;63.98627672063316;1.0002144722285804;146883;781;0.6484326601183993;0.17400337178656827;0.6497383819018366;0.17417105846760597;2.74617952368096;4.084883887175507E-5;4.357209479653874E-4;0.012023174907919909;1.565872156750611E-4;0.0035674652614666093;6;4.084883887175507E-5;64;4.357209479653874E-4;1766;0.012023174907919909;23;1.565872156750611E-4;524;0.0035674652614666093;444612x54001-NZ-CM000770_1802790_aligned_92324_F_0_446_2;0.6484326601183993;0.17400337178656827;0.6497383819018366;0.17417105846760597;
204;12;Rickettsia conorii str. Malish 7;strain;272944;4;372;73;73;19;3.8421052631578947;18;19;3041;760.25;6.57942173192011E-4;72.97631913289065;1.0003245007064034;110952;781;0.7732007867124794;0.1739820630610357;0.7732007867124794;0.1739820630610357;5.1775493762840785;3.605162592832937E-5;6.57942173192011E-4;0.027408248612012402;1.712452231595645E-4;0.003352801211334631;4;3.605162592832937E-5;73;6.57942173192011E-4;3041;0.027408248612012402;19;1.712452231595645E-4;372;0.003352801211334631;1462938x212560-NZ-CP113531_731372_aligned_153526_F_0_87_7;0.7732007867124794;0.1739820630610357;0.7732007867124794;0.1739820630610357;
205;12;Rickettsia conorii subsp. raoultii;subspecies;369822;33;4482;1031;1024;114;9.043859649122806;51;91;19769;599.060606060606;0.002595539423557055;1029.6553288789507;0.9945075514880226;394523;781;0.6866509520673282;0.26452409658783804;0.6892545497861671;0.26300672594683494;11.296792833990965;8.36453134544754E-5;0.002613282368835277;0.0501086121721674;2.3065828861688672E-4;0.011360554390998751;33;8.36453134544754E-5;1031;0.002613282368835277;19769;0.0501086121721674;91;2.3065828861688672E-4;4482;0.011360554390998751;369822x112768-NZ-JBGCZF010000005_2410_aligned_728_F_3_2584_0;0.6866509520673282;0.26452409658783804;0.6892545497861671;0.26300672594683494;
206;11;Rickettsia rickettsii;species;783;3;70;44;44;13;3.3846153846153846;12;13;2477;825.6666666666666;3.754041994078852E-4;43.99192977384228;1.0001834478778087;117207;114277;0.9356706841003127;0.061876326041884255;0.9364817141084228;0.062056536543075934;3.7089635016282183;2.5595740868719446E-5;3.754041994078852E-4;0.021133550043939357;1.1091487709778426E-4;5.972339536034538E-4;4;4.923863854225831E-5;55;6.354760738168127E-4;2584;0.023663340095008017;20;2.764151608125563E-4;84;9.28234521032998E-4;1462938x212560-NZ-CP113531_946985_aligned_78468_R_1_307_1;0.9062984676206891;0.07748136261922077;0.9069067401267717;0.07788490758298094;
207;12;Rickettsia rickettsii str. Hlp#2;strain;1105101;1;14;11;11;7;1.5714285714285714;4;7;107;107.0;2.6007187440892755E-4;10.99869973285697;1.0001182200782466;42296;783;0.8181818181818182;;0.8181818181818182;;1.1338934190276817;2.364289767353887E-5;2.6007187440892755E-4;0.002529790051068659;1.655002837147721E-4;3.310005674295442E-4;1;2.364289767353887E-5;11;2.6007187440892755E-4;107;0.002529790051068659;7;1.655002837147721E-4;14;3.310005674295442E-4;444612x54001-NZ-CM000770_1558285_aligned_155485_F_1_98_10;0.8181818181818182;;0.8181818181818182;;
208;11;Rickettsia akari;species;786;0;0;0;0;0;;0;0;0;;;0.0;;0;114277;;;;;;;;;;;29;4.614307535641548E-5;446;7.096486761710794E-4;17283;0.027499681771894095;71;1.1297097759674135E-4;2880;0.004582484725050916;;0.7889752836930445;0.18016688868286324;0.7913985038139223;0.17983975435612445;
209;12;Rickettsia akari str. Hartford;strain;293614;29;2880;446;446;72;6.194444444444445;29;71;17283;595.9655172413793;7.096486761710794E-4;445.8421403525922;1.000354070719477;628480;786;0.7889752836930445;0.18016688868286324;0.7913985038139223;0.17983975435612445;7.076322130759634;4.614307535641548E-5;7.096486761710794E-4;0.027499681771894095;1.1297097759674135E-4;0.004582484725050916;29;4.614307535641548E-5;446;7.096486761710794E-4;17283;0.027499681771894095;71;1.1297097759674135E-4;2880;0.004582484725050916;444612x54001-NZ-CM000770_1813796_aligned_86814_F_2_195_1;0.7889752836930445;0.18016688868286324;0.7913985038139223;0.17983975435612445;
210;11;Rickettsia australis;species;787;12;607;203;202;65;3.123076923076923;15;64;4472;372.6666666666667;4.026735931840517E-4;202.9591340871395;0.9952742502008918;501647;114277;0.8181620869329823;0.15526865725307534;0.8190757227285079;0.15458324091941836;3.361118174747116;2.392120355548822E-5;4.0466702681367573E-4;0.008914635191678611;1.275797522959372E-4;0.0012100142131817792;14;3.0415099198199795E-4;212;0.0016657010747329695;5385;0.1368395336083803;66;4.0780954072244693E-4;625;0.003732082309020367;1462938x212560-NZ-CP113531_1192544_aligned_35060_F_3_319_5;0.8411527229828899;0.1543598755327423;0.8419358393790547;0.1536508984000921;
211;12;Rickettsia australis str. Cutlack;strain;1105110;2;18;9;8;2;4.5;5;2;913;456.5;0.001120919153706039;8.994957512566733;0.8893871915262866;7137;787;0.9790965392823356;0.012604960496693409;0.9790965392823356;0.012604960496693409;0.7071067811865476;2.8022978842650974E-4;0.0012610340479192938;0.12792489841670168;2.8022978842650974E-4;0.0025220680958385876;2;2.8022978842650974E-4;9;0.0012610340479192938;913;0.12792489841670168;2;2.8022978842650974E-4;18;0.0025220680958385876;1462938x212560-NZ-CP113531_13566_aligned_135072_F_106_172_160;0.9790965392823356;0.012604960496693409;0.9790965392823356;0.012604960496693409;
212;11;Rickettsia amblyommatis;species;33989;22;1296;611;611;98;6.23469387755102;32;77;8064;366.54545454545456;0.0012428980884593556;610.621072569481;1.000620560684099;491593;114277;0.7877466652382602;0.17358818797227768;0.7882528220444588;0.17391799852307066;6.957605080918577;4.4752467996899874E-5;0.0012428980884593556;0.016403813723954573;1.5663363798914956E-4;0.0026363272056355563;1965;0.1523056777342789;39224;3.0659595358084215;1095891;85.31743352733223;2462;0.20500722240940616;231914;18.095007797637702;33989x219258-NZ-CP015012_1401844_aligned_121476_R_5_79_80;0.7345842617194195;0.17968261266795782;0.7345921960621722;0.17968871549787171;
213;12;Rickettsia amblyommatis str. AaR/SC;strain;933950;0;0;2;2;1;2.0;2;1;0;;0.03636363636363636;1.981818181818182;1.0091743119266054;55;33989;;;;;;0.0;0.03636363636363636;0.0;0.01818181818181818;0.0;0;0.0;2;0.03636363636363636;0;0.0;1;0.01818181818181818;0;0.0;444612x44192-NZ-GG688316_56_aligned_65491_R_20_534_83;;;;;
214;12;Rickettsia amblyommatis str. Ac/Pa;strain;1359164;5;208;49;49;9;5.444444444444445;18;9;1758;351.6;0.0012708128014938533;48.96951288136091;1.0006225734512195;38558;33989;0.8141079991812201;0.10582260617475492;0.8141079991812201;0.10582260617475492;5.198824653494074;1.296747756626381E-4;0.0012708128014938533;0.04559365112298356;2.3341459619274858E-4;0.005394470667565745;5;1.296747756626381E-4;49;0.0012708128014938533;1758;0.04559365112298356;9;2.3341459619274858E-4;208;0.005394470667565745;444612x54001-NZ-CM000770_117150_aligned_176879_R_1_139_1;0.8141079991812201;0.10582260617475492;0.8141079991812201;0.10582260617475492;
215;12;Rickettsia amblyommatis str. Darkwater;strain;1359166;1938;230410;38562;1002;3128;12.328005115089514;39;2375;1086069;560.407120743034;0.07865609545490226;12121.78191192588;0.08266111428833689;12739;33989;0.7337755973413371;0.17982487868483893;0.7337778963783717;0.17982590974721374;9.189290821304045;0.15213125049061935;3.027082188554832;85.25543606248529;0.18643535599340608;18.086976999764502;1938;0.15213125049061935;38562;3.027082188554832;1086069;85.25543606248529;2375;0.18643535599340608;230410;18.086976999764502;1359166x139103-NZ-LAOH01000004_1514_aligned_14404_F_20_541_150;0.7337755973413371;0.17982487868483893;0.7337778963783717;0.17982590974721374;
216;11;Rickettsia montanensis;species;33991;0;0;0;0;0;;0;0;0;;;0.0;;0;114277;;;;;;;;;;;19;7.353766483080531E-5;242;9.366376257397309E-4;18281;0.07075484477747115;57;2.2061299449241596E-4;1231;0.004764466600353755;;0.775868629270711;0.20919634562848896;0.7782898264945397;0.2025313266667674;
217;12;Rickettsia montanensis str. OSU 85-930;strain;1105114;19;1231;242;242;58;4.172413793103448;31;57;18281;962.1578947368421;9.366376257397309E-4;241.88717010154605;1.0004664567302457;258371;33991;0.775868629270711;0.20919634562848896;0.7782898264945397;0.2025313266667674;5.566623377395971;7.353766483080531E-5;9.366376257397309E-4;0.07075484477747115;2.2061299449241596E-4;0.004764466600353755;19;7.353766483080531E-5;242;9.366376257397309E-4;18281;0.07075484477747115;57;2.2061299449241596E-4;1231;0.004764466600353755;444612x54001-NZ-CM000770_1138334_aligned_163659_R_386_182_1;0.775868629270711;0.20919634562848896;0.7782898264945397;0.2025313266667674;
218;11;Rickettsia rhipicephali;species;33992;26;1469;537;529;77;6.974025974025974;41;73;9311;358.11538461538464;0.0014196654527498303;536.6139606371314;0.9858111022156576;372623;114277;0.7924469350202716;0.1701866841084684;0.7945758265563221;0.16979808439393587;9.649071438791166;6.97756177154926E-5;0.0014411348735853665;0.02498772217495968;1.959084651242677E-4;0.003942322400925332;28;1.0376205712616773E-4;585;0.00225680941944157;10937;0.052618697415838564;87;4.3381354099899367E-4;1877;0.01087555604070306;33992x184994-NZ-CP013134_19115_aligned_102531_F_209_134_466;0.7900958389769625;0.16721541105999094;0.7921277814703144;0.1669092793016125;
219;12;Rickettsia rhipicephali str. 3-7-female6-CWPP;strain;1105113;2;408;48;48;14;3.4285714285714284;12;14;1626;813.0;8.156745458562034E-4;47.980836641913044;1.0003993960803554;58847;33992;0.7595315904139434;0.16984427587323928;0.760303195352215;0.1709354900417366;3.5456210417116734;3.398643941067514E-5;8.156745458562034E-4;0.02763097524087889;2.37905075874726E-4;0.006933233639777729;2;3.398643941067514E-5;48;8.156745458562034E-4;1626;0.02763097524087889;14;2.37905075874726E-4;408;0.006933233639777729;444612x54001-NZ-CM000770_282098_aligned_6471_F_0_395_2;0.7595315904139434;0.16984427587323928;0.760303195352215;0.1709354900417366;
220;11;Rickettsia africae;species;35788;0;0;0;0;0;;0;0;0;;;0.0;;0;114277;;;;;;;;;;;7;5.3599595705906674E-5;92;7.044518292776305E-4;1806;0.013828695692123923;26;1.9908421262193908E-4;467;0.0035758587420940597;;0.6479451038783947;0.17120888561233316;0.6479451038783947;0.17120888561233316;
221;12;Rickettsia africae ESF-5;strain;347255;7;467;92;92;26;3.5384615384615383;17;26;1806;258.0;7.044518292776305E-4;91.96795480364399;1.0003484387189476;130598;35788;0.6479451038783947;0.17120888561233316;0.6479451038783947;0.17120888561233316;3.7654297946531337;5.3599595705906674E-5;7.044518292776305E-4;0.013828695692123923;1.9908421262193908E-4;0.0035758587420940597;7;5.3599595705906674E-5;92;7.044518292776305E-4;1806;0.013828695692123923;26;1.9908421262193908E-4;467;0.0035758587420940597;1462938x212560-NZ-CP113531_984485_aligned_10304_F_0_424_6;0.6479451038783947;0.17120888561233316;0.6479451038783947;0.17120888561233316;
222;11;Rickettsia helvetica;species;35789;11;428;156;156;46;3.391304347826087;25;45;3362;305.6363636363636;5.900128970767886E-4;155.95428287507488;1.0002931444015664;264401;114277;0.8439711495901018;0.07421347496287133;0.8470489323242856;0.07359062481952339;4.409475962160307;4.1603473511824844E-5;5.900128970767886E-4;0.01271553435879592;1.7019602800291982E-4;0.0016187533330055484;11;4.1603473511824844E-5;156;5.900128970767886E-4;3362;0.01271553435879592;45;1.7019602800291982E-4;428;0.0016187533330055484;1462938x212560-NZ-CP113531_173366_aligned_209149_R_3_184_43;0.8439711495901018;0.07421347496287133;0.8470489323242856;0.07359062481952339;
223;11;Rickettsia japonica;species;35790;6;265;89;89;20;4.45;18;20;1972;328.6666666666667;0.0010049003003409886;88.95579886153165;1.000496888781103;88566;114277;0.8305346850920667;0.12244070028350557;0.8305346850920667;0.12244070028350557;5.49138080612652;6.774608766343743E-5;0.0010049003003409886;0.02226588081204977;2.2582029221145813E-4;0.00299211887180182;6;6.774608766343743E-5;89;0.0010049003003409886;1972;0.02226588081204977;20;2.2582029221145813E-4;265;0.00299211887180182;35790x9289-NZ-AP017593_516430_aligned_228927_R_14_74_306;0.8305346850920667;0.12244070028350557;0.8305346850920667;0.12244070028350557;
224;11;Rickettsia massiliae;species;35791;0;0;0;0;0;;0;0;0;;0.0;0.0;;1397;114277;;;;;;0.0;0.0;0.0;0.0;0.0;7;5.469903807834465E-5;97;0.0010418735223839924;2141;0.016730091503676558;25;4.7925484500673324E-4;451;0.0035241808819047767;;0.7236099806376085;0.19289580604474163;0.7236099806376085;0.19289580604474163;
225;12;Rickettsia massiliae MTU5;strain;416276;7;451;96;96;25;3.84;18;24;2141;305.85714285714283;7.501582365030124E-4;95.96437620611238;1.0003712189386935;127973;35791;0.7236099806376085;0.19289580604474163;0.7236099806376085;0.19289580604474163;3.9123735336323224;5.469903807834465E-5;7.501582365030124E-4;0.016730091503676558;1.875395591257531E-4;0.0035241808819047767;7;5.469903807834465E-5;96;7.501582365030124E-4;2141;0.016730091503676558;24;1.875395591257531E-4;451;0.0035241808819047767;416276x180227-NC-009900_1191469_aligned_223860_R_366_117_37;0.7236099806376085;0.19289580604474163;0.7236099806376085;0.19289580604474163;
226;12;Rickettsia massiliae str. AZT80;strain;1105112;0;0;1;1;1;1.0;1;1;0;;2.9171528588098014E-4;1.0000000000001066;0.9999999999998934;3428;35791;;;;;;0.0;2.9171528588098014E-4;0.0;2.9171528588098014E-4;0.0;0;0.0;1;2.9171528588098014E-4;0;0.0;1;2.9171528588098014E-4;0;0.0;444612x44192-NZ-GG688316_336_aligned_9202_R_7_349_0;;;;;
227;11;Rickettsia parkeri;species;35792;7;879;118;118;33;3.5757575757575757;18;33;2624;374.85714285714283;6.184097436219944E-4;117.96383036069115;1.0003066163517942;190812;114277;0.5990990183913251;0.283995745529955;0.6034853491138376;0.289016989222511;4.569123979429092;3.668532377418611E-5;6.184097436219944E-4;0.013751755654780621;1.7294509779259166E-4;0.004606628513929942;7;3.668532377418611E-5;118;6.184097436219944E-4;2624;0.013751755654780621;33;1.7294509779259166E-4;879;0.004606628513929942;444612x54001-NZ-CM000770_1116845_aligned_20280_F_133_508_135;0.5990990183913251;0.283995745529955;0.6034853491138376;0.289016989222511;
228;11;Rickettsia slovaca;species;35794;7;348;91;91;20;4.55;15;19;2582;368.85714285714283;0.0013269561667006912;90.94031279561652;1.000656333836432;68578;114277;0.7777567247581364;0.21226173729302258;0.7787285420564843;0.21315367911168065;4.751454071068527;1.0207355128466855E-4;0.0013269561667006912;0.037650558488144886;2.7705678205838607E-4;0.005074513692437808;7;1.0207355128466855E-4;91;0.0013269561667006912;2582;0.037650558488144886;19;2.7705678205838607E-4;348;0.005074513692437808;1462938x212560-NZ-CP113531_939270_aligned_183015_F_4_129_0;0.7777567247581364;0.21226173729302258;0.7787285420564843;0.21315367911168065;
229;11;Rickettsia honei;species;37816;0;0;0;0;0;;0;0;0;;;0.0;;0;114277;;;;;;;;;;;12;7.392895427494178E-5;211;0.0012999174460010597;3067;0.018895008563437204;29;1.7866163949777596E-4;501;0.0030865338409788194;;0.7755073555392746;0.2327670298956683;0.7763784356786475;0.23330416647692526;
230;12;Rickettsia honei RB;strain;1175313;12;501;211;211;29;7.275862068965517;31;29;3067;255.58333333333334;0.0012999174460010597;210.86356722970157;1.0006470191702193;162318;37816;0.7755073555392746;0.2327670298956683;0.7763784356786475;0.23330416647692526;8.4214715024163;7.392895427494178E-5;0.0012999174460010597;0.018895008563437204;1.7866163949777596E-4;0.0030865338409788194;12;7.392895427494178E-5;211;0.0012999174460010597;3067;0.018895008563437204;29;1.7866163949777596E-4;501;0.0030865338409788194;369822x199801-NZ-JBGCZI010000106_279_aligned_26234_F_4_1563_3;0.7755073555392746;0.2327670298956683;0.7763784356786475;0.23330416647692526;
231;11;Rickettsia felis;species;42862;142;22419;7853;7609;556;14.12410071942446;134;212;114816;808.5633802816901;0.014338747974220781;7795.186346861527;0.9761152153936014;530660;114277;0.7826219447006431;0.14856889733969098;0.7836174097027381;0.1486261390623301;15.733617938162588;2.6759130139825875E-4;0.014798552745637508;0.21636452719255267;3.995025063128934E-4;0.04224739004258848;143;2.892419465874854E-4;7904;0.015902735650288068;121827;0.36815720061422064;215;4.644544418805733E-4;24276;0.08245263815898235;42862x66326-NZ-JSEL01000012_5711_aligned_2110_R_166_542_123;0.7822748649687882;0.14810301140276458;0.7832703807168345;0.14816001182163244;
232;12;Rickettsia felis str. LSU;strain;1359195;1;1857;51;46;5;10.2;40;3;7011;7011.0;9.959296787044253E-4;50.97240518655934;0.9024490767433809;46188;42862;0.732989543045409;;0.7339922647185217;;16.754103974847474;2.1650645189226637E-5;0.0011041829046505587;0.15179267342166797;6.495193556767992E-5;0.040205248116393866;1;2.1650645189226637E-5;51;0.0011041829046505587;7011;0.15179267342166797;3;6.495193556767992E-5;1857;0.040205248116393866;1359195x243768-NZ-JSEM01000020_202899_aligned_2_R_2_7027_0;0.732989543045409;;0.7339922647185217;;
233;11;Rickettsia peacockii;species;47589;0;0;0;0;0;;0;0;0;;;0.0;;0;114277;;;;;;;;;;;7;5.969029265297769E-5;119;0.0010147349751006207;1881;0.016039634354321576;32;2.7286990927075517E-4;385;0.003282966095913773;;0.727646358006998;0.2423233337950266;0.7345039791042173;0.24164200240191958;
234;12;Rickettsia peacockii str. Rustic;strain;562019;7;385;119;113;33;3.606060606060606;21;32;1881;268.7142857142857;9.635718671123542E-4;118.9401505416733;0.9500576507207964;117272;47589;0.727646358006998;0.2423233337950266;0.7345039791042173;0.24164200240191958;4.471712437222694;5.969029265297769E-5;0.0010147349751006207;0.016039634354321576;2.7286990927075517E-4;0.003282966095913773;7;5.969029265297769E-5;119;0.0010147349751006207;1881;0.016039634354321576;32;2.7286990927075517E-4;385;0.003282966095913773;444612x54001-NZ-CM000770_1031328_aligned_212209_R_1_147_2;0.727646358006998;0.2423233337950266;0.7345039791042173;0.24164200240191958;
235;11;Rickettsia monacensis;species;109232;62;9652;2020;1943;159;12.70440251572327;86;109;55720;898.7096774193549;0.01386797233542935;2005.5151077615858;0.9688284034761719;140107;114277;0.7750701483492329;0.14848980252788946;0.7763777783905449;0.1484292888829392;14.713531814960914;4.425189319591455E-4;0.014417552299314096;0.3976960465929611;7.779768319926913E-4;0.06889020534305923;62;4.425189319591455E-4;2020;0.014417552299314096;55720;0.3976960465929611;109;7.779768319926913E-4;9652;0.06889020534305923;109232x175602-NZ-LN794217_618968_aligned_3117_F_1_630_20;0.7750701483492329;0.14848980252788946;0.7763777783905449;0.1484292888829392;
236;11;Rickettsia asiatica;species;238800;13;637;166;165;48;3.4583333333333335;16;47;4443;341.7692307692308;7.159655989377674E-4;165.94058894735593;0.994331772875325;230458;114277;0.8109108258948619;0.17165481129319543;0.8109108258948619;0.17165481129319543;3.858995202333271;5.640941082539986E-5;7.203047843858751E-4;0.019279000945942426;2.0394171606106102E-4;0.002764061130444593;13;5.640941082539986E-5;166;7.203047843858751E-4;4443;0.019279000945942426;47;2.0394171606106102E-4;637;0.002764061130444593;1462938x212560-NZ-CP113531_1034673_aligned_30317_R_14_195_18;0.8109108258948619;0.17165481129319543;0.8109108258948619;0.17165481129319543;
237;11;Rickettsia sibirica subgroup;;266068;0;0;0;0;0;;0;0;0;;;0.0;;0;114277;;;;;;;;;;;10;8.870896277567845E-5;172;0.0015580854988785078;4239;0.03605137067887004;33;3.245560436622118E-4;813;0.007144131886948426;;0.6650834211534534;0.3182576204893826;0.6701750360553664;0.3192487602902402;
238;12;Rickettsia sibirica;species;35793;9;746;148;148;25;5.92;31;23;4142;460.22222222222223;0.0012426114991939817;147.90870536258717;1.000617236403963;119104;266068;0.7389815790593928;0.22915792050076314;0.7446389289504072;0.22864806949330674;7.783101352717095;7.556421278882321E-5;0.0012426114991939817;0.03477632993014508;1.9310854379365932E-4;0.006263433637829124;10;8.870896277567845E-5;172;0.0015580854988785078;4239;0.03605137067887004;33;3.245560436622118E-4;813;0.007144131886948426;444612x54001-NZ-CM000770_456034_aligned_94044_R_52_272_27;0.6650834211534534;0.3182576204893826;0.6701750360553664;0.3192487602902402;
239;13;Rickettsia sibirica subsp. mongolitimonae;subspecies;45261;0;0;0;0;0;;0;0;0;;;0.0;;0;35793;;;;;;;;;;;1;1.314474998685525E-5;24;3.15473999684526E-4;97;0.0012750407487249593;10;1.314474998685525E-4;67;8.806982491193018E-4;;0.0;;0.0;;
240;14;Rickettsia sibirica subsp. mongolitimonae HA-91;strain;1144280;1;67;24;24;10;2.4;10;10;97;97.0;3.15473999684526E-4;23.996372398626285;1.0001511729070316;76076;45261;0.0;;0.0;;2.9514591494904874;1.314474998685525E-5;3.15473999684526E-4;0.0012750407487249593;1.314474998685525E-4;8.806982491193018E-4;1;1.314474998685525E-5;24;3.15473999684526E-4;97;0.0012750407487249593;10;1.314474998685525E-4;67;8.806982491193018E-4;42862x66326-NZ-JSEL01000012_150301_aligned_26653_R_65_1873_126;0.0;;0.0;;
241;11;Rickettsia tamurae;species;334545;36;2436;621;545;102;6.088235294117647;31;97;12404;344.55555555555554;0.0020916407290423357;620.261755813966;0.8786612988653468;260561;114277;0.7458680770102117;0.21444093538377065;0.746688479757012;0.21470740900630095;7.106130307283179;1.3816342430371392E-4;0.002383319069239065;0.047604975418424095;3.722736710405625E-4;0.00934905837788464;643;0.016250498518402937;18637;0.48060379527235536;278726;7.116911906111493;889;0.02139528750057365;52042;1.3261011089180592;444612x54001-NZ-CM000770_476347_aligned_208784_R_29_124_403;0.7379236690002998;0.2121341666831355;0.7385163615372081;0.211876726238138;
242;12;Rickettsia tamurae subsp. buchneri;subspecies;1462938;607;49606;18016;12929;1080;16.68148148148148;274;792;266322;438.75123558484347;0.34319008308337534;14320.201332928491;0.9028504348099141;37673;334545;0.7374525014741766;0.21216587764706932;0.7380316889574504;0.2118770439979077;21.188689116114325;0.016112335094099223;0.4782204762031163;7.069306930693069;0.021023013829533088;1.3167520505401746;607;0.016112335094099223;18016;0.4782204762031163;266322;7.069306930693069;792;0.021023013829533088;49606;1.3167520505401746;1462938x212560-NZ-CP113531_259434_aligned_162631_F_0_311_1;0.7374525014741766;0.21216587764706932;0.7380316889574504;0.2118770439979077;
243;11;Rickettsia gravesii;species;354585;0;0;0;0;0;;0;0;0;;;0.0;;0;114277;;;;;;;;;;;16;5.219530177039939E-5;254;8.286004156050904E-4;6481;0.021142359423372403;49;1.5984811167184812E-4;1150;0.0037515373147474565;;0.7366071499427129;0.19178657969996424;0.7368541855158355;0.19178173086029726;
244;12;Rickettsia gravesii BWI-1;strain;1397702;16;1150;254;248;52;4.884615384615385;31;49;6481;405.0625;8.090271774411906E-4;253.89521076037417;0.9767809296492085;306541;354585;0.7366071499427129;0.19178657969996424;0.7368541855158355;0.19178173086029726;6.473638387090949;5.219530177039939E-5;8.286004156050904E-4;0.021142359423372403;1.5984811167184812E-4;0.0037515373147474565;16;5.219530177039939E-5;254;8.286004156050904E-4;6481;0.021142359423372403;49;1.5984811167184812E-4;1150;0.0037515373147474565;1133329x83198-NZ-LAOP01000001_1171722_aligned_14114_F_1_472_0;0.7366071499427129;0.19178657969996424;0.7368541855158355;0.19178173086029726;
245;11;Rickettsia hoogstraalii;species;467174;28;2218;435;433;99;4.393939393939394;31;97;11405;407.32142857142856;7.529845490352929E-4;434.83588881174074;0.9957779731181858;575045;114277;0.7170820873659842;0.2123002239168598;0.7194484985243682;0.21305549011782185;6.364471188283714;4.869184150805589E-5;7.564625377144398E-4;0.019833230442834908;1.6868245093862219E-4;0.003857089445173856;28;4.869184150805589E-5;435;7.564625377144398E-4;11405;0.019833230442834908;97;1.6868245093862219E-4;2218;0.003857089445173856;1462938x212560-NZ-CP113531_419594_aligned_171216_F_1_132_4;0.7170820873659842;0.2123002239168598;0.7194484985243682;0.21305549011782185;
246;11;Rickettsia asembonensis;species;1068590;14;777;201;189;53;3.792452830188679;27;53;3597;256.92857142857144;3.878060641377881E-4;200.9587627425684;0.9404914591463335;487357;114277;0.7733621422678036;0.15464165980709402;0.7745015921715123;0.1538066024589187;5.208567241965719;2.8726375121317637E-5;4.124286713846318E-4;0.007380626522241396;1.0874984867355962E-4;0.0015943138192331288;14;2.8726375121317637E-5;201;4.124286713846318E-4;3597;0.007380626522241396;53;1.0874984867355962E-4;777;0.0015943138192331288;1462938x212560-NZ-CP113531_1183178_aligned_126072_F_16_258_39;0.7733621422678036;0.15464165980709402;0.7745015921715123;0.1538066024589187;
247;11;Rickettsia fournieri;species;1436798;9;546;157;156;35;4.485714285714286;30;35;3710;412.22222222222223;0.0014327305456315494;156.88758400110044;0.9943425478392591;108883;114277;0.7918626135491338;0.18497550801567478;0.7921913446470956;0.18480267595738314;5.967418540174088;8.265753147874324E-5;0.0014419147157958543;0.03407327130957082;3.214459557506681E-4;0.005014556909710423;9;8.265753147874324E-5;157;0.0014419147157958543;3710;0.03407327130957082;35;3.214459557506681E-4;546;0.005014556909710423;444612x47881-NZ-CM000773_2253_aligned_57429_R_6_347_13;0.7918626135491338;0.18497550801567478;0.7921913446470956;0.18480267595738314;
248;11;Rickettsia argasii;species;1441385;0;0;0;0;0;;0;0;0;;;0.0;;0;114277;;;;;;;;;;;31;2.1193103353979518E-4;738;0.005045325895237705;15951;0.10904877148365397;48;3.281512777390377E-4;2344;0.016024720729589673;;0.7938606048384296;0.1637111815800333;0.7946313756387449;0.16356228415166985;
249;12;Rickettsia argasii T170-B;strain;1268837;31;2344;738;584;61;12.098360655737705;70;48;15951;514.5483870967741;0.003992507212491625;736.1439117843603;0.7933231405587878;146274;1441385;0.7938606048384296;0.1637111815800333;0.7946313756387449;0.16356228415166985;13.590075935565123;2.1193103353979518E-4;0.005045325895237705;0.10904877148365397;3.281512777390377E-4;0.016024720729589673;31;2.1193103353979518E-4;738;0.005045325895237705;15951;0.10904877148365397;48;3.281512777390377E-4;2344;0.016024720729589673;1268837x5486-NZ-LAOQ01000030_160_aligned_165673_F_1_216_0;0.7938606048384296;0.1637111815800333;0.7946313756387449;0.16356228415166985;
250;11;Rickettsia koreansis;species;2358204;9;588;110;110;28;3.9285714285714284;19;27;4400;488.8888888888889;6.984393056243413E-4;109.9619437575875;1.0003460855739;157494;114277;0.8600969674998564;0.1058794360254648;0.8600969674998564;0.1058794360254648;4.721335117422326;5.714503409653701E-5;6.984393056243413E-4;0.027937572224973648;1.7143510228961103E-4;0.0037334755609737514;9;5.714503409653701E-5;110;6.984393056243413E-4;4400;0.027937572224973648;27;1.7143510228961103E-4;588;0.0037334755609737514;444612x54001-NZ-CM000770_1606722_aligned_51107_R_30_178_0;0.8600969674998564;0.1058794360254648;0.8600969674998564;0.1058794360254648;
251;11;unclassified spotted fever group;no rank;2750824;0;0;0;0;0;;0;0;0;;;0.0;;0;114277;;;;;;;;;;;8406;0.15888472551982388;283249;5.358052573581727;3767563;71.22653571369646;9470;0.17867992106338085;657303;12.43311415555636;;0.7562109388953827;0.20168617138679165;0.7563451664350379;0.2016640283465187;
252;12;Rickettsia endosymbiont of Ixodes scapularis;species;444612;8391;656774;283042;26510;16946;16.70258468075062;270;9431;3761856;448.3203432248838;0.5017507334153497;52585.917144132305;0.5041273679289259;52835;2750824;0.756070164742633;0.2016992340166809;0.7562037988376573;0.20167898576977183;16.88851722248261;0.15881517933188227;5.357092836188133;71.20007570739094;0.17849910097473265;12.430661493328286;8391;0.15881517933188227;283042;5.357092836188133;3761856;71.20007570739094;9431;0.17849910097473265;656774;12.430661493328286;444612x38930-NZ-GG688311_5408_aligned_155206_F_44_585_2;0.756070164742633;0.2016992340166809;0.7562037988376573;0.20167898576977183;
253;12;Rickettsia sp. Tenjiku01;species;1736693;15;529;207;203;39;5.3076923076923075;31;39;5707;380.46666666666664;9.411917434765676E-4;206.90117836050996;0.9811447262339297;215684;2750824;0.8349599999435936;0.18376284371378193;0.835426200409794;0.18233294250243465;7.082795486447001;6.95461879416183E-5;9.597373935943325E-4;0.02646000630552104;1.8082008864820756E-4;0.0024526622280744053;15;6.95461879416183E-5;207;9.597373935943325E-4;5707;0.02646000630552104;39;1.8082008864820756E-4;529;0.0024526622280744053;1462938x212560-NZ-CP113531_195788_aligned_81101_R_2_173_0;0.8349599999435936;0.18376284371378193;0.835426200409794;0.18233294250243465;
254;11;Rickettsia tillamookensis;species;2761623;16;1468;252;252;68;3.7058823529411766;31;68;6501;406.3125;4.6241841159275616E-4;251.94197535889293;1.0002303095426017;544961;114277;0.7072899422961686;0.24953305965525246;0.709398408559348;0.24688721062867097;4.85324579350987;2.9359899148746423E-5;4.6241841159275616E-4;0.011929294022875032;1.247795713821723E-4;0.0026937707468974842;16;2.9359899148746423E-5;252;4.6241841159275616E-4;6501;0.011929294022875032;68;1.247795713821723E-4;1468;0.0026937707468974842;1462938x212560-NZ-CP113531_326605_aligned_204226_R_1_107_43;0.7072899422961686;0.24953305965525246;0.709398408559348;0.24688721062867097;
255;11;Candidatus Rickettsia kedanie;species;3115352;23;1791;309;309;57;5.421052631578948;27;57;8453;367.5217391304348;6.133264524324646E-4;308.90556691068133;1.0003057021285278;503810;114277;0.724204791730915;0.2276902401513519;0.7246000486479112;0.22761569380445706;6.603428136800971;4.565213076358151E-5;6.133264524324646E-4;0.0167781504932415;1.1313788928365852E-4;0.003554911573807586;23;4.565213076358151E-5;309;6.133264524324646E-4;8453;0.0167781504932415;57;1.1313788928365852E-4;1791;0.003554911573807586;444612x54001-NZ-CM000770_258760_aligned_4776_R_8_546_94;0.724204791730915;0.2276902401513519;0.7246000486479112;0.22761569380445706;
256;10;typhus group;species group;114292;4;248;66;66;19;3.473684210526316;15;19;1343;335.75;4.6032808838299296E-4;65.98504156298733;1.0002266943637277;143376;780;0.7778017961570594;0.171069907937519;0.7778017961570594;0.171069907937519;3.220911207383394;2.7898672023211696E-5;4.6032808838299296E-4;0.009366979131793327;1.3251869211025556E-4;0.001729717665439125;23;4.9701662427602345E-5;361;0.0011666469366966108;8382;0.017439498973309344;101;5.944824247233688E-4;978;0.0025646362389230614;1462938x212560-NZ-CP113531_368747_aligned_221821_R_18_89_52;0.8094130018129772;0.22144150766915827;0.8117407107764305;0.2181621953836861;
257;11;Rickettsia prowazekii;species;782;13;592;194;194;46;4.217391304347826;16;46;4980;383.0769230769231;2.2078245758188584E-4;193.97869605363042;1.0001098262170176;878693;114292;0.7846206037061864;0.2656717941531189;0.7869664368988823;0.2619882336756192;4.59909673971488;1.4794700765796473E-5;2.2078245758188584E-4;0.0056675084472051105;5.235047963281829E-5;6.737279117962702E-4;13;1.4794700765796473E-5;195;5.895140210037148E-4;4980;0.0056675084472051105;47;4.210820430546472E-4;592;6.737279117962702E-4;1462938x212560-NZ-CP113531_568913_aligned_165498_R_261_310_87;0.7846206037061864;0.2656717941531189;0.7869664368988823;0.2619882336756192;
258;12;Rickettsia prowazekii str. Cairo 3;strain;1290430;0;0;1;1;1;1.0;1;1;0;;3.687315634218289E-4;1.000000000000127;0.999999999999873;2712;782;;;;;;0.0;3.687315634218289E-4;0.0;3.687315634218289E-4;0.0;0;0.0;1;3.687315634218289E-4;0;0.0;1;3.687315634218289E-4;0;0.0;1462938x212560-NZ-CP113531_1461411_aligned_226176_R_0_189_3;;;;;
259;11;Rickettsia typhi;species;785;6;138;100;100;35;2.857142857142857;11;35;2059;343.1666666666667;1.1680482730990307E-4;99.99421838204256;1.0000578195224783;856129;114292;0.884204001481636;0.14034022101625368;0.8880442472573656;0.13275231333858079;2.43917605595266;7.008289638594184E-6;1.1680482730990307E-4;0.002405011394310904;4.088168955846607E-5;1.6119066168766624E-4;6;7.008289638594184E-6;100;1.1680482730990307E-4;2059;0.002405011394310904;35;4.088168955846607E-5;138;1.6119066168766624E-4;444612x54001-NZ-CM000770_1063160_aligned_49000_R_15_244_1;0.884204001481636;0.14034022101625368;0.8880442472573656;0.13275231333858079;
260;10;unclassified Rickettsia;no rank;114295;44;4154;4265;4145;390;10.935897435897436;122;228;24624;559.6363636363636;0.0010123009833362315;4262.780062326821;0.9723701292103418;4094632;780;0.7799044057153041;0.1540142016156753;0.7831131406041053;0.15103022621230597;15.331419881011012;1.0745776421421999E-5;0.001041607646303746;0.006013727240933984;5.568265963827763E-5;0.001014498983058795;255;0.0011366116665460892;13321;0.04393616409911131;155511;0.6895834377585514;994;0.006180129308753314;25404;0.09657002640424833;1182263x160635-NZ-AJWD02000108_2907_aligned_6371_F_270_2993_1754;0.7909604522570428;0.16833848938103493;0.7933600270817599;0.1679286606937549;
261;11;Rickettsia sp.;species;789;14;418;359;351;103;3.4854368932038833;31;100;5176;369.7142857142857;6.801192049387118E-4;358.87551263906556;0.9780550292184849;516086;114295;0.8886009323017003;0.10647102327274696;0.8911634705313507;0.10806481012163602;4.783271662518143;2.7127261735447192E-5;6.956204973589673E-4;0.010029336195905333;1.9376615525319423E-4;8.099425289583519E-4;14;2.7127261735447192E-5;359;6.956204973589673E-4;5176;0.010029336195905333;100;1.9376615525319423E-4;418;8.099425289583519E-4;444612x47881-NZ-CM000773_28136_aligned_167094_R_0_403_4;0.8886009323017003;0.10647102327274696;0.8911634705313507;0.10806481012163602;
262;11;Rickettsia endosymbiont of Oedothorax gibbosus;species;931099;0;0;6;6;2;3.0;5;2;0;;1.3822336896424622E-5;5.999965444234707;1.0000057593273852;434080;114295;;;;;2.8284271247461903;0.0;1.3822336896424622E-5;0.0;4.6074456321415405E-6;0.0;0;0.0;6;1.3822336896424622E-5;0;0.0;2;4.6074456321415405E-6;0;0.0;1961830x103397-NZ-MWZE01000067_10559_aligned_51_R_9_5098_70;;;;;
263;11;Rickettsia endosymbiont of Ixodes pacificus;species;1133329;81;10545;3764;3642;285;13.20701754385965;192;159;60881;751.6172839506173;0.019648782066844703;3726.0496034466832;0.977442704099018;185355;114295;0.7840359536374345;0.16203048829332165;0.7850680341288165;0.16216420541394924;18.05262124122889;4.3699927166788056E-4;0.020306978500714844;0.3284562056594103;8.578133851258396E-4;0.05689083110787408;81;4.3699927166788056E-4;3764;0.020306978500714844;60881;0.3284562056594103;159;8.578133851258396E-4;10545;0.05689083110787408;1133329x66257-NZ-KR611317_2720_aligned_42866_F_8_774_1;0.7840359536374345;0.16203048829332165;0.7850680341288165;0.16216420541394924;
264;11;Rickettsia sp. MEAM1 (Bemisia tabaci);species;1182263;3;102;58;51;22;2.6363636363636362;8;22;1345;448.3333333333333;0.0069776987275961145;57.77441698101933;0.8827436548040817;7309;114295;0.8798791888411907;0.09148164390481024;0.8844344056459602;0.09378624392940149;1.9159842564581973;4.104528663291832E-4;0.007935422082364208;0.1840197017375838;0.0030099876864140103;0.013955397455192229;3;4.104528663291832E-4;58;0.007935422082364208;1345;0.1840197017375838;22;0.0030099876864140103;102;0.013955397455192229;1462938x212560-NZ-CP113531_1734152_aligned_25407_F_333_345_12;0.8798791888411907;0.09148164390481024;0.8844344056459602;0.09378624392940149;
265;11;Rickettsia endosymbiont of Proechinophthirus fluctus;species;1462733;3;116;57;57;29;1.9655172413793103;6;29;3938;1312.6666666666667;2.485620467558292E-4;56.99304081946155;1.0001221057946443;229319;114295;0.8355590809081322;0.24325515710274345;0.8356603057284583;0.24335461983473952;1.267245568171087;1.3082212987148906E-5;2.485620467558292E-4;0.01717258491446413;1.264613922091061E-4;5.058455688364244E-4;3;1.3082212987148906E-5;57;2.485620467558292E-4;3938;0.01717258491446413;29;1.264613922091061E-4;116;5.058455688364244E-4;1462938x212560-NZ-CP113531_393213_aligned_112034_R_1_219_0;0.8355590809081322;0.24325515710274345;0.8356603057284583;0.24335461983473952;
266;11;Rickettsia endosymbiont of Culicoides newsteadi;species;1961830;2;1219;203;203;13;15.615384615384615;76;6;5824;2912.0;0.0013037893384714194;202.86837392310687;1.0006488250206167;155700;114295;0.8551439902179008;0.11822082710133718;0.8556239287857641;0.11754209146955757;21.86145184847239;1.2845215157353886E-5;0.0013037893384714194;0.037405266538214514;3.853564547206166E-5;0.007829158638407193;2;1.2845215157353886E-5;203;0.0013037893384714194;5824;0.037405266538214514;6;3.853564547206166E-5;1219;0.007829158638407193;1961830x103397-NZ-MWZE01000067_10559_aligned_51_R_9_5098_70;0.8551439902179008;0.11822082710133718;0.8556239287857641;0.11754209146955757;
267;11;Rickettsia sp. TH2014;species;1967503;9;545;315;314;79;3.9873417721518987;33;71;3776;419.55555555555554;5.547183744278362E-4;314.9126479578977;0.9971019012293856;566053;114295;0.8444104791453665;0.09671874569266115;0.8518440551273296;0.09960218194156936;4.9832891796845304;1.5899571241562185E-5;5.564849934546765E-4;0.006670753445348757;1.2542995090565726E-4;9.628073696279324E-4;9;1.5899571241562185E-5;315;5.564849934546765E-4;3776;0.006670753445348757;71;1.2542995090565726E-4;545;9.628073696279324E-4;1967503x5629-NZ-MXAX01000200_4047_aligned_999_F_18_1474_123;0.8444104791453665;0.09671874569266115;0.8518440551273296;0.09960218194156936;
268;11;Rickettsia endosymbiont of Cardiosporidium cionae;species;2777155;2;66;9;9;2;4.5;5;2;539;269.5;8.75900474348768E-6;8.99996496413166;1.0000038928894146;1027514;114295;0.8743740914230334;0.04654272546172363;0.8743740914230334;0.04654272546172363;0.7071067811865476;1.946445498552818E-6;8.75900474348768E-6;5.245670618599843E-4;1.946445498552818E-6;6.423270145224299E-5;2;1.946445498552818E-6;9;8.75900474348768E-6;539;5.245670618599843E-4;2;1.946445498552818E-6;66;6.423270145224299E-5;444612x54001-NZ-CM000770_1196013_aligned_104209_F_2_181_0;0.8743740914230334;0.04654272546172363;0.8743740914230334;0.04654272546172363;
269;11;Rickettsia endosymbiont of Halotydeus destructor;species;2996754;0;0;14;14;10;1.4;3;10;0;;1.0906569650132827E-5;13.999929107417762;1.0000050637815159;1283630;114295;;;;;0.6992058987801009;0.0;1.0906569650132827E-5;0.0;7.790406892952018E-6;0.0;0;0.0;14;1.0906569650132827E-5;0;0.0;10;7.790406892952018E-6;0;0.0;1462938x212560-NZ-CP113531_1593445_aligned_123175_F_225_210_27;;;;;
270;11;Rickettsia endosymbiont of Aspidapion aeneum;species;3066247;0;0;8;8;1;8.0;8;1;0;;6.915031549831446E-4;7.997580157318216;1.0003025718572598;11569;114295;;;;;;0.0;6.915031549831446E-4;0.0;8.643789437289307E-5;0.0;0;0.0;8;6.915031549831446E-4;0;0.0;1;8.643789437289307E-5;0;0.0;444612x54001-NZ-CM000770_762835_aligned_87797_R_14_328_183;;;;;
271;11;Rickettsia endosymbiont of Cantharis rufa;species;3066248;12;490;300;299;96;3.125;23;96;3601;300.0833333333333;3.1166416154001706E-4;299.95325520197366;0.9968219874749091;959366;114295;0.8123491214079593;0.1689313134766257;0.8171734550874331;0.16774849952402826;4.008543507638601;1.2508260663813394E-5;3.127065165953348E-4;0.003753520554199336;1.0006608531050715E-4;5.107539771057136E-4;12;1.2508260663813394E-5;300;3.127065165953348E-4;3601;0.003753520554199336;96;1.0006608531050715E-4;490;5.107539771057136E-4;444612x54001-NZ-CM000770_109540_aligned_195570_F_1_153_56;0.8123491214079593;0.1689313134766257;0.8171734550874331;0.16774849952402826;
272;11;Rickettsia endosymbiont of Ceutorhynchus obstrictus;species;3066249;0;0;1;1;1;1.0;1;1;0;;9.091983598061589E-6;1.0000000000051572;0.9999999999948428;109987;114295;;;;;;0.0;9.091983598061589E-6;0.0;9.091983598061589E-6;0.0;0;0.0;1;9.091983598061589E-6;0;0.0;1;9.091983598061589E-6;0;0.0;444612x47268-NZ-CM000772_36083_aligned_40082_R_1_1130_0;;;;;
273;11;Rickettsia endosymbiont of Orchestes rusci;species;3066250;1;44;30;30;9;3.3333333333333335;17;9;123;123.0;7.24919594334995E-5;29.998948889646492;1.0000350382394187;413839;114295;0.5268817204301075;;0.5268817204301075;;5.1478150704935;2.4163986477833167E-6;7.24919594334995E-5;2.97217033677348E-4;2.174758783004985E-5;1.0632154050246593E-4;1;2.4163986477833167E-6;30;7.24919594334995E-5;123;2.97217033677348E-4;9;2.174758783004985E-5;44;1.0632154050246593E-4;1462938x212560-NZ-CP113531_1107802_aligned_125495_F_2_122_0;0.5268817204301075;;0.5268817204301075;;
274;11;Rickettsia endosymbiont of Polydrusus tereticollis;species;3066251;4;183;172;172;38;4.526315789473684;26;38;617;154.25;1.3977171703053362E-4;171.98805007518183;1.000069481134375;1230578;114295;0.6336672676733529;0.32991826632676197;0.6336672676733529;0.32991826632676197;5.356162614375692;3.250505047221712E-6;1.3977171703053362E-4;5.013904035339491E-4;3.0879797948606266E-5;1.4871060591039331E-4;4;3.250505047221712E-6;172;1.3977171703053362E-4;617;5.013904035339491E-4;38;3.0879797948606266E-5;183;1.4871060591039331E-4;444612x47268-NZ-CM000772_44931_aligned_28330_R_23_1243_258;0.6336672676733529;0.32991826632676197;0.6336672676733529;0.32991826632676197;
275;11;Rickettsia endosymbiont of Rhinocyllus conicus;species;3066252;5;108;114;114;22;5.181818181818182;25;22;1684;336.8;0.0010736181874688039;113.93936189369374;1.0005321962954543;106183;114295;0.8652084776991323;0.13692992741385154;0.8714089239793393;0.12929729629782705;5.662208585049306;4.708851699424578E-5;0.0010736181874688039;0.015859412523661978;2.0718947477468144E-4;0.001017111967075709;5;4.708851699424578E-5;114;0.0010736181874688039;1684;0.015859412523661978;22;2.0718947477468144E-4;108;0.001017111967075709;1462938x212560-NZ-CP113531_839311_aligned_230122_F_61_147_1;0.8652084776991323;0.13692992741385154;0.8714089239793393;0.12929729629782705;
276;11;Rickettsia endosymbiont of Urophora cardui;species;3066265;20;841;691;652;85;8.129411764705882;63;78;6348;317.4;0.0012981350259527456;690.5255714185316;0.9442083349072947;502259;114295;0.7787713595575708;0.27247797318693323;0.7841516338537844;0.2726443532967931;12.63667021701799;3.9820092820636365E-5;0.0013757842069529863;0.012638897461269982;1.552983620004818E-4;0.0016744349031077592;20;3.9820092820636365E-5;691;0.0013757842069529863;6348;0.012638897461269982;78;1.552983620004818E-4;841;0.0016744349031077592;3066265x73211-NZ-CAXIPY010000004_67452_aligned_196831_F_3_375_9;0.7787713595575708;0.27247797318693323;0.7841516338537844;0.2726443532967931;
277;11;Rickettsia endosymbiont of Gonocerus acuteangulatus;species;3066266;43;5741;2510;2438;164;15.304878048780488;85;59;29831;693.7441860465116;0.0035363725636670357;2505.4381372028897;0.9730832958110158;689407;114295;0.7776632374306395;0.13647839741987272;0.7791040090060217;0.1349220756745626;16.257656261023637;6.237244472423402E-5;0.0036408101455308694;0.04327052089694477;8.55807962495304E-5;0.008327446631670407;43;6.237244472423402E-5;2510;0.0036408101455308694;29831;0.04327052089694477;59;8.55807962495304E-5;5741;0.008327446631670407;3066266x73572-NZ-OZ032147_1407647_aligned_1086_R_0_668_2;0.7776632374306395;0.13647839741987272;0.7791040090060217;0.1349220756745626;
278;11;Rickettsia endosymbiont of Pantilius tunicatus;species;3066267;11;772;356;356;37;9.621621621621621;47;28;7010;637.2727272727273;0.0011097118489794393;355.8030985747888;1.0005533999731873;320804;114295;0.7674432285210322;0.18231920979998134;0.7684385835309857;0.18335916240372702;12.581625383760928;3.4288849266218623E-5;0.0011097118489794393;0.021851348486926596;8.728070722310196E-5;0.0024064537848655252;11;3.4288849266218623E-5;356;0.0011097118489794393;7010;0.021851348486926596;28;8.728070722310196E-5;772;0.0024064537848655252;3066267x246428-NZ-OZ198175_147367_aligned_168363_F_3_231_1;0.7674432285210322;0.18231920979998134;0.7684385835309857;0.18335916240372702;
279;11;Rickettsia endosymbiont of Nabis limbatus;species;3066268;1;60;78;71;30;2.6;31;30;194;194.0;4.0952639138033467E-4;77.98268129522155;0.910458563629186;173371;114295;0.6341463414634146;;0.6341463414634146;;5.5373341027535306;5.767977343384995E-6;4.4990223278402965E-4;0.001118987604616689;1.7303932030154984E-4;3.460786406030997E-4;1;5.767977343384995E-6;78;4.4990223278402965E-4;194;0.001118987604616689;30;1.7303932030154984E-4;60;3.460786406030997E-4;1462938x212560-NZ-CP113531_1558048_aligned_212904_R_6_146_42;0.6341463414634146;;0.6341463414634146;;
280;11;Rickettsia sp. R1;species;3405422;0;0;11;10;3;3.6666666666666665;8;3;0;;0.0026716537536735237;10.985317675322873;0.9103059461324213;3743;114295;;;;;3.7859388972001824;0.0;0.002938819129040876;0.0;8.014961261020571E-4;0.0;0;0.0;11;0.002938819129040876;0;0.0;3;8.014961261020571E-4;0;0.0;444612x44192-NZ-GG688316_24743_aligned_95804_F_1_369_5;;;;;
281;10;belli group;species group;1129742;2;444;64;64;19;3.3684210526315788;9;19;1086;543.0;9.036739996046427E-4;63.971542573661;1.0004448450857073;70822;780;0.46791277258566977;0.3753613567420177;0.46791277258566977;0.3753613567420177;2.431518188653827;2.8239812487645084E-5;9.036739996046427E-4;0.01533421818079128;2.6827821863262827E-4;0.0062692383722572085;33;9.204553117055759E-5;708;0.0025480724001429307;13106;0.04209092657963898;201;7.043841198841636E-4;2408;0.010218830087813012;1462938x212560-NZ-CP113531_1257237_aligned_174908_R_93_178_16;0.7780963087728449;0.18878415222635953;0.7797328084427803;0.18996882674323246;
282;11;Rickettsia canadensis;species;788;13;864;254;254;67;3.791044776119403;21;67;4377;336.6923076923077;4.128013937735248E-4;253.94778775430507;1.0002056022860315;615308;1129742;0.7877483590586345;0.15979145894087807;0.7899773045208389;0.16144116881665613;4.311848768335344;2.1127630389983553E-5;4.128013937735248E-4;0.007113510632073693;1.0888855662529985E-4;0.0014041748197650607;20;5.004087095430171E-5;333;7.38879491114024E-4;7879;0.02154679202571976;89;1.994599665927187E-4;1276;0.0031033947529741585;42862x66326-NZ-JSEL01000012_22401_aligned_496_R_2_1367_16;0.818524893756878;0.13678731976701092;0.820692394138933;0.13826583864390482;
283;12;Rickettsia canadensis str. McKiel;strain;293613;4;256;47;47;16;2.9375;11;15;2258;564.5;1.9165368586737566E-4;46.99559223455732;1.0000937910393954;245234;788;0.8963061124705323;0.024111698160913835;0.8963061124705323;0.024111698160913835;2.9993054751614303;1.631095198871282E-5;1.9165368586737566E-4;0.009207532397628388;6.116606995767308E-5;0.0010439009272776205;4;1.631095198871282E-5;47;1.9165368586737566E-4;2258;0.009207532397628388;15;6.116606995767308E-5;256;0.0010439009272776205;1462938x212560-NZ-CP113531_1173475_aligned_177465_R_0_167_3;0.8963061124705323;0.024111698160913835;0.8963061124705323;0.024111698160913835;
284;12;Rickettsia canadensis str. CA410;strain;1105107;3;156;32;32;7;4.571428571428571;8;7;1244;414.6666666666667;1.3442441147312352E-4;31.997916509355584;1.0000651133221068;238052;788;0.8481815858310604;0.0640665034345366;0.8529728247085416;0.07234650324882114;2.819996622760558;1.260228857560533E-5;1.3442441147312352E-4;0.005225748996017677;2.940534000974577E-5;6.553190059314771E-4;3;1.260228857560533E-5;32;1.3442441147312352E-4;1244;0.005225748996017677;7;2.940534000974577E-5;156;6.553190059314771E-4;444612x54001-NZ-CM000770_1017148_aligned_23566_F_0_439_2;0.8481815858310604;0.0640665034345366;0.8529728247085416;0.07234650324882114;
285;11;Rickettsia bellii;species;33990;3;149;101;101;23;4.391304347826087;18;23;1203;401.0;1.5439388172205738E-4;100.99228069698766;1.0000764345844957;654171;1129742;0.7960224780088461;0.18242338551852255;0.7989760645067364;0.18530500244551068;4.59979377437711;4.585956882833388E-6;1.5439388172205738E-4;0.0018389687100161885;3.5159002768389305E-5;2.2776919184739158E-4;3;4.585956882833388E-6;123;6.898149745484945E-4;1203;0.0018389687100161885;28;1.6206744653687503E-4;149;2.2776919184739158E-4;444612x47881-NZ-CM000773_15139_aligned_18750_F_148_425_88;0.7960224780088461;0.18242338551852255;0.7989760645067364;0.18530500244551068;
286;12;Rickettsia bellii RML369-C;strain;336407;0;0;2;2;1;2.0;2;1;0;;6.608075067732769E-5;1.9999669596255212;1.0000165204601605;30266;33990;;;;;;0.0;6.608075067732769E-5;0.0;3.3040375338663845E-5;0.0;0;0.0;2;6.608075067732769E-5;0;0.0;1;3.3040375338663845E-5;0;0.0;444612x54001-NZ-CM000770_94265_aligned_119954_R_12_253_79;;;;;
287;12;Rickettsia bellii str. RML Mogi;strain;1359194;0;0;20;20;4;5.0;10;4;0;;4.6934034214910945E-4;19.995541894461034;1.0002229549747887;42613;33990;;;;;3.8297084310253524;0.0;4.6934034214910945E-4;0.0;9.386806842982188E-5;0.0;0;0.0;20;4.6934034214910945E-4;0;0.0;4;9.386806842982188E-5;0;0.0;1462938x86281-NZ-JFKF01000199_24485_aligned_20129_F_0_386_2;;;;;
288;11;Rickettsia oklahomensis;species;3141789;8;539;188;187;65;2.8923076923076922;16;65;2938;367.25;2.1455657352004726E-4;187.9798331134834;0.9947875625951222;871565;1129742;0.7478484168960552;0.22171559469914967;0.7480726321426919;0.22196217894171466;3.1181077841931883;9.178890845777423E-6;2.1570393487576944E-4;0.0033709476631117587;7.457848812194156E-5;6.184277707342539E-4;8;9.178890845777423E-6;188;2.1570393487576944E-4;2938;0.0033709476631117587;65;7.457848812194156E-5;539;6.184277707342539E-4;1462938x212560-NZ-CP113531_1060286_aligned_152750_F_1_169_1;0.7478484168960552;0.22171559469914967;0.7480726321426919;0.22196217894171466;
289;10;Rickettsia incertae sedis;no rank;2749451;0;0;0;0;0;;0;0;0;;;0.0;;0;780;;;;;;;;;;;20;1.058374654043785E-4;523;0.0027676497203244976;7919;0.04190634442686367;83;4.392254814281708E-4;895;0.004736226576845938;;0.7978689900739712;0.20171400112331386;0.7987812339414068;0.19914854934005158;
290;11;Candidatus Rickettsia colombianensi;species;1090944;20;895;523;501;87;6.011494252873563;34;83;7919;395.95;0.0026512285083796815;522.2783068314219;0.9592586815245804;188969;2749451;0.7978689900739712;0.20171400112331386;0.7987812339414068;0.19914854934005158;7.442015001068553;1.058374654043785E-4;0.0027676497203244976;0.04190634442686367;4.392254814281708E-4;0.004736226576845938;20;1.058374654043785E-4;523;0.0027676497203244976;7919;0.04190634442686367;83;4.392254814281708E-4;895;0.004736226576845938;1090944x246258-NZ-RAQN01000013_32097_aligned_213110_R_118_98_357;0.7978689900739712;0.20171400112331386;0.7987812339414068;0.19914854934005158;
291;7;Anaplasmataceae;family;942;3;108;896;771;120;7.466666666666667;80;92;1533;511.0;0.006197749196141479;892.7845560950853;0.8635902074429312;124400;766;0.9253823695912343;0.032738050139917055;0.9253823695912343;0.032738050139917055;9.574066278130688;2.4115755627009645E-5;0.007202572347266881;0.01232315112540193;7.395498392282958E-4;8.681672025723472E-4;81369;0.09963936428472833;4310292;2.2797145680462854;35912814;95.40132504012143;87512;0.11963321400706994;5754844;25.03796310618463;1173064x44808-NC-021880_90937_aligned_35934_F_1_318_4;0.7799272970169525;0.18788591412494152;0.7799298699597961;0.1878862185811379;
292;8;Anaplasma;genus;768;5;249;1846;1580;179;10.312849162011172;117;120;2127;425.4;0.0023934425732840305;1843.4227312018827;0.8571012894963408;660137;942;0.8919946557694075;0.062439162254040684;0.8919946557694075;0.062439162254040684;14.748925012613016;7.5741853584937676E-6;0.0027963892343558987;0.0032220584515032487;1.8178044860385042E-4;3.771944308529896E-4;79273;0.06836381763106786;4112805;1.7526497004470025;34590970;65.00384193730522;85050;0.08707079455493254;5534248;17.202157653439883;770x18998-NZ-VTSO01000020_7740_aligned_29879_F_147_2232_137;0.7793707690830337;0.18877308239125398;0.7793721989974305;0.1887729895307121;
293;9;Anaplasma marginale;species;770;2;2093;1583;1571;56;28.267857142857142;170;2;8034;4017.0;0.0011409705003565987;1582.0909465909967;0.9929896908803537;1376898;768;0.7682073978766084;0.11924120044203296;0.7682073978766084;0.11924120044203296;31.793933710367153;1.4525404205685534E-6;0.00114968574288001;0.005834854869423879;1.4525404205685534E-6;0.0015200835501249911;2;1.4525404205685534E-6;1583;0.00114968574288001;8034;0.005834854869423879;2;1.4525404205685534E-6;2093;0.0015200835501249911;770x109652-NZ-VTWW01000015_25077_aligned_32243_F_0_5495_0;0.7682073978766084;0.11924120044203296;0.7682073978766084;0.11924120044203296;
294;9;Anaplasma platys;species;949;1;78;16;16;3;5.333333333333333;11;2;553;553.0;1.366957059607017E-5;15.999897477917742;1.0000064076711992;1170483;768;0.8508604206500956;;0.8508604206500956;;4.932882862316248;8.543481622543856E-7;1.366957059607017E-5;4.7245453372667524E-4;1.7086963245087712E-6;6.663915665584208E-5;1;8.543481622543856E-7;16;1.366957059607017E-5;553;4.7245453372667524E-4;2;1.7086963245087712E-6;78;6.663915665584208E-5;212042x124275-NC-007797_92036_aligned_92675_R_108_446_1;0.8508604206500956;;0.8508604206500956;;
295;9;phagocytophilum group;species group;106179;0;0;0;0;0;;0;0;0;;;0.0;;0;768;;;;;;;;;;;79265;0.06835393655712654;4109346;1.748677111926128;34580256;64.99431256945057;84920;0.08688026048672551;5531828;17.200193736302246;;0.779363044584925;0.1887793138208194;0.7793644746436391;0.18877922101248612;
296;10;Anaplasma phagocytophilum;species;948;78583;5454450;4096507;574056;208444;19.652794035808178;440;83988;34109320;434.05469376328216;0.1076222691872818;2859339.8088737046;0.2007652249720263;5333989;106179;0.7795156015319041;0.1888021376675403;0.7795165721115622;0.1888022908887053;23.712187511742457;0.01473250132311859;0.7680006464205307;6.394711350173388;0.01574581424896077;1.022583661121161;79265;0.06835393655712654;4109346;1.748677111926128;34580256;64.99431256945057;84920;0.08688026048672551;5531828;17.200193736302246;1359162x189685-NZ-LANS01000001_976384_aligned_82472_R_25_492_0;0.779363044584925;0.1887793138208194;0.7793644746436391;0.18877922101248612;
297;11;Anaplasma phagocytophilum str. JM;strain;1173064;3;160;35;35;4;8.75;11;4;1194;398.0;0.11666666666666667;33.087489048804684;1.0578016345808026;300;948;0.855706204930426;0.07917311408480096;0.855706204930426;0.07917311408480096;3.8622100754188224;0.01;0.11666666666666667;3.98;0.013333333333333334;0.5333333333333333;3;0.01;35;0.11666666666666667;1194;3.98;4;0.013333333333333334;160;0.5333333333333333;1173064x44808-NC-021880_211503_aligned_68205_F_6_344_42;0.855706204930426;0.07917311408480096;0.855706204930426;0.07917311408480096;
298;11;Anaplasma phagocytophilum str. HZ2;strain;1184253;1;963;14;14;1;14.0;14;1;2455;2455.0;0.1686746987951807;12.954743095784076;1.0806852668931803;83;948;0.6028865979381444;;0.6028865979381444;;;0.012048192771084338;0.1686746987951807;29.57831325301205;0.012048192771084338;11.602409638554217;1;0.012048192771084338;14;0.1686746987951807;2455;29.57831325301205;1;0.012048192771084338;963;11.602409638554217;1184253x25152-NC-021879_1095500_aligned_24523_R_9_2464_0;0.6028865979381444;;0.6028865979381444;;
299;11;Anaplasma phagocytophilum str. HGE1;strain;1217107;0;0;1;1;1;1.0;1;1;0;;0.0020408163265306124;1.000000000000012;0.999999999999988;490;948;;;;;;0.0;0.0020408163265306124;0.0;0.0020408163265306124;0.0;0;0.0;1;0.0020408163265306124;0;0.0;1;0.0020408163265306124;0;0.0;1184254x45184-NC-021881_885571_aligned_39390_F_145_904_112;;;;;
300;11;Anaplasma phagocytophilum str. CRT38;strain;1269275;1;105;19;19;8;2.375;8;8;469;469.0;8.369675344698472E-4;18.992469172197;1.0003965165210864;22701;948;0.7608200455580866;;0.7608200455580866;;2.326094212561969;4.405092286683406E-5;8.369675344698472E-4;0.020659882824545173;3.5240738293467247E-4;0.004625346901017576;1;4.405092286683406E-5;19;8.369675344698472E-4;469;0.020659882824545173;8;3.5240738293467247E-4;105;0.004625346901017576;1184253x25152-NC-021879_1152022_aligned_4086_R_29_427_39;0.7608200455580866;;0.7608200455580866;;
301;11;Anaplasma phagocytophilum str. Annie;strain;1359151;6;406;60;44;17;3.5294117647058822;8;17;5068;844.6666666666666;0.012324929971988795;59.506875992356925;0.7394103499174006;3570;948;0.9025280293454346;0.12890259417483735;0.9025280293454346;0.12890259417483735;2.5523921881938407;0.0016806722689075631;0.01680672268907563;1.419607843137255;0.004761904761904762;0.11372549019607843;6;0.0016806722689075631;60;0.01680672268907563;5068;1.419607843137255;17;0.004761904761904762;406;0.11372549019607843;1359151x41837-NZ-LAON01000014_5792_aligned_16872_R_65_447_268;0.9025280293454346;0.12890259417483735;0.9025280293454346;0.12890259417483735;
302;11;Anaplasma phagocytophilum str. ApNYW;strain;1359154;3;1037;36;28;9;4.0;14;8;6634;2211.3333333333335;0.005037783375314861;35.88688066392277;0.780229417602977;5558;948;0.8695483013895574;0.09891224753858333;0.8700397711367388;0.09848979024131471;4.527692569068709;5.397625044980209E-4;0.006477150053976251;1.1935948182799567;0.0014393666786613889;0.18657790572148256;3;5.397625044980209E-4;36;0.006477150053976251;6634;1.1935948182799567;8;0.0014393666786613889;1037;0.18657790572148256;1173064x44808-NC-021880_1243625_aligned_364_F_0_2861_1;0.8695483013895574;0.09891224753858333;0.8700397711367388;0.09848979024131471;
303;11;Anaplasma phagocytophilum str. ApWI1;strain;1359155;4;1284;222;222;13;17.076923076923077;43;4;7603;1900.75;0.16591928251121077;204.63096314761538;1.0848798079489812;1338;948;0.7536378030097481;0.109419993994934;0.7536378030097481;0.109419993994934;12.5529647126455;0.0029895366218236174;0.16591928251121077;5.68236173393124;0.0029895366218236174;0.9596412556053812;4;0.0029895366218236174;222;0.16591928251121077;7603;5.68236173393124;4;0.0029895366218236174;1284;0.9596412556053812;1359155x119229-NZ-LAOF01000001_282_aligned_43001_R_25_427_6;0.7536378030097481;0.109419993994934;0.7536378030097481;0.109419993994934;
304;11;Anaplasma phagocytophilum str. CRT53-1;strain;1359157;603;62512;11365;484;868;13.09331797235023;45;729;391273;648.87728026534;0.01578140793635267;9497.060418287705;0.05096313792718441;30669;948;0.758042659666095;0.18872871734707064;0.7580624921396484;0.18874915383478633;10.238868051050746;0.019661547490951774;0.3705696305715869;12.757931461736607;0.023769930548762593;2.0382796961100786;603;0.019661547490951774;11365;0.3705696305715869;391273;12.757931461736607;729;0.023769930548762593;62512;2.0382796961100786;1359157x118545-NZ-LAOD01000041_7569_aligned_80567_F_4_409_48;0.758042659666095;0.18872871734707064;0.7580624921396484;0.18874915383478633;
305;11;Anaplasma phagocytophilum str. HGE2;strain;1359159;2;195;37;37;4;9.25;24;3;1038;519.0;0.07198443579766536;35.73320996801232;1.0354513359735016;514;948;0.7831145622806084;0.1890843096574027;0.7831145622806084;0.1890843096574027;10.242883708539635;0.0038910505836575876;0.07198443579766536;2.019455252918288;0.005836575875486381;0.37937743190661477;2;0.0038910505836575876;37;0.07198443579766536;1038;2.019455252918288;3;0.005836575875486381;195;0.37937743190661477;1359159x188929-NZ-LAOE01000001_9702_aligned_2181_R_0_550_0;0.7831145622806084;0.1890843096574027;0.7831145622806084;0.1890843096574027;
306;11;Anaplasma phagocytophilum str. NCH-1;strain;1359161;2;69;23;23;6;3.8333333333333335;13;6;799;399.5;0.006134969325153374;22.9326411745136;1.0029372467381237;3749;948;0.9099740061847353;0.033924519753516943;0.9099740061847353;0.033924519753516943;4.665476038590989;5.334755934915977E-4;0.006134969325153374;0.2131234995998933;0.0016004267804747934;0.018404907975460124;2;5.334755934915977E-4;23;0.006134969325153374;799;0.2131234995998933;6;0.0016004267804747934;69;0.018404907975460124;1184254x45184-NC-021881_463620_aligned_16776_F_34_420_1;0.9099740061847353;0.033924519753516943;0.9099740061847353;0.033924519753516943;
307;11;Anaplasma phagocytophilum str. Webster;strain;1359162;1;149;26;26;1;26.0;26;1;759;759.0;0.04735883424408015;25.416551323763873;1.0229554619273078;549;948;0.7956104252400549;;0.7956104252400549;;;0.0018214936247723133;0.04735883424408015;1.3825136612021858;0.0018214936247723133;0.27140255009107467;1;0.0018214936247723133;26;0.04735883424408015;759;1.3825136612021858;1;0.0018214936247723133;149;0.27140255009107467;1359162x189685-NZ-LANS01000001_953226_aligned_11077_F_274_393_67;0.7956104252400549;;0.7956104252400549;;
308;11;Anaplasma phagocytophilum str. MRK;strain;1392505;20;1653;361;360;55;6.5636363636363635;31;53;9457;472.85;0.003011040481766477;360.45705076161437;0.9987320243545004;119560;948;0.8044205717399426;0.14417060386467265;0.8050980785150104;0.1429663585450846;8.399214329138253;1.6728002676480428E-4;0.003019404483104717;0.0790983606557377;4.4329207092673136E-4;0.013825694212111075;20;1.6728002676480428E-4;361;0.003019404483104717;9457;0.0790983606557377;53;4.4329207092673136E-4;1653;0.013825694212111075;1173064x44808-NC-021880_785163_aligned_108319_F_61_326_32;0.8044205717399426;0.14417060386467265;0.8050980785150104;0.1429663585450846;
309;11;Anaplasma phagocytophilum str. Norway variant1;strain;1392506;25;6234;430;427;64;6.71875;40;59;27780;1111.2;0.0019943019943019944;429.5695036574296;0.9940184216161706;214110;948;0.7539957920286278;0.16586616393168496;0.7543997526855;0.165212816961525;8.744102320811749;1.1676241184437905E-4;0.00200831348372332;0.129746392041474;2.755592919527346E-4;0.02911587501751436;25;1.1676241184437905E-4;430;0.00200831348372332;27780;0.129746392041474;59;2.755592919527346E-4;6234;0.02911587501751436;1392506x142342-NZ-CP046639_389764_aligned_180576_R_83_135_319;0.7539957920286278;0.16586616393168496;0.7543997526855;0.165212816961525;
310;11;Anaplasma phagocytophilum str. Norway variant2;strain;1392507;10;2454;197;196;36;5.472222222222222;35;35;16030;1603.0;0.0015201340199789042;196.85034225568705;0.9956802602121841;128936;948;0.7800656283276306;0.20611095633439355;0.7800656283276306;0.20611095633439355;7.937203937735652;7.755785816218899E-5;0.001527889805795123;0.12432524663398896;2.7145250356766146E-4;0.019032698393001177;10;7.755785816218899E-5;197;0.001527889805795123;16030;0.12432524663398896;35;2.7145250356766146E-4;2454;0.019032698393001177;1392507x124255-NZ-CP015376_1053177_aligned_157301_F_33_192_23;0.7800656283276306;0.20611095633439355;0.7800656283276306;0.20611095633439355;
311;11;Anaplasma phagocytophilum str. CRT35;strain;1392508;1;157;13;13;3;4.333333333333333;10;3;377;377.0;6.506832173782471E-4;12.996096617118791;1.0003003504049106;19979;948;0.547550432276657;;0.547550432276657;;4.932882862316247;5.005255518294209E-5;6.506832173782471E-4;0.01886981330396917;1.5015766554882628E-4;0.007858251163721908;1;5.005255518294209E-5;13;6.506832173782471E-4;377;0.01886981330396917;3;1.5015766554882628E-4;157;0.007858251163721908;1173064x44808-NC-021880_1365550_aligned_8346_F_13_370_2;0.547550432276657;;0.547550432276657;;
312;9;Anaplasma bovis;species;186733;0;0;4;4;3;1.3333333333333333;2;3;0;;3.837092404859294E-6;3.999994244175226;1.000001438958264;1042456;768;;;;;0.5773502691896258;0.0;3.837092404859294E-6;0.0;2.8778193036444706E-6;0.0;0;0.0;4;3.837092404859294E-6;0;0.0;3;2.8778193036444706E-6;0;0.0;1184254x45184-NC-021881_331584_aligned_88671_R_2_410_0;;;;;
313;9;Anaplasma capra;species;1562740;0;0;2;2;1;2.0;2;1;0;;1.8513735803435964E-6;1.9999990744469747;1.000000462776727;1080279;768;;;;;;0.0;1.8513735803435964E-6;0.0;9.256867901717982E-7;0.0;0;0.0;2;1.8513735803435964E-6;0;0.0;1;9.256867901717982E-7;0;0.0;1173064x44808-NC-021880_144895_aligned_154776_R_1_251_38;;;;;
314;9;unclassified Anaplasma;no rank;2617684;0;0;0;0;0;;0;0;0;;;0.0;;0;768;;;;;;;;;;;0;0.0;8;7.155507057118835E-6;0;0.0;2;1.7888767642797088E-6;0;0.0;;;;;;
315;10;Candidatus Anaplasma sp. TIGMIC;species;3020713;0;0;8;8;2;4.0;6;2;0;;7.155507057118835E-6;7.999974955742375;1.0000031305420034;1118020;2617684;;;;;2.8284271247461903;0.0;7.155507057118835E-6;0.0;1.7888767642797088E-6;0.0;0;0.0;8;7.155507057118835E-6;0;0.0;2;1.7888767642797088E-6;0;0.0;1173064x44808-NC-021880_209577_aligned_24968_F_2_274_1;;;;;
316;8;Ehrlichia;genus;943;1568;158784;168848;155335;5618;30.054823780704876;378;1659;934768;596.1530612244898;0.14855324716062324;155920.67830233066;0.9962437419545146;1045652;942;0.8015551881866996;0.14905881242836388;0.8015625818740769;0.14905894699746106;38.11535089772272;0.001499542868946839;0.16147628465302033;0.8939570717600119;0.001586569910448218;0.15185166766763702;2093;0.03125143089803347;196591;0.5198622952520159;1320311;30.38515995169082;2370;0.031822869612909116;220488;7.834937285542178;2020671x138139-NZ-CP118226_353822_aligned_61767_F_70_9568_133;0.800797470780851;0.1490887117587058;0.8008433399553645;0.14910186165998454;
317;9;canis group;species group;106178;8;377;2209;2095;190;11.626315789473685;109;94;3632;454.0;0.008287675297189311;2199.380544230484;0.9525409349899454;252785;943;0.8917420884553019;0.08628606674306781;0.8917420884553019;0.08628606674306781;13.486906921620234;3.1647447435567774E-5;0.008738651423146152;0.01436794113574777;3.7185750736792135E-4;0.0014913859604011315;525;0.02975188802908663;27743;0.3583860105989956;385543;29.491202879930807;711;0.030236299702460896;61704;7.683085617874541;2020671x138139-NZ-CP118226_40500_aligned_61413_R_1_663_0;0.79853442146205;0.1492972596623849;0.7986952040914771;0.14935154657803157;
318;10;Ehrlichia ruminantium;species;779;4;874;244;244;12;20.333333333333332;57;5;3404;851.0;5.0465711651333226E-5;243.9938685356515;1.0000251295837281;4834966;106178;0.6812499040034592;0.1687440712596128;0.6812499040034592;0.1687440712596128;17.935912848164985;8.273067483825118E-7;5.0465711651333226E-5;7.040380428735176E-4;1.03413343547814E-6;1.8076652452157885E-4;4;8.273067483825118E-7;244;5.0465711651333226E-5;3404;7.040380428735176E-4;5;1.03413343547814E-6;874;1.8076652452157885E-4;779x130364-NZ-BDDM01000083_1165_aligned_55891_R_4_1255_2;0.6812499040034592;0.1687440712596128;0.6812499040034592;0.1687440712596128;
319;10;Ehrlichia canis;species;944;2;230;48;48;7;6.857142857142857;21;6;1198;599.0;4.2216433098387154E-5;47.99900792452525;1.0000206686662423;1136998;106178;0.7652618881252585;0.1381908879714151;0.7652618881252585;0.1381908879714151;8.395009855633909;1.7590180457661315E-6;4.2216433098387154E-5;0.0010536518094139127;5.277054137298394E-6;2.0228707526310512E-4;2;1.7590180457661315E-6;48;4.2216433098387154E-5;1198;0.0010536518094139127;6;5.277054137298394E-6;230;2.0228707526310512E-4;2020671x138139-NZ-CP118226_1023474_aligned_12228_R_1_292_51;0.7652618881252585;0.1381908879714151;0.7652618881252585;0.1381908879714151;
320;10;Ehrlichia chaffeensis;species;945;2;605;33;33;5;6.6;14;5;3454;1727.0;2.7738528227314717E-5;32.99955618738977;1.0000134490478512;1189681;106178;0.8229740160034158;0.0030583726192340444;0.8229740160034158;0.0030583726192340444;4.774934554525329;1.6811229228675587E-6;2.7738528227314717E-5;0.0029032992877922738;4.202807307168897E-6;5.085396841674365E-4;2;1.6811229228675587E-6;33;2.7738528227314717E-5;3454;0.0029032992877922738;5;4.202807307168897E-6;605;5.085396841674365E-4;2020671x138139-NZ-CP118226_548874_aligned_29737_F_1_3668_0;0.8229740160034158;0.0030583726192340444;0.8229740160034158;0.0030583726192340444;
321;10;Ehrlichia muris;species;35795;130;15504;8952;7858;455;19.674725274725276;204;169;85177;655.2076923076924;0.012189862774845881;8890.135592304874;0.8839010292263405;644634;106178;0.796005270789576;0.1684341928023998;0.7966221081037106;0.16864953610454916;25.748181550805846;2.0166482065792372E-4;0.01388694980407487;0.13213234176292285;2.6216426685530083E-4;0.024050856765234226;139;0.02939718051131334;9056;0.3356756303112122;102799;29.239297666898725;185;0.02949016180247951;19996;7.646696417551062;1359167x228351-NZ-LANU01000002_417234_aligned_4929_F_19_422_15;0.7933244425427508;0.16447828214421795;0.7939284961625794;0.16468044798960887;
322;11;Ehrlichia cf. muris str. EmCRT;strain;1359167;1;47;5;5;1;5.0;5;1;458;458.0;0.02040816326530612;4.959349931003748;1.0081966526987993;245;35795;0.8901869158878505;;0.8901869158878505;;;0.004081632653061225;0.02040816326530612;1.8693877551020408;0.004081632653061225;0.19183673469387755;1;0.004081632653061225;5;0.02040816326530612;458;1.8693877551020408;1;0.004081632653061225;47;0.19183673469387755;1359167x228878-NZ-LANU01000001_331009_aligned_47554_F_1_453_0;0.8901869158878505;;0.8901869158878505;;
323;11;Ehrlichia muris AS145;strain;1423892;2;2672;27;27;10;2.7;11;9;10666;5333.0;1.252871163082063E-4;26.998371330328133;1.0000603247378126;215505;35795;0.7867193366592695;0.06373682732232111;0.7867193366592695;0.06373682732232111;3.093002855909879;9.280527133941207E-6;1.252871163082063E-4;0.04949305120530846;4.1762372102735435E-5;0.012398784250945453;2;9.280527133941207E-6;27;1.252871163082063E-4;10666;0.04949305120530846;9;4.1762372102735435E-5;2672;0.012398784250945453;2020671x138139-NZ-CP118226_289171_aligned_42423_F_1_787_0;0.7867193366592695;0.06373682732232111;0.7867193366592695;0.06373682732232111;
324;11;Ehrlichia muris subsp. eauclairensis;subspecies;2020671;6;1773;72;67;7;10.285714285714286;18;6;6498;1083.0;0.2803347280334728;62.27827554067347;1.075816557512785;239;35795;0.7212977869318502;0.07482681068637191;0.7219268873182977;0.07473573981534912;5.282495802626057;0.02510460251046025;0.301255230125523;27.188284518828453;0.02510460251046025;7.418410041841004;6;0.02510460251046025;72;0.301255230125523;6498;27.188284518828453;6;0.02510460251046025;1773;7.418410041841004;2020671x138139-NZ-CP118226_316579_aligned_49938_F_1_293_4;0.7212977869318502;0.07482681068637191;0.7219268873182977;0.07473573981534912;
325;10;Ehrlichia japonica;species;391036;6;265;73;73;22;3.3181818181818183;22;22;2493;415.5;8.803814825624166E-5;72.9968307170856;1.0000434167193735;829186;106178;0.8701359624543389;0.06891981670897646;0.8701359624543389;0.06891981670897646;4.560559318625436;7.236012185444521E-6;8.803814825624166E-5;0.0030065630630521983;2.653204467996324E-5;3.1959053819046634E-4;6;7.236012185444521E-6;73;8.803814825624166E-5;2493;0.0030065630630521983;22;2.653204467996324E-5;265;3.1959053819046634E-4;2020671x138139-NZ-CP118226_198215_aligned_132301_R_5_273_5;0.8701359624543389;0.06891981670897646;0.8701359624543389;0.06891981670897646;
326;10;Ehrlichia minasensis;species;1242993;364;39357;16080;2142;810;19.85185185185185;161;394;268563;737.8104395604396;0.0018333908229459731;15969.856020760053;0.13412769640599778;1168327;106178;0.7986325545260831;0.14472918677810048;0.798633783721943;0.14473061401314757;23.798864174531577;3.115566104352634E-4;0.013763270043403945;0.22986971969320233;3.3723435305355433E-4;0.03368663054093589;364;3.115566104352634E-4;16080;0.013763270043403945;268563;0.22986971969320233;394;3.3723435305355433E-4;39357;0.03368663054093589;1242993x138247-NZ-QOHL01000046_2951_aligned_127113_R_0_1775_6;0.7986325545260831;0.14472918677810048;0.798633783721943;0.14473061401314757;
327;4;Spirochaetota;phylum;203691;0;0;0;0;0;;0;0;0;;;0.0;;0;3379134;;;;;;;;;;;19568;0.02538929575110534;1606664;1.8330070552694178;9847387;16.454604610513822;42188;0.12135701157279173;1627357;2.90525134277323;;0.7885575528136425;0.18018377139137876;0.7894519889661805;0.17982715299035584;
328;5;Spirochaetia;class;203692;3;187;781;379;47;16.617021276595743;128;29;1011;337.0;0.32588134135855545;568.9698033974842;0.6661161941053476;1163;203691;0.7640927295735326;0.16267042471405996;0.7640927295735326;0.16267042471405996;23.540486116189147;0.0025795356835769563;0.6715391229578676;0.8693035253654342;0.024935511607910577;0.16079105760963028;19568;0.02538929575110534;1606664;1.8330070552694178;9847387;16.454604610513822;42188;0.12135701157279173;1627357;2.90525134277323;139x174888-NZ-CP147298_302720_aligned_21133_F_92_439_1;0.7885575528136425;0.18018377139137876;0.7894519889661805;0.17982715299035584;
329;6;Spirochaetales;order;136;0;0;448;216;75;5.973333333333334;28;56;0;;0.14624238320920785;386.54750692622036;0.5587928938349809;1477;203692;;;;;6.1467929087503075;0.0;0.3033175355450237;0.0;0.037914691943127965;0.0;19565;0.022809760067528384;1605883;1.1614679323115502;9846376;15.585301085148394;42159;0.09642149996488114;1627170;2.7444602851635995;139x131684-NZ-CM135759_437507_aligned_7027_F_4_2321_1;0.7885613041282206;0.1801898249047557;0.7894558774291592;0.1798331447680158;
330;7;Borreliaceae;family;1643685;293;6476;122271;72517;12650;9.665691699604743;120;7431;97478;332.68941979522185;0.15159598375272024;107894.99833561257;0.6721071515700143;478357;136;0.8892007315826695;0.1464259926850691;0.8895381272512604;0.1461932036982683;10.050073109155857;6.125132484734205E-4;0.2556061686146539;0.2037766772515088;0.015534423035515317;0.013538006133494441;19565;0.022809760067528384;1605435;0.8581503967665264;9846376;15.585301085148394;42103;0.058506808021753155;1627170;2.7444602851635995;139x184812-NZ-CM135762_720982_aligned_20856_F_383_286_0;0.7885613041282206;0.1801898249047557;0.7894558774291592;0.1798331447680158;
331;8;Borrelia;genus;138;17;372;4087;3684;272;15.025735294117647;208;188;4177;245.7058823529412;6.92563477465744E-4;4085.4307158103798;0.9017409072054836;5319368;1643685;0.8489448119805902;0.10392482089279097;0.850556415526118;0.10163535622590736;28.31353319207921;3.1958683813565824E-6;7.683243573296677E-4;7.85243660525085E-4;3.534254445264926E-5;6.993311987439109E-5;55;2.1409654216501158E-4;6192;0.010010903839746716;27933;0.11719854481508256;291;3.8754075850224167E-4;5582;0.02541777423058331;1653839x5947-NZ-CP073224_11138_aligned_2617_R_133_742_160;0.775702021026316;0.1515073591813543;0.7784215615823564;0.14692208350804875;
332;9;Borrelia hermsii;species;140;1;263;165;165;15;11.0;26;4;1855;1855.0;1.9786379056657398E-4;164.98377622377492;1.0000983355854522;833907;138;0.8558904109589041;;0.8558904109589041;;7.445036697597362;1.1991744882822664E-6;1.9786379056657398E-4;0.002224468675763604;4.796697953129066E-6;3.1538289041823606E-4;1;1.1991744882822664E-6;174;2.1978816608727789E-4;1855;0.002224468675763604;7;1.210482312669704E-5;263;3.1538289041823606E-4;140x119168-NZ-CP084623_217549_aligned_61334_F_5_1744_0;0.8558904109589041;;0.8558904109589041;;
333;10;Borrelia hermsii YBT;strain;1313295;0;0;9;9;3;3.0;4;3;0;;2.1924375520703917E-5;8.999912303146587;1.000009744189772;410502;140;;;;;1.0;0.0;2.1924375520703917E-5;0.0;7.308125173567973E-6;0.0;0;0.0;9;2.1924375520703917E-5;0;0.0;3;7.308125173567973E-6;0;0.0;139x184812-NZ-CM135762_294563_aligned_167194_R_0_383_4;;;;;
334;9;Borrelia parkeri;species;141;0;0;14;14;1;14.0;14;1;0;;2.420202467223544E-5;13.999842687605014;1.0000112367259044;578464;138;;;;;;0.0;2.420202467223544E-5;0.0;1.728716048016817E-6;0.0;0;0.0;14;2.420202467223544E-5;0;0.0;1;1.728716048016817E-6;0;0.0;1653839x5947-NZ-CP073224_9619_aligned_32787_F_7_542_0;;;;;
335;9;Borrelia turicatae;species;142;0;0;2;2;1;2.0;2;1;0;;4.4137638812874065E-6;1.999997793111982;1.0000011034452267;453128;138;;;;;;0.0;4.4137638812874065E-6;0.0;2.2068819406437032E-6;0.0;0;0.0;2;4.4137638812874065E-6;0;0.0;1;2.2068819406437032E-6;0;0.0;1653839x5947-NZ-CP073224_7845_aligned_12995_F_137_511_13;;;;;
336;9;Borrelia anserina;species;143;0;0;10;10;2;5.0;6;2;0;;1.0998220487925054E-5;9.999950507908398;1.000004949233655;909238;138;;;;;1.4142135623730951;0.0;1.0998220487925054E-5;0.0;2.1996440975850108E-6;0.0;0;0.0;10;1.0998220487925054E-5;0;0.0;2;2.1996440975850108E-6;0;0.0;139x184812-NZ-CM135762_423216_aligned_76767_F_0_156_2;;;;;
337;9;Borrelia coriaceae;species;144;0;0;1;1;1;1.0;1;1;0;;6.866811327491966E-7;0.9999999999768372;1.0000000000231628;1456280;138;;;;;;0.0;6.866811327491966E-7;0.0;6.866811327491966E-7;0.0;0;0.0;1;6.866811327491966E-7;0;0.0;1;6.866811327491966E-7;0;0.0;139x151645-NZ-PHPQ01000001_415283_aligned_67680_R_0_540_0;;;;;
338;9;Borrelia crocidurae;species;29520;0;0;0;0;0;;0;0;0;;0.0;0.0;;236309;138;;;;;;0.0;0.0;0.0;0.0;0.0;0;0.0;4;1.66237220513673E-5;0;0.0;2;8.31186102568365E-6;0;0.0;;;;;;
339;10;Borrelia crocidurae str. Achema;strain;1155096;0;0;4;4;2;2.0;3;2;0;;1.66237220513673E-5;3.9999750644949517;1.0000062339151234;240620;29520;;;;;1.4142135623730951;0.0;1.66237220513673E-5;0.0;8.31186102568365E-6;0.0;0;0.0;4;1.66237220513673E-5;0;0.0;2;8.31186102568365E-6;0;0.0;412419x159301-NC-011264_5351_aligned_230326_R_8_66_0;;;;;
340;9;Borrelia duttonii;species;40834;1;16;87;87;7;12.428571428571429;33;3;159;159.0;0.0018491360071414909;86.92053501386107;1.0009142256904684;47049;138;0.875968992248062;;0.875968992248062;;10.341778423094404;2.1254436863695298E-5;0.0018491360071414909;0.003379455461327552;6.376331059108588E-5;3.4007098981912476E-4;8;4.7849534994233866E-5;359;0.0027928519050373028;2625;0.012215215130264703;13;1.0204720617814213E-4;546;0.002131550545465503;1432657x158172-NZ-AZIT01000111_1522_aligned_1037_R_4_1094_0;0.7799736017089328;0.1547956455269428;0.7800864175934094;0.15467549204665093;
341;10;Borrelia duttonii Ly;strain;412419;6;127;101;101;10;10.1;22;9;1328;221.33333333333334;3.9352284770276166E-4;100.98032638807985;1.0001948261866827;256656;40834;0.7880734600085932;0.16565959120547055;0.7880734600085932;0.16565959120547055;8.02011360407209;2.337759491303535E-5;3.9352284770276166E-4;0.00517424100741849;3.506639236955302E-5;4.948257589925815E-4;6;2.337759491303535E-5;101;3.9352284770276166E-4;1328;0.00517424100741849;9;3.506639236955302E-5;127;4.948257589925815E-4;412419x159301-NC-011264_15717_aligned_205792_F_32_124_180;0.7880734600085932;0.16565959120547055;0.7880734600085932;0.16565959120547055;
342;10;Borrelia duttonii CR2A;strain;1432657;1;403;171;171;9;19.0;38;1;1138;1138.0;5.501930501930502E-4;170.95324206719206;1.0002735129924565;310800;40834;0.6353790613718412;;0.6362815884476535;;11.715374513859981;3.2175032175032174E-6;5.501930501930502E-4;0.0036615186615186614;3.2175032175032174E-6;0.0012966537966537966;1;3.2175032175032174E-6;171;5.501930501930502E-4;1138;0.0036615186615186614;1;3.2175032175032174E-6;403;0.0012966537966537966;1432657x158172-NZ-AZIT01000111_1522_aligned_1037_R_4_1094_0;0.6353790613718412;;0.6362815884476535;;
343;9;Borrelia hispanica;species;40835;0;0;0;0;0;;0;0;0;;;0.0;;0;138;;;;;;;;;;;0;0.0;5;5.339096710262171E-6;0;0.0;2;2.1356386841048683E-6;0;0.0;;;;;;
344;10;Borrelia hispanica CRI;strain;1417229;0;0;5;5;2;2.5;3;2;0;;5.339096710262171E-6;4.999989321895828;1.0000021356253954;936488;40835;;;;;0.7071067811865476;0.0;5.339096710262171E-6;0.0;2.1356386841048683E-6;0.0;0;0.0;5;5.339096710262171E-6;0;0.0;2;2.1356386841048683E-6;0;0.0;139x44210-NZ-CP147359_563863_aligned_138790_R_0_612_1;;;;;
345;9;Borrelia persica;species;44448;0;0;0;0;0;;0;0;0;;;0.0;;0;138;;;;;;;;;;;1;6.94456018711423E-7;453;3.145885764762746E-4;1805;0.0012534931137741184;3;2.083368056134269E-6;478;3.3194997694406016E-4;;0.7307042253521127;;0.7307042253521127;;
346;10;Borrelia persica No12;strain;1417230;1;478;453;453;14;32.357142857142854;131;3;1805;1805.0;3.145885764762746E-4;452.9289103899749;1.0001569553375693;1439976;44448;0.7307042253521127;;0.7307042253521127;;40.765006001296186;6.94456018711423E-7;3.145885764762746E-4;0.0012534931137741184;2.083368056134269E-6;3.3194997694406016E-4;1;6.94456018711423E-7;453;3.145885764762746E-4;1805;0.0012534931137741184;3;2.083368056134269E-6;478;3.3194997694406016E-4;1417230x11113-NZ-AYOT01000072_1607_aligned_26965_R_93_1691_1;0.7307042253521127;;0.7307042253521127;;
347;9;Borrelia miyamotoi;species;47466;0;0;18;18;9;2.0;4;9;0;;5.8766779139752295E-6;17.999950049430147;1.0000027750393594;3062955;138;;;;;1.3228756555322954;0.0;5.8766779139752295E-6;0.0;2.9383389569876148E-6;0.0;0;0.0;18;5.8766779139752295E-6;0;0.0;9;2.9383389569876148E-6;0;0.0;139x207414-NZ-PHOD01000005_21585_aligned_335_R_1_1623_0;;;;;
348;9;Borrelia turcica;species;229155;0;0;0;0;0;;0;0;0;;;0.0;;0;138;;;;;;;;;;;0;0.0;8;7.102493419095941E-6;0;0.0;3;2.663435032160978E-6;0;0.0;;;;;;
349;10;Borrelia turcica IST7;strain;1104446;0;0;8;8;3;2.6666666666666665;4;3;0;;7.102493419095941E-6;7.999975141450058;1.0000031073283981;1126365;229155;;;;;1.5275252316519468;0.0;7.102493419095941E-6;0.0;2.663435032160978E-6;0.0;0;0.0;8;7.102493419095941E-6;0;0.0;3;2.663435032160978E-6;0;0.0;139x163430-NZ-PHOD01000001_707927_aligned_32752_F_270_810_1;;;;;
350;9;Borrelia venezuelensis;species;1653839;25;3751;949;903;59;16.084745762711865;58;26;16860;674.4;0.005275950313752527;946.3766461133268;0.9541655573481549;171154;138;0.7345150549360904;0.15361236268192918;0.7362199852496574;0.1520898333135759;13.403921371147481;1.4606728443390164E-4;0.005544714117110906;0.09850777662222326;1.519099758112577E-4;0.0219159353564626;25;1.4606728443390164E-4;949;0.005544714117110906;16860;0.09850777662222326;26;1.519099758112577E-4;3751;0.0219159353564626;1653839x5947-NZ-CP073224_135_aligned_548_R_128_529_1;0.7345150549360904;0.15361236268192918;0.7362199852496574;0.1520898333135759;
351;9;Candidatus Borrelia fainii;species;2518322;0;0;2;2;1;2.0;2;1;0;;3.459345768528256E-6;1.999998270344701;1.0000008648283973;578144;138;;;;;;0.0;3.459345768528256E-6;0.0;1.729672884264128E-6;0.0;0;0.0;2;3.459345768528256E-6;0;0.0;1;1.729672884264128E-6;0;0.0;139x44210-NZ-CP147359_710129_aligned_15967_F_115_486_1520;;;;;
352;9;unclassified Borrelia;no rank;2649934;1;8;16;16;5;3.2;6;5;214;214.0;1.9030695322136147E-5;15.99985727034602;1.0000089206829517;840747;138;0.9565217391304348;;0.9565217391304348;;2.16794833886788;1.1894184576335092E-6;1.9030695322136147E-5;2.54535549933571E-4;5.947092288167546E-6;9.515347661068074E-6;3;1.509022384852581E-5;98;2.804627727743277E-4;611;0.0022123476125317856;29;5.515000149009036E-5;172;6.530223414185174E-4;139x184812-NZ-CM135762_129176_aligned_190744_F_2_173_1;0.6807631764642025;0.2858628326173047;0.7069804049286219;0.24612538261835404;
353;10;Borrelia sp. HM;species;1882662;0;0;17;17;7;2.4285714285714284;6;7;0;;2.119772112028709E-5;16.999830419107454;1.000009975446129;801973;2649934;;;;;1.7182493859684491;0.0;2.119772112028709E-5;0.0;8.728473402471155E-6;0.0;0;0.0;17;2.119772112028709E-5;0;0.0;7;8.728473402471155E-6;0;0.0;139x230748-NZ-JAEIPF010000002_142246_aligned_165619_R_65_140_35;;;;;
354;10;Borrelia sp. A-FGy1;species;2608247;0;0;19;19;9;2.111111111111111;4;9;0;;1.6980401935050855E-5;18.99984717802953;1.0000080433262983;1118937;2649934;;;;;1.0540925533894596;0.0;1.6980401935050855E-5;0.0;8.043348285024089E-6;0.0;0;0.0;19;1.6980401935050855E-5;0;0.0;9;8.043348285024089E-6;0;0.0;139x184812-NZ-CM135762_855563_aligned_16302_R_0_295_9;;;;;
355;10;Borrelia sp. BU AG58;species;2887345;0;0;7;6;2;3.5;5;2;0;;7.084117997792117E-6;6.999975205398589;0.8571458932272534;846965;2649934;;;;;2.1213203435596424;0.0;8.264804330757469E-6;0.0;2.3613726659307056E-6;0.0;0;0.0;7;8.264804330757469E-6;0;0.0;2;2.3613726659307056E-6;0;0.0;139x100516-NZ-CP147265_148006_aligned_80220_F_158_901_98;;;;;
356;10;Borrelia sp. RT1S;species;2898580;1;143;22;22;2;11.0;20;1;297;297.0;6.340148993501347E-5;21.99933429712888;1.0000302601370628;346995;2649934;0.3857677902621723;;0.46441947565543074;;12.727922061357855;2.881885906136976E-6;6.340148993501347E-5;8.559201141226819E-4;2.881885906136976E-6;4.1210968457758756E-4;1;2.881885906136976E-6;22;6.340148993501347E-5;297;8.559201141226819E-4;1;2.881885906136976E-6;143;4.1210968457758756E-4;139x184812-NZ-CM135762_445609_aligned_156507_R_12_282_2;0.3857677902621723;;0.46441947565543074;;
357;10;Borrelia sp. RT5S;species;2898581;0;0;2;2;1;2.0;2;1;0;;6.383433712828468E-6;1.9999968082473343;1.0000015958788797;313311;2649934;;;;;;0.0;6.383433712828468E-6;0.0;3.191716856414234E-6;0.0;0;0.0;2;6.383433712828468E-6;0;0.0;1;3.191716856414234E-6;0;0.0;498739x106528-NZ-ABJY02000007_39700_aligned_25157_F_481_963_82;;;;;
358;10;Borrelia sp. P9F1;species;3058374;0;0;2;2;2;1.0;1;2;0;;1.958273116435003E-6;1.9999990207891618;1.000000489605659;1021308;2649934;;;;;0.0;0.0;1.958273116435003E-6;0.0;1.958273116435003E-6;0.0;0;0.0;2;1.958273116435003E-6;0;0.0;2;1.958273116435003E-6;0;0.0;139x24741-NZ-PHOH01000001_276568_aligned_42629_F_0_436_1;;;;;
359;10;Borrelia sp. MN22-0132;species;3085635;1;21;13;13;2;6.5;10;2;100;100.0;1.4324595330181923E-4;12.99914055898551;1.0000661152182015;90753;2649934;0.7;;0.7;;4.949747468305833;1.1018919484755325E-5;1.4324595330181923E-4;0.0011018919484755325;2.203783896951065E-5;2.3139730917986183E-4;1;1.1018919484755325E-5;13;1.4324595330181923E-4;100;0.0011018919484755325;2;2.203783896951065E-5;21;2.3139730917986183E-4;1653839x5947-NZ-CP073224_4687_aligned_187333_F_0_94_6;0.7;;0.7;;
360;9;Borrelia puertoricensis;species;2756107;0;0;8;8;3;2.6666666666666665;4;3;0;;1.1471918893533423E-5;7.9999598487185155;1.000005018935375;697355;138;;;;;1.5275252316519468;0.0;1.1471918893533423E-5;0.0;4.301969585075033E-6;0.0;0;0.0;8;1.1471918893533423E-5;0;0.0;3;4.301969585075033E-6;0;0.0;42109x2856-NZ-CP179270_18346_aligned_1142_R_6_696_32;;;;;
361;8;Borreliella;genus;64895;7640;364023;1069919;646343;57893;18.480973520114695;306;18668;3098601;405.5760471204188;0.10052165760896613;985641.6213485441;0.6557586307238938;6429888;1643685;0.8293650262600959;0.16747656893752425;0.8295605539824937;0.1674697711600015;21.11445283127328;0.0011882011008589885;0.1663977661819304;0.48190590567051866;0.002903316511889476;0.05661420541073188;19217;0.021983150276889952;1476972;0.5925333243121259;9720965;15.264325863081803;34381;0.0425848442277356;1615112;2.705504504799522;139x205052-NZ-PHQL01000006_6087_aligned_34313_F_0_859_1;0.7870636670530502;0.18030228246050295;0.7879615124488658;0.17995803624488924;
362;9;Borreliella burgdorferi;species;139;10886;1183139;377351;256221;26612;14.17973094844431;241;12434;6193033;568.8988609222855;0.14596908808130757;339547.0450273496;0.7545964653568464;1755310;64895;0.7570295818328001;0.18347904353696926;0.7581821189622204;0.18313968604597985;14.156701981684096;0.006201753536412372;0.21497684169747794;3.528170522585754;0.007083649042049552;0.6740342161783389;10940;0.019232529889455334;378126;0.38464277366283706;6238436;14.139920998113388;12557;0.034206859851731115;1191406;2.567321073564906;139x74196-NZ-JAJNGF010000010_23790_aligned_177512_R_394_393_451;0.7569774592675478;0.18342966297852822;0.7581292754487534;0.18309170860188353;
363;10;Borreliella burgdorferi B31;strain;224326;1;6;7;7;2;3.5;6;2;311;311.0;0.011182108626198083;6.9665428455505305;1.004802547718606;626;139;0.9786476868327402;;0.9786476868327402;;3.5355339059327378;0.001597444089456869;0.011182108626198083;0.4968051118210863;0.003194888178913738;0.009584664536741214;1;0.001597444089456869;7;0.011182108626198083;311;0.4968051118210863;2;0.003194888178913738;6;0.009584664536741214;224326x139331-NC-000957_5158_aligned_179217_F_55_36_220;0.9786476868327402;;0.9786476868327402;;
364;10;Borreliella burgdorferi 156a;strain;445983;2;612;37;37;2;18.5;31;2;3341;1670.5;0.01806640625;36.67664953592316;1.0088162487077816;2048;139;0.7915313683859956;0.04949099853752294;0.7915313683859956;0.04949099853752294;17.67766952966369;9.765625E-4;0.01806640625;1.63134765625;9.765625E-4;0.298828125;2;9.765625E-4;37;0.01806640625;3341;1.63134765625;2;9.765625E-4;612;0.298828125;445983x37838-NC-011851_14793_aligned_83963_F_8_369_261;0.7915313683859956;0.04949099853752294;0.7915313683859956;0.04949099853752294;
365;10;Borreliella burgdorferi ZS7;strain;445985;0;0;2;2;1;2.0;2;1;0;;6.112469437652812E-4;1.999694376528196;1.0001528350908975;3272;139;;;;;;0.0;6.112469437652812E-4;0.0;3.056234718826406E-4;0.0;0;0.0;2;6.112469437652812E-4;0;0.0;1;3.056234718826406E-4;0;0.0;498739x120805-NC-012152_6105_aligned_26454_F_0_255_5;;;;;
366;10;Borreliella burgdorferi 118a;strain;476210;9;947;121;121;16;7.5625;31;16;7397;821.8888888888889;0.014632966501390737;120.12621871639503;1.007273859886224;8269;139;0.758323694309471;0.16782967621116296;0.7588480395735141;0.16740657168934148;8.366351255674921;0.001088402467045592;0.014632966501390737;0.8945458943040271;0.0019349377191921636;0.11452412625468618;9;0.001088402467045592;121;0.014632966501390737;7397;0.8945458943040271;16;0.0019349377191921636;947;0.11452412625468618;476210x21432-NC-012236_27805_aligned_28106_F_8_437_1;0.758323694309471;0.16782967621116296;0.7588480395735141;0.16740657168934148;
367;10;Borreliella burgdorferi 72a;strain;476211;1;212;18;18;3;6.0;16;3;1484;1484.0;0.022304832713754646;17.81165609666933;1.0105741937924508;807;139;0.8541953232462174;;0.8541953232462174;;8.660254037844387;0.0012391573729863693;0.022304832713754646;1.838909541511772;0.0037174721189591076;0.26270136307311026;1;0.0012391573729863693;18;0.022304832713754646;1484;1.838909541511772;3;0.0037174721189591076;212;0.26270136307311026;476211x7219-NC-011972_2625_aligned_41648_F_257_1011_178;0.8541953232462174;;0.8541953232462174;;
368;10;Borreliella burgdorferi 94a;strain;476212;2;408;38;38;5;7.6;26;5;2512;1256.0;0.012183392112856685;37.77547199160313;1.0059437512374902;3119;139;0.8558636332221238;0.045888479580289826;0.8558636332221238;0.045888479580289826;10.310189135025603;6.412311638345624E-4;0.012183392112856685;0.8053863417762103;0.0016030779095864058;0.13081115742225072;2;6.412311638345624E-4;38;0.012183392112856685;2512;0.8053863417762103;5;0.0016030779095864058;408;0.13081115742225072;476212x61046-NC-012250_25781_aligned_37513_F_0_2057_1;0.8558636332221238;0.045888479580289826;0.8558636332221238;0.045888479580289826;
369;10;Borreliella burgdorferi WI91-23;strain;498737;4;1420;78;78;9;8.666666666666666;29;9;5015;1253.75;0.013771186440677966;77.47217287248435;1.0068131189296115;5664;139;0.6054559531133594;0.24476825360842683;0.6055655061370229;0.2447930239954126;10.965856099730654;7.062146892655367E-4;0.013771186440677966;0.8854166666666666;0.0015889830508474577;0.2507062146892655;4;7.062146892655367E-4;78;0.013771186440677966;5015;0.8854166666666666;9;0.0015889830508474577;1420;0.2507062146892655;139x243611-NZ-JAEIPK010000003_206401_aligned_160158_F_20_61_59;0.6054559531133594;0.24476825360842683;0.6055655061370229;0.2447930239954126;
370;10;Borreliella burgdorferi 29805;strain;498738;6;638;52;52;7;7.428571428571429;22;7;3680;613.3333333333334;0.02072538860103627;51.47499619306861;1.0101992005004186;2509;139;0.8213396533205075;0.10846811429698759;0.8242607966749271;0.10609071684354711;6.876460883747852;0.0023913909924272616;0.02072538860103627;1.4667198086887205;0.0027899561578318055;0.25428457552809886;6;0.0023913909924272616;52;0.02072538860103627;3680;1.4667198086887205;7;0.0027899561578318055;638;0.25428457552809886;498738x47030-NC-012501_6387_aligned_107889_R_344_244_139;0.8213396533205075;0.10846811429698759;0.8242607966749271;0.10609071684354711;
371;10;Borreliella burgdorferi CA-11.2A;strain;498739;2;263;29;29;10;2.9;11;8;1006;503.0;0.017251635930993457;28.759765214690916;1.008353155302755;1681;139;0.7136874700317719;0.23133155530297095;0.7136874700317719;0.23133155530297095;3.4140233677518315;0.001189767995240928;0.017251635930993457;0.5984533016061868;0.004759071980963712;0.15645449137418205;2;0.001189767995240928;29;0.017251635930993457;1006;0.5984533016061868;8;0.004759071980963712;263;0.15645449137418205;498739x120805-NC-012152_16848_aligned_13375_F_5_475_9;0.7136874700317719;0.23133155530297095;0.7136874700317719;0.23133155530297095;
372;10;Borreliella burgdorferi 64b;strain;498740;0;0;3;3;1;3.0;3;1;0;;0.0013015184381778742;2.9986986697782;1.0004339649845164;2305;139;;;;;;0.0;0.0013015184381778742;0.0;4.338394793926247E-4;0.0;0;0.0;3;0.0013015184381778742;0;0.0;1;4.338394793926247E-4;0;0.0;139x184812-NZ-CM135762_8728_aligned_54635_R_1_160_0;;;;;
373;10;Borreliella burgdorferi N40;strain;521007;0;0;3;3;1;3.0;3;1;0;;0.0032822757111597373;2.996718921325904;1.0010948903651746;914;139;;;;;;0.0;0.0032822757111597373;0.0;0.0010940919037199124;0.0;0;0.0;3;0.0032822757111597373;0;0.0;1;0.0010940919037199124;0;0.0;139x228057-NZ-PHQG01000012_4582_aligned_78543_R_108_153_39;;;;;
374;10;Borreliella burgdorferi JD1;strain;521008;11;1666;157;157;25;6.28;31;25;11179;1016.2727272727273;0.005971398143922105;156.5351448931668;1.0029696532823378;26292;139;0.6989723992173512;0.24904399237859515;0.6989723992173512;0.24904399237859515;8.023507130093838;4.183782139053705E-4;0.005971398143922105;0.4251863684771033;9.508595770576601E-4;0.06336528221512247;11;4.183782139053705E-4;157;0.005971398143922105;11179;0.4251863684771033;25;9.508595770576601E-4;1666;0.06336528221512247;139x184812-NZ-CM135762_355411_aligned_80123_R_89_377_3;0.6989723992173512;0.24904399237859515;0.6989723992173512;0.24904399237859515;
375;10;Borreliella burgdorferi 297;strain;521009;1;52;8;7;2;4.0;7;2;395;395.0;0.0032095369096744614;7.987173618333623;0.8764051383498561;2181;139;0.8575342465753425;;0.8575342465753425;;4.242640687119285;4.585052728106373E-4;0.0036680421824850985;0.18110958276020175;9.170105456212746E-4;0.02384227418615314;1;4.585052728106373E-4;8;0.0036680421824850985;395;0.18110958276020175;2;9.170105456212746E-4;52;0.02384227418615314;498738x47030-NC-012501_8929_aligned_59102_R_31_168_198;0.8575342465753425;;0.8575342465753425;;
376;10;Borreliella burgdorferi CA8;strain;747491;14;1901;212;211;40;5.3;31;40;8487;606.2142857142857;0.0043264301824892356;211.54205593078044;0.997437597321273;48770;139;0.7345890267749043;0.13076063871341187;0.7368508590552787;0.13100148348137383;7.397851385923154;2.8706171826942795E-4;0.004346934590937051;0.17402091449661677;8.201763379126512E-4;0.03897888045929875;14;2.8706171826942795E-4;212;0.004346934590937051;8487;0.17402091449661677;40;8.201763379126512E-4;1901;0.03897888045929875;139x7538-NZ-JAJNFU010000004_12184_aligned_93641_R_216_268_105;0.7345890267749043;0.13076063871341187;0.7368508590552787;0.13100148348137383;
377;10;Borreliella burgdorferi CA382;strain;1328311;1;142;10;10;1;10.0;10;1;596;596.0;0.020366598778004074;9.908846293755982;1.0091992249694557;491;139;0.7491166077738516;;0.7491166077738516;;;0.002036659877800407;0.020366598778004074;1.2138492871690427;0.002036659877800407;0.2892057026476578;1;0.002036659877800407;10;0.020366598778004074;596;1.2138492871690427;1;0.002036659877800407;142;0.2892057026476578;139x122022-NZ-PHOL01000001_789918_aligned_34334_R_23_567_8;0.7491166077738516;;0.7491166077738516;;
378;9;Borreliella afzelii;species;29518;17;3572;1774;1773;173;10.254335260115607;105;103;19619;1154.0588235294117;0.0018855884886577546;1772.3285330747428;1.0003788614315723;940290;64895;0.8224555423381803;0.1458336625972637;0.8243947257265696;0.14659833490252702;16.93434813607905;1.807952865605292E-5;0.0018866519903434048;0.02086483957077072;1.095406736219677E-4;0.0037988280211424135;17;1.807952865605292E-5;1796;0.0026740762349715553;19619;0.02086483957077072;111;4.071290704922877E-4;3572;0.0037988280211424135;390236x55564-NC-017241_20672_aligned_119400_R_0_10085_1;0.8224555423381803;0.1458336625972637;0.8243947257265696;0.14659833490252702;
379;10;Borreliella afzelii PKo;strain;390236;0;0;8;8;3;2.6666666666666665;4;3;0;;2.3245677756792097E-4;7.999186448569544;1.000101704271514;34415;29518;;;;;1.5275252316519468;0.0;2.3245677756792097E-4;0.0;8.717129158797036E-5;0.0;0;0.0;8;2.3245677756792097E-4;0;0.0;3;8.717129158797036E-5;0;0.0;476211x23468-NC-011975_2107_aligned_47892_R_282_524_5;;;;;
380;10;Borreliella afzelii K78;strain;411555;0;0;13;13;4;3.25;5;4;0;;4.976838559013821E-4;12.997014315980918;1.0002297207609758;26121;29518;;;;;1.707825127659933;0.0;4.976838559013821E-4;0.0;1.5313349412350216E-4;0.0;0;0.0;13;4.976838559013821E-4;0;0.0;4;1.5313349412350216E-4;0;0.0;139x110227-NZ-PHQM01000002_8137_aligned_6033_R_140_409_56;;;;;
381;10;Borreliella afzelii Tom3107;strain;1398490;0;0;1;1;1;1.0;1;1;0;;5.7283611158847455E-5;1.0000000000003033;0.9999999999996967;17457;29518;;;;;;0.0;5.7283611158847455E-5;0.0;5.7283611158847455E-5;0.0;0;0.0;1;5.7283611158847455E-5;0;0.0;1;5.7283611158847455E-5;0;0.0;139x131684-NZ-CM135759_437507_aligned_7027_F_4_2321_1;;;;;
382;9;Borreliella garinii;species;29519;65;10174;4839;4674;427;11.33255269320843;145;240;54285;835.1538461538462;0.0021439609701859154;4833.634644423733;0.966974201368758;2180077;64895;0.79297762895418;0.1478228289124199;0.7976335776582889;0.1459255732937661;16.30639564016602;2.9815460646573493E-5;0.002219646370288756;0.024900496633834493;1.1008785469504059E-4;0.004666807640280595;70;7.9786822019313E-4;4893;0.010518059453954964;57026;0.21684742273779992;253;0.0011147009741404282;10451;0.016682235498715323;29519x193717-NZ-JAEIQH010000026_1262_aligned_33965_F_9_3056_281;0.8002537558175166;0.14528541819098192;0.8047298265151743;0.1433752316530626;
383;10;Borreliella garinii PBr;strain;498743;1;11;11;11;1;11.0;11;1;198;198.0;0.007147498375568551;10.964332081399151;1.0032530863107803;1539;29519;0.9345238095238095;;0.9345238095238095;;;6.49772579597141E-4;0.007147498375568551;0.1286549707602339;6.49772579597141E-4;0.007147498375568551;1;6.49772579597141E-4;11;0.007147498375568551;198;0.1286549707602339;1;6.49772579597141E-4;11;0.007147498375568551;139x192706-NZ-JAJNFO010000006_12397_aligned_238967_R_5_112_78;0.9345238095238095;;0.9345238095238095;;
384;10;Borreliella garinii BgVir;strain;1081646;3;243;34;34;9;3.7777777777777777;11;9;2080;693.3333333333334;4.1962357297130516E-4;33.99307712242578;1.0002036555134237;81025;29519;0.8642703328635243;0.03658010599426264;0.8678330938865139;0.04055263547072355;3.3829638550307397;3.7025609379821044E-5;4.1962357297130516E-4;0.025671089170009258;1.1107682813946312E-4;0.0029990743597655043;3;3.7025609379821044E-5;34;4.1962357297130516E-4;2080;0.025671089170009258;9;1.1107682813946312E-4;243;0.0029990743597655043;139x151645-NZ-PHPQ01000001_655291_aligned_36916_F_17_654_226;0.8642703328635243;0.03658010599426264;0.8678330938865139;0.04055263547072355;
385;10;Borreliella garinii IPT108;strain;1408841;1;23;9;9;3;3.0;4;3;463;463.0;7.312911351263509E-4;8.997075389988977;1.000325062299053;12307;29519;0.9468822170900693;;0.9468822170900693;;1.7320508075688772;8.125457056959453E-5;7.312911351263509E-4;0.03762086617372227;2.4376371170878363E-4;0.0018688551231006744;1;8.125457056959453E-5;9;7.312911351263509E-4;463;0.03762086617372227;3;2.4376371170878363E-4;23;0.0018688551231006744;139x73336-NZ-PHQF01000001_183066_aligned_85872_F_3_399_2;0.9468822170900693;;0.9468822170900693;;
386;9;Borreliella japonica;species;34095;22;1084;613;613;137;4.474452554744525;31;135;8272;376.0;6.580995630562444E-4;612.7986655896641;1.0003285490351748;931470;64895;0.8026590224433142;0.18850459471463582;0.8073946700124602;0.18450551688523567;5.6361233704231015;2.361858138211644E-5;6.580995630562444E-4;0.00888058659967578;1.4493220393571452E-4;0.0011637519190097372;22;2.361858138211644E-5;613;6.580995630562444E-4;8272;0.00888058659967578;135;1.4493220393571452E-4;1084;0.0011637519190097372;139x163430-NZ-PHOD01000001_384430_aligned_56973_F_37_386_0;0.8026590224433142;0.18850459471463582;0.8073946700124602;0.18450551688523567;
387;9;Borreliella andersonii;species;42109;90;10515;7824;7259;550;14.225454545454545;195;308;70504;783.3777777777777;0.007445914799204429;7792.6921885955735;0.9315137598561098;974897;64895;0.7910476799347508;0.17300326586647702;0.7936596543439153;0.1726739524633134;22.575194877246425;9.231744481724736E-5;0.00802546320277937;0.07231943477105787;3.1593081115235765E-4;0.010785754802815066;90;9.231744481724736E-5;7824;0.00802546320277937;70504;0.07231943477105787;308;3.1593081115235765E-4;10515;0.010785754802815066;42109x2856-NZ-CP179270_11713_aligned_60463_R_56_719_331;0.7910476799347508;0.17300326586647702;0.7936596543439153;0.1726739524633134;
388;9;Borreliella tanukii;species;56146;18;1962;1051;1051;125;8.408;120;103;11149;619.3888888888889;0.0012645967067543421;1050.3363659391514;1.0006318300330916;831095;64895;0.8164492569534123;0.16587889312093707;0.8322055059271746;0.15521998294277756;14.261439098537368;2.1658173854974462E-5;0.0012645967067543421;0.013414832239395016;1.2393288372568718E-4;0.002360740950192216;18;2.1658173854974462E-5;1051;0.0012645967067543421;11149;0.013414832239395016;103;1.2393288372568718E-4;1962;0.002360740950192216;56146x118422-NZ-CP179581_5117_aligned_25700_R_37_2542_79;0.8164492569534123;0.16587889312093707;0.8322055059271746;0.15521998294277756;
389;9;Borreliella turdi;species;57863;27;1778;934;933;179;5.217877094972067;88;167;14347;531.3703703703703;6.659338776908582E-4;933.689077842278;0.9992619836103572;1401040;64895;0.8478542126541488;0.12059974248460836;0.8512484120684047;0.1208124260419939;8.964506413809767;1.9271398389767602E-5;6.666476331867755E-4;0.01024025009992577;1.191971678181922E-4;0.0012690572717409924;27;1.9271398389767602E-5;934;6.666476331867755E-4;14347;0.01024025009992577;167;1.191971678181922E-4;1778;0.0012690572717409924;57863x222544-NZ-QBLM01000005_30627_aligned_1454_F_3_1124_22;0.8478542126541488;0.12059974248460836;0.8512484120684047;0.1208124260419939;
390;9;Borreliella valaisiana;species;62088;29;1949;737;716;155;4.754838709677419;35;147;13333;459.7586206896552;6.237238053424209E-4;736.7637880028509;0.9718175779795918;1147944;64895;0.788066249659624;0.20759900541698587;0.7906012251695822;0.2087812937435303;5.702974771121671;2.5262556361634365E-5;6.420173806387768E-4;0.011614678067919689;1.2805502707449143E-4;0.0016978180120284614;29;2.5262556361634365E-5;737;6.420173806387768E-4;13333;0.011614678067919689;147;1.2805502707449143E-4;1949;0.0016978180120284614;62088x140970-NZ-JAEIPW010000031_383_aligned_175984_F_279_137_175;0.788066249659624;0.20759900541698587;0.7906012251695822;0.2087812937435303;
391;9;Borreliella bissettiae;species;64897;22;1407;526;516;113;4.654867256637168;26;110;9685;440.22727272727275;0.001125536593026908;525.6989355164684;0.9815503991710773;458448;64895;0.8002939629926772;0.1896428081378716;0.8080284524418169;0.17098250862104578;5.258954797540953;4.798799427634105E-5;0.0011473493176979723;0.021125623843925592;2.3993997138170524E-4;0.0030690503612187205;23;6.474964362263673E-5;559;0.0017004837461257296;10120;0.028416941309564212;122;4.410797635372533E-4;1462;0.003990941075264983;139x174888-NZ-CP147298_161336_aligned_30765_F_19_544_137;0.803072378987091;0.1857611373803377;0.8104705862862681;0.1674614170358846;
392;10;Borreliella bissettiae DN127;strain;521010;1;55;33;30;13;2.5384615384615383;13;12;435;435.0;5.028494803888703E-4;32.99115138179423;0.9093347380581308;59660;64897;0.8641975308641975;;0.8641975308641975;;3.281650616569468;1.6761649346295674E-5;5.531344284277573E-4;0.007291317465638619;2.011397921555481E-4;9.218907140462622E-4;1;1.6761649346295674E-5;33;5.531344284277573E-4;435;0.007291317465638619;12;2.011397921555481E-4;55;9.218907140462622E-4;139x155995-NZ-PHON01000017_6829_aligned_54553_F_0_432_6;0.8641975308641975;;0.8641975308641975;;
393;9;Borreliella sinica;species;87162;8;638;278;278;87;3.1954022988505746;19;85;4100;512.5;3.5803057426558654E-4;277.95041863064205;1.0001783820639747;776470;64895;0.7926504857629801;0.16751744388393183;0.7953582233882862;0.16828122990425784;3.1946142193842952;1.0303038108362204E-5;3.5803057426558654E-4;0.005280307030535629;1.0946977990134841E-4;8.216672891418857E-4;8;1.0303038108362204E-5;278;3.5803057426558654E-4;4100;0.005280307030535629;85;1.0946977990134841E-4;638;8.216672891418857E-4;139x184812-NZ-CM135762_421653_aligned_73920_R_1_1079_4;0.7926504857629801;0.16751744388393183;0.7953582233882862;0.16828122990425784;
394;9;Borreliella spielmanii;species;88916;16;1818;524;524;112;4.678571428571429;42;97;10913;682.0625;6.65537116395329E-4;523.8260004982952;1.0003321704183055;787334;64895;0.8166518352137324;0.12475510693731533;0.8203956971171273;0.12264181985855903;6.037740591836607;2.0321744012071117E-5;6.65537116395329E-4;0.013860699525233255;1.2320057307318115E-4;0.0023090581633715807;16;2.0321744012071117E-5;524;6.65537116395329E-4;10913;0.013860699525233255;97;1.2320057307318115E-4;1818;0.0023090581633715807;498742x163907-NC-012183_12292_aligned_440_F_279_2618_78;0.8166518352137324;0.12475510693731533;0.8203956971171273;0.12264181985855903;
395;9;Borreliella lusitaniae;species;100177;25;1949;515;514;126;4.087301587301587;20;122;12573;502.92;4.330532529123674E-4;514.88850485378;0.9982743742666536;1186921;64895;0.7916257715348516;0.16198866678645718;0.7995061026705789;0.15641567632994277;3.6573648246131336;2.1062901406243548E-5;4.3389576896861714E-4;0.010592954375228007;1.0278695886246853E-4;0.001642063793630747;25;2.1062901406243548E-5;515;4.3389576896861714E-4;12573;0.010592954375228007;122;1.0278695886246853E-4;1949;0.001642063793630747;476212x156533-NZ-ABGK02000007_12269_aligned_113950_R_117_320_54;0.7916257715348516;0.16198866678645718;0.7995061026705789;0.15641567632994277;
396;9;Borreliella lanei;species;373540;23;1266;640;640;130;4.923076923076923;31;127;9440;410.4347826086956;0.0014825796886582653;639.5265490683371;1.0007403147411982;431680;64895;0.7810893991730926;0.21675577230880877;0.794444160012408;0.21315264766466685;6.065042015122382;5.328020756115641E-5;0.0014825796886582653;0.021868050407709415;2.9419940696812454E-4;0.0029327279466271313;23;5.328020756115641E-5;640;0.0014825796886582653;9440;0.021868050407709415;127;2.9419940696812454E-4;1266;0.0029327279466271313;139x61255-NZ-JBTFXX010000012_21923_aligned_144808_R_5_173_0;0.7810893991730926;0.21675577230880877;0.794444160012408;0.21315264766466685;
397;9;Borreliella californiensis;species;373543;21;2029;549;549;142;3.8661971830985915;31;140;11129;529.952380952381;9.765816086024566E-4;548.7325033992354;1.000487480874757;562165;64895;0.7902162036933946;0.11457935704235961;0.7953748496358188;0.11776402999148501;5.020848552564938;3.735558065692457E-5;9.765816086024566E-4;0.01979667891099588;2.490372043794971E-4;0.003609260626328569;21;3.735558065692457E-5;549;9.765816086024566E-4;11129;0.01979667891099588;140;2.490372043794971E-4;2029;0.003609260626328569;139x44210-NZ-CP147359_902918_aligned_47252_F_30_425_4;0.7902162036933946;0.11457935704235961;0.7953748496358188;0.11776402999148501;
398;9;Borreliella carolinensis;species;478174;37;4047;1620;1604;223;7.26457399103139;58;167;21142;571.4054054054054;0.0026239978013385006;1617.8565770604898;0.9914352253117108;611281;64895;0.7609957355777944;0.19221193198422773;0.7674072315753658;0.19363875014830076;9.67149385559335;6.0528627586985364E-5;0.0026501723429977375;0.034586384984974176;2.731967785682853E-4;0.006620523130933237;37;6.0528627586985364E-5;1620;0.0026501723429977375;21142;0.034586384984974176;167;2.731967785682853E-4;4047;0.006620523130933237;478174x169354-NZ-CP124071_39694_aligned_6760_F_1_7016_4;0.7609957355777944;0.19221193198422773;0.7674072315753658;0.19363875014830076;
399;9;Borreliella americana;species;478807;46;4208;1586;1580;326;4.865030674846626;51;297;28485;619.2391304347826;0.0015491957908938664;1584.7682378563982;0.996991208088037;1019884;64895;0.8336204746849852;0.13906671074301383;0.8370485728733275;0.1370157020577919;6.493561627831123;4.510316859564421E-5;0.0015550788128846026;0.027929646901020115;2.91209588541442E-4;0.004125959422836323;46;4.510316859564421E-5;1586;0.0015550788128846026;28485;0.027929646901020115;297;2.91209588541442E-4;4208;0.004125959422836323;478807x46813-NZ-JAJNFF010000046_1132_aligned_25446_R_32_2648_349;0.8336204746849852;0.13906671074301383;0.8370485728733275;0.1370157020577919;
400;9;Borreliella finlandensis;species;498741;60;4230;1650;1648;252;6.5476190476190474;43;240;25499;424.98333333333335;0.00328827255948521;1647.2885018470606;1.0004319207911314;501175;64895;0.7710748858393485;0.1897954947214406;0.778993560989301;0.1839657168600611;8.38952785175737;1.1971866114630618E-4;0.00329226318152342;0.05087843567616102;4.788746445852247E-4;0.008440165610814586;60;1.1971866114630618E-4;1650;0.00329226318152342;25499;0.05087843567616102;240;4.788746445852247E-4;4230;0.008440165610814586;498741x168859-NZ-CP124070_329085_aligned_79058_F_174_261_6;0.7710748858393485;0.1897954947214406;0.778993560989301;0.1839657168600611;
401;9;Borreliella bavariensis;species;664662;32;1955;906;902;157;5.770700636942675;41;137;15798;493.6875;5.98895032026277E-4;905.7278526347119;0.9958841360306324;1506107;64895;0.7460921443272656;0.23657881535621259;0.7486756235322604;0.23816739109970586;7.3343874051297036;2.1246830404479893E-5;6.01550885826837E-4;0.010489294585311669;9.096299266917955E-5;0.0012980485450236935;32;2.1246830404479893E-5;906;6.01550885826837E-4;15798;0.010489294585311669;137;9.096299266917955E-5;1955;0.0012980485450236935;664662x93885-NZ-JACGTQ010000009_22965_aligned_136419_R_0_113_0;0.7460921443272656;0.23657881535621259;0.7486756235322604;0.23816739109970586;
402;9;Borreliella yangtzensis;species;683292;34;1684;1129;1119;155;7.283870967741936;60;138;17602;517.7058823529412;9.296436698244643E-4;1128.4711603729002;0.9916070869106035;1203687;64895;0.7787299616232141;0.214942088421708;0.7800789643557104;0.21494800755879673;11.095661278356589;2.8246545821297397E-5;9.379514774189635E-4;0.014623402927837552;1.1464774480408943E-4;0.001399034798913671;34;2.8246545821297397E-5;1129;9.379514774189635E-4;17602;0.014623402927837552;138;1.1464774480408943E-4;1684;0.001399034798913671;683292x19528-NZ-CP179651_36452_aligned_147891_F_20_90_584;0.7787299616232141;0.214942088421708;0.7800789643557104;0.21494800755879673;
403;9;Borreliella kurtenbachii;species;1196056;14;1266;457;457;110;4.154545454545454;31;108;10830;773.5714285714286;0.0011498041307405292;456.73794465589174;1.0005737542658202;397459;64895;0.8500513199411254;0.10247370347682022;0.8526362329086086;0.10198595251829161;5.16371668229185;3.522375892859389E-5;0.0011498041307405292;0.02724809351404799;2.7172614030629574E-4;0.0031852342002571333;14;3.522375892859389E-5;457;0.0011498041307405292;10830;0.02724809351404799;108;2.7172614030629574E-4;1266;0.0031852342002571333;139x45972-NZ-CP031412_41606_aligned_11184_F_0_650_0;0.8500513199411254;0.10247370347682022;0.8526362329086086;0.10198595251829161;
404;9;Borreliella mayonii;species;1674146;25;1820;650;649;152;4.276315789473684;27;146;12047;481.88;0.0012253814448172408;649.6019133803832;0.9990734119343169;529631;64895;0.8310805845732067;0.09653633412518088;0.8361159684205752;0.09520287268172879;4.838035516736726;4.720267507000157E-5;0.0012272695518200408;0.022746025062732354;2.7566362240880916E-4;0.003436354745096114;25;4.720267507000157E-5;650;0.0012272695518200408;12047;0.022746025062732354;146;2.7566362240880916E-4;1820;0.003436354745096114;139x214077-NZ-CP179369_5750_aligned_190556_F_277_138_35;0.8310805845732067;0.09653633412518088;0.8361159684205752;0.09520287268172879;
405;9;Candidatus Borreliella tachyglossi;species;1964448;0;0;16;16;7;2.2857142857142856;4;6;0;;1.2625405788432919E-5;15.999905310859695;1.0000059181062928;1267286;64895;;;;;1.1126972805283737;0.0;1.2625405788432919E-5;0.0;4.7345271706623444E-6;0.0;0;0.0;16;1.2625405788432919E-5;0;0.0;6;4.7345271706623444E-6;0;0.0;139x52956-NZ-PHOO01000001_731413_aligned_67506_F_4_860_1;;;;;
406;4;PVC group;clade;1783257;0;0;0;0;0;;0;0;0;;0.0;0.0;;321;3379134;;;;;;0.0;0.0;0.0;0.0;0.0;348;2.9668903064489227E-4;18947;0.015728959074019055;237335;0.2020933876038017;380;4.7537394626880037E-4;38249;0.03245930983821943;;0.8155647425117352;0.1341144053098087;0.815570116572591;0.13411081215325993;
407;5;Chlamydiota;phylum;204428;0;0;0;0;0;;0;0;0;;;0.0;;0;1783257;;;;;;;;;;;348;2.9668903064489227E-4;18947;0.015728959074019055;237335;0.2020933876038017;380;4.7537394626880037E-4;38249;0.03245930983821943;;0.8155647425117352;0.1341144053098087;0.815570116572591;0.13411081215325993;
408;6;Chlamydiia;class;204429;0;0;0;0;0;;0;0;0;;0.0;0.0;;1701;204428;;;;;;0.0;0.0;0.0;0.0;0.0;348;2.9668903064489227E-4;18947;0.015728959074019055;237335;0.2020933876038017;380;4.7537394626880037E-4;38249;0.03245930983821943;;0.8155647425117352;0.1341144053098087;0.815570116572591;0.13411081215325993;
409;7;Chlamydiales;order;51291;0;0;0;0;0;;0;0;0;;0.0;0.0;;1052;204429;;;;;;0.0;0.0;0.0;0.0;0.0;348;2.9668903064489227E-4;18947;0.015728959074019055;237335;0.2020933876038017;380;4.7537394626880037E-4;38249;0.03245930983821943;;0.8155647425117352;0.1341144053098087;0.815570116572591;0.13411081215325993;
410;8;Chlamydiaceae;family;809;0;0;0;0;0;;0;0;0;;0.0;0.0;;3216;51291;;;;;;0.0;0.0;0.0;0.0;0.0;348;2.9668903064489227E-4;18947;0.015728959074019055;237335;0.2020933876038017;380;4.7537394626880037E-4;38249;0.03245930983821943;;0.8155647425117352;0.1341144053098087;0.815570116572591;0.13411081215325993;
411;9;Chlamydia/Chlamydophila group;no rank;1113537;0;0;0;0;0;;0;0;0;;;0.0;;0;809;;;;;;;;;;;348;2.9668903064489227E-4;18947;0.015728959074019055;237335;0.2020933876038017;380;4.7537394626880037E-4;38249;0.03245930983821943;;0.8155647425117352;0.1341144053098087;0.815570116572591;0.13411081215325993;
412;10;Chlamydia;genus;810;2;1058;1785;1785;66;27.045454545454547;150;4;3697;1848.5;4.2606343404263545E-4;1784.6200049252268;1.0002129277233947;4189517;1113537;0.7046092745889907;0.07064650101433037;0.704909574889291;0.07022181225686225;34.228837063407326;4.773819989273227E-7;4.2606343404263545E-4;8.824406250171559E-4;9.547639978546453E-7;2.5253507743255366E-4;348;2.9668903064489227E-4;18947;0.015728959074019055;237335;0.2020933876038017;380;4.7537394626880037E-4;38249;0.03245930983821943;1112255x55098-NZ-KE353613_5309_aligned_7852_F_9_1772_228;0.8155647425117352;0.1341144053098087;0.815570116572591;0.13411081215325993;
413;11;Chlamydia trachomatis;species;813;1;255;31;31;2;15.5;22;1;2064;2064.0;1.9485788888448887E-5;30.999707714102737;1.00000942866623;1590903;810;0.8746312684365781;;0.8746312684365781;;9.192388155425117;6.285738351112545E-7;1.9485788888448887E-5;0.001297376395669629;6.285738351112545E-7;1.6028632795336988E-4;1;6.285738351112545E-7;31;1.9485788888448887E-5;2064;0.001297376395669629;1;6.285738351112545E-7;255;1.6028632795336988E-4;813x231114-NZ-CP015296_851182_aligned_7501_F_4_1944_42;0.8746312684365781;;0.8746312684365781;;
414;11;Chlamydia psittaci;species;83554;1;566;21;21;5;4.2;14;3;2393;2393.0;3.378117519882635E-5;20.999662191502864;1.0000160863776786;621648;810;0.7592044011849344;;0.7604739737621667;;5.540758070878027;1.6086273904203022E-6;3.378117519882635E-5;0.003849445345275783;4.825882171260906E-6;9.10483102977891E-4;1;1.6086273904203022E-6;25;6.438162522157549E-4;2393;0.003849445345275783;4;1.5733465142549302E-4;566;9.10483102977891E-4;83554x152758-NZ-JAKGCM010000005_30451_aligned_25217_F_43_2279_36;0.7592044011849344;;0.7604739737621667;;
415;12;Chlamydia psittaci 02DC23;strain;1112259;0;0;4;4;1;4.0;4;1;0;;6.100350770169285E-4;3.9990850404162304;1.0002287922298532;6557;83554;;;;;;0.0;6.100350770169285E-4;0.0;1.5250876925423213E-4;0.0;0;0.0;4;6.100350770169285E-4;0;0.0;1;1.5250876925423213E-4;0;0.0;1268837x5486-NZ-LAOQ01000030_684_aligned_95193_F_53_147_315;;;;;
416;11;Chlamydia abortus;species;83555;1;56;29;28;5;5.8;20;5;95;95.0;1.5523310190665058E-5;28.999774915482416;0.9655247353334231;1803739;810;0.13846153846153847;;0.13846153846153847;;7.981227975693966;5.544039353808949E-7;1.607771412604595E-5;5.2668373861185016E-5;2.7720196769044746E-6;3.1046620381330116E-5;1;5.544039353808949E-7;29;1.607771412604595E-5;95;5.2668373861185016E-5;5;2.7720196769044746E-6;56;3.1046620381330116E-5;83555x228225-NZ-FPLU01000003_19_aligned_150548_R_2_93_0;0.13846153846153847;;0.13846153846153847;;
417;11;Chlamydia suis;species;83559;1;5;5;5;1;5.0;5;1;378;378.0;1.814507275992726E-6;4.99999637135544;1.0000007257294388;2755569;810;0.985632183908046;;0.985632183908046;;;3.629014551985452E-7;1.814507275992726E-6;1.3717675006505008E-4;3.629014551985452E-7;1.814507275992726E-6;1;3.629014551985452E-7;5;1.814507275992726E-6;378;1.3717675006505008E-4;1;3.629014551985452E-7;5;1.814507275992726E-6;83559x60890-NZ-JASNNH010000001_176005_aligned_227996_F_237_71_70;0.985632183908046;;0.985632183908046;;
418;11;Chlamydia muridarum;species;83560;1;318;318;318;11;28.90909090909091;175;1;1687;1687.0;3.099714299917828E-4;317.9508745674366;1.0001545063608654;1025901;810;0.8080869040434521;;0.8080869040434521;;49.81055017856065;9.747529245024617E-7;3.099714299917828E-4;0.0016444081836356529;9.747529245024617E-7;3.099714299917828E-4;1;9.747529245024617E-7;318;3.099714299917828E-4;1687;0.0016444081836356529;1;9.747529245024617E-7;318;3.099714299917828E-4;243161x119988-NZ-CP027216_305268_aligned_74123_F_3_1592_130;0.8080869040434521;;0.8080869040434521;;
419;11;Chlamydia ibidis;species;1405396;340;35460;16221;1420;783;20.71647509578544;237;361;223614;657.6882352941177;0.0012166367362605728;16108.808048780127;0.08815053203812509;1167152;810;0.8176427520672179;0.12984494881256312;0.8176427520672179;0.12984494881256312;23.352329124494226;2.913073875553484E-4;0.013897932745692078;0.1915894416494167;3.092999026690611E-4;0.030381646949154868;340;2.913073875553484E-4;16221;0.013897932745692078;223614;0.1915894416494167;361;3.092999026690611E-4;35460;0.030381646949154868;1405396x176908-NZ-KE360179_976_aligned_5206_F_0_956_2;0.8176427520672179;0.12984494881256312;0.8176427520672179;0.12984494881256312;
420;11;Chlamydia avium;species;1457141;0;0;1;1;1;1.0;1;1;0;;9.758153913410045E-7;1.0000000000396518;0.9999999999603482;1024784;810;;;;;;0.0;9.758153913410045E-7;0.0;9.758153913410045E-7;0.0;0;0.0;1;9.758153913410045E-7;0;0.0;1;9.758153913410045E-7;0;0.0;1359157x98494-NZ-LAOD01000043_890_aligned_49143_F_4_450_0;;;;;
421;11;Chlamydia buteonis;species;2494525;0;0;1;1;1;1.0;1;1;0;;1.2955633433307639E-6;1.0000000000412528;0.9999999999587472;771865;810;;;;;;0.0;1.2955633433307639E-6;0.0;1.2955633433307639E-6;0.0;0;0.0;1;1.2955633433307639E-6;0;0.0;1;1.2955633433307639E-6;0;0.0;1112255x55098-NZ-KE353613_5309_aligned_7852_F_9_1772_228;;;;;
422;11;Chlamydia vaughanii;species;3112552;1;531;531;531;24;22.125;117;1;3407;3407.0;4.115258230516461E-4;530.8909605882149;1.0002053894676683;1290320;810;0.842759846017175;;0.842759846017175;;26.870563334493816;7.750015500031E-7;4.115258230516461E-4;0.002640430280860562;7.750015500031E-7;4.115258230516461E-4;1;7.750015500031E-7;531;4.115258230516461E-4;3407;0.002640430280860562;1;7.750015500031E-7;531;4.115258230516461E-4;3112552x23012-NZ-CAXIED020000001_1108425_aligned_30489_F_48_3213_69;0.842759846017175;;0.842759846017175;;
