taxid; rank; genestrip kmers; ku kmers; genestrip reads; ku reads
1000646;no rank;59989;59989;31;31;
1004889;no rank;59095;59095;31;31;
1006585;no rank;61595;61595;31;31;
1006586;no rank;59171;59171;31;31;
100755;species;6322;6322;11;11;
1010668;no rank;60432;60432;31;31;
10239;superkingdom;12391;12246;1;1;
10241;subfamily;293;293;1;1;
10242;genus;54092;54092;1;1;
10244;species;8110;8110;11;11;
10245;species;1815;1815;1;1;
1027466;no rank;70185;70185;41;41;
1027632;no rank;44914;44914;21;21;
10293;subfamily;6273;6273;1;1;
10294;genus;4968;4968;1;1;
10295;no rank;21635;21635;11;11;
10319;genus;39505;39505;1;1;
10325;no rank;38531;38531;21;21;
103371;no rank;13858;13858;11;11;
1034127;no rank;2256;2256;10;10;
10345;no rank;18723;18723;11;11;
1034792;no rank;19823;19823;11;11;
10357;subfamily;13;13;1;1;
10358;genus;4216;4216;1;1;
10365;genus;30;30;1;1;
10366;no rank;19186;19186;11;11;
10374;subfamily;145;145;1;1;
10375;genus;18352;18352;1;1;
10379;genus;1455;1455;1;1;
10386;no rank;22436;22436;11;11;
10404;family;503;503;1;1;
10405;genus;756;756;1;1;
1041806;species;23102;23102;11;11;
1041831;species;16790;16790;11;11;
104388;no rank;21378;21378;11;11;
10442;family;11;11;1;1;
10454;species;18468;18468;11;11;
1045800;no rank;20618;20618;11;11;
1046573;species;38946;38946;21;21;
1048189;no rank;2328;2328;11;11;
10486;family;20693;20693;8;8;
1048855;no rank;61750;61750;31;31;
10492;genus;19970;19970;1;1;
10494;genus;175;175;1;1;
10501;family;18;18;1;1;
10508;family;19;19;1;1;
10509;genus;554;554;1;1;
10552;genus;1017;1017;1;1;
1055750;no rank;60091;60091;31;31;
106332;no rank;18177;18177;11;11;
10639;genus;3;3;1;1;
10652;genus;1308;1308;1;1;
10663;genus;545184;545184;65;65;
10666;no rank;877;877;10;10;
10678;species;1539;1539;1;1;
10679;species;7562;7562;29;29;
10682;no rank;5586;5586;11;11;
10692;no rank;769;769;10;10;
1070315;no rank;21621;21621;11;11;
10708;species;1016;1016;3;3;
10717;no rank;21937;21937;11;11;
1074214;species;54223;54223;31;31;
1075774;no rank;22;22;2;2;
10759;no rank;2;2;2;2;
10780;family;320;320;1;1;
10803;genus;1461;1461;1;1;
10811;family;4075;4075;1;1;
10812;genus;984;984;1;1;
10814;genus;432725;432725;1;1;
10821;species;11336;11336;1;1;
10834;species;20196;20196;11;11;
10860;family;61272;61272;1;1;
10862;species;19336;19336;1;1;
10863;no rank;37013;37013;91;91;
1087071;no rank;22401;22401;11;11;
10872;no rank;20631;20631;11;11;
10886;no rank;117203;117203;61;61;
10911;genus;11;11;1;1;
1092459;no rank;20752;20752;11;11;
1093672;no rank;795;795;6;6;
10988;genus;3528;3528;1;1;
10989;species;190016;190016;101;101;
10993;family;16220;16220;1;1;
10995;no rank;43500;43500;21;21;
109981;no rank;20584;20584;11;11;
11019;genus;548;548;1;1;
11029;species;19206;19206;11;11;
11036;species;19644;19644;11;11;
11039;species;22451;22451;11;11;
11040;genus;9;9;1;1;
11041;no rank;21589;21589;11;11;
110456;genus;125333;125333;9;9;
11095;genus;113;113;1;1;
11118;family;923;865;1;1;
11120;no rank;21571;21571;11;11;
11138;no rank;16613;16613;11;11;
111469;no rank;21054;21054;11;11;
11155;genus;718;718;1;1;
1115692;species;40009;40009;21;21;
1118064;no rank;98;98;2;2;
11216;no rank;20544;20544;11;11;
11244;family;5;5;1;1;
11263;no rank;20642;20642;11;11;
1126951;no rank;55;55;3;3;
11270;family;99;99;1;1;
11271;genus;44;44;1;1;
1128423;no rank;22488;22488;11;11;
11286;genus;7;7;1;1;
1133727;no rank;19865;19865;11;11;
1136061;species;19600;19600;11;11;
1138484;no rank;17197;17197;11;11;
1138485;no rank;17559;17559;11;11;
1147722;no rank;6330;6330;10;10;
114777;no rank;23570;23570;11;11;
114871;no rank;20748;20748;11;11;
11572;genus;7939;7939;1;1;
11575;no rank;41632;41632;21;21;
11577;no rank;43675;43675;21;21;
11580;no rank;41264;41264;21;21;
11584;genus;8587;8587;1;1;
11617;family;4;4;1;1;
11640;genus;31;31;1;1;
11642;species;20641;20641;11;11;
11665;species;21141;21141;11;11;
1168550;no rank;21512;21512;11;11;
1176425;no rank;1195;1195;11;11;
1176766;no rank;509;509;7;7;
1176767;no rank;1346;1346;10;10;
118140;species;20757;20757;11;11;
119164;genus;51178;51178;1;1;
1195077;no rank;74;74;4;4;
1195078;no rank;114;114;2;2;
1195079;no rank;116;116;4;4;
1195080;no rank;208;208;8;8;
1195081;no rank;112;112;4;4;
1196647;no rank;23864;23864;11;11;
11974;family;567;567;1;1;
11978;species;20447;20447;11;11;
1198136;subfamily;118299;118299;2;2;
1198140;genus;15439;15439;1;1;
1198980;genus;357637;357637;19;19;
1204161;no rank;91463;91463;51;51;
12045;species;17102;17102;11;11;
12050;genus;23;23;1;1;
12051;genus;22;22;1;1;
12058;family;2583;2583;1;1;
1206556;no rank;21460;21460;11;11;
1207438;no rank;23465;23465;11;11;
12103;genus;69;69;1;1;
1211285;no rank;79;79;5;5;
12148;genus;7;7;1;1;
12163;genus;87;87;1;1;
1216472;no rank;41776;41776;21;21;
1216928;no rank;59419;59419;31;31;
12195;genus;366;366;1;1;
12204;no rank;20264;20264;11;11;
1220601;no rank;21451;21451;11;11;
1220602;no rank;9527;9527;9;9;
1220715;no rank;1903;1903;8;8;
1220716;no rank;2663;2663;6;6;
1225069;species;17732;17732;11;11;
1225795;no rank;23035;23035;11;11;
12258;genus;13;13;1;1;
12259;no rank;42579;42579;21;21;
1226260;no rank;13283;13283;11;11;
1226262;no rank;344;344;8;8;
1226263;no rank;1060;1060;8;8;
12270;genus;344;344;1;1;
12289;genus;400;400;1;1;
1234879;no rank;15592;15592;11;11;
123630;no rank;19279;19279;11;11;
1239385;no rank;152;152;5;5;
1242863;no rank;20233;20233;11;11;
1247379;no rank;22051;22051;11;11;
12475;species;65052;65052;51;51;
1249648;species;20955;20955;11;11;
1256869;species;20883;20883;11;11;
1260286;no rank;15240;15240;11;11;
1260287;no rank;13576;13576;11;11;
1264880;species;19534;19534;11;11;
1265605;no rank;34865;34865;21;21;
1268011;no rank;23774;23774;11;11;
126989;no rank;15139;15139;11;11;
1272940;no rank;21160;21160;11;11;
1272945;no rank;21750;21750;11;11;
1272948;no rank;21718;21718;11;11;
1272952;no rank;20676;20676;11;11;
1272955;no rank;21683;21683;11;11;
1272961;no rank;22537;22537;11;11;
1272962;no rank;23018;23018;11;11;
1273706;no rank;163;163;7;7;
1278485;no rank;10809;10809;11;11;
1279099;no rank;18263;18263;11;11;
1279100;no rank;19194;19194;11;11;
1281456;no rank;43445;43445;21;21;
1283073;no rank;295;295;8;8;
1284208;no rank;20310;20310;11;11;
12851;no rank;22023;22023;11;11;
1289467;no rank;3467;3467;11;11;
1292086;no rank;22548;22548;11;11;
1295080;species;20791;20791;11;11;
1296641;no rank;518;518;9;9;
1296654;no rank;5143;5143;11;11;
1298631;genus;35;35;1;1;
129876;genus;1056;1056;1;1;
1299308;genus;99;99;1;1;
1300978;no rank;85149;85149;41;41;
1303862;no rank;58907;58907;31;31;
1313215;no rank;21292;21292;11;11;
1319980;no rank;5686;5686;11;11;
1327940;species;1851;1851;8;8;
1328105;no rank;21979;21979;11;11;
1329409;no rank;19897;19897;11;11;
1329650;species;33803;33803;21;21;
1332145;no rank;21629;21629;11;11;
1354498;no rank;20871;20871;11;11;
1357706;no rank;18634;18634;11;11;
1357707;species;1363;1363;3;3;
1357709;species;2464;2464;5;5;
1357710;species;21649;21649;11;11;
1366055;species;21872;21872;11;11;
137511;no rank;20784;20784;11;11;
1383888;no rank;45127;45127;21;21;
1387160;species;20035;20035;11;11;
1387879;no rank;23012;23012;11;11;
1387983;no rank;21396;21396;11;11;
1387984;no rank;19956;19956;11;11;
1399967;species;20946;20946;11;11;
140410;genus;307801;307801;22;22;
1405299;no rank;85837;85837;41;41;
1406950;no rank;35982;35982;21;21;
1414766;no rank;17433;17433;11;11;
1416745;no rank;62973;62973;31;31;
1417304;species;18166;18166;11;11;
1419109;no rank;21988;21988;11;11;
1423347;no rank;21874;21874;11;11;
1425365;species;19514;19514;11;11;
1427158;no rank;24039;24039;11;11;
1427159;species;43401;43401;21;21;
1428581;no rank;84580;84580;51;51;
1430441;no rank;21727;21727;11;11;
1432428;no rank;21722;21722;11;11;
1434127;no rank;91;91;4;4;
1434720;no rank;22225;22225;11;11;
1435446;no rank;19581;19581;11;11;
1435447;no rank;22301;22301;11;11;
1440170;species;20853;20853;11;11;
1450749;no rank;24831;24831;11;11;
1452530;no rank;18317;18317;11;11;
1453408;no rank;54894;54894;31;31;
1457386;no rank;59924;59924;31;31;
1459667;no rank;14877;14877;11;11;
1460451;no rank;60875;60875;31;31;
1461368;no rank;2750;2750;11;11;
1463607;no rank;1530;1530;11;11;
1471047;no rank;46227;46227;21;21;
1472911;no rank;23455;23455;11;11;
1480731;no rank;40950;40950;21;21;
1486414;no rank;861;861;6;6;
1486419;no rank;1283;1283;10;10;
1486474;no rank;26;26;2;2;
1491780;no rank;19365;19365;11;11;
1493508;no rank;31450;31450;21;21;
1493509;no rank;22058;22058;11;11;
1493510;no rank;7753;7753;11;11;
1493514;no rank;11173;11173;11;11;
1497434;no rank;20438;20438;11;11;
1497850;no rank;1406;1406;11;11;
1499987;no rank;22297;22297;11;11;
1501396;no rank;45521;45521;21;21;
1506574;genus;248;248;1;1;
1507401;genus;289;289;1;1;
1508220;species;20842;20842;11;11;
1508228;species;23515;23515;11;11;
1508710;species;20665;20665;11;11;
1508712;species;21560;21560;11;11;
1511809;genus;131;131;1;1;
1511853;genus;87;87;1;1;
1511911;genus;85;85;1;1;
1512278;no rank;21326;21326;11;11;
151341;family;52;52;1;1;
1514664;no rank;19277;19277;11;11;
1514665;species;40631;40631;21;21;
1521172;no rank;23559;23559;11;11;
1522091;no rank;31;31;2;2;
1526514;no rank;43651;43651;21;21;
1526521;no rank;42377;42377;21;21;
1527692;no rank;192;192;6;6;
1527693;no rank;1668;1668;8;8;
1530251;species;23160;23160;11;11;
1531287;no rank;60994;60994;31;31;
1538456;no rank;43899;43899;21;21;
1542103;no rank;879;879;6;6;
1542744;genus;30040;30040;1;1;
1548908;no rank;488;488;6;6;
1555207;no rank;12885;12885;11;11;
1560340;no rank;21448;21448;11;11;
1561961;no rank;20455;20455;11;11;
156208;genus;19;19;1;1;
1564031;no rank;37775;37775;21;21;
1564099;no rank;56379;56379;31;31;
1564115;no rank;44795;44795;21;21;
1566010;no rank;18218;18218;11;11;
1566307;no rank;15432;15432;11;11;
1567007;no rank;1088;1088;7;7;
1569061;no rank;19583;19583;11;11;
1569259;no rank;20101;20101;11;11;
1572746;no rank;2073;2073;8;8;
1573760;no rank;20481;20481;11;11;
1573761;no rank;22030;22030;11;11;
157897;family;29;29;1;1;
1590834;no rank;31096;31096;21;21;
1590835;no rank;47469;47469;21;21;
159137;no rank;41352;41352;21;21;
159139;no rank;40995;40995;21;21;
159143;no rank;46722;46722;21;21;
159604;no rank;15437;15437;11;11;
1597967;no rank;22921;22921;11;11;
1608046;no rank;38060;38060;21;21;
1608056;no rank;38339;38339;21;21;
1608057;no rank;40073;40073;21;21;
1608061;no rank;58790;58790;31;31;
1608074;no rank;21831;21831;11;11;
1608084;no rank;38484;38484;21;21;
1608092;no rank;45526;45526;21;21;
1608143;no rank;63718;63718;31;31;
1608145;no rank;36992;36992;21;21;
1610830;no rank;55;55;3;3;
1610831;no rank;109;109;2;2;
1618189;no rank;69745;69745;41;41;
1620892;no rank;22968;22968;11;11;
1620896;no rank;21336;21336;11;11;
1622114;no rank;10557;10557;11;11;
1622115;no rank;6725;6725;10;10;
1622116;no rank;3219;3219;6;6;
1623273;genus;190442;190442;42;42;
1623274;genus;29914;29914;29;29;
1623276;genus;552;552;1;1;
1623278;genus;78416;78416;8;8;
1623280;genus;144487;144487;34;34;
1623281;genus;777374;777374;238;238;
1623283;genus;175800;175800;8;8;
1623285;genus;17145;17145;1;1;
1623286;genus;125728;125728;20;20;
1623288;genus;49105;49105;10;10;
1623289;genus;330818;330818;1;1;
1623295;genus;20200;20200;2;2;
1623298;genus;40697;40697;11;11;
1623301;genus;33802;33802;1;1;
1623303;genus;260744;260744;46;46;
1623304;genus;848522;848522;163;163;
1623305;genus;1338104;1338104;97;97;
1623306;genus;17294;17294;1;1;
1629551;no rank;42858;42858;21;21;
1629654;no rank;4293;4293;11;11;
1631303;species;10577;10577;1;1;
1636201;no rank;22044;22044;11;11;
1636256;no rank;2764;2764;3;3;
1636556;no rank;164;164;7;7;
1636560;no rank;822;822;10;10;
1636564;no rank;343;343;6;6;
1636566;no rank;10966;10966;11;11;
1636569;no rank;120;120;4;4;
1636570;no rank;6044;6044;11;11;
1636571;no rank;537;537;9;9;
1636573;no rank;8519;8519;11;11;
1636576;no rank;2347;2347;11;11;
1636578;no rank;2413;2413;11;11;
1636580;no rank;2104;2104;11;11;
1636581;no rank;292;292;9;9;
1636582;no rank;2981;2981;11;11;
1636583;no rank;1503;1503;10;10;
1636586;no rank;1124;1124;9;9;
1636587;no rank;6819;6819;11;11;
1636724;no rank;2068;2068;11;11;
1642588;species;3998;3998;11;11;
1642852;no rank;44782;44782;21;21;
1647283;no rank;20432;20432;11;11;
1647454;no rank;1195;1195;10;10;
1647468;no rank;10981;14592;11;11;
1649829;no rank;60150;60150;31;31;
1649830;no rank;61005;61005;31;31;
1651196;no rank;2778;2778;11;11;
1651198;no rank;654;654;11;11;
1651199;no rank;1037;1037;10;10;
1651202;no rank;1443;1443;10;10;
1653394;genus;484;484;1;1;
1654717;no rank;4092;4092;11;11;
1654888;no rank;2358;2358;11;11;
1654930;no rank;19581;19581;11;11;
1655307;no rank;2605;2605;11;11;
1662463;no rank;3173;3173;11;11;
1671380;no rank;11167;11167;11;11;
1673640;species;19921;19921;11;11;
1673646;species;35221;35221;21;21;
1673874;no rank;47;47;3;3;
1673884;no rank;91;91;2;2;
1675028;no rank;11357;11357;11;11;
1675029;no rank;21795;21795;11;11;
1675600;no rank;22092;22092;11;11;
1675601;no rank;22474;22474;11;11;
1676256;no rank;43031;43031;21;21;
1676469;no rank;20209;20209;11;11;
1678143;species;65351;69166;31;31;
1678145;species;21996;21996;11;11;
1678229;no rank;45696;45696;21;21;
1685500;no rank;10873;10873;11;11;
1685501;no rank;2210;2210;9;9;
169682;genus;140;140;1;1;
169684;no rank;20755;20755;11;11;
1698708;no rank;22620;22620;11;11;
1701852;no rank;84;84;3;3;
1705352;no rank;20528;20528;11;11;
1708387;no rank;36437;36437;21;21;
1708389;no rank;21944;21944;11;11;
1708390;no rank;19667;19667;11;11;
1708488;no rank;20977;20977;11;11;
1714376;no rank;60698;60698;31;31;
1718279;no rank;577;577;10;10;
1718280;no rank;304;304;9;9;
1718281;no rank;495;495;9;9;
1719048;no rank;20368;20368;11;11;
1719049;no rank;21438;21438;11;11;
1719050;no rank;22016;22016;11;11;
1719051;no rank;23510;23510;11;11;
1720324;genus;71147;71147;2;2;
172297;no rank;22496;22496;11;11;
172394;species;15758;15758;11;11;
1725367;no rank;58447;58447;31;31;
1729933;no rank;20795;20795;11;11;
1729936;no rank;17568;17568;11;11;
1735645;no rank;723;723;7;7;
1735646;no rank;801;801;6;6;
173566;species;21402;21402;11;11;
1736767;no rank;20510;20510;11;11;
1744961;no rank;42548;42548;21;21;
1747286;no rank;16175;16175;11;11;
1747351;no rank;19863;19863;11;11;
1755697;no rank;13925;13925;11;11;
1756186;no rank;20761;20761;11;11;
1759525;no rank;4446;4446;6;6;
1763623;no rank;42978;42978;21;21;
1764076;no rank;44689;44689;21;21;
1764087;no rank;59620;59620;31;31;
1770232;no rank;7552;8387;11;11;
1772314;no rank;4715;4715;10;10;
1774200;species;17878;17878;11;11;
1775250;no rank;21532;21532;11;11;
1775957;no rank;63315;63315;31;31;
1777059;no rank;2162;2162;10;10;
1777061;no rank;5232;5232;10;10;
1777122;no rank;841;841;10;10;
1780058;no rank;20818;20818;11;11;
1785176;no rank;13836;13836;11;11;
1792287;no rank;225;225;6;6;
1792289;no rank;309;309;2;2;
1802938;no rank;21590;21590;11;11;
1802946;no rank;19253;19253;11;11;
1802949;no rank;19044;19044;11;11;
1803570;no rank;38589;38589;21;21;
1803571;no rank;35098;35098;21;21;
1805958;species;21934;21934;11;11;
1806636;species;40929;40929;21;21;
1807511;no rank;12173;12173;11;11;
1807787;no rank;20102;20102;11;11;
1810945;no rank;2021;2021;11;11;
1810947;no rank;64958;64958;31;31;
1810952;no rank;2081;2081;12;12;
1814959;species;27;27;2;2;
1815956;no rank;919;919;8;8;
1815976;no rank;6960;6960;11;11;
1815983;no rank;21696;21696;11;11;
1815984;no rank;18662;18662;11;11;
1819306;no rank;42926;42926;21;21;
1820159;no rank;20022;20022;11;11;
1821728;species;22948;22948;11;11;
182452;no rank;45766;45766;21;21;
1827005;no rank;20314;20314;11;11;
1828512;no rank;10371;10371;11;11;
1837875;no rank;1121;1121;11;11;
1837877;no rank;8932;8932;11;11;
1840236;no rank;121;121;3;3;
1842663;no rank;19907;19907;11;11;
1844920;no rank;21997;21997;11;11;
1846168;no rank;16507;16507;11;11;
1849538;no rank;24739;24739;11;11;
1850255;no rank;22963;22963;11;11;
1852598;no rank;1715;1715;10;10;
1852622;no rank;22175;22175;11;11;
1852630;no rank;4121;4121;11;11;
1852638;no rank;3250;3250;11;11;
1853865;species;21196;21196;11;11;
1855815;no rank;414;414;6;6;
1855816;no rank;156;156;4;4;
1856120;species;21008;21008;11;11;
185639;no rank;22567;22567;11;11;
1856642;species;22167;22167;11;11;
1857843;genus;280210;280210;71;71;
1857844;genus;60007;60007;17;17;
1859148;no rank;21760;21760;11;11;
1859165;no rank;15124;15124;11;11;
1859166;no rank;12762;12762;11;11;
1861840;no rank;20442;20442;11;11;
186457;genus;131;131;1;1;
186532;genus;444417;444417;1;1;
186765;genus;4655;4655;8;8;
186789;genus;32341;32341;1;1;
186794;genus;9857;9857;3;3;
186846;genus;20962;20962;1;1;
1868594;no rank;1845;1845;6;6;
1868595;no rank;3847;3847;5;5;
1868598;no rank;205;205;4;4;
1868659;species;20965;20965;11;11;
1868826;no rank;20887;20887;11;11;
1868829;no rank;4044;4044;11;11;
1868844;no rank;23596;23596;11;11;
1868848;no rank;1438;1438;10;10;
1868853;no rank;933;933;11;11;
186938;genus;99;99;1;1;
1871314;no rank;23251;23251;11;11;
1871708;no rank;3155;3155;10;10;
1871710;no rank;1283;1283;9;9;
1871716;no rank;4380;4380;10;10;
187217;genus;119404;119404;6;6;
187218;genus;283912;283912;9;9;
1873341;no rank;19871;19871;11;11;
1873954;no rank;2254;2254;9;9;
1873993;no rank;21424;21424;11;11;
1873996;no rank;8069;8069;11;11;
1874015;no rank;5489;5489;11;11;
1874572;no rank;2549;2549;9;9;
1874585;no rank;1684;1684;10;10;
1874587;no rank;1209;1209;7;7;
1874589;no rank;1699;1699;10;10;
1874593;no rank;7102;7102;11;11;
1874738;no rank;21417;21417;11;11;
1879051;no rank;878;878;4;4;
1880590;no rank;21206;21206;11;11;
1881104;no rank;797;797;9;9;
1881213;no rank;415;415;5;5;
1881217;no rank;1752;1752;9;9;
1881226;no rank;3757;3757;11;11;
1881231;no rank;7635;7635;11;11;
1881236;no rank;3912;3912;11;11;
1881237;no rank;3362;3362;11;11;
1881242;no rank;21470;21470;11;11;
1881262;no rank;19987;19987;11;11;
1881263;no rank;21488;21488;11;11;
1881268;no rank;19795;19795;11;11;
1881303;no rank;21526;21526;11;11;
1881315;no rank;22852;22852;11;11;
1881383;no rank;17934;17934;11;11;
1881421;no rank;16978;16978;11;11;
1881450;no rank;22708;22708;11;11;
1882400;no rank;4017;4130;11;11;
1882439;no rank;3261;3261;11;11;
1883068;genus;89;89;1;1;
1883104;no rank;21421;21421;11;11;
1883365;no rank;19258;19258;11;11;
1884873;species;36262;36262;21;21;
1884874;species;29387;29387;21;21;
1884875;species;33849;33849;21;21;
1885242;no rank;1985;1985;8;8;
1885571;no rank;18896;18896;11;11;
1887657;species;20784;20784;11;11;
1891713;genus;24080;24080;1;1;
1891715;genus;167;167;1;1;
1891770;species;21677;21677;11;11;
1892569;no rank;8982;8982;11;11;
1897428;no rank;5063;5063;11;11;
1897429;no rank;5531;5531;11;11;
1897430;no rank;8255;8690;11;11;
1897431;no rank;2672;2840;11;11;
1897434;no rank;3016;3016;11;11;
1897436;no rank;23141;23141;11;11;
1897486;no rank;12245;12245;11;11;
1897495;no rank;2291;2291;10;10;
1897500;no rank;2346;2346;11;11;
1897501;no rank;8047;8047;11;11;
1897515;no rank;8447;8447;11;11;
1897529;species;4445;4445;11;11;
1897539;no rank;7863;7863;11;11;
1897540;no rank;8616;8616;11;11;
1897548;no rank;12337;12337;11;11;
1897549;no rank;15170;15170;11;11;
1897555;no rank;625;625;11;11;
1897640;no rank;23349;23349;11;11;
1897641;no rank;7643;7643;11;11;
1897736;no rank;207;207;3;3;
1897739;no rank;3137;3137;10;10;
1897742;no rank;771;771;11;11;
1897743;no rank;16118;16118;11;11;
1897769;no rank;836;836;7;7;
190063;species;20891;20891;11;11;
1902502;species;20208;20208;11;11;
1903427;no rank;21187;21187;11;11;
1904925;no rank;10147;10147;11;11;
1905830;no rank;21935;21935;11;11;
1906244;no rank;21039;21039;11;11;
1906673;species;62836;62836;31;31;
1907781;no rank;4361;4806;11;11;
1907782;no rank;4249;4436;11;11;
1907783;no rank;3285;3645;11;11;
1907784;no rank;4238;4238;10;10;
1908380;no rank;22005;22005;11;11;
1908803;no rank;64;64;1;1;
1909400;no rank;6293;6293;11;11;
1910928;family;44720;44720;1;1;
1910929;no rank;253;253;1;1;
1910931;genus;3285;3285;1;1;
1910937;species;15835;15835;11;11;
1910976;subfamily;134063;134063;1;1;
1910991;genus;728400;728400;6;6;
1910992;genus;58140;58140;1;1;
1910993;genus;4791;4791;1;1;
1910999;subfamily;234;234;1;1;
1911605;genus;67049;67049;9;9;
1911606;genus;4606;4606;1;1;
1911928;subfamily;1672;1672;1;1;
1912319;no rank;9621;9621;11;11;
1912320;no rank;8834;8834;11;11;
1912492;species;7277;7277;9;9;
1912975;no rank;17409;17409;11;11;
1912978;no rank;7754;7754;11;11;
1913034;no rank;13183;13183;11;11;
1913035;no rank;348;348;8;8;
1913038;no rank;761;761;10;10;
1913047;no rank;6577;6577;11;11;
1913048;no rank;7895;7895;11;11;
1913049;no rank;1117;1117;11;11;
1913081;no rank;4985;4985;8;8;
1913082;no rank;4312;4312;11;11;
1913083;no rank;67;67;3;3;
1913109;no rank;19117;19117;11;11;
1913112;no rank;19683;19683;11;11;
1913114;no rank;16577;16577;11;11;
1913118;no rank;344;344;7;7;
1913446;no rank;4638;4638;11;11;
1913572;no rank;5147;5147;10;10;
1913574;no rank;12765;12765;11;11;
1913581;no rank;3474;3474;11;11;
1913591;no rank;20388;20388;11;11;
1913605;genus;101;101;1;1;
1913650;genus;20562;20562;1;1;
1913651;genus;17931;17931;1;1;
1913652;genus;18626;18626;1;1;
1913654;genus;8944;8944;1;1;
1914165;genus;58120;58120;1;1;
1914297;subfamily;6;6;1;1;
1914568;species;22072;22072;11;11;
1914788;species;8376;8376;11;11;
1916101;no rank;16415;16415;11;11;
1916107;no rank;20101;20101;11;11;
1916111;species;2205;2205;8;8;
1916120;no rank;832;832;10;10;
1916123;no rank;5415;5415;11;11;
1916124;no rank;5628;5628;11;11;
1916125;no rank;6453;6453;11;11;
1916126;no rank;6465;6465;11;11;
1916154;no rank;601;601;8;8;
1916178;no rank;652;652;8;8;
1916186;no rank;496;496;6;6;
1916190;no rank;630;630;9;9;
1916192;no rank;1442;1442;7;7;
1916193;no rank;534;534;8;8;
1916201;no rank;1081;1081;7;7;
1916202;no rank;875;875;9;9;
1916414;no rank;13338;13338;11;11;
1917990;genus;6287;6287;1;1;
1918005;species;15066;15066;11;11;
1919247;species;21581;21581;11;11;
1920294;no rank;4724;4724;11;11;
1920305;no rank;11782;11782;11;11;
1920308;no rank;12470;12470;11;11;
1920310;no rank;6545;6545;11;11;
1920311;no rank;21794;21794;11;11;
1920312;no rank;16793;16793;11;11;
1920379;no rank;365;365;6;6;
1920526;no rank;20309;20309;11;11;
1920748;no rank;19646;19646;11;11;
1920753;genus;65434;65434;1;1;
1920762;genus;69436;69436;1;1;
1920774;genus;101335;101335;1;1;
1920860;genus;501501;501501;5;5;
1920864;genus;5046;5046;1;1;
1920865;genus;68669;68669;1;1;
1920866;genus;20156;20156;5;5;
1921407;genus;403956;403956;35;35;
1921409;species;131;131;1;1;
1921524;species;2006;2006;8;8;
1921544;genus;229640;229640;1;1;
1921545;species;4;4;1;1;
1921546;species;67;67;1;1;
1921556;genus;3225;3225;1;1;
1921704;genus;5840;5840;1;1;
1923189;no rank;20853;20853;11;11;
1923190;no rank;21164;21164;11;11;
1923192;no rank;20962;20962;11;11;
1923460;no rank;20799;20799;11;11;
1923465;no rank;86368;86368;41;41;
1926503;no rank;2910;2910;11;11;
1926594;no rank;14726;14726;11;11;
1927014;no rank;4515;4515;10;10;
1927017;no rank;3873;3873;11;11;
1927020;no rank;9401;9401;11;11;
1927024;no rank;4907;4907;11;11;
1927799;no rank;85111;85111;51;51;
1927813;no rank;43307;43307;21;21;
1927814;no rank;41504;41504;21;21;
1928621;no rank;1507;1507;11;11;
1929963;species;3609;3609;11;11;
1929964;species;78728;78728;41;41;
1931096;no rank;22329;22329;11;11;
193121;species;22253;22253;11;11;
1932006;species;18227;18227;11;11;
1932007;no rank;14436;14436;11;11;
1932118;no rank;19871;19871;11;11;
1932361;no rank;5751;5888;11;11;
1932362;no rank;8407;8545;11;11;
1932882;no rank;3211;3211;8;8;
1932883;no rank;18590;18590;11;11;
1932889;no rank;326;326;8;8;
1932890;no rank;18043;18043;11;11;
1932892;no rank;21537;21537;11;11;
1932893;no rank;8745;8745;11;11;
1932895;no rank;1705;1705;10;10;
1933063;no rank;21235;21235;11;11;
1933107;no rank;658;658;10;10;
1933108;no rank;1509;1509;11;11;
1933110;no rank;5552;5552;11;11;
1933111;no rank;846;846;10;10;
1933412;no rank;11940;11940;11;11;
1933773;no rank;12368;12368;11;11;
1933774;no rank;13618;13618;11;11;
1934428;no rank;214;214;7;7;
1939619;species;13424;13424;11;11;
1940570;species;84952;84952;41;41;
1941235;no rank;260;260;1;1;
1941236;genus;4220;4220;1;1;
1941238;genus;2529;2529;1;1;
1945738;no rank;20628;20628;11;11;
1945739;no rank;18476;18476;11;11;
1945740;no rank;21955;21955;11;11;
1945741;no rank;22622;22622;11;11;
1945747;no rank;22779;22779;11;11;
194960;genus;79;79;1;1;
195060;no rank;23153;23153;11;11;
1954184;no rank;88224;88224;51;51;
1954248;species;20836;20836;11;11;
1955137;species;83080;83080;41;41;
1955153;species;64289;64289;31;31;
1956177;no rank;46938;46938;21;21;
1958907;no rank;10197;10197;11;11;
1958913;no rank;1347;1347;11;11;
1958914;no rank;365;365;7;7;
1958917;no rank;2802;2802;10;10;
1958919;no rank;2880;2880;10;10;
1958922;no rank;5692;5692;11;11;
1958956;no rank;23675;23675;11;11;
1958964;no rank;6147;6271;11;11;
1958965;no rank;23092;23092;11;11;
1960254;no rank;22677;22677;11;11;
1960657;no rank;21474;21474;11;11;
1960658;no rank;10643;10648;11;11;
1960887;no rank;23656;23656;11;11;
1961914;no rank;14530;14530;11;11;
1962679;no rank;1113;1113;11;11;
1964428;no rank;20804;20804;11;11;
1964552;no rank;47453;47453;21;21;
1964565;no rank;21720;21720;11;11;
1965018;species;20269;20269;11;11;
1965354;no rank;10470;10470;11;11;
1965363;no rank;16450;16450;11;11;
1965370;no rank;7284;7284;11;11;
1965465;no rank;3170;3170;11;11;
1965467;no rank;7781;7781;10;10;
1965472;no rank;9184;9184;11;11;
1965474;no rank;7534;7534;8;8;
1965478;no rank;6865;6865;8;8;
1965482;no rank;5890;5890;11;11;
1965484;no rank;4274;4274;11;11;
1965485;no rank;23674;23674;11;11;
1965489;no rank;8406;8406;10;10;
1965490;no rank;240;240;5;5;
1967296;species;21453;21453;11;11;
1969736;no rank;32;32;2;2;
1970776;no rank;2464;2464;10;10;
1970795;no rank;21353;21353;11;11;
1970798;no rank;5076;5076;11;11;
1970800;species;16824;16824;11;11;
1971396;no rank;44312;44312;21;21;
1971410;no rank;1125;1125;7;7;
1971411;no rank;2058;2058;9;9;
1971412;no rank;264;264;7;7;
1971414;no rank;2871;2871;11;11;
1971415;no rank;892;892;8;8;
1971416;no rank;1291;1291;9;9;
1971417;no rank;5246;5246;11;11;
1971418;no rank;660;660;8;8;
1971419;no rank;339;339;6;6;
1971421;no rank;636;636;10;10;
1971422;no rank;183;183;7;7;
1971423;no rank;145;145;7;7;
1971424;no rank;679;679;10;10;
1971425;no rank;384;384;8;8;
1971426;no rank;401;401;6;6;
1971427;no rank;1476;1476;8;8;
1971429;no rank;2082;2082;11;11;
1971430;no rank;5332;5332;11;11;
1971431;no rank;1487;1487;11;11;
1971432;no rank;6802;6802;11;11;
1971433;no rank;229;229;4;4;
1971434;no rank;486;486;8;8;
1971435;no rank;1113;1113;11;11;
1971436;no rank;723;723;7;7;
1971437;no rank;360;360;7;7;
1971438;no rank;648;648;8;8;
1971439;no rank;1259;1259;9;9;
1971440;no rank;137;137;5;5;
1971443;no rank;2635;2635;9;9;
1971445;no rank;1959;1959;11;11;
1971446;no rank;1175;1175;8;8;
1971447;no rank;643;643;7;7;
1971448;no rank;119;119;5;5;
1971449;no rank;285;285;4;4;
1972611;genus;123;123;1;1;
1972994;no rank;22569;22569;11;11;
1973454;no rank;1835;1835;9;9;
1975614;no rank;21697;21697;11;11;
1977074;no rank;58313;58313;31;31;
1977075;species;21814;21814;11;11;
1977139;genus;19881;19881;1;1;
1977141;genus;1455;1455;1;1;
1977142;genus;4662;4662;1;1;
1977402;species;177936;177936;11;11;
1978007;order;620;620;1;1;
1978532;genus;45;45;1;1;
1978922;no rank;21665;21665;11;11;
1979540;no rank;9069;9069;11;11;
1979848;species;20010;20010;11;11;
1980140;no rank;12336;12336;10;10;
1980410;order;203;203;1;1;
1980413;family;11;11;1;1;
1980415;family;445;445;1;1;
1980416;family;239;239;1;1;
1980418;family;52;52;1;1;
1980419;family;38;38;1;1;
1980421;genus;111;111;1;1;
1980442;genus;637;637;1;1;
1980517;genus;115802;115802;40;40;
1980538;genus;13;13;1;1;
1980624;no rank;43175;43175;21;21;
1980936;genus;19401;19401;1;1;
1981156;subfamily;100171;100171;27;27;
1981157;genus;9533;9533;30;30;
1981159;genus;6942;6954;4;4;
1981931;no rank;8033;8033;10;10;
1982076;genus;169613;169613;5;5;
1982086;genus;41193;41193;3;3;
1982088;genus;168712;168712;12;12;
1982095;genus;10736;10736;1;1;
1982101;genus;1010;1010;1;1;
1982152;genus;77677;77677;1;1;
1982239;genus;48193;48193;1;1;
1982240;species;604;604;1;1;
1982375;genus;41445;41445;1;1;
1982675;species;19759;19759;11;11;
1982875;subfamily;59892;59892;1;1;
1982876;subfamily;4004;4004;1;1;
1982877;subfamily;913;913;1;1;
1982878;subfamily;93465;93465;1;1;
1982879;genus;38542;38542;1;1;
1982880;genus;49051;49051;1;1;
1982881;genus;4787;4787;1;1;
1982897;genus;4916;4916;1;1;
1982898;genus;35762;35762;3;3;
1982899;genus;20867;20867;2;2;
1982900;genus;15403;15403;1;1;
1983413;no rank;4022;4022;11;11;
1983447;no rank;19099;19099;11;11;
1983461;no rank;9829;9829;11;11;
1983463;no rank;1622;1622;4;4;
1983536;no rank;22385;22385;11;11;
1983541;no rank;12982;12982;11;11;
1983553;no rank;20265;20265;11;11;
1983554;no rank;1528;1528;6;6;
1983555;no rank;20574;20574;11;11;
1983556;no rank;21043;21043;11;11;
1983557;no rank;23269;23269;11;11;
1983572;no rank;2134;2134;2;2;
1983575;no rank;3622;3622;11;11;
1983577;no rank;12392;12392;11;11;
1983588;no rank;2341;2341;10;10;
1983595;no rank;32;32;2;2;
1983734;genus;95270;95270;57;57;
1983735;genus;5228;5228;1;1;
1983744;genus;986;986;1;1;
1983771;species;56058;56058;31;31;
1983784;no rank;20395;20395;11;11;
1983789;no rank;6507;6507;11;11;
1985181;genus;3541;3541;1;1;
1985182;species;18449;18449;9;9;
1985188;no rank;22535;22535;11;11;
1985285;subfamily;1480;1480;1;1;
1985325;genus;46212;46212;2;2;
1985328;genus;15217;15217;1;1;
1985329;genus;10378;10378;1;1;
1985365;genus;5400;5400;1;1;
1985366;genus;1343;1343;1;1;
1985367;genus;281;281;1;1;
1985368;genus;3876;3876;1;1;
1985706;species;19821;19821;11;11;
1985711;genus;83244;83244;3;3;
1985720;genus;344912;340067;1;1;
1985733;genus;6288;6288;1;1;
1987730;no rank;648;648;1;1;
1987942;species;1547;1547;1;1;
199308;no rank;22030;22030;11;11;
2003308;species;20627;20627;11;11;
2004460;species;20758;20758;11;11;
2005048;no rank;7318;7318;11;11;
2005054;no rank;7840;7840;11;11;
2005691;species;935;935;1;1;
2006668;no rank;20119;20119;11;11;
2006671;no rank;20591;20591;11;11;
2006928;no rank;5435;5435;11;11;
2006930;no rank;8390;8390;11;11;
2006942;no rank;8731;8731;11;11;
2010272;no rank;20510;20510;11;11;
2010276;no rank;58120;58120;31;31;
2010277;no rank;21590;21590;11;11;
2011075;species;8856;8856;3;3;
2012676;no rank;19237;19237;11;11;
2012856;species;19489;19489;11;11;
2014339;no rank;192582;192582;101;101;
2014347;species;10875;10875;11;11;
2014434;species;20878;20878;11;11;
2014586;no rank;15063;15063;11;11;
2014603;no rank;22391;22391;11;11;
2015440;no rank;29294;29294;21;21;
2015441;species;35574;35574;21;21;
2015807;no rank;2235;2235;11;11;
2015810;no rank;8885;8885;11;11;
2015816;no rank;6707;6707;11;11;
2015817;no rank;11620;11620;11;11;
2015819;no rank;6075;6075;7;7;
2015820;no rank;12424;12424;11;11;
2015824;no rank;18188;18188;11;11;
2015825;no rank;12044;12044;11;11;
2015828;no rank;3507;3507;11;11;
2015833;no rank;570;570;8;8;
2015844;no rank;4106;4106;11;11;
2015860;no rank;3647;3647;10;10;
2015864;species;5442;5442;11;11;
2015865;no rank;4254;4254;11;11;
2015871;species;11800;11800;11;11;
2015873;no rank;17863;17863;11;11;
2015874;no rank;5694;5694;11;11;
2015875;no rank;63;63;3;3;
2015879;no rank;9292;9292;11;11;
2015882;no rank;3748;3748;11;11;
2015885;no rank;6175;6175;11;11;
2015886;no rank;16362;16362;11;11;
2016400;no rank;24256;24256;11;11;
2016447;no rank;20029;20029;11;11;
2016460;species;201281;201281;111;111;
2016461;species;156708;156708;91;91;
2017580;no rank;2837;2837;11;11;
2017709;no rank;19239;19239;11;11;
2017710;no rank;17372;17372;11;11;
2017716;no rank;23128;23128;11;11;
2018499;no rank;22505;22505;11;11;
2020879;no rank;2034;2034;11;11;
2021721;no rank;21798;21798;11;11;
2022474;no rank;11344;11344;11;11;
2022739;genus;12881;12881;1;1;
2022857;genus;240;240;1;1;
2022859;no rank;8535;8535;11;11;
2023716;no rank;22905;22905;11;11;
2023949;no rank;5728;5728;11;11;
2023950;no rank;4763;4763;9;9;
2023953;no rank;243;243;2;2;
2023996;no rank;21354;21354;11;11;
2023998;no rank;21274;21274;11;11;
2024005;no rank;10066;10066;11;11;
2024208;no rank;5135;5135;9;9;
2024213;no rank;829;829;2;2;
2024214;species;3396;3396;11;11;
2024237;no rank;17537;17537;11;11;
2024239;no rank;2159;2159;11;11;
2024247;no rank;3383;3583;11;11;
2024248;no rank;3448;3448;11;11;
2024251;no rank;4417;4417;11;11;
2024252;no rank;5659;5659;11;11;
2024261;no rank;6769;6769;11;11;
2024262;no rank;5979;5979;11;11;
2024263;no rank;22450;22450;11;11;
2024265;no rank;23202;23202;11;11;
2024274;no rank;6403;6403;8;8;
2024275;no rank;4934;4934;8;8;
2024277;no rank;2516;2516;10;10;
2024279;no rank;3708;3708;9;9;
2024294;no rank;8297;8297;11;11;
2024295;no rank;20562;20562;11;11;
2024296;no rank;826;826;9;9;
2024302;no rank;4991;4991;11;11;
2024303;no rank;24832;24832;11;11;
2024312;species;14045;14045;11;11;
2024313;no rank;18455;18455;11;11;
2024314;no rank;8630;8630;11;11;
2024315;no rank;18651;18651;11;11;
2024321;no rank;602;602;10;10;
2024325;no rank;2474;2474;8;8;
2024330;no rank;4376;4376;11;11;
2024334;no rank;10426;10426;11;11;
2024335;no rank;13124;13124;11;11;
2024336;no rank;5945;5945;11;11;
2024337;no rank;6064;6064;11;11;
2024338;no rank;3230;3230;11;11;
2024339;no rank;4023;4023;11;11;
2024340;no rank;3557;3557;11;11;
2024607;no rank;22038;22038;11;11;
2024608;no rank;20540;20540;11;11;
2025352;no rank;22445;22445;11;11;
2025388;species;22871;22871;11;11;
2025477;no rank;19567;19567;11;11;
2025478;no rank;18344;18344;11;11;
2025479;no rank;17341;17341;11;11;
2025480;no rank;20681;20681;11;11;
2025809;no rank;6209;6209;11;11;
2025810;no rank;209166;209166;53;53;
2025815;no rank;1367;1367;10;10;
2025816;no rank;1093;1093;11;11;
2025818;no rank;478;478;8;8;
2025819;no rank;1008;1008;6;6;
2025823;no rank;1294;1294;11;11;
2026102;no rank;17095;17095;11;11;
2026113;no rank;3783;3783;10;10;
2026129;no rank;23594;23594;11;11;
2026130;no rank;2842;2842;11;11;
2026814;no rank;1797;1797;9;9;
2026943;no rank;11011;11011;11;11;
2026944;no rank;13244;13244;11;11;
2026950;no rank;2894;2894;11;11;
2027243;species;66691;66691;31;31;
2027250;no rank;434;434;8;8;
2027252;no rank;1011;1011;7;7;
2027256;no rank;63;63;3;3;
2027259;no rank;360;360;4;4;
2027260;no rank;218;218;2;2;
2027267;no rank;299;299;4;4;
2027272;no rank;3004;3004;11;11;
2027277;no rank;5986;5986;11;11;
2027352;no rank;19972;19972;11;11;
2027888;no rank;21116;21116;11;11;
2027890;no rank;7683;7683;11;11;
2027893;no rank;944;944;11;11;
2027894;no rank;308;308;6;6;
2027899;no rank;17308;17308;11;11;
2027900;no rank;2824;2824;5;5;
2027903;no rank;1489;1489;9;9;
2029064;no rank;229;229;6;6;
2029458;no rank;56357;56357;31;31;
2029631;no rank;1408;1408;7;7;
2029635;no rank;1313;1313;11;11;
2029657;no rank;20892;20892;11;11;
2029658;no rank;11557;11557;11;11;
2029659;no rank;5123;5123;11;11;
2029660;no rank;8358;8358;11;11;
2029661;no rank;5219;5219;11;11;
2029662;no rank;2593;2593;11;11;
2029663;no rank;6934;6934;11;11;
2029664;no rank;5316;5316;11;11;
2029665;no rank;2528;2528;11;11;
2029666;no rank;12750;12750;11;11;
2029667;no rank;4966;4966;11;11;
2029668;no rank;3430;3430;11;11;
2029669;no rank;5200;5200;11;11;
2029670;no rank;4084;4084;11;11;
2029671;no rank;7002;7002;11;11;
2029672;no rank;7090;7090;11;11;
2029673;no rank;3990;3990;11;11;
2029674;no rank;3561;3561;11;11;
2029675;no rank;3340;3340;11;11;
2029676;no rank;6085;6085;11;11;
2030909;species;9737;9737;11;11;
2034156;species;40223;40223;21;21;
2034157;species;43197;43197;21;21;
2034330;no rank;39689;39689;21;21;
2034343;species;3892;3892;9;9;
2034995;genus;36;36;1;1;
2035396;no rank;43550;43550;21;21;
2036050;no rank;286;286;7;7;
2036055;no rank;17811;17811;11;11;
2036703;no rank;45093;45093;21;21;
2038685;no rank;45040;45040;21;21;
2039230;no rank;149524;149524;81;81;
2039267;species;21255;21255;11;11;
2039780;no rank;90;90;4;4;
2040592;no rank;20354;20354;11;11;
2041204;no rank;1339;1339;11;11;
2041205;no rank;13417;13417;11;11;
2041206;no rank;17006;17006;11;11;
2041207;no rank;12238;12238;11;11;
2041209;no rank;11276;11276;11;11;
2041210;no rank;20390;20390;11;11;
2041211;no rank;19976;19976;11;11;
2041215;no rank;945;945;11;11;
2041344;no rank;21294;21294;11;11;
2041347;no rank;3068;3068;11;11;
2041351;no rank;19808;19808;11;11;
2041382;no rank;9532;9532;11;11;
2041383;no rank;10206;10206;11;11;
2041454;no rank;14680;14680;11;11;
2041472;no rank;7163;7163;11;11;
2041473;no rank;8549;8549;11;11;
2041489;no rank;20173;20173;11;11;
2041492;no rank;21065;21065;11;11;
2041493;no rank;6116;6116;11;11;
2041496;no rank;2259;2259;10;10;
2041501;no rank;189;189;6;6;
2041504;no rank;1659;1659;9;9;
2041505;no rank;2002;2002;11;11;
2041506;no rank;364;364;9;9;
2041508;no rank;266;266;3;3;
2041511;no rank;7766;7766;11;11;
2041515;no rank;9488;9488;11;11;
2041517;no rank;7395;7395;11;11;
2041518;no rank;1614;1614;9;9;
2041521;no rank;1030;1030;11;11;
2041522;no rank;334;334;8;8;
2041524;no rank;9155;9155;11;11;
2041528;no rank;4259;4259;11;11;
2041544;no rank;799;799;9;9;
2041760;no rank;16699;16699;11;11;
2042482;no rank;14281;14281;11;11;
2045373;species;4221;4221;11;11;
2047760;no rank;11876;11876;11;11;
2047765;no rank;11248;11248;11;11;
2047782;no rank;14251;14251;11;11;
2047786;species;7648;7648;11;11;
2047830;no rank;6711;6711;9;9;
2047831;no rank;3629;3629;11;11;
2047832;no rank;32;32;2;2;
2047834;no rank;340;340;9;9;
2047836;no rank;589;589;6;6;
2047840;no rank;737;737;6;6;
2047843;no rank;273;273;7;7;
2047867;no rank;14218;14218;11;11;
2048005;no rank;11840;11840;11;11;
2048007;no rank;1805;1805;4;4;
2048061;no rank;17596;17596;11;11;
204819;no rank;14817;14817;11;11;
2048517;no rank;21544;21544;11;11;
2048975;no rank;1587;1587;8;8;
2048976;no rank;21204;21204;11;11;
2048979;no rank;23177;23177;11;11;
2049885;genus;7184;7184;1;1;
2050018;species;21142;21200;11;11;
2050019;species;19476;19476;11;11;
2050021;species;40511;40511;21;21;
2050976;species;44151;44151;21;21;
2051550;no rank;20237;20237;11;11;
2052649;no rank;21664;21664;11;11;
2052651;no rank;22838;22838;11;11;
2052746;no rank;3692;3692;11;11;
2052752;no rank;2285;2285;7;7;
2052753;no rank;3476;3476;9;9;
2052754;no rank;6889;6889;11;11;
2052838;no rank;23603;23603;11;11;
2052930;no rank;1042;1042;11;11;
2052931;no rank;677;677;4;4;
2052932;no rank;1125;1125;11;11;
2053015;no rank;3206;3206;11;11;
2053563;no rank;12511;12511;11;11;
2053604;no rank;3663;3663;11;11;
2053625;no rank;7517;7517;11;11;
2053653;no rank;22205;22205;11;11;
2053671;no rank;791;791;4;4;
2053672;no rank;12585;12585;11;11;
2053682;no rank;9017;9017;11;11;
2053686;no rank;4745;4745;11;11;
2053701;no rank;19123;19123;11;11;
2053702;no rank;12999;12999;11;11;
2053705;no rank;373;373;8;8;
2053708;no rank;105;105;3;3;
2053723;no rank;5880;5880;11;11;
2053812;no rank;17611;17611;11;11;
2053813;no rank;20594;20594;11;11;
2054272;no rank;16858;16858;11;11;
2054273;no rank;2423;2423;11;11;
2054274;no rank;641;641;10;10;
2054615;no rank;18382;18382;11;11;
2054619;no rank;20121;20121;11;11;
2055262;species;20251;20251;11;11;
2055263;species;417287;417287;221;221;
2056547;no rank;21440;21440;11;11;
2056548;no rank;21210;21210;11;11;
2056549;no rank;22628;22628;11;11;
2057931;no rank;19956;19956;11;11;
2058093;species;43840;43840;21;21;
2059308;no rank;58875;58875;31;31;
2059850;no rank;10682;10682;11;11;
2059855;no rank;21275;21275;11;11;
2059856;no rank;21943;21943;11;11;
2059857;no rank;851;851;9;9;
2059858;no rank;185;185;5;5;
2059867;no rank;21181;21181;11;11;
2059879;no rank;19984;19984;11;11;
2059880;no rank;17350;17350;9;9;
2059881;no rank;23796;23796;11;11;
2059882;no rank;16478;16478;11;11;
2059883;no rank;21286;21286;11;11;
2060091;no rank;18365;18365;11;11;
2060112;species;7442;7442;11;11;
2060142;species;20343;20343;11;11;
2060617;no rank;20183;20183;11;11;
2060720;no rank;1243;1243;10;10;
2060721;no rank;1610;1610;11;11;
2060945;no rank;2158;2158;11;11;
2060948;no rank;156;156;3;3;
2060949;no rank;216;216;7;7;
2060950;no rank;2283;2283;11;11;
2060951;no rank;3491;3491;9;9;
2060954;no rank;1588;1588;7;7;
206160;no rank;60650;60650;31;31;
206161;no rank;46282;46282;21;21;
206376;no rank;59381;59381;31;31;
206377;no rank;65181;65181;31;31;
2065036;no rank;40900;40900;21;21;
2065202;species;22846;22846;11;11;
2065203;no rank;19649;19649;11;11;
2066503;no rank;487;487;8;8;
2066504;no rank;6808;6924;11;11;
2069608;no rank;2377;2377;10;10;
2069609;no rank;9396;9396;11;11;
2070026;no rank;5973;5973;11;11;
2070028;no rank;18720;18720;11;11;
2070181;no rank;23787;23787;11;11;
2070182;no rank;24198;24198;11;11;
2070183;no rank;21889;21889;11;11;
2070184;no rank;22046;22046;11;11;
2070185;no rank;21230;21230;11;11;
2070186;no rank;20277;20277;11;11;
2070187;no rank;20339;20339;11;11;
2070188;no rank;19511;19511;11;11;
2070189;no rank;3534;3534;4;4;
2070190;no rank;10444;10444;9;9;
2070193;no rank;4660;4660;9;9;
2070194;no rank;413;413;5;5;
2070195;no rank;571;571;3;3;
2070196;no rank;63;63;3;3;
2070198;no rank;18870;18870;11;11;
2070199;no rank;11195;11195;11;11;
2070200;no rank;1515;1515;7;7;
2070201;no rank;6610;6610;6;6;
2072797;no rank;14234;14234;11;11;
2073044;species;20152;20152;11;11;
2074138;no rank;7101;7101;11;11;
2077134;no rank;21327;21327;11;11;
2077135;no rank;3886;3886;11;11;
2077150;no rank;20673;20673;11;11;
2077296;no rank;19343;19343;11;11;
2079262;no rank;7395;7395;11;11;
2079275;no rank;15965;15965;11;11;
2079276;no rank;1201;1201;9;9;
2079278;no rank;338;338;8;8;
2079280;no rank;1507;1507;9;9;
2079281;no rank;21262;21262;11;11;
2079284;no rank;218;218;6;6;
2079285;no rank;16338;16338;11;11;
2079287;no rank;18748;18748;11;11;
2079289;no rank;20273;20273;11;11;
2079315;no rank;197;197;5;5;
2079317;no rank;8747;8747;11;11;
2079340;no rank;532;532;7;7;
2079397;no rank;2456;2456;3;3;
2079413;no rank;3010;3010;11;11;
2079415;no rank;11548;11548;11;11;
2079417;no rank;20079;20079;11;11;
2079429;no rank;7837;7837;11;11;
2079431;no rank;7957;7957;8;8;
2079432;no rank;14396;14396;11;11;
2079433;no rank;8754;8754;11;11;
2079521;no rank;20745;20745;11;11;
2079534;no rank;7727;7727;11;11;
2079544;no rank;23285;23285;11;11;
2079554;species;22286;22286;11;11;
2079570;no rank;21073;21073;11;11;
2079603;no rank;20208;20208;11;11;
2079604;no rank;21254;21254;11;11;
2079605;no rank;21659;21659;11;11;
2080449;species;45792;45792;21;21;
2080450;no rank;20294;20294;11;11;
2080457;no rank;22707;22707;11;11;
2080458;no rank;20891;20891;11;11;
2080459;no rank;20211;20211;11;11;
2080461;no rank;19214;19214;11;11;
2080462;no rank;20021;20021;11;11;
2080463;no rank;20502;20502;11;11;
2080464;no rank;21065;21065;11;11;
2080823;species;22174;22174;11;11;
2081603;no rank;21298;21298;11;11;
2081604;no rank;1704;1704;11;11;
2081627;no rank;103;103;3;3;
2081631;no rank;11535;11535;11;11;
2083276;no rank;20448;20448;11;11;
2086640;no rank;43787;43787;21;21;
2086641;no rank;19667;19667;11;11;
2086642;no rank;23476;23476;11;11;
2086643;no rank;20054;20054;11;11;
2086648;no rank;23318;23318;11;11;
2093224;species;20863;20863;11;11;
2094136;no rank;5784;5784;11;11;
2094139;no rank;3989;3989;10;10;
2094144;no rank;19215;19215;11;11;
2094282;species;21635;21635;11;11;
2094720;genus;794;794;1;1;
2094736;no rank;8556;8556;10;10;
2099336;no rank;20738;20738;11;11;
2099338;no rank;10232;10232;11;11;
2099356;no rank;13664;13664;11;11;
2099390;no rank;9846;9846;11;11;
2099567;species;42565;42565;21;21;
2099585;no rank;3015;3015;11;11;
2099637;no rank;20751;20751;11;11;
2099648;no rank;519;519;10;10;
2099649;no rank;2962;2962;11;11;
2099850;no rank;19772;19772;11;11;
2099853;no rank;12737;12737;11;11;
2099860;no rank;10165;10165;11;11;
2100130;no rank;18327;18327;11;11;
2100421;species;20361;20361;11;11;
2108109;no rank;1610;1610;11;11;
2108111;no rank;4406;4406;10;10;
2108115;no rank;1360;1360;3;3;
2108116;no rank;23067;23067;11;11;
2108121;no rank;4073;4073;11;11;
2108123;no rank;10269;10269;11;11;
2108127;no rank;20201;20201;11;11;
2108134;no rank;15824;15824;11;11;
2108137;no rank;12169;12169;11;11;
2108357;no rank;24050;24050;11;11;
2108359;no rank;5878;5878;11;11;
2109367;no rank;21422;21422;11;11;
2109587;no rank;19515;19515;11;11;
2109910;no rank;30127;30127;20;20;
2115790;no rank;8437;8437;11;11;
2115967;no rank;20863;20863;11;11;
2116178;no rank;23006;23006;11;11;
2116179;species;20944;20944;11;11;
2116180;no rank;22181;22181;11;11;
2116182;no rank;21419;21419;11;11;
2116188;no rank;22439;22439;11;11;
2116189;no rank;19873;19873;11;11;
2116194;no rank;20305;20305;11;11;
2116195;species;22979;22979;11;11;
2116197;no rank;23082;23082;11;11;
2116198;no rank;20456;20456;11;11;
2116201;no rank;22071;22071;11;11;
2116202;no rank;21621;21621;11;11;
2116206;no rank;19755;19755;11;11;
2116207;no rank;21698;21698;11;11;
2116345;no rank;20653;20653;11;11;
2116384;species;23045;23045;11;11;
2116385;no rank;24228;24228;11;11;
2116434;no rank;22431;22431;11;11;
2116435;no rank;21699;21699;11;11;
2116436;no rank;20165;20165;11;11;
2116437;no rank;23641;23641;11;11;
2116438;no rank;22190;22190;11;11;
2116440;no rank;23077;23077;11;11;
2116441;no rank;20431;20431;11;11;
2116442;no rank;21156;21156;11;11;
2116443;no rank;22510;22510;11;11;
2116451;no rank;22346;22346;11;11;
2116452;no rank;21691;21691;11;11;
2116453;no rank;21941;21941;11;11;
2116454;no rank;20401;20401;11;11;
2116487;no rank;25032;25032;11;11;
2116488;no rank;19867;19867;11;11;
2116489;no rank;21188;21188;11;11;
2116490;no rank;21949;21949;11;11;
2116492;no rank;22832;22832;11;11;
2116536;no rank;24117;24117;11;11;
2116604;no rank;23036;23036;11;11;
212035;no rank;20155;20155;11;11;
2126525;no rank;22458;22458;11;11;
2126722;no rank;11068;11068;11;11;
2126724;no rank;3046;3046;8;8;
2126734;no rank;6072;6072;8;8;
2126812;no rank;634;634;9;9;
2126816;no rank;5649;5649;11;11;
2126819;no rank;17265;17265;11;11;
2126925;no rank;20529;20529;11;11;
2126928;species;7664;7664;11;11;
2126929;species;15927;15927;11;11;
2126933;no rank;5628;5628;11;11;
2126943;no rank;4581;4581;11;11;
2126952;no rank;2851;2851;7;7;
2126954;no rank;1367;1367;10;10;
2126984;species;21425;21425;11;11;
2126985;species;20870;20870;11;11;
2136179;no rank;6673;6673;11;11;
2137540;species;22702;22702;11;11;
2137541;species;20775;20775;11;11;
2137542;no rank;21408;21408;11;11;
2137544;species;21544;21544;11;11;
2137546;species;23430;23430;11;11;
213774;no rank;1663;1663;11;11;
2137745;no rank;12885;12885;11;11;
213777;no rank;2899;2899;11;11;
213782;no rank;3270;3270;11;11;
2138298;no rank;11313;11313;11;11;
2138299;no rank;8201;8201;11;11;
2144176;no rank;758;758;10;10;
2144178;species;16492;16492;11;11;
2152660;no rank;21060;21060;11;11;
2153295;no rank;12182;12182;11;11;
2161784;no rank;9535;9535;11;11;
2161809;species;21430;21430;11;11;
2163590;no rank;3004;3004;11;11;
2163591;no rank;1531;1531;10;10;
2163593;no rank;263;263;5;5;
2163598;no rank;10048;10048;11;11;
2163605;no rank;20960;20960;11;11;
2163630;no rank;9173;9173;11;11;
2163631;no rank;16131;16156;11;11;
2163633;no rank;20450;20450;11;11;
2163634;no rank;21086;21086;11;11;
2163635;no rank;2406;2406;11;11;
2163636;no rank;15324;15324;11;11;
2163886;no rank;7546;7546;11;11;
2163887;no rank;3587;3587;11;11;
2163889;no rank;1064;1064;10;10;
2163890;no rank;2099;2099;11;11;
2163891;no rank;5411;5411;11;11;
2163965;no rank;18910;18910;11;11;
2163970;no rank;15286;15286;11;11;
2163976;no rank;20034;20034;11;11;
2163978;no rank;1928;1928;11;11;
2163979;no rank;4710;4710;11;11;
2163982;no rank;21423;21423;11;11;
2163983;no rank;19815;19815;11;11;
2163984;no rank;21708;21708;11;11;
2163985;no rank;22945;22945;11;11;
2164061;species;82791;82791;41;41;
2164102;no rank;37184;37184;21;21;
2164103;no rank;52688;52688;31;31;
2164174;species;10745;10745;11;11;
2169529;family;30836;30836;1;1;
2169530;subfamily;6382;6382;1;1;
2169532;genus;29479;29479;2;2;
2169536;genus;488509;488509;69;69;
2169567;family;9;9;1;1;
2169574;family;664;664;1;1;
2169577;family;536;536;1;1;
2169599;subfamily;155;155;1;1;
2169601;subfamily;47706;47706;1;1;
2169607;genus;1698;1698;1;1;
2169609;genus;4;4;1;1;
2169611;genus;19343;19343;1;1;
2169621;genus;25587;25587;1;1;
2169622;genus;22395;22395;9;9;
2169636;genus;56435;56435;22;22;
2169647;genus;12360;12360;1;1;
2169652;genus;63147;63147;32;32;
2169657;genus;3611;3611;1;1;
2169658;genus;316848;316848;83;83;
2169662;genus;38;38;1;1;
2169663;genus;6630;6630;1;1;
2169670;genus;14939;14939;1;1;
2169701;species;20746;20746;11;11;
2169863;no rank;18978;18978;11;11;
2170033;no rank;15873;15873;11;11;
2170057;no rank;60322;60322;31;31;
2170211;species;23470;23470;11;11;
2170403;species;22467;22467;11;11;
2170408;species;21967;21967;11;11;
2170409;no rank;21905;21905;11;11;
2170423;no rank;22135;22135;11;11;
2170547;no rank;21926;21926;11;11;
2171377;no rank;20319;20319;11;11;
2171378;no rank;19607;19607;11;11;
2171381;no rank;20872;20872;11;11;
2171394;no rank;21383;21383;11;11;
2172548;species;21056;21056;11;11;
217362;no rank;16021;16021;11;11;
2174902;species;33733;33733;21;21;
2174956;species;37128;37128;21;21;
2175004;no rank;61303;61303;8;8;
2175169;no rank;8006;8006;11;11;
2175329;species;20626;20626;11;11;
2175605;no rank;19923;19923;11;11;
2175800;no rank;39988;39988;21;21;
2178923;no rank;3758;3758;11;11;
2178927;no rank;1972;1972;11;11;
2178928;no rank;22361;22361;11;11;
2178932;species;2487;2487;11;11;
2182319;no rank;6796;6796;11;11;
2182341;no rank;21576;21576;11;11;
2182345;no rank;4716;4716;11;11;
2182346;no rank;19014;19014;11;11;
2182347;no rank;8725;8725;11;11;
2182350;no rank;22056;22056;11;11;
2182354;no rank;14980;14980;11;11;
2182357;no rank;17432;17432;11;11;
2182358;no rank;9340;9340;11;11;
2182360;no rank;21559;21559;11;11;
2182393;no rank;669;669;5;5;
2182394;no rank;1567;1567;10;10;
2182395;no rank;4168;4168;10;10;
2182397;species;21682;21682;11;11;
2182398;no rank;63;63;3;3;
2182403;no rank;3126;3126;10;10;
2182408;no rank;19599;19599;11;11;
2182467;no rank;22250;22250;11;11;
2182585;species;14197;14197;11;11;
2182586;no rank;41257;41257;21;21;
2184034;family;1375;1375;1;1;
2184051;no rank;6185;6185;11;11;
2184265;no rank;3085;3085;11;11;
2184393;species;19367;19367;11;11;
2184399;species;22256;22256;11;11;
2184699;no rank;569;569;9;9;
2185132;no rank;24168;24168;11;11;
2200756;no rank;12545;12545;11;11;
2200830;species;11737;11737;11;11;
2201415;no rank;44231;44231;21;21;
2201417;no rank;2820;2820;11;11;
2201420;no rank;20691;20691;11;11;
2201421;no rank;20107;20107;11;11;
2201424;no rank;14901;14901;11;11;
2201426;no rank;1510;1510;5;5;
2201427;no rank;22798;22798;11;11;
2201430;no rank;19182;19182;11;11;
2201431;no rank;22300;22300;11;11;
2201435;no rank;22601;22601;11;11;
2201436;no rank;9378;9378;11;11;
2201437;no rank;7123;7123;11;11;
2201442;no rank;6058;6058;11;11;
2201444;no rank;22706;22706;11;11;
2201455;no rank;11510;11510;11;11;
2201462;no rank;16238;16238;11;11;
2201472;no rank;20168;20168;11;11;
2202565;species;815007;815007;451;451;
2202647;species;45820;45820;21;21;
2203191;no rank;2094;2094;11;11;
2204155;no rank;21592;21592;11;11;
2212477;species;22783;22783;11;11;
2213167;no rank;64314;64314;31;31;
2213168;no rank;42988;42988;21;21;
2218499;no rank;1014;1014;10;10;
2218611;no rank;1000;1000;9;9;
2218612;no rank;21185;21185;11;11;
2218618;species;8979;8979;11;11;
2219036;no rank;99039;99039;51;51;
2219111;no rank;16570;16570;11;11;
2219113;no rank;18052;18052;11;11;
2219114;no rank;16767;16767;11;11;
2219115;no rank;18999;18999;11;11;
2219116;no rank;18791;18791;11;11;
2219121;no rank;16282;16282;11;11;
2219124;no rank;16494;16494;11;11;
2219127;no rank;18251;18251;11;11;
2219132;no rank;19170;19170;11;11;
2219214;no rank;334319;334319;20;20;
2219873;no rank;21241;21241;11;11;
2230897;no rank;16422;16422;11;11;
2230898;no rank;15505;15505;11;11;
2230899;no rank;16381;16381;11;11;
2230910;no rank;21616;21616;11;11;
2231334;species;162;162;7;7;
2231336;species;831;831;8;8;
2231342;no rank;911;911;6;6;
2231345;no rank;416;416;8;8;
2231347;no rank;94;94;4;4;
2231351;no rank;11318;11318;11;11;
2231352;no rank;2077;2077;11;11;
2231354;no rank;1739;1739;11;11;
2231355;no rank;3543;3543;11;11;
2231362;no rank;931;931;8;8;
2231646;species;20054;20054;11;11;
2231774;no rank;12751;12751;11;11;
2233614;no rank;98754;98754;1;1;
2233775;no rank;7496;7496;11;11;
2233992;no rank;12033;12033;11;11;
2234035;no rank;7863;7863;11;11;
2234047;no rank;6750;6750;11;11;
2234080;no rank;3953;3953;11;11;
2234086;no rank;9260;9260;11;11;
2234092;species;23197;23197;11;11;
2234093;no rank;22694;22694;11;11;
2234106;no rank;80268;80268;2;2;
2248769;no rank;19745;19745;11;11;
2249313;no rank;21703;21703;11;11;
2249765;no rank;26;26;2;2;
2249767;no rank;1194;1194;10;10;
2249773;no rank;9747;9747;11;11;
2249777;no rank;2817;2817;3;3;
2249779;no rank;13476;13476;8;8;
2249780;no rank;3302;3302;4;4;
2249932;no rank;16951;16951;11;11;
2249933;no rank;18661;18661;11;11;
2250214;no rank;4051;4051;11;11;
2250289;no rank;19307;19307;11;11;
2250291;no rank;18718;18718;11;11;
2250309;no rank;19326;19326;11;11;
2250319;no rank;10321;10321;6;6;
2250320;no rank;13639;13639;11;11;
2250322;no rank;4858;4858;11;11;
2250323;no rank;14922;14922;11;11;
2250335;no rank;17065;17065;11;11;
2250336;no rank;20076;20076;11;11;
2250352;no rank;5502;5502;11;11;
2250355;no rank;2308;2308;11;11;
2250364;no rank;150;150;3;3;
2250367;no rank;592;592;9;9;
2250368;species;6669;6669;11;11;
2250371;no rank;12106;12106;11;11;
2250389;species;3465;3465;11;11;
2250390;no rank;1478;1478;4;4;
2250392;no rank;5359;5359;9;9;
2250394;no rank;88;88;4;4;
2250396;no rank;1945;1945;9;9;
2250397;no rank;5235;5235;11;11;
2250409;species;4699;4699;11;11;
2250412;no rank;2997;2997;11;11;
2250414;no rank;2880;2880;4;4;
2250416;no rank;15412;15412;11;11;
2250417;no rank;2626;2626;11;11;
2250422;no rank;546;546;10;10;
2250469;species;17096;17096;1;1;
2259786;no rank;23580;23580;11;11;
226613;species;139375;139375;71;71;
2267237;no rank;8171;8171;11;11;
2267403;no rank;19929;19929;11;11;
2267561;no rank;42278;42278;21;21;
2267607;no rank;8574;8574;11;11;
2267653;no rank;4625;4625;10;10;
2267655;no rank;23375;23375;11;11;
2268396;no rank;8498;8615;11;11;
2268578;no rank;23416;23416;11;11;
2268587;no rank;23031;23031;11;11;
2268589;no rank;21249;21249;11;11;
2268591;no rank;9237;9237;11;11;
2268607;no rank;246;246;6;6;
2268608;no rank;913;913;7;7;
2268609;no rank;1957;1957;10;10;
2268610;no rank;3342;3342;11;11;
2268621;no rank;205;205;4;4;
2268989;no rank;2661;2661;1;1;
2269366;no rank;3386;3386;11;11;
2269380;no rank;10339;10339;11;11;
2282196;no rank;15325;15325;11;11;
2282396;no rank;2803;2803;4;4;
2282409;no rank;20827;20827;11;11;
2282412;no rank;110;110;4;4;
2282485;species;18938;18938;11;11;
2282629;no rank;8478;8585;11;11;
2282630;no rank;8787;8869;11;11;
2282631;no rank;9292;9366;11;11;
2282904;no rank;8932;8932;11;11;
2282909;no rank;669;669;6;6;
2282910;no rank;21416;21416;11;11;
2282912;no rank;21320;21320;11;11;
2283012;no rank;15767;15767;11;11;
2283013;no rank;23364;23364;11;11;
2283015;no rank;21699;21699;11;11;
2283025;no rank;18038;18038;10;10;
2283026;no rank;14595;14595;9;9;
2283027;no rank;792;792;6;6;
2283028;no rank;4519;4519;4;4;
2283029;no rank;12754;12754;11;11;
2283031;no rank;15447;15447;11;11;
2283033;no rank;14330;14330;11;11;
2283237;no rank;24023;24023;11;11;
2283246;no rank;19933;19933;11;11;
2283249;no rank;6207;6207;11;11;
2283252;no rank;18294;18294;11;11;
2283261;no rank;6203;6203;11;11;
2283265;no rank;15125;15125;11;11;
2283267;no rank;18413;18413;11;11;
2283269;no rank;15022;15022;11;11;
2283270;no rank;19830;19830;11;11;
2283271;no rank;19281;19281;11;11;
2283272;no rank;18955;18955;11;11;
2283286;no rank;23822;23822;11;11;
2283292;no rank;5872;5872;11;11;
2283295;no rank;84;84;3;3;
2283296;no rank;1245;1245;10;10;
2283297;no rank;4368;4368;6;6;
2283303;no rank;15813;15813;11;11;
2283304;no rank;12015;12015;11;11;
2283388;species;17079;17079;11;11;
228897;species;28259;28259;21;21;
2290890;no rank;191129;191129;101;101;
2291613;no rank;15385;15385;11;11;
2291940;no rank;20459;20459;11;11;
2291941;no rank;15518;15518;11;11;
2291942;no rank;20625;20625;11;11;
2293278;no rank;19883;19883;11;11;
2293293;no rank;16902;16902;11;11;
2293302;no rank;17921;17921;11;11;
2293720;no rank;20186;20186;11;11;
2293881;species;20892;20892;11;11;
2294149;species;21706;21706;11;11;
2301532;no rank;6974;6974;11;11;
2301538;no rank;22743;22743;11;11;
2301539;no rank;20582;20582;11;11;
2301545;no rank;229;229;6;6;
2301547;no rank;259;259;4;4;
2301548;no rank;3296;3296;10;10;
2301556;no rank;13891;13891;11;11;
2301558;no rank;6797;6797;11;11;
2301559;no rank;8671;8671;11;11;
2301560;no rank;687;687;6;6;
2301561;no rank;7462;7462;11;11;
2301563;no rank;1208;1208;7;7;
2301565;no rank;866;866;9;9;
2301570;no rank;501;501;3;3;
2301571;no rank;838;838;8;8;
2301573;no rank;18681;18681;11;11;
2301600;no rank;20655;20655;11;11;
2301601;no rank;475;475;3;3;
2301602;no rank;2797;2797;10;10;
2301603;no rank;3896;3896;7;7;
2301604;no rank;20330;20330;11;11;
2301608;no rank;575;575;10;10;
2301609;no rank;124;124;4;4;
2301612;no rank;549;549;11;11;
2301619;no rank;16513;16513;11;11;
2301621;no rank;19665;19665;11;11;
2301634;species;3039;3039;11;11;
2301635;species;3474;3474;11;11;
2301636;species;1256;1256;8;8;
2301637;species;1255;1255;11;11;
2301639;species;4441;4441;5;5;
2301640;species;3703;3703;8;8;
2301647;no rank;326;326;6;6;
2301648;no rank;651;651;8;8;
2301650;no rank;5222;5222;11;11;
2301662;no rank;2193;2193;11;11;
2301664;no rank;13718;13718;11;11;
2301687;no rank;3030;3030;11;11;
2301688;no rank;2302;2302;11;11;
2301690;no rank;2991;2991;11;11;
2301692;no rank;3578;3578;11;11;
2301693;no rank;7932;7932;10;10;
2301694;no rank;9129;9129;11;11;
2301695;no rank;2387;2387;9;9;
2301696;no rank;8965;8965;7;7;
2301697;no rank;21110;21110;11;11;
2301700;no rank;3578;3578;9;9;
2301701;no rank;8987;8987;9;9;
2301702;no rank;152;152;4;4;
2301704;no rank;5292;5292;11;11;
2301710;no rank;65;65;3;3;
2301714;no rank;19988;19988;11;11;
2301715;no rank;13466;13466;11;11;
2301720;species;991;991;11;11;
2301721;species;10339;10339;11;11;
2301722;species;3705;3705;11;11;
2301723;no rank;3287;3287;9;9;
2301728;no rank;21568;21568;11;11;
2301731;no rank;18865;18865;11;11;
2303151;species;14620;14620;11;11;
2303390;species;13769;13769;11;11;
2303487;no rank;40827;40827;21;21;
2303490;no rank;42755;42755;21;21;
2304001;no rank;2216;2216;1;1;
2304025;no rank;21768;21768;11;11;
2304198;no rank;20010;20010;11;11;
2304214;no rank;21301;21301;11;11;
2304463;species;20928;20928;11;11;
2304484;no rank;7789;7789;11;11;
2304485;no rank;2285;2285;11;11;
2304618;no rank;41896;41896;21;21;
2304647;species;43883;43883;21;21;
2305270;no rank;18573;18573;11;11;
2305480;no rank;4457;4457;11;11;
2305483;no rank;11883;11883;11;11;
2305484;no rank;4609;4609;11;11;
2305485;no rank;8199;8199;11;11;
2305487;no rank;3264;3264;11;11;
2305489;no rank;12361;12361;11;11;
2306079;no rank;23603;23603;11;11;
2306727;species;21722;21722;11;11;
2306887;no rank;22277;22277;11;11;
2307269;no rank;1967;1967;11;11;
2315217;no rank;20958;20958;11;11;
2315458;no rank;5988;5988;10;10;
2315466;no rank;4216;4216;10;10;
2315467;no rank;1932;1932;7;7;
2315468;no rank;12313;12313;11;11;
2315470;no rank;12904;12904;11;11;
2315471;no rank;8880;8880;11;11;
2315475;no rank;14896;14896;11;11;
2315483;no rank;4696;4696;9;9;
2315485;no rank;4568;4568;7;7;
2315486;no rank;6618;6618;11;11;
2315527;no rank;4429;4429;10;10;
2315529;no rank;9755;9755;11;11;
2315530;no rank;1809;1809;9;9;
2315531;no rank;4199;4199;11;11;
2315539;no rank;4764;4764;11;11;
2315544;no rank;17927;17927;11;11;
2315578;no rank;21451;21451;11;11;
2315580;no rank;1156;1156;10;10;
2315597;no rank;18971;18971;11;11;
2315601;no rank;6659;6659;11;11;
2315608;no rank;19060;19060;11;11;
2315610;no rank;12803;12803;11;11;
2315613;no rank;2225;2225;11;11;
2315616;no rank;21949;21949;11;11;
2315627;species;18605;18605;11;11;
2315628;no rank;12689;12689;11;11;
2315629;no rank;3817;3817;11;11;
2315695;no rank;4131;4131;11;11;
2315696;no rank;6879;6879;11;11;
2315700;no rank;5111;5111;11;11;
2315703;no rank;17618;17618;11;11;
2315704;no rank;20722;20722;11;11;
2315711;no rank;282;282;8;8;
2315716;no rank;16352;16352;11;11;
2315721;no rank;33056;33056;21;21;
2315722;no rank;19184;19184;11;11;
2315766;no rank;7391;7391;11;11;
2316013;no rank;2060;2060;10;10;
2316014;no rank;3675;3675;11;11;
2316154;no rank;23733;23733;11;11;
2320191;no rank;7480;7480;11;11;
2320192;no rank;11623;11623;11;11;
2320193;no rank;11199;11199;11;11;
2320194;no rank;3211;3211;11;11;
2320195;no rank;3400;3400;10;10;
2320197;no rank;1792;1792;10;10;
2320870;no rank;24570;24570;11;11;
2321390;no rank;392;392;8;8;
2321391;no rank;9561;9561;11;11;
233046;no rank;20274;20274;11;11;
2338395;no rank;21434;21434;11;11;
2340712;no rank;20585;20585;11;11;
2340715;no rank;3253;3253;11;11;
2340716;no rank;15656;15656;11;11;
2340717;no rank;4932;4932;7;7;
2340719;no rank;5067;5067;10;10;
2341050;no rank;15014;15014;11;11;
2358214;no rank;21922;21922;11;11;
2358294;no rank;23770;23770;11;11;
2364128;no rank;20423;20423;11;11;
2364291;species;21947;21947;11;11;
2365005;no rank;1195;1195;8;8;
2365008;no rank;91;91;7;7;
2365009;no rank;660;660;9;9;
2365010;no rank;1435;1435;7;7;
2365012;no rank;2468;2468;11;11;
2365015;no rank;6880;6880;11;11;
2365016;no rank;6865;6865;11;11;
2365017;no rank;265;265;5;5;
2365018;no rank;349;349;3;3;
2365021;no rank;2012;2012;7;7;
2365022;no rank;32;32;2;2;
2365026;no rank;2637;2637;11;11;
2365027;no rank;2757;2757;10;10;
2365028;no rank;6757;6757;10;10;
2365029;no rank;1577;1577;11;11;
2365030;no rank;1233;1233;11;11;
2365031;no rank;5396;5396;11;11;
2365032;no rank;1830;1830;9;9;
2365033;no rank;386;386;8;8;
2365034;no rank;149;149;5;5;
2365035;no rank;548;548;6;6;
2365036;no rank;1212;1212;8;8;
2365037;no rank;4923;4923;11;11;
2365038;no rank;2561;2561;10;10;
2365039;no rank;4157;4157;11;11;
2365041;no rank;396;396;5;5;
2365042;no rank;3076;3076;11;11;
2365043;no rank;3825;3825;9;9;
2365044;no rank;1959;1959;10;10;
2365045;no rank;6013;6013;10;10;
2365046;no rank;914;914;9;9;
2365047;no rank;2952;2952;10;10;
2365048;no rank;2252;2252;11;11;
2365049;no rank;1340;1340;11;11;
2365051;no rank;2409;2409;8;8;
2365052;no rank;1350;1350;9;9;
2365054;no rank;2381;2381;11;11;
2365055;no rank;3012;3012;11;11;
2365056;no rank;2839;2839;11;11;
2365058;no rank;1495;1495;11;11;
2382122;species;4409;4409;11;11;
2382310;no rank;16607;16607;11;11;
2419608;no rank;4870;4870;11;11;
2419609;no rank;14177;14177;10;10;
2419610;no rank;14637;14637;11;11;
2419611;no rank;19937;19937;11;11;
2419614;no rank;267;267;8;8;
2419618;no rank;22191;22191;11;11;
2419619;no rank;22354;22354;11;11;
2419628;no rank;1666;1666;10;10;
2419630;no rank;2383;2383;11;11;
2419631;no rank;617;617;11;11;
2419632;no rank;4982;4982;11;11;
2419633;no rank;1215;1215;10;10;
2419634;no rank;455;455;11;11;
2419635;no rank;2037;2037;10;10;
2419636;no rank;1132;1132;7;7;
2419638;no rank;3262;3262;9;9;
2419639;no rank;390;390;7;7;
2419640;no rank;1701;1701;9;9;
2419643;no rank;557;557;4;4;
2419647;no rank;357;357;4;4;
2419649;no rank;1108;1108;10;10;
2419654;no rank;515;515;11;11;
2419655;no rank;926;926;9;9;
2419656;no rank;235;235;9;9;
2419660;no rank;460;460;9;9;
2419663;no rank;602;602;9;9;
2419667;species;43564;43564;21;21;
2419682;no rank;15163;15163;11;11;
2419747;species;137;137;6;6;
2419748;species;1820;1820;10;10;
2419752;no rank;502;502;9;9;
2419753;no rank;3122;3122;11;11;
2419754;no rank;1941;1941;9;9;
2419756;no rank;8819;8819;11;11;
2419760;no rank;10417;10417;21;21;
2419761;no rank;3452;3452;10;10;
2419762;no rank;3447;3447;11;11;
2419783;no rank;15626;15626;11;11;
2419930;no rank;17909;17909;11;11;
2419942;no rank;18437;18437;11;11;
2419945;no rank;21909;21909;11;11;
2419946;no rank;20323;20323;11;11;
2419947;no rank;21908;21908;11;11;
2419948;no rank;8088;8088;11;11;
2419949;no rank;10104;10104;11;11;
2419950;no rank;9313;9313;11;11;
2419951;no rank;6867;6867;10;10;
2419952;species;20554;20554;11;11;
2419955;no rank;17966;17966;11;11;
2419956;no rank;2503;2503;6;6;
2419957;no rank;13273;13273;9;9;
2419958;no rank;6580;6580;11;11;
2419959;no rank;6441;6441;10;10;
2419963;species;11563;11563;11;11;
2419964;species;19964;19964;11;11;
2419965;no rank;2084;2084;7;7;
2419967;no rank;14236;14236;11;11;
2419968;species;6392;6392;11;11;
2419970;no rank;16354;16354;11;11;
2419971;no rank;19016;19016;11;11;
2419978;no rank;21358;21358;11;11;
2419980;no rank;92;92;4;4;
2420237;no rank;14007;14007;11;11;
2420240;no rank;540;540;10;10;
2420320;no rank;18056;18056;11;11;
2447916;no rank;47145;47145;21;21;
2447920;no rank;40947;40947;21;21;
2447921;no rank;42246;42246;21;21;
2448906;no rank;23849;23849;11;11;
2448907;no rank;22318;22318;11;11;
2448909;no rank;1177;1177;11;11;
2478919;no rank;7109;7109;11;11;
2479482;no rank;5152;5152;10;10;
2479933;no rank;3014;3014;11;11;
248056;no rank;41932;41932;21;21;
248058;no rank;59267;59267;31;31;
248059;no rank;61906;61906;31;31;
248060;no rank;62767;62767;31;31;
2480623;no rank;8763;8763;11;11;
2482723;no rank;20934;20934;11;11;
2483037;no rank;40409;40409;21;21;
2483418;no rank;1969;1969;9;9;
2483604;no rank;20083;20083;11;11;
2483610;no rank;7151;7151;11;11;
2483611;no rank;12705;12705;11;11;
2483612;no rank;178;178;6;6;
2483623;no rank;19281;19281;11;11;
2483661;species;22411;22411;11;11;
2483665;no rank;5318;5318;11;11;
2483666;no rank;1735;1735;9;9;
2483667;no rank;4046;4046;10;10;
2483668;no rank;2653;2653;9;9;
2483669;no rank;3742;3742;11;11;
2483670;no rank;4834;4834;11;11;
2483671;no rank;1666;1666;8;8;
2483672;no rank;3408;3408;11;11;
2483673;no rank;21019;21019;11;11;
2483674;no rank;1432;1432;11;11;
2483675;no rank;409;409;6;6;
2483713;no rank;5120;5120;11;11;
2483719;no rank;5358;5358;11;11;
2483877;no rank;578;578;6;6;
2483878;no rank;1300;1300;9;9;
2483879;no rank;616;616;8;8;
2484206;no rank;21476;21476;11;11;
2484209;no rank;2740;2740;10;10;
2484215;no rank;5536;5536;11;11;
2484216;no rank;2839;2839;11;11;
2484217;no rank;17011;17011;11;11;
2484218;no rank;17678;17678;11;11;
2484249;no rank;14643;14643;11;11;
2484640;no rank;5959;5959;11;11;
2484986;no rank;39061;39061;21;21;
2485870;no rank;21269;21269;11;11;
2485920;no rank;37664;37664;21;21;
2485922;no rank;55299;55299;31;31;
2485923;no rank;55712;55712;31;31;
2485924;no rank;20573;20573;11;11;
2486070;species;39752;39752;21;21;
2486281;species;20535;20535;11;11;
2486603;no rank;19747;19747;11;11;
2486665;no rank;1119;1119;11;11;
2487100;no rank;22545;22545;11;11;
2487338;no rank;20723;20723;11;11;
2488571;no rank;14243;14243;11;11;
2488573;no rank;2448;2448;11;11;
2488595;species;2448;2448;9;9;
2488596;species;7957;7957;11;11;
2488654;no rank;20673;20673;11;11;
2488780;no rank;21707;21707;11;11;
2488784;no rank;3285;3285;10;10;
2488789;no rank;22225;22225;11;11;
2488835;no rank;13566;13566;11;11;
2488859;no rank;16891;16891;11;11;
2488949;no rank;7703;7784;11;11;
2488953;no rank;10039;10039;11;11;
2488957;no rank;590;590;5;5;
2488980;no rank;251;251;5;5;
2489618;no rank;759;759;8;8;
2489627;no rank;1586;1586;9;9;
2489628;no rank;1765;1765;11;11;
2489634;no rank;2551;2551;9;9;
2489635;no rank;1920;1920;8;8;
2490442;no rank;20499;20499;11;11;
2490812;species;22692;22692;11;11;
2490813;no rank;23006;23006;11;11;
2490814;no rank;23997;23997;11;11;
2490815;species;19501;19501;11;11;
2490816;species;20835;20835;11;11;
2490817;species;20814;20814;11;11;
2490823;no rank;21161;21161;11;11;
2490824;no rank;21008;21008;11;11;
2491018;no rank;22227;22227;11;11;
2491019;no rank;20612;20612;11;11;
2491321;no rank;3075;3075;11;11;
2491323;species;2343;2343;10;10;
249184;family;113;113;1;1;
2492437;no rank;8105;8292;11;11;
2492447;no rank;22108;22108;11;11;
2492466;no rank;790;790;9;9;
2492468;no rank;1444;1444;9;9;
2492655;no rank;19226;19226;11;11;
2492658;no rank;19340;19340;11;11;
2492948;no rank;3378;3378;11;11;
2492961;no rank;6815;6815;11;11;
2493121;no rank;22515;22515;11;11;
2493123;no rank;20083;20083;11;11;
2493124;no rank;19358;19358;11;11;
2493125;no rank;8207;8207;11;11;
2494552;species;21569;21569;11;11;
2495433;no rank;20831;20831;11;11;
2495553;no rank;5649;5649;10;10;
2495554;no rank;4271;4271;10;10;
2495555;no rank;4512;4512;9;9;
2495751;no rank;19838;19838;11;11;
2496520;no rank;18277;18277;11;11;
2496544;no rank;8412;8412;11;11;
2496546;no rank;21233;21233;11;11;
2496547;no rank;20831;20831;11;11;
2496549;no rank;2006;2006;9;9;
2496550;no rank;2820;2820;11;11;
2496575;species;15406;15406;11;11;
2496585;no rank;41510;41510;21;21;
2496631;no rank;1998;1998;1;1;
2496633;no rank;18050;18050;11;11;
2496634;species;195861;195861;101;101;
2497337;no rank;22048;22048;11;11;
2497338;no rank;38564;38564;21;21;
2497444;no rank;21443;21443;11;11;
2497445;no rank;20967;20967;11;11;
2497569;phylum;16;16;1;1;
2498591;no rank;1476;1476;10;10;
2498616;no rank;13435;13435;11;11;
2499003;no rank;4656;4656;11;11;
2499008;no rank;8037;8037;11;11;
2499009;no rank;20867;20867;11;11;
2499021;no rank;1300;1300;7;7;
2499023;no rank;5583;5583;10;10;
2499025;no rank;7957;7957;11;11;
2499037;no rank;21629;21629;11;11;
2499042;no rank;11305;11305;11;11;
2499071;no rank;8720;8720;11;11;
2499072;no rank;23702;23702;11;11;
2499073;no rank;22259;22259;11;11;
2499224;no rank;18657;18657;11;11;
2499225;no rank;20255;20255;11;11;
2499226;no rank;20266;20266;11;11;
2499229;no rank;19770;19770;11;11;
2499232;no rank;19297;19297;11;11;
2499233;no rank;21738;21738;11;11;
2499242;species;22487;22487;11;11;
2499624;no rank;20653;20653;11;11;
2499902;no rank;715;715;9;9;
2499909;no rank;6628;6628;11;11;
2500166;species;9031;9031;11;11;
2500559;no rank;16529;16529;11;11;
2500560;no rank;11479;11479;11;11;
2500574;no rank;6397;6397;11;11;
2500581;no rank;20453;20453;11;11;
2500761;no rank;7222;7222;11;11;
2500787;no rank;19811;19811;11;11;
2500789;no rank;5609;5609;7;7;
2500793;no rank;358;358;6;6;
2500795;no rank;11415;11415;11;11;
2500797;no rank;17914;17914;11;11;
2500799;no rank;388;388;6;6;
2500808;no rank;14812;14812;11;11;
2500809;no rank;7462;7462;11;11;
2500810;no rank;6376;6376;11;11;
2500815;no rank;9651;9651;11;11;
2500816;no rank;1204;1204;11;11;
2500819;no rank;880;880;10;10;
2500826;no rank;5658;5658;11;11;
2500827;no rank;13525;13525;11;11;
2500828;no rank;2721;2721;11;11;
2501216;no rank;20629;20629;11;11;
2501219;no rank;24015;24015;11;11;
2501220;no rank;22409;22409;11;11;
2501221;no rank;22201;22201;11;11;
2501222;no rank;23595;23595;11;11;
2501271;species;20715;20715;11;11;
2501272;species;21412;21412;11;11;
2501273;no rank;20483;20483;11;11;
2501280;no rank;22895;22895;11;11;
2501288;no rank;20585;20585;11;11;
2501658;no rank;19001;19001;11;11;
2501743;no rank;20544;20544;11;11;
2501771;no rank;4711;4711;11;11;
2501931;subfamily;67;67;1;1;
2501995;genus;82;82;1;1;
2502301;no rank;863;863;9;9;
2502303;no rank;767;767;11;11;
2502306;no rank;265;265;6;6;
2502409;no rank;20814;20814;11;11;
2502420;no rank;3124;3124;11;11;
2502425;no rank;31;31;4;4;
2502431;no rank;17488;17488;11;11;
2502450;no rank;4400;4400;11;11;
2502469;no rank;125;125;5;5;
2502470;no rank;379;379;8;8;
2507291;genus;3;3;1;1;
2507411;no rank;13147;13147;11;11;
2507575;no rank;21996;21996;11;11;
2507576;no rank;11048;11048;11;11;
2507577;no rank;5922;5922;11;11;
2507578;no rank;9471;9471;11;11;
2507689;species;117592;117592;71;71;
2507711;no rank;16416;16416;11;11;
2507854;no rank;19532;19532;11;11;
2507856;no rank;17013;17013;11;11;
2507858;no rank;6675;6675;11;11;
2507862;no rank;3713;3713;8;8;
2507863;no rank;8291;8291;11;11;
2508061;no rank;2032;2032;10;10;
2508069;no rank;221;221;5;5;
2508071;no rank;22248;22248;11;11;
2508172;no rank;16820;16820;11;11;
2508174;no rank;3904;3904;11;11;
2508177;no rank;643;643;8;8;
2508179;no rank;1388;1388;11;11;
2508180;no rank;673;673;10;10;
2508181;no rank;361;361;9;9;
2508184;no rank;66407;66407;31;31;
2508185;species;3642;3642;10;10;
2508186;species;4383;4383;10;10;
2508187;species;5630;5630;10;10;
2508189;no rank;3830;3830;11;11;
2508192;no rank;9281;9281;11;11;
2508193;no rank;12738;12738;11;11;
2508194;no rank;8155;8155;11;11;
2508195;no rank;3130;3130;10;10;
2508203;no rank;9173;9173;11;11;
2508206;no rank;19961;19961;11;11;
2508244;genus;4;4;1;1;
2508248;subgenus;82;82;1;1;
2508256;genus;268;268;1;1;
2508865;no rank;687;687;9;9;
2509152;species;20177;20177;11;11;
2509266;species;55121;55121;31;31;
2509395;species;20166;20166;11;11;
2509479;subgenus;134;134;1;1;
2509481;subgenus;268;268;1;1;
2509503;subgenus;162;162;1;1;
2509511;subgenus;107;107;1;1;
2509513;subgenus;295;295;1;1;
2509515;subgenus;143;143;1;1;
2509576;no rank;8988;8988;11;11;
2509586;no rank;14915;14915;11;11;
2509616;no rank;20743;20743;11;11;
2509728;no rank;17768;17768;11;11;
2509729;no rank;17867;17867;11;11;
2509748;species;20638;20638;11;11;
2509750;no rank;16724;16724;11;11;
2509764;no rank;7661;7661;11;11;
2509781;no rank;6926;6926;11;11;
2509785;no rank;5939;5939;10;10;
2509787;no rank;20166;20166;11;11;
2510149;no rank;919;919;6;6;
2510428;species;21488;21488;11;11;
2510452;no rank;9146;9146;11;11;
2510455;no rank;15009;15011;11;11;
2510464;no rank;9463;9493;11;11;
2510470;no rank;10905;10905;8;8;
2510480;no rank;13865;13865;11;11;
2510483;no rank;20917;20917;11;11;
2510486;no rank;18461;18469;11;11;
2510494;species;21595;21595;11;11;
2510495;no rank;23030;23030;11;11;
2510506;no rank;6125;6125;11;11;
2510508;no rank;7741;7741;11;11;
2510522;species;19513;19513;11;11;
2510525;no rank;17279;17279;11;11;
2510568;no rank;16080;16080;11;11;
2510571;no rank;16946;16946;11;11;
2510585;no rank;15229;15229;11;11;
2510941;no rank;12128;12128;11;11;
2510942;no rank;12490;12490;10;10;
2510943;no rank;20963;20963;11;11;
2510980;no rank;24330;24330;11;11;
2511840;no rank;20195;20195;11;11;
2517927;no rank;9938;9938;11;11;
2517936;no rank;18445;18445;11;11;
2517951;no rank;1301;1301;11;11;
2517961;no rank;10822;10822;11;11;
2517965;no rank;13881;13881;11;11;
2517967;no rank;18099;18099;11;11;
2517968;no rank;2544;2544;11;11;
2517969;no rank;4683;4683;9;9;
2517970;no rank;86;86;4;4;
2517971;no rank;19223;19223;11;11;
2517973;no rank;10827;10827;11;11;
2518008;species;21284;21284;11;11;
2518104;no rank;21810;21810;11;11;
2518373;species;15621;15621;11;11;
2518374;no rank;20701;20701;11;11;
2518602;no rank;18848;18848;11;11;
2528410;no rank;19610;19610;11;11;
2528528;no rank;13792;13792;11;11;
2528965;species;31231;31231;21;21;
2529482;no rank;20665;20665;11;11;
2529483;no rank;21210;21210;11;11;
2529487;no rank;22514;22514;11;11;
2530019;no rank;10225;10225;11;11;
2530021;species;12916;12916;11;11;
2530023;no rank;21056;21056;11;11;
2530024;no rank;20652;20652;11;11;
2530027;no rank;1629;1629;6;6;
2530028;species;6039;6039;11;11;
2530029;no rank;5022;5022;11;11;
2530032;no rank;8363;8363;11;11;
2530033;no rank;8641;8641;11;11;
2530042;no rank;4492;4492;11;11;
2530114;no rank;21626;21626;11;11;
2530116;no rank;20103;20103;11;11;
2530118;no rank;4869;4869;11;11;
2530128;no rank;1503;1503;10;10;
2530132;no rank;8589;8589;11;11;
2530139;no rank;11239;11239;11;11;
2530140;no rank;19151;19151;11;11;
2530143;no rank;80;80;2;2;
2530154;no rank;16506;16506;11;11;
2530160;no rank;16586;16586;11;11;
2530161;species;2698;2698;9;9;
2530172;no rank;21220;21220;11;11;
2530183;no rank;20830;20830;11;11;
2530363;no rank;41334;41334;21;21;
2530493;no rank;21328;21328;11;11;
2530494;no rank;19886;19886;11;11;
254253;no rank;6761;6761;9;9;
254397;no rank;639;639;9;9;
2544873;no rank;42254;42254;21;21;
2544984;species;4152;4152;11;11;
2545435;no rank;23102;23102;11;11;
2546034;species;53649;53649;31;31;
2546222;no rank;58682;58682;31;31;
2546224;no rank;20797;20797;11;11;
2546225;no rank;21223;21223;11;11;
2546618;no rank;15164;15164;11;11;
2546619;no rank;7586;7586;11;11;
2546620;no rank;7874;7874;11;11;
2546621;no rank;13669;13669;11;11;
2546622;no rank;13374;13374;11;11;
2546623;no rank;9424;9424;11;11;
2546625;no rank;7904;7904;11;11;
2546626;no rank;10351;10351;11;11;
2547246;no rank;13181;13181;11;11;
2547312;no rank;20815;20815;11;11;
2547425;no rank;22212;22212;11;11;
2547430;no rank;19895;19895;11;11;
2547431;no rank;44115;44115;21;21;
2547432;species;29111;29111;21;21;
2547963;no rank;16908;16908;11;11;
254946;no rank;109896;109896;51;51;
2553070;no rank;22908;22908;11;11;
2555547;no rank;22685;22685;11;11;
2555548;no rank;3893;3893;11;11;
2555551;no rank;45313;45313;21;21;
2555904;no rank;21580;21580;11;11;
2557553;no rank;23277;23277;11;11;
2557554;no rank;23941;23941;11;11;
2557555;no rank;5247;5247;11;11;
2557579;no rank;7531;7531;11;11;
2557582;no rank;1413;1413;11;11;
2557875;species;18385;18385;11;11;
2557970;species;19692;19692;11;11;
2557974;no rank;20846;20846;11;11;
2557975;no rank;19446;19446;11;11;
2557976;no rank;20932;20932;11;11;
2557977;no rank;20489;20489;11;11;
2557978;no rank;19264;19264;11;11;
2557979;no rank;19012;19012;11;11;
2557980;no rank;17147;17147;11;11;
2557981;no rank;19809;19809;11;11;
2558458;species;32842;32842;21;21;
2559110;no rank;57936;57936;31;31;
2559111;no rank;58249;58249;31;31;
2559112;no rank;62752;62752;31;31;
2559114;no rank;58561;58561;31;31;
2559587;null;3158;3158;1;1;
2560016;no rank;21405;21405;11;11;
2560063;family;3187;3187;1;1;
2560065;family;2022;2022;1;1;
2560069;subfamily;348;348;1;1;
2560070;subfamily;797;797;1;1;
2560071;subfamily;202;202;1;1;
2560077;subfamily;49;49;1;1;
2560081;subfamily;2923;2923;1;1;
2560092;genus;12247;12247;1;1;
2560098;genus;34167;34167;5;5;
2560100;genus;12;12;1;1;
2560105;genus;15889;15889;1;1;
2560111;genus;33130;33130;1;1;
2560122;genus;10127;10127;1;1;
2560127;genus;57;57;1;1;
2560141;genus;3100;3100;1;1;
2560145;genus;191197;191197;2;2;
2560150;genus;17570;17570;1;1;
2560154;genus;75194;75194;1;1;
2560155;genus;17;17;1;1;
2560156;genus;20065;20065;10;10;
2560160;genus;14699;14699;1;1;
2560166;genus;819;819;1;1;
2560172;genus;11132;11132;1;1;
2560189;genus;4198;4198;1;1;
2560191;genus;18;18;1;1;
2560195;genus;29;29;1;1;
2560196;genus;1092;1092;1;1;
2560198;genus;58;58;1;1;
2560202;genus;157253;157253;13;13;
2560210;genus;5191;5191;1;1;
2560220;genus;38877;38877;1;1;
2560226;genus;15510;15510;1;1;
2560244;genus;38332;38332;1;1;
2560251;genus;269842;269842;21;21;
2560256;genus;10920;10920;1;1;
2560285;species;31051;31051;21;21;
2560319;no rank;20300;20300;11;11;
2560350;species;14755;14755;11;11;
2560380;species;11637;11637;11;11;
2560381;species;15565;15565;11;11;
2560419;species;6913;6913;11;11;
2560515;species;23753;23753;11;11;
2560554;species;1135;1135;1;1;
2560569;no rank;15779;15779;11;11;
2560614;no rank;19683;19683;11;11;
2560636;species;10410;10410;11;11;
2560687;species;1528;1528;2;2;
2560714;no rank;15844;15844;11;11;
2560715;no rank;15924;15924;11;11;
2560769;no rank;483;483;11;11;
2560770;no rank;19402;19402;11;11;
2560771;no rank;20018;20018;11;11;
2560810;species;8416;8416;11;11;
2560811;species;8501;8501;11;11;
2560812;species;17063;17063;11;11;
2560813;species;12993;12993;11;11;
2560843;species;8591;8591;1;1;
2562138;no rank;10787;10787;11;11;
2562142;no rank;20616;20616;11;11;
2562174;species;13718;13718;11;11;
2562175;no rank;20249;20249;11;11;
2562176;no rank;908;908;10;10;
2562178;no rank;6612;6769;11;11;
2562181;species;15513;15513;11;11;
2562185;no rank;16480;16480;11;11;
2562192;no rank;10046;10046;11;11;
2562235;no rank;21319;21319;11;11;
2562456;no rank;18913;18913;11;11;
2562461;no rank;11693;11693;11;11;
2562463;species;20644;20644;11;11;
2562517;no rank;21401;21401;11;11;
2562635;no rank;5159;5159;11;11;
2562636;no rank;1949;1949;10;10;
2562664;no rank;17331;17331;8;8;
2562665;no rank;2352;2352;3;3;
2562666;no rank;403738;403738;6;6;
2562720;no rank;1237;1237;1;1;
2562807;no rank;21248;21248;11;11;
2562808;no rank;18849;18849;11;11;
2563012;no rank;20501;20501;11;11;
2563525;no rank;7952;7952;11;11;
2563592;species;834;834;8;8;
2563826;no rank;20541;20541;11;11;
2563838;no rank;18677;18677;11;11;
2565304;species;21335;21335;11;11;
2565372;species;22242;22242;11;11;
2565499;no rank;66698;66698;2;2;
2565500;no rank;16477;16477;11;11;
2565501;no rank;21705;21787;11;11;
2565502;no rank;12231;12231;11;11;
2565509;species;22098;22098;11;11;
2565510;no rank;22200;22200;11;11;
2565517;no rank;894;894;7;7;
2565596;species;2535;2535;11;11;
2565657;no rank;788;788;7;7;
2565658;no rank;8169;8169;10;10;
2569569;species;37859;37859;21;21;
2569586;species;23331;23331;11;11;
2569589;no rank;56108;56108;31;31;
2570215;species;7599;7599;11;11;
2570606;no rank;43444;43444;21;21;
2571059;no rank;60272;60272;1;1;
2571082;no rank;19405;19405;11;11;
2571246;no rank;21571;21571;11;11;
2571247;no rank;21478;21478;11;11;
2571249;no rank;20232;20232;11;11;
2571250;species;13405;13405;11;11;
2571252;no rank;16507;16507;11;11;
2571253;no rank;10747;10747;11;11;
2571287;species;16550;16550;11;11;
2571313;no rank;20722;20722;11;11;
2572317;no rank;10976;10976;11;11;
2572526;no rank;11826;11826;11;11;
2572528;no rank;232;232;4;4;
2572529;species;4550;4550;11;11;
2572533;no rank;135;135;5;5;
2572766;no rank;43034;43034;21;21;
257463;no rank;42374;42374;21;21;
257464;no rank;43361;43361;21;21;
2575255;no rank;13407;13407;11;11;
2575323;no rank;19213;19213;11;11;
2575325;no rank;12614;12614;11;11;
2575328;species;17754;17754;11;11;
2575357;species;168;168;5;5;
2575447;no rank;20435;20435;11;11;
2575594;species;18091;18091;11;11;
2575610;no rank;18929;18929;11;11;
2575612;no rank;16015;16015;11;11;
2575764;no rank;21126;21126;11;11;
2575832;species;24834;24834;11;11;
2576222;no rank;17185;17185;11;11;
2576453;no rank;18467;18467;11;11;
2576454;no rank;17688;17688;11;11;
2576455;no rank;18931;18931;11;11;
2576456;no rank;18262;18262;11;11;
2576457;no rank;18164;18164;11;11;
2576458;no rank;16948;16948;11;11;
2576460;no rank;17526;17526;11;11;
2576484;no rank;3644;3644;10;10;
2576500;no rank;20696;20696;11;11;
2576871;no rank;20129;20129;11;11;
2576872;no rank;741;741;7;7;
2576882;no rank;2291;2291;10;10;
2576944;no rank;44081;44081;21;21;
2579707;no rank;17605;17605;11;11;
2580353;species;3943;3943;11;11;
2580388;no rank;19694;19694;11;11;
2580405;no rank;5083;5083;11;11;
2580406;no rank;5664;5664;11;11;
2580407;no rank;2833;2833;9;9;
2580408;no rank;3351;3351;11;11;
2580409;species;1553;1553;11;11;
2582871;no rank;17047;17047;11;11;
2582874;no rank;18515;18515;11;11;
2582878;no rank;18147;18147;11;11;
2582892;no rank;16888;16888;11;11;
2582936;no rank;17476;17476;11;11;
2582937;no rank;16947;16947;11;11;
2582939;no rank;17307;17307;11;11;
2582941;no rank;17506;17506;11;11;
2582942;no rank;18565;18565;11;11;
2582943;no rank;17785;17785;11;11;
2582944;no rank;19079;19079;11;11;
2582945;no rank;18379;18379;11;11;
2582947;no rank;17884;17884;11;11;
2583039;no rank;19646;19646;11;11;
2583286;no rank;13684;13684;11;11;
2583366;no rank;39158;39158;21;21;
2584380;no rank;19050;19050;11;11;
2584382;no rank;16706;16706;11;11;
2584384;no rank;18481;18481;11;11;
2584386;no rank;18126;18126;11;11;
2584388;no rank;16702;16702;11;11;
2584390;no rank;19837;19837;11;11;
2584391;no rank;18955;18955;11;11;
2584392;no rank;19433;19433;11;11;
2584393;no rank;17587;17587;11;11;
2584394;no rank;17377;17377;11;11;
2584395;no rank;15706;15706;11;11;
2584396;no rank;16269;16269;11;11;
2584397;no rank;18451;18451;11;11;
2584398;no rank;16758;16758;11;11;
2584399;no rank;18475;18475;11;11;
2584401;no rank;18049;18049;11;11;
2584403;no rank;18226;18226;11;11;
2584487;no rank;22138;22138;11;11;
2584498;no rank;106;106;4;4;
2585076;no rank;18943;18943;11;11;
2585737;no rank;3358;3358;10;10;
2586033;no rank;21460;21460;11;11;
2586199;species;20070;20070;11;11;
2586201;no rank;17708;17708;11;11;
2586203;no rank;18649;18649;11;11;
2586204;no rank;17866;17866;11;11;
2586206;no rank;18538;18538;11;11;
2586207;no rank;17801;17801;11;11;
2586208;no rank;19912;19912;11;11;
2586420;no rank;21646;21646;11;11;
2586645;species;19594;19594;11;11;
2587225;species;44110;44110;21;21;
2587487;no rank;21960;21960;11;11;
2587489;no rank;58815;58815;31;31;
2587493;no rank;1208;1208;9;9;
2587536;no rank;25660;25660;11;11;
2587538;no rank;21452;21452;11;11;
2587539;no rank;22406;22406;11;11;
2587540;no rank;84417;84417;41;41;
2587541;no rank;88234;88234;41;41;
2587545;no rank;38881;38881;21;21;
2587546;no rank;21284;21284;11;11;
2587550;no rank;21389;21389;11;11;
2587551;no rank;23007;23007;11;11;
2587552;no rank;22662;22662;11;11;
2587554;no rank;18326;18326;11;11;
2587555;no rank;22310;22310;11;11;
2587556;no rank;20468;20468;11;11;
2587557;no rank;22077;22077;11;11;
2587558;no rank;23234;23234;11;11;
2587559;no rank;19777;19777;11;11;
2587560;no rank;22747;22747;11;11;
2587561;no rank;20998;20998;11;11;
2587562;no rank;2123;2123;11;11;
2587563;no rank;22598;22598;11;11;
2587564;species;19875;19875;11;11;
2587565;species;20545;20545;11;11;
2587809;no rank;15810;15810;11;11;
2587814;no rank;4480;4480;11;11;
2588088;no rank;5;5;2;2;
2588090;no rank;514;514;9;9;
2588093;no rank;11957;11957;11;11;
2588094;no rank;10215;10215;11;11;
2588096;no rank;5901;5901;11;11;
2588098;no rank;4354;4354;10;10;
2588099;no rank;9102;9102;10;10;
2588127;no rank;2985;2985;7;7;
2588128;no rank;32;32;2;2;
2588130;no rank;1288;1288;8;8;
2588131;no rank;3965;3965;7;7;
2588132;no rank;18798;18798;11;11;
2588133;no rank;501;501;5;5;
2588487;no rank;22217;22217;11;11;
2588489;no rank;20837;20837;11;11;
2588490;no rank;14666;14666;11;11;
2588492;no rank;2060;2060;6;6;
2588498;no rank;12069;12069;8;8;
2588499;no rank;5880;5880;11;11;
2588501;no rank;2385;2385;5;5;
2588502;no rank;776;776;3;3;
2588503;no rank;5545;5545;11;11;
2588504;no rank;10739;10739;11;11;
2588505;no rank;9893;9893;11;11;
2588507;no rank;3158;3158;11;11;
2588511;no rank;745;745;7;7;
2588512;species;18101;18101;10;10;
2588513;no rank;2644;2644;9;9;
2588514;no rank;10722;10722;11;11;
2588515;no rank;2726;2726;5;5;
2588517;no rank;1316;1316;9;9;
2588518;no rank;8000;8000;6;6;
2588520;no rank;7731;7731;11;11;
2588671;species;19110;19110;11;11;
2589652;no rank;20720;20720;11;11;
2589656;no rank;1324;1324;8;8;
2589658;no rank;12904;12904;11;11;
2589659;no rank;5955;5955;11;11;
2589660;no rank;3316;3316;11;11;
2589665;no rank;21203;21203;11;11;
2590400;no rank;5550;5550;10;10;
2590572;no rank;21900;21900;11;11;
2590837;no rank;2416;2416;10;10;
2590874;no rank;5366;5366;11;11;
2590877;no rank;21181;21181;11;11;
2590880;no rank;19398;19398;11;11;
2590895;no rank;20770;20770;11;11;
2590896;no rank;1108;1108;7;7;
2590929;no rank;14609;14609;11;11;
2590931;no rank;5301;5301;11;11;
2590932;species;7155;7155;11;11;
2590936;no rank;19521;19521;11;11;
2590944;no rank;530;530;8;8;
2590946;no rank;20534;20534;11;11;
2590948;no rank;16959;16959;11;11;
2591025;no rank;10833;10833;11;11;
2591030;no rank;1630;1630;8;8;
2591031;no rank;19485;19485;11;11;
2591032;no rank;1720;1720;6;6;
2591033;no rank;2827;2827;9;9;
2591039;no rank;5820;5820;11;11;
2591041;no rank;15204;15204;11;11;
2591042;no rank;11497;11497;11;11;
2591043;no rank;3762;3762;11;11;
2591048;no rank;3992;3992;11;11;
2591056;no rank;794;794;11;11;
2591057;no rank;1800;1800;11;11;
2591063;no rank;1169;1169;11;11;
2591069;no rank;5276;5276;11;11;
2591074;no rank;376;376;8;8;
2591106;no rank;12663;12663;11;11;
2591110;no rank;1295;1295;9;9;
2591111;no rank;1940;1940;11;11;
2591116;no rank;1471;1471;9;9;
2591117;no rank;7542;7542;11;11;
2591118;no rank;15869;15869;11;11;
2591120;no rank;2826;2826;10;10;
2591121;no rank;3378;3378;8;8;
2591129;no rank;3900;3900;11;11;
2591131;no rank;20766;20766;11;11;
2591132;no rank;20006;20006;11;11;
2591135;no rank;2852;2852;11;11;
2591136;no rank;11515;11515;11;11;
2591189;no rank;5918;5918;11;11;
2591204;no rank;9096;9096;11;11;
2591205;no rank;16658;16658;11;11;
2591208;no rank;1642;1642;9;9;
2591209;no rank;2577;2577;11;11;
2591211;no rank;8494;8494;11;11;
2591212;no rank;6362;6362;11;11;
2591213;species;4886;4886;11;11;
2591214;species;12020;12020;11;11;
2591215;species;7288;7288;11;11;
2591216;species;14452;14452;11;11;
2591217;species;19269;19269;11;11;
2591223;no rank;23908;23908;11;11;
2591226;no rank;20054;20054;11;11;
2591369;no rank;3552;3552;11;11;
2591370;no rank;6646;6646;11;11;
2591371;no rank;1753;1753;9;9;
2591374;no rank;4410;4410;11;11;
2591375;no rank;2321;2321;11;11;
2591379;species;19580;19580;11;11;
2591398;no rank;22056;22056;11;11;
2591403;no rank;22085;22085;11;11;
2591406;no rank;20860;20860;11;11;
2591407;no rank;19159;19159;11;11;
2591411;no rank;21128;21128;11;11;
2591696;no rank;20678;20678;11;11;
2592161;no rank;6089;6089;11;11;
2592193;no rank;10257;10257;11;11;
2592195;no rank;6964;6964;11;11;
2592196;no rank;791;791;11;11;
2592212;no rank;25006;25006;11;11;
2592216;species;2462;2462;11;11;
2592220;no rank;483;483;10;10;
2592223;no rank;12054;12054;11;11;
2592414;no rank;18264;18264;11;11;
2592415;no rank;20354;20354;11;11;
2592416;no rank;18888;18888;11;11;
2592615;no rank;14255;14255;11;11;
2592659;no rank;993;993;9;9;
2593268;no rank;19428;19428;11;11;
2593322;no rank;4927;4927;11;11;
2593324;species;6207;6207;11;11;
2593327;no rank;7029;7029;11;11;
2593331;species;1062;1062;4;4;
2593333;no rank;22221;22221;11;11;
2593335;no rank;11279;11279;11;11;
2593350;no rank;824;824;10;10;
2593351;no rank;16435;16435;11;11;
2593355;no rank;4812;4812;11;11;
2593356;no rank;5757;5757;11;11;
2593360;no rank;6614;6614;11;11;
2593638;no rank;21562;21562;11;11;
2593922;species;30060;30060;21;21;
2593923;species;27696;27696;21;21;
2593930;species;44370;44370;21;21;
2594110;no rank;46435;46435;21;21;
2594175;no rank;20278;20278;11;11;
2595002;no rank;55626;55626;31;31;
2596672;no rank;21342;21342;11;11;
2596673;no rank;19495;19495;11;11;
2596674;no rank;19424;19424;11;11;
2596676;species;3874;3874;11;11;
2596677;no rank;5689;5689;11;11;
2596709;no rank;8823;8823;11;11;
2596714;species;12541;12541;11;11;
2596715;no rank;1516;1516;7;7;
2596746;no rank;21229;21229;11;11;
2596788;no rank;22329;22329;11;11;
2596881;species;19897;19897;11;11;
2596882;species;20177;20177;11;11;
2596883;species;21088;21088;11;11;
2596884;no rank;1586;1586;11;11;
2596899;species;14599;14599;11;11;
2596902;species;15197;15197;11;11;
2596966;no rank;15186;15186;11;11;
2596974;species;7452;7452;11;11;
2597175;no rank;21922;21922;11;11;
2597325;no rank;23280;23280;11;11;
2597326;no rank;22072;22072;11;11;
2597808;no rank;21682;21682;11;11;
2597809;species;20568;20568;11;11;
2598784;no rank;23881;23881;11;11;
2598785;no rank;16340;16340;11;11;
2598975;no rank;21388;21388;11;11;
2599303;no rank;22192;22192;11;11;
2599343;no rank;42203;42203;21;21;
2599414;no rank;21751;21751;11;11;
2599416;no rank;22075;22075;11;11;
2599417;no rank;20314;20314;11;11;
2599418;no rank;23143;23143;11;11;
2599421;no rank;22009;22009;11;11;
2599422;no rank;22281;22281;11;11;
2599423;no rank;21566;21566;11;11;
2599425;no rank;22520;22520;11;11;
2599428;no rank;22261;22261;11;11;
2599429;no rank;20825;20825;11;11;
2599430;no rank;22291;22291;11;11;
2599431;no rank;23115;23115;11;11;
2599622;species;22404;22404;11;11;
2599764;no rank;22101;22101;11;11;
2599828;no rank;18292;18292;11;11;
2599838;no rank;21340;21340;11;11;
2599843;no rank;3655;3655;11;11;
2599845;no rank;11023;11023;11;11;
2599847;no rank;17684;17684;11;11;
2599848;no rank;7062;7062;11;11;
2599849;no rank;4024;4024;10;10;
2599852;no rank;15294;15294;11;11;
2599857;no rank;22039;22039;11;11;
2599859;no rank;19126;19126;11;11;
2599860;no rank;18639;18639;11;11;
2599862;no rank;16947;16947;11;11;
2599866;species;20533;20533;11;11;
2599868;no rank;14550;14550;11;11;
2599870;species;23431;23431;11;11;
2599880;no rank;15623;15623;11;11;
2599882;no rank;15178;15178;11;11;
2599884;no rank;5519;5519;11;11;
2599885;no rank;21402;21402;11;11;
2599886;no rank;16696;16696;11;11;
2599887;no rank;2805;2805;11;11;
2599888;no rank;13288;13288;11;11;
2599890;species;22520;22520;11;11;
2599953;no rank;22757;22757;11;11;
2599954;no rank;22066;22066;11;11;
2599955;no rank;20534;20534;11;11;
2599957;no rank;21229;21229;11;11;
2599960;no rank;21158;21158;11;11;
2600101;no rank;19942;19942;11;11;
2600160;species;20047;20047;11;11;
2600161;species;19018;19018;11;11;
2600345;no rank;19732;19732;11;11;
2600347;no rank;35677;35677;21;21;
2601258;no rank;51594;51594;31;31;
2601259;no rank;21848;21848;11;11;
2601527;no rank;22456;22456;11;11;
2601605;no rank;21778;21778;11;11;
2601608;species;21361;21361;11;11;
2601610;no rank;22433;22433;11;11;
2601626;no rank;15540;15540;11;11;
2601628;no rank;351;351;6;6;
2601630;no rank;8148;8148;11;11;
2601632;no rank;21482;21482;11;11;
2601643;no rank;20439;20439;11;11;
2601652;species;20466;20466;11;11;
2601660;species;15246;15246;11;11;
2601671;no rank;22957;22957;11;11;
2601675;no rank;23267;23267;11;11;
2601678;no rank;21352;21352;11;11;
2601680;no rank;9936;9936;11;11;
2601686;no rank;9446;9446;11;11;
2601693;no rank;15409;15409;11;11;
2601695;no rank;23975;23975;11;11;
2601697;no rank;1031;1031;10;10;
2602116;no rank;60777;60777;31;31;
2602440;no rank;20120;20120;11;11;
2603257;no rank;3504;3504;11;11;
2603260;no rank;22582;22582;11;11;
2603436;species;33616;33616;21;21;
2603542;no rank;20965;20965;11;11;
2603543;no rank;41141;41141;21;21;
2603627;no rank;53848;53848;31;31;
2603848;species;1312;1312;11;11;
2603849;species;890;890;11;11;
2604330;no rank;21588;21588;11;11;
2604334;species;20667;20667;11;11;
2604335;no rank;20904;20904;11;11;
2604336;no rank;18639;18639;11;11;
2604840;species;22284;22284;11;11;
2604899;no rank;23823;23823;11;11;
2604905;no rank;17040;17040;11;11;
2604906;no rank;18038;18038;11;11;
2604907;no rank;17598;17598;11;11;
2604910;no rank;18597;18597;11;11;
2605718;no rank;20289;20289;11;11;
2605775;no rank;22499;22499;11;11;
2606569;no rank;21597;21597;11;11;
2607629;species;20478;20478;11;11;
2607734;no rank;41456;41456;21;21;
2608321;no rank;20689;20689;11;11;
2608369;no rank;9417;9417;11;11;
2608376;no rank;7806;7806;11;11;
2608606;no rank;21106;21106;11;11;
2609058;no rank;44981;44981;21;21;
2609059;no rank;43525;43525;21;21;
2609858;no rank;20506;20506;11;11;
2613793;species;21427;21427;11;11;
2613795;no rank;21197;21197;11;11;
2614061;no rank;21212;21212;11;11;
262897;null;20657;20657;11;11;
2650000;no rank;22276;22276;11;11;
2650874;no rank;21299;21299;11;11;
2650876;no rank;7889;7889;11;11;
2650877;no rank;8074;8074;11;11;
2651594;species;34231;34231;21;21;
2651942;no rank;21044;21044;11;11;
2652327;no rank;23251;23251;11;11;
2652402;no rank;12132;12132;11;11;
2652404;no rank;2669;2669;10;10;
2652405;species;20453;20453;11;11;
2652411;no rank;8140;8140;11;11;
2652412;no rank;902;902;4;4;
2652414;no rank;20598;20598;11;11;
2652415;no rank;17230;17230;11;11;
2652422;no rank;21942;21942;11;11;
2652423;no rank;18599;18599;11;11;
2652755;no rank;20468;20468;11;11;
2652756;no rank;18914;18914;11;11;
2652757;no rank;8886;8886;11;11;
2652879;no rank;18196;18196;11;11;
2652880;no rank;2006;2006;9;9;
2652881;no rank;5720;5720;8;8;
2652882;no rank;10403;10403;11;11;
2652883;no rank;9053;9053;11;11;
2653270;no rank;21593;21593;11;11;
2653271;no rank;21561;21561;11;11;
2653273;no rank;5315;5315;10;10;
2653274;no rank;2274;2274;11;11;
2653275;species;2731;2731;11;11;
2653508;species;22203;22203;11;11;
2653651;no rank;6557;6557;11;11;
2653660;species;3126;3126;11;11;
2653709;no rank;22147;22147;11;11;
2653716;no rank;4510;4510;11;11;
2653718;no rank;6120;6120;11;11;
2653725;no rank;18995;18995;11;11;
2653747;no rank;11021;11021;11;11;
2653750;no rank;9353;9353;11;11;
2653755;no rank;10719;10719;11;11;
2653763;no rank;464;464;6;6;
2653764;no rank;2060;2060;9;9;
2654367;no rank;24745;24745;11;11;
2654565;no rank;69969;69969;41;41;
2654972;no rank;20619;20619;11;11;
2655002;no rank;21592;21592;11;11;
2656515;no rank;10483;10483;11;11;
2656517;no rank;915;915;8;8;
2656520;no rank;1373;1373;11;11;
2656526;no rank;20600;20600;11;11;
2656529;no rank;16139;16139;11;11;
2656530;no rank;11751;11751;11;11;
2656532;no rank;6499;6499;11;11;
2656534;no rank;20527;20527;11;11;
2656538;no rank;10536;10536;11;11;
2656539;no rank;28;28;2;2;
2656540;no rank;13480;13480;11;11;
2656541;no rank;20358;20358;11;11;
2656542;no rank;3360;3360;11;11;
2656545;no rank;5921;5921;10;10;
2656546;species;18589;18589;11;11;
2656547;no rank;8062;8062;11;11;
2656550;species;18486;18486;11;11;
2656551;species;23481;23481;11;11;
2656554;species;18696;18696;11;11;
2656556;no rank;541;541;4;4;
2656561;no rank;654;654;10;10;
2656562;no rank;4980;4980;11;11;
2656567;no rank;6974;6974;11;11;
2656569;no rank;1080;1080;10;10;
2656572;no rank;2337;2337;11;11;
2656575;no rank;2483;2483;11;11;
2656582;no rank;21385;21385;11;11;
2656590;no rank;291;291;3;3;
2656617;no rank;18897;18897;11;11;
2656737;no rank;38665;38665;21;21;
2656740;species;16447;16447;11;11;
2660687;no rank;4266;4266;11;11;
2660688;no rank;21438;21438;11;11;
2660689;species;4516;4516;11;11;
2660715;no rank;19027;19027;11;11;
2660749;no rank;20493;20493;11;11;
2660760;species;72252;72252;41;41;
2661622;no rank;21251;21251;11;11;
2661631;no rank;79716;79716;41;41;
2661817;species;62442;62442;31;31;
2662127;no rank;22259;22259;11;11;
2662128;no rank;20762;20762;11;11;
2662136;no rank;19569;19569;11;11;
2662138;no rank;19632;19632;11;11;
2662277;no rank;8005;8005;11;11;
2662293;no rank;610;610;11;11;
2662295;no rank;10458;10458;11;11;
2662296;no rank;3666;3666;11;11;
2662297;no rank;5438;5438;11;11;
2662298;no rank;5566;5566;11;11;
2662299;no rank;9836;9836;11;11;
2662314;no rank;20955;20955;11;11;
2662396;no rank;21616;21616;11;11;
2663232;no rank;14904;14904;11;11;
2663234;no rank;23716;23716;11;11;
2663325;no rank;5504;5504;11;11;
2663326;no rank;21788;21788;11;11;
2664131;species;1341;1341;11;11;
2664196;no rank;22147;22147;11;11;
2664224;no rank;1500;1500;7;7;
2664225;no rank;1459;1459;11;11;
2664226;no rank;20601;20601;11;11;
2664236;species;22747;22747;11;11;
2664246;no rank;16375;16375;11;11;
2664558;no rank;21815;21815;11;11;
2664939;no rank;19042;19042;11;11;
2664940;species;17211;17211;11;11;
2664941;species;18301;18301;11;11;
2664942;species;36801;36801;21;21;
2666257;no rank;2447;2447;11;11;
2668086;no rank;22386;22386;11;11;
2668087;no rank;20150;20150;11;11;
2672571;no rank;21560;21560;11;11;
2674970;no rank;6622;6622;11;11;
2674975;species;22277;22277;11;11;
2674976;no rank;12637;12637;11;11;
2675159;no rank;12125;12125;11;11;
2675235;no rank;1590;1590;11;11;
2675237;no rank;9334;9334;11;11;
2675238;no rank;7150;7150;11;11;
2675240;no rank;8177;8177;11;11;
2675242;no rank;6257;6257;11;11;
2675243;no rank;3314;3314;11;11;
2675244;no rank;10208;10208;11;11;
2675245;no rank;7395;7395;11;11;
2675246;no rank;2301;2301;10;10;
2675249;no rank;2403;2403;11;11;
2675250;no rank;3444;3444;11;11;
2675251;no rank;4775;4775;11;11;
2675252;no rank;2976;2976;11;11;
2675254;no rank;7189;7189;11;11;
2675255;no rank;3536;3536;11;11;
2675256;no rank;4242;4242;11;11;
2675257;no rank;5340;5340;11;11;
2675258;no rank;11725;11725;11;11;
2675259;no rank;4566;4566;11;11;
2675260;no rank;7770;7770;11;11;
2675263;no rank;1949;1949;11;11;
2675265;no rank;3237;3237;11;11;
2675848;no rank;23529;23529;11;11;
2675849;no rank;20414;20414;11;11;
2676049;no rank;17916;17916;11;11;
2676436;species;22942;22942;11;11;
2678334;no rank;22689;22689;11;11;
2678563;no rank;5560;5560;11;11;
2678601;no rank;20177;20177;11;11;
2681195;no rank;118;118;4;4;
2681381;no rank;71177;71177;41;41;
2681674;species;11044;11044;11;11;
2682467;species;16983;16983;11;11;
2682569;no rank;89174;89174;41;41;
2682606;no rank;20794;20794;11;11;
2682608;no rank;19382;19382;11;11;
2682610;no rank;21726;21726;11;11;
2682965;no rank;13941;13941;11;11;
2683043;species;19843;19843;11;11;
268328;no rank;9336;9336;11;11;
2683823;species;21720;21720;11;11;
2684265;no rank;22678;22678;11;11;
2684266;no rank;21308;21308;11;11;
2686039;no rank;16050;16050;11;11;
2686071;no rank;6717;6717;11;11;
2686073;no rank;20792;20792;11;11;
2686080;no rank;19555;19555;11;11;
2686088;no rank;6730;6730;11;11;
2686098;species;118;118;3;3;
2686202;no rank;19817;19817;11;11;
2686208;species;13297;13297;11;11;
2686209;no rank;3330;3330;11;11;
2686228;species;8425;8425;11;11;
2686229;species;16275;16275;11;11;
2686231;no rank;18977;18977;11;11;
2686232;no rank;3358;3358;10;10;
2686233;no rank;22411;22411;11;11;
2686235;no rank;21776;21776;11;11;
2686238;no rank;6666;6666;11;11;
2686242;no rank;2320;2320;10;10;
2686244;no rank;2975;2975;11;11;
2686245;no rank;1968;1968;5;5;
2686246;no rank;4962;4962;10;10;
2686247;no rank;137;137;7;7;
2686250;no rank;21650;21650;11;11;
2686251;no rank;32;32;2;2;
2686258;no rank;363;363;4;4;
2686263;no rank;101;101;3;3;
2686266;no rank;540;540;3;3;
2686268;no rank;38;38;3;3;
2686270;no rank;430;430;6;6;
2686273;no rank;2619;2619;8;8;
2686277;no rank;365;365;4;4;
2686278;no rank;20704;20704;11;11;
2686279;no rank;21;21;2;2;
2686285;no rank;16059;16059;11;11;
2686289;no rank;2578;2578;11;11;
2686290;no rank;2834;2834;11;11;
2686301;no rank;10624;10624;11;11;
2686303;no rank;2644;2644;11;11;
2686308;no rank;2213;2213;11;11;
2686378;species;21837;21837;11;11;
2686437;no rank;21327;21327;11;11;
2686471;no rank;834;834;8;8;
2686476;no rank;1909;1909;11;11;
2686477;no rank;19106;19106;11;11;
2686478;no rank;21030;21030;11;11;
2686479;no rank;19816;19816;11;11;
2686480;no rank;19285;19285;11;11;
2686481;no rank;20814;20814;11;11;
2686482;no rank;21260;21260;11;11;
2686483;no rank;18432;18432;11;11;
2686484;no rank;19565;19565;11;11;
2686485;no rank;19382;19382;11;11;
2686486;no rank;18255;18255;11;11;
2686487;no rank;20989;20989;11;11;
2686488;no rank;19862;19862;11;11;
2686489;no rank;19959;19959;11;11;
2686490;no rank;19944;19944;11;11;
2686491;no rank;20307;20307;11;11;
2686492;no rank;18011;18011;11;11;
2686493;no rank;18309;18309;11;11;
2686494;no rank;18916;18916;11;11;
2686495;no rank;19585;19585;11;11;
2686497;no rank;19920;19920;11;11;
2686498;no rank;19593;19593;11;11;
2686503;no rank;20094;20094;11;11;
2686504;no rank;19183;19183;11;11;
2686505;no rank;18860;18860;11;11;
2686506;no rank;18996;18996;11;11;
2686507;no rank;20518;20518;11;11;
2686508;no rank;18386;18386;11;11;
2686509;no rank;20925;20925;11;11;
2686510;no rank;18521;18521;11;11;
2686511;no rank;19130;19130;11;11;
2686512;no rank;18267;18267;11;11;
2686513;no rank;17668;17668;11;11;
2686514;no rank;21499;21499;11;11;
2686515;no rank;21689;21689;11;11;
2686516;no rank;21867;21867;11;11;
2686517;no rank;19262;19262;11;11;
2686518;no rank;19928;19928;11;11;
2686519;no rank;19317;19317;11;11;
2686520;no rank;20186;20186;11;11;
2686521;no rank;19757;19757;11;11;
2686522;no rank;19090;19090;11;11;
2686523;no rank;20102;20102;11;11;
2686524;no rank;22437;22437;11;11;
2686525;no rank;19161;19161;11;11;
2686526;no rank;22607;22607;11;11;
2686527;no rank;19529;19529;11;11;
2686528;no rank;19906;19906;11;11;
2686529;no rank;20953;20953;11;11;
2686530;no rank;20806;20806;11;11;
2686531;no rank;20961;20961;11;11;
2686532;no rank;19324;19324;11;11;
2686533;no rank;19387;19387;11;11;
2686534;no rank;20616;20616;11;11;
2686535;no rank;19223;19223;11;11;
2686536;no rank;21085;21085;11;11;
2686538;no rank;19308;19308;11;11;
2686539;no rank;20314;20314;11;11;
2686540;no rank;17877;17877;11;11;
2686541;no rank;21187;21187;11;11;
2686542;no rank;18794;18794;11;11;
2686543;no rank;19981;19981;11;11;
2686544;no rank;20134;20134;11;11;
2686545;no rank;20324;20324;11;11;
2686546;no rank;18466;18466;11;11;
2686547;no rank;19012;19012;11;11;
2686548;no rank;13607;13607;11;11;
2686549;no rank;18778;18778;11;11;
2686550;no rank;17819;17819;11;11;
2686551;no rank;18714;18714;11;11;
2686552;no rank;13443;13443;11;11;
2686553;no rank;18889;18889;11;11;
2686554;no rank;21991;21991;11;11;
2686555;no rank;18636;18636;11;11;
2686556;no rank;21810;21810;11;11;
2686557;no rank;18299;18299;11;11;
2686558;no rank;19464;19464;11;11;
2686559;no rank;19601;19601;11;11;
2686561;no rank;18151;18151;11;11;
2686562;no rank;19488;19488;11;11;
2686563;no rank;20002;20002;11;11;
2686564;no rank;20909;20909;11;11;
2686565;no rank;19971;19971;11;11;
2686566;no rank;19611;19611;11;11;
2689114;no rank;7336;7336;11;11;
2689127;no rank;38013;38013;21;21;
2689325;no rank;20841;20841;11;11;
2689364;no rank;90043;90043;41;41;
2689366;no rank;59133;59133;31;31;
2689367;no rank;40724;40724;21;21;
2689370;no rank;60284;60284;31;31;
2690230;no rank;10157;10157;11;11;
2691085;no rank;488;488;8;8;
2691598;no rank;21066;21066;11;11;
2692009;no rank;24266;24266;11;11;
2692013;no rank;22073;22073;11;11;
2692015;no rank;63;63;3;3;
2692016;no rank;21736;21736;11;11;
2692017;no rank;21026;21026;11;11;
2692018;no rank;22462;22462;11;11;
2692019;no rank;22657;22657;11;11;
2692020;no rank;21183;21183;11;11;
2692021;no rank;21703;21703;11;11;
2692022;no rank;22359;22359;11;11;
2692087;no rank;20277;20277;11;11;
2692088;no rank;22800;22800;11;11;
2692093;no rank;22586;22586;11;11;
2695302;no rank;25028;25028;11;11;
2695847;no rank;15893;15893;11;11;
2695848;no rank;8687;8687;11;11;
2695849;no rank;2435;2435;5;5;
2695850;no rank;5235;5235;10;10;
2696339;no rank;2781;2781;11;11;
2696340;no rank;13458;13458;11;11;
2696345;no rank;868;868;7;7;
2696375;no rank;5624;5624;11;11;
2696376;no rank;6397;6397;11;11;
2696379;no rank;2883;2883;11;11;
2696383;no rank;3736;3736;11;11;
2696385;no rank;5654;5654;11;11;
2696386;species;1228;1228;8;8;
2696389;no rank;4297;4297;11;11;
2696393;no rank;4448;4448;11;11;
2696397;no rank;6411;6411;11;11;
2696401;no rank;3958;3958;11;11;
2696402;no rank;3854;3854;11;11;
2696404;no rank;2681;2681;10;10;
2696411;species;2788;2788;10;10;
2696416;species;4767;4767;10;10;
2696426;no rank;3237;3237;11;11;
2696431;no rank;3242;3242;11;11;
2696432;no rank;887;887;7;7;
2696442;species;7473;7473;11;11;
2696449;no rank;4654;4654;11;11;
2696450;no rank;5103;5103;11;11;
2696451;no rank;1751;1751;10;10;
2696452;no rank;3417;3417;11;11;
2696455;no rank;834;834;8;8;
2696456;no rank;1701;1701;11;11;
2696458;no rank;4041;4041;11;11;
2696460;no rank;4286;4286;11;11;
2696462;species;3645;3645;11;11;
2697005;no rank;4976;4976;11;11;
2697049;no rank;19598;19598;11;11;
2697494;no rank;20699;20699;11;11;
2697535;no rank;23161;23161;11;11;
2697536;no rank;451;451;8;8;
2697537;no rank;530;530;9;9;
2697539;no rank;909;909;10;10;
2698666;no rank;24770;24770;11;11;
2698667;no rank;20683;20683;11;11;
2698907;no rank;494;494;8;8;
2698910;no rank;1754;1754;11;11;
2698923;no rank;22147;22147;11;11;
2698927;no rank;2919;2919;11;11;
2699738;no rank;17567;17567;11;11;
2700089;no rank;968;968;11;11;
2703488;no rank;59365;59365;31;31;
2703869;species;37729;37729;21;21;
2704031;no rank;21984;21984;11;11;
2704033;no rank;20699;20699;11;11;
2704034;no rank;18290;18290;11;11;
2704035;no rank;16173;16173;11;11;
2704043;no rank;10396;10396;10;10;
2704172;species;32842;32842;21;21;
2704413;species;23693;23693;11;11;
2704630;no rank;20677;20677;11;11;
2705123;species;21201;21201;11;11;
2705538;no rank;18543;18543;11;11;
2705543;no rank;18661;18661;11;11;
2706523;species;19918;19918;11;11;
2708562;no rank;8731;8731;11;11;
2708629;no rank;3495;3495;10;10;
2708630;no rank;677;677;10;10;
2708631;no rank;4242;4242;8;8;
2708633;no rank;13457;13457;11;11;
2709317;no rank;15258;15258;11;11;
2709319;no rank;20998;20998;11;11;
2709320;no rank;20745;20745;11;11;
2709746;no rank;22826;22826;11;11;
2710495;no rank;20997;20997;11;11;
2710874;no rank;18533;18533;11;11;
2711179;species;8455;8455;10;10;
2711183;no rank;5841;5841;11;11;
2711185;no rank;10145;10145;11;11;
2712833;species;38973;38973;21;21;
2712846;species;24582;24582;21;21;
2712940;no rank;6721;6721;10;10;
2712941;no rank;5664;5664;11;11;
2712957;no rank;21216;21216;11;11;
2712958;no rank;11246;11246;11;11;
2712961;no rank;16;16;2;2;
2712972;no rank;1496;1496;11;11;
2713157;no rank;20513;20513;11;11;
2713208;no rank;22737;22737;11;11;
2713211;no rank;23017;23017;11;11;
2713222;no rank;5799;5799;11;11;
2713224;no rank;3172;3172;11;11;
2713242;no rank;20120;20120;11;11;
2713243;no rank;20973;20973;11;11;
2713256;no rank;20593;20593;11;11;
2713257;no rank;18646;18646;11;11;
2713258;species;19753;19753;11;11;
2713260;species;19064;19064;11;11;
2713262;no rank;15559;15559;11;11;
2713263;species;5136;5136;10;10;
2713267;no rank;5595;5595;11;11;
2713268;no rank;579;579;8;8;
2713269;no rank;6663;6663;11;11;
2713273;no rank;575;575;7;7;
2713274;no rank;1299;1299;7;7;
2713276;no rank;22302;22302;11;11;
2713277;no rank;2205;2205;10;10;
2713278;no rank;2900;2900;10;10;
2713279;no rank;1478;1478;11;11;
2713281;no rank;3102;3102;11;11;
2713282;no rank;8285;8285;11;11;
2713283;species;1792;1792;11;11;
2713285;no rank;632;632;8;8;
2713289;species;1853;1853;11;11;
2713291;species;1954;1954;8;8;
2713292;no rank;294;294;8;8;
2713293;species;908;908;9;9;
2713297;no rank;797;797;7;7;
2713299;no rank;2112;2112;10;10;
2713301;no rank;267;267;7;7;
2713302;species;782;782;11;11;
2713304;no rank;169;169;7;7;
2713306;no rank;813;813;8;8;
2713308;no rank;2243;2243;11;11;
2713309;no rank;718;718;8;8;
2713310;no rank;2811;2811;11;11;
2713312;species;3287;3287;9;9;
2713314;no rank;161;161;6;6;
2713317;no rank;468;468;8;8;
2713319;species;694;694;8;8;
2713320;species;1882;1882;11;11;
2713321;no rank;3451;3451;11;11;
2713323;species;276;276;7;7;
2713326;species;412;412;8;8;
2713327;no rank;7816;7816;11;11;
2713499;no rank;20798;20798;11;11;
2713640;no rank;21543;21543;11;11;
2714164;no rank;17393;17393;11;11;
2714165;no rank;17604;17604;11;11;
2714166;no rank;17159;17159;11;11;
2714167;no rank;18820;18820;11;11;
2714170;no rank;19340;19340;11;11;
2714177;species;17332;17332;11;11;
2714735;no rank;5562;5562;11;11;
2714894;species;21145;21145;11;11;
2715094;species;39836;39836;21;21;
2715689;no rank;21946;21946;11;11;
2715795;no rank;21685;21685;11;11;
2716181;no rank;56;56;1;1;
2716183;no rank;35971;35971;21;21;
2716184;no rank;40574;40574;21;21;
2716185;no rank;41788;41788;21;21;
2716316;no rank;20504;20504;11;11;
2716318;no rank;19053;19053;11;11;
2716322;no rank;18865;18865;11;11;
2716350;no rank;1163;1163;5;5;
2716351;no rank;12253;12328;11;11;
2716352;no rank;12937;12937;11;11;
2716354;no rank;1267;1267;7;7;
2716551;no rank;45394;45394;21;21;
2716617;no rank;21241;21241;11;11;
2716727;no rank;701;701;7;7;
2716728;no rank;507;507;9;9;
2716729;no rank;791;791;10;10;
2716753;no rank;23150;23150;11;11;
2716754;no rank;19823;19823;11;11;
2716759;no rank;18092;18092;11;11;
2716764;no rank;21994;21994;11;11;
2718722;no rank;19907;19907;11;11;
2718942;no rank;18265;18265;11;11;
2718943;no rank;17613;17613;11;11;
2719116;no rank;69075;69075;41;41;
2719185;no rank;1691;1691;8;8;
2719186;no rank;1221;1221;9;9;
2719194;species;4063;4063;11;11;
2719198;species;6287;6287;11;11;
2719200;no rank;1909;1909;8;8;
2719209;no rank;225;225;3;3;
2719575;no rank;20792;20792;11;11;
2719593;no rank;15866;15866;11;11;
2719594;no rank;16986;16986;11;11;
2719595;no rank;1148;1148;10;10;
2719600;no rank;1651;1651;11;11;
2719601;no rank;2174;2174;9;9;
2720215;no rank;19487;19487;11;11;
2720486;no rank;19789;19789;11;11;
2720886;species;38882;38882;21;21;
2720907;no rank;17243;17243;11;11;
2720941;no rank;18609;18609;11;11;
2720942;no rank;19171;19171;11;11;
2720945;no rank;18474;18474;11;11;
2720946;no rank;17042;17042;11;11;
2720949;no rank;18004;18004;11;11;
2720951;no rank;17615;17615;11;11;
2720952;no rank;19485;19485;11;11;
2720958;no rank;20410;20410;11;11;
2720959;no rank;18985;18985;11;11;
2720960;no rank;20059;20059;11;11;
2720961;no rank;19471;19471;11;11;
2720962;no rank;17255;17255;11;11;
2720966;no rank;18149;18149;11;11;
2721273;no rank;21211;21211;11;11;
2721748;species;23997;23997;11;11;
2721749;species;22657;22657;11;11;
2721750;no rank;20555;20555;11;11;
2721757;no rank;14810;14810;11;11;
2721760;no rank;13345;13345;11;11;
2721854;no rank;58033;58033;31;31;
2723758;no rank;12969;12969;11;11;
2723769;no rank;20722;20722;11;11;
2723773;no rank;20545;20545;11;11;
2723897;no rank;6537;6537;11;11;
2723898;no rank;2994;2994;11;11;
2723899;no rank;3885;3885;11;11;
2723900;no rank;22129;22129;11;11;
2723901;no rank;5149;5149;11;11;
2724180;no rank;22754;22754;11;11;
2724310;no rank;934;934;10;10;
2724322;no rank;10335;10335;11;11;
2724352;no rank;5850;5850;11;11;
2725606;no rank;21841;21841;11;11;
2725612;no rank;203;203;2;2;
2725614;no rank;4274;4274;11;11;
2725616;no rank;19576;19576;11;11;
2725619;species;16497;16497;11;11;
2725625;no rank;14918;14918;11;11;
2725626;no rank;14676;14676;11;11;
2725628;no rank;17970;17970;11;11;
2725629;no rank;16976;16976;11;11;
2725634;no rank;1806;1806;8;8;
2725640;no rank;9714;9714;11;11;
2725651;species;4494;4494;11;11;
2726258;no rank;44854;44854;21;21;
2726708;no rank;896;896;7;7;
2728245;no rank;43521;43521;21;21;
2729541;no rank;22786;22786;11;11;
2729575;no rank;22441;22441;11;11;
2729647;no rank;22657;22657;11;11;
2730538;no rank;21873;21873;11;11;
2730579;no rank;20828;20828;11;11;
2730617;no rank;24087;24087;11;11;
2730618;no rank;18047;18047;11;11;
2730619;no rank;22304;22304;11;11;
2730621;no rank;8356;8356;11;11;
2730632;no rank;23494;23494;11;11;
2731207;genus;28547;28547;1;1;
2731253;no rank;19319;19319;11;11;
2731270;no rank;18348;18348;11;11;
2731360;kingdom;55;55;1;1;
2731619;class;3352558;3352433;82;82;
2731621;genus;83819;83819;1;1;
2731643;family;10681;10681;1;1;
2731645;subfamily;8;8;1;1;
2731646;subfamily;51;51;1;1;
2731647;subfamily;1831;1831;1;1;
2731648;subfamily;65;65;1;1;
2731649;subfamily;199;199;1;1;
2731650;subfamily;3105;3105;1;1;
2731651;subfamily;133;133;1;1;
2731652;subfamily;219;219;1;1;
2731653;subfamily;68588;68515;5;5;
2731674;genus;25679;25679;8;8;
2731675;genus;26381;26381;1;1;
2731677;genus;2831;2831;1;1;
2731689;family;1799;1799;1;1;
2731690;family;2124;2124;1;1;
2731691;family;20024;20024;1;1;
2731928;genus;28980;28980;1;1;
2731932;genus;628;628;1;1;
2731935;genus;49868;49868;11;11;
2731937;genus;7888;7888;1;1;
2731941;genus;3905;3905;1;1;
2731942;genus;33071;33071;1;1;
2731958;genus;32942;32942;1;1;
2731966;genus;1296;1296;1;1;
2731989;genus;22420;22420;1;1;
2732004;null;5811;5811;1;1;
2732012;subfamily;20386;20386;1;1;
2732013;subfamily;324276;324276;1;1;
2732014;subfamily;58;58;1;1;
2732017;genus;431877;431877;89;89;
2732037;genus;13289;13289;1;1;
2732038;genus;23514;23514;1;1;
2732045;subfamily;16549;16549;1;1;
2732046;subfamily;10058;10058;1;1;
2732047;subfamily;38249;38249;1;1;
2732062;genus;3738;3738;1;1;
2732068;genus;215090;215090;5;5;
2732098;family;13;13;1;1;
2732254;species;4120;4120;11;11;
2732256;no rank;19809;19809;11;11;
2732257;no rank;23190;23190;11;11;
2732396;kingdom;50;50;1;1;
2732407;phylum;111;111;1;1;
2732416;phylum;1911;1911;1;1;
2732423;class;5781;5781;1;1;
2732523;class;21;21;1;1;
2732588;subfamily;583;583;1;1;
2732589;genus;59452;59452;1;1;
2732601;species;3989;3989;1;1;
2732612;subfamily;2849;2849;1;1;
2732613;subfamily;34339;34339;1;1;
2732614;subfamily;3852;3852;1;1;
2732675;genus;47412;47412;1;1;
2732677;genus;70336;70338;1;1;
2732683;genus;77141;77141;1;1;
2732684;genus;71009;71013;7;7;
2732686;genus;121458;121458;1;1;
2732688;genus;12245;12245;1;1;
2732689;genus;41511;41511;5;5;
2732691;genus;12001;12001;1;1;
2732693;genus;156980;157012;16;16;
2732827;no rank;89663;89663;51;51;
2732869;genus;20714;20714;1;1;
2732875;genus;3434;3434;1;1;
2732877;genus;4658;4658;1;1;
2732883;genus;6672;6672;1;1;
2732885;genus;5843;5843;1;1;
2732886;genus;2055;2055;1;1;
2732892;family;23408;23408;1;1;
2732910;genus;3088;3088;1;1;
2732912;genus;13968;13968;1;1;
2732916;genus;12475;12475;1;1;
2732917;genus;13046;13046;1;1;
2732918;genus;10899;10899;1;1;
2732921;genus;19349;19349;1;1;
2732926;genus;860;860;1;1;
2732928;genus;116860;116860;3;3;
2732929;genus;2180;2180;1;1;
2732930;genus;1135;1135;1;1;
2732960;genus;49050;49050;1;1;
2732962;genus;8472;8472;1;1;
2732963;genus;60;60;1;1;
2732964;genus;8089;8089;1;1;
2732965;genus;1105;1105;1;1;
2732968;genus;20518;20518;1;1;
2732969;genus;32508;32508;7;7;
2732970;genus;72641;72641;7;7;
2732972;genus;487;487;1;1;
2732973;genus;11243;11243;1;1;
2732977;genus;24672;24672;1;1;
2732978;genus;13640;13640;1;1;
2732980;genus;9649;6038;1;1;
2732982;genus;6246;6246;1;1;
2733083;genus;14293;14293;5;5;
2733085;genus;32195;32195;11;11;
2733088;genus;76285;76285;2;2;
2733092;genus;62455;62455;6;6;
2733095;genus;98367;98367;24;24;
2733098;genus;51909;51909;19;19;
2733099;genus;16599;16599;1;1;
2733102;genus;621;621;1;1;
2733109;genus;14789;14789;1;1;
2733112;genus;3855;3855;1;1;
2733117;genus;4382;4382;1;1;
2733122;genus;12;12;1;1;
2733124;genus;237621;237621;15;15;
2733127;genus;46279;46279;1;1;
2733128;genus;53481;53481;7;7;
2733130;genus;9742;9742;1;1;
2733139;genus;9155;9155;1;1;
2733141;genus;39773;39773;1;1;
2733146;genus;80020;80020;9;9;
2733150;genus;495;495;1;1;
2733152;genus;4024;4024;1;1;
2733153;genus;1144;1144;1;1;
2733154;genus;4420;4420;1;1;
2733156;genus;21574;21574;6;6;
2733160;genus;27227;27227;1;1;
2733161;genus;12147;12147;1;1;
2733162;genus;32166;32166;9;9;
2733167;genus;434;434;1;1;
2733169;genus;32410;32410;1;1;
2733170;genus;71190;71190;10;10;
2733171;genus;26383;26383;3;3;
2733174;genus;9753;9753;4;4;
2733175;genus;12527;12527;1;1;
2733178;genus;20876;20876;1;1;
2733192;genus;4445;4445;1;1;
2733194;genus;30662;30662;1;1;
2733195;genus;46241;46241;1;1;
2733196;genus;134823;134823;4;4;
2733197;genus;5315;5315;1;1;
2733200;genus;2712;2712;1;1;
2733201;genus;1615;1615;1;1;
2733202;genus;92473;92473;1;1;
2733203;genus;6617;6617;1;1;
2733205;genus;34012;34012;3;3;
2733207;genus;7951;7951;1;1;
2733208;genus;101314;101314;20;20;
2733215;genus;12407;12407;1;1;
2733216;genus;1360;1360;1;1;
2733219;genus;7964;7964;1;1;
2733220;genus;54657;54657;1;1;
2733221;genus;74543;74543;1;1;
2733224;genus;253;253;1;1;
2733231;genus;3080;3080;1;1;
2733245;genus;7;7;1;1;
2733248;genus;19;19;1;1;
2733252;genus;11;11;1;1;
2733253;genus;4;4;1;1;
2733254;genus;267;267;1;1;
2733256;genus;26;26;1;1;
2733258;genus;19;19;1;1;
2733260;genus;91;91;1;1;
2733274;genus;26;26;1;1;
2733284;genus;28;28;1;1;
2733295;genus;14564;14564;1;1;
273352;no rank;44667;44667;21;21;
273359;no rank;42398;42398;21;21;
2733691;no rank;20196;20196;11;11;
2733884;species;513;513;2;2;
2734042;species;691;691;1;1;
2734055;species;5098;5098;4;4;
2734085;species;409;409;1;1;
2734104;species;18832;18832;6;6;
2734121;species;14658;14658;10;10;
2734148;species;18291;18291;1;1;
2734153;species;16742;16742;2;2;
2734273;species;2264;2264;4;4;
2734293;species;37865;37865;2;2;
2734354;no rank;22773;22773;11;11;
2734556;no rank;21811;21811;11;11;
2734558;no rank;26668;26668;21;21;
2734594;genus;173;173;1;1;
2735171;no rank;870;870;6;6;
2735301;species;2620;2620;10;10;
2735919;no rank;20749;20749;11;11;
2735920;no rank;22657;22657;11;11;
2735921;no rank;22127;22127;11;11;
2735923;no rank;21951;21951;11;11;
2735925;no rank;21323;21323;11;11;
2735927;no rank;21913;21913;11;11;
2735938;no rank;25089;25089;11;11;
2735939;no rank;20672;20672;11;11;
2735940;no rank;21082;21082;11;11;
2735943;no rank;20403;20403;11;11;
2735944;no rank;19906;19906;11;11;
2735945;no rank;20788;20788;11;11;
2735946;no rank;20582;20582;11;11;
2735947;no rank;22557;22557;11;11;
2735948;no rank;19506;19506;11;11;
2735949;no rank;11877;11877;11;11;
2735950;no rank;19400;19400;11;11;
2735951;no rank;21143;21143;11;11;
2735952;no rank;17919;17919;11;11;
2735953;no rank;19036;19036;11;11;
2735954;no rank;20572;20572;11;11;
2735955;no rank;22431;22431;11;11;
2735956;no rank;23007;23007;11;11;
2735957;no rank;18135;18135;11;11;
2736197;no rank;3461;3461;10;10;
2736200;no rank;3284;3284;11;11;
2736202;no rank;3574;3574;11;11;
2736261;no rank;1626;1626;11;11;
2736262;no rank;438;438;4;4;
2736263;no rank;361;361;7;7;
2736265;no rank;1746;1746;8;8;
2736266;no rank;13029;13029;11;11;
2736271;species;846;846;7;7;
2736272;species;203;203;5;5;
2736273;species;2190;2190;9;9;
2736288;no rank;5594;5594;11;11;
2736647;species;21109;21109;11;11;
2736661;no rank;63394;63394;31;31;
2736692;no rank;18294;18294;11;11;
2737064;no rank;239;239;7;7;
2737068;no rank;23250;23250;11;11;
2737072;no rank;22566;22566;11;11;
2737073;no rank;20151;20151;11;11;
2737675;no rank;41954;41954;21;21;
2737680;no rank;37749;37749;21;21;
273810;species;20823;20823;11;11;
2738469;no rank;22578;22578;11;11;
2738470;no rank;23986;23986;11;11;
2738555;species;21458;21458;11;11;
2739681;species;21769;21769;11;11;
2739834;no rank;22243;22243;11;11;
2739874;no rank;15922;15922;11;11;
2739875;no rank;17866;17866;11;11;
2739876;no rank;17429;17429;11;11;
2739880;no rank;16850;16850;11;11;
2740120;no rank;19220;19220;11;11;
2740181;no rank;14699;14699;11;11;
2740182;no rank;13294;13294;11;11;
2740427;no rank;22110;22110;11;11;
2740451;species;16660;16660;11;11;
2740749;no rank;21112;21112;11;11;
2740798;no rank;22265;22265;11;11;
2740799;no rank;20438;20438;11;11;
2740800;no rank;19696;19696;11;11;
2740801;no rank;21422;21422;11;11;
2740802;no rank;22996;22996;11;11;
2740803;no rank;22759;22759;11;11;
2740804;no rank;22575;22575;11;11;
2740805;no rank;20706;20706;11;11;
2741072;no rank;20364;20364;11;11;
2741073;no rank;20214;20214;11;11;
2741074;no rank;22036;22036;11;11;
2741075;no rank;20190;20190;11;11;
2741076;no rank;21650;21650;11;11;
2741077;no rank;21603;21603;11;11;
2741642;no rank;23723;23723;11;11;
2741644;no rank;17549;17549;11;11;
2741645;no rank;19359;19359;11;11;
2741646;no rank;20896;20896;11;11;
2741672;no rank;58050;58050;31;31;
2741801;no rank;20071;20071;11;11;
2742107;no rank;572;572;9;9;
2742112;no rank;13419;13419;11;11;
2742113;no rank;8868;8868;11;11;
2742114;no rank;22318;22318;11;11;
2742449;no rank;37700;37700;21;21;
2742948;species;3430;3430;11;11;
2743404;species;9500;9500;11;11;
2743781;no rank;1067;1067;8;8;
2743801;no rank;121;121;2;2;
2743803;no rank;2258;2258;5;5;
2743804;no rank;1510;1510;3;3;
2743826;no rank;733;733;6;6;
2743829;no rank;263;263;3;3;
2743905;no rank;6235;6235;11;11;
2743906;no rank;14366;14366;11;11;
2743907;no rank;3778;3778;11;11;
2743909;no rank;16851;16851;11;11;
2743910;no rank;24174;24174;11;11;
2743924;no rank;7967;7967;11;11;
2743928;no rank;3137;3137;11;11;
2743929;no rank;1567;1567;5;5;
2743931;no rank;1637;1637;9;9;
2743932;no rank;237;237;7;7;
2743936;no rank;1470;1470;10;10;
2743961;no rank;2302;2302;11;11;
2743985;no rank;3074;3074;4;4;
2743990;no rank;6642;6642;11;11;
2743994;no rank;14157;14157;11;11;
2743996;no rank;1776;1776;9;9;
2743999;species;2845;2845;4;4;
2744004;no rank;14609;14609;11;11;
2744011;no rank;6466;6466;11;11;
2744802;no rank;13043;13043;11;11;
2745643;no rank;18281;18281;11;11;
2745646;no rank;10391;10391;11;11;
2745662;no rank;11816;11816;11;11;
2745672;no rank;21916;21916;11;11;
2745673;no rank;20597;20597;11;11;
2745674;no rank;20380;20380;11;11;
2745684;no rank;20675;20675;11;11;
2745685;no rank;9340;9340;10;10;
2745691;no rank;7770;7770;11;11;
2745692;no rank;18980;18980;11;11;
2745699;no rank;21985;21985;11;11;
2746223;no rank;17015;17015;8;8;
2746248;species;39945;39945;21;21;
2746303;no rank;57799;57799;31;31;
2746309;no rank;52476;52476;31;31;
2746352;no rank;20077;20077;11;11;
2746353;no rank;20504;20504;11;11;
2746355;no rank;20606;20606;11;11;
2746356;no rank;20504;20504;11;11;
2746357;no rank;19484;19484;11;11;
2746371;no rank;22290;22290;11;11;
2746375;no rank;22771;22771;11;11;
2746510;no rank;56263;56263;31;31;
2746928;species;4114;4114;11;11;
2748196;no rank;44063;44063;21;21;
2748198;no rank;41709;41709;21;21;
2748201;no rank;44543;44543;21;21;
2748203;no rank;44773;44773;21;21;
2748204;no rank;46383;46383;21;21;
2748205;no rank;43235;43235;21;21;
2748206;no rank;43160;43160;21;21;
2748208;no rank;42986;42986;21;21;
2748212;no rank;42708;42708;21;21;
2748232;no rank;43393;43393;21;21;
2748233;no rank;41769;41769;21;21;
2748235;no rank;56831;56831;31;31;
2748241;species;42836;42836;21;21;
2748244;no rank;41151;41151;21;21;
2748249;no rank;42915;42915;21;21;
2748250;no rank;44594;44594;21;21;
2748254;no rank;45118;45118;21;21;
2748342;no rank;22822;22822;11;11;
2748378;species;34451;34451;21;21;
2749261;no rank;2679;2679;11;11;
2749300;no rank;19104;19104;11;11;
2749381;no rank;15202;15202;11;11;
2749412;species;3609;3609;11;11;
2749426;no rank;22368;22368;11;11;
2749430;no rank;21027;21027;11;11;
2749458;no rank;20556;20556;11;11;
2749668;species;2632;2632;11;11;
2749938;no rank;27971;27971;1;1;
2750264;no rank;2941;2941;11;11;
2750846;no rank;1583;1583;11;11;
2750850;no rank;714;714;10;10;
2750851;no rank;1074;1074;10;10;
2750853;no rank;12070;12070;11;11;
2751480;species;15678;15678;11;11;
2752331;species;21641;21641;11;11;
2753150;no rank;21486;21486;1;1;
2753152;no rank;14511;14511;1;1;
2753656;species;884;884;2;2;
2753665;no rank;18652;18652;11;11;
2754817;no rank;20412;20412;11;11;
2754975;no rank;3505;3505;11;11;
2755000;species;41434;41434;21;21;
2755145;no rank;57311;57311;31;31;
2755147;no rank;25097;25097;11;11;
2755152;no rank;43569;43569;21;21;
2755159;no rank;37830;37830;21;21;
2755404;no rank;22525;22525;11;11;
2755482;no rank;20011;20011;11;11;
2755483;no rank;20441;20441;11;11;
2755484;no rank;18407;18407;11;11;
2756144;no rank;2768;2768;11;11;
2756244;no rank;22022;22022;11;11;
2759177;no rank;24646;24646;11;11;
2759191;no rank;21910;21910;11;11;
2759195;species;2155;2155;11;11;
2759197;species;7375;7375;11;11;
2759198;no rank;10887;10887;11;11;
2759389;no rank;19212;19212;11;11;
2759392;no rank;4653;4653;6;6;
2759393;no rank;20617;20617;11;11;
2759395;no rank;2733;2733;3;3;
2759403;no rank;20245;20245;11;11;
2759404;no rank;19629;19629;11;11;
2759405;no rank;20924;20924;11;11;
2759407;no rank;20490;20490;11;11;
2759459;no rank;11128;11128;11;11;
2759464;species;8561;8561;11;11;
2759709;no rank;816;816;10;10;
2759715;no rank;19437;19437;11;11;
2759719;no rank;20064;20064;11;11;
2759720;no rank;1621;1621;9;9;
2759721;no rank;1630;1630;10;10;
2759724;no rank;961;961;10;10;
2759725;no rank;1931;1931;3;3;
2759726;no rank;1962;1962;10;10;
2759727;no rank;5049;5049;9;9;
2759728;no rank;6783;6783;11;11;
2759730;no rank;1908;1908;10;10;
2759732;no rank;20152;20152;11;11;
2760003;no rank;21709;21709;11;11;
2760664;no rank;21910;21910;11;11;
2760745;no rank;22647;22647;11;11;
2761109;no rank;6929;6929;11;11;
2761110;no rank;6943;6943;11;11;
2761363;no rank;5752;5752;11;11;
2762280;no rank;23404;23404;11;11;
2762281;no rank;10087;10087;11;11;
2762283;no rank;20308;20308;11;11;
2762389;no rank;5339;5339;11;11;
2762398;no rank;10464;10464;11;11;
2762400;no rank;13166;13166;11;11;
2762401;no rank;2620;2620;9;9;
2762402;no rank;8229;8229;11;11;
2762405;no rank;9059;9059;11;11;
2762409;no rank;129;129;3;3;
2762410;no rank;15712;15712;11;11;
2762412;no rank;6565;6565;11;11;
2762413;no rank;1856;1856;9;9;
2762414;no rank;3150;3150;8;8;
2762415;species;4809;4809;11;11;
2762421;no rank;2757;2757;9;9;
2762426;species;5586;5586;11;11;
2762427;species;2698;2698;10;10;
2762429;species;4832;4832;11;11;
2762435;no rank;81678;81678;41;41;
2762669;species;341;341;8;8;
2762721;species;16722;16722;11;11;
2762819;no rank;20900;20900;11;11;
2763102;no rank;21489;21489;11;11;
2763129;no rank;22026;22026;11;11;
2763527;species;5333;5333;11;11;
2763529;no rank;9717;9717;11;11;
2763531;no rank;8204;8204;11;11;
2763538;species;22742;22742;11;11;
2764701;species;21314;21314;11;11;
2766528;no rank;19514;19514;11;11;
2766529;no rank;20567;20567;11;11;
2766561;no rank;36883;36883;21;21;
2766562;no rank;15468;15468;11;11;
2766563;no rank;20780;20780;11;11;
2766564;no rank;16119;16119;11;11;
2766565;no rank;18303;18303;11;11;
2766566;no rank;33716;33716;21;21;
2766568;no rank;17184;17184;11;11;
2767007;no rank;57118;57118;31;31;
2767008;no rank;60815;60815;31;31;
2767009;no rank;58008;58008;31;31;
2767010;no rank;60400;60400;31;31;
2767013;no rank;19731;19731;11;11;
2767029;no rank;20804;20804;11;11;
2767230;no rank;20603;20603;11;11;
2767265;no rank;19501;19501;11;11;
2767553;no rank;4419;4419;11;11;
2767557;no rank;716;716;9;9;
2767559;no rank;2764;2764;11;11;
2767561;no rank;697;697;8;8;
2767565;no rank;20438;20438;11;11;
2767570;no rank;20421;20421;11;11;
2767576;no rank;18634;18634;11;11;
2767577;no rank;21803;21803;11;11;
2767578;no rank;19361;19361;11;11;
2767579;no rank;20263;20263;11;11;
2767581;no rank;22012;22012;11;11;
2767584;no rank;18993;18993;11;11;
2767587;no rank;16599;16599;11;11;
2767588;no rank;17778;17778;11;11;
2768133;no rank;21412;21412;11;11;
2768139;no rank;732;732;9;9;
2768771;no rank;20932;20932;11;11;
2769355;no rank;17948;17948;11;11;
2769359;no rank;15445;15445;11;11;
2769516;no rank;55485;55485;31;31;
2769808;no rank;12790;12790;11;11;
2771210;species;21831;21831;11;11;
2771212;no rank;19432;19432;11;11;
2771380;species;19128;19128;11;11;
2771381;species;17748;17748;11;11;
2772023;species;4492;4492;11;11;
2772059;no rank;14683;14683;11;11;
2772060;no rank;5089;5089;11;11;
2772061;no rank;8550;8550;11;11;
2772062;no rank;21678;21678;11;11;
2772063;no rank;22034;22034;11;11;
2772064;no rank;7113;7113;11;11;
2772065;no rank;22004;22004;11;11;
2772066;no rank;19288;19288;11;11;
2772067;no rank;18642;18642;11;11;
2772068;no rank;21163;21163;11;11;
2772069;no rank;20843;20843;11;11;
2772070;no rank;13530;13538;11;11;
2772071;no rank;22540;22540;11;11;
2772072;no rank;16320;16320;11;11;
2772073;no rank;21261;21261;11;11;
2772074;no rank;14608;14608;11;11;
2772075;no rank;8917;8917;11;11;
2772076;no rank;20957;20957;11;11;
2772077;no rank;23283;23283;11;11;
2772078;no rank;22975;22975;11;11;
2772079;no rank;18397;18397;11;11;
2772080;no rank;15689;15689;11;11;
2772081;no rank;21618;21618;11;11;
2772082;no rank;17929;17929;11;11;
2772083;no rank;7207;7207;11;11;
2772084;no rank;19279;19279;11;11;
2772085;no rank;10046;10046;11;11;
2772086;no rank;11835;11835;11;11;
2772087;no rank;4208;4208;11;11;
2772088;no rank;12118;12118;11;11;
2772089;no rank;12395;12395;11;11;
2772090;no rank;9307;9307;11;11;
2772091;no rank;8298;8298;11;11;
2772092;no rank;20816;20816;11;11;
2772093;no rank;21477;21477;11;11;
2772094;no rank;6696;6696;11;11;
2772095;no rank;6000;6000;11;11;
2772344;no rank;20733;20733;11;11;
2772448;no rank;5607;5607;11;11;
2775045;no rank;22467;22467;11;11;
2775266;no rank;21789;21789;11;11;
2776145;no rank;24547;24547;11;11;
2776148;species;3895;3895;9;9;
2776735;no rank;21278;21278;11;11;
2776808;no rank;20926;20926;11;11;
2776813;species;13460;13460;11;11;
2776820;no rank;16078;16078;11;11;
2776821;no rank;1979;1979;11;11;
2776836;no rank;4876;4876;11;11;
2776839;no rank;4692;4692;9;9;
2776851;no rank;13782;13782;11;11;
2776856;no rank;14306;14306;11;11;
2776857;species;21079;21079;11;11;
2776861;no rank;1702;1702;8;8;
2776864;species;3564;3564;11;11;
2776866;species;4904;4904;11;11;
2776867;species;12562;12562;11;11;
2776868;species;18382;18382;11;11;
2776877;no rank;446;446;8;8;
2777318;no rank;24580;24580;11;11;
2777363;species;22388;22388;11;11;
2777364;species;11258;11258;11;11;
2777710;species;19444;19444;11;11;
2778520;no rank;21327;21327;11;11;
2778521;no rank;85889;85889;51;51;
2778671;no rank;14299;14299;11;11;
2778976;no rank;21008;21008;11;11;
2781364;no rank;3620;3620;10;10;
2781608;no rank;22426;22426;11;11;
2781641;species;108216;108216;51;51;
2781948;no rank;21424;21424;11;11;
2783539;no rank;22022;22022;11;11;
2783540;no rank;23796;23796;11;11;
2783546;no rank;8382;8382;11;11;
2783547;no rank;15712;15712;11;11;
2783549;no rank;10840;10840;11;11;
2783667;species;14510;14510;11;11;
2783669;no rank;18918;18918;11;11;
2783673;no rank;22942;22942;11;11;
2783674;no rank;18471;18471;11;11;
2783683;no rank;22665;22665;11;11;
2783800;no rank;5710;5710;11;11;
2783801;no rank;9458;9458;11;11;
2783802;no rank;3048;3048;11;11;
2783803;no rank;4625;4625;11;11;
2783859;no rank;6555;6555;11;11;
2783867;no rank;20313;20313;11;11;
2785027;no rank;12259;12259;11;11;
2785983;no rank;21253;21253;11;11;
2785984;no rank;21908;21908;11;11;
2785985;no rank;23714;23714;11;11;
2785986;no rank;20967;20967;11;11;
2785987;no rank;20989;20989;11;11;
2785988;no rank;20452;20452;11;11;
2785989;no rank;22274;22274;11;11;
2785990;no rank;22681;22681;11;11;
2785991;no rank;20251;20251;11;11;
2785992;no rank;21174;21174;11;11;
2785993;no rank;20629;20629;11;11;
2785994;no rank;21973;21973;11;11;
2785995;no rank;20221;20221;11;11;
2785996;no rank;22442;22442;11;11;
2785997;no rank;23334;23334;11;11;
2785998;no rank;20578;20578;11;11;
2785999;no rank;21728;21728;11;11;
2786000;no rank;21617;21617;11;11;
2786001;no rank;23582;23582;11;11;
2786002;no rank;20966;20966;11;11;
2786003;no rank;22163;22163;11;11;
2786004;no rank;21239;21239;11;11;
2786005;no rank;19567;19567;11;11;
2786006;no rank;22345;22345;11;11;
2786007;no rank;22298;22298;11;11;
2786008;no rank;20284;20284;11;11;
2786009;no rank;20276;20276;11;11;
2786010;no rank;22241;22241;11;11;
2786011;no rank;19333;19333;11;11;
2786012;no rank;22336;22336;11;11;
2786013;no rank;22013;22013;11;11;
2786014;no rank;18499;18499;11;11;
2786015;no rank;22784;22784;11;11;
2786016;no rank;20805;20805;11;11;
2786017;no rank;22271;22271;11;11;
2786018;no rank;20984;20984;11;11;
2786019;no rank;21441;21441;11;11;
2786020;no rank;21617;21617;11;11;
2786021;no rank;20288;20288;11;11;
2786022;no rank;21149;21149;11;11;
2786023;no rank;20866;20866;11;11;
2786024;no rank;20788;20788;11;11;
2786025;no rank;19264;19264;11;11;
2786026;no rank;22593;22593;11;11;
2786027;no rank;20480;20480;11;11;
2786028;no rank;21794;21794;11;11;
2786029;no rank;20839;20839;11;11;
2786030;no rank;21135;21135;11;11;
2786031;no rank;19451;19451;11;11;
2786032;no rank;20871;20871;11;11;
2786033;no rank;20996;20996;11;11;
2786034;no rank;22749;22749;11;11;
2786035;no rank;21704;21704;11;11;
2786036;no rank;21368;21368;11;11;
2786037;no rank;21230;21230;11;11;
2786038;no rank;19822;19822;11;11;
2786039;no rank;22985;22985;11;11;
2786040;no rank;23022;23022;11;11;
2786041;no rank;21798;21798;11;11;
2786042;no rank;21546;21546;11;11;
2786043;no rank;22894;22894;11;11;
2786044;no rank;22100;22100;11;11;
2786045;no rank;21470;21470;11;11;
2786046;no rank;21408;21408;11;11;
2786047;no rank;22602;22602;11;11;
2786048;no rank;22576;22576;11;11;
2786049;no rank;22929;22929;11;11;
2786050;no rank;20068;20068;11;11;
2786051;no rank;21205;21205;11;11;
2786052;no rank;21546;21546;11;11;
2786053;no rank;20096;20096;11;11;
2786054;no rank;22387;22387;11;11;
2786055;no rank;22672;22672;11;11;
2786056;no rank;22022;22022;11;11;
2786057;no rank;20690;20690;11;11;
2786058;no rank;20772;20772;11;11;
2786059;no rank;20429;20429;11;11;
2786060;no rank;18461;18461;11;11;
2786061;no rank;17872;17872;11;11;
2786062;no rank;20133;20133;11;11;
2786063;no rank;20651;20651;11;11;
2786064;no rank;20753;20753;11;11;
2786065;no rank;22231;22231;11;11;
2786066;no rank;19162;19162;11;11;
2786067;no rank;20079;20079;11;11;
2786068;no rank;21845;21845;11;11;
2786069;no rank;21137;21137;11;11;
2786070;no rank;20068;20068;11;11;
2786071;no rank;20678;20678;11;11;
2786072;no rank;19506;19506;11;11;
2786073;no rank;21139;21139;11;11;
2786074;no rank;20120;20120;11;11;
2786075;no rank;22051;22051;11;11;
2786076;no rank;24415;24415;11;11;
2786077;no rank;23089;23089;11;11;
2786078;no rank;20219;20219;11;11;
2786079;no rank;20332;20332;11;11;
2786080;no rank;19308;19308;11;11;
2786081;no rank;21281;21281;11;11;
2786082;no rank;22688;22688;11;11;
2786083;no rank;22510;22510;11;11;
2786084;no rank;21048;21048;11;11;
2786085;no rank;19766;19766;11;11;
2786086;no rank;20695;20695;11;11;
2786087;no rank;22590;22590;11;11;
2786088;no rank;20057;20057;11;11;
2786089;no rank;22430;22430;11;11;
2786090;no rank;22371;22371;11;11;
2786091;no rank;20547;20547;11;11;
2786092;no rank;20340;20340;11;11;
2786093;no rank;20610;20610;11;11;
2786094;no rank;20781;20781;11;11;
2786095;no rank;21841;21841;11;11;
2786096;no rank;22700;22700;11;11;
2786097;no rank;21169;21169;11;11;
2786098;no rank;21438;21438;11;11;
2786099;no rank;19975;19975;11;11;
2786100;no rank;22654;22654;11;11;
2786101;no rank;21643;21643;11;11;
2786102;no rank;23391;23391;11;11;
2786103;no rank;18326;18326;11;11;
2786104;no rank;21725;21725;11;11;
2786105;no rank;21537;21537;11;11;
2786106;no rank;20398;20398;11;11;
2786107;no rank;21820;21820;11;11;
2786108;no rank;21856;21856;11;11;
2786109;no rank;22070;22070;11;11;
2786110;no rank;21164;21164;11;11;
2786111;no rank;21004;21004;11;11;
2786112;no rank;21425;21425;11;11;
2786113;no rank;22381;22381;11;11;
2786114;no rank;24730;24730;11;11;
2786115;no rank;21150;21150;11;11;
2786116;no rank;21237;21237;11;11;
2786117;no rank;20150;20150;11;11;
2786118;no rank;20275;20275;11;11;
2786119;no rank;20035;20035;11;11;
2786120;no rank;22781;22781;11;11;
2786121;no rank;22356;22356;11;11;
2786122;no rank;21037;21037;11;11;
2786123;no rank;21410;21410;11;11;
2786124;no rank;20501;20501;11;11;
2786125;no rank;20601;20601;11;11;
2786126;no rank;21512;21512;11;11;
2786127;no rank;21986;21986;11;11;
2786128;no rank;23529;23529;11;11;
2786129;no rank;19926;19926;11;11;
2786130;no rank;20653;20653;11;11;
2786131;no rank;21369;21369;11;11;
2786132;no rank;22270;22270;11;11;
2786133;no rank;22793;22793;11;11;
2786134;no rank;20679;20679;11;11;
2786135;no rank;19120;19120;11;11;
2786136;no rank;21954;21954;11;11;
2786137;no rank;22952;22952;11;11;
2786138;no rank;21885;21885;11;11;
2786139;no rank;20330;20330;11;11;
2786140;no rank;21047;21047;11;11;
2786141;no rank;21222;21222;11;11;
2786142;no rank;23216;23216;11;11;
2786143;no rank;21984;21984;11;11;
2786144;no rank;22581;22581;11;11;
2786145;no rank;20299;20299;11;11;
2786146;no rank;20414;20414;11;11;
2786147;no rank;22745;22745;11;11;
2786148;no rank;20177;20177;11;11;
2786149;no rank;19001;19001;11;11;
2786150;no rank;21115;21115;11;11;
2786151;no rank;22061;22061;11;11;
2786152;no rank;20931;20931;11;11;
2786153;no rank;21512;21512;11;11;
2786154;no rank;22550;22550;11;11;
2786155;no rank;23118;23118;11;11;
2786156;no rank;20341;20341;11;11;
2786157;no rank;22039;22039;11;11;
2786158;no rank;20699;20699;11;11;
2786159;no rank;20362;20362;11;11;
2786160;no rank;21414;21414;11;11;
2786161;no rank;23195;23195;11;11;
2786162;no rank;20194;20194;11;11;
2786163;no rank;21109;21109;11;11;
2786164;no rank;21952;21952;11;11;
2786165;no rank;20847;20847;11;11;
2786166;no rank;21201;21201;11;11;
2786167;no rank;24073;24073;11;11;
2786168;no rank;20415;20415;11;11;
2786169;no rank;21577;21577;11;11;
2786170;no rank;20827;20827;11;11;
2786171;no rank;22072;22072;11;11;
2786172;no rank;20934;20934;11;11;
2786173;no rank;20471;20471;11;11;
2786174;no rank;21420;21420;11;11;
2786175;no rank;21304;21304;11;11;
2786176;no rank;22631;22631;11;11;
2786177;no rank;23492;23492;11;11;
2786178;no rank;21290;21290;11;11;
2786179;no rank;23135;23135;11;11;
2786180;no rank;21090;21090;11;11;
2786181;no rank;22338;22338;11;11;
2786182;no rank;18794;18794;11;11;
2786183;no rank;19450;19450;11;11;
2786184;no rank;20999;20999;11;11;
2786185;no rank;20643;20643;11;11;
2786186;no rank;22746;22746;11;11;
2786187;no rank;24505;24505;11;11;
2786188;no rank;21917;21917;11;11;
2786189;no rank;19471;19471;11;11;
2786190;no rank;18753;18753;11;11;
2786191;no rank;20740;20740;11;11;
2786192;no rank;25194;25194;11;11;
2786193;no rank;22090;22090;11;11;
2786194;no rank;20953;20953;11;11;
2786195;no rank;21554;21554;11;11;
2786196;no rank;19780;19780;11;11;
2786197;no rank;19988;19988;11;11;
2786198;no rank;20300;20300;11;11;
2786199;no rank;24286;24286;11;11;
2786200;no rank;24419;24419;11;11;
2786201;no rank;21308;21308;11;11;
2786202;no rank;21910;21910;11;11;
2786203;no rank;22777;22777;11;11;
2786204;no rank;20401;20401;11;11;
2786205;no rank;19888;19888;11;11;
2786206;no rank;21271;21271;11;11;
2786207;no rank;21224;21224;11;11;
2786208;no rank;22280;22280;11;11;
2786209;no rank;21878;21878;11;11;
2786210;no rank;20479;20479;11;11;
2786211;no rank;22482;22482;11;11;
2786212;no rank;23056;23056;11;11;
2786213;no rank;21880;21880;11;11;
2786214;no rank;20716;20716;11;11;
2786215;no rank;23526;23526;11;11;
2786216;no rank;18780;18780;11;11;
2786217;no rank;20294;20294;11;11;
2786218;no rank;22437;22437;11;11;
2786219;no rank;21977;21977;11;11;
2786220;no rank;20909;20909;11;11;
2786221;no rank;21420;21420;11;11;
2786222;no rank;24034;24034;11;11;
2786223;no rank;22066;22066;11;11;
2786224;no rank;22632;22632;11;11;
2786225;no rank;19947;19947;11;11;
2786226;no rank;21815;21815;11;11;
2786227;no rank;21523;21523;11;11;
2786228;no rank;21282;21282;11;11;
2786229;no rank;20786;20786;11;11;
2786230;no rank;23173;23173;11;11;
2786231;no rank;20891;20891;11;11;
2786232;no rank;22563;22563;11;11;
2786233;no rank;23412;23412;11;11;
2786234;no rank;23192;23192;11;11;
2786235;no rank;20993;20993;11;11;
2786236;no rank;22990;22990;11;11;
2786237;no rank;21666;21666;11;11;
2786238;no rank;21120;21120;11;11;
2786239;no rank;21895;21895;11;11;
2786240;no rank;19425;19425;11;11;
2786241;no rank;19627;19627;11;11;
2786242;no rank;21266;21266;11;11;
2786243;no rank;20916;20916;11;11;
2786244;no rank;20666;20666;11;11;
2786245;no rank;21553;21553;11;11;
2786246;no rank;20957;20957;11;11;
2786247;no rank;20734;20734;11;11;
2786248;no rank;19892;19892;11;11;
2786249;no rank;21124;21124;11;11;
2786250;no rank;21569;21569;11;11;
2786251;no rank;20840;20840;11;11;
2786252;no rank;24095;24095;11;11;
2786253;no rank;20693;20693;11;11;
2786254;no rank;21915;21915;11;11;
2786255;no rank;21539;21539;11;11;
2786256;no rank;19297;19297;11;11;
2786257;no rank;22439;22439;11;11;
2786258;no rank;21890;21890;11;11;
2786259;no rank;22318;22318;11;11;
2786260;no rank;23192;23192;11;11;
2786261;no rank;21268;21268;11;11;
2786262;no rank;18502;18502;11;11;
2786263;no rank;19118;19118;11;11;
2786264;no rank;21061;21061;11;11;
2786265;no rank;20735;20735;11;11;
2786266;no rank;19574;19574;11;11;
2786267;no rank;20401;20401;11;11;
2786268;no rank;20877;20877;11;11;
2786269;no rank;21249;21249;11;11;
2786270;no rank;22024;22024;11;11;
2786271;no rank;21689;21689;11;11;
2786272;no rank;21270;21270;11;11;
2786273;no rank;17856;17856;11;11;
2786274;no rank;21447;21447;11;11;
2786275;no rank;22141;22141;11;11;
2786276;no rank;22339;22339;11;11;
2786277;no rank;20627;20627;11;11;
2786278;no rank;21429;21429;11;11;
2786279;no rank;22935;22935;11;11;
2786280;no rank;20594;20594;11;11;
2786281;no rank;22848;22848;11;11;
2786282;no rank;21802;21802;11;11;
2786283;no rank;22882;22882;11;11;
2786284;no rank;23126;23126;11;11;
2786285;no rank;21427;21427;11;11;
2786286;no rank;22213;22213;11;11;
2786287;no rank;22273;22273;11;11;
2786288;no rank;21836;21836;11;11;
2786289;no rank;20426;20426;11;11;
2786290;no rank;22711;22711;11;11;
2786291;no rank;23583;23583;11;11;
2786292;no rank;22844;22844;11;11;
2786293;no rank;21912;21912;11;11;
2786294;no rank;21252;21252;11;11;
2786295;no rank;22153;22153;11;11;
2786296;no rank;23192;23192;11;11;
2786297;no rank;21683;21683;11;11;
2786298;no rank;21299;21299;11;11;
2786299;no rank;20365;20365;11;11;
2786300;no rank;20705;20705;11;11;
2786301;no rank;21608;21608;11;11;
2786302;no rank;21548;21548;11;11;
2786303;no rank;20840;20840;11;11;
2786304;no rank;22147;22147;11;11;
2786305;no rank;19389;19389;11;11;
2786306;no rank;21820;21820;11;11;
2786307;no rank;20377;20377;11;11;
2786308;no rank;20764;20764;11;11;
2786309;no rank;21120;21120;11;11;
2786310;no rank;23495;23495;11;11;
2786311;no rank;21416;21416;11;11;
2786312;no rank;20167;20167;11;11;
2786313;no rank;21418;21418;11;11;
2786314;no rank;20144;20144;11;11;
2786315;no rank;22455;22455;11;11;
2786316;no rank;20299;20299;11;11;
2786317;no rank;22584;22584;11;11;
2786318;no rank;20579;20579;11;11;
2786319;no rank;22413;22413;11;11;
2786320;no rank;21639;21639;11;11;
2786321;no rank;20275;20275;11;11;
2786322;no rank;22004;22004;11;11;
2786323;no rank;21500;21500;11;11;
2786324;no rank;20664;20664;11;11;
2786325;no rank;20473;20473;11;11;
2786326;no rank;23156;23156;11;11;
2786327;no rank;21803;21803;11;11;
2786328;no rank;22801;22801;11;11;
2786329;no rank;20719;20719;11;11;
2786330;no rank;21421;21421;11;11;
2786331;no rank;21360;21360;11;11;
2786332;no rank;24668;24668;11;11;
2786333;no rank;23400;23400;11;11;
2786334;no rank;21436;21436;11;11;
2786335;no rank;20668;20668;11;11;
2786336;no rank;22177;22177;11;11;
2786337;no rank;22028;22028;11;11;
2786338;no rank;23347;23347;11;11;
2786339;no rank;20224;20224;11;11;
2786340;no rank;20449;20449;11;11;
2786341;no rank;22123;22123;11;11;
2786342;no rank;22549;22549;11;11;
2786343;no rank;22172;22172;11;11;
2786344;no rank;20803;20803;11;11;
2786345;no rank;20947;20947;11;11;
2786346;no rank;25226;25226;11;11;
2786347;no rank;19452;19452;11;11;
2786348;no rank;23963;23963;11;11;
2786349;no rank;19725;19725;11;11;
2786350;no rank;20402;20402;11;11;
2786351;no rank;21753;21753;11;11;
2786352;no rank;20885;20885;11;11;
2786353;no rank;19231;19231;11;11;
2786354;no rank;21146;21146;11;11;
2786355;no rank;21045;21045;11;11;
2786356;no rank;20937;20937;11;11;
2786357;no rank;20355;20355;11;11;
2786358;no rank;20476;20476;11;11;
2786359;no rank;19758;19758;11;11;
2786360;no rank;20862;20862;11;11;
2786361;no rank;19793;19793;11;11;
2786362;no rank;20414;20414;11;11;
2786363;no rank;21093;21093;11;11;
2786364;no rank;19756;19756;11;11;
2786365;no rank;20981;20981;11;11;
2786366;no rank;20596;20596;11;11;
2786367;no rank;20557;20557;11;11;
2786368;no rank;20820;20820;11;11;
2786369;no rank;21097;21097;11;11;
2786370;no rank;21614;21614;11;11;
2786371;no rank;22816;22816;11;11;
2786372;no rank;19453;19453;11;11;
2786373;no rank;24323;24323;11;11;
2786374;no rank;20430;20430;11;11;
2786375;no rank;20514;20514;11;11;
2786378;no rank;20538;20538;11;11;
2786379;no rank;20873;20873;11;11;
2786380;no rank;21832;21832;11;11;
2786381;no rank;20705;20705;11;11;
2786382;no rank;20216;20216;11;11;
2786383;no rank;19517;19517;11;11;
2786384;no rank;21899;21899;11;11;
2786385;no rank;23279;23279;11;11;
2786386;no rank;22733;22733;11;11;
2786387;no rank;19893;19893;11;11;
2786388;no rank;21460;21460;11;11;
2786389;no rank;23822;23822;11;11;
2786390;no rank;21941;21941;11;11;
2786391;no rank;19178;19178;11;11;
2786392;no rank;20603;20603;11;11;
2786393;no rank;20599;20599;11;11;
2786394;no rank;22790;22790;11;11;
2786395;no rank;23711;23711;11;11;
2786396;no rank;22524;22524;11;11;
2786397;no rank;21168;21168;11;11;
2786398;no rank;21341;21341;11;11;
2786399;no rank;20952;20952;11;11;
2786400;no rank;20423;20423;11;11;
2786401;no rank;22562;22562;11;11;
2786402;no rank;22032;22032;11;11;
2786403;no rank;21349;21349;11;11;
2786404;no rank;21341;21341;11;11;
2786405;no rank;21919;21919;11;11;
2786406;no rank;19578;19578;11;11;
2786407;no rank;19432;19432;11;11;
2786408;no rank;20996;20996;11;11;
2786409;no rank;20430;20430;11;11;
2786410;no rank;21621;21621;11;11;
2786411;no rank;19836;19836;11;11;
2786412;no rank;20025;20025;11;11;
2786413;no rank;23929;23929;11;11;
2786414;no rank;20854;20854;11;11;
2786415;no rank;20187;20187;11;11;
2786416;no rank;21174;21174;11;11;
2786417;no rank;22078;22078;11;11;
2786418;no rank;20743;20743;11;11;
2786419;no rank;20839;20839;11;11;
2786420;no rank;21342;21342;11;11;
2786421;no rank;22818;22818;11;11;
2786422;no rank;21166;21166;11;11;
2786423;no rank;23245;23245;11;11;
2786424;no rank;22608;22608;11;11;
2786425;no rank;22358;22358;11;11;
2786426;no rank;22149;22149;11;11;
2786427;no rank;23155;23155;11;11;
2786428;no rank;20710;20710;11;11;
2786429;no rank;20754;20754;11;11;
2786430;no rank;20974;20974;11;11;
2786431;no rank;22967;22967;11;11;
2786432;no rank;22230;22230;11;11;
2786433;no rank;19417;19417;11;11;
2786434;no rank;20002;20002;11;11;
2786435;no rank;19905;19905;11;11;
2786436;no rank;22765;22765;11;11;
2786437;no rank;22465;22465;11;11;
2786438;no rank;20185;20185;11;11;
2786439;no rank;19684;19684;11;11;
2786440;no rank;21315;21315;11;11;
2786441;no rank;21053;21053;11;11;
2786442;no rank;21882;21882;11;11;
2786443;no rank;21963;21963;11;11;
2786444;no rank;23763;23763;11;11;
2786445;no rank;20349;20349;11;11;
2786446;no rank;22495;22495;11;11;
2786447;no rank;21723;21723;11;11;
2786448;no rank;21700;21700;11;11;
2786449;no rank;20572;20572;11;11;
2786450;no rank;21985;21985;11;11;
2786451;no rank;20385;20385;11;11;
2786452;no rank;20429;20429;11;11;
2786453;no rank;21538;21538;11;11;
2786454;no rank;19151;19151;11;11;
2786455;no rank;19813;19813;11;11;
2786456;no rank;21869;21869;11;11;
2786457;no rank;24711;24711;11;11;
2786458;no rank;20106;20106;11;11;
2786459;no rank;21900;21900;11;11;
2786460;no rank;21616;21616;11;11;
2786461;no rank;19326;19326;11;11;
2786462;no rank;20636;20636;11;11;
2786463;no rank;20825;20825;11;11;
2786464;no rank;21694;21694;11;11;
2786465;no rank;24184;24184;11;11;
2786466;no rank;19530;19530;11;11;
2786467;no rank;22900;22900;11;11;
2786468;no rank;19639;19639;11;11;
2786469;no rank;21413;21413;11;11;
2786470;no rank;21821;21821;11;11;
2786471;no rank;20971;20971;11;11;
2786472;no rank;23404;23404;11;11;
2786473;no rank;21123;21123;11;11;
2786474;no rank;20229;20229;11;11;
2786475;no rank;23939;23939;11;11;
2786476;no rank;21358;21358;11;11;
2786477;no rank;19848;19848;11;11;
2786478;no rank;21902;21902;11;11;
2786479;no rank;20710;20710;11;11;
2786480;no rank;20401;20401;11;11;
2786481;no rank;22815;22815;11;11;
2786482;no rank;22119;22119;11;11;
2786483;no rank;19284;19284;11;11;
2786484;no rank;21261;21261;11;11;
2786485;no rank;20049;20049;11;11;
2786486;no rank;21097;21097;11;11;
2786487;no rank;21959;21959;11;11;
2786488;no rank;21334;21334;11;11;
2786489;no rank;22020;22020;11;11;
2786490;no rank;22066;22066;11;11;
2786491;no rank;22056;22056;11;11;
2786492;no rank;22163;22163;11;11;
2786493;no rank;20908;20908;11;11;
2786494;no rank;21082;21082;11;11;
2786495;no rank;22839;22839;11;11;
2786496;no rank;21480;21480;11;11;
2786497;no rank;19896;19896;11;11;
2786498;no rank;25558;25558;11;11;
2786499;no rank;20024;20024;11;11;
2786500;no rank;21614;21614;11;11;
2786501;no rank;22004;22004;11;11;
2786502;no rank;22371;22371;11;11;
2786503;no rank;20717;20717;11;11;
2786504;no rank;20188;20188;11;11;
2786505;no rank;22276;22276;11;11;
2786506;no rank;20891;20891;11;11;
2786507;no rank;22464;22464;11;11;
2786508;no rank;20865;20865;11;11;
2786509;no rank;21785;21785;11;11;
2786510;no rank;19015;19015;11;11;
2786511;no rank;23520;23520;11;11;
2786512;no rank;19693;19693;11;11;
2786513;no rank;21550;21550;11;11;
2786514;no rank;20979;20979;11;11;
2786515;no rank;23086;23086;11;11;
2786516;no rank;22922;22922;11;11;
2786517;no rank;20440;20440;11;11;
2786518;no rank;23207;23207;11;11;
2786519;no rank;23599;23599;11;11;
2786520;no rank;21994;21994;11;11;
2786521;no rank;22466;22466;11;11;
2786522;no rank;18923;18923;11;11;
2786523;no rank;20169;20169;11;11;
2786524;no rank;22919;22919;11;11;
2786525;no rank;23266;23266;11;11;
2786526;no rank;21377;21377;11;11;
2786527;no rank;22670;22670;11;11;
2786528;no rank;20796;20796;11;11;
2786529;no rank;21628;21628;11;11;
2786530;no rank;20590;20590;11;11;
2786531;no rank;20549;20549;11;11;
2786532;no rank;23003;23003;11;11;
2786533;no rank;21591;21591;11;11;
2786534;no rank;23080;23080;11;11;
2786535;no rank;22431;22431;11;11;
2786536;no rank;23066;23066;11;11;
2786537;no rank;22125;22125;11;11;
2786538;no rank;21131;21131;11;11;
2786539;no rank;22777;22777;11;11;
2786540;no rank;19695;19695;11;11;
2786541;no rank;20896;20896;11;11;
2786542;no rank;22050;22050;11;11;
2786543;no rank;21029;21029;11;11;
2786544;no rank;21999;21999;11;11;
2786545;no rank;20138;20138;11;11;
2786546;no rank;19952;19952;11;11;
2786547;no rank;21693;21693;11;11;
2786548;no rank;19755;19755;11;11;
2786549;no rank;23335;23335;11;11;
2786550;no rank;20713;20713;11;11;
2786551;no rank;22678;22678;11;11;
2786552;no rank;20253;20253;11;11;
2786553;no rank;20717;20717;11;11;
2786554;no rank;23180;23180;11;11;
2786555;no rank;21112;21112;11;11;
2786556;no rank;20196;20196;11;11;
2786557;no rank;18852;18852;11;11;
2786558;no rank;22418;22418;11;11;
2786559;no rank;20328;20328;11;11;
2786560;no rank;22084;22084;11;11;
2786561;no rank;20405;20405;11;11;
2786562;no rank;21868;21868;11;11;
2786563;no rank;21013;21013;11;11;
2786564;no rank;23236;23236;11;11;
2786565;no rank;21748;21748;11;11;
2786566;no rank;21504;21504;11;11;
2786567;no rank;22055;22055;11;11;
2786568;no rank;20295;20295;11;11;
2786569;no rank;22024;22024;11;11;
2786570;no rank;21448;21448;11;11;
2786571;no rank;20815;20815;11;11;
2786572;no rank;23335;23335;11;11;
2786573;no rank;20515;20515;11;11;
2786574;no rank;20821;20821;11;11;
2786575;no rank;19568;19568;11;11;
2786576;no rank;21952;21952;11;11;
2786577;no rank;21345;21345;11;11;
2786578;no rank;21694;21694;11;11;
2786579;no rank;21601;21601;11;11;
2786580;no rank;20395;20395;11;11;
2786581;no rank;23651;23651;11;11;
2786582;no rank;22561;22561;11;11;
2786583;no rank;24113;24113;11;11;
2786584;no rank;21144;21144;11;11;
2786585;no rank;23757;23757;11;11;
2786586;no rank;19756;19756;11;11;
2786587;no rank;20239;20239;11;11;
2786588;no rank;23528;23528;11;11;
2786589;no rank;25255;25255;11;11;
2786590;no rank;21392;21392;11;11;
2786591;no rank;20375;20375;11;11;
2786592;no rank;22315;22315;11;11;
2786593;no rank;22726;22726;11;11;
2786594;no rank;21503;21503;11;11;
2786595;no rank;20457;20457;11;11;
2786596;no rank;20407;20407;11;11;
2786597;no rank;19500;19500;11;11;
2786598;no rank;20214;20214;11;11;
2786599;no rank;21427;21427;11;11;
2786600;no rank;21964;21964;11;11;
2786601;no rank;19760;19760;11;11;
2786602;no rank;21726;21726;11;11;
2786603;no rank;20420;20420;11;11;
2786604;no rank;20184;20184;11;11;
2786605;no rank;21898;21898;11;11;
2786606;no rank;23371;23371;11;11;
2786607;no rank;21543;21543;11;11;
2786608;no rank;20914;20914;11;11;
2786609;no rank;22434;22434;11;11;
2786610;no rank;22212;22212;11;11;
2786611;no rank;23999;23999;11;11;
2786612;no rank;22501;22501;11;11;
2786613;no rank;21970;21970;11;11;
2786614;no rank;20282;20282;11;11;
2786615;no rank;20850;20850;11;11;
2786616;no rank;23430;23430;11;11;
2786617;no rank;21319;21319;11;11;
2786618;no rank;20488;20488;11;11;
2786619;no rank;23750;23750;11;11;
2786620;no rank;20539;20539;11;11;
2786621;no rank;19744;19744;11;11;
2786622;no rank;22736;22736;11;11;
2786623;no rank;20524;20524;11;11;
2786624;no rank;23533;23533;11;11;
2786625;no rank;23001;23001;11;11;
2786626;no rank;21114;21114;11;11;
2786627;no rank;19768;19768;11;11;
2786628;no rank;21000;21000;11;11;
2786629;no rank;21040;21040;11;11;
2786630;no rank;21942;21942;11;11;
2786631;no rank;22711;22711;11;11;
2786632;no rank;22040;22040;11;11;
2786633;no rank;20306;20306;11;11;
2786634;no rank;21120;21120;11;11;
2786635;no rank;22432;22432;11;11;
2786636;no rank;19830;19830;11;11;
2786637;no rank;22167;22167;11;11;
2786638;no rank;22751;22751;11;11;
2786639;no rank;23226;23226;11;11;
2786640;no rank;21235;21235;11;11;
2786641;no rank;19593;19593;11;11;
2786642;no rank;18543;18543;11;11;
2786643;no rank;20535;20535;11;11;
2786644;no rank;20185;20185;11;11;
2786645;no rank;19742;19742;11;11;
2786646;no rank;22306;22306;11;11;
2786647;no rank;20552;20552;11;11;
2786648;no rank;21068;21068;11;11;
2786649;no rank;20520;20520;11;11;
2786650;no rank;23487;23487;11;11;
2786651;no rank;23283;23283;11;11;
2786652;no rank;22116;22116;11;11;
2786653;no rank;21109;21109;11;11;
2786654;no rank;21935;21935;11;11;
2786655;no rank;21664;21664;11;11;
2786656;no rank;23155;23155;11;11;
2786657;no rank;19921;19921;11;11;
2786658;no rank;20206;20206;11;11;
2786659;no rank;21358;21358;11;11;
2786660;no rank;21737;21737;11;11;
2786661;no rank;22535;22535;11;11;
2786662;no rank;23707;23707;11;11;
2786663;no rank;21371;21371;11;11;
2786664;no rank;21450;21450;11;11;
2786665;no rank;21800;21800;11;11;
2786666;no rank;23087;23087;11;11;
2786667;no rank;21278;21278;11;11;
2786668;no rank;18525;18525;11;11;
2786669;no rank;20010;20010;11;11;
2786670;no rank;22076;22076;11;11;
2786671;no rank;21098;21098;11;11;
2786672;no rank;21643;21643;11;11;
2786673;no rank;18706;18706;11;11;
2786674;no rank;22336;22336;11;11;
2786675;no rank;22087;22087;11;11;
2786676;no rank;22595;22595;11;11;
2786677;no rank;20743;20743;11;11;
2786678;no rank;23428;23428;11;11;
2786679;no rank;19759;19759;11;11;
2786680;no rank;21106;21106;11;11;
2786681;no rank;21757;21757;11;11;
2786682;no rank;21544;21544;11;11;
2786683;no rank;22592;22592;11;11;
2786684;no rank;21675;21675;11;11;
2786685;no rank;21309;21309;11;11;
2786686;no rank;21827;21827;11;11;
2786687;no rank;22447;22447;11;11;
2786688;no rank;23251;23251;11;11;
2786689;no rank;19439;19439;11;11;
2786690;no rank;22865;22865;11;11;
2786691;no rank;21005;21005;11;11;
2786692;no rank;21606;21606;11;11;
2786693;no rank;21287;21287;11;11;
2786694;no rank;21381;21381;11;11;
2786695;no rank;23096;23096;11;11;
2786696;no rank;20786;20786;11;11;
2786697;no rank;24866;24866;11;11;
2786698;no rank;19723;19723;11;11;
2786699;no rank;19939;19939;11;11;
2786700;no rank;20567;20567;11;11;
2786701;no rank;21241;21241;11;11;
2786702;no rank;21946;21946;11;11;
2786703;no rank;23180;23180;11;11;
2786704;no rank;20013;20013;11;11;
2786705;no rank;21252;21252;11;11;
2786706;no rank;22860;22860;11;11;
2786707;no rank;21127;21127;11;11;
2786708;no rank;21448;21448;11;11;
2786709;no rank;20601;20601;11;11;
2786710;no rank;22044;22044;11;11;
2786711;no rank;21105;21105;11;11;
2786712;no rank;23325;23325;11;11;
2786713;no rank;20758;20758;11;11;
2786714;no rank;20618;20618;11;11;
2786715;no rank;22830;22830;11;11;
2786716;no rank;19667;19667;11;11;
2786717;no rank;23178;23178;11;11;
2786718;no rank;18706;18706;11;11;
2786719;no rank;21382;21382;11;11;
2786720;no rank;19416;19416;11;11;
2786721;no rank;22414;22414;11;11;
2786722;no rank;20302;20302;11;11;
2786723;no rank;22946;22946;11;11;
2786724;no rank;20305;20305;11;11;
2786725;no rank;20196;20196;11;11;
2786726;no rank;22888;22888;11;11;
2786727;no rank;24707;24707;11;11;
2786728;no rank;24002;24002;11;11;
2786729;no rank;20661;20661;11;11;
2786730;no rank;23858;23858;11;11;
2786731;no rank;19949;19949;11;11;
2786732;no rank;20052;20052;11;11;
2786733;no rank;24042;24042;11;11;
2786734;no rank;20445;20445;11;11;
2786735;no rank;19847;19847;11;11;
2786736;no rank;23314;23314;11;11;
2786737;no rank;22113;22113;11;11;
2786738;no rank;22265;22265;11;11;
2786739;no rank;23737;23737;11;11;
2786740;no rank;21403;21403;11;11;
2786741;no rank;19998;19998;11;11;
2786742;no rank;21502;21502;11;11;
2786743;no rank;21581;21581;11;11;
2786744;no rank;22386;22386;11;11;
2786745;no rank;20991;20991;11;11;
2786746;no rank;22859;22859;11;11;
2786747;no rank;24622;24622;11;11;
2786748;no rank;23930;23930;11;11;
2786749;no rank;20933;20933;11;11;
2786750;no rank;19999;19999;11;11;
2786751;no rank;23350;23350;11;11;
2786752;no rank;23774;23774;11;11;
2786753;no rank;21480;21480;11;11;
2786754;no rank;21326;21326;11;11;
2786755;no rank;20957;20957;11;11;
2786756;no rank;19503;19503;11;11;
2786757;no rank;22785;22785;11;11;
2786758;no rank;19928;19928;11;11;
2786759;no rank;22861;22861;11;11;
2786760;no rank;21406;21406;11;11;
2786761;no rank;20719;20719;11;11;
2786762;no rank;19667;19667;11;11;
2786763;no rank;22177;22177;11;11;
2786764;no rank;20789;20789;11;11;
2786765;no rank;21612;21612;11;11;
2786766;no rank;22714;22714;11;11;
2786767;no rank;21812;21812;11;11;
2786768;no rank;20341;20341;11;11;
2786769;no rank;22480;22480;11;11;
2786770;no rank;21770;21770;11;11;
2786771;no rank;21151;21151;11;11;
2786772;no rank;20908;20908;11;11;
2786773;no rank;21693;21693;11;11;
2786774;no rank;21317;21317;11;11;
2786775;no rank;18709;18709;11;11;
2786776;no rank;22390;22390;11;11;
2786777;no rank;21472;21472;11;11;
2786778;no rank;21847;21847;11;11;
2786779;no rank;20507;20507;11;11;
2786780;no rank;20132;20132;11;11;
2786781;no rank;21966;21966;11;11;
2786782;no rank;18486;18486;11;11;
2786783;no rank;21396;21396;11;11;
2786784;no rank;22960;22960;11;11;
2786785;no rank;20716;20716;11;11;
2786786;no rank;20332;20332;11;11;
2786787;no rank;22640;22640;11;11;
2786788;no rank;21725;21725;11;11;
2786789;no rank;20780;20780;11;11;
2786790;no rank;23285;23285;11;11;
2786791;no rank;22337;22337;11;11;
2786792;no rank;20621;20621;11;11;
2786793;no rank;21053;21053;11;11;
2786794;no rank;21442;21442;11;11;
2786795;no rank;21429;21429;11;11;
2786796;no rank;24185;24185;11;11;
2786797;no rank;18694;18694;11;11;
2786798;no rank;22591;22591;11;11;
2786799;no rank;20655;20655;11;11;
2786800;no rank;20990;20990;11;11;
2786801;no rank;23143;23143;11;11;
2786802;no rank;22695;22695;11;11;
2786803;no rank;22405;22405;11;11;
2786804;no rank;21273;21273;11;11;
2786805;no rank;20722;20722;11;11;
2786806;no rank;22799;22799;11;11;
2786807;no rank;21379;21379;11;11;
2786808;no rank;20755;20755;11;11;
2786809;no rank;20286;20286;11;11;
2786810;no rank;20616;20616;11;11;
2786811;no rank;20324;20324;11;11;
2786812;no rank;18996;18996;11;11;
2786813;no rank;21053;21053;11;11;
2786814;no rank;21164;21164;11;11;
2786815;no rank;21783;21783;11;11;
2786816;no rank;22553;22553;11;11;
2786817;no rank;21350;21350;11;11;
2786818;no rank;21797;21797;11;11;
2786819;no rank;19866;19866;11;11;
2786820;no rank;19472;19472;11;11;
2786821;no rank;21471;21471;11;11;
2786822;no rank;22325;22325;11;11;
2786823;no rank;21190;21190;11;11;
2786824;no rank;21194;21194;11;11;
2786825;no rank;22774;22774;11;11;
2786826;no rank;20466;20466;11;11;
2786827;no rank;23868;23868;11;11;
2786828;no rank;20992;20992;11;11;
2786829;no rank;17708;17708;11;11;
2786830;no rank;20823;20823;11;11;
2786831;no rank;21060;21060;11;11;
2786832;no rank;21916;21916;11;11;
2786833;no rank;20821;20821;11;11;
2786834;no rank;21923;21923;11;11;
2786835;no rank;20839;20839;11;11;
2786836;no rank;19562;19562;11;11;
2786837;no rank;20090;20090;11;11;
2786838;no rank;22631;22631;11;11;
2786839;no rank;23312;23312;11;11;
2786840;no rank;22834;22834;11;11;
2786841;no rank;21211;21211;11;11;
2786842;no rank;20788;20788;11;11;
2786843;no rank;19659;19659;11;11;
2786844;no rank;19872;19872;11;11;
2786845;no rank;21842;21842;11;11;
2786846;no rank;22714;22714;11;11;
2786847;no rank;20920;20920;11;11;
2786848;no rank;21834;21834;11;11;
2786849;no rank;21213;21213;11;11;
2786850;no rank;19847;19847;11;11;
2786851;no rank;20639;20639;11;11;
2787014;species;20265;20265;11;11;
2787157;species;43171;43171;21;21;
2788723;no rank;5;5;1;1;
2788787;no rank;719215;718900;119;119;
2788946;no rank;22197;22197;11;11;
2789373;no rank;42763;42763;21;21;
2789449;no rank;21205;21205;11;11;
2789450;no rank;18875;18875;11;11;
2789453;no rank;60745;60745;31;31;
2789855;no rank;18988;18988;11;11;
2790304;no rank;5248;5358;11;11;
2790305;no rank;5375;5559;11;11;
2790306;no rank;8509;8737;11;11;
2790307;no rank;7761;8021;11;11;
2790336;no rank;2176;2176;11;11;
2790345;no rank;605;605;7;7;
2790346;no rank;3713;3713;10;10;
2790347;no rank;3000;3000;11;11;
2790659;no rank;106;106;3;3;
2790983;no rank;4136;4136;11;11;
2790985;no rank;20674;20674;11;11;
2790987;no rank;7566;7566;8;8;
2790994;no rank;1326;1326;10;10;
2791164;species;20247;20247;11;11;
2792565;no rank;19194;19194;11;11;
2792566;no rank;19852;19852;11;11;
2792567;no rank;21570;21570;11;11;
2792596;no rank;21881;21881;11;11;
2793345;no rank;951;951;9;9;
2793696;no rank;24;24;3;3;
2793705;no rank;5750;5750;11;11;
2793708;species;21465;21465;11;11;
2793719;no rank;23698;23698;11;11;
2793721;no rank;21355;21355;11;11;
2793722;no rank;22545;22545;11;11;
2793723;no rank;22115;22115;11;11;
2793725;no rank;43203;43203;21;21;
2793728;no rank;22940;22940;11;11;
2793730;no rank;42579;42579;21;21;
2793732;no rank;45033;45033;21;21;
2793733;no rank;21900;21900;11;11;
2793737;no rank;21591;21591;11;11;
2793738;no rank;22000;22000;11;11;
2793739;no rank;21164;21164;11;11;
2793742;no rank;21224;21224;11;11;
2793743;no rank;22657;22657;11;11;
2793799;no rank;23192;23192;11;11;
2793953;no rank;18627;18627;11;11;
2794944;no rank;8014;8014;11;11;
2794946;no rank;11786;11786;11;11;
2794947;no rank;22176;22176;11;11;
2794960;species;19966;19966;11;11;
2795181;species;59390;59390;31;31;
2795238;species;1859;1859;11;11;
2795745;no rank;16686;16686;11;11;
2795746;no rank;5770;5770;11;11;
2796514;no rank;20547;20547;11;11;
2796532;no rank;21967;21967;11;11;
2796600;no rank;21700;21700;11;11;
2797303;no rank;9270;9270;11;11;
2797313;no rank;21762;21762;11;11;
2797324;no rank;21638;21638;11;11;
2797417;no rank;5649;5649;11;11;
2798807;no rank;70449;70449;41;41;
2799672;no rank;19732;19732;11;11;
2800899;no rank;17422;17422;11;11;
2800906;no rank;57265;57265;31;31;
2800927;no rank;57970;57970;31;31;
2801155;no rank;21937;21937;11;11;
2801326;no rank;19763;19763;11;11;
2801354;species;5999;5999;11;11;
2801356;species;4773;4773;11;11;
2801357;species;5264;5264;11;11;
2801477;no rank;23776;23776;11;11;
2801480;no rank;21109;21109;11;11;
2801506;no rank;10972;10972;11;11;
2801524;no rank;18698;18698;11;11;
2801525;no rank;2519;2519;8;8;
2801534;no rank;1623;1623;9;9;
2801553;species;4786;4786;11;11;
2801566;species;856;856;11;11;
2801568;species;219;219;7;7;
2801569;no rank;1154;1154;11;11;
2801834;no rank;19702;19702;11;11;
2801837;no rank;15135;15135;11;11;
2801895;no rank;1689;1689;11;11;
2801898;no rank;9622;9622;11;11;
2802539;no rank;21890;21890;11;11;
2802553;no rank;39782;39782;21;21;
2802554;species;23894;23894;11;11;
2803971;no rank;20554;20554;11;11;
2805380;no rank;22653;22653;11;11;
2805750;no rank;21269;21269;11;11;
2805836;no rank;1448;1448;6;6;
2805839;species;22115;22115;11;11;
2805863;no rank;18547;18547;11;11;
2805917;no rank;20576;20576;11;11;
2805939;species;18321;18321;11;11;
2806429;no rank;21084;21084;11;11;
2806430;no rank;22148;22148;11;11;
2806547;no rank;13658;13658;11;11;
2809160;no rank;20910;20910;11;11;
2809748;no rank;42103;42103;21;21;
2810133;no rank;22597;22597;11;11;
2810370;no rank;9950;9950;11;11;
2810799;no rank;22580;22580;11;11;
2810802;no rank;20156;20156;11;11;
2810803;no rank;17922;17922;11;11;
2810810;no rank;53506;53506;31;31;
2810811;no rank;20854;20854;11;11;
2811091;no rank;22988;22988;11;11;
2811341;no rank;23082;23082;11;11;
2811386;no rank;19187;19187;11;11;
2811963;no rank;56380;56380;31;31;
2812030;no rank;40884;40884;21;21;
2812031;no rank;54755;54755;31;31;
2812802;no rank;43329;43329;21;21;
2812854;no rank;23125;23125;11;11;
2812900;species;2219;2219;11;11;
2813165;species;8021;8021;11;11;
2813287;no rank;23741;23741;11;11;
2813288;no rank;20040;20040;11;11;
2813545;species;22778;22778;11;11;
2814367;species;20631;20631;11;11;
2816460;no rank;16508;16508;11;11;
2816467;species;2506;2506;11;11;
2816839;no rank;20734;20734;11;11;
2816840;no rank;19935;19935;11;11;
2816848;no rank;22678;22678;11;11;
2817571;no rank;21103;21103;11;11;
2817738;species;17898;17898;11;11;
2818228;no rank;41634;41634;21;21;
2819081;no rank;23394;23394;11;11;
2820395;species;5947;5947;11;11;
2820912;no rank;19786;19786;11;11;
2822469;no rank;22422;22422;11;11;
2822470;no rank;42929;42929;21;21;
2822848;species;6290;6290;11;11;
2822864;species;5329;5329;11;11;
2823683;species;5108;5108;11;11;
2824520;species;65508;65508;31;31;
2824522;species;21137;21137;11;11;
2824525;species;21906;21906;11;11;
2824647;species;45838;45838;21;21;
2825847;no rank;57245;57245;31;31;
28274;no rank;21196;21196;11;11;
2827437;no rank;19431;19431;11;11;
2827438;no rank;21710;21710;11;11;
2827439;no rank;22599;22599;11;11;
2829367;species;12026;12026;11;11;
2829393;species;12767;12767;11;11;
2829853;species;20899;20899;11;11;
2830721;species;53881;53881;31;31;
2831178;species;928;928;11;11;
2831671;species;4384;4384;11;11;
2832315;no rank;14814;14814;11;11;
2832317;no rank;19009;19009;11;11;
2832319;no rank;9261;9261;11;11;
2832322;no rank;2524;2524;11;11;
2834153;no rank;20164;20164;11;11;
2834247;species;4737;4737;7;7;
2834256;species;21478;21478;11;11;
2834265;species;10014;10014;11;11;
2834422;species;16419;16419;11;11;
2835563;species;21738;21738;11;11;
2835654;species;55498;55498;31;31;
2835936;species;4876;4876;11;11;
2835941;no rank;10929;10929;11;11;
2835951;no rank;10284;10284;11;11;
2836007;no rank;20002;20002;11;11;
2836009;no rank;9614;9614;11;11;
2836011;species;3557;3557;11;11;
2836041;species;10593;10593;11;11;
2836044;no rank;985;985;2;2;
2836048;species;22003;22003;11;11;
2836086;no rank;19795;19795;11;11;
2836091;no rank;21239;21239;11;11;
2836105;species;2770;2770;11;11;
2836132;no rank;10376;10376;11;11;
2836135;no rank;5921;5921;11;11;
2836142;species;42116;42116;21;21;
2836297;no rank;17116;17116;11;11;
2838076;no rank;19158;19158;11;11;
2838077;no rank;23701;23701;11;11;
2838078;no rank;22249;22249;11;11;
2838134;no rank;18658;18658;11;11;
2838328;no rank;24012;24012;11;11;
2838395;no rank;20589;20589;11;11;
2839003;species;19716;19716;11;11;
2840017;no rank;21843;21843;11;11;
2840018;no rank;22196;22196;11;11;
2840070;order;4;4;1;1;
2840185;no rank;21836;21836;11;11;
2841278;genus;2622;2622;1;1;
2841279;genus;11796;11796;1;1;
2842243;class;858;858;1;1;
2842247;order;192;192;1;1;
2842249;order;23;23;1;1;
2842314;family;315;315;1;1;
2842319;family;1009;1009;1;1;
2842328;family;840;840;1;1;
2842329;family;1976;1976;1;1;
2842332;family;27985;27985;1;1;
2842364;genus;979;979;1;1;
2842385;genus;325;325;1;1;
2842387;genus;101;101;1;1;
2842397;genus;19731;19731;1;1;
2842407;subfamily;127;127;1;1;
2842409;subfamily;78982;78982;1;1;
2842410;subfamily;449;449;1;1;
2842411;subfamily;5;5;1;1;
2842412;subfamily;2423;2423;1;1;
2842413;subfamily;79;79;1;1;
2842416;subfamily;746;746;1;1;
2842417;subfamily;123;123;1;1;
2842418;subfamily;7;7;1;1;
2842419;subfamily;2583;2583;1;1;
2842421;subfamily;8776;8776;1;1;
2842422;subfamily;1874;1874;1;1;
2842423;subfamily;2493;2493;1;1;
2842425;subfamily;6;6;1;1;
2842517;subfamily;123;123;1;1;
2842518;subfamily;264;264;1;1;
2842519;subfamily;7334;7334;1;1;
2842520;subfamily;3841;3841;1;1;
2842521;subfamily;54;54;1;1;
2842522;subfamily;53851;53851;9;9;
2842523;subfamily;21582;21582;7;7;
2842524;subfamily;3109;3109;1;1;
2842525;subfamily;16252;16252;6;6;
2842526;subfamily;52;52;1;1;
2842527;subfamily;11579;11579;1;1;
2842529;subfamily;263;263;1;1;
2842530;subfamily;4544;4544;1;1;
2842540;genus;759;759;1;1;
2842545;genus;3181;3181;1;1;
2842559;genus;57;57;1;1;
2842570;genus;3023;3023;1;1;
2842571;genus;20;20;1;1;
2842573;genus;2254;2254;1;1;
2842581;genus;179;179;1;1;
2842583;genus;12500;12500;1;1;
2842586;genus;83685;83685;3;3;
2842588;genus;35391;35391;4;4;
2842592;genus;89;89;1;1;
2842593;genus;837;837;1;1;
2842609;genus;105950;105950;3;3;
2842614;genus;211;211;1;1;
2842616;genus;118958;118958;1;1;
2842620;genus;33371;33371;1;1;
2842621;genus;171;171;1;1;
2842639;genus;5519;5519;1;1;
2842653;genus;47758;47758;1;1;
2842658;genus;43355;43355;25;25;
2842659;genus;224;224;1;1;
2842664;genus;101;101;1;1;
2842669;genus;506;506;1;1;
2842686;genus;5;5;1;1;
2842693;genus;9;9;1;1;
2842696;genus;144;144;1;1;
2842710;genus;24430;24430;1;1;
2842711;genus;13857;13857;1;1;
2842714;genus;533;533;1;1;
2842716;genus;18465;18465;1;1;
2842721;genus;23623;23623;2;2;
2842725;genus;31069;31069;1;1;
2842726;genus;55;55;1;1;
2842727;genus;903;903;1;1;
2842736;genus;1530;1530;1;1;
2842738;genus;1748;1748;1;1;
2842740;genus;7848;7848;1;1;
2842749;genus;203;203;1;1;
2842750;genus;145;145;1;1;
2842756;genus;895;895;1;1;
2842759;genus;19;19;1;1;
2842780;genus;85;85;1;1;
2842796;genus;71617;71617;1;1;
2842816;genus;16460;16460;1;1;
2842820;genus;142661;142661;1;1;
2842826;genus;1382;1382;1;1;
2842828;genus;5513;5513;1;1;
2842830;genus;1247;1247;1;1;
2842852;genus;29643;29643;1;1;
2842862;genus;3864;3864;1;1;
2842867;genus;333;333;1;1;
2842870;genus;1485;1485;1;1;
2842871;genus;345;345;1;1;
2842872;genus;231;231;1;1;
2842875;genus;424;424;1;1;
2842877;genus;572;572;1;1;
2842883;genus;196;196;1;1;
2842888;genus;72365;72365;3;3;
2842895;genus;183;183;1;1;
2842907;genus;256;256;1;1;
2842929;genus;287;287;1;1;
2842932;genus;3974;3974;1;1;
2842933;genus;31;31;1;1;
2842934;genus;39949;39949;5;5;
2842941;genus;117;117;1;1;
2842946;genus;20188;20188;11;11;
2842949;genus;40933;40933;13;13;
2842950;genus;21972;21972;1;1;
2842960;genus;115;115;1;1;
2842962;genus;199;199;1;1;
2842968;genus;609;609;1;1;
2842970;genus;40;40;1;1;
2842972;genus;17618;17618;1;1;
2842976;genus;17010;17010;1;1;
2842978;genus;278;278;1;1;
2842979;genus;39465;39465;6;6;
2842984;genus;888;888;1;1;
2842990;genus;4624;4624;1;1;
2842993;genus;12486;12486;1;1;
2842994;genus;35;35;1;1;
2842997;genus;113;113;1;1;
2842998;genus;394;394;1;1;
2843005;genus;251;251;1;1;
2843039;genus;174;174;1;1;
2843048;genus;6956;6956;1;1;
2843051;genus;1790;1790;1;1;
2843063;genus;39;39;1;1;
2843069;genus;9013;9013;1;1;
2843096;genus;500;500;1;1;
2843105;genus;19341;19341;2;2;
2843120;genus;312;312;1;1;
2843132;genus;1888;1888;1;1;
2843141;genus;3836;3836;1;1;
2843145;genus;7;7;1;1;
2843153;genus;2670;2670;1;1;
2843161;genus;31065;31065;7;7;
2843346;genus;6649;6649;1;1;
2843347;genus;4026;4026;1;1;
2843351;genus;48803;48803;2;2;
2843352;genus;25482;25482;10;10;
2843354;genus;150;150;1;1;
2843355;genus;58008;58008;2;2;
2843362;genus;8450;8450;1;1;
2843366;genus;47993;47993;8;8;
2843367;genus;12578;12578;7;7;
2843370;genus;112672;112672;18;18;
2843374;genus;21537;21537;1;1;
2843380;genus;201505;201505;77;77;
2843381;genus;20129;20129;9;9;
2843383;genus;7183;7183;1;1;
2843385;genus;22233;22233;2;2;
2843386;genus;1076;1076;1;1;
2843388;genus;71712;71712;26;26;
2843389;genus;45843;45843;1;1;
2843392;genus;25105;25131;10;10;
2843396;genus;7253;7253;4;4;
2843397;genus;422;422;1;1;
2843399;genus;44283;44283;1;1;
2843400;genus;23067;23067;1;1;
2843401;genus;4795;4795;1;1;
2843411;genus;77269;77269;13;13;
2843412;genus;80797;80797;3;3;
2843414;genus;16035;16035;1;1;
2843418;genus;41608;41608;36;36;
2843419;genus;7966;7966;1;1;
2843420;genus;1477;1477;1;1;
2843421;genus;75125;75125;1;1;
2843422;genus;32189;32189;1;1;
2843425;genus;2000;2000;1;1;
2843426;genus;11025;11025;24;24;
2843428;genus;761;761;1;1;
2843429;genus;9924;9924;1;1;
2843431;genus;24723;24723;1;1;
2843432;genus;13675;13678;8;8;
2843435;genus;36877;36877;2;2;
2843436;genus;71927;71927;22;22;
2843440;genus;48384;48384;1;1;
2843444;genus;60490;60490;2;2;
2843445;genus;10701;10701;2;2;
2843449;genus;5074;5074;1;1;
2843450;genus;25594;25594;1;1;
2843455;genus;18735;18735;10;10;
2843466;genus;44347;44347;7;7;
2843467;genus;15956;15956;1;1;
2843470;genus;53384;53384;4;4;
2843478;genus;31898;31898;1;1;
2843757;species;2117;2260;4;4;
2843780;species;2991;2991;4;4;
2843907;species;37696;37696;21;21;
2843908;species;39632;39632;21;21;
2843917;species;22737;22737;11;11;
2844014;species;33872;33872;21;21;
2844217;species;3813;3813;11;11;
2844218;species;3126;3126;11;11;
2844219;species;6928;6928;11;11;
2844220;species;2179;2179;11;11;
2844221;species;1315;1315;3;3;
2844222;species;2030;2030;10;10;
2844224;species;11695;11695;11;11;
2845093;species;43722;43722;25;25;
2845816;species;22270;22270;11;11;
2845955;species;61;61;1;1;
2845958;species;83;83;1;1;
2846051;species;2515;2515;21;21;
2846074;species;15794;15794;3;3;
2846239;species;14881;14881;11;11;
2846262;species;1014;1014;5;5;
2846264;species;1181;1181;8;8;
2846282;species;423;423;3;3;
2846371;species;3254;3254;9;9;
2846388;species;2584;2584;1;1;
2846448;no rank;60835;60835;31;31;
2846607;species;1447;1447;3;3;
2847044;no rank;20208;20208;11;11;
2847047;no rank;43022;43022;21;21;
2847048;no rank;38095;38095;21;21;
2847049;no rank;43781;43781;21;21;
2847055;no rank;4274;4274;10;10;
2847056;no rank;7084;7084;11;11;
2847057;no rank;2383;2383;11;11;
2847058;no rank;9259;9259;11;11;
2847059;no rank;5589;5593;11;11;
2847060;no rank;2781;2781;11;11;
2847061;no rank;8424;8424;11;11;
2847062;no rank;1660;1660;8;8;
2847063;no rank;2954;2954;10;10;
2847072;no rank;2704;2704;11;11;
2847074;no rank;58607;58607;31;31;
2847092;no rank;20719;20719;11;11;
2847103;no rank;21196;21196;11;11;
2847105;no rank;21605;21605;11;11;
2847173;no rank;12859;12859;11;11;
2847174;no rank;14383;14383;11;11;
2847176;no rank;14345;14345;11;11;
2847181;no rank;22706;22706;11;11;
2847266;no rank;22788;22788;11;11;
2847279;no rank;63402;63402;31;31;
2847284;no rank;5577;5577;11;11;
2847286;no rank;21946;21946;11;11;
2847797;no rank;24260;24260;11;11;
2847798;no rank;22444;22444;11;11;
2847799;no rank;57154;57154;31;31;
2847800;no rank;59364;59364;31;31;
2847801;no rank;56708;56708;31;31;
2847802;no rank;56181;56181;31;31;
2847803;no rank;21076;21076;11;11;
2847805;no rank;20859;20859;11;11;
2847806;no rank;22872;22872;11;11;
2847813;no rank;59644;59644;31;31;
2847814;no rank;44334;44334;21;21;
2847815;no rank;2526;2526;10;10;
2847816;no rank;3159;3159;11;11;
2847818;no rank;4564;4564;11;11;
2847821;no rank;59476;59476;31;31;
2847822;no rank;13768;13768;11;11;
2847823;no rank;20247;20247;11;11;
2847825;no rank;21745;21745;11;11;
2847826;no rank;61710;61710;31;31;
2847847;no rank;22345;22345;11;11;
2847850;no rank;19981;19981;11;11;
2847851;no rank;19216;19216;11;11;
2848001;no rank;59139;59139;31;31;
2848005;no rank;21427;21427;11;11;
2848006;no rank;21812;21812;11;11;
2848036;no rank;21427;21427;11;11;
2848038;no rank;23220;23220;11;11;
2848039;no rank;1598;1598;11;11;
2848040;no rank;21564;21564;11;11;
2848047;no rank;678;678;11;11;
2848054;no rank;19929;19929;11;11;
2848071;no rank;64700;64700;31;31;
2848074;no rank;10924;10924;11;11;
2848075;no rank;4687;4687;11;11;
2848094;no rank;22144;22144;11;11;
2848096;no rank;530;530;5;5;
2848097;no rank;1278;1278;10;10;
2848321;no rank;22801;22801;11;11;
2848418;no rank;66944;66944;31;31;
2848881;no rank;20071;20071;11;11;
2848886;no rank;20350;20350;11;11;
2848887;no rank;19539;19539;11;11;
2848909;no rank;23721;23721;11;11;
2848910;no rank;21591;21591;11;11;
2849081;species;1447;1447;11;11;
2849244;no rank;5764;5764;11;11;
2849246;no rank;8238;8238;11;11;
2849587;no rank;37437;37437;31;31;
2849598;no rank;516;516;5;5;
2849599;no rank;204;204;6;6;
2849600;no rank;184;184;4;4;
2849623;no rank;21214;21214;11;11;
2849625;species;9634;9634;11;11;
2849626;no rank;4836;4836;11;11;
2849697;no rank;16238;16238;11;11;
2849698;no rank;44054;44054;21;21;
2849699;no rank;14968;14968;11;11;
2849700;no rank;14780;14780;11;11;
2849717;no rank;56576;56576;31;31;
2849721;no rank;21259;21259;11;11;
2849726;no rank;37593;37593;21;21;
2849741;no rank;22700;22700;11;11;
2849744;no rank;41624;41624;21;21;
2849971;species;14454;14454;11;11;
2849972;species;9582;9582;11;11;
2851068;species;21030;21030;11;11;
2851069;species;21844;21844;11;11;
2851077;no rank;4620;4620;11;11;
2851101;species;3111;3111;11;11;
2851934;no rank;42519;42519;21;21;
2851978;species;3413;3413;11;11;
2851979;species;8883;8883;11;11;
2851980;species;5833;5833;11;11;
2851981;species;7842;7842;11;11;
2851982;species;3044;3044;11;11;
2852114;species;763;763;6;6;
2852116;no rank;4162;4162;11;11;
2852969;no rank;39923;39923;1;1;
2853091;no rank;6564;6564;11;11;
2856180;species;24500;24500;11;11;
2857501;no rank;7092;7092;11;11;
2859072;no rank;19441;19441;11;11;
2859474;no rank;5030;5030;11;11;
2859476;species;9977;9977;11;11;
2859477;species;3071;3071;11;11;
2859488;no rank;9665;9665;10;10;
2859632;species;4630;4630;11;11;
2859633;species;18710;18710;11;11;
2859634;no rank;9362;9362;11;11;
2859653;no rank;12467;12467;11;11;
2859655;no rank;20295;20295;11;11;
2859656;no rank;12773;12773;11;11;
2859658;no rank;19028;19028;11;11;
2860269;species;21644;21644;11;11;
2860374;no rank;3307;3307;11;11;
2860376;no rank;8699;8699;9;9;
2860377;no rank;3580;3580;11;11;
2860997;species;5202;5202;11;11;
2861002;species;13263;13263;11;11;
2861008;no rank;15148;15148;11;11;
2862773;no rank;22402;22402;11;11;
2862998;no rank;193;193;6;6;
2863193;no rank;11276;11276;11;11;
2863194;no rank;20611;20611;11;11;
2863195;no rank;18888;18888;11;11;
2863583;no rank;17434;17434;11;11;
2863832;species;6415;6415;11;11;
2863847;species;2541;2541;11;11;
2865787;species;5376;5376;11;11;
2865793;species;1956;1956;11;11;
2865794;no rank;2868;2868;11;11;
2865805;no rank;2438;2438;11;11;
2865806;species;6809;6809;11;11;
2866663;no rank;7947;7947;11;11;
2866684;no rank;22486;22486;11;11;
2866695;no rank;18795;18795;11;11;
2867473;species;7196;7196;11;11;
2867479;no rank;3561;3561;11;11;
2867550;no rank;78697;78697;41;41;
2869543;no rank;17281;17281;11;11;
2869544;no rank;10895;10895;11;11;
2869545;no rank;17207;17207;11;11;
2869547;no rank;16303;16303;11;11;
2869549;no rank;8722;8722;11;11;
2869552;no rank;14401;14401;10;10;
2869553;no rank;17311;17311;11;11;
2869555;no rank;14940;14940;11;11;
2869556;no rank;12452;12452;11;11;
2869557;no rank;18953;18953;11;11;
2869569;no rank;21608;21608;11;11;
2870355;no rank;20062;20062;11;11;
2870356;no rank;19176;19176;11;11;
2870358;no rank;22325;22325;11;11;
2870359;no rank;20588;20588;11;11;
2870360;no rank;21178;21178;11;11;
2870373;no rank;23232;23232;11;11;
2870377;no rank;20261;20261;11;11;
2870379;no rank;23343;23343;11;11;
2870386;no rank;21084;21084;11;11;
2870402;no rank;23072;23072;11;11;
2871166;no rank;20763;20763;11;11;
2871520;species;3497;3497;11;11;
2871538;no rank;15427;15427;11;11;
2871539;species;2652;2652;11;11;
2872567;species;17705;17705;11;11;
2872675;species;888;888;11;11;
2872676;species;2914;2914;10;10;
2872811;species;69111;69111;41;41;
2873234;species;57616;57616;31;31;
2873349;no rank;20875;20875;11;11;
2873352;species;8666;8666;11;11;
2873372;no rank;5482;5482;11;11;
2873373;species;389;389;8;8;
2873413;species;14180;14180;11;11;
2873534;no rank;2447;2447;5;5;
2873557;no rank;23148;23148;11;11;
2873951;species;15852;15852;11;11;
2873952;species;15999;15999;11;11;
2874031;species;59087;59087;31;31;
2874141;species;21790;21790;11;11;
2874879;species;14301;14301;11;11;
2874884;species;20951;20951;11;11;
2874885;species;12672;12672;11;11;
2874886;species;16767;16767;11;11;
2874887;species;9561;9561;11;11;
2874888;species;10753;10753;11;11;
2874889;species;11162;11162;11;11;
2874890;species;11746;11746;11;11;
2875722;species;7296;7296;8;8;
2875798;no rank;40646;40646;21;21;
2875839;species;10996;10996;11;11;
2875869;species;21594;21594;11;11;
2876597;species;21453;21453;11;11;
2877507;no rank;21905;21905;11;11;
2877511;no rank;21144;21144;11;11;
2877945;species;6356;6356;11;11;
2877946;no rank;21690;21690;11;11;
2877986;no rank;10060;10060;11;11;
2877989;no rank;22049;22049;11;11;
2877990;no rank;23092;23092;11;11;
2877991;no rank;11367;11367;11;11;
2878006;no rank;21347;21347;11;11;
2878008;no rank;18952;18952;11;11;
2878009;no rank;20933;20933;11;11;
2878010;no rank;21401;21401;11;11;
2878013;no rank;5219;5219;11;11;
2878088;species;33296;33296;21;21;
2878269;no rank;22376;22376;11;11;
2879287;species;17129;17129;11;11;
2879288;species;31262;31262;21;21;
2879396;no rank;20963;20963;11;11;
2879398;no rank;21098;21098;11;11;
2879399;no rank;22233;22233;11;11;
2879515;no rank;43247;43247;21;21;
2880837;no rank;20869;20869;11;11;
2880838;no rank;23078;23078;11;11;
2880839;species;22282;22282;11;11;
2880993;species;4162;4162;11;11;
2880994;no rank;3537;3537;11;11;
2881011;species;2606;2606;11;11;
2883639;no rank;22229;22229;11;11;
2885152;species;8977;8977;11;11;
2885687;species;10020;10020;11;11;
2885973;no rank;21535;21535;11;11;
2885974;no rank;15706;15706;11;11;
2885975;no rank;6558;6558;11;11;
2885976;no rank;3734;3734;11;11;
2885981;species;20442;20442;11;11;
2885983;species;20793;20793;11;11;
2886042;no rank;20439;20439;11;11;
2886209;species;677;677;9;9;
2886211;species;667;667;9;9;
2886224;no rank;19898;19898;11;11;
2886229;species;22019;22019;11;11;
2886397;no rank;16768;16768;11;11;
2886398;no rank;17219;17219;11;11;
2886399;no rank;15081;15081;11;11;
2886400;no rank;16928;16928;11;11;
2886401;no rank;17455;17455;11;11;
2886402;no rank;15622;15622;11;11;
2886406;no rank;16469;16469;11;11;
2886901;no rank;4530;4530;11;11;
2891955;species;21037;21037;11;11;
2892035;no rank;23210;23210;11;11;
2893954;no rank;8225;8225;11;11;
2894293;species;20111;20111;11;11;
2894297;species;200;200;8;8;
2894335;no rank;22016;22016;11;11;
2894344;species;1450;1450;11;11;
2894356;no rank;22568;22568;11;11;
2894367;no rank;21612;21612;11;11;
2894395;species;5632;5632;11;11;
2894587;species;21694;21694;11;11;
2894588;species;6745;6745;11;11;
2894593;no rank;18077;18077;11;11;
2894747;species;2671;2671;10;10;
2894753;species;2971;2971;11;11;
2894785;species;21086;21401;11;11;
2894786;no rank;8465;8465;11;11;
2894787;no rank;4054;4054;9;9;
2894788;no rank;20087;20087;11;11;
2894789;no rank;2481;2481;8;8;
2894790;no rank;18482;18482;11;11;
2894793;species;3954;3954;11;11;
2894794;no rank;19431;19431;11;11;
2894795;species;3683;3683;11;11;
2894796;species;2389;2389;11;11;
2894801;species;1752;1752;11;11;
2894809;species;20378;20378;11;11;
2894929;no rank;41178;41178;21;21;
2899887;species;19975;19975;11;11;
2900297;species;9750;9750;11;11;
2900314;no rank;22442;22442;11;11;
2902690;species;13288;13288;11;11;
2902692;species;2840;2840;8;8;
2902694;species;15762;15762;11;11;
2902747;species;5146;5146;11;11;
2903266;no rank;22220;22220;11;11;
2904709;no rank;9467;9467;10;10;
2904972;no rank;19450;19450;11;11;
2905464;species;57069;57069;31;31;
2905465;species;64919;64919;31;31;
2905564;species;22939;22939;11;11;
2905565;species;22591;22591;11;11;
2905566;species;21166;21166;11;11;
2905567;species;22265;22265;11;11;
2905569;species;20252;20252;11;11;
2905570;species;23047;23047;11;11;
2905571;species;20305;20305;11;11;
2905620;no rank;21724;21724;11;11;
2906028;species;659;659;7;7;
2906468;no rank;16609;16609;11;11;
2906742;species;1484;1484;10;10;
2906743;species;2766;2766;11;11;
2907287;species;14075;14075;11;11;
2908099;species;20042;20042;11;11;
2908628;no rank;8949;8949;11;11;
2908630;no rank;19924;19924;11;11;
2908744;no rank;19289;19289;11;11;
2908746;no rank;18992;18992;11;11;
2909205;no rank;17733;17733;11;11;
2909736;no rank;17870;17870;11;11;
2909742;species;5998;5998;11;11;
2910155;species;10448;10448;11;11;
291027;no rank;1460;1460;1;1;
2910754;no rank;21774;21774;11;11;
2910755;no rank;22040;22040;11;11;
2910948;no rank;3970;3980;11;11;
2910949;no rank;5474;5474;11;11;
2910950;no rank;10456;10456;11;11;
2910951;no rank;9717;9717;11;11;
2910954;no rank;7376;7376;8;8;
2911664;species;22438;22438;11;11;
2911954;no rank;15945;15945;11;11;
2911956;species;16883;16883;11;11;
2911957;no rank;16381;16381;11;11;
2911958;no rank;19496;19496;11;11;
2912296;species;4803;4803;7;7;
2912606;no rank;22258;22258;11;11;
2912654;species;8594;8594;11;11;
2912878;species;39976;39976;21;21;
2912894;no rank;20452;20452;11;11;
2912895;no rank;21245;21245;11;11;
2913478;no rank;21662;21662;11;11;
2913600;no rank;20113;20113;11;11;
2913660;species;22408;22408;11;11;
2914024;no rank;24063;24063;11;11;
2914027;species;3707;3707;9;9;
2914028;no rank;18097;18097;11;11;
2914029;no rank;21608;21608;11;11;
2914172;no rank;5627;5627;8;8;
2914173;species;66;66;5;5;
2914178;species;671;671;8;8;
2914443;no rank;19310;19310;11;11;
2914450;species;17775;17775;11;11;
2914454;species;15436;15436;11;11;
2914455;species;16215;16215;11;11;
2914456;species;15807;15807;11;11;
2914457;species;16258;16258;11;11;
2914459;species;16366;16366;11;11;
2914460;species;20049;20049;11;11;
2914461;species;15901;15901;11;11;
2914477;no rank;19857;19857;11;11;
2914480;no rank;20792;20792;11;11;
2914481;no rank;21972;21972;11;11;
2914482;no rank;20174;20174;11;11;
2914483;no rank;21861;21861;11;11;
2914484;no rank;22881;22881;11;11;
2914485;no rank;23427;23427;11;11;
2914486;no rank;21206;21206;11;11;
2914487;no rank;19750;19750;11;11;
2914488;no rank;24042;24042;11;11;
2915325;no rank;51;51;3;3;
2917160;species;8817;8817;11;11;
2918920;no rank;9137;9137;9;9;
2918921;no rank;9000;9000;11;11;
2918926;no rank;22183;22183;11;11;
2918927;no rank;9597;9597;11;11;
292029;species;3356;3356;33;33;
2920374;no rank;7702;7702;11;11;
2921215;no rank;19458;19458;11;11;
2921791;no rank;47134;47134;21;21;
2921792;no rank;41554;41554;21;21;
2924880;species;1170;1170;10;10;
2924881;species;489;489;8;8;
2924884;no rank;21780;21780;11;11;
2924885;no rank;1266;1266;10;10;
2924887;no rank;18939;18939;11;11;
2924888;no rank;21633;21633;11;11;
2924904;species;1881;1881;6;6;
2924906;species;1067;1067;10;10;
2924907;species;1231;1231;8;8;
29250;no rank;7413;7413;11;11;
2926084;species;4075;4075;4;4;
2926097;species;106;106;4;4;
2926098;species;2407;2407;9;9;
2926099;species;23020;23020;11;11;
2926108;species;733;733;5;5;
2926475;no rank;21972;21972;11;11;
2927243;species;3283;3283;9;9;
2927268;species;21036;21036;11;11;
2927281;species;12255;12255;11;11;
2927283;species;4253;4253;11;11;
2927284;species;22719;22719;11;11;
2927622;no rank;23829;23829;11;11;
2928187;no rank;20261;20261;11;11;
2928256;species;21592;21592;11;11;
2928257;species;20936;20936;11;11;
2928692;no rank;20330;20330;11;11;
2929005;no rank;23594;23594;11;11;
2929007;no rank;21207;21207;11;11;
2929011;no rank;21879;21879;11;11;
2929250;species;18593;18593;11;11;
2929252;species;15435;15435;11;11;
2929287;species;16294;16294;11;11;
2932867;species;18747;18747;11;11;
2933796;no rank;18563;18563;11;11;
2935866;species;14327;14327;11;11;
2936613;no rank;60307;60307;31;31;
2936906;species;2648;2648;8;8;
2936912;species;24003;24003;11;11;
2936914;species;19868;19868;11;11;
2936919;species;6811;6811;11;11;
2937408;species;1476;1476;11;11;
2939039;no rank;2990;2990;11;11;
2939128;species;6042;6042;11;11;
2939129;species;6416;6416;11;11;
2939132;species;18873;18873;11;11;
2942676;order;3;3;1;1;
2942894;genus;42289;42289;4;4;
2942964;family;147;127;1;1;
2942966;family;22259;22259;1;1;
2942967;subfamily;2785;2785;1;1;
2942969;subfamily;14291;14291;1;1;
2942972;subfamily;320;312;1;1;
2942974;subfamily;1243;1243;1;1;
2942975;subfamily;453;453;1;1;
2942976;subfamily;29;29;1;1;
2942977;subfamily;765;765;1;1;
2942979;genus;10298;10298;1;1;
2942980;genus;5528;5528;1;1;
2942989;genus;32444;32444;1;1;
2942990;genus;26;26;1;1;
2942991;genus;8707;8707;1;1;
2942992;genus;32511;32511;1;1;
2942993;genus;7333;7333;1;1;
2942994;genus;71498;71498;1;1;
2943001;family;5389;5389;1;1;
2943011;genus;52821;52821;17;17;
2943013;genus;41785;41785;21;21;
2943014;genus;2088;2088;1;1;
2943015;genus;28670;28670;1;1;
2943016;genus;15456;15456;1;1;
2943019;genus;3218;3218;1;1;
2944951;species;11419;11419;9;9;
2945916;species;16986;16986;11;11;
2945982;species;20873;20873;11;11;
2946038;no rank;42256;42256;21;21;
2946156;family;1644;1644;1;1;
2946160;family;60456;60456;1;1;
2946162;family;72;72;1;1;
2946167;family;202747;202622;15;15;
2946170;family;79617;79617;3;3;
2946172;family;663;663;1;1;
2946173;family;12;12;1;1;
2946175;family;43;43;1;1;
2946178;family;2820;2820;1;1;
2946180;family;117;117;1;1;
2946623;subfamily;37;37;1;1;
2946625;subfamily;5338;5338;1;1;
2946626;subfamily;3718;3718;1;1;
2946627;subfamily;5;5;1;1;
2946628;subfamily;320;320;1;1;
2946629;subfamily;21129;21129;1;1;
2946631;subfamily;6914;6914;1;1;
2946632;subfamily;429603;429603;8;8;
2946634;subfamily;7;7;1;1;
2946636;subfamily;5477;5477;1;1;
2946642;subfamily;5063;5063;1;1;
2946644;subfamily;3069;3069;1;1;
2946645;subfamily;1425;1425;1;1;
2946646;subfamily;12564;12564;1;1;
2946648;subfamily;44816;44816;1;1;
2946794;genus;49369;49369;1;1;
2946797;genus;214035;214035;5;5;
2946806;genus;2210;2210;1;1;
2946811;genus;13799;13799;1;1;
2946813;genus;14540;14540;1;1;
2946815;genus;151416;151416;7;7;
2946819;genus;74181;74181;10;10;
2946820;genus;31737;31737;1;1;
2946822;genus;40448;40448;1;1;
2946823;genus;406;406;1;1;
2946826;genus;1512;1512;1;1;
2946827;genus;309;309;1;1;
2946830;genus;9480;9480;1;1;
2946834;genus;8192;8192;1;1;
2948639;genus;14049;14049;1;1;
2948641;genus;4166;4166;1;1;
2948643;genus;31119;31119;1;1;
2948645;genus;34318;34318;1;1;
2948647;genus;12606;12606;1;1;
2948648;genus;4673;4673;1;1;
2948652;genus;10018;10018;1;1;
2948659;genus;5412;5412;1;1;
2948665;genus;1183;1183;1;1;
2948669;genus;17;17;1;1;
2948676;genus;181;181;1;1;
2948678;genus;451;451;1;1;
2948679;genus;20837;20837;1;1;
2948680;genus;3110;3110;1;1;
2948686;genus;22353;22353;1;1;
2948688;genus;13656;13656;1;1;
2948690;genus;13013;13013;1;1;
2948694;genus;120610;120610;40;40;
2948695;genus;2832;2837;1;1;
2948699;genus;125;125;1;1;
2948705;genus;42877;42877;5;5;
2948708;genus;57751;57751;4;4;
2948710;genus;69126;69126;8;8;
2948712;genus;70736;70736;1;1;
2948713;genus;20857;20857;1;1;
2948726;genus;66803;66803;7;7;
2948731;genus;15708;15708;1;1;
2948767;genus;24671;24676;1;1;
2948768;genus;14856;14856;1;1;
2948769;genus;2880;2880;1;1;
2948771;genus;8794;8794;1;1;
2948772;genus;71282;71282;19;19;
2948774;genus;2795;2795;1;1;
2948775;genus;89230;89230;2;2;
2948776;genus;33498;33498;1;1;
2948781;genus;10920;10920;1;1;
2948787;genus;24561;24561;1;1;
2948788;genus;71072;71072;6;6;
2948789;genus;120655;120655;6;6;
2948791;genus;24334;24334;3;3;
2948800;genus;41132;41132;10;10;
2948805;genus;13993;13993;1;1;
2948807;genus;12492;12492;1;1;
2948808;genus;35380;35380;9;9;
2948810;genus;6495;6495;1;1;
2948826;genus;22920;22920;2;2;
2948833;genus;2787;2787;1;1;
2948847;genus;16584;16584;1;1;
2948855;genus;128303;128303;1;1;
2948856;genus;31562;31562;1;1;
2948861;genus;1669;1669;1;1;
2948866;genus;6077;6077;1;1;
2948872;genus;3305;3305;1;1;
2948873;genus;19231;19231;1;1;
2948876;genus;42102;42102;8;8;
2948877;genus;2491;2491;1;1;
2948878;genus;4875;4875;1;1;
2948881;genus;188;188;1;1;
2948900;genus;2180;2180;1;1;
2948901;genus;309;309;1;1;
2948904;genus;36743;36743;20;20;
2948910;genus;26774;26774;6;6;
2948912;genus;31472;31472;1;1;
2948915;genus;57;57;1;1;
2948917;genus;47615;47615;1;1;
2948922;genus;208389;208389;39;39;
2948926;genus;14393;14393;1;1;
2948935;genus;24014;24014;1;1;
2948936;genus;108256;108256;5;5;
2948939;genus;29720;29720;1;1;
2948940;genus;11443;11443;1;1;
2948946;genus;28439;28439;1;1;
2948949;genus;7706;7706;1;1;
2948963;genus;32588;32588;1;1;
2950460;species;4579;4579;11;11;
2951256;species;16864;16864;11;11;
2951259;species;16299;16299;11;11;
2951260;species;15660;15660;11;11;
2951261;species;16511;16511;11;11;
2951390;species;6133;6133;11;11;
2951391;species;3670;3670;11;11;
2955582;species;15684;15684;11;11;
2956630;species;14718;14718;11;11;
2956631;species;15459;15459;11;11;
2959429;species;1697;1697;11;11;
2959430;species;729;729;11;11;
2960002;no rank;79076;79076;31;31;
2961702;species;10666;10666;11;11;
2961985;species;8419;8419;11;11;
2961988;species;8925;8925;11;11;
2968248;species;7788;7788;11;11;
2968433;species;901;901;7;7;
2968613;species;21979;21979;11;11;
2968677;species;18608;18608;11;11;
2968680;species;17623;17623;11;11;
2968921;no rank;20829;20829;11;11;
2968923;no rank;21908;21908;11;11;
2969597;species;87032;87032;41;41;
2970333;species;6435;6435;11;11;
2970490;species;8608;8608;11;11;
2970745;no rank;45076;45076;21;21;
2972693;no rank;18652;18652;11;11;
2973661;species;12772;12772;11;11;
2973795;no rank;22575;22575;11;11;
2973796;no rank;21188;21188;11;11;
2973797;no rank;22683;22683;11;11;
2973798;no rank;22642;22642;11;11;
2978980;species;22625;22625;11;11;
2981580;species;3182;3182;9;9;
2982171;species;1065;1065;11;11;
2982892;species;3386;3386;11;11;
2982901;species;991;991;5;5;
2982923;species;4025;4025;11;11;
2983915;no rank;19126;19126;11;11;
2984167;no rank;36651;36651;21;21;
2984168;no rank;41211;41211;21;21;
2985323;species;5594;5594;11;11;
2985324;species;21962;21962;11;11;
2985325;species;3006;3006;11;11;
2985648;species;16084;16084;9;9;
2986394;no rank;20084;20084;11;11;
2986395;no rank;18704;18704;11;11;
2986396;no rank;20919;20919;11;11;
2986397;no rank;12711;12711;11;11;
2986398;no rank;21439;21454;11;11;
2986399;no rank;14691;14691;11;11;
2986400;no rank;22967;22967;11;11;
2986401;no rank;21210;21210;11;11;
2986402;no rank;18672;18672;11;11;
2986403;no rank;24253;24253;11;11;
2986404;no rank;18743;18743;11;11;
2986405;no rank;14541;14541;11;11;
2986406;no rank;9564;9564;11;11;
2986407;no rank;19770;19770;11;11;
2986408;no rank;9319;9319;11;11;
2986409;no rank;12608;12608;11;11;
2986410;no rank;18620;18620;11;11;
2986411;no rank;17017;17017;11;11;
2986412;no rank;11115;11115;11;11;
2986413;no rank;15947;15947;11;11;
2986414;no rank;8319;8319;11;11;
2986415;no rank;19328;19328;11;11;
2986416;no rank;5263;5263;11;11;
2986417;no rank;21433;21433;11;11;
2986418;no rank;8394;8394;11;11;
2986419;no rank;21328;21328;11;11;
2986420;no rank;14390;14390;11;11;
2986514;no rank;21963;21963;11;11;
2987730;no rank;21210;21210;11;11;
2987731;no rank;22799;22799;11;11;
2989723;no rank;41315;41315;21;21;
2989853;no rank;23441;23441;11;11;
2989854;no rank;20971;20971;11;11;
2991862;no rank;3495;3495;11;11;
2991863;no rank;4230;4230;11;11;
2991864;no rank;3031;3031;11;11;
2991865;no rank;4009;4009;11;11;
2991867;no rank;19741;19741;11;11;
2992576;no rank;23080;23080;11;11;
2992639;no rank;11112;11112;11;11;
2992928;no rank;4279;4279;11;11;
2992929;no rank;4027;4027;11;11;
2992931;no rank;4400;4400;11;11;
2994057;no rank;1730;1730;11;11;
2996091;species;4656;4656;11;11;
2999013;species;20635;20635;11;11;
2999280;no rank;20847;20847;11;11;
2999281;no rank;19855;19855;11;11;
300188;no rank;21803;21803;11;11;
3003233;species;4497;4497;11;11;
3003366;species;7147;7147;11;11;
3003632;species;11166;11166;41;41;
3003719;species;3070;3070;10;10;
3003720;species;1343;1343;11;11;
3003729;species;20628;20628;11;11;
3003808;species;2083;2083;8;8;
3017829;species;17709;17709;11;11;
3017830;species;16338;16338;11;11;
3017831;no rank;16023;16023;11;11;
3017832;species;15290;15290;11;11;
3017833;species;15917;15917;11;11;
3017834;species;16099;16099;11;11;
3017835;species;15707;15707;11;11;
3017836;species;32448;32448;21;21;
3018995;species;1282;1282;8;8;
3020045;species;3116;3116;11;11;
3022055;species;390;390;9;9;
3022056;species;249;249;4;4;
3022057;species;695;695;9;9;
3025408;species;20772;20772;11;11;
3028488;species;489;489;6;6;
3035369;species;22068;22068;11;11;
3038364;species;20136;20136;11;11;
3038367;species;11807;11807;11;11;
3044455;family;659069;659069;9;9;
3044462;family;156;156;1;1;
3044466;family;156;156;1;1;
3044467;family;250;250;1;1;
3044472;family;22;22;1;1;
3044473;family;921;921;1;1;
3044479;family;694;694;1;1;
3044481;family;11;11;1;1;
3044639;subfamily;1040;1040;1;1;
3044640;subfamily;29724;29724;1;1;
3044641;subfamily;4899;4899;1;1;
3044642;subfamily;109;109;1;1;
3044643;subfamily;6037;6037;1;1;
3044644;subfamily;29568;29568;1;1;
3044646;subfamily;6845;6845;1;1;
3044647;subfamily;4133;4133;1;1;
3044648;subfamily;870;870;1;1;
3044649;subfamily;5960;5960;1;1;
3044653;genus;50183;50183;1;1;
3044670;genus;25280;25280;2;2;
3044672;genus;2625;2625;1;1;
3044673;genus;88833;88833;38;38;
3044676;genus;44269;44269;3;3;
3044682;genus;29000;29000;1;1;
3044687;genus;16721;16721;1;1;
3044694;genus;24768;24768;1;1;
3044695;genus;4860;4860;1;1;
3044696;genus;29515;29515;2;2;
3044697;genus;4427;4427;1;1;
3044705;genus;98;98;1;1;
3044707;genus;27725;27725;3;3;
3044709;genus;365;365;1;1;
3044714;genus;1334;1334;1;1;
3044715;genus;5552;5552;1;1;
3044733;genus;7767;7767;4;4;
3044738;genus;24934;24934;1;1;
3044739;genus;38746;38746;1;1;
3044749;genus;27291;27291;11;11;
3044751;genus;42096;42096;1;1;
3044761;genus;5370;5370;1;1;
3044766;genus;8736;8736;1;1;
3044773;genus;34645;34645;5;5;
3044774;genus;6746;6746;1;1;
3044777;genus;21246;21246;1;1;
3044779;genus;49397;49397;1;1;
3044785;genus;151645;151645;27;27;
3044786;genus;1160;1160;1;1;
3044792;genus;47739;47739;24;24;
3044795;genus;100759;100759;1;1;
3044803;genus;9199;9199;1;1;
3044834;genus;8949;8949;1;1;
3044836;genus;55525;55525;1;1;
3044848;genus;10715;10715;1;1;
3044849;genus;59332;59332;6;6;
3044850;genus;126647;126647;33;33;
3044854;genus;27288;27288;1;1;
3044863;genus;26899;26899;1;1;
3044870;genus;1237;1237;1;1;
304859;no rank;63705;63705;31;31;
3051403;species;62579;62579;31;31;
3052000;species;10826;10826;1;1;
3052040;species;22298;22298;11;11;
3052042;species;22374;22374;11;11;
3052120;species;16018;16018;11;11;
3052122;species;17849;17849;11;11;
3052126;species;17604;17604;11;11;
3052128;species;16290;16290;11;11;
3052130;species;17758;17758;11;11;
3052131;species;16951;16951;11;11;
3052132;species;18344;18344;11;11;
3052133;species;15883;15883;11;11;
3052181;species;19854;19854;11;11;
3052303;species;45602;45602;21;21;
3052368;species;152;152;1;1;
3052370;species;46;46;1;1;
3052380;species;11310;11310;1;1;
3052381;species;39;39;1;1;
3052418;species;208;208;1;1;
3052449;species;46278;46278;21;21;
3052452;species;44708;44708;21;21;
3052493;species;60113;60113;31;31;
3052494;species;42280;42280;21;21;
3052499;species;59511;59511;31;31;
3052500;species;42037;42037;21;21;
3052538;species;43982;43982;21;21;
3052610;species;17314;17314;11;11;
3052619;species;681;681;1;1;
3052731;species;21277;21277;11;11;
3060017;species;21334;21334;11;11;
3070156;no rank;19883;19883;11;11;
3070170;no rank;19750;19750;11;11;
3070171;no rank;18674;18674;11;11;
3070172;no rank;19910;19910;11;11;
3070179;no rank;21381;21381;11;11;
3070189;no rank;22762;22762;11;11;
3070198;no rank;21531;21531;11;11;
3070199;no rank;41388;41388;21;21;
3070201;no rank;68602;68602;41;41;
3070616;no rank;19723;19723;11;11;
3070820;no rank;23085;23085;11;11;
3070825;no rank;25094;25094;11;11;
3070912;no rank;41817;41817;21;21;
3070916;no rank;21405;21405;11;11;
3070917;no rank;19977;19977;11;11;
3070918;no rank;44744;44744;21;21;
3070923;no rank;44734;44734;21;21;
3071005;no rank;8826;8826;11;11;
3071007;no rank;7322;7322;11;11;
3071210;no rank;23764;23764;11;11;
3071214;no rank;18894;18894;11;11;
3071215;no rank;23826;23826;11;11;
3071225;no rank;21254;21254;11;11;
3071279;no rank;23202;23202;11;11;
3071280;no rank;7979;7979;11;11;
3071284;no rank;22294;22294;11;11;
3071295;no rank;45192;45192;21;21;
3071296;no rank;21232;21232;11;11;
3071303;no rank;40078;40078;21;21;
3071304;no rank;20546;20546;11;11;
3071307;no rank;21540;21540;11;11;
3071308;no rank;22226;22226;11;11;
3071309;no rank;23115;23115;11;11;
3071310;no rank;22794;22794;11;11;
3071313;no rank;20668;20668;11;11;
3071315;no rank;21285;21285;11;11;
3071317;no rank;15942;15942;11;11;
3071318;no rank;21810;21810;11;11;
3071324;no rank;22486;22486;11;11;
3071325;no rank;40771;40771;21;21;
3071326;no rank;58763;58763;31;31;
307448;no rank;21289;21289;11;11;
307466;species;20910;20910;11;11;
3080801;genus;1370;1370;1;1;
309390;species;10589;10589;11;11;
309542;no rank;64089;64089;31;31;
310911;genus;7942;7942;1;1;
3118716;no rank;20539;20539;11;11;
3118717;no rank;61379;61379;31;31;
3153200;genus;2206;2206;1;1;
315393;genus;2626;2626;1;1;
31656;no rank;19176;19176;11;11;
31657;species;23641;23641;11;11;
31754;no rank;13874;13874;11;11;
318592;no rank;21796;21796;11;11;
318842;no rank;22478;22478;11;11;
3241439;species;22994;22994;11;11;
325348;no rank;5;5;1;1;
32613;genus;7;7;1;1;
327046;subfamily;1169;1169;1;1;
329158;no rank;1544;1544;1;1;
329639;no rank;20593;20593;11;11;
333968;species;19659;19659;11;11;
334520;no rank;44589;44589;21;21;
33761;species;21133;21133;11;11;
340016;species;17876;17876;11;11;
341671;no rank;20921;20921;11;11;
342409;species;20178;20178;9;9;
344021;no rank;5966;5966;11;11;
345249;no rank;223;223;1;1;
346173;no rank;9;9;1;1;
348009;no rank;40550;40550;21;21;
348010;no rank;44233;44233;21;21;
348014;no rank;39782;39782;21;21;
348094;no rank;19368;19368;11;11;
348095;no rank;20418;20418;11;11;
348096;no rank;13641;13641;11;11;
352236;no rank;87952;87952;51;51;
35250;no rank;24534;24534;11;11;
35265;serotype;21739;21739;11;11;
35305;no rank;41430;41430;21;21;
35307;no rank;45158;45158;21;21;
35308;no rank;41605;41605;21;21;
35309;no rank;43885;43885;21;21;
35315;no rank;41297;41297;21;21;
35516;no rank;39522;39522;21;21;
359996;no rank;21078;21078;11;11;
363628;no rank;134;134;1;1;
365327;no rank;19062;19062;11;11;
366617;no rank;12;12;1;1;
380432;no rank;24102;24102;11;11;
380436;no rank;21819;21819;11;11;
381543;no rank;23391;23391;11;11;
38170;species;137096;137096;71;71;
38172;no rank;43064;43064;21;21;
391640;no rank;53450;53450;31;31;
392504;species;42478;42478;21;21;
392761;species;13456;13456;11;11;
39637;no rank;15762;15762;11;11;
39724;family;1588;1588;1;1;
39725;genus;4740;4740;1;1;
39729;family;10;10;1;1;
39734;genus;11;11;1;1;
397342;no rank;4574;4574;11;11;
39748;family;5;5;1;1;
39750;genus;533;533;1;1;
39752;genus;51;51;1;1;
39759;genus;9447;9447;1;1;
39838;no rank;3459;3459;11;11;
39944;no rank;18799;18799;11;11;
40119;subfamily;157;157;1;1;
40120;subfamily;823;823;1;1;
40276;genus;119;119;1;1;
413970;genus;1345;1345;1;1;
415382;no rank;62571;62571;31;31;
426790;no rank;61145;61145;31;31;
426791;no rank;59349;59349;31;31;
427316;no rank;59046;59046;31;31;
432370;no rank;22227;22227;11;11;
435487;no rank;14299;14299;11;11;
442712;no rank;41381;41381;21;21;
442713;no rank;48315;48315;21;21;
447897;species;21862;21862;11;11;
45270;no rank;42946;42946;21;21;
455367;no rank;22820;22820;11;11;
459305;no rank;23132;23132;11;11;
464095;order;19;19;1;1;
47418;no rank;23335;23335;11;11;
477967;genus;93659;93659;11;11;
47901;species;20782;20782;11;11;
487050;no rank;55984;55984;31;31;
487097;no rank;61471;61471;31;31;
487098;no rank;56051;56051;31;31;
498356;no rank;59394;59394;31;31;
516541;no rank;13;13;2;2;
52996;species;42988;42988;21;21;
538123;no rank;3289;3289;1;1;
542836;subfamily;23;23;1;1;
54315;no rank;20381;20381;11;11;
548681;order;12;12;1;1;
548687;genus;24;24;1;1;
548912;no rank;1595;1595;1;1;
549779;family;4;4;1;1;
552554;no rank;40916;40916;21;21;
558016;genus;14283;14283;1;1;
558017;genus;26;26;1;1;
588752;no rank;20922;20922;11;11;
595652;no rank;41149;41149;21;21;
603333;species;19931;19931;11;11;
611708;no rank;39931;39931;21;21;
611709;no rank;43199;43199;21;21;
629726;no rank;58663;58663;31;31;
629727;no rank;61620;61620;31;31;
629728;no rank;44574;44574;21;21;
629730;no rank;61218;61218;31;31;
629735;no rank;59102;59102;31;31;
629736;no rank;56873;56873;31;31;
629737;no rank;61737;61737;31;31;
629739;no rank;59198;59198;31;31;
629740;no rank;56505;56505;31;31;
63426;no rank;3;3;1;1;
650121;species;40737;40737;21;21;
655689;no rank;58222;58222;31;31;
655691;no rank;58117;58117;31;31;
663281;species;40904;40904;21;21;
664980;species;13474;13474;11;11;
675068;family;11;11;1;1;
675070;genus;111;111;1;1;
675073;genus;18;18;1;1;
675845;genus;630;630;1;1;
680114;genus;186565;186565;32;32;
680277;genus;124431;124431;1;1;
680287;genus;142765;142765;1;1;
687329;family;7001;7001;1;1;
687332;genus;331;331;1;1;
687337;genus;529;529;1;1;
688437;species;89273;89273;51;51;
688438;no rank;90588;90588;51;51;
68887;species;42338;42338;21;21;
689414;no rank;19897;19897;21;21;
691958;species;1980;1980;1;1;
693015;no rank;57855;57855;31;31;
693419;no rank;19492;19492;11;11;
693450;no rank;63011;63011;31;31;
693996;genus;549;549;1;1;
694002;genus;13;13;1;1;
694005;species;4817;4817;1;1;
694009;species;566;566;1;1;
694013;genus;111;111;1;1;
694014;species;1793;1793;1;1;
698400;species;12246;12246;11;11;
70203;species;7966;7966;3;3;
702736;no rank;22810;22810;11;11;
72638;species;1222;1222;3;3;
740971;species;21151;21151;11;11;
742819;species;15555;15555;11;11;
742914;genus;5844;5844;1;1;
743543;no rank;19157;19157;11;11;
743558;no rank;21171;21171;11;11;
743565;no rank;18733;18733;11;11;
743571;no rank;22594;22594;11;11;
743578;no rank;19713;19713;11;11;
748192;species;20585;20585;11;11;
754059;no rank;18769;18769;11;11;
756276;no rank;20715;20715;11;11;
756278;no rank;6;6;2;2;
758677;no rank;20607;20607;11;11;
758863;no rank;19321;19321;11;11;
76803;family;127;127;1;1;
79236;species;39684;39684;21;21;
79889;no rank;18542;18542;11;11;
79891;no rank;9837;9837;11;11;
80937;no rank;42532;42532;21;21;
80938;no rank;44343;44343;21;21;
83440;no rank;18549;18549;11;11;
85708;no rank;14435;14435;11;11;
864692;no rank;22678;22678;11;11;
864693;no rank;21550;21550;11;11;
864694;no rank;20153;20153;11;11;
864695;no rank;19591;19591;11;11;
864696;no rank;21909;21909;11;11;
864698;no rank;22988;22988;11;11;
867695;no rank;307;307;9;9;
870588;no rank;20526;20526;11;11;
874268;no rank;32;32;2;2;
875324;species;13466;13466;11;11;
876170;no rank;14943;14943;11;11;
884610;species;8748;8748;11;11;
889389;species;23103;23103;11;11;
904679;no rank;63007;63007;31;31;
904698;no rank;59069;59069;31;31;
904699;no rank;60297;60297;31;31;
909827;species;29743;29743;21;21;
912321;no rank;20430;20430;11;11;
926066;no rank;20209;20209;11;11;
926474;species;22776;22776;11;11;
92652;no rank;51;51;3;3;
932699;no rank;20637;20637;11;11;
932700;no rank;20893;20893;11;11;
93678;species;119861;119861;61;61;
944994;species;13093;13093;11;11;
94700;species;15828;15828;11;11;
947066;no rank;78;78;2;2;
947842;no rank;21560;21560;11;11;
95342;species;2382;2382;1;1;
96029;no rank;20884;20884;11;11;
980634;no rank;34972;34972;21;21;
980895;no rank;66040;66040;31;31;
989895;no rank;44314;44314;21;21;
3079366;family;3816;1;1;1;
