taxid;rank;kmers 1;kmers 2;reads 1;reads 2
10239;null;12395;12246;1;1;
2080449;species or below;45792;45792;21;21;
2805939;species or below;18321;18321;11;11;
340016;species or below;17876;17876;11;11;
2730632;species or below;23494;23494;11;11;
2713157;species or below;20513;20513;11;11;
687329;null;7001;7001;1;1;
2547963;species or below;16908;16908;11;11;
363628;null;134;134;1;1;
68887;species or below;42338;42338;21;21;
1514665;species or below;40631;40631;21;21;
2016460;species or below;201281;201281;111;111;
2055263;species or below;417287;417287;221;221;
687332;genus;331;331;1;1;
93678;species or below;119861;119861;61;61;
2065036;species or below;40900;40900;21;21;
2057931;species or below;19956;19956;11;11;
687337;genus;529;529;1;1;
2579707;species or below;17605;17605;11;11;
1138484;species or below;17197;17197;11;11;
1138485;species or below;17559;17559;11;11;
2219036;species or below;99039;99039;51;51;
2025480;species or below;20681;20681;11;11;
1128423;species or below;22488;22488;11;11;
2012676;species or below;19237;19237;11;11;
2834153;species or below;20164;20164;11;11;
2560191;genus;18;18;1;1;
1566010;species or below;18218;18218;11;11;
2847851;species or below;19216;19216;11;11;
2716318;species or below;19053;19053;11;11;
1514664;species or below;19277;19277;11;11;
2249932;species or below;16951;16951;11;11;
2249933;species or below;18661;18661;11;11;
1861840;species or below;20442;20442;11;11;
2054615;species or below;18382;18382;11;11;
1034792;species or below;19823;19823;11;11;
2843145;genus;7;7;1;1;
2054619;species or below;20121;20121;11;11;
650121;species or below;40737;40737;21;21;
2846239;species or below;14881;14881;11;11;
2169647;genus;12360;12360;1;1;
2493125;species or below;8207;8207;11;11;
2559587;null;3158;3158;1;1;
2836142;species or below;42116;42116;21;21;
2873234;species or below;57616;57616;31;31;
2732396;null;50;50;1;1;
10993;null;16220;16220;1;1;
39750;genus;533;533;1;1;
359996;species or below;21078;21078;11;11;
10995;species or below;43500;43500;21;21;
39752;genus;51;51;1;1;
2734558;species or below;26668;26668;21;21;
663281;species or below;40904;40904;21;21;
2583366;species or below;39158;39158;21;21;
595652;species or below;41149;41149;21;21;
2497569;null;16;16;1;1;
2486281;species or below;20535;20535;11;11;
2560069;null;348;348;1;1;
2613793;species or below;21427;21427;11;11;
2560319;species or below;20300;20300;11;11;
28274;species or below;21196;21196;11;11;
2094282;species or below;21635;21635;11;11;
2116451;species or below;22346;22346;11;11;
2560155;genus;17;17;1;1;
1387879;species or below;23012;23012;11;11;
1497434;species or below;20438;20438;11;11;
2748342;species or below;22822;22822;11;11;
1300978;species or below;85149;85149;41;41;
2811341;species or below;23082;23082;11;11;
2116604;species or below;23036;23036;11;11;
2756244;species or below;22022;22022;11;11;
2560195;genus;29;29;1;1;
2495433;species or below;20831;20831;11;11;
186938;genus;99;99;1;1;
11216;species or below;20544;20544;11;11;
3052731;species or below;21277;21277;11;11;
2847092;species or below;20719;20719;11;11;
381543;species or below;23391;23391;11;11;
2116454;species or below;20401;20401;11;11;
2116453;species or below;21941;21941;11;11;
2116452;species or below;21691;21691;11;11;
11244;null;5;5;1;1;
11263;species or below;20642;20642;11;11;
2116487;species or below;25032;25032;11;11;
2883639;species or below;22229;22229;11;11;
2675848;species or below;23529;23529;11;11;
2116488;species or below;19867;19867;11;11;
3052181;species or below;19854;19854;11;11;
2675849;species or below;20414;20414;11;11;
2840185;species or below;21836;21836;11;11;
11270;null;99;99;1;1;
2738555;species or below;21458;21458;11;11;
2802554;species or below;23894;23894;11;11;
1955137;species or below;83080;83080;41;41;
2003308;species or below;20627;20627;11;11;
2058093;species or below;43840;43840;21;21;
2787157;species or below;43171;43171;21;21;
2824647;species or below;45838;45838;21;21;
2847806;species or below;22872;22872;11;11;
2847803;species or below;21076;21076;11;11;
2847805;species or below;20859;20859;11;11;
1923460;species or below;20799;20799;11;11;
2842407;null;127;127;1;1;
11271;genus;44;44;1;1;
2892035;species or below;23210;23210;11;11;
2716754;species or below;19823;19823;11;11;
2838395;species or below;20589;20589;11;11;
2929011;species or below;21879;21879;11;11;
11286;genus;7;7;1;1;
2026129;species or below;23594;23594;11;11;
32613;genus;7;7;1;1;
2928256;species or below;21592;21592;11;11;
2928257;species or below;20936;20936;11;11;
2602440;species or below;20120;20120;11;11;
2079603;species or below;20208;20208;11;11;
1272955;species or below;21683;21683;11;11;
1256869;species or below;20883;20883;11;11;
2913478;species or below;21662;21662;11;11;
1802949;species or below;19044;19044;11;11;
1802946;species or below;19253;19253;11;11;
2873557;species or below;23148;23148;11;11;
2909205;species or below;17733;17733;11;11;
2929005;species or below;23594;23594;11;11;
2877511;species or below;21144;21144;11;11;
1972611;genus;123;123;1;1;
2021721;species or below;21798;21798;11;11;
864693;species or below;21550;21550;11;11;
1272940;species or below;21160;21160;11;11;
2886224;species or below;19898;19898;11;11;
1978532;genus;45;45;1;1;
2740749;species or below;21112;21112;11;11;
2716753;species or below;23150;23150;11;11;
2877507;species or below;21905;21905;11;11;
2929007;species or below;21207;21207;11;11;
318842;species or below;22478;22478;11;11;
2495751;species or below;19838;19838;11;11;
2847103;species or below;21196;21196;11;11;
2793799;species or below;23192;23192;11;11;
1573761;species or below;22030;22030;11;11;
1573760;species or below;20481;20481;11;11;
1272961;species or below;22537;22537;11;11;
1620892;species or below;22968;22968;11;11;
932699;species or below;20637;20637;11;11;
932700;species or below;20893;20893;11;11;
2560016;species or below;21405;21405;11;11;
1756186;species or below;20761;20761;11;11;
2733252;genus;11;11;1;1;
2010277;species or below;21590;21590;11;11;
1406950;species or below;35982;35982;21;21;
2040592;species or below;20354;20354;11;11;
2027352;species or below;19972;19972;11;11;
2684265;species or below;22678;22678;11;11;
2733253;genus;4;4;1;1;
1272962;species or below;23018;23018;11;11;
1272952;species or below;20676;20676;11;11;
1620896;species or below;21336;21336;11;11;
2733254;genus;267;267;1;1;
864696;species or below;21909;21909;11;11;
1569259;species or below;20101;20101;11;11;
1272945;species or below;21750;21750;11;11;
2315722;species or below;19184;19184;11;11;
2686073;species or below;20792;20792;11;11;
864694;species or below;20153;20153;11;11;
864698;species or below;22988;22988;11;11;
380436;species or below;21819;21819;11;11;
1272948;species or below;21718;21718;11;11;
864692;species or below;22678;22678;11;11;
380432;species or below;24102;24102;11;11;
864695;species or below;19591;19591;11;11;
1802938;species or below;21590;21590;11;11;
2704630;species or below;20677;20677;11;11;
2571313;species or below;20722;20722;11;11;
2598784;species or below;23881;23881;11;11;
2772344;species or below;20733;20733;11;11;
3071315;species or below;21285;21285;11;11;
1736767;species or below;20510;20510;11;11;
3070917;species or below;19977;19977;11;11;
2767265;species or below;19501;19501;11;11;
2813545;species or below;22778;22778;11;11;
2839003;species or below;19716;19716;11;11;
1985706;species or below;19821;19821;11;11;
2364291;species or below;21947;21947;11;11;
2676436;species or below;22942;22942;11;11;
2051550;species or below;20237;20237;11;11;
1168550;species or below;21512;21512;11;11;
758677;species or below;20607;20607;11;11;
2487100;species or below;22545;22545;11;11;
2654367;species or below;24745;24745;11;11;
2448906;species or below;23849;23849;11;11;
2448907;species or below;22318;22318;11;11;
2713499;species or below;20798;20798;11;11;
2813287;species or below;23741;23741;11;11;
3071215;species or below;23826;23826;11;11;
2730538;species or below;21873;21873;11;11;
2805917;species or below;20576;20576;11;11;
2793721;species or below;21355;21355;11;11;
2793722;species or below;22545;22545;11;11;
3070198;species or below;21531;21531;11;11;
2793728;species or below;22940;22940;11;11;
2801326;species or below;19763;19763;11;11;
2793733;species or below;21900;21900;11;11;
3070916;species or below;21405;21405;11;11;
2793742;species or below;21224;21224;11;11;
2793743;species or below;22657;22657;11;11;
2851934;species or below;42519;42519;21;21;
2793725;species or below;43203;43203;21;21;
2946038;species or below;42256;42256;21;21;
2793730;species or below;42579;42579;21;21;
2793732;species or below;45033;45033;21;21;
2793737;species or below;21591;21591;11;11;
2812030;species or below;40884;40884;21;21;
3071325;species or below;40771;40771;21;21;
1913605;genus;101;101;1;1;
1980624;species or below;43175;43175;21;21;
1956177;species or below;46938;46938;21;21;
2733245;genus;7;7;1;1;
2497337;species or below;22048;22048;11;11;
1905830;species or below;21935;21935;11;11;
2152660;species or below;21060;21060;11;11;
195060;species or below;23153;23153;11;11;
2829853;species or below;20899;20899;11;11;
2721273;species or below;21211;21211;11;11;
2793719;species or below;23698;23698;11;11;
2912606;species or below;22258;22258;11;11;
2733248;genus;19;19;1;1;
2518374;species or below;20701;20701;11;11;
2079521;species or below;20745;20745;11;11;
2358214;species or below;21922;21922;11;11;
2563012;species or below;20501;20501;11;11;
2813288;species or below;20040;20040;11;11;
2793723;species or below;22115;22115;11;11;
2903266;species or below;22216;22220;11;11;
2793738;species or below;22000;22000;11;11;
2793739;species or below;21164;21164;11;11;
2847825;species or below;21745;21745;11;11;
2116536;species or below;24117;24117;11;11;
2079605;species or below;21659;21659;11;11;
2817571;species or below;21103;21103;11;11;
2116489;species or below;21188;21188;11;11;
2596788;species or below;22329;22329;11;11;
2776145;species or below;24547;24547;11;11;
2652327;species or below;23251;23251;11;11;
2886229;species or below;22019;22019;11;11;
2905620;species or below;21724;21724;11;11;
2842686;genus;5;5;1;1;
2746371;species or below;22290;22290;11;11;
2306079;species or below;23603;23603;11;11;
2789450;species or below;18875;18875;11;11;
2018499;species or below;22505;22505;11;11;
2810811;species or below;20854;20854;11;11;
1883068;genus;89;89;1;1;
2692022;species or below;22359;22359;11;11;
2587546;species or below;21284;21284;11;11;
2692009;species or below;24266;24266;11;11;
2306887;species or below;22277;22277;11;11;
1719048;species or below;20368;20368;11;11;
1719049;species or below;21438;21438;11;11;
2587551;species or below;23007;23007;11;11;
2735938;species or below;25089;25089;11;11;
2735939;species or below;20672;20672;11;11;
2755404;species or below;22525;22525;11;11;
2921215;species or below;19458;19458;11;11;
2824522;species or below;21137;21137;11;11;
2824525;species or below;21906;21906;11;11;
2928187;species or below;20261;20261;11;11;
2732257;species or below;23190;23190;11;11;
2768771;species or below;20932;20932;11;11;
2803971;species or below;20554;20554;11;11;
2731253;species or below;19319;19319;11;11;
1719050;species or below;22016;22016;11;11;
3071284;species or below;22294;22294;11;11;
2735940;species or below;21082;21082;11;11;
2547430;species or below;19895;19895;11;11;
2827439;species or below;22599;22599;11;11;
2842949;genus;40933;40933;13;13;
2587550;species or below;21389;21389;11;11;
2692013;species or below;22073;22073;11;11;
2587552;species or below;22662;22662;11;11;
2692016;species or below;21736;21736;11;11;
2692017;species or below;21026;21026;11;11;
2692018;species or below;22462;22462;11;11;
2692021;species or below;21703;21703;11;11;
2692015;species or below;63;63;3;3;
2170547;species or below;21926;21926;11;11;
2692019;species or below;22657;22657;11;11;
2737064;species or below;239;239;7;7;
2737072;species or below;22566;22566;11;11;
2737073;species or below;20151;20151;11;11;
2838328;species or below;24012;24012;11;11;
2651942;species or below;21044;21044;11;11;
1719051;species or below;23510;23510;11;11;
2692020;species or below;21183;21183;11;11;
2737068;species or below;23250;23250;11;11;
2709746;species or below;22826;22826;11;11;
2080823;species or below;22174;22174;11;11;
2814367;species or below;20631;20631;11;11;
1608074;species or below;21831;21831;11;11;
2010272;species or below;20510;20510;11;11;
2661622;species or below;21251;21251;11;11;
1903427;species or below;21187;21187;11;11;
2230910;species or below;21616;21616;11;11;
2546225;species or below;21223;21223;11;11;
2546224;species or below;20797;20797;11;11;
2792596;species or below;21881;21881;11;11;
2684266;species or below;21308;21308;11;11;
2746375;species or below;22771;22771;11;11;
1923190;species or below;21164;21164;11;11;
1923192;species or below;20962;20962;11;11;
1923189;species or below;20853;20853;11;11;
2740120;species or below;19220;19220;11;11;
2945982;species or below;20873;20873;11;11;
2788723;null;5;5;1;1;
2905564;species or below;22939;22939;11;11;
2905565;species or below;22591;22591;11;11;
2905566;species or below;21166;21166;11;11;
2905567;species or below;22265;22265;11;11;
2905569;species or below;20252;20252;11;11;
2905570;species or below;23047;23047;11;11;
2905571;species or below;20305;20305;11;11;
2848910;species or below;21591;21591;11;11;
2848909;species or below;23721;23721;11;11;
2948669;genus;17;17;1;1;
2746356;species or below;20504;20504;11;11;
2796600;species or below;21700;21700;11;11;
2746353;species or below;20504;20504;11;11;
2792566;species or below;19852;19852;11;11;
2746357;species or below;19484;19484;11;11;
2746355;species or below;20606;20606;11;11;
2746352;species or below;20077;20077;11;11;
2792565;species or below;19194;19194;11;11;
2259786;species or below;23580;23580;11;11;
2613795;species or below;21197;21197;11;11;
2792567;species or below;21570;21570;11;11;
2840017;species or below;21843;21843;11;11;
2840018;species or below;22196;22196;11;11;
2809160;species or below;20910;20910;11;11;
2507291;genus;3;3;1;1;
2599622;species or below;22404;22404;11;11;
2714894;species or below;21145;21145;11;11;
2485870;species or below;21269;21269;11;11;
2678334;species or below;22689;22689;11;11;
2968921;species or below;20829;20829;11;11;
2830721;species or below;53881;53881;31;31;
1608092;species or below;45526;45526;21;21;
2842620;genus;33371;33371;1;1;
2304485;species or below;2285;2285;11;11;
2304484;species or below;7789;7789;11;11;
2849726;species or below;37593;37593;21;21;
2847850;species or below;19981;19981;11;11;
2079604;species or below;21254;21254;11;11;
2968923;species or below;21908;21908;11;11;
2848006;species or below;21812;21812;11;11;
2848005;species or below;21427;21427;11;11;
2847181;species or below;22706;22706;11;11;
2116490;species or below;21949;21949;11;11;
2116492;species or below;22832;22832;11;11;
2789449;species or below;21205;21205;11;11;
2553070;species or below;22908;22908;11;11;
1608057;species or below;40073;40073;21;21;
2973796;species or below;21188;21188;11;11;
2973798;species or below;22642;22642;11;11;
2973795;species or below;22575;22575;11;11;
2973797;species or below;22683;22683;11;11;
2689325;species or below;20841;20841;11;11;
2600345;species or below;19732;19732;11;11;
2847797;species or below;24260;24260;11;11;
2847798;species or below;22444;22444;11;11;
1931096;species or below;22329;22329;11;11;
2482723;species or below;20934;20934;11;11;
2879396;species or below;20963;20963;11;11;
2879398;species or below;21098;21098;11;11;
2879399;species or below;22233;22233;11;11;
2847847;species or below;22345;22345;11;11;
1980410;null;203;203;1;1;
11617;null;4;4;1;1;
2824520;species or below;65508;65508;31;31;
1653394;genus;479;484;1;1;
2847047;species or below;43022;43022;21;21;
3070199;species or below;41388;41388;21;21;
3070923;species or below;44734;44734;21;21;
3052303;species or below;45602;45602;21;21;
2847814;species or below;44334;44334;21;21;
2201415;species or below;44231;44231;21;21;
3052330;species or below;6;1;2;1;
2267561;species or below;42278;42278;21;21;
2169607;genus;1698;1698;1;1;
2848071;species or below;64700;64700;31;31;
2447916;species or below;47145;47145;21;21;
2847049;species or below;43781;43781;21;21;
2447920;species or below;40947;40947;21;21;
2447921;species or below;42246;42246;21;21;
3070918;species or below;44744;44744;21;21;
2970745;species or below;45076;45076;21;21;
2587489;species or below;58815;58815;31;31;
675845;genus;630;630;1;1;
2507689;species or below;117592;117592;71;71;
2872811;species or below;69111;69111;41;41;
2099567;species or below;42565;42565;21;21;
2660760;species or below;72252;72252;41;41;
3070201;species or below;68602;68602;41;41;
2681381;species or below;71177;71177;41;41;
2843907;species or below;37696;37696;21;21;
2843908;species or below;39632;39632;21;21;
2595002;species or below;55626;55626;31;31;
2719116;species or below;69075;69075;41;41;
2175800;species or below;39988;39988;21;21;
2603627;species or below;53848;53848;31;31;
2483037;species or below;40409;40409;21;21;
2778521;species or below;85889;85889;51;51;
2746510;species or below;56263;56263;31;31;
2742449;species or below;37700;37700;21;21;
2798807;species or below;70449;70449;41;41;
2812031;species or below;54755;54755;31;31;
1980413;null;11;11;1;1;
3051403;species or below;62579;62579;31;31;
2116434;species or below;22431;22431;11;11;
2116436;species or below;20165;20165;11;11;
2116435;species or below;21699;21699;11;11;
2116438;species or below;22190;22190;11;11;
1980442;genus;637;637;1;1;
3052493;species or below;60113;60113;31;31;
3052494;species or below;42280;42280;21;21;
3052499;species or below;59511;59511;31;31;
3052500;species or below;42037;42037;21;21;
1268011;species or below;23774;23774;11;11;
1744961;species or below;42548;42548;21;21;
2847821;species or below;59476;59476;31;31;
1303862;species or below;58907;58907;31;31;
2116437;species or below;23641;23641;11;11;
1980415;null;445;445;1;1;
1980517;genus;115802;115802;40;40;
2304647;species or below;43883;43883;21;21;
2795181;species or below;59390;59390;31;31;
248058;species or below;59267;59267;31;31;
248059;species or below;61906;61906;31;31;
498356;species or below;59394;59394;31;31;
2059308;species or below;58875;58875;31;31;
248060;species or below;62767;62767;31;31;
1977074;species or below;58313;58313;31;31;
2170057;species or below;60322;60322;31;31;
1714376;species or below;60698;60698;31;31;
1453408;species or below;54894;54894;31;31;
1810945;species or below;2021;2021;11;11;
487050;species or below;55984;55984;31;31;
2737675;species or below;41954;41954;21;21;
2849717;species or below;56576;56576;31;31;
248056;species or below;41932;41932;21;21;
1810952;species or below;2081;2081;12;12;
426791;species or below;59349;59349;31;31;
3052538;species or below;43982;43982;21;21;
1810947;species or below;64958;64958;31;31;
2811963;species or below;56380;56380;31;31;
2825847;species or below;57245;57245;31;31;
1971396;species or below;44312;44312;21;21;
3118717;species or below;61379;61379;31;31;
1526514;species or below;43651;43651;21;21;
1608143;species or below;63718;63718;31;31;
1980416;null;239;239;1;1;
11572;genus;7939;7939;1;1;
35308;species or below;41605;41605;21;21;
611708;species or below;39931;39931;21;21;
35307;species or below;45158;45158;21;21;
2748212;species or below;42708;42708;21;21;
2748232;species or below;43393;43393;21;21;
2748201;species or below;44543;44543;21;21;
1642852;species or below;44782;44782;21;21;
2303487;species or below;40827;40827;21;21;
1927813;species or below;43307;43307;21;21;
334520;species or below;44589;44589;21;21;
3052368;species or below;152;152;1;1;
35516;species or below;39522;39522;21;21;
2036703;species or below;45093;45093;21;21;
3052370;species or below;46;46;1;1;
35309;species or below;43885;43885;21;21;
442713;species or below;48315;48315;21;21;
2748196;species or below;44063;44063;21;21;
2748198;species or below;41709;41709;21;21;
611709;species or below;43199;43199;21;21;
1927814;species or below;41504;41504;21;21;
2748206;species or below;43160;43160;21;21;
2748208;species or below;42986;42986;21;21;
2849744;species or below;41624;41624;21;21;
348014;species or below;39782;39782;21;21;
3052380;species or below;11310;11310;1;1;
1590834;species or below;31096;31096;21;21;
3052381;species or below;39;39;1;1;
80937;species or below;42532;42532;21;21;
273359;species or below;42398;42398;21;21;
1501396;species or below;45521;45521;21;21;
2748203;species or below;44773;44773;21;21;
2748204;species or below;46383;46383;21;21;
2748205;species or below;43235;43235;21;21;
35305;species or below;41430;41430;21;21;
159143;species or below;46722;46722;21;21;
1764076;species or below;44689;44689;21;21;
80938;species or below;44343;44343;21;21;
11580;species or below;41264;41264;21;21;
11577;species or below;43675;43675;21;21;
273352;species or below;44667;44667;21;21;
11575;species or below;41632;41632;21;21;
1763623;species or below;42978;42978;21;21;
159139;species or below;40995;40995;21;21;
3052418;species or below;208;208;1;1;
348009;species or below;40550;40550;21;21;
348010;species or below;44233;44233;21;21;
1678229;species or below;45696;45696;21;21;
35315;species or below;41297;41297;21;21;
1590835;species or below;47469;47469;21;21;
442712;species or below;41381;41381;21;21;
1027632;species or below;44914;44914;21;21;
1383888;species or below;45127;45127;21;21;
2303490;species or below;42755;42755;21;21;
45270;species or below;42946;42946;21;21;
3052449;species or below;46278;46278;21;21;
2748233;species or below;41769;41769;21;21;
2496585;species or below;41510;41510;21;21;
3052452;species or below;44708;44708;21;21;
552554;species or below;40916;40916;21;21;
2656737;species or below;38665;38665;21;21;
2609058;species or below;44981;44981;21;21;
2304618;species or below;41896;41896;21;21;
2818228;species or below;41634;41634;21;21;
159137;species or below;41352;41352;21;21;
1819306;species or below;42926;42926;21;21;
2544873;species or below;42254;42254;21;21;
2748254;species or below;45118;45118;21;21;
2748244;species or below;41151;41151;21;21;
2748249;species or below;42915;42915;21;21;
2748250;species or below;44594;44594;21;21;
2748241;species or below;42836;42836;21;21;
2560198;genus;58;58;1;1;
2572766;species or below;43034;43034;21;21;
629728;species or below;44574;44574;21;21;
1538456;species or below;43899;43899;21;21;
1471047;species or below;46227;46227;21;21;
2609059;species or below;43525;43525;21;21;
2594110;species or below;46435;46435;21;21;
1980538;genus;13;13;1;1;
2546222;species or below;58682;58682;31;31;
2800906;species or below;57265;57265;31;31;
2689366;species or below;59133;59133;31;31;
3070912;species or below;41817;41817;21;21;
2800927;species or below;57970;57970;31;31;
2847799;species or below;57154;57154;31;31;
2746309;species or below;52476;52476;31;31;
2010276;species or below;58120;58120;31;31;
2602116;species or below;60777;60777;31;31;
2847800;species or below;59364;59364;31;31;
2905464;species or below;57069;57069;31;31;
2905465;species or below;64919;64919;31;31;
2501995;genus;82;82;1;1;
2746303;species or below;57799;57799;31;31;
2789453;species or below;60745;60745;31;31;
2689370;species or below;60284;60284;31;31;
1608061;species or below;58790;58790;31;31;
2842749;genus;203;203;1;1;
2847801;species or below;56708;56708;31;31;
2847802;species or below;56181;56181;31;31;
2716551;species or below;45394;45394;21;21;
1980418;null;52;52;1;1;
11584;genus;8587;8587;1;1;
1977075;species or below;21814;21814;11;11;
2835654;species or below;55498;55498;31;31;
1725367;species or below;58447;58447;31;31;
629726;species or below;58663;58663;31;31;
904698;species or below;59069;59069;31;31;
2846448;species or below;60835;60835;31;31;
2559114;species or below;58561;58561;31;31;
2767007;species or below;57118;57118;31;31;
206377;species or below;65181;65181;31;31;
904679;species or below;63007;63007;31;31;
629730;species or below;61218;61218;31;31;
1649830;species or below;61005;61005;31;31;
629727;species or below;61620;61620;31;31;
2848418;species or below;66944;66944;31;31;
1649829;species or below;60150;60150;31;31;
206376;species or below;59381;59381;31;31;
1764087;species or below;59620;59620;31;31;
1006585;species or below;61595;61595;31;31;
1000646;species or below;59989;59989;31;31;
2767008;species or below;60815;60815;31;31;
2847279;species or below;63402;63402;31;31;
629736;species or below;56873;56873;31;31;
2559110;species or below;57936;57936;31;31;
1460451;species or below;60875;60875;31;31;
426790;species or below;61145;61145;31;31;
655689;species or below;58222;58222;31;31;
629735;species or below;59102;59102;31;31;
1006586;species or below;59171;59171;31;31;
415382;species or below;62571;62571;31;31;
2767009;species or below;58008;58008;31;31;
2847826;species or below;61710;61710;31;31;
1004889;species or below;59095;59095;31;31;
391640;species or below;53450;53450;31;31;
1775957;species or below;63315;63315;31;31;
2559111;species or below;58249;58249;31;31;
206160;species or below;60650;60650;31;31;
629739;species or below;59198;59198;31;31;
2569589;species or below;56108;56108;31;31;
1048855;species or below;61750;61750;31;31;
655691;species or below;58117;58117;31;31;
2182586;species or below;41257;41257;21;21;
2559112;species or below;62752;62752;31;31;
2721854;species or below;58033;58033;31;31;
2767010;species or below;60400;60400;31;31;
693015;species or below;57855;57855;31;31;
629740;species or below;56505;56505;31;31;
1416745;species or below;62973;62973;31;31;
904699;species or below;60297;60297;31;31;
427316;species or below;59046;59046;31;31;
206161;species or below;46282;46282;21;21;
629737;species or below;61737;61737;31;31;
1055750;species or below;60091;60091;31;31;
2661631;species or below;79716;79716;41;41;
2984167;species or below;36651;36651;21;21;
2984168;species or below;41211;41211;21;21;
1980421;genus;111;111;1;1;
2607734;species or below;41456;41456;21;21;
2755152;species or below;43569;43569;21;21;
2755159;species or below;37830;37830;21;21;
2810810;species or below;53506;53506;31;31;
2689367;species or below;40724;40724;21;21;
2769516;species or below;55485;55485;31;31;
2600347;species or below;35677;35677;21;21;
2716181;genus;56;56;1;1;
2034156;species or below;40223;40223;21;21;
2034157;species or below;43197;43197;21;21;
2484986;species or below;39061;39061;21;21;
2716183;species or below;35971;35971;21;21;
2894929;species or below;41178;41178;21;21;
2560166;genus;819;819;1;1;
2716184;species or below;40574;40574;21;21;
2716185;species or below;41788;41788;21;21;
2755145;species or below;57311;57311;31;31;
2836297;species or below;17116;17116;11;11;
2733256;genus;26;26;1;1;
1457386;species or below;59924;59924;31;31;
1216928;species or below;59419;59419;31;31;
2847813;species or below;59644;59644;31;31;
3071326;species or below;58763;58763;31;31;
2086640;species or below;43787;43787;21;21;
2733258;genus;19;19;1;1;
1526521;species or below;42377;42377;21;21;
1844920;species or below;21997;21997;11;11;
2034330;species or below;39689;39689;21;21;
2547431;species or below;44115;44115;21;21;
2733260;genus;91;91;1;1;
2164102;species or below;37184;37184;21;21;
2164103;species or below;52688;52688;31;31;
2601259;species or below;21848;21848;11;11;
2601258;species or below;51594;51594;31;31;
2734594;genus;173;173;1;1;
2847048;species or below;38095;38095;21;21;
2874031;species or below;59087;59087;31;31;
1608046;species or below;38060;38060;21;21;
487098;species or below;56051;56051;31;31;
1608056;species or below;38339;38339;21;21;
487097;species or below;61471;61471;31;31;
1531287;species or below;60994;60994;31;31;
2848001;species or below;59139;59139;31;31;
1564099;species or below;56379;56379;31;31;
1608084;species or below;38484;38484;21;21;
2748235;species or below;56831;56831;31;31;
1010668;species or below;60432;60432;31;31;
1608145;species or below;36992;36992;21;21;
2576944;species or below;44081;44081;21;21;
2599343;species or below;42203;42203;21;21;
1980419;null;38;38;1;1;
2560196;genus;1092;1092;1;1;
693450;species or below;63011;63011;31;31;
1629551;species or below;42858;42858;21;21;
309542;species or below;64089;64089;31;31;
980895;species or below;66040;66040;31;31;
2736661;species or below;63394;63394;31;31;
304859;species or below;63705;63705;31;31;
12851;species or below;22023;22023;11;11;
2912878;species or below;39976;39976;21;21;
2508256;genus;268;268;1;1;
2847074;species or below;58607;58607;31;31;
2849698;species or below;44054;44054;21;21;
1859148;species or below;21760;21760;11;11;
2587545;species or below;38881;38881;21;21;
2737680;species or below;37749;37749;21;21;
2689127;species or below;38013;38013;21;21;
2185132;species or below;24168;24168;11;11;
2485920;species or below;37664;37664;21;21;
1827005;species or below;20314;20314;11;11;
3071304;species or below;20546;20546;11;11;
1618189;species or below;69745;69745;41;41;
1027466;species or below;70185;70185;41;41;
1927799;species or below;85111;85111;51;51;
2654565;species or below;69969;69969;41;41;
1428581;species or below;84580;84580;51;51;
1299308;genus;99;99;1;1;
688437;species or below;89273;89273;51;51;
352236;species or below;87952;87952;51;51;
688438;species or below;90588;90588;51;51;
1204161;species or below;91463;91463;51;51;
1954184;species or below;88224;88224;51;51;
2732827;species or below;89663;89663;51;51;
1923465;species or below;86368;86368;41;41;
2689364;species or below;90043;90043;41;41;
2682569;species or below;89174;89174;41;41;
2560100;genus;12;12;1;1;
1405299;species or below;85837;85837;41;41;
2164061;species or below;82791;82791;41;41;
254946;species or below;109896;109896;51;51;
2587540;species or below;84417;84417;41;41;
2587541;species or below;88234;88234;41;41;
2936613;species or below;60307;60307;31;31;
2867550;species or below;78697;78697;41;41;
1929964;species or below;78728;78728;41;41;
273810;species or below;20823;20823;11;11;
38170;species or below;137096;137096;71;71;
226613;species or below;139375;139375;71;71;
538123;species or below;3289;3289;1;1;
10886;species or below;117203;117203;61;61;
10911;genus;11;11;1;1;
2290890;species or below;191129;191129;101;101;
2039230;species or below;149524;149524;81;81;
2014339;species or below;192582;192582;101;101;
10988;genus;3528;3528;1;1;
10989;species or below;190016;190016;101;101;
249184;null;113;113;1;1;
12051;genus;22;22;1;1;
2713208;species or below;22737;22737;11;11;
12148;genus;7;7;1;1;
2304463;species or below;20928;20928;11;11;
2073044;species or below;20152;20152;11;11;
2086641;species or below;19667;19667;11;11;
2597175;species or below;21922;21922;11;11;
2086642;species or below;23476;23476;11;11;
2683043;species or below;19843;19843;11;11;
1417304;species or below;18166;18166;11;11;
2510428;species or below;21488;21488;11;11;
2586645;species or below;19594;19594;11;11;
2843917;species or below;22737;22737;11;11;
742819;species or below;15555;15555;11;11;
675068;null;11;11;1;1;
2683823;species or below;21720;21720;11;11;
1914297;null;6;6;1;1;
12163;genus;87;87;1;1;
2600160;species or below;20047;20047;11;11;
2600161;species or below;19018;19018;11;11;
2764701;species or below;21314;21314;11;11;
2777710;species or below;19444;19444;11;11;
2248769;species or below;19745;19745;11;11;
2716617;species or below;21241;21241;11;11;
3071214;species or below;18894;18894;11;11;
2650000;species or below;22276;22276;11;11;
2796532;species or below;21967;21967;11;11;
2586033;species or below;21460;21460;11;11;
2838076;species or below;19158;19158;11;11;
2838077;species or below;23701;23701;11;11;
2763538;species or below;22742;22742;11;11;
2791164;species or below;20247;20247;11;11;
2108357;species or below;24050;24050;11;11;
2754817;species or below;20412;20412;11;11;
3071210;species or below;23764;23764;11;11;
3071279;species or below;23202;23202;11;11;
40276;genus;119;119;1;1;
2597809;species or below;20568;20568;11;11;
2705123;species or below;21201;21201;11;11;
2358294;species or below;23770;23770;11;11;
2605718;species or below;20289;20289;11;11;
2283237;species or below;24023;24023;11;11;
2805380;species or below;22653;22653;11;11;
2763129;species or below;22026;22026;11;11;
2562808;species or below;18849;18849;11;11;
2606569;species or below;21597;21597;11;11;
2913660;species or below;22408;22408;11;11;
11040;genus;9;9;1;1;
11041;species or below;21589;21589;11;11;
2652755;species or below;20468;20468;11;11;
2652756;species or below;18914;18914;11;11;
1216472;species or below;41776;41776;21;21;
1678143;species or below;65351;69166;31;31;
1678145;species or below;21996;21996;11;11;
11019;genus;548;548;1;1;
11029;species or below;19206;19206;11;11;
11036;species or below;19644;19644;11;11;
11039;species or below;22451;22451;11;11;
1440170;species or below;20853;20853;11;11;
2169701;species or below;20746;20746;11;11;
2499242;species or below;22487;22487;11;11;
413970;genus;1345;1345;1;1;
2741672;species or below;58050;58050;31;31;
2093224;species or below;20863;20863;11;11;
2491018;species or below;22227;22227;11;11;
2771210;species or below;21831;21831;11;11;
1425365;species or below;19514;19514;11;11;
2664236;species or below;22747;22747;11;11;
1945738;species or below;20628;20628;11;11;
1807787;species or below;20102;20102;11;11;
675070;genus;111;111;1;1;
2809748;species or below;42103;42103;21;21;
989895;species or below;44314;44314;21;21;
2921792;species or below;41554;41554;21;21;
2921791;species or below;47134;47134;21;21;
3071295;species or below;45192;45192;21;21;
2762435;species or below;81678;81678;41;41;
2497338;species or below;38564;38564;21;21;
11095;genus;113;113;1;1;
63426;genus;3;3;1;1;
31657;species or below;23641;23641;11;11;
2050021;species or below;40511;40511;21;21;
3052619;species or below;681;681;1;1;
31656;species or below;19176;19176;11;11;
54315;species or below;20381;20381;11;11;
2653709;species or below;22147;22147;11;11;
2713211;species or below;23017;23017;11;11;
2487338;species or below;20723;20723;11;11;
1354498;species or below;20871;20871;11;11;
3052610;species or below;17314;17314;11;11;
39734;genus;11;11;1;1;
2518104;species or below;21810;21810;11;11;
2560077;null;49;49;1;1;
186457;genus;131;131;1;1;
2304214;species or below;21301;21301;11;11;
1883104;species or below;21421;21421;11;11;
2293881;species or below;20892;20892;11;11;
1960887;species or below;23656;23656;11;11;
2560614;species or below;19683;19683;11;11;
2734354;species or below;22773;22773;11;11;
1921556;genus;3225;3225;1;1;
1041806;species or below;23102;23102;11;11;
1041831;species or below;16790;16790;11;11;
2732407;null;111;111;1;1;
2587225;species or below;44110;44110;21;21;
2732892;null;23408;23408;1;1;
1136061;species or below;19600;19600;11;11;
2948686;genus;22353;22353;1;1;
2587539;species or below;22406;22406;11;11;
2080457;species or below;22707;22707;11;11;
2080450;species or below;20294;20294;11;11;
2760745;species or below;22647;22647;11;11;
1491780;species or below;19365;19365;11;11;
2080458;species or below;20891;20891;11;11;
2805863;species or below;18547;18547;11;11;
2080459;species or below;20211;20211;11;11;
2587536;species or below;25660;25660;11;11;
2364128;species or below;20423;20423;11;11;
1521172;species or below;23559;23559;11;11;
2603543;species or below;41141;41141;21;21;
2080461;species or below;19214;19214;11;11;
2587538;species or below;21452;21452;11;11;
2497444;species or below;21443;21443;11;11;
348094;species or below;19368;19368;11;11;
348095;species or below;20418;20418;11;11;
1387983;species or below;21396;21396;11;11;
348096;species or below;13641;13641;11;11;
2080462;species or below;20021;20021;11;11;
2080463;species or below;20502;20502;11;11;
1561961;species or below;20455;20455;11;11;
2599414;species or below;21751;21751;11;11;
2599416;species or below;22075;22075;11;11;
2599417;species or below;20314;20314;11;11;
2599418;species or below;23143;23143;11;11;
2599422;species or below;22281;22281;11;11;
2599423;species or below;21566;21566;11;11;
2599425;species or below;22520;22520;11;11;
217362;species or below;16021;16021;11;11;
1859166;species or below;12762;12762;11;11;
1279099;species or below;18263;18263;11;11;
1435446;species or below;19581;19581;11;11;
2080464;species or below;21065;21065;11;11;
1387984;species or below;19956;19956;11;11;
1964428;species or below;20804;20804;11;11;
2596746;species or below;21229;21229;11;11;
1461368;species or below;2750;2750;11;11;
2598975;species or below;21388;21388;11;11;
2599421;species or below;22009;22009;11;11;
2720486;species or below;19789;19789;11;11;
1092459;species or below;20752;20752;11;11;
2948940;genus;11443;11443;1;1;
1945739;species or below;18476;18476;11;11;
1676469;species or below;20209;20209;11;11;
2767013;species or below;19731;19731;11;11;
2557974;species or below;20846;20846;11;11;
2557975;species or below;19446;19446;11;11;
2557976;species or below;20932;20932;11;11;
2557977;species or below;20489;20489;11;11;
2557978;species or below;19264;19264;11;11;
2557979;species or below;19012;19012;11;11;
2557980;species or below;17147;17147;11;11;
2557981;species or below;19809;19809;11;11;
2716759;species or below;18092;18092;11;11;
1452530;species or below;18317;18317;11;11;
1459667;species or below;14877;14877;11;11;
2710874;species or below;18533;18533;11;11;
2793953;species or below;18627;18627;11;11;
204819;species or below;14817;14817;11;11;
2603542;species or below;20965;20965;11;11;
233046;species or below;20274;20274;11;11;
1564031;species or below;37775;37775;21;21;
2497445;species or below;20967;20967;11;11;
2501658;species or below;19001;19001;11;11;
1859165;species or below;15124;15124;11;11;
1133727;species or below;19865;19865;11;11;
1279100;species or below;19194;19194;11;11;
1435447;species or below;22301;22301;11;11;
2560063;null;3187;3187;1;1;
2587564;species or below;19875;19875;11;11;
2587565;species or below;20545;20545;11;11;
2794960;species or below;19966;19966;11;11;
2560105;genus;15889;15889;1;1;
1708390;species or below;19667;19667;11;11;
2587555;species or below;22310;22310;11;11;
2231774;species or below;12751;12751;11;11;
2735954;species or below;20572;20572;11;11;
2686498;species or below;19593;19593;11;11;
2735945;species or below;20788;20788;11;11;
2686527;species or below;19529;19529;11;11;
2735947;species or below;22557;22557;11;11;
2686529;species or below;20953;20953;11;11;
2735948;species or below;19506;19506;11;11;
2686530;species or below;20806;20806;11;11;
2735950;species or below;19400;19400;11;11;
2686555;species or below;18636;18636;11;11;
2735946;species or below;20582;20582;11;11;
2686528;species or below;19906;19906;11;11;
2735951;species or below;21143;21143;11;11;
2735949;species or below;11877;11877;11;11;
2686533;species or below;19387;19387;11;11;
2816840;species or below;19935;19935;11;11;
2912894;species or below;20452;20452;11;11;
2912895;species or below;21245;21245;11;11;
2560172;genus;11132;11132;1;1;
1708387;species or below;36437;36437;21;21;
2587557;species or below;22077;22077;11;11;
2587558;species or below;23234;23234;11;11;
2587559;species or below;19777;19777;11;11;
2599960;species or below;21158;21158;11;11;
2485924;species or below;20573;20573;11;11;
2587561;species or below;20998;20998;11;11;
2735956;species or below;23007;23007;11;11;
2741644;species or below;17549;17549;11;11;
2686520;species or below;20186;20186;11;11;
2735957;species or below;18135;18135;11;11;
2741645;species or below;19359;19359;11;11;
2686531;species or below;20961;20961;11;11;
2686553;species or below;18889;18889;11;11;
2686564;species or below;20909;20909;11;11;
2686478;species or below;21030;21030;11;11;
2686493;species or below;18309;18309;11;11;
2686542;species or below;18794;18794;11;11;
2686480;species or below;19285;19285;11;11;
2686492;species or below;18011;18011;11;11;
2686494;species or below;18916;18916;11;11;
2686481;species or below;20814;20814;11;11;
2686482;species or below;21260;21260;11;11;
2709320;species or below;20745;20745;11;11;
2686483;species or below;18432;18432;11;11;
2686484;species or below;19565;19565;11;11;
2686495;species or below;19585;19585;11;11;
2686486;species or below;18255;18255;11;11;
2686488;species or below;19862;19862;11;11;
2686497;species or below;19920;19920;11;11;
2686489;species or below;19959;19959;11;11;
2686490;species or below;19944;19944;11;11;
2686491;species or below;20307;20307;11;11;
2686479;species or below;19816;19816;11;11;
2686505;species or below;18860;18860;11;11;
2686485;species or below;19382;19382;11;11;
2686477;species or below;19106;19106;11;11;
2904972;species or below;19450;19450;11;11;
2827438;species or below;21710;21710;11;11;
2789855;species or below;18988;18988;11;11;
2560226;genus;15510;15510;1;1;
1708389;species or below;21944;21944;11;11;
2291942;species or below;20625;20625;11;11;
2686514;species or below;21499;21499;11;11;
2686516;species or below;21867;21867;11;11;
2686534;species or below;20616;20616;11;11;
2686535;species or below;19223;19223;11;11;
2686540;species or below;17877;17877;11;11;
2686517;species or below;19262;19262;11;11;
2686543;species or below;19981;19981;11;11;
2686544;species or below;20134;20134;11;11;
2686545;species or below;20324;20324;11;11;
2686546;species or below;18466;18466;11;11;
2686547;species or below;19012;19012;11;11;
2769355;species or below;17948;17948;11;11;
2686549;species or below;18778;18778;11;11;
2686550;species or below;17819;17819;11;11;
2686551;species or below;18714;18714;11;11;
2686552;species or below;13443;13443;11;11;
2686541;species or below;21187;21187;11;11;
2686548;species or below;13607;13607;11;11;
2686538;species or below;19308;19308;11;11;
2909736;species or below;17870;17870;11;11;
2816839;species or below;20734;20734;11;11;
2601608;species or below;21361;21361;11;11;
2842950;genus;21972;21972;1;1;
2501288;species or below;20585;20585;11;11;
2587556;species or below;20468;20468;11;11;
2600101;species or below;19942;19942;11;11;
2587563;species or below;22598;22598;11;11;
2587554;species or below;18326;18326;11;11;
2587560;species or below;22747;22747;11;11;
2718722;species or below;19907;19907;11;11;
2291940;species or below;20459;20459;11;11;
2697494;species or below;20699;20699;11;11;
2735943;species or below;20403;20403;11;11;
2686556;species or below;21810;21810;11;11;
2735952;species or below;17919;17919;11;11;
2686557;species or below;18299;18299;11;11;
2686559;species or below;19601;19601;11;11;
2686561;species or below;18151;18151;11;11;
2686563;species or below;20002;20002;11;11;
2735953;species or below;19036;19036;11;11;
2686558;species or below;19464;19464;11;11;
2686566;species or below;19611;19611;11;11;
2741646;species or below;20896;20896;11;11;
2709319;species or below;20998;20998;11;11;
2686565;species or below;19971;19971;11;11;
2686562;species or below;19488;19488;11;11;
2741801;species or below;20071;20071;11;11;
2755482;species or below;20011;20011;11;11;
2843005;genus;251;251;1;1;
2599428;species or below;22261;22261;11;11;
2599429;species or below;20825;20825;11;11;
2599430;species or below;22291;22291;11;11;
2946822;genus;40448;40448;1;1;
2086648;species or below;23318;23318;11;11;
2587562;species or below;2123;2123;11;11;
2686476;species or below;1909;1909;11;11;
2686487;species or below;20989;20989;11;11;
2686523;species or below;20102;20102;11;11;
2686524;species or below;22437;22437;11;11;
2686526;species or below;22607;22607;11;11;
2686509;species or below;20925;20925;11;11;
2686532;species or below;19324;19324;11;11;
2686525;species or below;19161;19161;11;11;
2599431;species or below;23115;23115;11;11;
2827437;species or below;19431;19431;11;11;
2946826;genus;1512;1512;1;1;
2291941;species or below;15518;15518;11;11;
2686503;species or below;20094;20094;11;11;
2686504;species or below;19183;19183;11;11;
2735944;species or below;19906;19906;11;11;
2686507;species or below;20518;20518;11;11;
2686508;species or below;18386;18386;11;11;
2686511;species or below;19130;19130;11;11;
2686506;species or below;18996;18996;11;11;
2686513;species or below;17668;17668;11;11;
2686518;species or below;19928;19928;11;11;
2686522;species or below;19090;19090;11;11;
2686539;species or below;20314;20314;11;11;
2686512;species or below;18267;18267;11;11;
2686510;species or below;18521;18521;11;11;
2948676;genus;181;181;1;1;
2686536;species or below;21085;21085;11;11;
2686554;species or below;21991;21991;11;11;
2735955;species or below;22431;22431;11;11;
2686515;species or below;21689;21689;11;11;
2755484;species or below;18407;18407;11;11;
2686519;species or below;19317;19317;11;11;
2686521;species or below;19757;19757;11;11;
2755483;species or below;20441;20441;11;11;
2842243;null;858;858;1;1;
2842247;null;192;192;1;1;
2842314;null;315;315;1;1;
2786140;species or below;21047;21047;11;11;
2786253;species or below;20693;20693;11;11;
2786707;species or below;21127;21127;11;11;
2786643;species or below;20535;20535;11;11;
2786400;species or below;20423;20423;11;11;
2786422;species or below;21166;21166;11;11;
2786003;species or below;22163;22163;11;11;
2786439;species or below;19684;19684;11;11;
2786338;species or below;23347;23347;11;11;
2786185;species or below;20643;20643;11;11;
2786663;species or below;21371;21371;11;11;
2786272;species or below;21270;21270;11;11;
2786493;species or below;20908;20908;11;11;
2786529;species or below;21628;21628;11;11;
2842659;genus;224;224;1;1;
2786255;species or below;21539;21539;11;11;
2786137;species or below;22952;22952;11;11;
2786157;species or below;22039;22039;11;11;
2786447;species or below;21723;21723;11;11;
2786735;species or below;19847;19847;11;11;
2786825;species or below;22774;22774;11;11;
2786484;species or below;21261;21261;11;11;
2786671;species or below;21098;21098;11;11;
2786440;species or below;21315;21315;11;11;
2786250;species or below;21569;21569;11;11;
2842750;genus;145;145;1;1;
2786065;species or below;22231;22231;11;11;
2786081;species or below;21281;21281;11;11;
2786234;species or below;23192;23192;11;11;
2786225;species or below;19947;19947;11;11;
2786310;species or below;23495;23495;11;11;
2786818;species or below;21797;21797;11;11;
2786743;species or below;21581;21581;11;11;
2786520;species or below;21994;21994;11;11;
2786787;species or below;22640;22640;11;11;
2786387;species or below;19893;19893;11;11;
2786619;species or below;23750;23750;11;11;
2786734;species or below;20445;20445;11;11;
2786726;species or below;22888;22888;11;11;
2786476;species or below;21358;21358;11;11;
2786467;species or below;22900;22900;11;11;
2786396;species or below;22524;22524;11;11;
2786468;species or below;19639;19639;11;11;
2786553;species or below;20717;20717;11;11;
2786718;species or below;18706;18706;11;11;
2786135;species or below;19120;19120;11;11;
2842830;genus;1247;1247;1;1;
2786329;species or below;20719;20719;11;11;
2786831;species or below;21060;21060;11;11;
2786753;species or below;21480;21480;11;11;
2786083;species or below;22510;22510;11;11;
2786138;species or below;21885;21885;11;11;
2786631;species or below;22711;22711;11;11;
2786642;species or below;18543;18543;11;11;
2786281;species or below;22848;22848;11;11;
2786612;species or below;22501;22501;11;11;
2786659;species or below;21358;21358;11;11;
2786744;species or below;22386;22386;11;11;
2786732;species or below;20052;20052;11;11;
2786816;species or below;22553;22553;11;11;
2786074;species or below;20120;20120;11;11;
2786159;species or below;20362;20362;11;11;
2786183;species or below;19450;19450;11;11;
2842970;genus;40;40;1;1;
2786100;species or below;22654;22654;11;11;
2786819;species or below;19866;19866;11;11;
2786769;species or below;22480;22480;11;11;
2842994;genus;35;35;1;1;
2786001;species or below;23582;23582;11;11;
2786395;species or below;23711;23711;11;11;
2786538;species or below;21131;21131;11;11;
2786696;species or below;20786;20786;11;11;
2786738;species or below;22265;22265;11;11;
2786742;species or below;21502;21502;11;11;
2842998;genus;394;394;1;1;
2786423;species or below;23245;23245;11;11;
2786459;species or below;21900;21900;11;11;
2786547;species or below;21693;21693;11;11;
2786680;species or below;21106;21106;11;11;
2786031;species or below;19451;19451;11;11;
2786363;species or below;21093;21093;11;11;
2786779;species or below;20507;20507;11;11;
2786849;species or below;21213;21213;11;11;
2786301;species or below;21608;21608;11;11;
2786133;species or below;22793;22793;11;11;
2786145;species or below;20299;20299;11;11;
2786618;species or below;20488;20488;11;11;
2786806;species or below;22799;22799;11;11;
2786276;species or below;22339;22339;11;11;
2786733;species or below;24042;24042;11;11;
2786418;species or below;20743;20743;11;11;
2786725;species or below;20196;20196;11;11;
2786539;species or below;22777;22777;11;11;
2786407;species or below;19432;19432;11;11;
2786111;species or below;21004;21004;11;11;
2786102;species or below;23391;23391;11;11;
2786119;species or below;20035;20035;11;11;
2786478;species or below;21902;21902;11;11;
2786720;species or below;19416;19416;11;11;
2786620;species or below;20539;20539;11;11;
2786531;species or below;20549;20549;11;11;
2786427;species or below;23155;23155;11;11;
2842319;null;1009;1009;1;1;
2785996;species or below;22442;22442;11;11;
2786101;species or below;21643;21643;11;11;
2786317;species or below;22584;22584;11;11;
2786700;species or below;20567;20567;11;11;
2786063;species or below;20651;20651;11;11;
2786768;species or below;20341;20341;11;11;
2786215;species or below;23526;23526;11;11;
2786302;species or below;21548;21548;11;11;
2786024;species or below;20788;20788;11;11;
2786473;species or below;21123;21123;11;11;
2786537;species or below;22125;22125;11;11;
2786748;species or below;23930;23930;11;11;
2786408;species or below;20996;20996;11;11;
2786098;species or below;21438;21438;11;11;
2786548;species or below;19755;19755;11;11;
2786667;species or below;21278;21278;11;11;
2786652;species or below;22116;22116;11;11;
2786485;species or below;20049;20049;11;11;
2786479;species or below;20710;20710;11;11;
2786686;species or below;21827;21827;11;11;
2786673;species or below;18706;18706;11;11;
2786555;species or below;21112;21112;11;11;
2842559;genus;57;57;1;1;
2786515;species or below;23086;23086;11;11;
2786559;species or below;20328;20328;11;11;
2786562;species or below;21868;21868;11;11;
2786571;species or below;20815;20815;11;11;
2786384;species or below;21899;21899;11;11;
2786492;species or below;22163;22163;11;11;
2842571;genus;20;20;1;1;
2786480;species or below;20401;20401;11;11;
2786578;species or below;21694;21694;11;11;
2786579;species or below;21601;21601;11;11;
2786580;species or below;20395;20395;11;11;
2786633;species or below;20306;20306;11;11;
2786005;species or below;19567;19567;11;11;
2786815;species or below;21783;21783;11;11;
2786054;species or below;22387;22387;11;11;
2786560;species or below;22084;22084;11;11;
2786139;species or below;20330;20330;11;11;
2786441;species or below;21053;21053;11;11;
2786366;species or below;20596;20596;11;11;
2842581;genus;179;179;1;1;
2786233;species or below;23412;23412;11;11;
2786107;species or below;21820;21820;11;11;
2786411;species or below;19836;19836;11;11;
2786648;species or below;21068;21068;11;11;
2786649;species or below;20520;20520;11;11;
2786517;species or below;20440;20440;11;11;
2785985;species or below;23714;23714;11;11;
2842592;genus;89;89;1;1;
2786240;species or below;19425;19425;11;11;
2786290;species or below;22711;22711;11;11;
2786308;species or below;20764;20764;11;11;
2786378;species or below;20538;20538;11;11;
2786432;species or below;22230;22230;11;11;
2786668;species or below;18525;18525;11;11;
2786570;species or below;21448;21448;11;11;
2786655;species or below;21664;21664;11;11;
2786630;species or below;21942;21942;11;11;
2786444;species or below;23763;23763;11;11;
2842614;genus;211;211;1;1;
2786109;species or below;22070;22070;11;11;
2786068;species or below;21845;21845;11;11;
2786171;species or below;22072;22072;11;11;
2786210;species or below;20479;20479;11;11;
2786211;species or below;22482;22482;11;11;
2786244;species or below;20666;20666;11;11;
2786372;species or below;19453;19453;11;11;
2786371;species or below;22816;22816;11;11;
2786781;species or below;21966;21966;11;11;
2786821;species or below;21471;21471;11;11;
2785993;species or below;20629;20629;11;11;
2786605;species or below;21898;21898;11;11;
2785986;species or below;20967;20967;11;11;
2786628;species or below;21000;21000;11;11;
2786388;species or below;21460;21460;11;11;
2786431;species or below;22967;22967;11;11;
2786412;species or below;20025;20025;11;11;
2786699;species or below;19939;19939;11;11;
2786313;species or below;21418;21418;11;11;
2786554;species or below;23180;23180;11;11;
2786315;species or below;22455;22455;11;11;
2786162;species or below;20194;20194;11;11;
2786379;species or below;20873;20873;11;11;
2786757;species or below;22785;22785;11;11;
2785997;species or below;23334;23334;11;11;
2842664;genus;101;101;1;1;
2785989;species or below;22274;22274;11;11;
2786704;species or below;20013;20013;11;11;
2785991;species or below;20251;20251;11;11;
2786513;species or below;21550;21550;11;11;
2786415;species or below;20187;20187;11;11;
2786540;species or below;19695;19695;11;11;
2786563;species or below;21013;21013;11;11;
2786401;species or below;22562;22562;11;11;
2786506;species or below;20891;20891;11;11;
2786110;species or below;21164;21164;11;11;
2786750;species or below;19999;19999;11;11;
2786386;species or below;22733;22733;11;11;
2786113;species or below;22381;22381;11;11;
2786414;species or below;20854;20854;11;11;
2786691;species or below;21005;21005;11;11;
2786624;species or below;23533;23533;11;11;
2786218;species or below;22437;22437;11;11;
2786573;species or below;20515;20515;11;11;
2786574;species or below;20821;20821;11;11;
2786708;species or below;21448;21448;11;11;
2786749;species or below;20933;20933;11;11;
2786657;species or below;19921;19921;11;11;
2842756;genus;895;895;1;1;
2786614;species or below;20282;20282;11;11;
2786706;species or below;22860;22860;11;11;
2842759;genus;19;19;1;1;
2786730;species or below;23858;23858;11;11;
2786745;species or below;20991;20991;11;11;
2786488;species or below;21334;21334;11;11;
2786722;species or below;20302;20302;11;11;
2786006;species or below;22345;22345;11;11;
2786557;species or below;18852;18852;11;11;
2842780;genus;85;85;1;1;
2786409;species or below;20430;20430;11;11;
2786566;species or below;21504;21504;11;11;
2786486;species or below;21097;21097;11;11;
2786572;species or below;23335;23335;11;11;
2786702;species or below;21946;21946;11;11;
2786627;species or below;19768;19768;11;11;
2786519;species or below;23599;23599;11;11;
2786584;species or below;21144;21144;11;11;
2786613;species or below;21970;21970;11;11;
2786568;species or below;20295;20295;11;11;
2786453;species or below;21538;21538;11;11;
2786004;species or below;21239;21239;11;11;
2786536;species or below;23066;23066;11;11;
2786433;species or below;19417;19417;11;11;
2786604;species or below;20184;20184;11;11;
2786417;species or below;22078;22078;11;11;
2786556;species or below;20196;20196;11;11;
2786059;species or below;20429;20429;11;11;
2786199;species or below;24286;24286;11;11;
2786232;species or below;22563;22563;11;11;
2786535;species or below;22431;22431;11;11;
2786705;species or below;21252;21252;11;11;
2786416;species or below;21174;21174;11;11;
2786296;species or below;23192;23192;11;11;
2786549;species or below;23335;23335;11;11;
2786410;species or below;21621;21621;11;11;
2786002;species or below;20966;20966;11;11;
2786012;species or below;22336;22336;11;11;
2786518;species or below;23207;23207;11;11;
2786504;species or below;20188;20188;11;11;
2842867;genus;333;333;1;1;
2786048;species or below;22576;22576;11;11;
2786071;species or below;20678;20678;11;11;
2786497;species or below;19896;19896;11;11;
2786607;species or below;21543;21543;11;11;
2786664;species or below;21450;21450;11;11;
2786292;species or below;22844;22844;11;11;
2786809;species or below;20286;20286;11;11;
2786299;species or below;20365;20365;11;11;
2842872;genus;231;231;1;1;
2786665;species or below;21800;21800;11;11;
2786697;species or below;24866;24866;11;11;
2786428;species or below;20710;20710;11;11;
2786632;species or below;22040;22040;11;11;
2786727;species or below;24707;24707;11;11;
2842883;genus;196;196;1;1;
2786606;species or below;23371;23371;11;11;
2786099;species or below;19975;19975;11;11;
2786173;species or below;20471;20471;11;11;
2786184;species or below;20999;20999;11;11;
2786789;species or below;20780;20780;11;11;
2786811;species or below;20324;20324;11;11;
2786577;species or below;21345;21345;11;11;
2786575;species or below;19568;19568;11;11;
2786455;species or below;19813;19813;11;11;
2786583;species or below;24113;24113;11;11;
2786608;species or below;20914;20914;11;11;
2842895;genus;183;183;1;1;
2786615;species or below;20850;20850;11;11;
2786182;species or below;18794;18794;11;11;
2786844;species or below;19872;19872;11;11;
2786477;species or below;19848;19848;11;11;
2786689;species or below;19439;19439;11;11;
2842907;genus;256;256;1;1;
2786399;species or below;20952;20952;11;11;
2786403;species or below;21349;21349;11;11;
2786151;species or below;22061;22061;11;11;
2786202;species or below;21910;21910;11;11;
2786581;species or below;23651;23651;11;11;
2786690;species or below;22865;22865;11;11;
2786392;species or below;20603;20603;11;11;
2786625;species or below;23001;23001;11;11;
2786703;species or below;23180;23180;11;11;
2786647;species or below;20552;20552;11;11;
2785984;species or below;21908;21908;11;11;
2786646;species or below;22306;22306;11;11;
2842932;genus;3974;3974;1;1;
2786336;species or below;22177;22177;11;11;
2786170;species or below;20827;20827;11;11;
2786087;species or below;22590;22590;11;11;
2786204;species or below;20401;20401;11;11;
2786242;species or below;21266;21266;11;11;
2786251;species or below;20840;20840;11;11;
2786380;species or below;21832;21832;11;11;
2786475;species or below;23939;23939;11;11;
2786398;species or below;21341;21341;11;11;
2786454;species or below;19151;19151;11;11;
2786533;species or below;21591;21591;11;11;
2848094;species or below;22144;22144;11;11;
2786381;species or below;20705;20705;11;11;
2786090;species or below;22371;22371;11;11;
2786227;species or below;21523;21523;11;11;
2786334;species or below;21436;21436;11;11;
2786354;species or below;21146;21146;11;11;
2785994;species or below;21973;21973;11;11;
2842960;genus;115;115;1;1;
2786445;species or below;20349;20349;11;11;
2786567;species or below;22055;22055;11;11;
2786452;species or below;20429;20429;11;11;
2786471;species or below;20971;20971;11;11;
2786622;species or below;22736;22736;11;11;
2786736;species or below;23314;23314;11;11;
2842968;genus;609;609;1;1;
2786144;species or below;22581;22581;11;11;
2786808;species or below;20755;20755;11;11;
2786771;species or below;21151;21151;11;11;
2786514;species or below;20979;20979;11;11;
2786072;species or below;19506;19506;11;11;
2786498;species or below;25558;25558;11;11;
2785983;species or below;21253;21253;11;11;
2842978;genus;278;278;1;1;
2786047;species or below;22602;22602;11;11;
2786056;species or below;22022;22022;11;11;
2786055;species or below;22672;22672;11;11;
2786246;species or below;20957;20957;11;11;
2786268;species or below;20877;20877;11;11;
2786320;species or below;21639;21639;11;11;
2786746;species or below;22859;22859;11;11;
2786332;species or below;24668;24668;11;11;
2786626;species or below;21114;21114;11;11;
2842997;genus;113;113;1;1;
2786073;species or below;21139;21139;11;11;
2786030;species or below;21135;21135;11;11;
2786180;species or below;21090;21090;11;11;
2786161;species or below;23195;23195;11;11;
2786278;species or below;21429;21429;11;11;
2786391;species or below;19178;19178;11;11;
2786489;species or below;22020;22020;11;11;
2786523;species or below;20169;20169;11;11;
2786654;species or below;21935;21935;11;11;
2786112;species or below;21425;21425;11;11;
2786516;species or below;22922;22922;11;11;
2786669;species or below;20010;20010;11;11;
2786472;species or below;23404;23404;11;11;
2786724;species or below;20305;20305;11;11;
2786181;species or below;22338;22338;11;11;
2843039;genus;174;174;1;1;
2786397;species or below;21168;21168;11;11;
2786534;species or below;23080;23080;11;11;
2786623;species or below;20524;20524;11;11;
2786672;species or below;21643;21643;11;11;
2786569;species or below;22024;22024;11;11;
2786582;species or below;22561;22561;11;11;
2786616;species or below;23430;23430;11;11;
2786487;species or below;21959;21959;11;11;
2786558;species or below;22418;22418;11;11;
2786666;species or below;23087;23087;11;11;
2786685;species or below;21309;21309;11;11;
2786252;species or below;24095;24095;11;11;
2786259;species or below;22318;22318;11;11;
2786778;species or below;21847;21847;11;11;
2786653;species or below;21109;21109;11;11;
2786010;species or below;22241;22241;11;11;
2786683;species or below;22592;22592;11;11;
2786413;species or below;23929;23929;11;11;
2786621;species or below;19744;19744;11;11;
2786280;species or below;20594;20594;11;11;
2786015;species or below;22784;22784;11;11;
2786089;species or below;22430;22430;11;11;
2786446;species or below;22495;22495;11;11;
2786521;species or below;22466;22466;11;11;
2786402;species or below;22032;22032;11;11;
2786728;species or below;24002;24002;11;11;
2786674;species or below;22336;22336;11;11;
2786023;species or below;20866;20866;11;11;
2786701;species or below;21241;21241;11;11;
2786747;species or below;24622;24622;11;11;
2786451;species or below;20385;20385;11;11;
2786532;species or below;23003;23003;11;11;
2843120;genus;312;312;1;1;
2786512;species or below;19693;19693;11;11;
2786684;species or below;21675;21675;11;11;
2786053;species or below;20096;20096;11;11;
2786152;species or below;20931;20931;11;11;
2786352;species or below;20885;20885;11;11;
2786282;species or below;21802;21802;11;11;
2786429;species or below;20754;20754;11;11;
2785995;species or below;20221;20221;11;11;
2786541;species or below;20896;20896;11;11;
2786522;species or below;18923;18923;11;11;
2786390;species or below;21941;21941;11;11;
2786656;species or below;23155;23155;11;11;
2786709;species or below;20601;20601;11;11;
2786737;species or below;22113;22113;11;11;
2786710;species or below;22044;22044;11;11;
2786470;species or below;21821;21821;11;11;
2786688;species or below;23251;23251;11;11;
2786723;species or below;22946;22946;11;11;
2786122;species or below;21037;21037;11;11;
2027243;species or below;66691;66691;31;31;
2786435;species or below;19905;19905;11;11;
2786658;species or below;20206;20206;11;11;
2786634;species or below;21120;21120;11;11;
2786636;species or below;19830;19830;11;11;
2786482;species or below;22119;22119;11;11;
2786637;species or below;22167;22167;11;11;
2786525;species or below;23266;23266;11;11;
2786635;species or below;22432;22432;11;11;
2786499;species or below;20024;20024;11;11;
2786382;species or below;20216;20216;11;11;
2786638;species or below;22751;22751;11;11;
2786164;species or below;21952;21952;11;11;
2786236;species or below;22990;22990;11;11;
2786834;species or below;21923;21923;11;11;
2786297;species or below;21683;21683;11;11;
2786385;species or below;23279;23279;11;11;
2786588;species or below;23528;23528;11;11;
2842871;genus;345;345;1;1;
2786551;species or below;22678;22678;11;11;
2786564;species or below;23236;23236;11;11;
2786586;species or below;19756;19756;11;11;
2786474;species or below;20229;20229;11;11;
2786629;species or below;21040;21040;11;11;
2786434;species or below;20002;20002;11;11;
2786508;species or below;20865;20865;11;11;
2786353;species or below;19231;19231;11;11;
2786175;species or below;21304;21304;11;11;
2786585;species or below;23757;23757;11;11;
2786383;species or below;19517;19517;11;11;
2786524;species or below;22919;22919;11;11;
2786550;species or below;20713;20713;11;11;
2786000;species or below;21617;21617;11;11;
2842249;null;23;23;1;1;
2785992;species or below;21174;21174;11;11;
2786426;species or below;22149;22149;11;11;
2786270;species or below;22024;22024;11;11;
2786650;species or below;23487;23487;11;11;
2786587;species or below;20239;20239;11;11;
2786425;species or below;22358;22358;11;11;
2785990;species or below;22681;22681;11;11;
2786507;species or below;22464;22464;11;11;
2785988;species or below;20452;20452;11;11;
2786695;species or below;23096;23096;11;11;
2786576;species or below;21952;21952;11;11;
2786603;species or below;20420;20420;11;11;
2786719;species or below;21382;21382;11;11;
2786469;species or below;21413;21413;11;11;
2786503;species or below;20717;20717;11;11;
2786682;species or below;21544;21544;11;11;
2786644;species or below;20185;20185;11;11;
2786561;species or below;20405;20405;11;11;
2785987;species or below;20989;20989;11;11;
2786062;species or below;20133;20133;11;11;
2786404;species or below;21341;21341;11;11;
2786765;species or below;21612;21612;11;11;
2842933;genus;31;31;1;1;
2786355;species or below;21045;21045;11;11;
2786424;species or below;22608;22608;11;11;
2786681;species or below;21757;21757;11;11;
2786530;species or below;20590;20590;11;11;
2786267;species or below;20401;20401;11;11;
2786598;species or below;20214;20214;11;11;
2786601;species or below;19760;19760;11;11;
2786694;species or below;21381;21381;11;11;
2786008;species or below;20284;20284;11;11;
2786565;species or below;21748;21748;11;11;
2786645;species or below;19742;19742;11;11;
2786602;species or below;21726;21726;11;11;
2842332;null;27985;27985;1;1;
2786461;species or below;19326;19326;11;11;
2786254;species or below;21915;21915;11;11;
2786838;species or below;22631;22631;11;11;
2786817;species or below;21350;21350;11;11;
2786104;species or below;21725;21725;11;11;
2786600;species or below;21964;21964;11;11;
2842364;genus;979;979;1;1;
2786340;species or below;20449;20449;11;11;
2786820;species or below;19472;19472;11;11;
2786762;species or below;19667;19667;11;11;
2786828;species or below;20992;20992;11;11;
2786430;species or below;20974;20974;11;11;
2786450;species or below;21985;21985;11;11;
2786495;species or below;22839;22839;11;11;
2786717;species or below;23178;23178;11;11;
2786014;species or below;18499;18499;11;11;
2786261;species or below;21268;21268;11;11;
2786335;species or below;20668;20668;11;11;
2786347;species or below;19452;19452;11;11;
2786221;species or below;21420;21420;11;11;
2786463;species or below;20825;20825;11;11;
2842385;genus;325;325;1;1;
2786034;species or below;22749;22749;11;11;
2786045;species or below;21470;21470;11;11;
2786131;species or below;21369;21369;11;11;
2786217;species or below;20294;20294;11;11;
2786216;species or below;18780;18780;11;11;
2786295;species or below;22153;22153;11;11;
2786751;species or below;23350;23350;11;11;
2786752;species or below;23774;23774;11;11;
2786777;species or below;21472;21472;11;11;
2786850;species or below;19847;19847;11;11;
2842387;genus;101;101;1;1;
2786066;species or below;19162;19162;11;11;
2786346;species or below;25226;25226;11;11;
2786679;species or below;19759;19759;11;11;
2786670;species or below;22076;22076;11;11;
2786437;species or below;22465;22465;11;11;
2786443;species or below;21963;21963;11;11;
2786491;species or below;22056;22056;11;11;
2786731;species or below;19949;19949;11;11;
2786458;species or below;20106;20106;11;11;
2786755;species or below;20957;20957;11;11;
2786419;species or below;20839;20839;11;11;
2786249;species or below;21124;21124;11;11;
2786019;species or below;21441;21441;11;11;
2786127;species or below;21986;21986;11;11;
2786091;species or below;20547;20547;11;11;
2786511;species or below;23520;23520;11;11;
2786286;species or below;22213;22213;11;11;
2786830;species or below;20823;20823;11;11;
2786079;species or below;20332;20332;11;11;
2786772;species or below;20908;20908;11;11;
2785999;species or below;21728;21728;11;11;
2842621;genus;171;171;1;1;
2786035;species or below;21704;21704;11;11;
2786337;species or below;22028;22028;11;11;
2786344;species or below;20803;20803;11;11;
2786339;species or below;20224;20224;11;11;
2786774;species or below;21317;21317;11;11;
2786790;species or below;23285;23285;11;11;
2786739;species or below;23737;23737;11;11;
2786365;species or below;20981;20981;11;11;
2786436;species or below;22765;22765;11;11;
2786345;species or below;20947;20947;11;11;
2786228;species or below;21282;21282;11;11;
2786793;species or below;21053;21053;11;11;
2786759;species or below;22861;22861;11;11;
2786740;species or below;21403;21403;11;11;
2786341;species or below;22123;22123;11;11;
2786729;species or below;20661;20661;11;11;
2786839;species or below;23312;23312;11;11;
2786420;species or below;21342;21342;11;11;
2786641;species or below;19593;19593;11;11;
2786494;species or below;21082;21082;11;11;
2786617;species or below;21319;21319;11;11;
2786609;species or below;22434;22434;11;11;
2786394;species or below;22790;22790;11;11;
2786049;species or below;22929;22929;11;11;
2786595;species or below;20457;20457;11;11;
2786121;species or below;22356;22356;11;11;
2786333;species or below;23400;23400;11;11;
2786405;species or below;21919;21919;11;11;
2842710;genus;24430;24430;1;1;
2786794;species or below;21442;21442;11;11;
2786803;species or below;22405;22405;11;11;
2786800;species or below;20990;20990;11;11;
2786810;species or below;20616;20616;11;11;
2786812;species or below;18996;18996;11;11;
2786833;species or below;20821;20821;11;11;
2786134;species or below;20679;20679;11;11;
2786153;species or below;21512;21512;11;11;
2786148;species or below;20177;20177;11;11;
2786154;species or below;22550;22550;11;11;
2786155;species or below;23118;23118;11;11;
2786160;species or below;21414;21414;11;11;
2786610;species or below;22212;22212;11;11;
2786836;species or below;19562;19562;11;11;
2786840;species or below;22834;22834;11;11;
2786837;species or below;20090;20090;11;11;
2786845;species or below;21842;21842;11;11;
2786847;species or below;20920;20920;11;11;
2786848;species or below;21834;21834;11;11;
2786269;species or below;21249;21249;11;11;
2786273;species or below;17856;17856;11;11;
2786271;species or below;21689;21689;11;11;
2786277;species or below;20627;20627;11;11;
2786285;species or below;21427;21427;11;11;
2786291;species or below;23583;23583;11;11;
2786165;species or below;20847;20847;11;11;
2786174;species or below;21420;21420;11;11;
2786169;species or below;21577;21577;11;11;
2786177;species or below;23492;23492;11;11;
2786186;species or below;22746;22746;11;11;
2786188;species or below;21917;21917;11;11;
2786303;species or below;20840;20840;11;11;
2786304;species or below;22147;22147;11;11;
2786305;species or below;19389;19389;11;11;
2786306;species or below;21820;21820;11;11;
2786307;species or below;20377;20377;11;11;
2786309;species or below;21120;21120;11;11;
2786763;species or below;22177;22177;11;11;
2786775;species or below;18709;18709;11;11;
2786773;species or below;21693;21693;11;11;
2786785;species or below;20716;20716;11;11;
2786788;species or below;21725;21725;11;11;
2786791;species or below;22337;22337;11;11;
2786084;species or below;21048;21048;11;11;
2786082;species or below;22688;22688;11;11;
2786095;species or below;21841;21841;11;11;
2786103;species or below;18326;18326;11;11;
2786105;species or below;21537;21537;11;11;
2786108;species or below;21856;21856;11;11;
2786117;species or below;20150;20150;11;11;
2786114;species or below;24730;24730;11;11;
2786123;species or below;21410;21410;11;11;
2786129;species or below;19926;19926;11;11;
2786132;species or below;22270;22270;11;11;
2786060;species or below;18461;18461;11;11;
2786070;species or below;20068;20068;11;11;
2786061;species or below;17872;17872;11;11;
2786075;species or below;22051;22051;11;11;
2786077;species or below;23089;23089;11;11;
2786078;species or below;20219;20219;11;11;
2786021;species or below;20288;20288;11;11;
2786013;species or below;22013;22013;11;11;
2786025;species or below;19264;19264;11;11;
2786026;species or below;22593;22593;11;11;
2786032;species or below;20871;20871;11;11;
2786036;species or below;21368;21368;11;11;
2786044;species or below;22100;22100;11;11;
2786037;species or below;21230;21230;11;11;
2786050;species or below;20068;20068;11;11;
2786057;species or below;20690;20690;11;11;
2786058;species or below;20772;20772;11;11;
2786009;species or below;20276;20276;11;11;
2786190;species or below;18753;18753;11;11;
2786195;species or below;21554;21554;11;11;
2786191;species or below;20740;20740;11;11;
2786197;species or below;19988;19988;11;11;
2786219;species or below;21977;21977;11;11;
2786222;species or below;24034;24034;11;11;
2786226;species or below;21815;21815;11;11;
2786248;species or below;19892;19892;11;11;
2786241;species or below;19627;19627;11;11;
2786262;species or below;18502;18502;11;11;
2786264;species or below;21061;21061;11;11;
2786265;species or below;20735;20735;11;11;
2786326;species or below;23156;23156;11;11;
2786331;species or below;21360;21360;11;11;
2786328;species or below;22801;22801;11;11;
2786342;species or below;22549;22549;11;11;
2786343;species or below;22172;22172;11;11;
2786349;species or below;19725;19725;11;11;
2786356;species or below;20937;20937;11;11;
2786362;species or below;20414;20414;11;11;
2786360;species or below;20862;20862;11;11;
2786364;species or below;19756;19756;11;11;
2786758;species or below;19928;19928;11;11;
2786761;species or below;20719;20719;11;11;
2842714;genus;533;533;1;1;
2786126;species or below;21512;21512;11;11;
2786260;species or below;23192;23192;11;11;
2786208;species or below;22280;22280;11;11;
2786807;species or below;21379;21379;11;11;
2786827;species or below;23868;23868;11;11;
2786509;species or below;21785;21785;11;11;
2786510;species or below;19015;19015;11;11;
2786662;species or below;23707;23707;11;11;
2786594;species or below;21503;21503;11;11;
2842726;genus;55;55;1;1;
2786660;species or below;21737;21737;11;11;
2786676;species or below;22595;22595;11;11;
2786196;species or below;19780;19780;11;11;
2786038;species or below;19822;19822;11;11;
2842736;genus;1530;1530;1;1;
2786500;species or below;21614;21614;11;11;
2786011;species or below;19333;19333;11;11;
2786017;species or below;22271;22271;11;11;
2786080;species or below;19308;19308;11;11;
2786542;species or below;22050;22050;11;11;
2786115;species or below;21150;21150;11;11;
2786130;species or below;20653;20653;11;11;
2786124;species or below;20501;20501;11;11;
2786147;species or below;22745;22745;11;11;
2786193;species or below;22090;22090;11;11;
2786201;species or below;21308;21308;11;11;
2786247;species or below;20734;20734;11;11;
2786767;species or below;21812;21812;11;11;
2786289;species or below;20426;20426;11;11;
2786783;species or below;21396;21396;11;11;
2842740;genus;7848;7848;1;1;
2786156;species or below;20341;20341;11;11;
2786318;species or below;20579;20579;11;11;
2786187;species or below;24505;24505;11;11;
2786321;species or below;20275;20275;11;11;
2786368;species or below;20820;20820;11;11;
2786369;species or below;21097;21097;11;11;
2786754;species or below;21326;21326;11;11;
2786020;species or below;21617;21617;11;11;
2786039;species or below;22985;22985;11;11;
2786198;species or below;20300;20300;11;11;
2786460;species or below;21616;21616;11;11;
2786096;species or below;22700;22700;11;11;
2786141;species or below;21222;21222;11;11;
2786590;species or below;21392;21392;11;11;
2786466;species or below;19530;19530;11;11;
2786714;species or below;20618;20618;11;11;
2786611;species or below;23999;23999;11;11;
2786741;species or below;19998;19998;11;11;
2786245;species or below;21553;21553;11;11;
2786822;species or below;22325;22325;11;11;
2786829;species or below;17708;17708;11;11;
2786029;species or below;20839;20839;11;11;
2786097;species or below;21169;21169;11;11;
2786086;species or below;20695;20695;11;11;
2786142;species or below;23216;23216;11;11;
2786327;species or below;21803;21803;11;11;
2786330;species or below;21421;21421;11;11;
2786016;species or below;20805;20805;11;11;
2786716;species or below;19667;19667;11;11;
2786389;species or below;23822;23822;11;11;
2786678;species or below;23428;23428;11;11;
2786599;species or below;21427;21427;11;11;
2786502;species or below;22371;22371;11;11;
2786756;species or below;19503;19503;11;11;
2786033;species or below;20996;20996;11;11;
2786046;species or below;21408;21408;11;11;
2786235;species or below;20993;20993;11;11;
2786374;species or below;20430;20430;11;11;
2786799;species or below;20655;20655;11;11;
2786782;species or below;18486;18486;11;11;
2786546;species or below;19952;19952;11;11;
2842826;genus;1382;1382;1;1;
2786438;species or below;20185;20185;11;11;
2786456;species or below;21869;21869;11;11;
2786166;species or below;21201;21201;11;11;
2786370;species or below;21614;21614;11;11;
2786796;species or below;24185;24185;11;11;
2786592;species or below;22315;22315;11;11;
2786552;species or below;20253;20253;11;11;
2786316;species or below;20299;20299;11;11;
2786826;species or below;20466;20466;11;11;
2786792;species or below;20621;20621;11;11;
2786843;species or below;19659;19659;11;11;
2786528;species or below;20796;20796;11;11;
2786597;species or below;19500;19500;11;11;
2786640;species or below;21235;21235;11;11;
2786715;species or below;22830;22830;11;11;
2786814;species or below;21164;21164;11;11;
2786373;species or below;24323;24323;11;11;
2842875;genus;424;424;1;1;
2786052;species or below;21546;21546;11;11;
2786172;species or below;20934;20934;11;11;
2786051;species or below;21205;21205;11;11;
2842877;genus;572;572;1;1;
2786230;species or below;23173;23173;11;11;
2786348;species or below;23963;23963;11;11;
2786350;species or below;20402;20402;11;11;
2786351;species or below;21753;21753;11;11;
2786128;species or below;23529;23529;11;11;
2786490;species or below;22066;22066;11;11;
2786501;species or below;22004;22004;11;11;
2786543;species or below;21029;21029;11;11;
2786207;species or below;21224;21224;11;11;
2786194;species or below;20953;20953;11;11;
2786842;species or below;20788;20788;11;11;
2786231;species or below;20891;20891;11;11;
2842962;genus;199;199;1;1;
2786203;species or below;22777;22777;11;11;
2786220;species or below;20909;20909;11;11;
2786229;species or below;20786;20786;11;11;
2786464;species or below;21694;21694;11;11;
2786311;species or below;21416;21416;11;11;
2786804;species or below;21273;21273;11;11;
2842984;genus;888;888;1;1;
2786406;species or below;19578;19578;11;11;
2786483;species or below;19284;19284;11;11;
2786496;species or below;21480;21480;11;11;
2786596;species or below;20407;20407;11;11;
2786677;species or below;20743;20743;11;11;
2786802;species or below;22695;22695;11;11;
2786823;species or below;21190;21190;11;11;
2786120;species or below;22781;22781;11;11;
2842990;genus;4624;4624;1;1;
2786179;species or below;23135;23135;11;11;
2786256;species or below;19297;19297;11;11;
2786209;species or below;21878;21878;11;11;
2786274;species or below;21447;21447;11;11;
2786312;species or below;20167;20167;11;11;
2786314;species or below;20144;20144;11;11;
2786361;species or below;19793;19793;11;11;
2786367;species or below;20557;20557;11;11;
2786375;species or below;20514;20514;11;11;
2786770;species or below;21770;21770;11;11;
2786813;species or below;21053;21053;11;11;
2786835;species or below;20839;20839;11;11;
2786028;species or below;21794;21794;11;11;
2786069;species or below;21137;21137;11;11;
2786064;species or below;20753;20753;11;11;
2786094;species or below;20781;20781;11;11;
2786125;species or below;20601;20601;11;11;
2786176;species or below;22631;22631;11;11;
2786841;species or below;21211;21211;11;11;
2786527;species or below;22670;22670;11;11;
2786832;species or below;21916;21916;11;11;
2786192;species or below;25194;25194;11;11;
2786661;species or below;22535;22535;11;11;
2786150;species or below;21115;21115;11;11;
2786457;species or below;24711;24711;11;11;
2786764;species or below;20789;20789;11;11;
2786214;species or below;20716;20716;11;11;
2786481;species or below;22815;22815;11;11;
2786206;species or below;21271;21271;11;11;
2786287;species or below;22273;22273;11;11;
2786760;species or below;21406;21406;11;11;
2786505;species or below;22276;22276;11;11;
2786293;species or below;21912;21912;11;11;
2786713;species or below;20758;20758;11;11;
2843063;genus;39;39;1;1;
2786776;species or below;22390;22390;11;11;
2786784;species or below;22960;22960;11;11;
2786711;species or below;21105;21105;11;11;
2786797;species or below;18694;18694;11;11;
2786213;species or below;21880;21880;11;11;
2786212;species or below;23056;23056;11;11;
2786238;species or below;21120;21120;11;11;
2786393;species or below;20599;20599;11;11;
2786243;species or below;20916;20916;11;11;
2786257;species or below;22439;22439;11;11;
2786693;species or below;21287;21287;11;11;
2786465;species or below;24184;24184;11;11;
2786692;species or below;21606;21606;11;11;
2786462;species or below;20636;20636;11;11;
2786421;species or below;22818;22818;11;11;
2786448;species or below;21700;21700;11;11;
2786067;species or below;20079;20079;11;11;
2786106;species or below;20398;20398;11;11;
2843132;genus;1888;1888;1;1;
2786093;species or below;20610;20610;11;11;
2786143;species or below;21984;21984;11;11;
2786136;species or below;21954;21954;11;11;
2786146;species or below;20414;20414;11;11;
2786149;species or below;19001;19001;11;11;
2786158;species or below;20699;20699;11;11;
2786163;species or below;21109;21109;11;11;
2786167;species or below;24073;24073;11;11;
2786178;species or below;21290;21290;11;11;
2786223;species or below;22066;22066;11;11;
2786237;species or below;21666;21666;11;11;
2786239;species or below;21895;21895;11;11;
2786526;species or below;21377;21377;11;11;
2786544;species or below;21999;21999;11;11;
2786007;species or below;22298;22298;11;11;
2786545;species or below;20138;20138;11;11;
2786591;species or below;20375;20375;11;11;
2786639;species or below;23226;23226;11;11;
2786041;species or below;21798;21798;11;11;
2786085;species or below;19766;19766;11;11;
2786092;species or below;20340;20340;11;11;
2786263;species or below;19118;19118;11;11;
2786288;species or below;21836;21836;11;11;
2786275;species or below;22141;22141;11;11;
2786298;species or below;21299;21299;11;11;
2786319;species or below;22413;22413;11;11;
2786357;species or below;20355;20355;11;11;
2786795;species or below;21429;21429;11;11;
2786801;species or below;23143;23143;11;11;
2786798;species or below;22591;22591;11;11;
2786824;species or below;21194;21194;11;11;
2786846;species or below;22714;22714;11;11;
2786449;species or below;20572;20572;11;11;
2786712;species or below;23325;23325;11;11;
2786018;species or below;20984;20984;11;11;
2786022;species or below;21149;21149;11;11;
2786116;species or below;21237;21237;11;11;
3153200;genus;2206;2206;1;1;
2786189;species or below;19471;19471;11;11;
2786205;species or below;19888;19888;11;11;
2786200;species or below;24419;24419;11;11;
2786258;species or below;21890;21890;11;11;
2786266;species or below;19574;19574;11;11;
2786279;species or below;22935;22935;11;11;
2785998;species or below;20578;20578;11;11;
2786283;species or below;22882;22882;11;11;
2786284;species or below;23126;23126;11;11;
2786294;species or below;21252;21252;11;11;
2786300;species or below;20705;20705;11;11;
2786322;species or below;22004;22004;11;11;
2786323;species or below;21500;21500;11;11;
2786442;species or below;21882;21882;11;11;
2786593;species or below;22726;22726;11;11;
2786675;species or below;22087;22087;11;11;
2786027;species or below;20480;20480;11;11;
2786040;species or below;23022;23022;11;11;
2786042;species or below;21546;21546;11;11;
2786076;species or below;24415;24415;11;11;
2786043;species or below;22894;22894;11;11;
2786088;species or below;20057;20057;11;11;
2786118;species or below;20275;20275;11;11;
2786168;species or below;20415;20415;11;11;
2786324;species or below;20664;20664;11;11;
2786358;species or below;20476;20476;11;11;
2786325;species or below;20473;20473;11;11;
2786359;species or below;19758;19758;11;11;
2786780;species or below;20132;20132;11;11;
2786786;species or below;20332;20332;11;11;
2786805;species or below;20722;20722;11;11;
2786851;species or below;20639;20639;11;11;
2786651;species or below;23283;23283;11;11;
2786721;species or below;22414;22414;11;11;
2786698;species or below;19723;19723;11;11;
2786766;species or below;22714;22714;11;11;
2786224;species or below;22632;22632;11;11;
2786589;species or below;25255;25255;11;11;
2786687;species or below;22447;22447;11;11;
1511809;genus;131;131;1;1;
1115692;species or below;40009;40009;21;21;
39748;null;5;5;1;1;
2490812;species or below;22692;22692;11;11;
2490815;species or below;19501;19501;11;11;
2490816;species or below;20835;20835;11;11;
2490817;species or below;20814;20814;11;11;
2501271;species or below;20715;20715;11;11;
2501272;species or below;21412;21412;11;11;
2601605;species or below;21778;21778;11;11;
2511840;species or below;20195;20195;11;11;
2735925;species or below;21323;21323;11;11;
1284208;species or below;20310;20310;11;11;
2801155;species or below;21937;21937;11;11;
2741642;species or below;23723;23723;11;11;
2716764;species or below;21994;21994;11;11;
2501273;species or below;20483;20483;11;11;
2698666;species or below;24770;24770;11;11;
2664558;species or below;21815;21815;11;11;
2948699;genus;125;125;1;1;
1945747;species or below;22779;22779;11;11;
2086643;species or below;20054;20054;11;11;
1849538;species or below;24739;24739;11;11;
2492655;species or below;19226;19226;11;11;
2490813;species or below;23006;23006;11;11;
2490814;species or below;23997;23997;11;11;
2735927;species or below;21913;21913;11;11;
2599957;species or below;21229;21229;11;11;
1908380;species or below;22005;22005;11;11;
1423347;species or below;21874;21874;11;11;
1673646;species or below;35221;35221;21;21;
114871;species or below;20748;20748;11;11;
1945740;species or below;21955;21955;11;11;
2501216;species or below;20629;20629;11;11;
2732256;species or below;19809;19809;11;11;
2698667;species or below;20683;20683;11;11;
2735921;species or below;22127;22127;11;11;
2692088;species or below;22800;22800;11;11;
1708488;species or below;20977;20977;11;11;
1985188;species or below;22535;22535;11;11;
2501219;species or below;24015;24015;11;11;
2692087;species or below;20277;20277;11;11;
1945741;species or below;22622;22622;11;11;
2599955;species or below;20534;20534;11;11;
2490824;species or below;21008;21008;11;11;
2501220;species or below;22409;22409;11;11;
2490823;species or below;21161;21161;11;11;
2501222;species or below;23595;23595;11;11;
2946823;genus;406;406;1;1;
2735923;species or below;21951;21951;11;11;
2599954;species or below;22066;22066;11;11;
2715689;species or below;21946;21946;11;11;
2735919;species or below;20749;20749;11;11;
2501221;species or below;22201;22201;11;11;
2735920;species or below;22657;22657;11;11;
2776808;species or below;20926;20926;11;11;
2599953;species or below;22757;22757;11;11;
2778976;species or below;21008;21008;11;11;
2842929;genus;287;287;1;1;
980634;species or below;34972;34972;21;21;
1803570;species or below;38589;38589;21;21;
1803571;species or below;35098;35098;21;21;
1265605;species or below;34865;34865;21;21;
76803;null;127;127;1;1;
1806636;species or below;40929;40929;21;21;
2509513;genus;295;295;1;1;
2682610;species or below;21726;21726;11;11;
2116345;species or below;20653;20653;11;11;
1705352;species or below;20528;20528;11;11;
2116442;species or below;21156;21156;11;11;
2116440;species or below;23077;23077;11;11;
11118;null;923;865;1;1;
1508220;species or below;20842;20842;11;11;
2050018;species or below;21142;21200;11;11;
2501931;null;67;67;1;1;
693996;genus;549;549;1;1;
366617;genus;12;12;1;1;
1508228;species or below;23515;23515;11;11;
1906673;species or below;62836;62836;31;31;
2419667;species or below;43564;43564;21;21;
2509479;genus;134;134;1;1;
2691598;species or below;21066;21066;11;11;
2509503;genus;162;162;1;1;
2492658;species or below;19340;19340;11;11;
2586420;species or below;21646;21646;11;11;
1920748;species or below;19646;19646;11;11;
694002;genus;13;13;1;1;
2509481;genus;268;268;1;1;
694005;species or below;4817;4817;1;1;
11138;species or below;16613;16613;11;11;
2509511;genus;107;107;1;1;
694009;species or below;566;566;1;1;
2697049;species or below;19598;19598;11;11;
694013;genus;111;111;1;1;
2569586;species or below;23331;23331;11;11;
694014;species or below;1793;1793;1;1;
11120;species or below;21571;21571;11;11;
300188;species or below;21803;21803;11;11;
2050019;species or below;19476;19476;11;11;
2587487;species or below;21960;21960;11;11;
2819081;species or below;23394;23394;11;11;
2788946;species or below;22197;22197;11;11;
2767230;species or below;20603;20603;11;11;
2509395;species or below;20166;20166;11;11;
2509515;genus;143;143;1;1;
96029;species or below;20884;20884;11;11;
2783683;species or below;22665;22665;11;11;
11155;genus;718;718;1;1;
2116384;species or below;23045;23045;11;11;
2816848;species or below;22678;22678;11;11;
2116385;species or below;24228;24228;11;11;
2508244;genus;4;4;1;1;
2508248;genus;82;82;1;1;
2016400;species or below;24256;24256;11;11;
2301728;species or below;21568;21568;11;11;
2661817;species or below;62442;62442;31;31;
2806429;species or below;21084;21084;11;11;
2806430;species or below;22148;22148;11;11;
2116441;species or below;20431;20431;11;11;
2116443;species or below;22510;22510;11;11;
464095;null;19;19;1;1;
11974;null;567;567;1;1;
11978;species or below;20447;20447;11;11;
95342;species or below;2382;2382;1;1;
758863;species or below;19321;19321;11;11;
262897;null;20657;20657;11;11;
889389;species or below;23103;23103;11;11;
12058;null;2583;2583;1;1;
1530251;species or below;23160;23160;11;11;
2563826;species or below;20541;20541;11;11;
2509152;species or below;20177;20177;11;11;
2946627;null;5;5;1;1;
12103;genus;69;69;1;1;
2870386;species or below;21084;21084;11;11;
2870373;species or below;23232;23232;11;11;
118140;species or below;20757;20757;11;11;
2161809;species or below;21430;21430;11;11;
1196647;species or below;23864;23864;11;11;
1564115;species or below;44795;44795;21;21;
2016447;species or below;20029;20029;11;11;
1780058;species or below;20818;20818;11;11;
2614061;species or below;21212;21212;11;11;
2682608;species or below;19382;19382;11;11;
2682606;species or below;20794;20794;11;11;
2870379;species or below;23343;23343;11;11;
2116201;species or below;22071;22071;11;11;
2116202;species or below;21621;21621;11;11;
2116198;species or below;20456;20456;11;11;
2870402;species or below;23072;23072;11;11;
2116189;species or below;19873;19873;11;11;
2116197;species or below;23082;23082;11;11;
2870358;species or below;22325;22325;11;11;
2847266;species or below;22788;22788;11;11;
2116180;species or below;22181;22181;11;11;
194960;genus;79;79;1;1;
1313215;species or below;21292;21292;11;11;
1902502;species or below;20208;20208;11;11;
2848036;species or below;21427;21427;11;11;
2116188;species or below;22439;22439;11;11;
2870356;species or below;19176;19176;11;11;
2870355;species or below;20062;20062;11;11;
2116207;species or below;21698;21698;11;11;
2116178;species or below;23006;23006;11;11;
2116194;species or below;20305;20305;11;11;
2116206;species or below;19755;19755;11;11;
2116182;species or below;21419;21419;11;11;
1914568;species or below;22072;22072;11;11;
1281456;species or below;43445;43445;21;21;
2733274;genus;26;26;1;1;
2870359;species or below;20588;20588;11;11;
2870360;species or below;21178;21178;11;11;
2870377;species or below;20261;20261;11;11;
2547312;species or below;20815;20815;11;11;
1045800;species or below;20618;20618;11;11;
12050;genus;23;23;1;1;
2875869;species or below;21594;21594;11;11;
2899887;species or below;19975;19975;11;11;
2715795;species or below;21685;21685;11;11;
2590572;species or below;21900;21900;11;11;
2822469;species or below;22422;22422;11;11;
1569061;species or below;19583;19583;11;11;
2315578;species or below;21451;21451;11;11;
2749300;species or below;19104;19104;11;11;
2726258;species or below;44854;44854;21;21;
2989723;species or below;41315;41315;21;21;
2035396;species or below;43550;43550;21;21;
3071303;species or below;40078;40078;21;21;
257463;species or below;42374;42374;21;21;
675073;genus;18;18;1;1;
1427159;species or below;43401;43401;21;21;
2879515;species or below;43247;43247;21;21;
12258;genus;13;13;1;1;
392504;species or below;42478;42478;21;21;
12259;species or below;42579;42579;21;21;
2570606;species or below;43444;43444;21;21;
2555551;species or below;45313;45313;21;21;
2728245;species or below;43521;43521;21;21;
182452;species or below;45766;45766;21;21;
2038685;species or below;45040;45040;21;21;
12270;genus;344;344;1;1;
2593930;species or below;44370;44370;21;21;
1964552;species or below;47453;47453;21;21;
38172;species or below;43064;43064;21;21;
2170033;species or below;15873;15873;11;11;
2052649;species or below;21664;21664;11;11;
257464;species or below;43361;43361;21;21;
2789373;species or below;42763;42763;21;21;
2530363;species or below;41334;41334;21;21;
2822470;species or below;42929;42929;21;21;
2802553;species or below;39782;39782;21;21;
2875798;species or below;40646;40646;21;21;
2948915;genus;57;57;1;1;
1676256;species or below;43031;43031;21;21;
1955153;species or below;64289;64289;31;31;
2116179;species or below;20944;20944;11;11;
2116195;species or below;22979;22979;11;11;
2184393;species or below;19367;19367;11;11;
2184399;species or below;22256;22256;11;11;
2575832;species or below;24834;24834;11;11;
2812802;species or below;43329;43329;21;21;
2170211;species or below;23470;23470;11;11;
2169577;null;536;536;1;1;
2607629;species or below;20478;20478;11;11;
870588;species or below;20526;20526;11;11;
12289;genus;400;400;1;1;
193121;species or below;22253;22253;11;11;
2560515;species or below;23753;23753;11;11;
33761;species or below;21133;21133;11;11;
119164;genus;51178;51178;1;1;
12045;species or below;17102;17102;11;11;
698400;species or below;12246;12246;11;11;
909827;species or below;29743;29743;21;21;
1856642;species or below;22167;22167;11;11;
2283388;species or below;17079;17079;11;11;
2518373;species or below;15621;15621;11;11;
2560636;species or below;10410;10410;11;11;
39729;null;10;10;1;1;
12195;genus;366;366;1;1;
2835563;species or below;21738;21738;11;11;
2753665;species or below;18652;18652;11;11;
2810133;species or below;22597;22597;11;11;
3071225;species or below;21254;21254;11;11;
2775266;species or below;21789;21789;11;11;
2760003;species or below;21709;21709;11;11;
459305;species or below;23132;23132;11;11;
2838134;species or below;18658;18658;11;11;
2871166;species or below;20763;20763;11;11;
2820912;species or below;19786;19786;11;11;
2170423;species or below;22135;22135;11;11;
588752;species or below;20922;20922;11;11;
2591696;species or below;20678;20678;11;11;
2562807;species or below;21248;21248;11;11;
2491019;species or below;20612;20612;11;11;
1972994;species or below;22569;22569;11;11;
2608606;species or below;21106;21106;11;11;
12204;species or below;20264;20264;11;11;
2730579;species or below;20828;20828;11;11;
2734556;species or below;21811;21811;11;11;
693419;species or below;19492;19492;11;11;
2490442;species or below;20499;20499;11;11;
2320870;species or below;24570;24570;11;11;
2293720;species or below;20186;20186;11;11;
156208;genus;19;19;1;1;
2175329;species or below;20626;20626;11;11;
2212477;species or below;22783;22783;11;11;
2294149;species or below;21706;21706;11;11;
2733284;genus;28;28;1;1;
2306727;species or below;21722;21722;11;11;
2494552;species or below;21569;21569;11;11;
2692093;species or below;22586;22586;11;11;
1087071;species or below;22401;22401;11;11;
2778520;species or below;21327;21327;11;11;
2501280;species or below;22895;22895;11;11;
2946827;genus;309;309;1;1;
2056548;species or below;21210;21210;11;11;
2056549;species or below;22628;22628;11;11;
2056547;species or below;21440;21440;11;11;
2703488;species or below;59365;59365;31;31;
11665;species or below;21141;21141;11;11;
327046;null;1169;1169;1;1;
11640;genus;31;31;1;1;
11642;species or below;20641;20641;11;11;
10639;genus;3;3;1;1;
2878269;species or below;22376;22376;11;11;
10652;genus;1308;1308;1;1;
325348;genus;5;5;1;1;
52996;species or below;42988;42988;21;21;
1874738;species or below;21417;21417;11;11;
2518008;species or below;21284;21284;11;11;
2908099;species or below;20042;20042;11;11;
1512278;species or below;21326;21326;11;11;
1960254;species or below;22677;22677;11;11;
2697535;species or below;23161;23161;11;11;
2510980;species or below;24330;24330;11;11;
2052838;species or below;23603;23603;11;11;
2802539;species or below;21890;21890;11;11;
2731270;species or below;18348;18348;11;11;
2528410;species or below;19610;19610;11;11;
2599303;species or below;22192;22192;11;11;
2781948;species or below;21424;21424;11;11;
2713640;species or below;21543;21543;11;11;
2838078;species or below;22249;22249;11;11;
10404;null;503;503;1;1;
10405;genus;756;756;1;1;
1508710;species or below;20665;20665;11;11;
1508712;species or below;21560;21560;11;11;
2849741;species or below;22700;22700;11;11;
2557875;species or below;18385;18385;11;11;
2250469;species or below;17096;17096;1;1;
2849587;species or below;37437;37437;31;31;
2509266;species or below;55121;55121;31;31;
2546034;species or below;53649;53649;31;31;
2485922;species or below;55299;55299;31;31;
2029458;species or below;56357;56357;31;31;
2485923;species or below;55712;55712;31;31;
2731360;null;55;55;1;1;
548681;null;12;12;1;1;
3044472;null;22;22;1;1;
10293;null;6273;6273;1;1;
10294;genus;4968;4968;1;1;
10295;species or below;21635;21635;11;11;
10325;species or below;38531;38531;21;21;
83440;species or below;18549;18549;11;11;
3118716;species or below;20539;20539;11;11;
10319;genus;39505;39505;1;1;
173566;species or below;21402;21402;11;11;
79889;species or below;18542;18542;11;11;
39944;species or below;18799;18799;11;11;
79891;species or below;9837;9837;11;11;
365327;species or below;19062;19062;11;11;
2115790;species or below;8437;8437;11;11;
39637;species or below;15762;15762;11;11;
1434720;species or below;22225;22225;11;11;
47418;species or below;23335;23335;11;11;
10345;species or below;18723;18723;11;11;
2604840;species or below;22284;22284;11;11;
2762721;species or below;16722;16722;11;11;
104388;species or below;21378;21378;11;11;
35250;species or below;24534;24534;11;11;
10386;species or below;22436;22436;11;11;
2972693;species or below;18652;18652;11;11;
702736;species or below;22810;22810;11;11;
10357;null;13;13;1;1;
10358;genus;4216;4216;1;1;
1654930;species or below;19581;19581;11;11;
2169863;species or below;18978;18978;11;11;
10365;genus;30;30;1;1;
10366;species or below;19186;19186;11;11;
548912;genus;1595;1595;1;1;
1329409;species or below;19897;19897;11;11;
3070189;species or below;22762;22762;11;11;
10374;null;145;145;1;1;
10375;genus;18352;18352;1;1;
159604;species or below;15437;15437;11;11;
2560569;species or below;15779;15779;11;11;
106332;species or below;18177;18177;11;11;
2341050;species or below;15014;15014;11;11;
10379;genus;1455;1455;1;1;
123630;species or below;19279;19279;11;11;
111469;species or below;21054;21054;11;11;
432370;species or below;22227;22227;11;11;
2597325;species or below;23280;23280;11;11;
548687;genus;24;24;1;1;
199308;species or below;22030;22030;11;11;
1419109;species or below;21988;21988;11;11;
2249313;species or below;21703;21703;11;11;
2052651;species or below;22838;22838;11;11;
2731619;null;3668473;3352433;85;82;
186532;genus;444417;444417;1;1;
2024334;species or below;10426;10426;11;11;
2500815;species or below;9651;9651;11;11;
2024335;species or below;13124;13124;11;11;
2024336;species or below;5945;5945;11;11;
2024337;species or below;6064;6064;11;11;
2675235;species or below;1590;1590;11;11;
2024338;species or below;3230;3230;11;11;
2024339;species or below;4023;4023;11;11;
2024340;species or below;3557;3557;11;11;
2675237;species or below;9334;9334;11;11;
2675238;species or below;7150;7150;11;11;
2675240;species or below;8177;8177;11;11;
2675242;species or below;6257;6257;11;11;
2675243;species or below;3314;3314;11;11;
2675244;species or below;10208;10208;11;11;
2675245;species or below;7395;7395;11;11;
2675258;species or below;11725;11725;11;11;
2675259;species or below;4566;4566;11;11;
2675260;species or below;7770;7770;11;11;
2608369;species or below;9417;9417;11;11;
2675263;species or below;1949;1949;11;11;
2675265;species or below;3237;3237;11;11;
2305480;species or below;4457;4457;11;11;
2305484;species or below;4609;4609;11;11;
2305485;species or below;8199;8199;11;11;
2305487;species or below;3264;3264;11;11;
2847818;species or below;4564;4564;11;11;
2305489;species or below;12361;12361;11;11;
2305483;species or below;11883;11883;11;11;
186765;genus;4655;4655;8;8;
2282412;species or below;110;110;4;4;
186789;genus;32341;32341;1;1;
10678;species or below;1539;1539;1;1;
10682;species or below;5586;5586;11;11;
2178932;species or below;2487;2487;11;11;
186794;genus;9857;9857;3;3;
329158;genus;1544;1544;1;1;
1912492;species or below;7277;7277;9;9;
1198980;genus;357637;357637;19;19;
2848039;species or below;1598;1598;11;11;
2845955;species or below;61;61;1;1;
2029635;species or below;1313;1313;11;11;
2719185;species or below;1691;1691;8;8;
2307269;species or below;1967;1967;11;11;
2845958;species or below;83;83;1;1;
2099648;species or below;519;519;10;10;
2498591;species or below;1476;1476;10;10;
2562635;species or below;5159;5159;11;11;
2562636;species or below;1949;1949;10;10;
2508865;species or below;687;687;9;9;
2041215;species or below;945;945;11;11;
2719186;species or below;1221;1221;9;9;
2719200;species or below;1909;1909;8;8;
2590837;species or below;2416;2416;10;10;
2203191;species or below;2094;2094;11;11;
2743936;species or below;1470;1470;10;10;
2719595;species or below;1148;1148;10;10;
2719600;species or below;1651;1651;11;11;
2719601;species or below;2174;2174;9;9;
1623273;genus;190442;190442;42;42;
2066503;species or below;487;487;8;8;
2846262;species or below;1014;1014;5;5;
2726708;species or below;896;896;7;7;
1296641;species or below;518;518;9;9;
1920379;species or below;365;365;6;6;
2268608;species or below;913;913;7;7;
2846282;species or below;423;423;3;3;
2588088;species or below;5;5;2;2;
2510149;species or below;919;919;6;6;
2060948;species or below;156;156;3;3;
2029064;species or below;229;229;6;6;
2060950;species or below;2283;2283;11;11;
2060951;species or below;3491;3491;9;9;
2060954;species or below;1588;1588;7;7;
1623276;genus;552;552;1;1;
2499037;species or below;21629;21629;11;11;
1623285;genus;17145;17145;1;1;
2283292;species or below;5872;5872;11;11;
1623286;genus;125728;125728;20;20;
10708;species or below;1016;1016;3;3;
1093672;species or below;795;795;6;6;
2801525;species or below;2519;2519;8;8;
1542103;species or below;879;879;6;6;
1928621;species or below;1507;1507;11;11;
1926503;species or below;2910;2910;11;11;
2283028;species or below;4519;4519;4;4;
2283027;species or below;792;792;6;6;
2486665;species or below;1119;1119;11;11;
1623289;genus;330818;330818;1;1;
2219214;genus;334319;334319;20;20;
2045373;species or below;4221;4221;11;11;
2060112;species or below;7442;7442;11;11;
2488596;species or below;7957;7957;11;11;
2508185;species or below;3642;3642;10;10;
2508186;species or below;4383;4383;10;10;
2508187;species or below;5630;5630;10;10;
2565596;species or below;2535;2535;11;11;
2696386;species or below;1228;1228;8;8;
2696411;species or below;2788;2788;10;10;
2696416;species or below;4767;4767;10;10;
2696442;species or below;7473;7473;11;11;
2696462;species or below;3645;3645;11;11;
2735301;species or below;2620;2620;10;10;
2742948;species or below;3430;3430;11;11;
2763527;species or below;5333;5333;11;11;
2776148;species or below;3895;3895;9;9;
2823683;species or below;5108;5108;11;11;
2835936;species or below;4876;4876;11;11;
2836105;species or below;2770;2770;11;11;
2851978;species or below;3413;3413;11;11;
2851979;species or below;8883;8883;11;11;
2851980;species or below;5833;5833;11;11;
2851981;species or below;7842;7842;11;11;
2851982;species or below;3044;3044;11;11;
2865793;species or below;1956;1956;11;11;
2865806;species or below;6809;6809;11;11;
2894588;species or below;6745;6745;11;11;
2894747;species or below;2671;2671;10;10;
2894753;species or below;2971;2971;11;11;
2894793;species or below;3954;3954;11;11;
2894795;species or below;3683;3683;11;11;
2894796;species or below;2389;2389;11;11;
2902747;species or below;5146;5146;11;11;
2906743;species or below;2766;2766;11;11;
2924880;species or below;1170;1170;10;10;
2924881;species or below;489;489;8;8;
2936906;species or below;2648;2648;8;8;
2936919;species or below;6811;6811;11;11;
2970333;species or below;6435;6435;11;11;
1623305;genus;1338104;1338104;97;97;
2029658;species or below;11557;11557;11;11;
1874585;species or below;1684;1684;10;10;
1874587;species or below;1209;1209;7;7;
2029659;species or below;5123;5123;11;11;
1874572;species or below;2549;2549;9;9;
2029660;species or below;8358;8358;11;11;
2029661;species or below;5219;5219;11;11;
2029662;species or below;2593;2593;11;11;
2029663;species or below;6934;6934;11;11;
1874589;species or below;1699;1699;10;10;
2029664;species or below;5316;5316;11;11;
2029665;species or below;2528;2528;11;11;
2029666;species or below;12750;12750;11;11;
2029667;species or below;4966;4966;11;11;
2029668;species or below;3430;3430;11;11;
2029669;species or below;5200;5200;11;11;
2029670;species or below;4084;4084;11;11;
2029671;species or below;7002;7002;11;11;
2029672;species or below;7090;7090;11;11;
2029673;species or below;3990;3990;11;11;
2500816;species or below;1204;1204;11;11;
39838;species or below;3459;3459;11;11;
2029674;species or below;3561;3561;11;11;
2029675;species or below;3340;3340;11;11;
2029676;species or below;6085;6085;11;11;
2675246;species or below;2301;2301;10;10;
2675249;species or below;2403;2403;11;11;
2675250;species or below;3444;3444;11;11;
2675251;species or below;4775;4775;11;11;
2675252;species or below;2976;2976;11;11;
2675254;species or below;7189;7189;11;11;
2675255;species or below;3536;3536;11;11;
2675256;species or below;4242;4242;11;11;
2675257;species or below;5340;5340;11;11;
1289467;species or below;3467;3467;11;11;
2027267;species or below;299;299;4;4;
2027272;species or below;3004;3004;11;11;
2027277;species or below;5986;5986;11;11;
2026814;species or below;1797;1797;9;9;
2027250;species or below;434;434;8;8;
2027252;species or below;1011;1011;7;7;
2027256;species or below;63;63;3;3;
2027259;species or below;360;360;4;4;
2027260;species or below;218;218;2;2;
2079278;species or below;338;338;8;8;
2500819;species or below;880;880;10;10;
2662296;species or below;3666;3666;11;11;
2662297;species or below;5438;5438;11;11;
213774;species or below;1663;1663;11;11;
2662298;species or below;5566;5566;11;11;
1636556;species or below;164;164;7;7;
1636560;species or below;822;822;10;10;
1636564;species or below;343;343;6;6;
1636566;species or below;10966;10966;11;11;
1636569;species or below;120;120;4;4;
1636570;species or below;6044;6044;11;11;
1636571;species or below;537;537;9;9;
1636724;species or below;2068;2068;11;11;
1636573;species or below;8519;8519;11;11;
1636576;species or below;2347;2347;11;11;
1636578;species or below;2413;2413;11;11;
1636580;species or below;2104;2104;11;11;
1636581;species or below;292;292;9;9;
1636582;species or below;2981;2981;11;11;
1636583;species or below;1503;1503;10;10;
1636586;species or below;1124;1124;9;9;
1636587;species or below;6819;6819;11;11;
1965484;species or below;4274;4274;11;11;
2053705;species or below;373;373;8;8;
2053708;species or below;105;105;3;3;
213782;species or below;3270;3270;11;11;
1874593;species or below;7102;7102;11;11;
213777;species or below;2899;2899;11;11;
1527692;species or below;192;192;6;6;
1527693;species or below;1668;1668;8;8;
1720324;genus;71147;71147;2;2;
2562664;genus;17331;17331;8;8;
1327940;species or below;1851;1851;8;8;
1921524;species or below;2006;2006;8;8;
2034343;species or below;3892;3892;9;9;
2719194;species or below;4063;4063;11;11;
2860997;species or below;5202;5202;11;11;
1910976;null;134063;134063;1;1;
1910991;genus;728400;728400;6;6;
2005691;species or below;935;935;1;1;
2562176;species or below;908;908;10;10;
2025810;genus;209166;209166;53;53;
1897529;species or below;4445;4445;11;11;
1914788;species or below;8376;8376;11;11;
1929963;species or below;3609;3609;11;11;
2024214;species or below;3396;3396;11;11;
2231334;species or below;162;162;7;7;
2231336;species or below;831;831;8;8;
2301720;species or below;991;991;11;11;
2301722;species or below;3705;3705;11;11;
2580409;species or below;1553;1553;11;11;
2592216;species or below;2462;2462;11;11;
2603848;species or below;1312;1312;11;11;
2603849;species or below;890;890;11;11;
2653660;species or below;3126;3126;11;11;
2664131;species or below;1341;1341;11;11;
2713283;species or below;1792;1792;11;11;
2713289;species or below;1853;1853;11;11;
2713291;species or below;1954;1954;8;8;
2713293;species or below;908;908;9;9;
2713302;species or below;782;782;11;11;
2713312;species or below;3287;3287;9;9;
2713319;species or below;694;694;8;8;
2713320;species or below;1882;1882;11;11;
2713323;species or below;276;276;7;7;
2713326;species or below;412;412;8;8;
2749412;species or below;3609;3609;11;11;
2749668;species or below;2632;2632;11;11;
2759195;species or below;2155;2155;11;11;
2762669;species or below;341;341;8;8;
2795238;species or below;1859;1859;11;11;
2801553;species or below;4786;4786;11;11;
2801566;species or below;856;856;11;11;
2801568;species or below;219;219;7;7;
2831178;species or below;928;928;11;11;
2849081;species or below;1447;1447;11;11;
2873373;species or below;389;389;8;8;
2877945;species or below;6356;6356;11;11;
2886209;species or below;677;677;9;9;
2886211;species or below;667;667;9;9;
2894344;species or below;1450;1450;11;11;
2906028;species or below;659;659;7;7;
2906742;species or below;1484;1484;10;10;
2914173;species or below;66;66;5;5;
2914178;species or below;671;671;8;8;
2950460;species or below;4579;4579;11;11;
2959430;species or below;729;729;11;11;
2968433;species or below;901;901;7;7;
2982171;species or below;1065;1065;11;11;
2982923;species or below;4025;4025;11;11;
2996091;species or below;4656;4656;11;11;
3003233;species or below;4497;4497;11;11;
1910992;genus;58140;58140;1;1;
2565499;genus;66698;66698;2;2;
2024312;species or below;14045;14045;11;11;
2144178;species or below;16492;16492;11;11;
2530021;species or below;12916;12916;11;11;
2681674;species or below;11044;11044;11;11;
2762426;species or below;5586;5586;11;11;
2762427;species or below;2698;2698;10;10;
2762429;species or below;4832;4832;11;11;
2863832;species or below;6415;6415;11;11;
2865787;species or below;5376;5376;11;11;
2873413;species or below;14180;14180;11;11;
2885687;species or below;10020;10020;11;11;
2900297;species or below;9750;9750;11;11;
2945916;species or below;16986;16986;11;11;
2565500;species or below;16477;16477;11;11;
1910993;genus;4791;4791;1;1;
2304001;genus;2216;2216;1;1;
2301721;species or below;10339;10339;11;11;
2596714;species or below;12541;12541;11;11;
2175004;null;61303;61303;8;8;
2491323;species or below;2343;2343;10;10;
2530161;species or below;2698;2698;9;9;
2732254;species or below;4120;4120;11;11;
2787014;species or below;20265;20265;11;11;
2834247;species or below;4737;4737;7;7;
2874884;species or below;20951;20951;11;11;
2932867;species or below;18747;18747;11;11;
2959429;species or below;1697;1697;11;11;
1911928;null;1672;1672;1;1;
2842727;genus;903;903;1;1;
2678601;species or below;20177;20177;11;11;
2601643;species or below;20439;20439;11;11;
2842888;genus;72365;72365;3;3;
2847815;species or below;2526;2526;10;10;
1907784;species or below;4238;4238;10;10;
1871716;species or below;4380;4380;10;10;
2483610;species or below;7151;7151;11;11;
2053702;species or below;12999;12999;11;11;
1921407;genus;403956;403956;35;35;
1921409;species or below;131;131;1;1;
2036050;species or below;286;286;7;7;
2656517;species or below;915;915;8;8;
2109910;genus;30127;30127;20;20;
2419747;species or below;137;137;6;6;
2419748;species or below;1820;1820;10;10;
2488595;species or below;2448;2448;9;9;
2544984;species or below;4152;4152;11;11;
2812900;species or below;2219;2219;11;11;
2894297;species or below;200;200;8;8;
2924904;species or below;1881;1881;6;6;
2924906;species or below;1067;1067;10;10;
2924907;species or below;1231;1231;8;8;
2936914;species or below;19868;19868;11;11;
2937408;species or below;1476;1476;11;11;
3003719;species or below;3070;3070;10;10;
3003720;species or below;1343;1343;11;11;
3003808;species or below;2083;2083;8;8;
3018995;species or below;1282;1282;8;8;
3022055;species or below;390;390;9;9;
3022056;species or below;249;249;4;4;
3022057;species or below;695;695;9;9;
3028488;species or below;489;489;6;6;
2560687;species or below;1528;1528;2;2;
2499902;species or below;715;715;9;9;
2587493;species or below;1208;1208;9;9;
1921544;genus;229640;229640;1;1;
1921545;species or below;4;4;1;1;
2099649;species or below;2962;2962;11;11;
1921546;species or below;67;67;1;1;
2880994;species or below;3537;3537;11;11;
2234106;genus;80268;80268;2;2;
1642588;species or below;3998;3998;11;11;
2382122;species or below;4409;4409;11;11;
2562463;species or below;20644;20644;11;11;
2596676;species or below;3874;3874;11;11;
2719198;species or below;6287;6287;11;11;
2746928;species or below;4114;4114;11;11;
2872675;species or below;888;888;11;11;
2872676;species or below;2914;2914;10;10;
2880993;species or below;4162;4162;11;11;
2970490;species or below;8608;8608;11;11;
2982892;species or below;3386;3386;11;11;
3003632;species or below;11166;11166;41;41;
3020045;species or below;3116;3116;11;11;
1978007;null;620;620;1;1;
2948774;genus;2795;2795;1;1;
2986394;species or below;20084;20084;11;11;
2986395;species or below;18704;18704;11;11;
2772077;species or below;23283;23283;11;11;
2986396;species or below;20919;20919;11;11;
2942964;null;147;127;1;1;
2948767;genus;24671;24676;1;1;
2986397;species or below;12711;12711;11;11;
2986398;species or below;21439;21454;11;11;
2772061;species or below;8550;8550;11;11;
2709317;species or below;15258;15258;11;11;
2942972;null;320;312;1;1;
2948652;genus;10018;10018;1;1;
2955582;species or below;15684;15684;11;11;
2986399;species or below;14691;14691;11;11;
2986400;species or below;22967;22967;11;11;
2948680;genus;3110;3110;1;1;
2986402;species or below;18672;18672;11;11;
2772065;species or below;22004;22004;11;11;
2986403;species or below;24253;24253;11;11;
2948688;genus;13656;13656;1;1;
2986401;species or below;21210;21210;11;11;
2772070;species or below;13530;13538;11;11;
2772067;species or below;18642;18642;11;11;
2986404;species or below;18743;18743;11;11;
2989854;species or below;20971;20971;11;11;
2942976;null;29;29;1;1;
2772068;species or below;21163;21163;11;11;
2772078;species or below;22975;22975;11;11;
2989853;species or below;23441;23441;11;11;
2942967;null;2785;2785;1;1;
2942979;genus;10298;10298;1;1;
2986405;species or below;14541;14541;11;11;
2772074;species or below;14608;14608;11;11;
2942980;genus;5528;5528;1;1;
2301731;species or below;18865;18865;11;11;
2772072;species or below;16320;16320;11;11;
1450749;species or below;24831;24831;11;11;
2710495;species or below;20997;20997;11;11;
2948787;genus;24561;24561;1;1;
2986406;species or below;9564;9564;11;11;
2772075;species or below;8917;8917;11;11;
2772071;species or below;22540;22540;11;11;
2986407;species or below;19770;19770;11;11;
2772076;species or below;20957;20957;11;11;
2772062;species or below;21678;21678;11;11;
2772073;species or below;21261;21261;11;11;
2772069;species or below;20843;20843;11;11;
2942966;null;22259;22259;1;1;
2942989;genus;32444;32444;1;1;
2986408;species or below;9319;9319;11;11;
2772085;species or below;10046;10046;11;11;
2986409;species or below;12608;12608;11;11;
2942969;null;14291;14291;1;1;
2942990;genus;26;26;1;1;
2986410;species or below;18620;18620;11;11;
2772066;species or below;19288;19288;11;11;
2942991;genus;8707;8707;1;1;
2772059;species or below;14683;14683;11;11;
2986411;species or below;17017;17017;11;11;
2942992;genus;32511;32511;1;1;
2772064;species or below;7113;7113;11;11;
2986412;species or below;11115;11115;11;11;
2772060;species or below;5089;5089;11;11;
2942974;null;1243;1243;1;1;
2942993;genus;7333;7333;1;1;
2772080;species or below;15689;15689;11;11;
2986413;species or below;15947;15947;11;11;
2942994;genus;71498;71498;1;1;
2772087;species or below;4208;4208;11;11;
2772079;species or below;18397;18397;11;11;
2772081;species or below;21618;21618;11;11;
2986414;species or below;8319;8319;11;11;
2772082;species or below;17929;17929;11;11;
2986415;species or below;19328;19328;11;11;
2986416;species or below;5263;5263;11;11;
2772083;species or below;7207;7207;11;11;
2772084;species or below;19279;19279;11;11;
2942975;null;453;453;1;1;
2986417;species or below;21433;21433;11;11;
2948643;genus;31119;31119;1;1;
2772095;species or below;6000;6000;11;11;
2772094;species or below;6696;6696;11;11;
2948645;genus;34318;34318;1;1;
2772086;species or below;11835;11835;11;11;
2772090;species or below;9307;9307;11;11;
2986418;species or below;8394;8394;11;11;
2772093;species or below;21477;21477;11;11;
2772092;species or below;20816;20816;11;11;
2942977;null;765;765;1;1;
2946811;genus;13799;13799;1;1;
2986419;species or below;21328;21328;11;11;
2772091;species or below;8298;8298;11;11;
2772088;species or below;12118;12118;11;11;
2772063;species or below;22034;22034;11;11;
2946830;genus;9480;9480;1;1;
2772089;species or below;12395;12395;11;11;
2986420;species or below;14390;14390;11;11;
1920526;species or below;20309;20309;11;11;
1980936;genus;19401;19401;1;1;
2603257;species or below;3504;3504;11;11;
1981156;null;100171;100171;27;27;
1981157;genus;9533;9533;30;30;
1792289;species or below;309;309;2;2;
1855815;species or below;414;414;6;6;
1855816;species or below;156;156;4;4;
1792287;species or below;225;225;6;6;
2108115;species or below;1360;1360;3;3;
1981159;genus;6942;6954;4;4;
1983463;species or below;1622;1622;4;4;
2590400;species or below;5550;5550;10;10;
1982076;genus;169613;169613;5;5;
2488953;species or below;10039;10039;11;11;
2743905;species or below;6235;6235;11;11;
2499003;species or below;4656;4656;11;11;
1897428;species or below;5063;5063;11;11;
2047760;species or below;11876;11876;11;11;
2794944;species or below;8014;8014;11;11;
2499008;species or below;8037;8037;11;11;
2743906;species or below;14366;14366;11;11;
2015865;species or below;4254;4254;11;11;
1897429;species or below;5531;5531;11;11;
2250416;species or below;15412;15412;11;11;
2047867;species or below;14218;14218;11;11;
2499021;species or below;1300;1300;7;7;
1982086;genus;41193;41193;3;3;
2015860;species or below;3647;3647;10;10;
1772314;species or below;4715;4715;10;10;
2015873;species or below;17863;17863;11;11;
1982088;genus;168712;168712;12;12;
2024274;species or below;6403;6403;8;8;
2015816;species or below;6707;6707;11;11;
2024275;species or below;4934;4934;8;8;
2867479;species or below;3561;3561;11;11;
2024277;species or below;2516;2516;10;10;
2591110;species or below;1295;1295;9;9;
2859474;species or below;5030;5030;11;11;
2250412;species or below;2997;2997;11;11;
2024279;species or below;3708;3708;9;9;
2591069;species or below;5276;5276;11;11;
1982101;genus;1010;1010;1;1;
2099637;species or below;20751;20751;11;11;
1982152;genus;77677;77677;1;1;
2233614;genus;98754;98754;1;1;
2014347;species or below;10875;10875;11;11;
2015864;species or below;5442;5442;11;11;
2015871;species or below;11800;11800;11;11;
2250368;species or below;6669;6669;11;11;
2250389;species or below;3465;3465;11;11;
2250409;species or below;4699;4699;11;11;
2859477;species or below;3071;3071;11;11;
2859632;species or below;4630;4630;11;11;
2927283;species or below;4253;4253;11;11;
2951390;species or below;6133;6133;11;11;
2951391;species or below;3670;3670;11;11;
1982375;genus;41445;41445;1;1;
2015828;species or below;3507;3507;11;11;
2793705;species or below;5750;5750;11;11;
2201455;species or below;11510;11510;11;11;
1982875;null;59892;59892;1;1;
1982879;genus;38542;38542;1;1;
2053672;species or below;12585;12585;11;11;
2740181;species or below;14699;14699;11;11;
2740182;species or below;13294;13294;11;11;
1913034;species or below;13183;13183;11;11;
2601693;species or below;15409;15409;11;11;
2767587;species or below;16599;16599;11;11;
1982880;genus;49051;49051;1;1;
2182319;species or below;6796;6796;11;11;
1873996;species or below;8069;8069;11;11;
2801898;species or below;9622;9622;11;11;
2593360;species or below;6614;6614;11;11;
1982881;genus;4787;4787;1;1;
2108134;species or below;15824;15824;11;11;
2948647;genus;12606;12606;1;1;
2599888;species or below;13288;13288;11;11;
2530160;species or below;16586;16586;11;11;
2041206;species or below;17006;17006;11;11;
2725628;species or below;17970;17970;11;11;
2301715;species or below;13466;13466;11;11;
2590946;species or below;20534;20534;11;11;
2948769;genus;2880;2880;1;1;
2301573;species or below;18681;18681;11;11;
2510525;species or below;17279;17279;11;11;
2894593;species or below;18077;18077;11;11;
2948847;genus;16584;16584;1;1;
2041205;species or below;13417;13417;11;11;
2041207;species or below;12238;12238;11;11;
2059882;species or below;16478;16478;11;11;
2041209;species or below;11276;11276;11;11;
2767576;species or below;18634;18634;11;11;
2948901;genus;309;309;1;1;
2767584;species or below;18993;18993;11;11;
2767588;species or below;17778;17778;11;11;
2201421;species or below;20107;20107;11;11;
1982876;null;4004;4004;1;1;
1623295;genus;20200;20200;2;2;
2250422;species or below;546;546;10;10;
1982897;genus;4916;4916;1;1;
2301619;species or below;16513;16513;11;11;
1982898;genus;35762;35762;3;3;
1882439;species or below;3261;3261;11;11;
2762421;species or below;2757;2757;9;9;
1982899;genus;20867;20867;2;2;
2593350;species or below;824;824;10;10;
1982900;genus;15403;15403;1;1;
1874015;species or below;5489;5489;11;11;
2686231;species or below;18977;18977;11;11;
2686233;species or below;22411;22411;11;11;
2652422;species or below;21942;21942;11;11;
2948877;genus;2491;2491;1;1;
2483623;species or below;19281;19281;11;11;
2664226;species or below;20601;20601;11;11;
2315616;species or below;21949;21949;11;11;
2282910;species or below;21416;21416;11;11;
1982878;null;93465;93465;1;1;
1983734;genus;95270;95270;57;57;
2575357;species or below;168;168;5;5;
2686098;species or below;118;118;3;3;
2041518;species or below;1614;1614;9;9;
2656556;species or below;541;541;4;4;
2015875;species or below;63;63;3;3;
2572533;species or below;135;135;5;5;
2517951;species or below;1301;1301;11;11;
2742107;species or below;572;572;9;9;
2015833;species or below;570;570;8;8;
2024296;species or below;826;826;9;9;
2713268;species or below;579;579;8;8;
1983735;genus;5228;5228;1;1;
2599880;species or below;15623;15623;11;11;
2593351;species or below;16435;16435;11;11;
2178923;species or below;3758;3758;11;11;
1985285;null;1480;1480;1;1;
1198140;genus;15439;15439;1;1;
2910949;species or below;5474;5474;11;11;
2100421;species or below;20361;20361;11;11;
2169529;null;30836;30836;1;1;
2169530;null;6382;6382;1;1;
2169532;genus;29479;29479;2;2;
2137745;species or below;12885;12885;11;11;
2712940;species or below;6721;6721;10;10;
2530042;species or below;4492;4492;11;11;
2169536;genus;488509;488509;69;69;
2070200;species or below;1515;1515;7;7;
2053671;species or below;791;791;4;4;
1958914;species or below;365;365;7;7;
2054274;species or below;641;641;10;10;
2231347;species or below;94;94;4;4;
2592196;species or below;791;791;11;11;
2025818;species or below;478;478;8;8;
2592220;species or below;483;483;10;10;
1897742;species or below;771;771;11;11;
2700089;species or below;968;968;11;11;
2698907;species or below;494;494;8;8;
2698910;species or below;1754;1754;11;11;
2419752;species or below;502;502;9;9;
2301647;species or below;326;326;6;6;
2301648;species or below;651;651;8;8;
2713273;species or below;575;575;7;7;
2713274;species or below;1299;1299;7;7;
2713278;species or below;2900;2900;10;10;
2713281;species or below;3102;3102;11;11;
2713292;species or below;294;294;8;8;
2713301;species or below;267;267;7;7;
2713304;species or below;169;169;7;7;
2713306;species or below;813;813;8;8;
2713310;species or below;2811;2811;11;11;
2713314;species or below;161;161;6;6;
2731621;genus;83819;83819;1;1;
2508194;species or below;8155;8155;11;11;
2079262;species or below;7395;7395;11;11;
2054272;species or below;16858;16858;11;11;
2054273;species or below;2423;2423;11;11;
2589660;species or below;3316;3316;11;11;
2847816;species or below;3159;3159;11;11;
2267403;species or below;19929;19929;11;11;
2686437;species or below;21327;21327;11;11;
2841278;genus;2622;2622;1;1;
2419930;species or below;17909;17909;11;11;
2841279;genus;11796;11796;1;1;
2099338;species or below;10232;10232;11;11;
1978922;species or below;21665;21665;11;11;
2584487;species or below;22138;22138;11;11;
2169611;genus;19343;19343;1;1;
2077135;species or below;3886;3886;11;11;
2599884;species or below;5519;5519;11;11;
2169599;null;155;155;1;1;
2169621;genus;25587;25587;1;1;
1897539;species or below;7863;7863;11;11;
2662299;species or below;9836;9836;11;11;
2169622;genus;22395;22395;9;9;
1897736;species or below;207;207;3;3;
1623280;genus;144487;144487;34;34;
2301547;species or below;259;259;4;4;
2047834;species or below;340;340;9;9;
2588511;species or below;745;745;7;7;
2743929;species or below;1567;1567;5;5;
2530132;species or below;8589;8589;11;11;
2047843;species or below;273;273;7;7;
2743931;species or below;1637;1637;9;9;
2743932;species or below;237;237;7;7;
2301545;species or below;229;229;6;6;
2169601;null;47706;47706;1;1;
2169636;genus;56435;56435;22;22;
2859634;species or below;9362;9362;11;11;
2776839;species or below;4692;4692;9;9;
2836009;species or below;9614;9614;11;11;
2762398;species or below;10464;10464;11;11;
2776861;species or below;1702;1702;8;8;
2591189;species or below;5918;5918;11;11;
2488957;species or below;590;590;5;5;
2571252;species or below;16507;16507;11;11;
3044672;genus;2625;2625;1;1;
2762412;species or below;6565;6565;11;11;
2169652;genus;63147;63147;32;32;
2047832;species or below;32;32;2;2;
2201426;species or below;1510;1510;5;5;
2790987;species or below;7566;7566;8;8;
2759392;species or below;4653;4653;6;6;
2910954;species or below;7376;7376;8;8;
2859488;species or below;9665;9665;10;10;
2502431;species or below;17488;17488;11;11;
2836044;species or below;985;985;2;2;
2169657;genus;3611;3611;1;1;
2079285;species or below;16338;16338;11;11;
2169658;genus;316848;316848;83;83;
2588127;species or below;2985;2985;7;7;
2591205;species or below;16658;16658;11;11;
2588128;species or below;32;32;2;2;
2250390;species or below;1478;1478;4;4;
2725634;species or below;1806;1806;8;8;
2652412;species or below;902;902;4;4;
2743985;species or below;3074;3074;4;4;
2250394;species or below;88;88;4;4;
2500789;species or below;5609;5609;7;7;
2588492;species or below;2060;2060;6;6;
2805836;species or below;1448;1448;6;6;
2762414;species or below;3150;3150;8;8;
2591116;species or below;1471;1471;9;9;
2572528;species or below;232;232;4;4;
2301560;species or below;687;687;6;6;
2588130;species or below;1288;1288;8;8;
2588131;species or below;3965;3965;7;7;
2560065;null;2022;2022;1;1;
2560070;null;797;797;1;1;
1910931;genus;3285;3285;1;1;
1910937;species or below;15835;15835;11;11;
1917990;genus;6287;6287;1;1;
1918005;species or below;15066;15066;11;11;
1985181;genus;3541;3541;1;1;
1985182;species or below;18449;18449;9;9;
1126951;species or below;55;55;3;3;
2593638;species or below;21562;21562;11;11;
1933063;species or below;21235;21235;11;11;
2283013;species or below;23364;23364;11;11;
2560071;null;202;202;1;1;
2560160;genus;14699;14699;1;1;
2560419;species or below;6913;6913;11;11;
2732968;genus;20518;20518;1;1;
1926594;species or below;14726;14726;11;11;
2315766;species or below;7391;7391;11;11;
1857844;genus;60007;60007;17;17;
2560554;species or below;1135;1135;1;1;
1486414;species or below;861;861;6;6;
1486419;species or below;1283;1283;10;10;
2560081;null;2923;2923;1;1;
1857843;genus;280210;280210;71;71;
292029;species or below;3356;3356;33;33;
516541;species or below;13;13;2;2;
1195077;species or below;74;74;4;4;
1195078;species or below;114;114;2;2;
1195079;species or below;116;116;4;4;
1195080;species or below;208;208;8;8;
1195081;species or below;112;112;4;4;
1239385;species or below;152;152;5;5;
1610830;species or below;55;55;3;3;
1610831;species or below;109;109;2;2;
1673874;species or below;47;47;3;3;
1673884;species or below;91;91;2;2;
2732969;genus;32508;32508;7;7;
2126734;species or below;6072;6072;8;8;
2126724;species or below;3046;3046;8;8;
1868844;species or below;23596;23596;11;11;
2732970;genus;72641;72641;7;7;
2079429;species or below;7837;7837;11;11;
2315485;species or below;4568;4568;7;7;
2315483;species or below;4696;4696;9;9;
2059850;species or below;10682;10682;11;11;
2079433;species or below;8754;8754;11;11;
2041210;species or below;20390;20390;11;11;
2843105;genus;19341;19341;2;2;
2510942;species or below;12490;12490;10;10;
2510941;species or below;12128;12128;11;11;
2510943;species or below;20963;20963;11;11;
2560098;genus;34167;34167;5;5;
2562665;genus;2352;2352;3;3;
2301640;species or below;3703;3703;8;8;
2563592;species or below;834;834;8;8;
2660689;species or below;4516;4516;11;11;
2560122;genus;10127;10127;1;1;
2562666;genus;403738;403738;6;6;
2126928;species or below;7664;7664;11;11;
2126929;species or below;15927;15927;11;11;
2572529;species or below;4550;4550;11;11;
2590932;species or below;7155;7155;11;11;
2591213;species or below;4886;4886;11;11;
2591214;species or below;12020;12020;11;11;
2653275;species or below;2731;2731;11;11;
2713263;species or below;5136;5136;10;10;
2725619;species or below;16497;16497;11;11;
2725651;species or below;4494;4494;11;11;
2762415;species or below;4809;4809;11;11;
2772023;species or below;4492;4492;11;11;
2776864;species or below;3564;3564;11;11;
2776866;species or below;4904;4904;11;11;
2776867;species or below;12562;12562;11;11;
2776868;species or below;18382;18382;11;11;
2816467;species or below;2506;2506;11;11;
2829393;species or below;12767;12767;11;11;
2836011;species or below;3557;3557;11;11;
2851101;species or below;3111;3111;11;11;
2867473;species or below;7196;7196;11;11;
2871539;species or below;2652;2652;11;11;
2885152;species or below;8977;8977;11;11;
2912654;species or below;8594;8594;11;11;
2926098;species or below;2407;2407;9;9;
2927243;species or below;3283;3283;9;9;
2985323;species or below;5594;5594;11;11;
2985325;species or below;3006;3006;11;11;
2560127;genus;57;57;1;1;
2562720;genus;1237;1237;1;1;
2652405;species or below;20453;20453;11;11;
3035369;species or below;22068;22068;11;11;
2560141;genus;3100;3100;1;1;
2419942;species or below;18437;18437;11;11;
2560150;genus;17570;17570;1;1;
2590936;species or below;19521;19521;11;11;
2590880;species or below;19398;19398;11;11;
2182358;species or below;9340;9340;11;11;
2560154;genus;75194;75194;1;1;
2571059;genus;60272;60272;1;1;
2047786;species or below;7648;7648;11;11;
2530028;species or below;6039;6039;11;11;
2562174;species or below;13718;13718;11;11;
2686208;species or below;13297;13297;11;11;
2759197;species or below;7375;7375;11;11;
2776813;species or below;13460;13460;11;11;
2849971;species or below;14454;14454;11;11;
2849972;species or below;9582;9582;11;11;
2861002;species or below;13263;13263;11;11;
2874879;species or below;14301;14301;11;11;
2894801;species or below;1752;1752;11;11;
2935866;species or below;14327;14327;11;11;
2961985;species or below;8419;8419;11;11;
2973661;species or below;12772;12772;11;11;
2234092;species or below;23197;23197;11;11;
2560251;genus;269842;269842;21;21;
2483665;species or below;5318;5318;11;11;
2301695;species or below;2387;2387;9;9;
2743907;species or below;3778;3778;11;11;
2483666;species or below;1735;1735;9;9;
2483668;species or below;2653;2653;9;9;
2591208;species or below;1642;1642;9;9;
2483670;species or below;4834;4834;11;11;
2653273;species or below;5315;5315;10;10;
2653274;species or below;2274;2274;11;11;
2762401;species or below;2620;2620;9;9;
2588507;species or below;3158;3158;11;11;
2483672;species or below;3408;3408;11;11;
2762413;species or below;1856;1856;9;9;
2250396;species or below;1945;1945;9;9;
2483674;species or below;1432;1432;11;11;
2483675;species or below;409;409;6;6;
2731207;genus;28547;28547;1;1;
2572526;species or below;11826;11826;11;11;
2599852;species or below;15294;15294;11;11;
2571253;species or below;10747;10747;11;11;
2731643;null;10681;10681;1;1;
1985733;genus;6288;6288;1;1;
1775250;species or below;21532;21532;11;11;
2024237;species or below;17537;17537;11;11;
2731645;null;8;8;1;1;
1985711;genus;83244;83244;3;3;
2500826;species or below;5658;5658;11;11;
2315468;species or below;12313;12313;11;11;
2315601;species or below;6659;6659;11;11;
2053604;species or below;3663;3663;11;11;
2059857;species or below;851;851;9;9;
2731646;null;51;51;1;1;
2731674;genus;25679;25679;8;8;
1434127;species or below;91;91;4;4;
1932890;species or below;18043;18043;11;11;
2731675;genus;26381;26381;1;1;
2022859;species or below;8535;8535;11;11;
1965370;species or below;7284;7284;11;11;
2059879;species or below;19984;19984;11;11;
2731677;genus;2831;2831;1;1;
2163982;species or below;21423;21423;11;11;
2163983;species or below;19815;19815;11;11;
2163984;species or below;21708;21708;11;11;
2163985;species or below;22945;22945;11;11;
2048979;species or below;23177;23177;11;11;
2731647;null;1831;1831;1;1;
2560202;genus;157253;157253;13;13;
2489618;species or below;759;759;8;8;
2320194;species or below;3211;3211;11;11;
2489627;species or below;1586;1586;9;9;
2489628;species or below;1765;1765;11;11;
2320195;species or below;3400;3400;10;10;
2320197;species or below;1792;1792;10;10;
2489634;species or below;2551;2551;9;9;
2489635;species or below;1920;1920;8;8;
2732921;genus;19349;19349;1;1;
1685500;species or below;10873;10873;11;11;
2153295;species or below;12182;12182;11;11;
1698708;species or below;22620;22620;11;11;
2731648;null;65;65;1;1;
477967;genus;93659;93659;11;11;
2161784;species or below;9535;9535;11;11;
1548908;species or below;488;488;6;6;
1815956;species or below;919;919;8;8;
1962679;species or below;1113;1113;11;11;
2483418;species or below;1969;1969;9;9;
2079544;species or below;23285;23285;11;11;
2731649;null;199;199;1;1;
2732910;genus;3088;3088;1;1;
2163976;species or below;20034;20034;11;11;
2420320;species or below;18056;18056;11;11;
2732912;genus;13968;13968;1;1;
1747286;species or below;16175;16175;11;11;
2507411;species or below;13147;13147;11;11;
2081603;species or below;21298;21298;11;11;
1206556;species or below;21460;21460;11;11;
2732916;genus;12475;12475;1;1;
1932893;species or below;8745;8745;11;11;
2732917;genus;13046;13046;1;1;
2488835;species or below;13566;13566;11;11;
1897743;species or below;16118;16118;11;11;
2731650;null;3105;3105;1;1;
2732918;genus;10899;10899;1;1;
1837877;species or below;8932;8932;11;11;
2732926;genus;860;860;1;1;
2070198;species or below;18870;18870;11;11;
2732928;genus;116860;116860;3;3;
2886901;species or below;4530;4530;11;11;
2783800;species or below;5710;5710;11;11;
2783801;species or below;9458;9458;11;11;
2079275;species or below;15965;15965;11;11;
1933107;species or below;658;658;10;10;
1933108;species or below;1509;1509;11;11;
1933111;species or below;846;846;10;10;
2315628;species or below;12689;12689;11;11;
2731651;null;133;133;1;1;
2732929;genus;2180;2180;1;1;
1432428;species or below;21722;21722;11;11;
1958965;species or below;23092;23092;11;11;
2732930;genus;1135;1135;1;1;
2060091;species or below;18365;18365;11;11;
1932892;species or below;21537;21537;11;11;
2731652;null;219;219;1;1;
1920774;genus;101335;101335;1;1;
2547246;species or below;13181;13181;11;11;
2026943;species or below;11011;11011;11;11;
1555207;species or below;12885;12885;11;11;
1904925;species or below;10147;10147;11;11;
1897515;species or below;8447;8447;11;11;
1912319;species or below;9621;9621;11;11;
1933773;species or below;12368;12368;11;11;
1913574;species or below;12765;12765;11;11;
2099390;species or below;9846;9846;11;11;
1785176;species or below;13836;13836;11;11;
2530183;species or below;20830;20830;11;11;
2731653;null;68588;68515;5;5;
110456;genus;125333;125333;9;9;
2315471;species or below;8880;8880;11;11;
2340717;species or below;4932;4932;7;7;
2099356;species or below;13664;13664;11;11;
2053563;species or below;12511;12511;11;11;
2079317;species or below;8747;8747;11;11;
2530019;species or below;10225;10225;11;11;
2340719;species or below;5067;5067;10;10;
2528528;species or below;13792;13792;11;11;
2268591;species or below;9237;9237;11;11;
2733884;species or below;513;513;2;2;
1176766;species or below;509;509;7;7;
1176767;species or below;1346;1346;10;10;
1985720;genus;344912;340067;1;1;
2024247;species or below;3383;3583;11;11;
1907782;species or below;4249;4436;11;11;
2492437;species or below;8105;8292;11;11;
1907783;species or below;3285;3645;11;11;
1770232;species or below;7552;8387;11;11;
2268396;species or below;8498;8615;11;11;
1932361;species or below;5751;5888;11;11;
1932362;species or below;8407;8545;11;11;
2282629;species or below;8478;8585;11;11;
2282630;species or below;8787;8869;11;11;
2282631;species or below;9292;9366;11;11;
2790304;species or below;5248;5358;11;11;
2790305;species or below;5375;5559;11;11;
2790306;species or below;8509;8737;11;11;
2790307;species or below;7761;8021;11;11;
2488949;species or below;7703;7784;11;11;
1882400;species or below;4017;4130;11;11;
1897431;species or below;2672;2840;11;11;
1897430;species or below;8255;8690;11;11;
2562178;species or below;6612;6769;11;11;
1907781;species or below;4361;4806;11;11;
1958964;species or below;6147;6271;11;11;
2066504;species or below;6808;6924;11;11;
2732675;genus;47412;47412;1;1;
2163630;species or below;9173;9173;11;11;
2320191;species or below;7480;7480;11;11;
2320192;species or below;11623;11623;11;11;
2320193;species or below;11199;11199;11;11;
2732677;genus;70336;70338;1;1;
2233775;species or below;7496;7496;11;11;
1916101;species or below;16415;16415;11;11;
2053015;species or below;3206;3206;11;11;
2562138;species or below;10787;10787;11;11;
2321391;species or below;9561;9561;11;11;
2910951;species or below;9717;9717;11;11;
2268589;species or below;21249;21249;11;11;
2732683;genus;77141;77141;1;1;
2783803;species or below;4625;4625;11;11;
2783802;species or below;3048;3048;11;11;
1729936;species or below;17568;17568;11;11;
2079287;species or below;18748;18748;11;11;
2761363;species or below;5752;5752;11;11;
1629654;species or below;4293;4293;11;11;
1729933;species or below;20795;20795;11;11;
2732684;genus;71009;71013;7;7;
2052746;species or below;3692;3692;11;11;
2052752;species or below;2285;2285;7;7;
2052754;species or below;6889;6889;11;11;
2052753;species or below;3476;3476;9;9;
2163634;species or below;21086;21086;11;11;
2732686;genus;121458;121458;1;1;
2783859;species or below;6555;6555;11;11;
2200756;species or below;12545;12545;11;11;
2483604;species or below;20083;20083;11;11;
1933110;species or below;5552;5552;11;11;
2041760;species or below;16699;16699;11;11;
344021;species or below;5966;5966;11;11;
2498616;species or below;13435;13435;11;11;
1983789;species or below;6507;6507;11;11;
2079534;species or below;7727;7727;11;11;
1897641;species or below;7643;7643;11;11;
2269380;species or below;10339;10339;11;11;
2732688;genus;12245;12245;1;1;
2283033;species or below;14330;14330;11;11;
2163631;species or below;16131;16156;11;11;
2732689;genus;41511;41511;5;5;
1932882;species or below;3211;3211;8;8;
1927014;species or below;4515;4515;10;10;
1961914;species or below;14530;14530;11;11;
2732691;genus;12001;12001;1;1;
2163970;species or below;15286;15286;11;11;
2201462;species or below;16238;16238;11;11;
1873993;species or below;21424;21424;11;11;
1983557;species or below;23269;23269;11;11;
2732693;genus;156980;157012;16;16;
1871708;species or below;3155;3155;10;10;
1075774;species or below;22;22;2;2;
1852630;species or below;4121;4121;11;11;
2301650;species or below;5222;5222;11;11;
10759;species or below;2;2;2;2;
2024248;species or below;3448;3448;11;11;
2024251;species or below;4417;4417;11;11;
1897434;species or below;3016;3016;11;11;
1662463;species or below;3173;3173;11;11;
2910948;species or below;3970;3980;11;11;
2041489;species or below;20173;20173;11;11;
2749426;species or below;22368;22368;11;11;
2740801;species or below;21422;21422;11;11;
2731928;genus;28980;28980;1;1;
2024261;species or below;6769;6769;11;11;
2024262;species or below;5979;5979;11;11;
2783867;species or below;20313;20313;11;11;
2741072;species or below;20364;20364;11;11;
2731932;genus;628;628;1;1;
2562235;species or below;21319;21319;11;11;
2740798;species or below;22265;22265;11;11;
2731935;genus;49868;49868;11;11;
1220602;species or below;9527;9527;9;9;
1220715;species or below;1903;1903;8;8;
1220716;species or below;2663;2663;6;6;
1881263;species or below;21488;21488;11;11;
2731937;genus;7888;7888;1;1;
2047782;species or below;14251;14251;11;11;
2928692;species or below;20330;20330;11;11;
2741074;species or below;22036;22036;11;11;
2741076;species or below;21650;21650;11;11;
2731941;genus;3905;3905;1;1;
1932883;species or below;18590;18590;11;11;
2731942;genus;33071;33071;1;1;
2041493;species or below;6116;6116;11;11;
2070026;species or below;5973;5973;11;11;
1332145;species or below;21629;21629;11;11;
743571;species or below;22594;22594;11;11;
1871314;species or below;23251;23251;11;11;
2848038;species or below;23220;23220;11;11;
1983784;species or below;20395;20395;11;11;
2740805;species or below;20706;20706;11;11;
756276;species or below;20715;20715;11;11;
2024607;species or below;22038;22038;11;11;
2731958;genus;32942;32942;1;1;
2041472;species or below;7163;7163;11;11;
2041473;species or below;8549;8549;11;11;
2419783;species or below;15626;15626;11;11;
2740800;species or below;19696;19696;11;11;
2740804;species or below;22575;22575;11;11;
1220601;species or below;21451;21451;11;11;
743565;species or below;18733;18733;11;11;
2740802;species or below;22996;22996;11;11;
743543;species or below;19157;19157;11;11;
2731966;genus;1296;1296;1;1;
2741075;species or below;20190;20190;11;11;
743558;species or below;21171;21171;11;11;
754059;species or below;18769;18769;11;11;
743578;species or below;19713;19713;11;11;
2545435;species or below;23102;23102;11;11;
2282912;species or below;21320;21320;11;11;
1597967;species or below;22921;22921;11;11;
2741073;species or below;20214;20214;11;11;
2041351;species or below;19808;19808;11;11;
2740803;species or below;22759;22759;11;11;
2740799;species or below;20438;20438;11;11;
1292086;species or below;22548;22548;11;11;
2741077;species or below;21603;21603;11;11;
2731989;genus;22420;22420;1;1;
2006930;species or below;8390;8390;11;11;
2005054;species or below;7840;7840;11;11;
2759719;species or below;20064;20064;11;11;
2862773;species or below;22402;22402;11;11;
2731689;null;1799;1799;1;1;
2842409;null;78982;78982;1;1;
2732960;genus;49050;49050;1;1;
2005048;species or below;7318;7318;11;11;
2746223;genus;17015;17015;8;8;
2593324;species or below;6207;6207;11;11;
2593331;species or below;1062;1062;4;4;
2909742;species or below;5998;5998;11;11;
2910155;species or below;10448;10448;11;11;
3003366;species or below;7147;7147;11;11;
2589658;species or below;12904;12904;11;11;
2696397;species or below;6411;6411;11;11;
2182346;species or below;19014;19014;11;11;
2732962;genus;8472;8472;1;1;
2876597;species or below;21453;21453;11;11;
2721760;species or below;13345;13345;11;11;
2732964;genus;8089;8089;1;1;
1916414;species or below;13338;13338;11;11;
2650874;species or below;21299;21299;11;11;
2601675;species or below;23267;23267;11;11;
2852969;null;39923;39923;1;1;
2801354;species or below;5999;5999;11;11;
2801356;species or below;4773;4773;11;11;
2801357;species or below;5264;5264;11;11;
2875839;species or below;10996;10996;11;11;
2961702;species or below;10666;10666;11;11;
2842418;null;7;7;1;1;
2732963;genus;60;60;1;1;
2749938;genus;27971;27971;1;1;
2822864;species or below;5329;5329;11;11;
2849625;species or below;9634;9634;11;11;
2911664;species or below;22438;22438;11;11;
2732965;genus;1105;1105;1;1;
1970795;species or below;21353;21353;11;11;
2978980;species or below;22625;22625;11;11;
2924887;species or below;18939;18939;11;11;
2731690;null;1876;2124;1;1;
2560189;genus;4198;4198;1;1;
2315597;species or below;18971;18971;11;11;
2560210;genus;5191;5191;1;1;
2783547;species or below;15712;15712;11;11;
2732012;null;20386;20386;1;1;
2560156;genus;20065;20065;10;10;
1983595;species or below;32;32;2;2;
2948922;genus;208389;208389;39;39;
2736261;species or below;1626;1626;11;11;
2576872;species or below;741;741;7;7;
2736262;species or below;438;438;4;4;
2735171;species or below;870;870;6;6;
2590896;species or below;1108;1108;7;7;
2712961;species or below;16;16;2;2;
2736263;species or below;361;361;7;7;
2801534;species or below;1623;1623;9;9;
2590874;species or below;5366;5366;11;11;
2736265;species or below;1746;1746;8;8;
2736288;species or below;5594;5594;11;11;
2732013;null;252341;324276;1;1;
187218;genus;265148;283912;9;9;
2847284;species or below;5553;5577;11;11;
2847072;species or below;2636;2704;11;11;
2991862;species or below;3473;3495;11;11;
2991863;species or below;4173;4230;11;11;
2991864;species or below;2971;3031;11;11;
2991865;species or below;3985;4009;11;11;
2024330;species or below;4234;4376;11;11;
1567007;species or below;1058;1088;7;7;
2182345;species or below;4676;4716;11;11;
2419762;species or below;3363;3447;11;11;
2020879;species or below;1910;2034;11;11;
1655307;species or below;2572;2605;11;11;
1965465;species or below;3095;3170;11;11;
2231354;species or below;1691;1739;11;11;
1920294;species or below;4531;4724;11;11;
2053625;species or below;7437;7517;11;11;
1983588;species or below;2267;2341;10;10;
2508174;species or below;3814;3904;11;11;
2184265;species or below;2926;3085;11;11;
2315695;species or below;4115;4131;11;11;
2713222;species or below;5758;5799;11;11;
2592195;species or below;6888;6964;11;11;
2589656;species or below;1305;1324;8;8;
2713308;species or below;2243;2243;11;11;
2732017;genus;222157;431877;107;89;
2419761;species or below;1968;3452;10;10;
2024325;species or below;2085;2474;6;8;
2508061;species or below;1457;2032;10;10;
2508069;species or below;122;221;5;5;
2041204;species or below;759;1339;11;11;
2231342;species or below;407;911;6;6;
2231345;species or below;353;416;8;8;
2231351;species or below;10775;11318;11;11;
2231352;species or below;908;2077;8;11;
2231355;species or below;2609;3543;11;11;
2231362;species or below;249;931;4;8;
2483612;species or below;178;178;6;6;
2025819;species or below;892;1008;6;6;
2480623;species or below;7951;8763;11;11;
2316014;species or below;3174;3675;11;11;
2601628;species or below;199;351;5;6;
2601697;species or below;884;1031;9;10;
2596884;species or below;1494;1586;11;11;
2591135;species or below;2033;2852;11;11;
1647454;species or below;967;1195;9;10;
2565517;species or below;559;894;6;7;
2713277;species or below;1836;2205;10;10;
2713279;species or below;593;1478;9;11;
2713285;species or below;468;632;6;8;
2713297;species or below;732;797;7;7;
2713299;species or below;1757;2112;10;10;
2713309;species or below;452;718;7;8;
2713317;species or below;127;468;5;8;
2910950;species or below;9462;10456;11;11;
2732014;null;58;58;1;1;
2041492;species or below;21065;21065;11;11;
2732037;genus;13289;13289;1;1;
2301664;species or below;13718;13718;11;11;
2484249;species or below;14643;14643;11;11;
2732038;genus;23514;23514;1;1;
2138298;species or below;11313;11313;11;11;
2138299;species or below;8201;8201;11;11;
2731691;null;20024;20024;1;1;
1910999;null;234;234;1;1;
187217;genus;119404;119404;6;6;
2175169;species or below;8006;8006;11;11;
2163886;species or below;7546;7546;11;11;
1983554;species or below;1528;1528;6;6;
2048005;species or below;11840;11840;11;11;
2024314;species or below;8630;8630;11;11;
1913048;species or below;7895;7895;11;11;
2697005;species or below;4976;4976;11;11;
2848075;species or below;4687;4687;11;11;
2496546;species or below;21233;21233;11;11;
1920860;genus;501501;501501;5;5;
2831671;species or below;4384;4384;11;11;
2419608;species or below;4870;4870;11;11;
1970798;species or below;5076;5076;11;11;
2060945;species or below;2158;2158;11;11;
2500828;species or below;2721;2721;11;11;
2024239;species or below;2159;2159;11;11;
1912320;species or below;8834;8834;11;11;
2026950;species or below;2894;2894;11;11;
2268610;species or below;3342;3342;11;11;
2301688;species or below;2302;2302;11;11;
2734042;species or below;691;691;1;1;
2301687;species or below;3030;3030;11;11;
2301690;species or below;2991;2991;11;11;
2301532;species or below;6974;6974;11;11;
2488573;species or below;2448;2448;11;11;
2591370;species or below;6646;6646;11;11;
2591371;species or below;1753;1753;9;9;
2591369;species or below;3552;3552;11;11;
2530029;species or below;5022;5022;11;11;
2591375;species or below;2321;2321;11;11;
2099585;species or below;3015;3015;11;11;
2686209;species or below;3330;3330;11;11;
2608376;species or below;7806;7806;11;11;
2678563;species or below;5560;5560;11;11;
2689114;species or below;7336;7336;11;11;
2591374;species or below;4410;4410;11;11;
2580405;species or below;5083;5083;11;11;
2580406;species or below;5664;5664;11;11;
2580407;species or below;2833;2833;9;9;
2580408;species or below;3351;3351;11;11;
2732045;null;16549;16549;1;1;
1920864;genus;5046;5046;1;1;
1933412;species or below;11940;11940;11;11;
2507711;species or below;16416;16416;11;11;
2732062;genus;3738;3738;1;1;
1933774;species or below;13618;13618;11;11;
2048061;species or below;17596;17596;11;11;
2576500;species or below;20696;20696;11;11;
2732046;null;10058;10058;1;1;
1920866;genus;20156;20156;5;5;
1273706;species or below;163;163;7;7;
2024315;species or below;18651;18651;11;11;
2024313;species or below;18455;18455;11;11;
2732047;null;38249;38249;1;1;
1920865;genus;68669;68669;1;1;
2267237;species or below;8171;8171;11;11;
2315629;species or below;3817;3817;11;11;
2233992;species or below;12033;12033;11;11;
2136179;species or below;6673;6673;11;11;
2053686;species or below;4745;4745;11;11;
2560145;genus;191197;191197;2;2;
2848074;species or below;10924;10924;11;11;
2508189;species or below;3830;3830;11;11;
2596677;species or below;5689;5689;11;11;
2714735;species or below;5562;5562;11;11;
2696375;species or below;5624;5624;11;11;
2696376;species or below;6397;6397;11;11;
2696389;species or below;4297;4297;11;11;
2696393;species or below;4448;4448;11;11;
2696401;species or below;3958;3958;11;11;
2696402;species or below;3854;3854;11;11;
2696404;species or below;2681;2681;10;10;
2696460;species or below;4286;4286;11;11;
2713321;species or below;3451;3451;11;11;
2732068;genus;215086;215090;5;5;
2026130;species or below;2842;2842;11;11;
2419760;species or below;10417;10417;21;21;
2496550;species or below;2820;2820;11;11;
2496549;species or below;2006;2006;9;9;
2585737;species or below;3358;3358;10;10;
2696385;species or below;5654;5654;11;11;
2696449;species or below;4654;4654;11;11;
2696450;species or below;5103;5103;11;11;
2696451;species or below;1751;1751;10;10;
2696452;species or below;3417;3417;11;11;
2696456;species or below;1701;1701;11;11;
2591057;species or below;1800;1800;11;11;
2842593;genus;837;837;1;1;
2591407;species or below;19159;19159;11;11;
2575323;species or below;19213;19213;11;11;
2589652;species or below;20720;20720;11;11;
2496547;species or below;20831;20831;11;11;
2499073;species or below;22259;22259;11;11;
2849700;species or below;14780;14780;11;11;
1480731;species or below;40950;40950;21;21;
2842816;genus;16460;16460;1;1;
2496544;species or below;8412;8412;11;11;
2732612;null;2849;2849;1;1;
2733152;genus;4024;4024;1;1;
2283270;species or below;19830;19830;11;11;
2283272;species or below;18955;18955;11;11;
2733153;genus;1144;1144;1;1;
2283271;species or below;19281;19281;11;11;
2733154;genus;4420;4420;1;1;
2283269;species or below;15022;15022;11;11;
2732613;null;34339;34339;1;1;
2733156;genus;21574;21574;6;6;
2507862;species or below;3713;3713;8;8;
2047830;species or below;6711;6711;9;9;
2315531;species or below;4199;4199;11;11;
2499025;species or below;7957;7957;11;11;
2301696;species or below;8965;8965;7;7;
2301694;species or below;9129;9129;11;11;
2732614;null;3852;3852;1;1;
1225795;species or below;23035;23035;11;11;
2733160;genus;27227;27227;1;1;
2053682;species or below;9017;9017;11;11;
2079432;species or below;14396;14396;11;11;
1755697;species or below;13925;13925;11;11;
2733161;genus;12147;12147;1;1;
2267607;species or below;8574;8574;11;11;
2733162;genus;32166;32166;9;9;
2079431;species or below;7957;7957;8;8;
1846168;species or below;16507;16507;11;11;
2070201;species or below;6610;6610;6;6;
2733088;genus;76285;76285;2;2;
2283029;species or below;12754;12754;11;11;
2201424;species or below;14901;14901;11;11;
2869543;species or below;17281;17281;11;11;
2869544;species or below;10895;10895;11;11;
2869545;species or below;17207;17207;11;11;
2869547;species or below;16303;16303;11;11;
2869549;species or below;8722;8722;11;11;
2869552;species or below;14401;14401;10;10;
2869553;species or below;17311;17311;11;11;
2869555;species or below;14940;14940;11;11;
2869556;species or below;12452;12452;11;11;
2869557;species or below;18953;18953;11;11;
2053653;species or below;22205;22205;11;11;
2733095;genus;98367;98367;24;24;
2565657;species or below;788;788;7;7;
2565658;species or below;8169;8169;10;10;
2849598;species or below;516;516;5;5;
2849599;species or below;204;204;6;6;
2849600;species or below;184;184;4;4;
2070181;species or below;23787;23787;11;11;
2733099;genus;16599;16599;1;1;
2785027;species or below;12259;12259;11;11;
2163636;species or below;15324;15324;11;11;
2733102;genus;621;621;1;1;
2734104;species or below;18832;18832;6;6;
2530027;species or below;1629;1629;6;6;
2070182;species or below;24198;24198;11;11;
2502409;species or below;20814;20814;11;11;
2048517;species or below;21544;21544;11;11;
2070183;species or below;21889;21889;11;11;
2733112;genus;3855;3855;1;1;
2562175;species or below;20249;20249;11;11;
2575328;species or below;17754;17754;11;11;
2070185;species or below;21230;21230;11;11;
2733122;genus;12;12;1;1;
2562142;species or below;20616;20616;11;11;
2029657;species or below;20892;20892;11;11;
2023998;species or below;21274;21274;11;11;
2733127;genus;46279;46279;1;1;
2575325;species or below;12614;12614;11;11;
1913047;species or below;6577;6577;11;11;
2713282;species or below;8285;8285;11;11;
2713327;species or below;7816;7816;11;11;
2733128;genus;53481;53481;7;7;
2315458;species or below;5988;5988;10;10;
2315466;species or below;4216;4216;10;10;
2315467;species or below;1932;1932;7;7;
2733130;genus;9742;9742;1;1;
2382310;species or below;16607;16607;11;11;
2283031;species or below;15447;15447;11;11;
1983553;species or below;20265;20265;11;11;
2070186;species or below;20277;20277;11;11;
2070187;species or below;20339;20339;11;11;
2734153;species or below;16742;16742;2;2;
2267653;species or below;4625;4625;10;10;
2733141;genus;39773;39773;1;1;
2315486;species or below;6618;6618;11;11;
2508193;species or below;12738;12738;11;11;
2508192;species or below;9281;9281;11;11;
1958956;species or below;23675;23675;11;11;
2115967;species or below;20863;20863;11;11;
2488654;species or below;20673;20673;11;11;
2733150;genus;495;495;1;1;
2562456;species or below;18913;18913;11;11;
2041211;species or below;19976;19976;11;11;
2508206;species or below;19961;19961;11;11;
2059880;species or below;17350;17350;9;9;
2419946;species or below;20323;20323;11;11;
2182350;species or below;22056;22056;11;11;
2250319;species or below;10321;10321;6;6;
2733167;genus;434;434;1;1;
2419971;species or below;19016;19016;11;11;
2894293;species or below;20111;20111;11;11;
2059881;species or below;23796;23796;11;11;
2733169;genus;32410;32410;1;1;
2500795;species or below;11415;11415;11;11;
1920308;species or below;12470;12470;11;11;
1920310;species or below;6545;6545;11;11;
2733170;genus;71190;71190;10;10;
2419949;species or below;10104;10104;11;11;
2419950;species or below;9313;9313;11;11;
2419956;species or below;2503;2503;6;6;
2419958;species or below;6580;6580;11;11;
2419965;species or below;2084;2084;7;7;
2733171;genus;26383;26383;3;3;
2419951;species or below;6867;6867;10;10;
2419959;species or below;6441;6441;10;10;
2283286;species or below;23822;23822;11;11;
2250289;species or below;19307;19307;11;11;
2733174;genus;9753;9753;4;4;
2283026;species or below;14595;14595;9;9;
2283025;species or below;18038;18038;10;10;
2733175;genus;12527;12527;1;1;
2510452;species or below;9146;9146;11;11;
2301604;species or below;20330;20330;11;11;
2733178;genus;20876;20876;1;1;
2562192;species or below;10046;10046;11;11;
2593335;species or below;11279;11279;11;11;
2484206;species or below;21476;21476;11;11;
2499072;species or below;23702;23702;11;11;
2182360;species or below;21559;21559;11;11;
2301600;species or below;20655;20655;11;11;
2201435;species or below;22601;22601;11;11;
2530172;species or below;21220;21220;11;11;
2283015;species or below;21699;21699;11;11;
2027888;species or below;21116;21116;11;11;
2070184;species or below;22046;22046;11;11;
2499009;species or below;20867;20867;11;11;
2059856;species or below;21943;21943;11;11;
2733194;genus;30662;30662;1;1;
2201436;species or below;9378;9378;11;11;
2753152;genus;14511;14511;1;1;
2591215;species or below;7288;7288;11;11;
2591216;species or below;14452;14452;11;11;
2591217;species or below;19269;19269;11;11;
2686228;species or below;8425;8425;11;11;
2686229;species or below;16275;16275;11;11;
2885981;species or below;20442;20442;11;11;
2733195;genus;46241;46241;1;1;
2530118;species or below;4869;4869;11;11;
2201437;species or below;7123;7123;11;11;
2201442;species or below;6058;6058;11;11;
2596974;species or below;7452;7452;11;11;
2733196;genus;134823;134823;4;4;
2047831;species or below;3629;3629;11;11;
2079280;species or below;1507;1507;9;9;
2079281;species or below;21262;21262;11;11;
2079413;species or below;3010;3010;11;11;
2591111;species or below;1940;1940;11;11;
2588132;species or below;18798;18798;11;11;
2653716;species or below;4510;4510;11;11;
2708629;species or below;3495;3495;10;10;
2502420;species or below;3124;3124;11;11;
2733197;genus;5315;5315;1;1;
1414766;species or below;17433;17433;11;11;
2488859;species or below;16891;16891;11;11;
2301539;species or below;20582;20582;11;11;
2070188;species or below;19511;19511;11;11;
2733200;genus;2712;2712;1;1;
2530116;species or below;20103;20103;11;11;
2733201;genus;1615;1615;1;1;
1920311;species or below;21794;21794;11;11;
2733202;genus;92473;92473;1;1;
2992928;species or below;4279;4279;11;11;
2992929;species or below;4027;4027;11;11;
2992931;species or below;4400;4400;11;11;
2753150;genus;21486;21486;1;1;
2656546;species or below;18589;18589;11;11;
2656550;species or below;18486;18486;11;11;
2656554;species or below;18696;18696;11;11;
2743404;species or below;9500;9500;11;11;
2813165;species or below;8021;8021;11;11;
2863847;species or below;2541;2541;11;11;
2871520;species or below;3497;3497;11;11;
2733203;genus;6617;6617;1;1;
2315716;species or below;16352;16352;11;11;
1920312;species or below;16793;16793;11;11;
2182341;species or below;21576;21576;11;11;
2733205;genus;34012;34012;3;3;
2250392;species or below;5359;5359;9;9;
2250397;species or below;5235;5235;11;11;
2059883;species or below;21286;21286;11;11;
2733207;genus;7951;7951;1;1;
2250323;species or below;14922;14922;11;11;
2713262;species or below;15559;15559;11;11;
2733208;genus;101314;101314;20;20;
2734273;species or below;2264;2264;4;4;
2301601;species or below;475;475;3;3;
2588502;species or below;776;776;3;3;
2588499;species or below;5880;5880;11;11;
2588501;species or below;2385;2385;5;5;
2591204;species or below;9096;9096;11;11;
2588504;species or below;10739;10739;11;11;
1675600;species or below;22092;22092;11;11;
1913114;species or below;16577;16577;11;11;
2500787;species or below;19811;19811;11;11;
1675601;species or below;22474;22474;11;11;
2510495;species or below;23030;23030;11;11;
2733215;genus;12407;12407;1;1;
2182354;species or below;14980;14980;11;11;
2182357;species or below;17432;17432;11;11;
2733216;genus;1360;1360;1;1;
2201430;species or below;19182;19182;11;11;
2201431;species or below;22300;22300;11;11;
2733219;genus;7964;7964;1;1;
2510571;species or below;16946;16946;11;11;
2510568;species or below;16080;16080;11;11;
2201444;species or below;22706;22706;11;11;
2788787;null;719215;718900;119;119;
1357707;species or below;1363;1363;3;3;
1357709;species or below;2464;2464;5;5;
1357710;species or below;21649;21649;11;11;
1366055;species or below;21872;21872;11;11;
1805958;species or below;21934;21934;11;11;
1821728;species or below;22948;22948;11;11;
1856120;species or below;21008;21008;11;11;
2014434;species or below;20878;20878;11;11;
2065202;species or below;22846;22846;11;11;
2182397;species or below;21682;21682;11;11;
2301634;species or below;3039;3039;11;11;
2301635;species or below;3474;3474;11;11;
2301636;species or below;1256;1256;8;8;
2301637;species or below;1255;1255;11;11;
2301639;species or below;4441;4441;5;5;
2315627;species or below;18605;18605;11;11;
2419952;species or below;20554;20554;11;11;
2419963;species or below;11563;11563;11;11;
2419964;species or below;19964;19964;11;11;
2419968;species or below;6392;6392;11;11;
2483661;species or below;22411;22411;11;11;
2500166;species or below;9031;9031;11;11;
2509748;species or below;20638;20638;11;11;
2510494;species or below;21595;21595;11;11;
2510522;species or below;19513;19513;11;11;
2562181;species or below;15513;15513;11;11;
2565372;species or below;22242;22242;11;11;
2565509;species or below;22098;22098;11;11;
2571250;species or below;13405;13405;11;11;
2580353;species or below;3943;3943;11;11;
2588512;species or below;18101;18101;10;10;
2591379;species or below;19580;19580;11;11;
2599866;species or below;20533;20533;11;11;
2599870;species or below;23431;23431;11;11;
2599890;species or below;22520;22520;11;11;
2601652;species or below;20466;20466;11;11;
2601660;species or below;15246;15246;11;11;
2656551;species or below;23481;23481;11;11;
2674975;species or below;22277;22277;11;11;
2686378;species or below;21837;21837;11;11;
2711179;species or below;8455;8455;10;10;
2713258;species or below;19753;19753;11;11;
2713260;species or below;19064;19064;11;11;
2736271;species or below;846;846;7;7;
2736272;species or below;203;203;5;5;
2736273;species or below;2190;2190;9;9;
2743999;species or below;2845;2845;4;4;
2759464;species or below;8561;8561;11;11;
2776857;species or below;21079;21079;11;11;
2777363;species or below;22388;22388;11;11;
2777364;species or below;11258;11258;11;11;
2783667;species or below;14510;14510;11;11;
2793708;species or below;21465;21465;11;11;
2805839;species or below;22115;22115;11;11;
2820395;species or below;5947;5947;11;11;
2829367;species or below;12026;12026;11;11;
2834256;species or below;21478;21478;11;11;
2834265;species or below;10014;10014;11;11;
2836041;species or below;10593;10593;11;11;
2836048;species or below;22003;22003;11;11;
2845816;species or below;22270;22270;11;11;
2851068;species or below;21030;21030;11;11;
2851069;species or below;21844;21844;11;11;
2852114;species or below;763;763;6;6;
2856180;species or below;24500;24500;11;11;
2859476;species or below;9977;9977;11;11;
2859633;species or below;18710;18710;11;11;
2873352;species or below;8666;8666;11;11;
2874885;species or below;12672;12672;11;11;
2874886;species or below;16767;16767;11;11;
2874887;species or below;9561;9561;11;11;
2874888;species or below;10753;10753;11;11;
2874889;species or below;11162;11162;11;11;
2874890;species or below;11746;11746;11;11;
2875722;species or below;7296;7296;8;8;
2885983;species or below;20793;20793;11;11;
2891955;species or below;21037;21037;11;11;
2894587;species or below;21694;21694;11;11;
2894785;species or below;21086;21401;11;11;
2894809;species or below;20378;20378;11;11;
2902690;species or below;13288;13288;11;11;
2902692;species or below;2840;2840;8;8;
2902694;species or below;15762;15762;11;11;
2907287;species or below;14075;14075;11;11;
2912296;species or below;4803;4803;7;7;
2914027;species or below;3707;3707;9;9;
2914450;species or below;17775;17775;11;11;
2917160;species or below;8817;8817;11;11;
2926084;species or below;4075;4075;4;4;
2926097;species or below;106;106;4;4;
2926099;species or below;23020;23020;11;11;
2926108;species or below;733;733;5;5;
2927268;species or below;21036;21036;11;11;
2927281;species or below;12255;12255;11;11;
2927284;species or below;22719;22719;11;11;
2936912;species or below;24003;24003;11;11;
2939128;species or below;6042;6042;11;11;
2939129;species or below;6416;6416;11;11;
2939132;species or below;18873;18873;11;11;
2944951;species or below;11419;11419;9;9;
2961988;species or below;8925;8925;11;11;
2968613;species or below;21979;21979;11;11;
2968677;species or below;18608;18608;11;11;
2968680;species or below;17623;17623;11;11;
2969597;species or below;87032;87032;41;41;
2981580;species or below;3182;3182;9;9;
2982901;species or below;991;991;5;5;
2985324;species or below;21962;21962;11;11;
2985648;species or below;16084;16084;9;9;
2999013;species or below;20635;20635;11;11;
3003729;species or below;20628;20628;11;11;
3025408;species or below;20772;20772;11;11;
3038367;species or below;11807;11807;11;11;
2842411;null;5;5;1;1;
926066;species or below;20209;20209;11;11;
2842711;genus;13857;13857;1;1;
2420237;species or below;14007;14007;11;11;
1983541;species or below;12982;12982;11;11;
2842570;genus;3023;3023;1;1;
2175605;species or below;19923;19923;11;11;
2316154;species or below;23733;23733;11;11;
2924884;species or below;21780;21780;11;11;
2732588;null;583;583;1;1;
680287;genus;142765;142765;1;1;
2108359;species or below;5878;5878;11;11;
2483713;species or below;5120;5120;11;11;
2074138;species or below;7101;7101;11;11;
2732601;species or below;3989;3989;1;1;
1319980;species or below;5686;5686;11;11;
2776836;species or below;4876;4876;11;11;
1913581;species or below;3474;3474;11;11;
2650876;species or below;7889;7889;11;11;
2797417;species or below;5649;5649;11;11;
2591106;species or below;12663;12663;11;11;
2851077;species or below;4620;4620;11;11;
2732589;genus;59452;59452;1;1;
1958907;species or below;10197;10197;11;11;
1958922;species or below;5692;5692;11;11;
3071005;species or below;8826;8826;11;11;
2835941;species or below;10929;10929;11;11;
2842616;genus;118958;118958;1;1;
2546621;species or below;13669;13669;11;11;
2546622;species or below;13374;13374;11;11;
2546618;species or below;15164;15164;11;11;
2546619;species or below;7586;7586;11;11;
2546620;species or below;7874;7874;11;11;
2546625;species or below;7904;7904;11;11;
2546623;species or below;9424;9424;11;11;
2546626;species or below;10351;10351;11;11;
2017580;species or below;2837;2837;11;11;
2759198;species or below;10887;10887;11;11;
2816460;species or below;16508;16508;11;11;
2842870;genus;1485;1485;1;1;
1747351;species or below;19863;19863;11;11;
2501743;species or below;20544;20544;11;11;
2842328;null;840;840;1;1;
542836;null;23;23;1;1;
186846;genus;20962;20962;1;1;
2022474;species or below;11344;11344;11;11;
2736266;species or below;13029;13029;11;11;
2842397;genus;19731;19731;1;1;
2992639;species or below;11112;11112;11;11;
1807511;species or below;12173;12173;11;11;
2842419;null;2583;2583;1;1;
2842609;genus;105950;105950;3;3;
2315470;species or below;12904;12904;11;11;
2023949;species or below;5728;5728;11;11;
2023950;species or below;4763;4763;9;9;
1909400;species or below;6293;6293;11;11;
1983413;species or below;4022;4022;11;11;
2756144;species or below;2768;2768;11;11;
2795746;species or below;5770;5770;11;11;
2842725;genus;31069;31069;1;1;
2500808;species or below;14812;14812;11;11;
2500809;species or below;7462;7462;11;11;
2500810;species or below;6376;6376;11;11;
2842425;null;6;6;1;1;
2842696;genus;144;144;1;1;
2847044;species or below;20208;20208;11;11;
2591398;species or below;22056;22056;11;11;
2842573;genus;2254;2254;1;1;
2662127;species or below;22259;22259;11;11;
2662128;species or below;20762;20762;11;11;
2801480;species or below;21109;21109;11;11;
2842721;genus;23623;23623;2;2;
1983461;species or below;9829;9829;11;11;
1981931;species or below;8033;8033;10;10;
2777318;species or below;24580;24580;11;11;
2842329;null;1976;1976;1;1;
2733146;genus;80020;80020;9;9;
1881226;species or below;3757;3757;11;11;
1881217;species or below;1752;1752;9;9;
1881237;species or below;3362;3362;11;11;
1881213;species or below;415;415;5;5;
2268587;species or below;23031;23031;11;11;
2842412;null;2423;2423;1;1;
1920753;genus;65434;65434;1;1;
2234086;species or below;9260;9260;11;11;
2315696;species or below;6879;6879;11;11;
2750853;species or below;12070;12070;11;11;
2047765;species or below;11248;11248;11;11;
2853091;species or below;6564;6564;11;11;
2810370;species or below;9950;9950;11;11;
2099850;species or below;19772;19772;11;11;
2886042;species or below;20439;20439;11;11;
2842413;null;79;79;1;1;
2178928;species or below;22361;22361;11;11;
2842416;null;746;746;1;1;
2842993;genus;12486;12486;1;1;
2596966;species or below;15186;15186;11;11;
2419682;species or below;15163;15163;11;11;
2842417;null;123;123;1;1;
1920762;genus;69436;69436;1;1;
2894395;species or below;5632;5632;11;11;
2873372;species or below;5482;5482;11;11;
1868829;species or below;4044;4044;11;11;
2713224;species or below;3172;3172;11;11;
2842421;null;8776;8776;1;1;
1881383;species or below;17934;17934;11;11;
1913109;species or below;19117;19117;11;11;
1881421;species or below;16978;16978;11;11;
2842422;null;1874;1874;1;1;
1815984;species or below;18662;18662;11;11;
2842545;genus;3181;3181;1;1;
2846074;species or below;15794;15794;3;3;
2218611;species or below;1000;1000;9;9;
926474;species or below;22776;22776;11;11;
2218612;species or below;21185;21185;11;11;
1815983;species or below;21696;21696;11;11;
2873349;species or below;20875;20875;11;11;
2842423;null;2493;2493;1;1;
2842653;genus;47758;47758;1;1;
2591039;species or below;5820;5820;11;11;
2591043;species or below;3762;3762;11;11;
2591048;species or below;3992;3992;11;11;
2048976;species or below;21204;21204;11;11;
2842976;genus;17010;17010;1;1;
2591041;species or below;15204;15204;11;11;
2591042;species or below;11497;11497;11;11;
2842586;genus;83685;83685;3;3;
1958917;species or below;2802;2802;10;10;
1958919;species or below;2880;2880;10;10;
2163635;species or below;2406;2406;11;11;
1965354;species or below;10470;10470;11;11;
2863195;species or below;18888;18888;11;11;
2686301;species or below;10624;10624;11;11;
2599764;species or below;22101;22101;11;11;
2842828;genus;5513;5513;1;1;
2079289;species or below;20273;20273;11;11;
2163965;species or below;18910;18910;11;11;
2842934;genus;39949;39949;5;5;
2846607;species or below;1447;1447;3;3;
1283073;species or below;295;295;8;8;
1916111;species or below;2205;2205;8;8;
2842972;genus;17618;17618;1;1;
2596674;species or below;19424;19424;11;11;
2859653;species or below;12467;12467;11;11;
2859656;species or below;12773;12773;11;11;
2108116;species or below;23067;23067;11;11;
2843161;genus;31065;31065;7;7;
1622115;species or below;6725;6725;10;10;
1622116;species or below;3219;3219;6;6;
2604899;species or below;23823;23823;11;11;
2948690;genus;13013;13013;1;1;
2801837;species or below;15135;15135;11;11;
2806547;species or below;13658;13658;11;11;
2500581;species or below;20453;20453;11;11;
2655002;species or below;21592;21592;11;11;
2723769;species or below;20722;20722;11;11;
2948856;genus;31562;31562;1;1;
1881231;species or below;7635;7635;11;11;
1881236;species or below;3912;3912;11;11;
2654972;species or below;20619;20619;11;11;
2812854;species or below;23125;23125;11;11;
1965485;species or below;23674;23674;11;11;
3044643;null;6037;6037;1;1;
3044653;genus;50183;50183;1;1;
2836132;species or below;10376;10376;11;11;
2836135;species or below;5921;5921;11;11;
2509576;species or below;8988;8988;11;11;
2509781;species or below;6926;6926;11;11;
3044697;genus;4427;4427;1;1;
2509728;species or below;17768;17768;11;11;
2509750;species or below;16724;16724;11;11;
2914029;species or below;21608;21608;11;11;
2877946;species or below;21690;21690;11;11;
2859655;species or below;20295;20295;11;11;
2859072;species or below;19441;19441;11;11;
2836086;species or below;19795;19795;11;11;
2842410;null;449;449;1;1;
2843048;genus;6956;6956;1;1;
2847822;species or below;13768;13768;11;11;
2847823;species or below;20247;20247;11;11;
2842862;genus;3864;3864;1;1;
1357706;species or below;18634;18634;11;11;
2842518;null;264;264;1;1;
2560092;genus;12247;12247;1;1;
2664246;species or below;16375;16375;11;11;
2508172;species or below;16820;16820;11;11;
2592615;species or below;14255;14255;11;11;
2842520;null;3841;3841;1;1;
2182408;species or below;19599;19599;11;11;
2053813;species or below;20594;20594;11;11;
2842852;genus;29643;29643;1;1;
2708562;species or below;8731;8731;11;11;
2053812;species or below;17611;17611;11;11;
2053723;species or below;5880;5880;11;11;
2842521;null;54;54;1;1;
2842540;genus;759;759;1;1;
2565510;species or below;22200;22200;11;11;
2725606;species or below;21841;21841;11;11;
2843096;genus;500;500;1;1;
2590877;species or below;21181;21181;11;11;
2583039;species or below;19646;19646;11;11;
2842522;null;53851;53851;9;9;
1623298;genus;40697;40697;11;11;
2848096;species or below;530;530;5;5;
2492948;species or below;3378;3378;11;11;
2696345;species or below;868;868;7;7;
2557555;species or below;5247;5247;11;11;
2029631;species or below;1408;1408;7;7;
2842658;genus;43355;43355;25;25;
2848097;species or below;1278;1278;10;10;
2059858;species or below;185;185;5;5;
2681195;species or below;118;118;4;4;
2588090;species or below;514;514;9;9;
1211285;species or below;79;79;5;5;
947066;species or below;78;78;2;2;
2842523;null;21582;21582;7;7;
1623274;genus;29914;29914;29;29;
1965490;species or below;240;240;5;5;
2846264;species or below;1181;1181;8;8;
1840236;species or below;121;121;3;3;
1735645;species or below;723;723;7;7;
1735646;species or below;801;801;6;6;
2268607;species or below;246;246;6;6;
2268621;species or below;205;205;4;4;
2846371;species or below;3254;3254;9;9;
874268;species or below;32;32;2;2;
2060949;species or below;216;216;7;7;
2842946;genus;20188;20188;11;11;
1934428;species or below;214;214;7;7;
2268609;species or below;1957;1957;10;10;
1969736;species or below;32;32;2;2;
2842524;null;3109;3109;1;1;
2842796;genus;71617;71617;1;1;
2601686;species or below;9446;9446;11;11;
2656532;species or below;6499;6499;11;11;
2507858;species or below;6675;6675;11;11;
2588490;species or below;14666;14666;11;11;
2652414;species or below;20598;20598;11;11;
2507854;species or below;19532;19532;11;11;
2656542;species or below;3360;3360;11;11;
2725616;species or below;19576;19576;11;11;
2843069;genus;9013;9013;1;1;
2656529;species or below;16139;16139;11;11;
2652415;species or below;17230;17230;11;11;
2842525;null;16252;16252;6;6;
2070190;species or below;10444;10444;9;9;
2249779;species or below;13476;13476;8;8;
2842526;null;52;52;1;1;
2842583;genus;12500;12500;1;1;
2072797;species or below;14234;14234;11;11;
2283012;species or below;15767;15767;11;11;
2842527;null;11579;11579;1;1;
2843141;genus;3836;3836;1;1;
2015807;species or below;2235;2235;11;11;
1982239;genus;48193;48193;1;1;
1982240;species or below;604;604;1;1;
2660687;species or below;4266;4266;11;11;
2268989;genus;2661;2661;1;1;
1970800;species or below;16824;16824;11;11;
2822848;species or below;6290;6290;11;11;
2968248;species or below;7788;7788;11;11;
2729541;species or below;22786;22786;11;11;
2842529;null;263;263;1;1;
1868826;species or below;20887;20887;11;11;
2565501;species or below;21705;21787;11;11;
2842530;null;4544;4544;1;1;
2843051;genus;1790;1790;1;1;
2744802;species or below;13043;13043;11;11;
2591411;species or below;21128;21128;11;11;
2847056;species or below;7084;7084;11;11;
2843346;genus;6649;6649;1;1;
2484218;species or below;17678;17678;11;11;
2484217;species or below;17011;17011;11;11;
2724180;species or below;22754;22754;11;11;
2713276;species or below;22302;22302;11;11;
2843351;genus;48803;48803;2;2;
1965467;species or below;7781;7781;10;10;
1965472;species or below;9184;9184;11;11;
1965482;species or below;5890;5890;11;11;
2662295;species or below;10458;10458;11;11;
2713256;species or below;20593;20593;11;11;
2843354;genus;150;150;1;1;
2713242;species or below;20120;20120;11;11;
2713243;species or below;20973;20973;11;11;
2843355;genus;58008;58008;2;2;
2759709;species or below;816;816;10;10;
2846051;species or below;2515;2515;21;21;
2843757;species or below;2117;2260;4;4;
1118064;species or below;98;98;2;2;
1932007;species or below;14436;14436;11;11;
2847059;species or below;5589;5593;11;11;
1913591;species or below;20388;20388;11;11;
2843362;genus;8450;8450;1;1;
2590948;species or below;16959;16959;11;11;
2713257;species or below;18646;18646;11;11;
2315703;species or below;17618;17618;11;11;
2843366;genus;47993;47993;8;8;
2759720;species or below;1621;1621;9;9;
2759724;species or below;961;961;10;10;
2759726;species or below;1962;1962;10;10;
2759727;species or below;5049;5049;9;9;
2759730;species or below;1908;1908;10;10;
2843367;genus;12578;12578;7;7;
1868595;species or below;3847;3847;5;5;
1868594;species or below;1845;1845;6;6;
2843370;genus;112672;112672;18;18;
2024213;species or below;829;829;2;2;
2495553;species or below;5649;5649;10;10;
2495554;species or below;4271;4271;10;10;
2495555;species or below;4512;4512;9;9;
1913446;species or below;4638;4638;11;11;
2596715;species or below;1516;1516;7;7;
2491321;species or below;3075;3075;11;11;
2079417;species or below;20079;20079;11;11;
1873341;species or below;19871;19871;11;11;
2843374;genus;21537;21537;1;1;
2588093;species or below;11957;11957;11;11;
2588094;species or below;10215;10215;11;11;
2759732;species or below;20152;20152;11;11;
2419618;species or below;22191;22191;11;11;
2843380;genus;201505;201505;77;77;
2070189;species or below;3534;3534;4;4;
2249765;species or below;26;26;2;2;
2249767;species or below;1194;1194;10;10;
2249777;species or below;2817;2817;3;3;
2070193;species or below;4660;4660;9;9;
2070194;species or below;413;413;5;5;
2070195;species or below;571;571;3;3;
2070196;species or below;63;63;3;3;
2249780;species or below;3302;3302;4;4;
2843381;genus;20129;20129;9;9;
2759725;species or below;1931;1931;3;3;
2419978;species or below;21358;21358;11;11;
2843383;genus;7183;7183;1;1;
2575255;species or below;13407;13407;11;11;
2843385;genus;22233;22233;2;2;
2759721;species or below;1630;1630;10;10;
2282904;species or below;8932;8932;11;11;
2759728;species or below;6783;6783;11;11;
2847058;species or below;9259;9259;11;11;
2843388;genus;71712;71712;26;26;
2249773;species or below;9747;9747;11;11;
1636256;species or below;2764;2764;3;3;
2282396;species or below;2803;2803;4;4;
2686246;species or below;4962;4962;10;10;
2843392;genus;25105;25131;10;10;
1759525;species or below;4446;4446;6;6;
2843780;species or below;2991;2991;4;4;
1868598;species or below;205;205;4;4;
2656582;species or below;21385;21385;11;11;
2843396;genus;7253;7253;4;4;
2847055;species or below;4274;4274;10;10;
2847060;species or below;2781;2781;11;11;
2847062;species or below;1660;1660;8;8;
2843397;genus;422;422;1;1;
2041454;species or below;14680;14680;11;11;
1913112;species or below;19683;19683;11;11;
2843401;genus;4795;4795;1;1;
2686080;species or below;19555;19555;11;11;
2315608;species or below;19060;19060;11;11;
2599828;species or below;18292;18292;11;11;
2059855;species or below;21275;21275;11;11;
2653270;species or below;21593;21593;11;11;
1880590;species or below;21206;21206;11;11;
2589665;species or below;21203;21203;11;11;
2843411;genus;77269;77269;13;13;
2588517;species or below;1316;1316;9;9;
2591030;species or below;1630;1630;8;8;
2591032;species or below;1720;1720;6;6;
2591033;species or below;2827;2827;9;9;
2843412;genus;80797;80797;3;3;
2599843;species or below;3655;3655;11;11;
2599845;species or below;11023;11023;11;11;
2599848;species or below;7062;7062;11;11;
2599849;species or below;4024;4024;10;10;
2656545;species or below;5921;5921;10;10;
2843414;genus;16035;16035;1;1;
2723758;species or below;12969;12969;11;11;
2026944;species or below;13244;13244;11;11;
2530024;species or below;20652;20652;11;11;
2508071;species or below;22248;22248;11;11;
2843418;genus;41608;41608;36;36;
2686247;species or below;137;137;7;7;
2686251;species or below;32;32;2;2;
2686258;species or below;363;363;4;4;
2686268;species or below;38;38;3;3;
2686270;species or below;430;430;6;6;
2686277;species or below;365;365;4;4;
2843419;genus;7966;7966;1;1;
2070028;species or below;18720;18720;11;11;
2587809;species or below;15810;15810;11;11;
2843420;genus;1477;1477;1;1;
1147722;species or below;6330;6330;10;10;
2843421;genus;75125;75125;1;1;
2846388;species or below;2584;2584;1;1;
1654717;species or below;4092;4092;11;11;
2555548;species or below;3893;3893;11;11;
2650877;species or below;8074;8074;11;11;
2601680;species or below;9936;9936;11;11;
3071007;species or below;7322;7322;11;11;
2843422;genus;32189;32189;1;1;
2024252;species or below;5659;5659;11;11;
2587814;species or below;4480;4480;11;11;
2591403;species or below;22085;22085;11;11;
2656526;species or below;20600;20600;11;11;
2843425;genus;2000;2000;1;1;
2601678;species or below;21352;21352;11;11;
2843426;genus;11025;11025;24;24;
2686245;species or below;1968;1968;5;5;
2686263;species or below;101;101;3;3;
2686266;species or below;540;540;3;3;
2686273;species or below;2619;2619;8;8;
2686279;species or below;21;21;2;2;
2704031;species or below;21984;21984;11;11;
2843428;genus;761;761;1;1;
2557553;species or below;23277;23277;11;11;
2596673;species or below;19495;19495;11;11;
2843429;genus;9924;9924;1;1;
2847057;species or below;2383;2383;11;11;
2847063;species or below;2954;2954;10;10;
2843431;genus;24723;24723;1;1;
2041382;species or below;9532;9532;11;11;
2041383;species or below;10206;10206;11;11;
2843432;genus;13675;13678;8;8;
254397;species or below;639;639;9;9;
1226262;species or below;344;344;8;8;
1226263;species or below;1060;1060;8;8;
2557554;species or below;23941;23941;11;11;
2843436;genus;71927;71927;22;22;
2588515;species or below;2726;2726;5;5;
2588518;species or below;8000;8000;6;6;
2588520;species or below;7731;7731;11;11;
2847061;species or below;8424;8424;11;11;
2759715;species or below;19437;19437;11;11;
2843444;genus;60490;60490;2;2;
1777122;species or below;841;841;10;10;
2557579;species or below;7531;7531;11;11;
2557582;species or below;1413;1413;11;11;
2843445;genus;10701;10701;2;2;
1965489;species or below;8406;8406;10;10;
137511;species or below;20784;20784;11;11;
2843449;genus;5074;5074;1;1;
31754;species or below;13874;13874;11;11;
2843450;genus;25594;25594;1;1;
2530032;species or below;8363;8363;11;11;
2530033;species or below;8641;8641;11;11;
1226260;species or below;13283;13283;11;11;
912321;species or below;20430;20430;11;11;
2843455;genus;18735;18735;10;10;
1522091;species or below;31;31;2;2;
2547425;species or below;22212;22212;11;11;
2591131;species or below;20766;20766;11;11;
10717;species or below;21937;21937;11;11;
2036055;species or below;17811;17811;11;11;
2099336;species or below;20738;20738;11;11;
2686278;species or below;20704;20704;11;11;
2843466;genus;44347;44347;7;7;
1965474;species or below;7534;7534;8;8;
1965478;species or below;6865;6865;8;8;
2656515;species or below;10483;10483;11;11;
2488571;species or below;14243;14243;11;11;
2599838;species or below;21340;21340;11;11;
1983536;species or below;22385;22385;11;11;
2843470;genus;53384;53384;4;4;
1868848;species or below;1438;1438;10;10;
1868853;species or below;933;933;11;11;
2662293;species or below;610;610;11;11;
254253;species or below;6761;6761;9;9;
2593333;species or below;22221;22221;11;11;
2591132;species or below;20006;20006;11;11;
2942676;null;3;3;1;1;
2946180;null;117;117;1;1;
2878010;species or below;21401;21401;11;11;
2507575;species or below;21996;21996;11;11;
2877990;species or below;23092;23092;11;11;
1430441;species or below;21727;21727;11;11;
2843389;genus;45843;45843;1;1;
2877986;species or below;10060;10060;11;11;
2877991;species or below;11367;11367;11;11;
2878013;species or below;5219;5219;11;11;
2721757;species or below;14810;14810;11;11;
2878006;species or below;21347;21347;11;11;
2878008;species or below;18952;18952;11;11;
2877989;species or below;22049;22049;11;11;
2942894;genus;42289;42289;4;4;
1983577;species or below;12392;12392;11;11;
2590944;species or below;530;530;8;8;
2499071;species or below;8720;8720;11;11;
2943001;null;5389;5389;1;1;
1623283;genus;175800;175800;8;8;
2749261;species or below;2679;2679;11;11;
1654888;species or below;2358;2358;11;11;
1958913;species or below;1347;1347;11;11;
2048975;species or below;1587;1587;8;8;
1897739;species or below;3137;3137;10;10;
2316013;species or below;2060;2060;10;10;
2801569;species or below;1154;1154;11;11;
2698927;species or below;2919;2919;11;11;
2419754;species or below;1941;1941;9;9;
2843478;genus;31898;31898;1;1;
2845093;species or below;43722;43722;25;25;
2079340;species or below;532;532;7;7;
2315475;species or below;14896;14896;11;11;
2601626;species or below;15540;15540;11;11;
2596672;species or below;21342;21342;11;11;
2315217;species or below;20958;20958;11;11;
2796514;species or below;20547;20547;11;11;
2593268;species or below;19428;19428;11;11;
2729575;species or below;22441;22441;11;11;
2783540;species or below;23796;23796;11;11;
2943011;genus;52821;52821;17;17;
2663325;species or below;5504;5504;11;11;
2048007;species or below;1805;1805;4;4;
2753656;species or below;884;884;2;2;
2660688;species or below;21438;21438;11;11;
2943013;genus;41785;41785;21;21;
2943014;genus;2088;2088;1;1;
1983555;species or below;20574;20574;11;11;
2662138;species or below;19632;19632;11;11;
2943015;genus;28670;28670;1;1;
2761109;species or below;6929;6929;11;11;
2761110;species or below;6943;6943;11;11;
2943016;genus;15456;15456;1;1;
2674970;species or below;6622;6622;11;11;
2026102;species or below;17095;17095;11;11;
1964565;species or below;21720;21720;11;11;
2943019;genus;3218;3218;1;1;
2608321;species or below;20689;20689;11;11;
2776735;species or below;21278;21278;11;11;
2591031;species or below;19485;19485;11;11;
2742114;species or below;22318;22318;11;11;
2960002;null;79076;79076;31;31;
2218618;species or below;8979;8979;11;11;
2769808;species or below;12790;12790;11;11;
2745673;species or below;20597;20597;11;11;
2946156;null;1644;1644;1;1;
2745692;species or below;18980;18980;11;11;
2686250;species or below;21650;21650;11;11;
2745674;species or below;20380;20380;11;11;
2948713;genus;20857;20857;1;1;
2745646;species or below;10391;10391;11;11;
2745662;species or below;11816;11816;11;11;
2745684;species or below;20675;20675;11;11;
2946160;null;60456;60456;1;1;
2733092;genus;62455;62455;6;6;
2734085;species or below;409;409;1;1;
2790336;species or below;2176;2176;11;11;
2790345;species or below;605;605;7;7;
2790346;species or below;3713;3713;10;10;
2023996;species or below;21354;21354;11;11;
2733098;genus;51909;51909;19;19;
2790347;species or below;3000;3000;11;11;
2790659;species or below;106;106;3;3;
2733109;genus;14789;14789;1;1;
2484640;species or below;5959;5959;11;11;
2733117;genus;4382;4382;1;1;
2734121;species or below;14658;14658;10;10;
756278;species or below;6;6;2;2;
1493508;species or below;31450;31450;21;21;
2268578;species or below;23416;23416;11;11;
2734148;species or below;18291;18291;1;1;
1048189;species or below;2328;2328;11;11;
2733139;genus;9155;9155;1;1;
1278485;species or below;10809;10809;11;11;
1883365;species or below;19258;19258;11;11;
2948659;genus;5412;5412;1;1;
1493510;species or below;7753;7753;11;11;
1493509;species or below;22058;22058;11;11;
2100130;species or below;18327;18327;11;11;
2948872;genus;3305;3305;1;1;
1493514;species or below;11173;11173;11;11;
2948904;genus;36743;36743;20;20;
1983572;species or below;2134;2134;2;2;
2718943;species or below;17613;17613;11;11;
2718942;species or below;18265;18265;11;11;
2783674;species or below;18471;18471;11;11;
2781608;species or below;22426;22426;11;11;
2926475;species or below;21972;21972;11;11;
2783673;species or below;22942;22942;11;11;
2783669;species or below;18918;18918;11;11;
2588487;species or below;22217;22217;11;11;
2946162;null;72;72;1;1;
2946626;null;3718;3718;1;1;
1982095;genus;10736;10736;1;1;
1622114;species or below;10557;10557;11;11;
2946834;genus;8192;8192;1;1;
2674976;species or below;12637;12637;11;11;
2719575;species or below;20792;20792;11;11;
1852622;species or below;22175;22175;11;11;
2946644;null;3069;3069;1;1;
2733220;genus;54657;54657;1;1;
1916123;species or below;5415;5415;11;11;
1916124;species or below;5628;5628;11;11;
1916125;species or below;6453;6453;11;11;
1916126;species or below;6465;6465;11;11;
2948826;genus;22920;22920;2;2;
2745691;species or below;7770;7770;11;11;
2745685;species or below;9340;9340;10;10;
2664196;species or below;22147;22147;11;11;
2946642;null;5063;5063;1;1;
2126925;species or below;20529;20529;11;11;
2315704;species or below;20722;20722;11;11;
2948855;genus;128303;128303;1;1;
2283249;species or below;6207;6207;11;11;
2656547;species or below;8062;8062;11;11;
2743990;species or below;6642;6642;11;11;
2653750;species or below;9353;9353;11;11;
2725614;species or below;4274;4274;11;11;
2250371;species or below;12106;12106;11;11;
2126933;species or below;5628;5628;11;11;
2743924;species or below;7967;7967;11;11;
2250352;species or below;5502;5502;11;11;
2745672;species or below;21916;21916;11;11;
2946167;null;202747;202622;15;15;
140410;genus;307801;307801;22;22;
10679;species or below;7562;7562;29;29;
2881011;species or below;2606;2606;11;11;
2592161;species or below;6089;6089;11;11;
2576484;species or below;3644;3644;10;10;
2844217;species or below;3813;3813;11;11;
2844218;species or below;3126;3126;11;11;
2844219;species or below;6928;6928;11;11;
2844220;species or below;2179;2179;11;11;
2844221;species or below;1315;1315;3;3;
2844222;species or below;2030;2030;10;10;
2939039;species or below;2990;2990;11;11;
2736197;species or below;3461;3461;10;10;
2736200;species or below;3284;3284;11;11;
2736202;species or below;3574;3574;11;11;
2915325;species or below;51;51;3;3;
2852116;species or below;4162;4162;11;11;
2724352;species or below;5850;5850;11;11;
2732972;genus;487;487;1;1;
2991867;species or below;19741;19741;11;11;
2732973;genus;11243;11243;1;1;
2734055;species or below;5098;5098;4;4;
1572746;species or below;2073;2073;8;8;
1881262;species or below;19987;19987;11;11;
1916107;species or below;20101;20101;11;11;
2732977;genus;24672;24672;1;1;
2483611;species or below;12705;12705;11;11;
2563525;species or below;7952;7952;11;11;
2732978;genus;13640;13640;1;1;
2014586;species or below;15063;15063;11;11;
2592223;species or below;12054;12054;11;11;
2861008;species or below;15148;15148;11;11;
2732980;genus;9649;6038;1;1;
1647468;species or below;10981;14592;11;11;
2732982;genus;6246;6246;1;1;
2716322;species or below;18865;18865;11;11;
2906468;species or below;16609;16609;11;11;
1897436;species or below;23141;23141;11;11;
1960657;species or below;21474;21474;11;11;
947842;species or below;21560;21560;11;11;
2733083;genus;14293;14293;5;5;
2781364;species or below;3620;3620;10;10;
2914172;species or below;5627;5627;8;8;
2733085;genus;32195;32195;11;11;
2716350;species or below;1163;1163;5;5;
2716354;species or below;1267;1267;7;7;
2844224;species or below;11695;11695;11;11;
2592212;species or below;25006;25006;11;11;
2340712;species or below;20585;20585;11;11;
2510483;species or below;20917;20917;11;11;
2510480;species or below;13865;13865;11;11;
2660715;species or below;19027;19027;11;11;
2946806;genus;2210;2210;1;1;
1636201;species or below;22044;22044;11;11;
2767578;species or below;19361;19361;11;11;
2992576;species or below;23080;23080;11;11;
2510464;species or below;9463;9493;11;11;
2948695;genus;2832;2837;1;1;
1960658;species or below;10643;10648;11;11;
2904709;species or below;9467;9467;10;10;
2695847;species or below;15893;15893;11;11;
2510455;species or below;15009;15011;11;11;
2510486;species or below;18461;18469;11;11;
2716352;species or below;12937;12937;11;11;
2510470;species or below;10905;10905;8;8;
2948876;genus;42102;42102;8;8;
2695850;species or below;5235;5235;10;10;
2695849;species or below;2435;2435;5;5;
2695848;species or below;8687;8687;11;11;
2759177;species or below;24646;24646;11;11;
2716351;species or below;12253;12328;11;11;
2866684;species or below;22486;22486;11;11;
3044707;genus;27725;27725;3;3;
2918920;species or below;9137;9137;9;9;
2918921;species or below;9000;9000;11;11;
2918927;species or below;9597;9597;11;11;
2918926;species or below;22183;22183;11;11;
2914028;species or below;18097;18097;11;11;
2894367;species or below;21612;21612;11;11;
2914024;species or below;24063;24063;11;11;
2948648;genus;4673;4673;1;1;
2745643;species or below;18281;18281;11;11;
2946170;null;79617;79617;3;3;
1198136;null;118299;118299;2;2;
10663;genus;545184;545184;65;65;
2060721;species or below;1610;1610;11;11;
2079276;species or below;1201;1201;9;9;
2716727;species or below;701;701;7;7;
2716728;species or below;507;507;9;9;
1651202;species or below;1443;1443;10;10;
1651199;species or below;1037;1037;10;10;
2163890;species or below;2099;2099;11;11;
1651198;species or below;654;654;11;11;
10692;species or below;769;769;10;10;
10666;species or below;877;877;10;10;
2420240;species or below;540;540;10;10;
2025815;species or below;1367;1367;10;10;
2025816;species or below;1093;1093;11;11;
2576882;species or below;2291;2291;10;10;
2750846;species or below;1583;1583;11;11;
2696339;species or below;2781;2781;11;11;
2081604;species or below;1704;1704;11;11;
2502301;species or below;863;863;9;9;
2502306;species or below;265;265;6;6;
2502303;species or below;767;767;11;11;
2508179;species or below;1388;1388;11;11;
2508181;species or below;361;361;9;9;
2724310;species or below;934;934;10;10;
2508180;species or below;673;673;10;10;
2218499;species or below;1014;1014;10;10;
2750850;species or below;714;714;10;10;
2712972;species or below;1496;1496;11;11;
2184699;species or below;569;569;9;9;
2508177;species or below;643;643;8;8;
2750851;species or below;1074;1074;10;10;
2315580;species or below;1156;1156;10;10;
1837875;species or below;1121;1121;11;11;
2060720;species or below;1243;1243;10;10;
2079315;species or below;197;197;5;5;
2697536;species or below;451;451;8;8;
2697537;species or below;530;530;9;9;
2697539;species or below;909;909;10;10;
2025823;species or below;1294;1294;11;11;
2656520;species or below;1373;1373;11;11;
2716729;species or below;791;791;10;10;
2591056;species or below;794;794;11;11;
2591063;species or below;1169;1169;11;11;
1913049;species or below;1117;1117;11;11;
2024321;species or below;602;602;10;10;
2321390;species or below;392;392;8;8;
2691085;species or below;488;488;8;8;
2052930;species or below;1042;1042;11;11;
2163889;species or below;1064;1064;10;10;
2052931;species or below;677;677;4;4;
2052932;species or below;1125;1125;11;11;
1871710;species or below;1283;1283;9;9;
2448909;species or below;1177;1177;11;11;
1932889;species or below;326;326;8;8;
1913650;genus;20562;20562;1;1;
2108137;species or below;12169;12169;11;11;
1892569;species or below;8982;8982;11;11;
1913652;genus;18626;18626;1;1;
2340715;species or below;3253;3253;11;11;
1651196;species or below;2778;2778;11;11;
1970776;species or below;2464;2464;10;10;
2479933;species or below;3014;3014;11;11;
2234080;species or below;3953;3953;11;11;
1913654;genus;8944;8944;1;1;
2893954;species or below;8225;8225;11;11;
1914165;genus;58120;58120;1;1;
2499909;species or below;6628;6628;11;11;
2500761;species or below;7222;7222;11;11;
2163887;species or below;3587;3587;11;11;
2163891;species or below;5411;5411;11;11;
1921704;genus;5840;5840;1;1;
1965363;species or below;16450;16450;11;11;
1985325;genus;46212;46212;2;2;
2315700;species or below;5111;5111;11;11;
1913572;species or below;5147;5147;10;10;
2234047;species or below;6750;6750;11;11;
1985329;genus;10378;10378;1;1;
2797303;species or below;9270;9270;11;11;
2560256;genus;10920;10920;1;1;
2006942;species or below;8731;8731;11;11;
2843399;genus;44283;44283;1;1;
2696340;species or below;13458;13458;11;11;
2596709;species or below;8823;8823;11;11;
2908628;species or below;8949;8949;11;11;
2863193;species or below;11276;11276;11;11;
2083276;species or below;20448;20448;11;11;
2163633;species or below;20450;20450;11;11;
1913651;genus;17931;17931;1;1;
2250214;species or below;4051;4051;11;11;
1985328;genus;15217;15217;1;1;
1852638;species or below;3250;3250;11;11;
2560244;genus;38332;38332;1;1;
2163978;species or below;1928;1928;11;11;
2163979;species or below;4710;4710;11;11;
2842517;null;123;123;1;1;
2842588;genus;35391;35391;4;4;
2026113;species or below;3783;3783;10;10;
2024208;species or below;5135;5135;9;9;
2842519;null;7334;7334;1;1;
2842716;genus;18465;18465;1;1;
2500827;species or below;13525;13525;11;11;
2690230;species or below;10157;10157;11;11;
2842820;genus;142661;142661;1;1;
2178927;species or below;1972;1972;11;11;
2686308;species or below;2213;2213;11;11;
2686290;species or below;2834;2834;11;11;
2301662;species or below;2193;2193;11;11;
2686303;species or below;2644;2644;11;11;
2666257;species or below;2447;2447;11;11;
2686289;species or below;2578;2578;11;11;
2269366;species or below;3386;3386;11;11;
2842979;genus;39465;39465;6;6;
1885242;species or below;1985;1985;8;8;
1873954;species or below;2254;2254;9;9;
2948639;genus;14049;14049;1;1;
2065203;species or below;19649;19649;11;11;
2025809;species or below;6209;6209;11;11;
1777059;species or below;2162;2162;10;10;
2948665;genus;1183;1183;1;1;
2053701;species or below;19123;19123;11;11;
1983556;species or below;21043;21043;11;11;
2924885;species or below;1266;1266;10;10;
2878009;species or below;20933;20933;11;11;
2946172;null;663;663;1;1;
169682;genus;140;140;1;1;
169684;species or below;20755;20755;11;11;
114777;species or below;23570;23570;11;11;
2847105;species or below;21605;21605;11;11;
2946173;null;12;12;1;1;
1982877;null;913;913;1;1;
1623301;genus;33802;33802;1;1;
2762281;species or below;10087;10087;11;11;
2759459;species or below;11128;11128;11;11;
1927020;species or below;9401;9401;11;11;
1983744;genus;986;986;1;1;
2762283;species or below;20308;20308;11;11;
2946636;null;5477;5477;1;1;
1623278;genus;78416;78416;8;8;
2500799;species or below;388;388;6;6;
2664225;species or below;1459;1459;11;11;
2801895;species or below;1689;1689;11;11;
2517969;species or below;4683;4683;9;9;
2948641;genus;4166;4166;1;1;
2283252;species or below;18294;18294;11;11;
2599860;species or below;18639;18639;11;11;
2948705;genus;42877;42877;5;5;
2769359;species or below;15445;15445;11;11;
2015844;species or below;4106;4106;11;11;
2015819;species or below;6075;6075;7;7;
2599882;species or below;15178;15178;11;11;
2948808;genus;35380;35380;9;9;
2015885;species or below;6175;6175;11;11;
1701852;species or below;84;84;3;3;
2041344;species or below;21294;21294;11;11;
2843435;genus;36877;36877;2;2;
2686242;species or below;2320;2320;10;10;
2686244;species or below;2975;2975;11;11;
2745699;species or below;21985;21985;11;11;
2946175;null;43;43;1;1;
2946629;null;21129;21129;1;1;
2948710;genus;69126;69126;8;8;
2250322;species or below;4858;4858;11;11;
2315530;species or below;1809;1809;9;9;
2301602;species or below;2797;2797;10;10;
2301603;species or below;3896;3896;7;7;
3038364;species or below;20136;20136;11;11;
2948731;genus;15708;15708;1;1;
2079415;species or below;11548;11548;11;11;
2315610;species or below;12803;12803;11;11;
2948776;genus;33498;33498;1;1;
2315529;species or below;9755;9755;11;11;
2041511;species or below;7766;7766;11;11;
2507863;species or below;8291;8291;11;11;
2283246;species or below;19933;19933;11;11;
2948912;genus;31472;31472;1;1;
2588505;species or below;9893;9893;11;11;
2041515;species or below;9488;9488;11;11;
2301559;species or below;8671;8671;11;11;
2948917;genus;47615;47615;1;1;
2510506;species or below;6125;6125;11;11;
2301558;species or below;6797;6797;11;11;
2652882;species or below;10403;10403;11;11;
2653747;species or below;11021;11021;11;11;
2560111;genus;33130;33130;1;1;
2483719;species or below;5358;5358;11;11;
2588503;species or below;5545;5545;11;11;
1887657;species or below;20784;20784;11;11;
2946623;null;37;37;1;1;
2763102;species or below;21489;21489;11;11;
2948949;genus;7706;7706;1;1;
2719593;species or below;15866;15866;11;11;
2719594;species or below;16986;16986;11;11;
2946628;null;320;320;1;1;
680114;genus;186565;186565;32;32;
2994057;species or below;1730;1730;11;11;
2041521;species or below;1030;1030;11;11;
2301548;species or below;3296;3296;10;10;
2301609;species or below;124;124;4;4;
2686471;species or below;834;834;8;8;
2502470;species or below;379;379;8;8;
2502469;species or below;125;125;5;5;
2762409;species or below;129;129;3;3;
2419614;species or below;267;267;8;8;
2948833;genus;2787;2787;1;1;
2027899;species or below;17308;17308;11;11;
2946631;null;6914;6914;1;1;
1623288;genus;49105;49105;10;10;
2315539;species or below;4764;4764;11;11;
2315544;species or below;17927;17927;11;11;
2530143;species or below;80;80;2;2;
1897549;species or below;15170;15170;11;11;
2575610;species or below;18929;18929;11;11;
2946813;genus;14540;14540;1;1;
2024302;species or below;4991;4991;11;11;
2948771;genus;8794;8794;1;1;
2599868;species or below;14550;14550;11;11;
2575612;species or below;16015;16015;11;11;
2948866;genus;6077;6077;1;1;
2517965;species or below;13881;13881;11;11;
2946632;null;429603;429603;8;8;
1623281;genus;777374;777374;238;238;
2725612;species or below;203;203;2;2;
2315613;species or below;2225;2225;11;11;
2126812;species or below;634;634;9;9;
2656561;species or below;654;654;10;10;
2182393;species or below;669;669;5;5;
2708630;species or below;677;677;10;10;
1932895;species or below;1705;1705;10;10;
2301702;species or below;152;152;4;4;
2182394;species or below;1567;1567;10;10;
2656569;species or below;1080;1080;10;10;
2163591;species or below;1531;1531;10;10;
2656572;species or below;2337;2337;11;11;
2592659;species or below;993;993;9;9;
2656575;species or below;2483;2483;11;11;
2301563;species or below;1208;1208;7;7;
2027893;species or below;944;944;11;11;
1913118;species or below;344;344;7;7;
2530128;species or below;1503;1503;10;10;
2484209;species or below;2740;2740;10;10;
2776877;species or below;446;446;8;8;
2301612;species or below;549;549;11;11;
2767557;species or below;716;716;9;9;
2027894;species or below;308;308;6;6;
2301565;species or below;866;866;9;9;
2283295;species or below;84;84;3;3;
2282909;species or below;669;669;6;6;
2767559;species or below;2764;2764;11;11;
1897501;species or below;8047;8047;11;11;
2283296;species or below;1245;1245;10;10;
2301700;species or below;3578;3578;9;9;
2656590;species or below;291;291;3;3;
2419980;species or below;92;92;4;4;
2591129;species or below;3900;3900;11;11;
2283297;species or below;4368;4368;6;6;
2182398;species or below;63;63;3;3;
2163593;species or below;263;263;5;5;
2315711;species or below;282;282;8;8;
2653763;species or below;464;464;6;6;
2653764;species or below;2060;2060;9;9;
2767561;species or below;697;697;8;8;
2652404;species or below;2669;2669;10;10;
2301710;species or below;65;65;3;3;
2502425;species or below;31;31;4;4;
2079284;species or below;218;218;6;6;
2250364;species or below;150;150;3;3;
2126954;species or below;1367;1367;10;10;
2041544;species or below;799;799;9;9;
2790994;species or below;1326;1326;10;10;
2500793;species or below;358;358;6;6;
2584498;species or below;106;106;4;4;
2081627;species or below;103;103;3;3;
2301570;species or below;501;501;3;3;
2027900;species or below;2824;2824;5;5;
2768139;species or below;732;732;9;9;
2250367;species or below;592;592;9;9;
2301571;species or below;838;838;8;8;
2023953;species or below;243;243;2;2;
1913038;species or below;761;761;10;10;
2517970;species or below;86;86;4;4;
2719209;species or below;225;225;3;3;
2027903;species or below;1489;1489;9;9;
2484216;species or below;2839;2839;11;11;
1897769;species or below;836;836;7;7;
2488980;species or below;251;251;5;5;
2843352;genus;25482;25482;10;10;
2041528;species or below;4259;4259;11;11;
2743996;species or below;1776;1776;9;9;
1486474;species or below;26;26;2;2;
2704043;species or below;10396;10396;10;10;
2843467;genus;15956;15956;1;1;
2301701;species or below;8987;8987;9;9;
2163598;species or below;10048;10048;11;11;
2588513;species or below;2644;2644;9;9;
2108127;species or below;20201;20201;11;11;
2946634;null;7;7;1;1;
2946820;genus;31737;31737;1;1;
1927017;species or below;3873;3873;11;11;
2653651;species or below;6557;6557;11;11;
2948935;genus;24014;24014;1;1;
2099853;species or below;12737;12737;11;11;
2099860;species or below;10165;10165;11;11;
2946645;null;1425;1425;1;1;
2049885;genus;7184;7184;1;1;
2744004;species or below;14609;14609;11;11;
2301538;species or below;22743;22743;11;11;
2588489;species or below;20837;20837;11;11;
2301697;species or below;21110;21110;11;11;
2797324;species or below;21638;21638;11;11;
2946646;null;12564;12564;1;1;
2733124;genus;237621;237621;15;15;
1897495;species or below;2291;2291;10;10;
2508195;species or below;3130;3130;10;10;
2201417;species or below;2820;2820;11;11;
2743961;species or below;2302;2302;11;11;
2144176;species or below;758;758;10;10;
2793345;species or below;951;951;9;9;
2696383;species or below;3736;3736;11;11;
2696431;species or below;3242;3242;11;11;
2696432;species or below;887;887;7;7;
2696455;species or below;834;834;8;8;
2696458;species or below;4041;4041;11;11;
1881104;species or below;797;797;9;9;
2948775;genus;89230;89230;2;2;
2315527;species or below;4429;4429;10;10;
2041347;species or below;3068;3068;11;11;
2776821;species or below;1979;1979;11;11;
2696379;species or below;2883;2883;11;11;
2696426;species or below;3237;3237;11;11;
2946648;null;44816;44816;1;1;
1623306;genus;17294;17294;1;1;
2015882;species or below;3748;3748;11;11;
2946794;genus;49369;49369;1;1;
2015817;species or below;11620;11620;11;11;
2015874;species or below;5694;5694;11;11;
2015879;species or below;9292;9292;11;11;
2599862;species or below;16947;16947;11;11;
2762405;species or below;9059;9059;11;11;
2250291;species or below;18718;18718;11;11;
2946797;genus;214035;214035;5;5;
1034127;species or below;2256;2256;10;10;
2108121;species or below;4073;4073;11;11;
2163590;species or below;3004;3004;11;11;
1913035;species or below;348;348;8;8;
2027890;species or below;7683;7683;11;11;
2250355;species or below;2308;2308;11;11;
2024005;species or below;10066;10066;11;11;
2725626;species or below;14676;14676;11;11;
2599859;species or below;19126;19126;11;11;
2507856;species or below;17013;17013;11;11;
2015886;species or below;16362;16362;11;11;
2094136;species or below;5784;5784;11;11;
2725625;species or below;14918;14918;11;11;
2652423;species or below;18599;18599;11;11;
2510585;species or below;15229;15229;11;11;
2517936;species or below;18445;18445;11;11;
2484215;species or below;5536;5536;11;11;
2015824;species or below;18188;18188;11;11;
1912978;species or below;7754;7754;11;11;
2599885;species or below;21402;21402;11;11;
2599886;species or below;16696;16696;11;11;
2599887;species or below;2805;2805;11;11;
2948708;genus;57751;57751;4;4;
2708631;species or below;4242;4242;8;8;
2492961;species or below;6815;6815;11;11;
2530139;species or below;11239;11239;11;11;
1897500;species or below;2346;2346;11;11;
2948781;genus;10920;10920;1;1;
2015810;species or below;8885;8885;11;11;
2948788;genus;71072;71072;6;6;
2301704;species or below;5292;5292;11;11;
2126952;species or below;2851;2851;7;7;
2094139;species or below;3989;3989;10;10;
2301556;species or below;13891;13891;11;11;
2283261;species or below;6203;6203;11;11;
2948939;genus;29720;29720;1;1;
2653755;species or below;10719;10719;11;11;
2015820;species or below;12424;12424;11;11;
1983447;species or below;19099;19099;11;11;
2015825;species or below;12044;12044;11;11;
2708633;species or below;13457;13457;11;11;
2562461;species or below;11693;11693;11;11;
2599857;species or below;22039;22039;11;11;
2759389;species or below;19212;19212;11;11;
2946815;genus;151416;151416;7;7;
1927024;species or below;4907;4907;11;11;
2041522;species or below;334;334;8;8;
2041524;species or below;9155;9155;11;11;
2686232;species or below;3358;3358;10;10;
1176425;species or below;1195;1195;11;11;
1916120;species or below;832;832;10;10;
2517961;species or below;10822;10822;11;11;
1897540;species or below;8616;8616;11;11;
2572317;species or below;10976;10976;11;11;
1897548;species or below;12337;12337;11;11;
2301608;species or below;575;575;10;10;
2946819;genus;74181;74181;10;10;
2047836;species or below;589;589;6;6;
2664224;species or below;1500;1500;7;7;
2126816;species or below;5649;5649;11;11;
2517968;species or below;2544;2544;11;11;
2593355;species or below;4812;4812;11;11;
2126819;species or below;17265;17265;11;11;
2749381;species or below;15202;15202;11;11;
2282196;species or below;15325;15325;11;11;
2759393;species or below;20617;20617;11;11;
2201420;species or below;20691;20691;11;11;
2948678;genus;451;451;1;1;
2340716;species or below;15656;15656;11;11;
2565502;species or below;12231;12231;11;11;
2948679;genus;20837;20837;1;1;
2794946;species or below;11786;11786;11;11;
2510508;species or below;7741;7741;11;11;
2948694;genus;120610;120610;40;40;
2743781;species or below;1067;1067;8;8;
2743804;species or below;1510;1510;3;3;
2743803;species or below;2258;2258;5;5;
2743801;species or below;121;121;2;2;
2743829;species or below;263;263;3;3;
2743826;species or below;733;733;6;6;
2094144;species or below;19215;19215;11;11;
2723900;species or below;22129;22129;11;11;
2948712;genus;70736;70736;1;1;
2723897;species or below;6537;6537;11;11;
2723898;species or below;2994;2994;11;11;
2723899;species or below;3885;3885;11;11;
2723901;species or below;5149;5149;11;11;
2948726;genus;66803;66803;7;7;
2656562;species or below;4980;4980;11;11;
2502450;species or below;4400;4400;11;11;
2047840;species or below;737;737;6;6;
2182403;species or below;3126;3126;10;10;
2749430;species or below;21027;21027;11;11;
2234093;species or below;22694;22694;11;11;
2801477;species or below;23776;23776;11;11;
2948772;genus;71282;71282;19;19;
2793696;species or below;24;24;3;3;
2250320;species or below;13639;13639;11;11;
2590929;species or below;14609;14609;11;11;
2182347;species or below;8725;8725;11;11;
2517927;species or below;9938;9938;11;11;
2024295;species or below;20562;20562;11;11;
2948789;genus;120655;120655;6;6;
2301692;species or below;3578;3578;11;11;
2483667;species or below;4046;4046;10;10;
2483669;species or below;3742;3742;11;11;
2762400;species or below;13166;13166;11;11;
2483671;species or below;1666;1666;8;8;
2250417;species or below;2626;2626;11;11;
2591120;species or below;2826;2826;10;10;
2762402;species or below;8229;8229;11;11;
2948791;genus;24334;24334;3;3;
2588098;species or below;4354;4354;10;10;
2588099;species or below;9102;9102;10;10;
2948800;genus;41132;41132;10;10;
2301561;species or below;7462;7462;11;11;
2656534;species or below;20527;20527;11;11;
2656539;species or below;28;28;2;2;
2656540;species or below;13480;13480;11;11;
2794947;species or below;22176;22176;11;11;
2948807;genus;12492;12492;1;1;
2743994;species or below;14157;14157;11;11;
2652402;species or below;12132;12132;11;11;
2948810;genus;6495;6495;1;1;
2591136;species or below;11515;11515;11;11;
2767570;species or below;20421;20421;11;11;
2767579;species or below;20263;20263;11;11;
2775045;species or below;22467;22467;11;11;
2024303;species or below;24832;24832;11;11;
2948861;genus;1669;1669;1;1;
2530140;species or below;19151;19151;11;11;
2250309;species or below;19326;19326;11;11;
2591223;species or below;23908;23908;11;11;
2948873;genus;19231;19231;1;1;
2499042;species or below;11305;11305;11;11;
2686088;species or below;6730;6730;11;11;
2571249;species or below;20232;20232;11;11;
2948878;genus;4875;4875;1;1;
1912975;species or below;17409;17409;11;11;
2517967;species or below;18099;18099;11;11;
2601610;species or below;22433;22433;11;11;
2077134;species or below;21327;21327;11;11;
2948900;genus;2180;2180;1;1;
2419756;species or below;8819;8819;11;11;
3071280;species or below;7979;7979;11;11;
2948910;genus;26774;26774;6;6;
2686071;species or below;6717;6717;11;11;
2583286;species or below;13684;13684;11;11;
1973454;species or below;1835;1835;9;9;
2419753;species or below;3122;3122;11;11;
2479482;species or below;5152;5152;10;10;
2301723;species or below;3287;3287;9;9;
2234035;species or below;7863;7863;11;11;
2704033;species or below;20699;20699;11;11;
2656541;species or below;20358;20358;11;11;
2948926;genus;14393;14393;1;1;
2077150;species or below;20673;20673;11;11;
2744011;species or below;6466;6466;11;11;
2948936;genus;108256;108256;5;5;
2041517;species or below;7395;7395;11;11;
2591074;species or below;376;376;8;8;
2656567;species or below;6974;6974;11;11;
2488784;species or below;3285;3285;10;10;
2126943;species or below;4581;4581;11;11;
2743928;species or below;3137;3137;11;11;
1983575;species or below;3622;3622;11;11;
2024294;species or below;8297;8297;11;11;
2500574;species or below;6397;6397;11;11;
2517971;species or below;19223;19223;11;11;
2948946;genus;28439;28439;1;1;
2725640;species or below;9714;9714;11;11;
1897486;species or below;12245;12245;11;11;
2126722;species or below;11068;11068;11;11;
2530154;species or below;16506;16506;11;11;
2656617;species or below;18897;18897;11;11;
2948963;genus;32588;32588;1;1;
2591211;species or below;8494;8494;11;11;
2591212;species or below;6362;6362;11;11;
2743909;species or below;16851;16851;11;11;
3071324;species or below;22486;22486;11;11;
2987730;species or below;21210;21210;11;11;
2999280;species or below;20847;20847;11;11;
2999281;species or below;19855;19855;11;11;
3044455;null;659069;659069;9;9;
1623303;genus;260744;260744;46;46;
2365016;species or below;6865;6865;11;11;
2365027;species or below;2757;2757;10;10;
2365029;species or below;1577;1577;11;11;
2365031;species or below;5396;5396;11;11;
2365032;species or below;1830;1830;9;9;
2365033;species or below;386;386;8;8;
2365034;species or below;149;149;5;5;
2365037;species or below;4923;4923;11;11;
2365041;species or below;396;396;5;5;
2365052;species or below;1350;1350;9;9;
2365055;species or below;3012;3012;11;11;
2365056;species or below;2839;2839;11;11;
1971417;species or below;5246;5246;11;11;
1971427;species or below;1476;1476;8;8;
1971436;species or below;723;723;7;7;
1971437;species or below;360;360;7;7;
1971438;species or below;648;648;8;8;
1971439;species or below;1259;1259;9;9;
1971440;species or below;137;137;5;5;
1971445;species or below;1959;1959;11;11;
2419631;species or below;617;617;11;11;
2419633;species or below;1215;1215;10;10;
2419634;species or below;455;455;11;11;
2419635;species or below;2037;2037;10;10;
2419638;species or below;3262;3262;9;9;
2184051;species or below;6185;6185;11;11;
1623304;genus;848522;848522;163;163;
72638;species or below;1222;1222;3;3;
2365046;species or below;914;914;9;9;
2041501;species or below;189;189;6;6;
2365005;species or below;1195;1195;8;8;
2365008;species or below;91;91;7;7;
2365009;species or below;660;660;9;9;
2365010;species or below;1435;1435;7;7;
2365012;species or below;2468;2468;11;11;
2365015;species or below;6880;6880;11;11;
2365017;species or below;265;265;5;5;
2365018;species or below;349;349;3;3;
2365021;species or below;2012;2012;7;7;
2365022;species or below;32;32;2;2;
2365026;species or below;2637;2637;11;11;
2365028;species or below;6757;6757;10;10;
2365030;species or below;1233;1233;11;11;
2365035;species or below;548;548;6;6;
2365036;species or below;1212;1212;8;8;
2365038;species or below;2561;2561;10;10;
2365039;species or below;4157;4157;11;11;
2365042;species or below;3076;3076;11;11;
2365043;species or below;3825;3825;9;9;
2365044;species or below;1959;1959;10;10;
2365045;species or below;6013;6013;10;10;
2365047;species or below;2952;2952;10;10;
2365048;species or below;2252;2252;11;11;
2365049;species or below;1340;1340;11;11;
2365051;species or below;2409;2409;8;8;
2365054;species or below;2381;2381;11;11;
2365058;species or below;1495;1495;11;11;
2108109;species or below;1610;1610;11;11;
2108111;species or below;4406;4406;10;10;
2006928;species or below;5435;5435;11;11;
2041504;species or below;1659;1659;9;9;
2041505;species or below;2002;2002;11;11;
2041506;species or below;364;364;9;9;
1718281;species or below;495;495;9;9;
1718280;species or below;304;304;9;9;
1718279;species or below;577;577;10;10;
2041496;species or below;2259;2259;10;10;
1971410;species or below;1125;1125;7;7;
1971415;species or below;892;892;8;8;
1971416;species or below;1291;1291;9;9;
1971418;species or below;660;660;8;8;
1971419;species or below;339;339;6;6;
1971421;species or below;636;636;10;10;
1971422;species or below;183;183;7;7;
1971423;species or below;145;145;7;7;
1971424;species or below;679;679;10;10;
1971425;species or below;384;384;8;8;
1971426;species or below;401;401;6;6;
1971429;species or below;2082;2082;11;11;
1971430;species or below;5332;5332;11;11;
1971431;species or below;1487;1487;11;11;
1971432;species or below;6802;6802;11;11;
1971433;species or below;229;229;4;4;
1971434;species or below;486;486;8;8;
1971435;species or below;1113;1113;11;11;
1971443;species or below;2635;2635;9;9;
1971446;species or below;1175;1175;8;8;
1971447;species or below;643;643;7;7;
1971448;species or below;119;119;5;5;
1971449;species or below;285;285;4;4;
2041508;species or below;266;266;3;3;
2419628;species or below;1666;1666;10;10;
2419630;species or below;2383;2383;11;11;
2419632;species or below;4982;4982;11;11;
2419640;species or below;1701;1701;9;9;
2419649;species or below;1108;1108;10;10;
2483878;species or below;1300;1300;9;9;
2419655;species or below;926;926;9;9;
2483879;species or below;616;616;8;8;
2419656;species or below;235;235;9;9;
2419660;species or below;460;460;9;9;
2419663;species or below;602;602;9;9;
2069608;species or below;2377;2377;10;10;
2069609;species or below;9396;9396;11;11;
3044850;genus;126647;126647;33;33;
2492466;species or below;790;790;9;9;
1913083;species or below;67;67;3;3;
2492468;species or below;1444;1444;9;9;
1971411;species or below;2058;2058;9;9;
1971412;species or below;264;264;7;7;
1971414;species or below;2871;2871;11;11;
2419639;species or below;390;390;7;7;
2483877;species or below;578;578;6;6;
2419647;species or below;357;357;4;4;
2419654;species or below;515;515;11;11;
2163605;species or below;20960;20960;11;11;
2759191;species or below;21910;21910;11;11;
2948768;genus;14856;14856;1;1;
1815976;species or below;6960;6960;11;11;
3044466;null;156;156;1;1;
2843440;genus;48382;48384;1;1;
2699738;species or below;17567;17567;11;11;
2712958;species or below;11246;11246;11;11;
2772448;species or below;5607;5607;11;11;
2754975;species or below;3505;3505;11;11;
3044695;genus;4860;4860;1;1;
2795745;species or below;16686;16686;11;11;
2059867;species or below;21181;21181;11;11;
2908630;species or below;19924;19924;11;11;
3044766;genus;8736;8736;1;1;
2081631;species or below;11535;11535;11;11;
3044696;genus;29515;29515;2;2;
2509764;species or below;7661;7661;11;11;
2509785;species or below;5939;5939;10;10;
3044473;null;921;921;1;1;
3044848;genus;10715;10715;1;1;
2509729;species or below;17867;17867;11;11;
2509586;species or below;14915;14915;11;11;
2509787;species or below;20166;20166;11;11;
2723773;species or below;20545;20545;11;11;
3044739;genus;38746;38746;1;1;
2763529;species or below;9717;9717;11;11;
2763531;species or below;8204;8204;11;11;
103371;species or below;13858;13858;11;11;
2663232;species or below;14904;14904;11;11;
2024263;species or below;22450;22450;11;11;
3044479;null;694;694;1;1;
2946625;null;5338;5338;1;1;
2560220;genus;38877;38877;1;1;
2725629;species or below;16976;16976;11;11;
2593356;species or below;5757;5757;11;11;
2653725;species or below;18995;18995;11;11;
2517973;species or below;10827;10827;11;11;
2588514;species or below;10722;10722;11;11;
2843400;genus;23067;23067;1;1;
2283303;species or below;15813;15813;11;11;
2283304;species or below;12015;12015;11;11;
2283265;species or below;15125;15125;11;11;
2283267;species or below;18413;18413;11;11;
2301621;species or below;19665;19665;11;11;
2739834;species or below;22243;22243;11;11;
2914443;species or below;19310;19310;11;11;
3044647;null;4133;4133;1;1;
2843347;genus;4026;4026;1;1;
2250335;species or below;17065;17065;11;11;
2250336;species or below;20076;20076;11;11;
2843386;genus;1076;1076;1;1;
2301714;species or below;19988;19988;11;11;
2488789;species or below;22225;22225;11;11;
3044714;genus;1334;1334;1;1;
2767565;species or below;20438;20438;11;11;
2848887;species or below;19539;19539;11;11;
3044854;genus;27288;27288;1;1;
2713269;species or below;6663;6663;11;11;
2713267;species or below;5595;5595;11;11;
3044481;null;11;11;1;1;
3044705;genus;98;98;1;1;
3070172;species or below;19910;19910;11;11;
3070170;species or below;19750;19750;11;11;
3070171;species or below;18674;18674;11;11;
3044639;null;1040;1040;1;1;
1675029;species or below;21795;21795;11;11;
2783539;species or below;22022;22022;11;11;
3044640;null;29724;29724;1;1;
2488780;species or below;21707;21707;11;11;
2733192;genus;4445;4445;1;1;
2419955;species or below;17966;17966;11;11;
2832317;species or below;19009;19009;11;11;
2704034;species or below;18290;18290;11;11;
2885973;species or below;21535;21535;11;11;
2910755;species or below;22040;22040;11;11;
2733221;genus;74543;74543;1;1;
2419970;species or below;16354;16354;11;11;
2776851;species or below;13782;13782;11;11;
2832315;species or below;14814;14814;11;11;
2762410;species or below;15712;15712;11;11;
2835951;species or below;10284;10284;11;11;
2832319;species or below;9261;9261;11;11;
2776856;species or below;14306;14306;11;11;
2790983;species or below;4136;4136;11;11;
2832322;species or below;2524;2524;11;11;
2768133;species or below;21412;21412;11;11;
3044641;null;4899;4899;1;1;
3044676;genus;44269;44269;3;3;
2712941;species or below;5664;5664;11;11;
2860376;species or below;8699;8699;9;9;
2860377;species or below;3580;3580;11;11;
2801524;species or below;18698;18698;11;11;
2859658;species or below;19028;19028;11;11;
3044642;null;109;109;1;1;
3044773;genus;34645;34645;5;5;
2301693;species or below;7932;7932;10;10;
2762280;species or below;23404;23404;11;11;
2591121;species or below;3378;3378;8;8;
3044779;genus;49397;49397;1;1;
2885975;species or below;6558;6558;11;11;
2483673;species or below;21019;21019;11;11;
2767553;species or below;4419;4419;11;11;
2653718;species or below;6120;6120;11;11;
3044644;null;29568;29568;1;1;
680277;genus;124431;124431;1;1;
1987942;species or below;1547;1547;1;1;
2865805;species or below;2438;2438;11;11;
2686238;species or below;6666;6666;11;11;
2662277;species or below;8005;8005;11;11;
2866663;species or below;7947;7947;11;11;
2711183;species or below;5841;5841;11;11;
2711185;species or below;10145;10145;11;11;
2742113;species or below;8868;8868;11;11;
2589659;species or below;5955;5955;11;11;
2601630;species or below;8148;8148;11;11;
2508203;species or below;9173;9173;11;11;
3044774;genus;6746;6746;1;1;
2070199;species or below;11195;11195;11;11;
3044836;genus;55525;55525;1;1;
2865794;species or below;2868;2868;11;11;
2742112;species or below;13419;13419;11;11;
2860374;species or below;3307;3307;11;11;
2849626;species or below;4836;4836;11;11;
3044646;null;6845;6845;1;1;
2894788;species or below;20087;20087;11;11;
3044834;genus;8949;8949;1;1;
2500559;species or below;16529;16529;11;11;
2894790;species or below;18482;18482;11;11;
3044849;genus;59332;59332;6;6;
2894786;species or below;8465;8465;11;11;
2724322;species or below;10335;10335;11;11;
2894787;species or below;4054;4054;9;9;
2894789;species or below;2481;2481;8;8;
3044649;null;5960;5960;1;1;
3044670;genus;25280;25280;2;2;
2094736;species or below;8556;8556;10;10;
1296654;species or below;5143;5143;11;11;
3044863;genus;26899;26899;1;1;
2801506;species or below;10972;10972;11;11;
1675028;species or below;11357;11357;11;11;
2500560;species or below;11479;11479;11;11;
1897640;species or below;23349;23349;11;11;
2419945;species or below;21909;21909;11;11;
2419947;species or below;21908;21908;11;11;
2740427;species or below;22110;22110;11;11;
2910754;species or below;21774;21774;11;11;
3044673;genus;88833;88833;38;38;
2079397;species or below;2456;2456;3;3;
2588133;species or below;501;501;5;5;
2652880;species or below;2006;2006;9;9;
2873534;species or below;2447;2447;5;5;
2499023;species or below;5583;5583;10;10;
2182395;species or below;4168;4168;10;10;
2759395;species or below;2733;2733;3;3;
2862998;species or below;193;193;6;6;
2591209;species or below;2577;2577;11;11;
2652883;species or below;9053;9053;11;11;
2894335;species or below;22016;22016;11;11;
2576871;species or below;20129;20129;11;11;
2863194;species or below;20611;20611;11;11;
2338395;species or below;21434;21434;11;11;
3044682;genus;29000;29000;1;1;
2849244;species or below;5764;5764;11;11;
2849246;species or below;8238;8238;11;11;
2900314;species or below;22442;22442;11;11;
2894356;species or below;22568;22568;11;11;
2924888;species or below;21633;21633;11;11;
3044687;genus;16721;16721;1;1;
2656530;species or below;11751;11751;11;11;
2871538;species or below;15427;15427;11;11;
2743910;species or below;24174;24174;11;11;
2894794;species or below;19431;19431;11;11;
2571246;species or below;21571;21571;11;11;
3044694;genus;24768;24768;1;1;
2783546;species or below;8382;8382;11;11;
2783549;species or below;10840;10840;11;11;
2652879;species or below;18196;18196;11;11;
2591226;species or below;20054;20054;11;11;
3044709;genus;365;365;1;1;
2201427;species or below;22798;22798;11;11;
2079570;species or below;21073;21073;11;11;
2686202;species or below;19817;19817;11;11;
2762819;species or below;20900;20900;11;11;
3070616;species or below;19723;19723;11;11;
2419957;species or below;13273;13273;9;9;
3044715;genus;5552;5552;1;1;
2908744;species or below;19289;19289;11;11;
2591406;species or below;20860;20860;11;11;
2571247;species or below;21478;21478;11;11;
1647283;species or below;20432;20432;11;11;
2419609;species or below;14177;14177;10;10;
3044733;genus;7767;7767;4;4;
1777061;species or below;5232;5232;10;10;
2652881;species or below;5720;5720;8;8;
3044738;genus;24934;24934;1;1;
2592193;species or below;10257;10257;11;11;
2588096;species or below;5901;5901;11;11;
2419610;species or below;14637;14637;11;11;
2805750;species or below;21269;21269;11;11;
2419619;species or below;22354;22354;11;11;
3044749;genus;27291;27291;11;11;
2588498;species or below;12069;12069;8;8;
2250414;species or below;2880;2880;4;4;
3044751;genus;42096;42096;1;1;
2593327;species or below;7029;7029;11;11;
2593322;species or below;4927;4927;11;11;
2591025;species or below;10833;10833;11;11;
2801834;species or below;19702;19702;11;11;
2767577;species or below;21803;21803;11;11;
2492447;species or below;22108;22108;11;11;
2869569;species or below;21608;21608;11;11;
2767581;species or below;22012;22012;11;11;
2663326;species or below;21788;21788;11;11;
2590895;species or below;20770;20770;11;11;
1932118;species or below;19871;19871;11;11;
2664939;species or below;19042;19042;11;11;
3044777;genus;21246;21246;1;1;
2108123;species or below;10269;10269;11;11;
1920305;species or below;11782;11782;11;11;
2686235;species or below;21776;21776;11;11;
3044785;genus;151645;151645;27;27;
1916154;species or below;601;601;8;8;
1916178;species or below;652;652;8;8;
1916186;species or below;496;496;6;6;
1916190;species or below;630;630;9;9;
1916192;species or below;1442;1442;7;7;
1916193;species or below;534;534;8;8;
1916201;species or below;1081;1081;7;7;
1916202;species or below;875;875;9;9;
1897555;species or below;625;625;11;11;
3044786;genus;1160;1160;1;1;
2267655;species or below;23375;23375;11;11;
2601632;species or below;21482;21482;11;11;
2836007;species or below;20002;20002;11;11;
2006668;species or below;20119;20119;11;11;
3044792;genus;47739;47739;24;24;
1913081;species or below;4985;4985;8;8;
1913082;species or below;4312;4312;11;11;
2419636;species or below;1132;1132;7;7;
2419643;species or below;557;557;4;4;
1814959;species or below;27;27;2;2;
3044795;genus;100759;100759;1;1;
2762389;species or below;5339;5339;11;11;
2652411;species or below;8140;8140;11;11;
2656538;species or below;10536;10536;11;11;
2590931;species or below;5301;5301;11;11;
2885976;species or below;3734;3734;11;11;
2591117;species or below;7542;7542;11;11;
2857501;species or below;7092;7092;11;11;
2599847;species or below;17684;17684;11;11;
2927622;species or below;23829;23829;11;11;
2603260;species or below;22582;22582;11;11;
3044803;genus;9199;9199;1;1;
2419948;species or below;8088;8088;11;11;
2419967;species or below;14236;14236;11;11;
2797313;species or below;21762;21762;11;11;
2024265;species or below;23202;23202;11;11;
2885974;species or below;15706;15706;11;11;
2282409;species or below;20827;20827;11;11;
2662136;species or below;19569;19569;11;11;
2419611;species or below;19937;19937;11;11;
2704035;species or below;16173;16173;11;11;
2698923;species or below;22147;22147;11;11;
2591118;species or below;15869;15869;11;11;
2836091;species or below;21239;21239;11;11;
2653271;species or below;21561;21561;11;11;
2006671;species or below;20591;20591;11;11;
2866695;species or below;18795;18795;11;11;
2848881;species or below;20071;20071;11;11;
2530023;species or below;21056;21056;11;11;
2799672;species or below;19732;19732;11;11;
2790985;species or below;20674;20674;11;11;
2712957;species or below;21216;21216;11;11;
2908746;species or below;18992;18992;11;11;
2920374;species or below;7702;7702;11;11;
3070820;species or below;23085;23085;11;11;
3044870;genus;1237;1237;1;1;
2848886;species or below;20350;20350;11;11;
2601695;species or below;23975;23975;11;11;
10860;null;61272;61272;1;1;
1977402;species or below;177936;177936;11;11;
10863;species or below;37013;37013;91;91;
1977139;genus;19881;19881;1;1;
70203;species or below;7966;7966;3;3;
867695;species or below;307;307;9;9;
2652757;species or below;8886;8886;11;11;
1977141;genus;1455;1455;1;1;
2734293;species or below;37865;37865;2;2;
1852598;species or below;1715;1715;10;10;
2848047;species or below;678;678;11;11;
1977142;genus;4662;4662;1;1;
2776820;species or below;16078;16078;11;11;
2732869;genus;20714;20714;1;1;
689414;species or below;19897;19897;21;21;
10862;species or below;19336;19336;1;1;
1463607;species or below;1530;1530;11;11;
2732875;genus;3434;3434;1;1;
2686285;species or below;16059;16059;11;11;
2732877;genus;4658;4658;1;1;
2011075;species or below;8856;8856;3;3;
1497850;species or below;1406;1406;11;11;
1685501;species or below;2210;2210;9;9;
2750264;species or below;2941;2941;11;11;
10872;species or below;20631;20631;11;11;
2732883;genus;6672;6672;1;1;
2682965;species or below;13941;13941;11;11;
2732885;genus;5843;5843;1;1;
2675159;species or below;12125;12125;11;11;
2732886;genus;2055;2055;1;1;
2560843;species or below;8591;8591;1;1;
1979540;species or below;9069;9069;11;11;
3071318;species or below;21810;21810;11;11;
2948805;genus;13993;13993;1;1;
2530114;species or below;21626;21626;11;11;
3071317;species or below;15942;15942;11;11;
126989;species or below;15139;15139;11;11;
2201472;species or below;20168;20168;11;11;
2601671;species or below;22957;22957;11;11;
2732098;null;13;13;1;1;
3071296;species or below;21232;21232;11;11;
2720215;species or below;19487;19487;11;11;
151341;null;52;52;1;1;
1891713;genus;24080;24080;1;1;
2170408;species or below;21967;21967;11;11;
2721748;species or below;23997;23997;11;11;
2562517;species or below;21401;21401;11;11;
2560769;species or below;483;483;11;11;
2182467;species or below;22250;22250;11;11;
2560770;species or below;19402;19402;11;11;
2560771;species or below;20018;20018;11;11;
2662314;species or below;20955;20955;11;11;
1891770;species or below;21677;21677;11;11;
1919247;species or below;21581;21581;11;11;
2721749;species or below;22657;22657;11;11;
2716316;species or below;20504;20504;11;11;
2721750;species or below;20555;20555;11;11;
2171394;species or below;21383;21383;11;11;
1891715;genus;167;167;1;1;
2170403;species or below;22467;22467;11;11;
2842669;genus;506;506;1;1;
2170409;species or below;21905;21905;11;11;
10780;null;320;320;1;1;
40119;null;157;157;1;1;
10803;genus;1461;1461;1;1;
341671;species or below;20921;20921;11;11;
2733691;species or below;20196;20196;11;11;
2171377;species or below;20319;20319;11;11;
2171378;species or below;19607;19607;11;11;
2137542;species or below;21408;21408;11;11;
1427158;species or below;24039;24039;11;11;
172297;species or below;22496;22496;11;11;
2604334;species or below;20667;20667;11;11;
2055262;species or below;20251;20251;11;11;
2079554;species or below;22286;22286;11;11;
310911;genus;7942;7942;1;1;
2848054;species or below;19929;19929;11;11;
2778671;species or below;14299;14299;11;11;
1506574;genus;248;248;1;1;
2172548;species or below;21056;21056;11;11;
2860269;species or below;21644;21644;11;11;
2880839;species or below;22282;22282;11;11;
1328105;species or below;21979;21979;11;11;
1560340;species or below;21448;21448;11;11;
1507401;genus;289;289;1;1;
1295080;species or below;20791;20791;11;11;
2137546;species or below;23430;23430;11;11;
329639;species or below;20593;20593;11;11;
3052040;species or below;22298;22298;11;11;
3052042;species or below;22374;22374;11;11;
2171381;species or below;20872;20872;11;11;
2014603;species or below;22391;22391;11;11;
2597326;species or below;22072;22072;11;11;
2137544;species or below;21544;21544;11;11;
2555547;species or below;22685;22685;11;11;
1472911;species or below;23455;23455;11;11;
1511911;genus;85;85;1;1;
1908803;genus;64;64;1;1;
2137540;species or below;22702;22702;11;11;
2137541;species or below;20775;20775;11;11;
40120;null;823;823;1;1;
1979848;species or below;20010;20010;11;11;
2050976;species or below;44151;44151;21;21;
1850255;species or below;22963;22963;11;11;
2781641;species or below;108216;108216;51;51;
748192;species or below;20585;20585;11;11;
2733224;genus;253;253;1;1;
3070156;species or below;19883;19883;11;11;
2767029;species or below;20804;20804;11;11;
2810799;species or below;22580;22580;11;11;
185639;species or below;22567;22567;11;11;
3070179;species or below;21381;21381;11;11;
2575447;species or below;20435;20435;11;11;
2755147;species or below;25097;25097;11;11;
2555904;species or below;21580;21580;11;11;
2017716;species or below;23128;23128;11;11;
1399967;species or below;20946;20946;11;11;
1673640;species or below;19921;19921;11;11;
1940570;species or below;84952;84952;41;41;
2653508;species or below;22203;22203;11;11;
2752331;species or below;21641;21641;11;11;
2874141;species or below;21790;21790;11;11;
2733231;genus;3080;3080;1;1;
2736647;species or below;21109;21109;11;11;
2575764;species or below;21126;21126;11;11;
2529482;species or below;20665;20665;11;11;
2529483;species or below;21210;21210;11;11;
2529487;species or below;22514;22514;11;11;
2848321;species or below;22801;22801;11;11;
2109367;species or below;21422;21422;11;11;
2849623;species or below;21214;21214;11;11;
2668086;species or below;22386;22386;11;11;
2668087;species or below;20150;20150;11;11;
2695302;species or below;25028;25028;11;11;
2604335;species or below;20904;20904;11;11;
1885571;species or below;18896;18896;11;11;
2759403;species or below;20245;20245;11;11;
2759404;species or below;19629;19629;11;11;
2759405;species or below;20924;20924;11;11;
2759407;species or below;20490;20490;11;11;
2810802;species or below;20156;20156;11;11;
2810803;species or below;17922;17922;11;11;
3071313;species or below;20668;20668;11;11;
2660749;species or below;20493;20493;11;11;
2663234;species or below;23716;23716;11;11;
3070825;species or below;25094;25094;11;11;
2662396;species or below;21616;21616;11;11;
2672571;species or below;21560;21560;11;11;
2732416;null;1911;1911;1;1;
2732423;null;5781;5781;1;1;
2169567;null;9;9;1;1;
2169609;genus;4;4;1;1;
2914477;species or below;19857;19857;11;11;
2914486;species or below;21206;21206;11;11;
2914480;species or below;20792;20792;11;11;
2202647;species or below;45820;45820;21;21;
2914487;species or below;19750;19750;11;11;
2204155;species or below;21592;21592;11;11;
2914483;species or below;21861;21861;11;11;
2914481;species or below;21972;21972;11;11;
2914485;species or below;23427;23427;11;11;
2914484;species or below;22881;22881;11;11;
2914488;species or below;24042;24042;11;11;
2914482;species or below;20174;20174;11;11;
39724;null;1588;1588;1;1;
39725;genus;4740;4740;1;1;
345249;genus;223;223;1;1;
1329650;species or below;33803;33803;21;21;
2682467;species or below;16983;16983;11;11;
2771380;species or below;19128;19128;11;11;
2771381;species or below;17748;17748;11;11;
2817738;species or below;17898;17898;11;11;
2834422;species or below;16419;16419;11;11;
2879287;species or below;17129;17129;11;11;
2676049;species or below;17916;17916;11;11;
85708;species or below;14435;14435;11;11;
2686039;species or below;16050;16050;11;11;
2736692;species or below;18294;18294;11;11;
3052120;species or below;16018;16018;11;11;
3052122;species or below;17849;17849;11;11;
2305270;species or below;18573;18573;11;11;
3052126;species or below;17604;17604;11;11;
3052128;species or below;16290;16290;11;11;
3052130;species or below;17758;17758;11;11;
3052131;species or below;16951;16951;11;11;
3052132;species or below;18344;18344;11;11;
3052133;species or below;15883;15883;11;11;
2598785;species or below;16340;16340;11;11;
2911954;species or below;15945;15945;11;11;
1954248;species or below;20836;20836;11;11;
1965018;species or below;20269;20269;11;11;
2656740;species or below;16447;16447;11;11;
2873951;species or below;15852;15852;11;11;
2873952;species or below;15999;15999;11;11;
2951256;species or below;16864;16864;11;11;
2951259;species or below;16299;16299;11;11;
2951260;species or below;15660;15660;11;11;
2951261;species or below;16511;16511;11;11;
742914;genus;5844;5844;1;1;
1987730;genus;648;648;1;1;
2714177;species or below;17332;17332;11;11;
2878088;species or below;33296;33296;21;21;
2879288;species or below;31262;31262;21;21;
2911956;species or below;16883;16883;11;11;
2914454;species or below;15436;15436;11;11;
2914455;species or below;16215;16215;11;11;
2914456;species or below;15807;15807;11;11;
2914457;species or below;16258;16258;11;11;
2914459;species or below;16366;16366;11;11;
2914460;species or below;20049;20049;11;11;
2914461;species or below;15901;15901;11;11;
2929287;species or below;16294;16294;11;11;
3017829;species or below;17709;17709;11;11;
3017830;species or below;16338;16338;11;11;
3017832;species or below;15290;15290;11;11;
3017833;species or below;15917;15917;11;11;
3017834;species or below;16099;16099;11;11;
3017835;species or below;15707;15707;11;11;
3017836;species or below;32448;32448;21;21;
1234879;species or below;15592;15592;11;11;
2560715;species or below;15924;15924;11;11;
2560714;species or below;15844;15844;11;11;
2604905;species or below;17040;17040;11;11;
2886402;species or below;15622;15622;11;11;
3017831;species or below;16023;16023;11;11;
2886406;species or below;16469;16469;11;11;
2911958;species or below;19496;19496;11;11;
2771212;species or below;19432;19432;11;11;
2886398;species or below;17219;17219;11;11;
2886401;species or below;17455;17455;11;11;
2886399;species or below;15081;15081;11;11;
2886400;species or below;16928;16928;11;11;
2886397;species or below;16768;16768;11;11;
2911957;species or below;16381;16381;11;11;
2946178;null;2820;2820;1;1;
2766568;species or below;17184;17184;11;11;
2714167;species or below;18820;18820;11;11;
1074214;species or below;54223;54223;31;31;
2766565;species or below;18303;18303;11;11;
2948881;genus;188;188;1;1;
2714165;species or below;17604;17604;11;11;
2714164;species or below;17393;17393;11;11;
2714166;species or below;17159;17159;11;11;
2766566;species or below;33716;33716;21;21;
2169574;null;664;664;1;1;
2169662;genus;38;38;1;1;
1932006;species or below;18227;18227;11;11;
2169663;genus;6630;6630;1;1;
2496631;genus;1998;1998;1;1;
2496634;species or below;195861;195861;101;101;
2604336;species or below;18639;18639;11;11;
2585076;species or below;18943;18943;11;11;
2720958;species or below;20410;20410;11;11;
2720962;species or below;17255;17255;11;11;
2720959;species or below;18985;18985;11;11;
2720966;species or below;18149;18149;11;11;
2720960;species or below;20059;20059;11;11;
2720961;species or below;19471;19471;11;11;
2530493;species or below;21328;21328;11;11;
1820159;species or below;20022;20022;11;11;
2496633;species or below;18050;18050;11;11;
2592416;species or below;18888;18888;11;11;
2592415;species or below;20354;20354;11;11;
2499229;species or below;19770;19770;11;11;
2499226;species or below;20266;20266;11;11;
2499225;species or below;20255;20255;11;11;
2499224;species or below;18657;18657;11;11;
2499233;species or below;21738;21738;11;11;
2499232;species or below;19297;19297;11;11;
2213167;species or below;64314;64314;31;31;
2715094;species or below;39836;39836;21;21;
2213168;species or below;42988;42988;21;21;
2592414;species or below;18264;18264;11;11;
2530494;species or below;19886;19886;11;11;
2219873;species or below;21241;21241;11;11;
2571082;species or below;19405;19405;11;11;
2800899;species or below;17422;17422;11;11;
2720907;species or below;17243;17243;11;11;
2766561;species or below;36883;36883;21;21;
2766562;species or below;15468;15468;11;11;
2766564;species or below;16119;16119;11;11;
2766563;species or below;20780;20780;11;11;
2956630;species or below;14718;14718;11;11;
2956631;species or below;15459;15459;11;11;
10811;null;4075;4075;1;1;
10812;genus;984;984;1;1;
10821;species or below;11336;11336;1;1;
268328;species or below;9336;9336;11;11;
10834;species or below;20196;20196;11;11;
603333;species or below;19931;19931;11;11;
1249648;species or below;20955;20955;11;11;
1868659;species or below;20965;20965;11;11;
2012856;species or below;19489;19489;11;11;
2025388;species or below;22871;22871;11;11;
2557970;species or below;19692;19692;11;11;
2588671;species or below;19110;19110;11;11;
2596881;species or below;19897;19897;11;11;
2596883;species or below;21088;21088;11;11;
10814;genus;432551;432725;1;1;
79236;species or below;39684;39684;21;21;
94700;species or below;15828;15828;11;11;
100755;species or below;6322;6322;11;11;
172394;species or below;15758;15758;11;11;
228897;species or below;28259;28259;21;21;
291027;genus;1460;1460;1;1;
2164174;species or below;10745;10745;11;11;
2558458;species or below;32842;32842;21;21;
2570215;species or below;7599;7599;11;11;
309390;species or below;10589;10589;11;11;
333968;species or below;19659;19659;11;11;
392761;species or below;13456;13456;11;11;
664980;species or below;13474;13474;11;11;
875324;species or below;13466;13466;11;11;
884610;species or below;8748;8748;11;11;
944994;species or below;13093;13093;11;11;
1046573;species or below;38946;38946;21;21;
1225069;species or below;17732;17732;11;11;
1264880;species or below;19534;19534;11;11;
1387160;species or below;20035;20035;11;11;
1774200;species or below;17878;17878;11;11;
1884873;species or below;36262;36262;21;21;
1884874;species or below;29387;29387;21;21;
1884875;species or below;33849;33849;21;21;
1939619;species or below;13424;13424;11;11;
1982675;species or below;19759;19759;11;11;
2004460;species or below;20758;20758;11;11;
2015441;species or below;35574;35574;21;21;
2030909;species or below;9737;9737;11;11;
2174902;species or below;33733;33733;21;21;
2174956;species or below;37128;37128;21;21;
2182585;species or below;14197;14197;11;11;
2282485;species or below;18938;18938;11;11;
2303151;species or below;14620;14620;11;11;
2303390;species or below;13769;13769;11;11;
2486070;species or below;39752;39752;21;21;
2496575;species or below;15516;15406;11;11;
2528965;species or below;31231;31231;21;21;
2547432;species or below;29111;29111;21;21;
2560285;species or below;31051;31051;21;21;
2560350;species or below;14819;14755;11;11;
876170;species or below;14943;14943;11;11;
2560380;species or below;11637;11637;11;11;
2560381;species or below;15565;15565;11;11;
1828512;species or below;10371;10371;11;11;
435487;species or below;14299;14299;11;11;
2560810;species or below;8416;8416;11;11;
2560811;species or below;8501;8501;11;11;
2560812;species or below;17063;17063;11;11;
2560813;species or below;12993;12993;11;11;
2015440;species or below;29294;29294;21;21;
2569569;species or below;37859;37859;21;21;
2571287;species or below;16550;16550;11;11;
2575594;species or below;18091;18091;11;11;
2593922;species or below;30060;30060;21;21;
2593923;species or below;27696;27696;21;21;
2603436;species or below;33616;33616;21;21;
2651594;species or below;34231;34231;21;21;
2664940;species or below;17211;17211;11;11;
2664941;species or below;18301;18301;11;11;
2664942;species or below;36801;36801;21;21;
2703869;species or below;37729;37729;21;21;
2704172;species or below;32842;32842;21;21;
2712833;species or below;38973;38973;21;21;
2712846;species or below;24582;24582;21;21;
2720886;species or below;38882;38882;21;21;
2740451;species or below;16660;16660;11;11;
2844014;species or below;33872;33872;21;21;
2596882;species or below;20177;20177;11;11;
1298631;genus;35;35;1;1;
2231646;species or below;20054;20054;11;11;
1631303;species or below;10577;10577;1;1;
1671380;species or below;11167;11167;11;11;
2022857;genus;240;240;1;1;
1853865;species or below;21196;21196;11;11;
2034995;genus;36;36;1;1;
2025352;species or below;22445;22445;11;11;
2738470;species or below;23986;23986;11;11;
2738469;species or below;22578;22578;11;11;
2706523;species or below;19918;19918;11;11;
2060142;species or below;20343;20343;11;11;
1910928;null;44720;44720;1;1;
1542744;genus;30040;30040;1;1;
1910929;genus;253;253;1;1;
1983771;species or below;56058;56058;31;31;
2016461;species or below;156708;156708;91;91;
2219116;species or below;18791;18791;11;11;
2219113;species or below;18052;18052;11;11;
2584393;species or below;17587;17587;11;11;
2586201;species or below;17708;17708;11;11;
2586206;species or below;18538;18538;11;11;
2586203;species or below;18649;18649;11;11;
2586208;species or below;19912;19912;11;11;
2586204;species or below;17866;17866;11;11;
2017710;species or below;17372;17372;11;11;
2705538;species or below;18543;18543;11;11;
2293302;species or below;17921;17921;11;11;
2230897;species or below;16422;16422;11;11;
2230898;species or below;15505;15505;11;11;
2230899;species or below;16381;16381;11;11;
2025477;species or below;19567;19567;11;11;
2584390;species or below;19837;19837;11;11;
2582878;species or below;18147;18147;11;11;
2582871;species or below;17047;17047;11;11;
2576457;species or below;18164;18164;11;11;
2576458;species or below;16948;16948;11;11;
2582936;species or below;17476;17476;11;11;
2025479;species or below;17341;17341;11;11;
2584392;species or below;19433;19433;11;11;
2584386;species or below;18126;18126;11;11;
2219124;species or below;16494;16494;11;11;
2219111;species or below;16570;16570;11;11;
2219114;species or below;16767;16767;11;11;
2219121;species or below;16282;16282;11;11;
2219127;species or below;18251;18251;11;11;
2219132;species or below;19170;19170;11;11;
2291613;species or below;15385;15385;11;11;
2518602;species or below;18848;18848;11;11;
2604906;species or below;18038;18038;11;11;
2739874;species or below;15922;15922;11;11;
2714170;species or below;19340;19340;11;11;
2584388;species or below;16702;16702;11;11;
2584382;species or below;16706;16706;11;11;
2584394;species or below;17377;17377;11;11;
2584384;species or below;18481;18481;11;11;
1941235;null;260;260;1;1;
2202565;species or below;815007;815007;451;451;
2586199;species or below;20070;20070;11;11;
1941236;genus;4220;4220;1;1;
2017709;species or below;19239;19239;11;11;
2077296;species or below;19343;19343;11;11;
2293278;species or below;19883;19883;11;11;
2584397;species or below;18451;18451;11;11;
2720949;species or below;18004;18004;11;11;
2720952;species or below;19485;19485;11;11;
2720945;species or below;18474;18474;11;11;
2576455;species or below;18931;18931;11;11;
2576454;species or below;17688;17688;11;11;
2576456;species or below;18262;18262;11;11;
2576453;species or below;18467;18467;11;11;
2576222;species or below;17185;17185;11;11;
2582943;species or below;17785;17785;11;11;
2582941;species or below;17506;17506;11;11;
2582939;species or below;17307;17307;11;11;
2584391;species or below;18955;18955;11;11;
2604910;species or below;18597;18597;11;11;
1941238;genus;2529;2529;1;1;
2705543;species or below;18661;18661;11;11;
2025478;species or below;18344;18344;11;11;
2293293;species or below;16902;16902;11;11;
2582892;species or below;16888;16888;11;11;
2582874;species or below;18515;18515;11;11;
2584401;species or below;18049;18049;11;11;
2219115;species or below;18999;18999;11;11;
2584403;species or below;18226;18226;11;11;
2739875;species or below;17866;17866;11;11;
1985365;genus;5400;5400;1;1;
2739880;species or below;16850;16850;11;11;
2586207;species or below;17801;17801;11;11;
2582942;species or below;18565;18565;11;11;
2582947;species or below;17884;17884;11;11;
2582944;species or below;19079;19079;11;11;
2584398;species or below;16758;16758;11;11;
2584399;species or below;18475;18475;11;11;
1985366;genus;1343;1343;1;1;
2582945;species or below;18379;18379;11;11;
2604907;species or below;17598;17598;11;11;
2584380;species or below;19050;19050;11;11;
1985367;genus;281;281;1;1;
2563838;species or below;18677;18677;11;11;
2720946;species or below;17042;17042;11;11;
2720942;species or below;19171;19171;11;11;
2720951;species or below;17615;17615;11;11;
2720941;species or below;18609;18609;11;11;
1985368;genus;3876;3876;1;1;
2576460;species or below;17526;17526;11;11;
2582937;species or below;16947;16947;11;11;
2584396;species or below;16269;16269;11;11;
2584395;species or below;15706;15706;11;11;
2739876;species or below;17429;17429;11;11;
2748378;species or below;34451;34451;21;21;
2929250;species or below;18593;18593;11;11;
2929252;species or below;15435;15435;11;11;
1911605;genus;67049;67049;9;9;
1879051;species or below;878;878;4;4;
1980140;species or below;12336;12336;10;10;
2126525;species or below;22458;22458;11;11;
2507576;species or below;11048;11048;11;11;
2507577;species or below;5922;5922;11;11;
2507578;species or below;9471;9471;11;11;
2847286;species or below;21946;21946;11;11;
1911606;genus;4606;4606;1;1;
2811386;species or below;19187;19187;11;11;
2732004;null;5811;5811;1;1;
2732523;null;21;21;1;1;
10501;null;18;18;1;1;
2565304;species or below;21335;21335;11;11;
549779;null;4;4;1;1;
3060017;species or below;21334;21334;11;11;
2024608;species or below;20540;20540;11;11;
3044648;null;870;870;1;1;
315393;genus;2626;2626;1;1;
212035;species or below;20155;20155;11;11;
2094720;genus;794;794;1;1;
2126984;species or below;21425;21425;11;11;
2126985;species or below;20870;20870;11;11;
2811091;species or below;22988;22988;11;11;
3044761;genus;5370;5370;1;1;
2496520;species or below;18277;18277;11;11;
1842663;species or below;19907;19907;11;11;
3080801;genus;1370;1370;1;1;
2109587;species or below;19515;19515;11;11;
1247379;species or below;22051;22051;11;11;
455367;species or below;22820;22820;11;11;
2060617;species or below;20183;20183;11;11;
1499987;species or below;22297;22297;11;11;
10486;null;20693;20693;8;8;
10492;genus;19970;19970;1;1;
2501771;species or below;4711;4711;11;11;
10494;genus;175;175;1;1;
2704413;species or below;23693;23693;11;11;
2039780;species or below;90;90;4;4;
2849721;species or below;21259;21259;11;11;
10241;null;293;293;1;1;
10242;genus;54092;54092;1;1;
10244;species or below;8110;8110;11;11;
10245;species or below;1815;1815;1;1;
397342;species or below;4574;4574;11;11;
2200830;species or below;11737;11737;11;11;
2478919;species or below;7109;7109;11;11;
2733295;genus;14564;14564;1;1;
2042482;species or below;14281;14281;11;11;
1566307;species or below;15432;15432;11;11;
109981;species or below;20584;20584;11;11;
2184034;null;1375;1375;1;1;
1881268;species or below;19795;19795;11;11;
1881303;species or below;21526;21526;11;11;
2842941;genus;117;117;1;1;
1881242;species or below;21470;21470;11;11;
1881450;species or below;22708;22708;11;11;
1881315;species or below;22852;22852;11;11;
2169670;genus;14939;14939;1;1;
1260286;species or below;15240;15240;11;11;
1260287;species or below;13576;13576;11;11;
2842639;genus;5519;5519;1;1;
2562185;species or below;16480;16480;11;11;
2500797;species or below;17914;17914;11;11;
1975614;species or below;21697;21697;11;11;
10508;null;19;19;1;1;
10509;genus;554;554;1;1;
346173;genus;9;9;1;1;
47901;species or below;20782;20782;11;11;
740971;species or below;21151;21151;11;11;
1967296;species or below;21453;21453;11;11;
2039267;species or below;21255;21255;11;11;
2601527;species or below;22456;22456;11;11;
3241439;species or below;22994;22994;11;11;
35265;species or below;21739;21739;11;11;
10552;genus;1017;1017;1;1;
190063;species or below;20891;20891;11;11;
318592;species or below;21796;21796;11;11;
2604330;species or below;21588;21588;11;11;
2729647;species or below;22657;22657;11;11;
129876;genus;1056;1056;1;1;
2499624;species or below;20653;20653;11;11;
2848040;species or below;21564;21564;11;11;
691958;species or below;1980;1980;1;1;
2580388;species or below;19694;19694;11;11;
2749458;species or below;20556;20556;11;11;
2983915;species or below;19126;19126;11;11;
3044462;null;156;156;1;1;
3071308;species or below;22226;22226;11;11;
3071310;species or below;22794;22794;11;11;
3071309;species or below;23115;23115;11;11;
2609858;species or below;20506;20506;11;11;
2597808;species or below;21682;21682;11;11;
2023716;species or below;22905;22905;11;11;
2739681;species or below;21769;21769;11;11;
2843153;genus;2670;2670;1;1;
2766528;species or below;19514;19514;11;11;
2766529;species or below;20567;20567;11;11;
2872567;species or below;17705;17705;11;11;
2508184;species or below;66407;66407;31;31;
2493123;species or below;20083;20083;11;11;
2304198;species or below;20010;20010;11;11;
2493124;species or below;19358;19358;11;11;
157897;null;29;29;1;1;
2842738;genus;1748;1748;1;1;
2730617;species or below;24087;24087;11;11;
2730618;species or below;18047;18047;11;11;
2730619;species or below;22304;22304;11;11;
2493121;species or below;22515;22515;11;11;
2022739;genus;12881;12881;1;1;
2730621;species or below;8356;8356;11;11;
2987731;species or below;22799;22799;11;11;
342409;species or below;20178;20178;9;9;
92652;species or below;51;51;3;3;
2840070;null;4;4;1;1;
10442;null;11;11;1;1;
558016;genus;14283;14283;1;1;
10454;species or below;18468;18468;11;11;
447897;species or below;21862;21862;11;11;
307466;species or below;20910;20910;11;11;
2594175;species or below;20278;20278;11;11;
2605775;species or below;22499;22499;11;11;
1207438;species or below;23465;23465;11;11;
1906244;species or below;21039;21039;11;11;
1070315;species or below;21621;21621;11;11;
1242863;species or below;20233;20233;11;11;
2913600;species or below;20113;20113;11;11;
2933796;species or below;18563;18563;11;11;
2863583;species or below;17434;17434;11;11;
2304025;species or below;21768;21768;11;11;
2315721;species or below;33056;33056;21;21;
558017;genus;26;26;1;1;
2760664;species or below;21910;21910;11;11;
307448;species or below;21289;21289;11;11;
1511853;genus;87;87;1;1;
2486603;species or below;19747;19747;11;11;
3052000;species or below;10826;10826;1;1;
29250;species or below;7413;7413;11;11;
2842693;genus;9;9;1;1;
2509616;species or below;20743;20743;11;11;
2880837;species or below;20869;20869;11;11;
2880838;species or below;23078;23078;11;11;
39759;genus;9447;9447;1;1;
12475;species or below;65052;65052;51;51;
2596899;species or below;14599;14599;11;11;
2596902;species or below;15197;15197;11;11;
2751480;species or below;15678;15678;11;11;
2847173;species or below;12859;12859;11;11;
2847174;species or below;14383;14383;11;11;
2847176;species or below;14345;14345;11;11;
2849697;species or below;16238;16238;11;11;
2849699;species or below;14968;14968;11;11;
3044467;null;250;250;1;1;
2986514;species or below;21963;21963;11;11;
3071307;species or below;21540;21540;11;11;
